ISO-10303-21;
HEADER;
/* Generated by software containing ST-Developer
 * from STEP Tools, Inc. (www.steptools.com) 
 */

FILE_DESCRIPTION(
/* description */ ('KiCad electronic assembly'),
/* implementation_level */ '2;1');

FILE_NAME(
/* name */ 'wafer_case_right.step',
/* time_stamp */ '2026-01-08T14:39:27+01:00',
/* author */ (''),
/* organization */ (''),
/* preprocessor_version */ 'ST-DEVELOPER v20.1',
/* originating_system */ 'Autodesk Translation Framework v14.21.0.0',
/* authorisation */ '');

FILE_SCHEMA (('AUTOMOTIVE_DESIGN { 1 0 10303 214 3 1 1 }','INTEGRATED_CNC_SCHEMA'));
ENDSEC;

DATA;
#10=MECHANICAL_DESIGN_GEOMETRIC_PRESENTATION_REPRESENTATION('',(#13),#12926);
#11=SHAPE_REPRESENTATION_RELATIONSHIP('SRR','None',#12933,#12);
#12=ADVANCED_BREP_SHAPE_REPRESENTATION('',(#14),#12925);
#13=STYLED_ITEM('',(#12943),#14);
#14=MANIFOLD_SOLID_BREP('K\X\F6rper2',#6197);
#15=TOROIDAL_SURFACE('',#6588,55.5999999999997,1.);
#16=TOROIDAL_SURFACE('',#6593,2.60000901479337,1.);
#17=TOROIDAL_SURFACE('',#6598,2.60007424876083,1.);
#18=TOROIDAL_SURFACE('',#6613,2.09999999999994,1.);
#19=TOROIDAL_SURFACE('',#6700,2.42,0.78);
#20=TOROIDAL_SURFACE('',#6704,2.42,0.78);
#21=TOROIDAL_SURFACE('',#6708,2.42,0.78);
#22=TOROIDAL_SURFACE('',#6716,3.8,0.6);
#23=SPHERICAL_SURFACE('',#6585,1.);
#24=(
BOUNDED_CURVE()
B_SPLINE_CURVE(2,(#10997,#10998,#10999),.UNSPECIFIED.,.F.,.F.)
B_SPLINE_CURVE_WITH_KNOTS((3,3),(2.75258508064031,2.82388994078649),
 .UNSPECIFIED.)
CURVE()
GEOMETRIC_REPRESENTATION_ITEM()
RATIONAL_B_SPLINE_CURVE((5.96874736132322,5.35665584718251,4.70951796019728))
REPRESENTATION_ITEM('')
);
#25=(
BOUNDED_CURVE()
B_SPLINE_CURVE(2,(#11011,#11012,#11013),.UNSPECIFIED.,.F.,.F.)
B_SPLINE_CURVE_WITH_KNOTS((3,3),(0.,0.053031748326419),.UNSPECIFIED.)
CURVE()
GEOMETRIC_REPRESENTATION_ITEM()
RATIONAL_B_SPLINE_CURVE((1.,1.03356446643069,1.04651945105388))
REPRESENTATION_ITEM('')
);
#26=(
BOUNDED_CURVE()
B_SPLINE_CURVE(2,(#11034,#11035,#11036),.UNSPECIFIED.,.F.,.F.)
B_SPLINE_CURVE_WITH_KNOTS((3,3),(0.32218591083008,0.362270619995587),
 .UNSPECIFIED.)
CURVE()
GEOMETRIC_REPRESENTATION_ITEM()
RATIONAL_B_SPLINE_CURVE((1.25839793499926,1.14527323661761,1.))
REPRESENTATION_ITEM('')
);
#27=(
BOUNDED_CURVE()
B_SPLINE_CURVE(2,(#11051,#11052,#11053,#11054),.UNSPECIFIED.,.F.,.F.)
B_SPLINE_CURVE_WITH_KNOTS((3,1,3),(0.464602270046591,0.499258629816451,
0.67842215030913),.UNSPECIFIED.)
CURVE()
GEOMETRIC_REPRESENTATION_ITEM()
RATIONAL_B_SPLINE_CURVE((4.61049594312395,4.71905551395828,5.36481326907499,
5.80183857324989))
REPRESENTATION_ITEM('')
);
#28=CYLINDRICAL_SURFACE('',#6258,1.95000000000001);
#29=CYLINDRICAL_SURFACE('',#6312,1.7996556363499);
#30=CYLINDRICAL_SURFACE('',#6315,1.79965563634841);
#31=CYLINDRICAL_SURFACE('',#6318,1.79965563634996);
#32=CYLINDRICAL_SURFACE('',#6321,1.7996556363493);
#33=CYLINDRICAL_SURFACE('',#6348,1.95);
#34=CYLINDRICAL_SURFACE('',#6357,1.99999999999999);
#35=CYLINDRICAL_SURFACE('',#6419,0.8115);
#36=CYLINDRICAL_SURFACE('',#6423,0.8115);
#37=CYLINDRICAL_SURFACE('',#6427,0.8115);
#38=CYLINDRICAL_SURFACE('',#6431,0.8115);
#39=CYLINDRICAL_SURFACE('',#6435,2.05);
#40=CYLINDRICAL_SURFACE('',#6438,2.05);
#41=CYLINDRICAL_SURFACE('',#6441,2.15);
#42=CYLINDRICAL_SURFACE('',#6449,2.15000000000001);
#43=CYLINDRICAL_SURFACE('',#6453,1.99999999999998);
#44=CYLINDRICAL_SURFACE('',#6457,1.99999999999998);
#45=CYLINDRICAL_SURFACE('',#6463,233.2);
#46=CYLINDRICAL_SURFACE('',#6464,234.2);
#47=CYLINDRICAL_SURFACE('',#6469,119.57670936989);
#48=CYLINDRICAL_SURFACE('',#6471,0.8115);
#49=CYLINDRICAL_SURFACE('',#6478,0.8115);
#50=CYLINDRICAL_SURFACE('',#6482,1.95000000000001);
#51=CYLINDRICAL_SURFACE('',#6486,2.3999771577706);
#52=CYLINDRICAL_SURFACE('',#6488,2.40005486468514);
#53=CYLINDRICAL_SURFACE('',#6491,2.40000442636833);
#54=CYLINDRICAL_SURFACE('',#6493,2.40002240575253);
#55=CYLINDRICAL_SURFACE('',#6497,1.79965563634901);
#56=CYLINDRICAL_SURFACE('',#6500,1.79965563634994);
#57=CYLINDRICAL_SURFACE('',#6502,1.53499999999999);
#58=CYLINDRICAL_SURFACE('',#6507,1.95);
#59=CYLINDRICAL_SURFACE('',#6510,2.39994900559742);
#60=CYLINDRICAL_SURFACE('',#6512,1.59934536782406);
#61=CYLINDRICAL_SURFACE('',#6514,2.40594381079582);
#62=CYLINDRICAL_SURFACE('',#6516,1.600112197071);
#63=CYLINDRICAL_SURFACE('',#6518,2.40016529247543);
#64=CYLINDRICAL_SURFACE('',#6520,1.599907588047);
#65=CYLINDRICAL_SURFACE('',#6523,1.2);
#66=CYLINDRICAL_SURFACE('',#6526,1.53500000000001);
#67=CYLINDRICAL_SURFACE('',#6530,54.5999999999997);
#68=CYLINDRICAL_SURFACE('',#6534,0.400112197070994);
#69=CYLINDRICAL_SURFACE('',#6537,3.60016529175154);
#70=CYLINDRICAL_SURFACE('',#6538,1.09999999999994);
#71=CYLINDRICAL_SURFACE('',#6541,3.60007424876083);
#72=CYLINDRICAL_SURFACE('',#6544,3.60000901479337);
#73=CYLINDRICAL_SURFACE('',#6548,3.5999489980277);
#74=CYLINDRICAL_SURFACE('',#6550,0.799345367824066);
#75=CYLINDRICAL_SURFACE('',#6553,3.60594381079585);
#76=CYLINDRICAL_SURFACE('',#6556,0.999999999999996);
#77=CYLINDRICAL_SURFACE('',#6559,0.999999999999996);
#78=CYLINDRICAL_SURFACE('',#6562,1.53499999999998);
#79=CYLINDRICAL_SURFACE('',#6566,1.53499999999999);
#80=CYLINDRICAL_SURFACE('',#6569,0.5);
#81=CYLINDRICAL_SURFACE('',#6571,3.60000442636831);
#82=CYLINDRICAL_SURFACE('',#6574,0.5);
#83=CYLINDRICAL_SURFACE('',#6576,3.60005486468514);
#84=CYLINDRICAL_SURFACE('',#6579,3.59997715776275);
#85=CYLINDRICAL_SURFACE('',#6580,1.);
#86=CYLINDRICAL_SURFACE('',#6583,0.399907588046984);
#87=CYLINDRICAL_SURFACE('',#6591,1.);
#88=CYLINDRICAL_SURFACE('',#6596,1.);
#89=CYLINDRICAL_SURFACE('',#6601,1.);
#90=CYLINDRICAL_SURFACE('',#6603,1.);
#91=CYLINDRICAL_SURFACE('',#6607,1.);
#92=CYLINDRICAL_SURFACE('',#6611,1.);
#93=CYLINDRICAL_SURFACE('',#6617,1.);
#94=CYLINDRICAL_SURFACE('',#6621,1.);
#95=CYLINDRICAL_SURFACE('',#6624,1.);
#96=CYLINDRICAL_SURFACE('',#6627,1.);
#97=CYLINDRICAL_SURFACE('',#6630,1.);
#98=CYLINDRICAL_SURFACE('',#6633,1.);
#99=CYLINDRICAL_SURFACE('',#6634,1.);
#100=CYLINDRICAL_SURFACE('',#6635,1.19999999999999);
#101=CYLINDRICAL_SURFACE('',#6650,1.);
#102=CYLINDRICAL_SURFACE('',#6668,1.79965563634982);
#103=CYLINDRICAL_SURFACE('',#6671,1.79965563634924);
#104=CYLINDRICAL_SURFACE('',#6674,2.30000000000001);
#105=CYLINDRICAL_SURFACE('',#6676,2.40007424892679);
#106=CYLINDRICAL_SURFACE('',#6678,2.40000901479462);
#107=CYLINDRICAL_SURFACE('',#6680,55.8);
#108=CYLINDRICAL_SURFACE('',#6682,3.60002240573778);
#109=CYLINDRICAL_SURFACE('',#6691,3.2);
#110=CYLINDRICAL_SURFACE('',#6694,3.2);
#111=CYLINDRICAL_SURFACE('',#6698,3.2);
#112=CYLINDRICAL_SURFACE('',#6702,0.78);
#113=CYLINDRICAL_SURFACE('',#6706,0.78);
#114=CYLINDRICAL_SURFACE('',#6709,1.);
#115=CYLINDRICAL_SURFACE('',#6720,0.6);
#116=CYLINDRICAL_SURFACE('',#6722,2.33303027798235);
#117=CYLINDRICAL_SURFACE('',#6724,2.33303027798232);
#118=CYLINDRICAL_SURFACE('',#6727,2.33303027798238);
#119=CYLINDRICAL_SURFACE('',#6729,0.6);
#120=CYLINDRICAL_SURFACE('',#6732,119.57670936989);
#121=CYLINDRICAL_SURFACE('',#6735,235.4);
#122=CYLINDRICAL_SURFACE('',#6737,118.37670936989);
#123=CONICAL_SURFACE('',#6252,1.80554693696804,0.0192218499812234);
#124=CONICAL_SURFACE('',#6396,1.78500000000052,0.785398163680054);
#125=CONICAL_SURFACE('',#6400,1.78499999999949,0.785398163721038);
#126=CONICAL_SURFACE('',#6408,1.45000000000037,0.78539816377682);
#127=CONICAL_SURFACE('',#6412,1.44999999999962,0.785398163789427);
#128=CONICAL_SURFACE('',#6639,1.4500000000008,0.785398163357965);
#129=CONICAL_SURFACE('',#6642,1.25000000000075,0.785398163356988);
#130=CONICAL_SURFACE('',#6645,1.24999999999924,0.785398163373845);
#131=CONICAL_SURFACE('',#6648,1.44999999999919,0.785398163372639);
#132=CONICAL_SURFACE('',#6656,1.78500000000082,0.785398163261341);
#133=CONICAL_SURFACE('',#6658,1.78500000000065,0.785398163262569);
#134=CONICAL_SURFACE('',#6660,1.78499999999933,0.785398163304235);
#135=CONICAL_SURFACE('',#6662,1.78499999999917,0.785398163304214);
#136=(
BOUNDED_SURFACE()
B_SPLINE_SURFACE(2,1,((#9604,#9605),(#9606,#9607),(#9608,#9609)),
 .UNSPECIFIED.,.F.,.F.,.F.)
B_SPLINE_SURFACE_WITH_KNOTS((3,3),(2,2),(-2.97951615575342,-2.05074448974669),
(0.,0.36000000000251),.UNSPECIFIED.)
GEOMETRIC_REPRESENTATION_ITEM()
RATIONAL_B_SPLINE_SURFACE(((1.,1.),(0.89409680349936,0.89409680349936),
(1.,1.)))
REPRESENTATION_ITEM('')
SURFACE()
);
#137=(
BOUNDED_SURFACE()
B_SPLINE_SURFACE(2,1,((#9697,#9698),(#9699,#9700),(#9701,#9702),(#9703,
#9704),(#9705,#9706)),.UNSPECIFIED.,.F.,.F.,.F.)
B_SPLINE_SURFACE_WITH_KNOTS((3,2,3),(2,2),(2.04504898516479,3.14159265358974,
4.23813632201368),(0.,0.360000000000003),.UNSPECIFIED.)
GEOMETRIC_REPRESENTATION_ITEM()
RATIONAL_B_SPLINE_SURFACE(((1.,1.),(0.853426538740412,0.853426538740412),
(1.,1.),(0.853426538740412,0.853426538740412),(1.,1.)))
REPRESENTATION_ITEM('')
SURFACE()
);
#138=(
BOUNDED_SURFACE()
B_SPLINE_SURFACE(2,2,((#12588,#12589,#12590,#12591,#12592),(#12593,#12594,
#12595,#12596,#12597),(#12598,#12599,#12600,#12601,#12602)),
 .UNSPECIFIED.,.F.,.F.,.F.)
B_SPLINE_SURFACE_WITH_KNOTS((3,3),(3,2,3),(4.24273290671741E-12,1.5707963268014),
(-0.000232171238255935,0.785278032373836,1.57078823598593),
 .UNSPECIFIED.)
GEOMETRIC_REPRESENTATION_ITEM()
RATIONAL_B_SPLINE_SURFACE(((1.,0.923858093094663,1.,0.923858093094663,1.),
(0.707106781185755,0.653266322480577,0.707106781185755,0.653266322480577,
0.707106781185755),(1.,0.923858093094663,1.,0.923858093094663,1.)))
REPRESENTATION_ITEM('')
SURFACE()
);
#139=B_SPLINE_SURFACE_WITH_KNOTS('',3,1,((#9579,#9580),(#9581,#9582),(#9583,
#9584),(#9585,#9586)),.UNSPECIFIED.,.F.,.F.,.F.,(4,4),(2,2),(0.136908264514915,
1.11603393350387),(0.,0.360000000000001),.UNSPECIFIED.);
#140=B_SPLINE_SURFACE_WITH_KNOTS('',3,1,((#9590,#9591),(#9592,#9593),(#9594,
#9595),(#9596,#9597)),.UNSPECIFIED.,.F.,.F.,.F.,(4,4),(2,2),(0.136908264514915,
1.11603393350387),(0.,0.360000000000001),.UNSPECIFIED.);
#141=B_SPLINE_SURFACE_WITH_KNOTS('',3,3,((#9630,#9631,#9632,#9633),(#9634,
#9635,#9636,#9637),(#9638,#9639,#9640,#9641),(#9642,#9643,#9644,#9645)),
 .UNSPECIFIED.,.F.,.F.,.F.,(4,4),(4,4),(-1.57079632679443,-1.09222623342412),
(0.,0.286817094524456),.UNSPECIFIED.);
#142=B_SPLINE_SURFACE_WITH_KNOTS('',3,3,((#10209,#10210,#10211,#10212),
(#10213,#10214,#10215,#10216),(#10217,#10218,#10219,#10220),(#10221,#10222,
#10223,#10224),(#10225,#10226,#10227,#10228)),.UNSPECIFIED.,.F.,.F.,.F.,
(4,1,4),(4,4),(0.,0.571428571428571,1.),(-0.00317485660307181,0.222643956090081),
 .UNSPECIFIED.);
#143=B_SPLINE_SURFACE_WITH_KNOTS('',3,3,((#10237,#10238,#10239,#10240),
(#10241,#10242,#10243,#10244),(#10245,#10246,#10247,#10248),(#10249,#10250,
#10251,#10252),(#10253,#10254,#10255,#10256)),.UNSPECIFIED.,.F.,.F.,.F.,
(4,1,4),(4,4),(-1.57079632679494,-0.982663012285411,-0.198485259606042),
(0.,0.221494970998213),.UNSPECIFIED.);
#144=B_SPLINE_SURFACE_WITH_KNOTS('',3,3,((#10258,#10259,#10260,#10261),
(#10262,#10263,#10264,#10265),(#10266,#10267,#10268,#10269),(#10270,#10271,
#10272,#10273),(#10274,#10275,#10276,#10277)),.UNSPECIFIED.,.F.,.F.,.F.,
(4,1,4),(4,4),(0.,0.571428571428571,1.),(-0.00317249963125599,0.256274524727433),
 .UNSPECIFIED.);
#145=B_SPLINE_SURFACE_WITH_KNOTS('',3,3,((#10287,#10288,#10289,#10290),
(#10291,#10292,#10293,#10294),(#10295,#10296,#10297,#10298),(#10299,#10300,
#10301,#10302),(#10303,#10304,#10305,#10306)),.UNSPECIFIED.,.F.,.F.,.F.,
(4,1,4),(4,4),(0.,0.571428571428571,1.),(0.0034626180528691,0.226981423013446),
 .UNSPECIFIED.);
#146=B_SPLINE_SURFACE_WITH_KNOTS('',3,3,((#10315,#10316,#10317,#10318),
(#10319,#10320,#10321,#10322),(#10323,#10324,#10325,#10326),(#10327,#10328,
#10329,#10330),(#10331,#10332,#10333,#10334)),.UNSPECIFIED.,.F.,.F.,.F.,
(4,1,4),(4,4),(-1.57079632679485,-0.982663012285327,-0.198485259605962),
(0.,0.225907576169862),.UNSPECIFIED.);
#147=B_SPLINE_SURFACE_WITH_KNOTS('',3,3,((#10336,#10337,#10338,#10339),
(#10340,#10341,#10342,#10343),(#10344,#10345,#10346,#10347),(#10348,#10349,
#10350,#10351),(#10352,#10353,#10354,#10355)),.UNSPECIFIED.,.F.,.F.,.F.,
(4,1,4),(4,4),(0.,0.571428571428571,1.),(0.00347366198226117,0.260599590162792),
 .UNSPECIFIED.);
#148=B_SPLINE_SURFACE_WITH_KNOTS('',3,3,((#10428,#10429,#10430,#10431),
(#10432,#10433,#10434,#10435),(#10436,#10437,#10438,#10439),(#10440,#10441,
#10442,#10443),(#10444,#10445,#10446,#10447)),.UNSPECIFIED.,.F.,.F.,.F.,
(4,1,4),(4,4),(-0.0872664625984865,0.585931963170785,1.48352986419648),
(0.,0.149683090453077),.UNSPECIFIED.);
#149=B_SPLINE_SURFACE_WITH_KNOTS('',3,3,((#10452,#10453,#10454,#10455),
(#10456,#10457,#10458,#10459),(#10460,#10461,#10462,#10463),(#10464,#10465,
#10466,#10467),(#10468,#10469,#10470,#10471)),.UNSPECIFIED.,.F.,.F.,.F.,
(4,1,4),(4,4),(-1.65806278939333,-0.760464888367648,-0.0872664625983832),
(0.,0.179133894376594),.UNSPECIFIED.);
#150=B_SPLINE_SURFACE_WITH_KNOTS('',3,3,((#10476,#10477,#10478,#10479),
(#10480,#10481,#10482,#10483),(#10484,#10485,#10486,#10487),(#10488,#10489,
#10490,#10491),(#10492,#10493,#10494,#10495)),.UNSPECIFIED.,.F.,.F.,.F.,
(4,1,4),(4,4),(-1.83259571459324,-1.15939728882383,-0.261799387797958),
(0.,0.131972282621676),.UNSPECIFIED.);
#151=B_SPLINE_SURFACE_WITH_KNOTS('',3,3,((#10499,#10500,#10501,#10502),
(#10503,#10504,#10505,#10506),(#10507,#10508,#10509,#10510),(#10511,#10512,
#10513,#10514),(#10515,#10516,#10517,#10518)),.UNSPECIFIED.,.F.,.F.,.F.,
(4,1,4),(4,4),(-0.261799387798101,0.635798513227398,1.30899693899652),(0.,
0.159445079429029),.UNSPECIFIED.);
#152=B_SPLINE_SURFACE_WITH_KNOTS('',3,3,((#10519,#10520,#10521,#10522),
(#10523,#10524,#10525,#10526),(#10527,#10528,#10529,#10530),(#10531,#10532,
#10533,#10534),(#10535,#10536,#10537,#10538)),.UNSPECIFIED.,.F.,.F.,.F.,
(4,1,4),(4,4),(-1.57079632679488,-0.982662888434296,-0.198484970620189),
(0.,0.255113930719172),.UNSPECIFIED.);
#153=B_SPLINE_SURFACE_WITH_KNOTS('',3,3,((#10544,#10545,#10546,#10547),
(#10548,#10549,#10550,#10551),(#10552,#10553,#10554,#10555),(#10556,#10557,
#10558,#10559),(#10560,#10561,#10562,#10563)),.UNSPECIFIED.,.F.,.F.,.F.,
(4,1,4),(4,4),(-1.57079632679485,-0.89759790102563,0.),(0.,0.192299666050899),
 .UNSPECIFIED.);
#154=B_SPLINE_SURFACE_WITH_KNOTS('',3,3,((#10568,#10569,#10570,#10571),
(#10572,#10573,#10574,#10575),(#10576,#10577,#10578,#10579),(#10580,#10581,
#10582,#10583),(#10584,#10585,#10586,#10587)),.UNSPECIFIED.,.F.,.F.,.F.,
(4,1,4),(4,4),(-1.65806278939331,-0.984864363624282,-0.0872664625989146),
(0.,0.158396505982584),.UNSPECIFIED.);
#155=B_SPLINE_SURFACE_WITH_KNOTS('',3,3,((#10591,#10592,#10593,#10594),
(#10595,#10596,#10597,#10598),(#10599,#10600,#10601,#10602),(#10603,#10604,
#10605,#10606),(#10607,#10608,#10609,#10610)),.UNSPECIFIED.,.F.,.F.,.F.,
(4,1,4),(4,4),(-0.0872664625982246,0.585931963171009,1.48352986419665),
(0.,0.187258623004422),.UNSPECIFIED.);
#156=B_SPLINE_SURFACE_WITH_KNOTS('',3,3,((#10615,#10616,#10617,#10618),
(#10619,#10620,#10621,#10622),(#10623,#10624,#10625,#10626),(#10627,#10628,
#10629,#10630),(#10631,#10632,#10633,#10634)),.UNSPECIFIED.,.F.,.F.,.F.,
(4,1,4),(4,4),(-1.83259571459334,-0.934997813567653,-0.26179938779839),
(0.,0.135251649881854),.UNSPECIFIED.);
#157=B_SPLINE_SURFACE_WITH_KNOTS('',3,3,((#10638,#10639,#10640,#10641),
(#10642,#10643,#10644,#10645),(#10646,#10647,#10648,#10649),(#10650,#10651,
#10652,#10653),(#10654,#10655,#10656,#10657)),.UNSPECIFIED.,.F.,.F.,.F.,
(4,1,4),(4,4),(-0.261799387798225,0.411399037970975,1.30899693899657),(0.,
0.106103464293026),.UNSPECIFIED.);
#158=B_SPLINE_SURFACE_WITH_KNOTS('',3,3,((#10662,#10663,#10664,#10665),
(#10666,#10667,#10668,#10669),(#10670,#10671,#10672,#10673),(#10674,#10675,
#10676,#10677),(#10678,#10679,#10680,#10681)),.UNSPECIFIED.,.F.,.F.,.F.,
(4,1,4),(4,4),(-3.14159265358979,-2.24399475256413,-1.57079632679488),(0.,
0.192299666050963),.UNSPECIFIED.);
#159=B_SPLINE_SURFACE_WITH_KNOTS('',3,3,((#10682,#10683,#10684,#10685),
(#10686,#10687,#10688,#10689),(#10690,#10691,#10692,#10693),(#10694,#10695,
#10696,#10697),(#10698,#10699,#10700,#10701)),.UNSPECIFIED.,.F.,.F.,.F.,
(4,1,4),(4,4),(-3.14159265358979,-2.46839422782039,-1.57079632679452),(0.,
0.288812045538205),.UNSPECIFIED.);
#160=B_SPLINE_SURFACE_WITH_KNOTS('',3,3,((#10705,#10706,#10707,#10708),
(#10709,#10710,#10711,#10712),(#10713,#10714,#10715,#10716),(#10717,#10718,
#10719,#10720),(#10721,#10722,#10723,#10724)),.UNSPECIFIED.,.F.,.F.,.F.,
(4,1,4),(4,4),(-1.57079632679489,-0.982663012285359,-0.198485259605986),
(0.,0.259515486288845),.UNSPECIFIED.);
#161=B_SPLINE_SURFACE_WITH_KNOTS('',3,3,((#10728,#10729,#10730,#10731),
(#10732,#10733,#10734,#10735),(#10736,#10737,#10738,#10739),(#10740,#10741,
#10742,#10743),(#10744,#10745,#10746,#10747)),.UNSPECIFIED.,.F.,.F.,.F.,
(4,1,4),(4,4),(-3.14159265358979,-2.24399475256412,-1.57079632679486),(0.,
0.229748480183502),.UNSPECIFIED.);
#162=B_SPLINE_SURFACE_WITH_KNOTS('',3,3,((#10751,#10752,#10753,#10754),
(#10755,#10756,#10757,#10758),(#10759,#10760,#10761,#10762),(#10763,#10764,
#10765,#10766),(#10767,#10768,#10769,#10770)),.UNSPECIFIED.,.F.,.F.,.F.,
(4,1,4),(4,4),(-1.57079632679475,-0.897597901025573,0.),(0.,0.229748480183452),
 .UNSPECIFIED.);
#163=B_SPLINE_SURFACE_WITH_KNOTS('',3,3,((#10774,#10775,#10776,#10777),
(#10778,#10779,#10780,#10781),(#10782,#10783,#10784,#10785),(#10786,#10787,
#10788,#10789),(#10790,#10791,#10792,#10793)),.UNSPECIFIED.,.F.,.F.,.F.,
(4,1,4),(4,4),(-3.14159265358979,-2.46839422782054,-1.57079632679488),(0.,
0.259034060954902),.UNSPECIFIED.);
#164=B_SPLINE_SURFACE_WITH_KNOTS('',3,3,((#10797,#10798,#10799,#10800),
(#10801,#10802,#10803,#10804),(#10805,#10806,#10807,#10808),(#10809,#10810,
#10811,#10812),(#10813,#10814,#10815,#10816)),.UNSPECIFIED.,.F.,.F.,.F.,
(4,1,4),(4,4),(-1.57079632679491,-0.897597901025665,0.),(0.,0.259034060954945),
 .UNSPECIFIED.);
#165=B_SPLINE_SURFACE_WITH_KNOTS('',3,3,((#11218,#11219,#11220,#11221),
(#11222,#11223,#11224,#11225),(#11226,#11227,#11228,#11229),(#11230,#11231,
#11232,#11233)),.UNSPECIFIED.,.F.,.F.,.F.,(4,4),(4,4),(0.,1.),(0.,0.142321532618416),
 .UNSPECIFIED.);
#166=B_SPLINE_SURFACE_WITH_KNOTS('',3,3,((#11811,#11812,#11813,#11814,#11815),
(#11816,#11817,#11818,#11819,#11820),(#11821,#11822,#11823,#11824,#11825),
(#11826,#11827,#11828,#11829,#11830),(#11831,#11832,#11833,#11834,#11835)),
 .UNSPECIFIED.,.F.,.F.,.F.,(4,1,4),(4,1,4),(0.,0.571428571428571,1.00204077030814),
(-1.57283937084053,-1.03371336070524,-0.315555908546723),.UNSPECIFIED.);
#167=B_SPLINE_SURFACE_WITH_KNOTS('',3,3,((#11839,#11840,#11841,#11842,#11843),
(#11844,#11845,#11846,#11847,#11848),(#11849,#11850,#11851,#11852,#11853),
(#11854,#11855,#11856,#11857,#11858),(#11859,#11860,#11861,#11862,#11863)),
 .UNSPECIFIED.,.F.,.F.,.F.,(4,1,4),(4,1,4),(-2.67768211225602E-5,0.571428571428571,
1.00204025519541),(0.312051111227416,0.852672073920305,1.57281993911235),
 .UNSPECIFIED.);
#168=B_SPLINE_SURFACE_WITH_KNOTS('',3,3,((#11865,#11866,#11867,#11868,#11869),
(#11870,#11871,#11872,#11873,#11874),(#11875,#11876,#11877,#11878,#11879),
(#11880,#11881,#11882,#11883,#11884),(#11885,#11886,#11887,#11888,#11889)),
 .UNSPECIFIED.,.F.,.F.,.F.,(4,1,4),(4,1,4),(0.,0.571428571428571,1.),(0.314091366422763,
0.94244384660873,1.5707963267947),.UNSPECIFIED.);
#169=B_SPLINE_SURFACE_WITH_KNOTS('',3,3,((#11893,#11894,#11895,#11896,#11897),
(#11898,#11899,#11900,#11901,#11902),(#11903,#11904,#11905,#11906,#11907),
(#11908,#11909,#11910,#11911,#11912),(#11913,#11914,#11915,#11916,#11917)),
 .UNSPECIFIED.,.F.,.F.,.F.,(4,1,4),(4,1,4),(-2.69277202626556E-5,0.571428571428571,
1.00204457389432),(0.312037854108881,0.852673380314291,1.57283922395672),
 .UNSPECIFIED.);
#170=B_SPLINE_SURFACE_WITH_KNOTS('',3,3,((#11919,#11920,#11921,#11922,#11923),
(#11924,#11925,#11926,#11927,#11928),(#11929,#11930,#11931,#11932,#11933),
(#11934,#11935,#11936,#11937,#11938),(#11939,#11940,#11941,#11942,#11943)),
 .UNSPECIFIED.,.F.,.F.,.F.,(4,1,4),(4,1,4),(0.,0.571428571428571,1.),(0.314082428003198,
0.942439377399,1.5707963267948),.UNSPECIFIED.);
#171=B_SPLINE_SURFACE_WITH_KNOTS('',3,3,((#11964,#11965,#11966,#11967),
(#11968,#11969,#11970,#11971),(#11972,#11973,#11974,#11975),(#11976,#11977,
#11978,#11979),(#11980,#11981,#11982,#11983)),.UNSPECIFIED.,.F.,.F.,.F.,
(4,1,4),(4,4),(0.,0.571428571428571,1.),(-1.38453622910183,-1.30371128878369),
 .UNSPECIFIED.);
#172=B_SPLINE_SURFACE_WITH_KNOTS('',3,3,((#11985,#11986,#11987,#11988),
(#11989,#11990,#11991,#11992),(#11993,#11994,#11995,#11996),(#11997,#11998,
#11999,#12000),(#12001,#12002,#12003,#12004)),.UNSPECIFIED.,.F.,.F.,.F.,
(4,1,4),(4,4),(0.,0.571428571428571,1.),(-1.63584243142743,-1.38453622910181),
 .UNSPECIFIED.);
#173=B_SPLINE_SURFACE_WITH_KNOTS('',3,3,((#12038,#12039,#12040,#12041,#12042),
(#12043,#12044,#12045,#12046,#12047),(#12048,#12049,#12050,#12051,#12052),
(#12053,#12054,#12055,#12056,#12057),(#12058,#12059,#12060,#12061,#12062)),
 .UNSPECIFIED.,.F.,.F.,.F.,(4,1,4),(4,1,4),(-1.08237570032726E-5,0.571428571428571,
1.00372569914517),(-0.00365515113401935,0.673248450515386,1.57463875690839),
 .UNSPECIFIED.);
#174=B_SPLINE_SURFACE_WITH_KNOTS('',3,3,((#12066,#12067,#12068,#12069),
(#12070,#12071,#12072,#12073),(#12074,#12075,#12076,#12077),(#12078,#12079,
#12080,#12081),(#12082,#12083,#12084,#12085)),.UNSPECIFIED.,.F.,.F.,.F.,
(4,1,4),(4,4),(0.,0.571428571428571,1.),(-0.262079096417323,1.05015995899294E-12),
 .UNSPECIFIED.);
#175=B_SPLINE_SURFACE_WITH_KNOTS('',3,3,((#12097,#12098,#12099,#12100,#12101),
(#12102,#12103,#12104,#12105,#12106),(#12107,#12108,#12109,#12110,#12111),
(#12112,#12113,#12114,#12115,#12116),(#12117,#12118,#12119,#12120,#12121)),
 .UNSPECIFIED.,.F.,.F.,.F.,(4,1,4),(4,1,4),(-1.84196579469029E-5,0.571428571428571,
1.00044132747137),(-0.00124568200921424,0.560505319257498,1.30935954512266),
 .UNSPECIFIED.);
#176=B_SPLINE_SURFACE_WITH_KNOTS('',3,3,((#12125,#12126,#12127,#12128,#12129),
(#12130,#12131,#12132,#12133,#12134),(#12135,#12136,#12137,#12138,#12139),
(#12140,#12141,#12142,#12143,#12144),(#12145,#12146,#12147,#12148,#12149)),
 .UNSPECIFIED.,.F.,.F.,.F.,(4,1,4),(4,1,4),(-7.23828770781832E-6,0.571428571428571,
1.00374405947902),(-1.57449400362703,-0.897259020469354,0.00451020398949121),
 .UNSPECIFIED.);
#177=B_SPLINE_SURFACE_WITH_KNOTS('',3,3,((#12153,#12154,#12155,#12156,#12157),
(#12158,#12159,#12160,#12161,#12162),(#12163,#12164,#12165,#12166,#12167),
(#12168,#12169,#12170,#12171,#12172),(#12173,#12174,#12175,#12176,#12177)),
 .UNSPECIFIED.,.F.,.F.,.F.,(4,1,4),(4,1,4),(0.,0.571428571428571,1.00056467653089),
(0.173860521362105,0.772813893515733,1.57135985289781),.UNSPECIFIED.);
#178=B_SPLINE_SURFACE_WITH_KNOTS('',3,3,((#12180,#12181,#12182,#12183,#12184),
(#12185,#12186,#12187,#12188,#12189),(#12190,#12191,#12192,#12193,#12194),
(#12195,#12196,#12197,#12198,#12199),(#12200,#12201,#12202,#12203,#12204)),
 .UNSPECIFIED.,.F.,.F.,.F.,(4,1,4),(4,1,4),(-2.96734972974135E-5,0.571428571428571,
1.00530908145922),(-1.31807075564652,-0.402880731057915,0.284839057748385),
 .UNSPECIFIED.);
#179=B_SPLINE_SURFACE_WITH_KNOTS('',3,3,((#12241,#12242,#12243,#12244),
(#12245,#12246,#12247,#12248),(#12249,#12250,#12251,#12252),(#12253,#12254,
#12255,#12256)),.UNSPECIFIED.,.F.,.F.,.F.,(4,4),(4,4),(0.,1.),(-0.927295218000269,
-0.562536244543211),.UNSPECIFIED.);
#180=B_SPLINE_SURFACE_WITH_KNOTS('',3,3,((#12275,#12276,#12277,#12278),
(#12279,#12280,#12281,#12282),(#12283,#12284,#12285,#12286),(#12287,#12288,
#12289,#12290)),.UNSPECIFIED.,.F.,.F.,.F.,(4,4),(4,4),(0.,1.),(0.56253624454448,
0.927295218002956),.UNSPECIFIED.);
#181=B_SPLINE_SURFACE_WITH_KNOTS('',3,3,((#12299,#12300,#12301,#12302,#12303,
#12304),(#12305,#12306,#12307,#12308,#12309,#12310),(#12311,#12312,#12313,
#12314,#12315,#12316),(#12317,#12318,#12319,#12320,#12321,#12322)),
 .UNSPECIFIED.,.F.,.F.,.F.,(4,4),(4,2,4),(-0.000541625597714178,1.00163464775772),
(-0.00163464775788191,0.0487316373557383,0.0645457520513538),
 .UNSPECIFIED.);
#182=B_SPLINE_SURFACE_WITH_KNOTS('',3,3,((#12340,#12341,#12342,#12343,#12344,
#12345),(#12346,#12347,#12348,#12349,#12350,#12351),(#12352,#12353,#12354,
#12355,#12356,#12357),(#12358,#12359,#12360,#12361,#12362,#12363)),
 .UNSPECIFIED.,.F.,.F.,.F.,(4,4),(4,2,4),(-0.000541623885656358,1.00163464903269),
(-0.0645457533262994,-0.0487316373557318,0.0016346490325338),
 .UNSPECIFIED.);
#183=B_SPLINE_SURFACE_WITH_KNOTS('',3,3,((#12458,#12459,#12460,#12461),
(#12462,#12463,#12464,#12465),(#12466,#12467,#12468,#12469),(#12470,#12471,
#12472,#12473)),.UNSPECIFIED.,.F.,.F.,.F.,(4,4),(4,4),(0.,1.),(-1.37276618273671,
-0.832413064100607),.UNSPECIFIED.);
#184=B_SPLINE_SURFACE_WITH_KNOTS('',3,3,((#12481,#12482,#12483,#12484),
(#12485,#12486,#12487,#12488),(#12489,#12490,#12491,#12492),(#12493,#12494,
#12495,#12496)),.UNSPECIFIED.,.F.,.F.,.F.,(4,4),(4,4),(0.,1.),(-0.738383262693686,
-0.198030144057101),.UNSPECIFIED.);
#185=B_SPLINE_SURFACE_WITH_KNOTS('',3,3,((#12499,#12500,#12501,#12502),
(#12503,#12504,#12505,#12506),(#12507,#12508,#12509,#12510),(#12511,#12512,
#12513,#12514)),.UNSPECIFIED.,.F.,.F.,.F.,(4,4),(4,4),(0.,1.),(-1.6736698832398E-13,
0.0295649559968707),.UNSPECIFIED.);
#186=B_SPLINE_SURFACE_WITH_KNOTS('',3,3,((#12518,#12519,#12520,#12521),
(#12522,#12523,#12524,#12525),(#12526,#12527,#12528,#12529),(#12530,#12531,
#12532,#12533)),.UNSPECIFIED.,.F.,.F.,.F.,(4,4),(4,4),(0.,1.),(-0.0295649559968686,
-1.6736698832398E-13),.UNSPECIFIED.);
#187=B_SPLINE_SURFACE_WITH_KNOTS('',3,3,((#12697,#12698,#12699,#12700),
(#12701,#12702,#12703,#12704),(#12705,#12706,#12707,#12708),(#12709,#12710,
#12711,#12712),(#12713,#12714,#12715,#12716)),.UNSPECIFIED.,.F.,.F.,.F.,
(4,1,4),(4,4),(0.,0.5,1.00001964075335),(-1.96407533515908E-5,0.0386621689469605),
 .UNSPECIFIED.);
#188=B_SPLINE_SURFACE_WITH_KNOTS('',3,3,((#12721,#12722,#12723,#12724,#12725,
#12726,#12727,#12728),(#12729,#12730,#12731,#12732,#12733,#12734,#12735,
#12736),(#12737,#12738,#12739,#12740,#12741,#12742,#12743,#12744),(#12745,
#12746,#12747,#12748,#12749,#12750,#12751,#12752)),.UNSPECIFIED.,.F.,.F.,
 .F.,(4,4),(4,2,1,1,4),(0.,1.),(-0.321244612133685,-0.320399543624454,-0.206375865727861,
-0.149364026779565,-0.035340348882972),.UNSPECIFIED.);
#189=B_SPLINE_SURFACE_WITH_KNOTS('',3,3,((#12753,#12754,#12755,#12756),
(#12757,#12758,#12759,#12760),(#12761,#12762,#12763,#12764),(#12765,#12766,
#12767,#12768),(#12769,#12770,#12771,#12772)),.UNSPECIFIED.,.F.,.F.,.F.,
(4,1,4),(4,4),(0.,0.5,1.00001521527792),(-1.52152779168135E-5,0.0386357208058722),
 .UNSPECIFIED.);
#190=B_SPLINE_SURFACE_WITH_KNOTS('',3,3,((#12785,#12786,#12787,#12788,#12789,
#12790,#12791,#12792),(#12793,#12794,#12795,#12796,#12797,#12798,#12799,
#12800),(#12801,#12802,#12803,#12804,#12805,#12806,#12807,#12808),(#12809,
#12810,#12811,#12812,#12813,#12814,#12815,#12816)),.UNSPECIFIED.,.F.,.F.,
 .F.,(4,4),(4,2,1,1,4),(-1.18290012305107E-5,1.00001182900123),(-0.00084507071227115,
0.,0.171040136982358,0.228053515976478,0.285078723971724),.UNSPECIFIED.);
#191=B_SPLINE_SURFACE_WITH_KNOTS('',3,3,((#12844,#12845,#12846,#12847),
(#12848,#12849,#12850,#12851),(#12852,#12853,#12854,#12855),(#12856,#12857,
#12858,#12859),(#12860,#12861,#12862,#12863)),.UNSPECIFIED.,.F.,.F.,.F.,
(4,1,4),(4,4),(0.,0.571428571428571,1.),(-1.64840258458017,-1.63548004704359),
 .UNSPECIFIED.);
#192=B_SPLINE_SURFACE_WITH_KNOTS('',3,3,((#12869,#12870,#12871,#12872),
(#12873,#12874,#12875,#12876),(#12877,#12878,#12879,#12880),(#12881,#12882,
#12883,#12884),(#12885,#12886,#12887,#12888)),.UNSPECIFIED.,.F.,.F.,.F.,
(4,1,4),(4,4),(0.,0.571428571428571,1.),(-1.57079632679486,-1.52764162044571),
 .UNSPECIFIED.);
#193=B_SPLINE_SURFACE_WITH_KNOTS('',3,3,((#12889,#12890,#12891,#12892),
(#12893,#12894,#12895,#12896),(#12897,#12898,#12899,#12900),(#12901,#12902,
#12903,#12904)),.UNSPECIFIED.,.F.,.F.,.F.,(4,4),(4,4),(0.,1.),(0.,0.142677383670136),
 .UNSPECIFIED.);
#194=B_SPLINE_SURFACE_WITH_KNOTS('',3,3,((#12906,#12907,#12908,#12909),
(#12910,#12911,#12912,#12913),(#12914,#12915,#12916,#12917),(#12918,#12919,
#12920,#12921)),.UNSPECIFIED.,.F.,.F.,.F.,(4,4),(4,4),(0.,1.),(0.,0.143621142623363),
 .UNSPECIFIED.);
#195=FACE_BOUND('',#902,.T.);
#196=FACE_BOUND('',#903,.T.);
#197=FACE_BOUND('',#904,.T.);
#198=FACE_BOUND('',#905,.T.);
#199=FACE_BOUND('',#906,.T.);
#200=FACE_BOUND('',#907,.T.);
#201=FACE_BOUND('',#908,.T.);
#202=FACE_BOUND('',#909,.T.);
#203=FACE_BOUND('',#910,.T.);
#204=FACE_BOUND('',#924,.T.);
#205=FACE_BOUND('',#925,.T.);
#206=FACE_BOUND('',#926,.T.);
#207=FACE_BOUND('',#927,.T.);
#208=FACE_BOUND('',#932,.T.);
#209=FACE_BOUND('',#1009,.T.);
#210=FACE_BOUND('',#1031,.T.);
#211=FACE_BOUND('',#1034,.T.);
#212=FACE_BOUND('',#1062,.T.);
#213=FACE_BOUND('',#1069,.T.);
#214=FACE_BOUND('',#1087,.T.);
#215=FACE_BOUND('',#1090,.T.);
#216=FACE_BOUND('',#1209,.T.);
#217=FACE_BOUND('',#1225,.T.);
#218=FACE_BOUND('',#1247,.T.);
#219=FACE_BOUND('',#1257,.T.);
#220=ELLIPSE('',#6215,1.95071892145226,1.95000000000001);
#221=ELLIPSE('',#6248,1.95071892145226,1.95000000000001);
#222=ELLIPSE('',#6249,1.95035942760095,1.95000000000001);
#223=ELLIPSE('',#6250,1.95035942760095,1.95000000000001);
#224=ELLIPSE('',#6251,1.56788803297773,1.3527174139584);
#225=ELLIPSE('',#6254,1.85517381065145,1.85483262364311);
#226=ELLIPSE('',#6265,101.594753456946,1.95);
#227=ELLIPSE('',#6266,1.95035942760094,1.95);
#228=ELLIPSE('',#6267,101.594753456946,1.95);
#229=ELLIPSE('',#6268,1.95035942760094,1.95);
#230=ELLIPSE('',#6269,1.95035942760094,1.95);
#231=ELLIPSE('',#6271,2.00036864369325,1.99999999999997);
#232=ELLIPSE('',#6272,2.00036864369325,1.99999999999997);
#233=ELLIPSE('',#6273,234.443205040852,234.4);
#234=ELLIPSE('',#6274,2.60042822542376,2.59994899803212);
#235=ELLIPSE('',#6275,1.7996770264591,1.79934536784997);
#236=ELLIPSE('',#6276,2.60642414317129,2.60594381079585);
#237=ELLIPSE('',#6277,1.40037026833666,1.40011219707099);
#238=ELLIPSE('',#6278,2.60064455901814,2.60016529175308);
#239=ELLIPSE('',#6279,1.40016562159745,1.39990758804826);
#240=ELLIPSE('',#6280,2.60045639035366,2.59997715776276);
#241=ELLIPSE('',#6281,2.60053411159916,2.60005486468514);
#242=ELLIPSE('',#6282,1.50027648276996,1.5);
#243=ELLIPSE('',#6283,2.60048366398545,2.60000442636831);
#244=ELLIPSE('',#6284,1.50027648276996,1.5);
#245=ELLIPSE('',#6285,1.79998735219944,1.79965563634924);
#246=ELLIPSE('',#6286,1.79998735220014,1.79965563634994);
#247=ELLIPSE('',#6287,55.6102482946727,55.5999999999997);
#248=ELLIPSE('',#6288,119.398713105407,119.37670936989);
#249=ELLIPSE('',#6349,1.95035942760095,1.95);
#250=ELLIPSE('',#6351,1.95035942760095,1.95);
#251=ELLIPSE('',#6470,6265.22347541036,119.57670936989);
#252=ELLIPSE('',#6531,54.6104359568311,54.5999999999997);
#253=ELLIPSE('',#6535,0.401014331787901,0.400112197070994);
#254=ELLIPSE('',#6554,3.60629095272385,3.60594381079585);
#255=ELLIPSE('',#6570,0.500828837780533,0.499999999999998);
#256=ELLIPSE('',#6572,3.60035055784736,3.60000442636832);
#257=ELLIPSE('',#6575,0.500828837780524,0.499999999999998);
#258=ELLIPSE('',#6577,3.60040100474393,3.60005486468514);
#259=ELLIPSE('',#6612,1.00004607515377,1.);
#260=ELLIPSE('',#6616,118.398898949642,118.37670936989);
#261=ELLIPSE('',#6712,10.7014045541233,4.13700262605533);
#262=ELLIPSE('',#6715,3.87455229275862,2.31144609946321);
#263=ELLIPSE('',#6736,235.44302153563,235.4);
#264=B_SPLINE_CURVE_WITH_KNOTS('',3,(#8385,#8386,#8387,#8388,#8389,#8390,
#8391,#8392,#8393,#8394,#8395,#8396,#8397,#8398,#8399,#8400,#8401,#8402,
#8403,#8404,#8405,#8406,#8407,#8408,#8409,#8410,#8411,#8412,#8413,#8414,
#8415,#8416,#8417,#8418,#8419,#8420,#8421,#8422,#8423,#8424,#8425,#8426,
#8427,#8428,#8429,#8430,#8431,#8432,#8433),.UNSPECIFIED.,.F.,.F.,(4,3,3,
3,3,3,3,3,3,3,3,3,3,3,3,3,4),(0.,0.0207649846857747,0.0419484817353444,
0.0633639558535224,0.0724941509202018,0.093867956058768,0.115281080924798,
0.13627162632937,0.144977393745119,0.167022597425555,0.18808012968964,0.209376988130964,
0.217435122081127,0.238683312585767,0.254795392658452,0.275908060248165,
0.292156169610042),.UNSPECIFIED.);
#265=B_SPLINE_CURVE_WITH_KNOTS('',3,(#8437,#8438,#8439,#8440,#8441,#8442,
#8443,#8444,#8445,#8446,#8447,#8448,#8449,#8450,#8451,#8452,#8453,#8454,
#8455,#8456,#8457,#8458,#8459,#8460,#8461,#8462,#8463,#8464,#8465,#8466,
#8467,#8468,#8469,#8470,#8471,#8472,#8473,#8474,#8475,#8476,#8477,#8478,
#8479),.UNSPECIFIED.,.F.,.F.,(4,3,3,3,3,3,3,3,3,3,3,3,3,3,4),(0.0389067547439699,
0.0601482082241788,0.0722268881352325,0.0933435765635754,0.114663948138635,
0.135794810900886,0.144466015513466,0.165739973980582,0.182279225752359,
0.203497391590831,0.216730818366781,0.237914266889874,0.253982562629419,
0.275084745123519,0.291237191841447),.UNSPECIFIED.);
#266=B_SPLINE_CURVE_WITH_KNOTS('',3,(#8481,#8482,#8483,#8484,#8485,#8486,
#8487,#8488,#8489,#8490,#8491,#8492,#8493,#8494,#8495,#8496,#8497,#8498,
#8499,#8500,#8501,#8502,#8503,#8504,#8505,#8506,#8507,#8508,#8509,#8510,
#8511,#8512,#8513,#8514,#8515,#8516,#8517,#8518,#8519,#8520,#8521,#8522,
#8523),.UNSPECIFIED.,.F.,.F.,(4,3,3,3,3,3,3,3,3,3,3,3,3,3,4),(0.,0.0199249158329718,
0.0401046557773249,0.0601748552963452,0.0676098709863107,0.0877910411497149,
0.101213554158772,0.121447924449423,0.135213258247239,0.155344844511514,
0.175553527155881,0.185621404146271,0.20584678577379,0.225688730765648,
0.236030775728886),.UNSPECIFIED.);
#267=B_SPLINE_CURVE_WITH_KNOTS('',3,(#8527,#8528,#8529,#8530,#8531,#8532,
#8533,#8534,#8535,#8536,#8537,#8538,#8539,#8540,#8541,#8542,#8543,#8544,
#8545,#8546,#8547,#8548,#8549,#8550,#8551,#8552,#8553,#8554,#8555,#8556,
#8557,#8558,#8559,#8560,#8561,#8562,#8563,#8564,#8565,#8566,#8567,#8568,
#8569),.UNSPECIFIED.,.F.,.F.,(4,3,3,3,3,3,3,3,3,3,3,3,3,3,4),(0.0385003973800062,
0.0596850615296332,0.0719748538188213,0.0930363774819013,0.114301015566661,
0.135376030259883,0.143961941812458,0.16518008708237,0.181643215714629,
0.20280579360342,0.215974656991406,0.237102633424752,0.253096439743445,
0.274143525406212,0.290221105175491),.UNSPECIFIED.);
#268=B_SPLINE_CURVE_WITH_KNOTS('',3,(#8571,#8572,#8573,#8574,#8575,#8576,
#8577,#8578,#8579,#8580,#8581,#8582,#8583,#8584,#8585,#8586,#8587,#8588,
#8589,#8590,#8591,#8592,#8593,#8594,#8595,#8596,#8597,#8598,#8599,#8600,
#8601,#8602,#8603,#8604,#8605,#8606,#8607,#8608,#8609,#8610,#8611,#8612,
#8613),.UNSPECIFIED.,.F.,.F.,(4,3,3,3,3,3,3,3,3,3,3,3,3,3,4),(0.,0.0199246535534917,
0.0401044144494447,0.0601749928854181,0.0676099961280538,0.0877911946260245,
0.101322392393313,0.121556783154574,0.135213790417127,0.155344624348517,
0.175554273818083,0.185748498088978,0.205974567197285,0.22581696265729,
0.236284926686977),.UNSPECIFIED.);
#269=B_SPLINE_CURVE_WITH_KNOTS('',3,(#8617,#8618,#8619,#8620,#8621,#8622,
#8623,#8624,#8625,#8626,#8627,#8628,#8629,#8630,#8631,#8632,#8633,#8634,
#8635,#8636,#8637,#8638,#8639,#8640,#8641,#8642,#8643,#8644,#8645,#8646,
#8647,#8648,#8649,#8650,#8651,#8652,#8653,#8654,#8655,#8656,#8657,#8658,
#8659,#8660,#8661,#8662,#8663,#8664,#8665),.UNSPECIFIED.,.F.,.F.,(4,3,3,
3,3,3,3,3,3,3,3,3,3,3,3,3,4),(0.,0.0205947440237072,0.0416052296171782,
0.0628460801133086,0.0717228194694935,0.0929256055552487,0.11417040810795,
0.134999660149799,0.143457867939117,0.165314232005064,0.186210765579609,
0.207351898842711,0.215218495280771,0.236317177020157,0.252210316707083,
0.273179646095874,0.289205018507498),.UNSPECIFIED.);
#270=B_SPLINE_CURVE_WITH_KNOTS('',3,(#8669,#8670,#8671,#8672,#8673,#8674,
#8675,#8676,#8677,#8678,#8679,#8680,#8681,#8682,#8683,#8684,#8685,#8686,
#8687,#8688,#8689,#8690,#8691,#8692,#8693,#8694,#8695,#8696,#8697,#8698,
#8699,#8700,#8701,#8702,#8703,#8704,#8705,#8706,#8707,#8708,#8709,#8710,
#8711,#8712,#8713,#8714,#8715,#8716,#8717),.UNSPECIFIED.,.F.,.F.,(4,3,3,
3,3,3,3,3,3,3,3,3,3,3,3,3,4),(0.,0.0207905639035238,0.0418944479102973,
0.0629601940381951,0.0717863880638356,0.0929218640940741,0.113852887764812,
0.124064429073094,0.143563121954995,0.164454263688791,0.185650575040787,
0.206826463430306,0.215317075917675,0.236434052044217,0.25226316317005,
0.273105887192742,0.289208632110866),.UNSPECIFIED.);
#271=B_SPLINE_CURVE_WITH_KNOTS('',3,(#8721,#8722,#8723,#8724,#8725,#8726,
#8727,#8728,#8729,#8730,#8731,#8732,#8733,#8734,#8735,#8736,#8737,#8738,
#8739,#8740,#8741,#8742,#8743,#8744,#8745,#8746,#8747,#8748,#8749,#8750,
#8751,#8752,#8753,#8754,#8755,#8756,#8757,#8758,#8759,#8760,#8761,#8762,
#8763),.UNSPECIFIED.,.F.,.F.,(4,3,3,3,3,3,3,3,3,3,3,3,3,3,4),(0.038489351944109,
0.0596732961477188,0.0719144807669978,0.0929733573580701,0.114234585335317,
0.135304001705945,0.143837387521213,0.165046994331904,0.181607699923965,
0.202764448531534,0.215782865554474,0.236902032256821,0.252952251609533,
0.273987650756786,0.29011912936402),.UNSPECIFIED.);
#272=B_SPLINE_CURVE_WITH_KNOTS('',3,(#8765,#8766,#8767,#8768,#8769,#8770,
#8771,#8772,#8773,#8774),.UNSPECIFIED.,.F.,.F.,(4,2,2,2,4),(-0.262230385394301,
-0.184919558661926,-0.117886958214958,-0.0589648795619541,0.),
 .UNSPECIFIED.);
#273=B_SPLINE_CURVE_WITH_KNOTS('',3,(#8778,#8779,#8780,#8781,#8782,#8783,
#8784,#8785,#8786,#8787,#8788,#8789,#8790,#8791,#8792,#8793,#8794,#8795,
#8796,#8797,#8798,#8799,#8800,#8801,#8802,#8803,#8804,#8805,#8806,#8807,
#8808,#8809,#8810,#8811,#8812,#8813,#8814,#8815,#8816,#8817,#8818,#8819,
#8820),.UNSPECIFIED.,.F.,.F.,(4,3,3,3,3,3,3,3,3,3,3,3,3,3,4),(0.0388959050225912,
0.060136628412693,0.0721665104027636,0.0932805004010523,0.11459749438326,
0.135722943268651,0.144341438590757,0.165606969312105,0.182244084587551,
0.203456469429153,0.216538975743481,0.237713625053937,0.253838596731729,
0.274928961447116,0.291135692787341),.UNSPECIFIED.);
#274=B_SPLINE_CURVE_WITH_KNOTS('',3,(#8822,#8823,#8824,#8825,#8826,#8827,
#8828,#8829,#8830,#8831),.UNSPECIFIED.,.F.,.F.,(4,2,2,2,4),(-0.261943046407353,
-0.184720238265983,-0.117760769268683,-0.0589035107601183,0.),
 .UNSPECIFIED.);
#275=B_SPLINE_CURVE_WITH_KNOTS('',3,(#8835,#8836,#8837,#8838,#8839,#8840),
 .UNSPECIFIED.,.F.,.F.,(4,2,4),(0.,0.0422867632968977,0.084539348933571),
 .UNSPECIFIED.);
#276=B_SPLINE_CURVE_WITH_KNOTS('',3,(#8949,#8950,#8951,#8952,#8953,#8954,
#8955,#8956,#8957,#8958,#8959,#8960,#8961,#8962,#8963,#8964,#8965,#8966,
#8967,#8968,#8969,#8970,#8971,#8972,#8973,#8974,#8975,#8976,#8977,#8978,
#8979,#8980,#8981,#8982,#8983,#8984,#8985,#8986,#8987,#8988,#8989,#8990,
#8991,#8992,#8993,#8994,#8995,#8996,#8997),.UNSPECIFIED.,.F.,.F.,(4,3,3,
3,3,3,3,3,3,3,3,3,3,3,3,3,4),(0.,0.0206021338892691,0.0416199040038686,
0.0628655396541582,0.0717315862610107,0.0929361513733384,0.114178661952548,
0.13499967745241,0.143448117692831,0.165269422977573,0.186159057870989,
0.207287373073942,0.215137825858635,0.236218300969167,0.252112439981255,
0.273059657767282,0.289087379201928),.UNSPECIFIED.);
#277=B_SPLINE_CURVE_WITH_KNOTS('',3,(#9001,#9002,#9003,#9004,#9005,#9006,
#9007,#9008,#9009,#9010,#9011,#9012,#9013,#9014,#9015,#9016,#9017,#9018,
#9019,#9020,#9021,#9022,#9023,#9024,#9025,#9026,#9027,#9028,#9029,#9030,
#9031,#9032,#9033,#9034,#9035,#9036,#9037,#9038,#9039,#9040,#9041,#9042,
#9043,#9044,#9045,#9046,#9047,#9048,#9049),.UNSPECIFIED.,.F.,.F.,(4,3,3,
3,3,3,3,3,3,3,3,3,3,3,3,3,4),(0.,0.0205395471356478,0.0414941964621297,
0.0626785881968635,0.0714673685832699,0.0926145531075249,0.113803594161546,
0.134577734090048,0.142950860566934,0.164727734305335,0.185569585382978,
0.20665551442668,0.214461071318649,0.235504344220014,0.251319370190815,
0.272233071932578,0.288180495151541),.UNSPECIFIED.);
#278=B_SPLINE_CURVE_WITH_KNOTS('',3,(#9061,#9062,#9063,#9064,#9065,#9066,
#9067,#9068,#9069,#9070,#9071,#9072,#9073,#9074,#9075,#9076,#9077,#9078,
#9079,#9080,#9081,#9082,#9083,#9084,#9085,#9086,#9087,#9088,#9089,#9090,
#9091,#9092,#9093,#9094,#9095,#9096,#9097,#9098,#9099,#9100,#9101,#9102,
#9103,#9104,#9105,#9106,#9107,#9108,#9109),.UNSPECIFIED.,.F.,.F.,(4,3,3,
3,3,3,3,3,3,3,3,3,3,3,3,3,4),(0.,0.0205491932348581,0.0415110342285717,
0.0626954711844316,0.07146836228872,0.0926099555142496,0.113786343012104,
0.134539105975443,0.142923253802404,0.164625942350314,0.185449042867821,
0.206512208337078,0.214354223361051,0.23536803898651,0.251137370432614,
0.272019114852215,0.28792021505374),.UNSPECIFIED.);
#279=B_SPLINE_CURVE_WITH_KNOTS('',3,(#9113,#9114,#9115,#9116,#9117,#9118,
#9119,#9120,#9121,#9122,#9123,#9124,#9125,#9126,#9127,#9128,#9129,#9130,
#9131,#9132,#9133,#9134,#9135,#9136,#9137,#9138,#9139,#9140,#9141,#9142,
#9143,#9144,#9145,#9146,#9147,#9148,#9149,#9150,#9151,#9152,#9153,#9154,
#9155,#9156,#9157,#9158,#9159,#9160,#9161),.UNSPECIFIED.,.F.,.F.,(4,3,3,
3,3,3,3,3,3,3,3,3,3,3,3,3,4),(0.,0.0207532997315942,0.0418222128862269,
0.0628574713582696,0.0715966615249814,0.0927055655106098,0.113616145830108,
0.123883589208094,0.143205789658237,0.16407606018077,0.185255471327511,
0.206421013228456,0.214838875170947,0.235949151273494,0.251837631926944,
0.272673177075939,0.288833777141667),.UNSPECIFIED.);
#280=B_SPLINE_CURVE_WITH_KNOTS('',3,(#9189,#9190,#9191,#9192,#9193,#9194,
#9195,#9196,#9197,#9198,#9199,#9200,#9201,#9202,#9203,#9204,#9205,#9206,
#9207,#9208,#9209,#9210,#9211,#9212,#9213,#9214,#9215,#9216,#9217,#9218,
#9219,#9220,#9221,#9222,#9223,#9224,#9225,#9226,#9227,#9228,#9229,#9230,
#9231,#9232,#9233,#9234,#9235,#9236,#9237),.UNSPECIFIED.,.F.,.F.,(4,3,3,
3,3,3,3,3,3,3,3,3,3,3,3,3,4),(0.,0.0204774302467238,0.0413661340527836,
0.0624756914544022,0.0711418041816238,0.0922087656562443,0.113310336994974,
0.133989427272362,0.142263937032631,0.163869332291837,0.184619417690953,
0.205609554947469,0.213362130702801,0.234304325975001,0.249983042994495,
0.270794982175824,0.286604311871451),.UNSPECIFIED.);
#281=B_SPLINE_CURVE_WITH_KNOTS('',3,(#9241,#9242,#9243,#9244,#9245,#9246,
#9247,#9248,#9249,#9250,#9251,#9252,#9253,#9254,#9255,#9256,#9257,#9258,
#9259,#9260,#9261,#9262,#9263,#9264,#9265,#9266,#9267,#9268,#9269,#9270,
#9271,#9272,#9273,#9274,#9275,#9276,#9277,#9278,#9279,#9280,#9281,#9282,
#9283,#9284,#9285,#9286,#9287,#9288,#9289),.UNSPECIFIED.,.F.,.F.,(4,3,3,
3,3,3,3,3,3,3,3,3,3,3,3,3,4),(0.,0.0206823256631217,0.0416796728206569,
0.0626434420569908,0.0712720021735215,0.092309889072902,0.113149832781829,
0.123315870580029,0.142563131720839,0.163363676430802,0.184472001961918,
0.205565001721281,0.21387871607672,0.234915601183764,0.250692480450379,
0.271453799100016,0.287503458390973),.UNSPECIFIED.);
#282=B_SPLINE_CURVE_WITH_KNOTS('',3,(#9301,#9302,#9303,#9304,#9305,#9306,
#9307,#9308,#9309,#9310,#9311,#9312,#9313,#9314),.UNSPECIFIED.,.F.,.F.,
(4,2,2,2,2,2,4),(0.,0.0368058711283397,0.0736340033578235,0.134064611717006,
0.186829743519662,0.214583291202168,0.2423401257338),.UNSPECIFIED.);
#283=B_SPLINE_CURVE_WITH_KNOTS('',3,(#9318,#9319,#9320,#9321,#9322,#9323,
#9324,#9325,#9326,#9327,#9328,#9329,#9330,#9331,#9332,#9333,#9334,#9335,
#9336,#9337,#9338,#9339,#9340,#9341,#9342,#9343,#9344,#9345,#9346,#9347,
#9348,#9349,#9350,#9351,#9352,#9353,#9354,#9355,#9356,#9357,#9358,#9359,
#9360,#9361,#9362,#9363,#9364,#9365,#9366),.UNSPECIFIED.,.F.,.F.,(4,3,3,
3,3,3,3,3,3,3,3,3,3,3,3,3,4),(0.,0.0204961584963209,0.0414072731656469,
0.062548452271575,0.0712699028363743,0.0923749924169568,0.113522087983752,
0.134255026638817,0.142562249693193,0.164272039650204,0.185073146005084,
0.206116932335756,0.213881286773298,0.234881556049359,0.250631308572981,
0.271500134287912,0.287383982201076),.UNSPECIFIED.);
#284=B_SPLINE_CURVE_WITH_KNOTS('',3,(#9376,#9377,#9378,#9379,#9380,#9381,
#9382,#9383,#9384,#9385,#9386,#9387,#9388,#9389,#9390,#9391,#9392,#9393,
#9394,#9395,#9396,#9397,#9398,#9399,#9400,#9401,#9402,#9403,#9404,#9405,
#9406,#9407,#9408,#9409,#9410,#9411,#9412,#9413,#9414,#9415,#9416,#9417,
#9418,#9419,#9420,#9421,#9422,#9423,#9424),.UNSPECIFIED.,.F.,.F.,(4,3,3,
3,3,3,3,3,3,3,3,3,3,3,3,3,4),(0.,0.0206543225469266,0.0417255217349651,
0.0630288721467752,0.072003657742392,0.093268462156222,0.114576062926816,
0.135468078512795,0.144019550244269,0.165961496274037,0.186920351661038,
0.20812338268385,0.216061075451456,0.2372215091129,0.253197710938205,0.274227890167071,
0.290337229366213),.UNSPECIFIED.);
#285=B_SPLINE_CURVE_WITH_KNOTS('',3,(#9428,#9429,#9430,#9431,#9432,#9433,
#9434,#9435,#9436,#9437,#9438,#9439,#9440,#9441,#9442,#9443,#9444,#9445,
#9446,#9447,#9448,#9449,#9450,#9451,#9452,#9453,#9454,#9455,#9456,#9457,
#9458,#9459,#9460,#9461,#9462,#9463,#9464,#9465,#9466,#9467,#9468,#9469,
#9470,#9471,#9472,#9473,#9474,#9475,#9476),.UNSPECIFIED.,.F.,.F.,(4,3,3,
3,3,3,3,3,3,3,3,3,3,3,3,3,4),(0.,0.0208492591881425,0.0420133725955662,
0.0631424442307645,0.0720673747720106,0.0932641607737546,0.114259121929635,
0.124550053225818,0.144125099606848,0.165080183380915,0.186339939201469,
0.207577525103628,0.216160001611867,0.237338173680668,0.253250732218472,
0.274152882881204,0.290340851790458),.UNSPECIFIED.);
#286=B_SPLINE_CURVE_WITH_KNOTS('',3,(#9480,#9481,#9482,#9483,#9484,#9485,
#9486,#9487,#9488,#9489,#9490,#9491,#9492,#9493),.UNSPECIFIED.,.F.,.F.,
(4,2,2,2,2,2,4),(0.,0.0371126866079578,0.0742200593041655,0.145015665400747,
0.226101756054186,0.275545667319692,0.324962703202836),.UNSPECIFIED.);
#287=B_SPLINE_CURVE_WITH_KNOTS('',3,(#9496,#9497,#9498,#9499,#9500,#9501,
#9502,#9503,#9504,#9505,#9506,#9507,#9508,#9509,#9510,#9511,#9512,#9513,
#9514,#9515,#9516,#9517,#9518,#9519,#9520,#9521,#9522,#9523,#9524,#9525,
#9526,#9527,#9528,#9529,#9530,#9531,#9532,#9533,#9534,#9535,#9536,#9537,
#9538,#9539,#9540,#9541,#9542,#9543,#9544),.UNSPECIFIED.,.F.,.F.,(4,3,3,
3,3,3,3,3,3,3,3,3,3,3,3,3,4),(0.,0.0207168682474824,0.0418515552111403,
0.0632174499967078,0.0722707706255108,0.0935951242976785,0.114958668477241,
0.13590029328098,0.144530633501633,0.166507911045048,0.187516854540347,
0.208764440462807,0.216765024050491,0.237964088796546,0.254010151983315,
0.275073967897537,0.291255776993346),.UNSPECIFIED.);
#288=B_SPLINE_CURVE_WITH_KNOTS('',3,(#9612,#9613,#9614,#9615,#9616,#9617,
#9618),.UNSPECIFIED.,.F.,.F.,(4,3,4),(-0.288760257958012,-0.144384233888947,
-1.00275924314092E-6),.UNSPECIFIED.);
#289=B_SPLINE_CURVE_WITH_KNOTS('',3,(#9622,#9623,#9624,#9625,#9626,#9627,
#9628),.UNSPECIFIED.,.F.,.F.,(4,3,4),(-0.286814400535427,-0.143404534955084,
0.),.UNSPECIFIED.);
#290=B_SPLINE_CURVE_WITH_KNOTS('',3,(#9786,#9787,#9788,#9789),
 .UNSPECIFIED.,.F.,.F.,(4,4),(9.79125447741609,9.79173497170211),
 .UNSPECIFIED.);
#291=B_SPLINE_CURVE_WITH_KNOTS('',3,(#9800,#9801,#9802,#9803,#9804,#9805,
#9806,#9807,#9808,#9809,#9810,#9811,#9812,#9813,#9814,#9815,#9816,#9817,
#9818,#9819,#9820,#9821,#9822,#9823,#9824,#9825,#9826,#9827,#9828,#9829,
#9830,#9831,#9832,#9833,#9834,#9835,#9836,#9837,#9838,#9839,#9840,#9841,
#9842),.UNSPECIFIED.,.F.,.F.,(4,3,3,3,3,3,3,3,3,3,3,3,3,3,4),(0.,0.0197821217022724,
0.0399232558552376,0.0601829947592619,0.0675858829042974,0.0878498578817368,
0.108085592285754,0.127850220017642,0.135151627456893,0.15592113040873,
0.176086993563898,0.186564604710229,0.206719017574523,0.226690340435673,
0.237975801961567),.UNSPECIFIED.);
#292=B_SPLINE_CURVE_WITH_KNOTS('',3,(#9844,#9845,#9846,#9847,#9848),
 .UNSPECIFIED.,.F.,.F.,(4,1,4),(-1.57079632679488,-0.982662888434296,-0.198484970620189),
 .UNSPECIFIED.);
#293=B_SPLINE_CURVE_WITH_KNOTS('',3,(#9852,#9853,#9854,#9855,#9856,#9857,
#9858,#9859,#9860,#9861,#9862,#9863,#9864,#9865,#9866,#9867,#9868,#9869,
#9870,#9871,#9872,#9873,#9874,#9875,#9876,#9877,#9878,#9879,#9880,#9881,
#9882,#9883,#9884,#9885,#9886,#9887,#9888,#9889,#9890,#9891,#9892,#9893,
#9894),.UNSPECIFIED.,.F.,.F.,(4,3,3,3,3,3,3,3,3,3,3,3,3,3,4),(0.,0.0197822838878781,
0.0399235206811599,0.0601831856362954,0.067586209711935,0.0878501999470957,
0.108085811909233,0.127850148208216,0.135152089944236,0.155920828332414,
0.176086711322441,0.186564929926734,0.206719326713545,0.226690884470325,
0.237975753509054),.UNSPECIFIED.);
#294=B_SPLINE_CURVE_WITH_KNOTS('',3,(#9896,#9897,#9898,#9899,#9900),
 .UNSPECIFIED.,.F.,.F.,(4,1,4),(-1.57079632679494,-0.982663012285411,-0.198485259606042),
 .UNSPECIFIED.);
#295=B_SPLINE_CURVE_WITH_KNOTS('',3,(#9904,#9905,#9906,#9907,#9908),
 .UNSPECIFIED.,.F.,.F.,(4,1,4),(-3.14159265358979,-2.24399475256413,-1.57079632679488),
 .UNSPECIFIED.);
#296=B_SPLINE_CURVE_WITH_KNOTS('',3,(#9912,#9913,#9914,#9915,#9916),
 .UNSPECIFIED.,.F.,.F.,(4,1,4),(-1.57079632679485,-0.89759790102563,0.),
 .UNSPECIFIED.);
#297=B_SPLINE_CURVE_WITH_KNOTS('',3,(#9920,#9921,#9922,#9923,#9924,#9925,
#9926,#9927,#9928,#9929,#9930,#9931,#9932,#9933,#9934,#9935,#9936,#9937,
#9938,#9939,#9940,#9941,#9942,#9943,#9944,#9945,#9946,#9947,#9948,#9949,
#9950,#9951,#9952,#9953,#9954,#9955,#9956,#9957,#9958,#9959,#9960,#9961,
#9962),.UNSPECIFIED.,.F.,.F.,(4,3,3,3,3,3,3,3,3,3,3,3,3,3,4),(0.,0.0197819447217183,
0.0399229680497406,0.0601827838281191,0.0675871659846273,0.0878511298602885,
0.108086986957632,0.127851897962112,0.135153443219784,0.155921385912585,
0.17608722751283,0.186565955087491,0.206720384618549,0.226691448463471,
0.237975758832057),.UNSPECIFIED.);
#298=B_SPLINE_CURVE_WITH_KNOTS('',3,(#9964,#9965,#9966,#9967,#9968),
 .UNSPECIFIED.,.F.,.F.,(4,1,4),(-1.57079632679485,-0.982663012285327,-0.198485259605962),
 .UNSPECIFIED.);
#299=B_SPLINE_CURVE_WITH_KNOTS('',3,(#9972,#9973,#9974,#9975,#9976,#9977,
#9978,#9979,#9980,#9981,#9982,#9983,#9984,#9985,#9986,#9987,#9988,#9989,
#9990,#9991,#9992,#9993,#9994,#9995,#9996,#9997,#9998,#9999,#10000,#10001,
#10002,#10003,#10004,#10005,#10006,#10007,#10008,#10009,#10010,#10011,#10012,
#10013,#10014),.UNSPECIFIED.,.F.,.F.,(4,3,3,3,3,3,3,3,3,3,3,3,3,3,4),(0.,
0.0197818523279906,0.0399228167253409,0.0601826751063364,0.067586480917781,
0.0878504344652074,0.108086363953648,0.127851449974882,0.135152473743232,
0.155921544599543,0.1760873748787,0.186565220668995,0.206719659412903,0.226690590888379,
0.237975755018733),.UNSPECIFIED.);
#300=B_SPLINE_CURVE_WITH_KNOTS('',3,(#10016,#10017,#10018,#10019,#10020),
 .UNSPECIFIED.,.F.,.F.,(4,1,4),(-1.57079632679489,-0.982663012285359,-0.198485259605986),
 .UNSPECIFIED.);
#301=B_SPLINE_CURVE_WITH_KNOTS('',3,(#10024,#10025,#10026,#10027,#10028),
 .UNSPECIFIED.,.F.,.F.,(4,1,4),(-3.14159265358979,-2.46839422782039,-1.57079632679452),
 .UNSPECIFIED.);
#302=B_SPLINE_CURVE_WITH_KNOTS('',3,(#10035,#10036,#10037,#10038,#10039),
 .UNSPECIFIED.,.F.,.F.,(4,1,4),(-3.14159265358979,-2.46839422782054,-1.57079632679488),
 .UNSPECIFIED.);
#303=B_SPLINE_CURVE_WITH_KNOTS('',3,(#10043,#10044,#10045,#10046,#10047),
 .UNSPECIFIED.,.F.,.F.,(4,1,4),(-1.57079632679491,-0.897597901025665,0.),
 .UNSPECIFIED.);
#304=B_SPLINE_CURVE_WITH_KNOTS('',3,(#10051,#10052,#10053,#10054,#10055),
 .UNSPECIFIED.,.F.,.F.,(4,1,4),(-3.14159265358979,-2.24399475256412,-1.57079632679486),
 .UNSPECIFIED.);
#305=B_SPLINE_CURVE_WITH_KNOTS('',3,(#10058,#10059,#10060,#10061,#10062),
 .UNSPECIFIED.,.F.,.F.,(4,1,4),(-1.57079632679475,-0.897597901025573,0.),
 .UNSPECIFIED.);
#306=B_SPLINE_CURVE_WITH_KNOTS('',3,(#10073,#10074,#10075,#10076,#10077),
 .UNSPECIFIED.,.F.,.F.,(4,1,4),(-1.65806278939333,-0.760464888367648,-0.0872664625983832),
 .UNSPECIFIED.);
#307=B_SPLINE_CURVE_WITH_KNOTS('',3,(#10081,#10082,#10083,#10084,#10085),
 .UNSPECIFIED.,.F.,.F.,(4,1,4),(-0.0872664625984865,0.585931963170785,1.48352986419648),
 .UNSPECIFIED.);
#308=B_SPLINE_CURVE_WITH_KNOTS('',3,(#10097,#10098,#10099,#10100,#10101),
 .UNSPECIFIED.,.F.,.F.,(4,1,4),(-1.65806278939331,-0.984864363624282,-0.0872664625989146),
 .UNSPECIFIED.);
#309=B_SPLINE_CURVE_WITH_KNOTS('',3,(#10105,#10106,#10107,#10108,#10109),
 .UNSPECIFIED.,.F.,.F.,(4,1,4),(-0.0872664625982246,0.585931963171009,1.48352986419665),
 .UNSPECIFIED.);
#310=B_SPLINE_CURVE_WITH_KNOTS('',3,(#10121,#10122,#10123,#10124,#10125),
 .UNSPECIFIED.,.F.,.F.,(4,1,4),(-1.83259571459324,-1.15939728882383,-0.261799387797958),
 .UNSPECIFIED.);
#311=B_SPLINE_CURVE_WITH_KNOTS('',3,(#10129,#10130,#10131,#10132,#10133),
 .UNSPECIFIED.,.F.,.F.,(4,1,4),(-0.261799387798101,0.635798513227398,1.30899693899652),
 .UNSPECIFIED.);
#312=B_SPLINE_CURVE_WITH_KNOTS('',3,(#10145,#10146,#10147,#10148,#10149),
 .UNSPECIFIED.,.F.,.F.,(4,1,4),(-1.83259571459334,-0.934997813567653,-0.26179938779839),
 .UNSPECIFIED.);
#313=B_SPLINE_CURVE_WITH_KNOTS('',3,(#10153,#10154,#10155,#10156,#10157),
 .UNSPECIFIED.,.F.,.F.,(4,1,4),(-0.261799387798225,0.411399037970975,1.30899693899657),
 .UNSPECIFIED.);
#314=B_SPLINE_CURVE_WITH_KNOTS('',3,(#10229,#10230,#10231,#10232),
 .UNSPECIFIED.,.F.,.F.,(4,4),(-0.00317485660307181,0.22163938438737),
 .UNSPECIFIED.);
#315=B_SPLINE_CURVE_WITH_KNOTS('',3,(#10233,#10234,#10235,#10236),
 .UNSPECIFIED.,.F.,.F.,(4,4),(-0.221639384387386,-7.64875473378418E-5),
 .UNSPECIFIED.);
#316=B_SPLINE_CURVE_WITH_KNOTS('',3,(#10278,#10279,#10280,#10281),
 .UNSPECIFIED.,.F.,.F.,(4,4),(-0.00317249963125599,0.25526995306086),
 .UNSPECIFIED.);
#317=B_SPLINE_CURVE_WITH_KNOTS('',3,(#10282,#10283,#10284,#10285),
 .UNSPECIFIED.,.F.,.F.,(4,4),(-0.255269953060883,-7.78333838981006E-5),
 .UNSPECIFIED.);
#318=B_SPLINE_CURVE_WITH_KNOTS('',3,(#10307,#10308,#10309,#10310),
 .UNSPECIFIED.,.F.,.F.,(4,4),(0.00671199076464381,0.225976849774612),
 .UNSPECIFIED.);
#319=B_SPLINE_CURVE_WITH_KNOTS('',3,(#10311,#10312,#10313,#10314),
 .UNSPECIFIED.,.F.,.F.,(4,4),(-0.225976849774629,-0.0034626180528691),
 .UNSPECIFIED.);
#320=B_SPLINE_CURVE_WITH_KNOTS('',3,(#10356,#10357,#10358,#10359),
 .UNSPECIFIED.,.F.,.F.,(4,4),(0.00672202742699639,0.259595018024414),
 .UNSPECIFIED.);
#321=B_SPLINE_CURVE_WITH_KNOTS('',3,(#10360,#10361,#10362,#10363),
 .UNSPECIFIED.,.F.,.F.,(4,4),(-0.259595018024442,-0.00347366198226117),
 .UNSPECIFIED.);
#322=B_SPLINE_CURVE_WITH_KNOTS('',3,(#11166,#11167,#11168,#11169,#11170,
#11171,#11172,#11173,#11174,#11175,#11176,#11177),.UNSPECIFIED.,.F.,.F.,
(4,2,2,2,2,4),(0.,0.0347553621564893,0.0647245547949281,0.0932774326042172,
0.112658234305059,0.132046836407151),.UNSPECIFIED.);
#323=B_SPLINE_CURVE_WITH_KNOTS('',3,(#11204,#11205,#11206,#11207,#11208,
#11209,#11210,#11211,#11212,#11213,#11214,#11215),.UNSPECIFIED.,.F.,.F.,
(4,2,2,2,2,4),(0.,0.0253202734255019,0.0506406831396409,0.0878562315006625,
0.127016741583874,0.172537170176852),.UNSPECIFIED.);
#324=B_SPLINE_CURVE_WITH_KNOTS('',3,(#11425,#11426,#11427,#11428,#11429,
#11430,#11431,#11432,#11433,#11434,#11435,#11436,#11437,#11438,#11439,#11440,
#11441,#11442,#11443,#11444,#11445,#11446,#11447,#11448,#11449,#11450,#11451,
#11452,#11453,#11454,#11455,#11456,#11457,#11458,#11459,#11460,#11461,#11462),
 .UNSPECIFIED.,.F.,.F.,(4,2,2,2,2,2,2,2,2,2,2,2,2,2,2,2,2,2,4),(-1.57079630169613,
-1.47873292660704,-1.38670527577227,-1.29469330955538,-1.20267700624058,
-1.11059910122181,-1.01848579010742,-0.926276877823435,-0.897259020469354,
-0.802300693764743,-0.707415609749351,-0.61259853582252,-0.517826363529821,
-0.423087825224689,-0.328371680312184,-0.233651174224034,-0.138934880419209,
-0.0441910757995051,0.000790691699908116),.UNSPECIFIED.);
#325=B_SPLINE_CURVE_WITH_KNOTS('',3,(#11496,#11497,#11498,#11499,#11500,
#11501,#11502,#11503,#11504,#11505,#11506,#11507,#11508,#11509,#11510,#11511,
#11512,#11513,#11514,#11515,#11516,#11517,#11518,#11519,#11520,#11521,#11522,
#11523,#11524,#11525,#11526,#11527,#11528,#11529,#11530,#11531,#11532,#11533),
 .UNSPECIFIED.,.F.,.F.,(4,2,2,2,2,2,2,2,2,2,2,2,2,2,2,2,2,2,4),(-5.32777103069332E-16,
0.0921538741554583,0.184272334670514,0.276375226614062,0.368482377262928,
0.460650386618886,0.552853392223522,0.645150626745401,0.673248450515386,
0.768254922458169,0.863189746978712,0.958058335770237,1.05288290641132,
1.14767448840643,1.24244408513589,1.33721804470257,1.43198770201191,1.5267841092426,
1.57091305776329),.UNSPECIFIED.);
#326=B_SPLINE_CURVE_WITH_KNOTS('',3,(#11560,#11561,#11562,#11563,#11564,
#11565,#11566),.UNSPECIFIED.,.F.,.F.,(4,3,4),(-0.0365010624982993,-0.0182504493818222,
0.),.UNSPECIFIED.);
#327=B_SPLINE_CURVE_WITH_KNOTS('',3,(#11568,#11569,#11570,#11571,#11572,
#11573,#11574,#11575,#11576,#11577),.UNSPECIFIED.,.F.,.F.,(4,2,2,2,4),(-0.0590598829137515,
-0.0530864429282175,-0.0466492649846297,-0.0324744822781757,-9.9999822295721E-7),
 .UNSPECIFIED.);
#328=B_SPLINE_CURVE_WITH_KNOTS('',3,(#11586,#11587,#11588,#11589,#11590,
#11591,#11592,#11593,#11594,#11595),.UNSPECIFIED.,.F.,.F.,(4,2,2,2,4),(-0.0676783826654951,
-0.0304665356062389,-0.0142229454505463,-0.00684626250202023,-1.00000011347967E-6),
 .UNSPECIFIED.);
#329=B_SPLINE_CURVE_WITH_KNOTS('',3,(#11597,#11598,#11599,#11600,#11601,
#11602,#11603),.UNSPECIFIED.,.F.,.F.,(4,3,4),(-0.0365004976295324,-0.0182503306802734,
0.),.UNSPECIFIED.);
#330=B_SPLINE_CURVE_WITH_KNOTS('',3,(#11612,#11613,#11614,#11615,#11616,
#11617),.UNSPECIFIED.,.F.,.F.,(4,2,4),(-0.0830705827386924,-0.0415352972762164,
0.),.UNSPECIFIED.);
#331=B_SPLINE_CURVE_WITH_KNOTS('',3,(#11619,#11620,#11621,#11622,#11623,
#11624),.UNSPECIFIED.,.F.,.F.,(4,2,4),(-0.030391075967621,-0.0151956114385435,
0.),.UNSPECIFIED.);
#332=B_SPLINE_CURVE_WITH_KNOTS('',3,(#11636,#11637,#11638,#11639,#11640,
#11641),.UNSPECIFIED.,.F.,.F.,(4,2,4),(-0.030409351138594,-0.0152046020703877,
0.),.UNSPECIFIED.);
#333=B_SPLINE_CURVE_WITH_KNOTS('',3,(#11643,#11644,#11645,#11646,#11647,
#11648),.UNSPECIFIED.,.F.,.F.,(4,2,4),(-0.083062261250432,-0.041531124718907,
0.),.UNSPECIFIED.);
#334=B_SPLINE_CURVE_WITH_KNOTS('',3,(#11677,#11678,#11679,#11680,#11681,
#11682,#11683,#11684,#11685,#11686,#11687,#11688,#11689,#11690,#11691,#11692,
#11693,#11694,#11695,#11696,#11697,#11698,#11699,#11700,#11701,#11702,#11703,
#11704,#11705,#11706),.UNSPECIFIED.,.F.,.F.,(4,2,2,2,2,2,2,2,2,2,2,2,2,
2,4),(-1.57079632880379,-1.47716820367782,-1.38356097430293,-1.28993367977705,
-1.19630097150744,-1.10260965491952,-1.03371336070524,-0.938215067898162,
-0.842754102460914,-0.747322525484202,-0.651912415721763,-0.556503551238818,
-0.461104527506726,-0.365691498153824,-0.317596682603638),.UNSPECIFIED.);
#335=B_SPLINE_CURVE_WITH_KNOTS('',3,(#11718,#11719,#11720,#11721,#11722,
#11723,#11724,#11725,#11726,#11727,#11728,#11729,#11730,#11731,#11732,#11733,
#11734,#11735,#11736,#11737),.UNSPECIFIED.,.F.,.F.,(4,2,2,2,2,2,2,2,2,4),
(0.174327085016832,0.335446455704079,0.496495265734115,0.657711714047397,
0.772813893515733,0.937834284890292,1.10276519542448,1.26759242232454,1.43246070580567,
1.57079620852222),.UNSPECIFIED.);
#336=B_SPLINE_CURVE_WITH_KNOTS('',3,(#11745,#11746,#11747,#11748,#11749,
#11750,#11751,#11752,#11753,#11754,#11755,#11756,#11757,#11758,#11759,#11760,
#11761,#11762,#11763,#11764,#11765,#11766,#11767,#11768,#11769,#11770,#11771,
#11772,#11773,#11774),.UNSPECIFIED.,.F.,.F.,(4,2,2,2,2,2,2,2,2,2,2,2,2,
2,4),(-0.000726782606506376,0.,0.0130683985555094,0.0265260001186906,0.0391488255565238,
0.0525956869569627,0.0659304891276793,0.0782144153347433,0.0890156463907459,
0.102259510935955,0.1156549022164,0.117278230068527,0.130653365232129,0.143906761420034,
0.156341178408264),.UNSPECIFIED.);
#337=B_SPLINE_CURVE_WITH_KNOTS('',3,(#11797,#11798,#11799,#11800,#11801,
#11802,#11803,#11804,#11805,#11806,#11807,#11808,#11809,#11810),
 .UNSPECIFIED.,.F.,.F.,(4,2,2,2,2,2,4),(-0.31580589127068,-0.315099619131504,
-0.275514848991699,-0.235931343653553,-0.196609920785565,-0.157755996218045,
-0.157503352243185),.UNSPECIFIED.);
#338=B_SPLINE_CURVE_WITH_KNOTS('',3,(#11950,#11951,#11952,#11953,#11954,
#11955,#11956,#11957,#11958,#11959,#11960,#11961,#11962,#11963),
 .UNSPECIFIED.,.F.,.F.,(4,2,2,2,2,2,4),(-0.157502582951328,-0.118921780124264,
-0.0800403461603344,-0.0406481908478564,-0.0203276054310297,0.,0.000706303551787398),
 .UNSPECIFIED.);
#339=B_SPLINE_CURVE_WITH_KNOTS('',3,(#12007,#12008,#12009,#12010,#12011,
#12012,#12013,#12014,#12015,#12016,#12017,#12018,#12019,#12020,#12021,#12022,
#12023,#12024,#12025,#12026,#12027,#12028,#12029,#12030,#12031,#12032,#12033,
#12034),.UNSPECIFIED.,.F.,.F.,(4,2,2,2,2,2,2,2,2,2,2,2,2,4),(-0.157676171018259,
-0.1443830660323,-0.137420928504598,-0.124042227905895,-0.117167087158055,
-0.103644812228633,-0.0901225372992119,-0.0780796954903093,-0.0648065704794499,
-0.0513343782559084,-0.0390302129789046,-0.0255590063085872,-0.0124016715780525,
0.),.UNSPECIFIED.);
#340=B_SPLINE_CURVE_WITH_KNOTS('',3,(#12088,#12089,#12090,#12091,#12092,
#12093,#12094,#12095),.UNSPECIFIED.,.F.,.F.,(4,2,2,4),(1.52608663812538E-7,
0.428571507283405,0.934596880405832,0.999962759779016),.UNSPECIFIED.);
#341=B_SPLINE_CURVE_WITH_KNOTS('',3,(#12205,#12206,#12207,#12208,#12209,
#12210,#12211,#12212,#12213,#12214,#12215,#12216,#12217,#12218,#12219,#12220,
#12221,#12222,#12223,#12224,#12225,#12226,#12227,#12228,#12229,#12230),
 .UNSPECIFIED.,.F.,.F.,(4,2,2,2,2,2,2,2,2,2,2,2,4),(0.,0.133018976191795,
0.26603281674006,0.399041981976232,0.532046932060679,0.665088701143185,
0.79811727780478,0.931134505671242,1.06414222669157,1.19717943201517,1.33019331353618,
1.46322199400653,1.55226977843748),.UNSPECIFIED.);
#342=B_SPLINE_CURVE_WITH_KNOTS('',3,(#12261,#12262,#12263,#12264),
 .UNSPECIFIED.,.F.,.F.,(4,4),(0.562536244543211,0.927295218000269),
 .UNSPECIFIED.);
#343=B_SPLINE_CURVE_WITH_KNOTS('',3,(#12295,#12296,#12297,#12298),
 .UNSPECIFIED.,.F.,.F.,(4,4),(-0.927295218002956,-0.56253624454448),
 .UNSPECIFIED.);
#344=B_SPLINE_CURVE_WITH_KNOTS('',3,(#12325,#12326,#12327,#12328,#12329,
#12330,#12331,#12332,#12333,#12334),.UNSPECIFIED.,.F.,.F.,(4,2,2,2,4),(9.99999935770959E-7,
0.011165070375865,0.0226650191645842,0.0465447123280087,0.101333103679905),
 .UNSPECIFIED.);
#345=B_SPLINE_CURVE_WITH_KNOTS('',3,(#12364,#12365,#12366,#12367,#12368,
#12369,#12370,#12371,#12372,#12373),.UNSPECIFIED.,.F.,.F.,(4,2,2,2,4),(9.99999578283071E-7,
0.0512286834864509,0.0735568679642472,0.0843096440351137,0.0947492998680819),
 .UNSPECIFIED.);
#346=B_SPLINE_CURVE_WITH_KNOTS('',3,(#12387,#12388,#12389,#12390,#12391,
#12392),.UNSPECIFIED.,.F.,.F.,(4,1,1,4),(-0.285066894970597,-0.228053515976478,
-0.171040136982358,-0.00046518714784128),.UNSPECIFIED.);
#347=B_SPLINE_CURVE_WITH_KNOTS('',3,(#12398,#12399,#12400,#12401,#12402,
#12403),.UNSPECIFIED.,.F.,.F.,(4,2,4),(0.,0.0517873327839382,0.103587691737525),
 .UNSPECIFIED.);
#348=B_SPLINE_CURVE_WITH_KNOTS('',3,(#12405,#12406,#12407,#12408,#12409,
#12410,#12411,#12412,#12413,#12414,#12415,#12416,#12417),.UNSPECIFIED.,
 .F.,.F.,(4,3,3,3,4),(1.64027657690595E-15,0.0144355749414282,0.0202174168902732,
0.0347106233170534,0.0399462381438865),.UNSPECIFIED.);
#349=B_SPLINE_CURVE_WITH_KNOTS('',3,(#12421,#12422,#12423,#12424,#12425,
#12426,#12427,#12428,#12429,#12430,#12431,#12432,#12433),.UNSPECIFIED.,
 .F.,.F.,(4,3,3,3,4),(0.,0.0144931414588969,0.0197287328155712,0.0341642430453569,
0.039946059077602),.UNSPECIFIED.);
#350=B_SPLINE_CURVE_WITH_KNOTS('',3,(#12435,#12436,#12437,#12438,#12439,
#12440),.UNSPECIFIED.,.F.,.F.,(4,2,4),(0.,0.0560951911268345,0.112176276066396),
 .UNSPECIFIED.);
#351=B_SPLINE_CURVE_WITH_KNOTS('',3,(#12645,#12646,#12647,#12648,#12649,
#12650,#12651,#12652),.UNSPECIFIED.,.F.,.F.,(4,2,2,4),(0.,0.0170245663207854,
0.034189407938136,0.0386425281934932),.UNSPECIFIED.);
#352=B_SPLINE_CURVE_WITH_KNOTS('',3,(#12653,#12654,#12655,#12656,#12657,
#12658,#12659,#12660),.UNSPECIFIED.,.F.,.F.,(4,1,1,2,4),(0.035340348882972,
0.149364026779565,0.206375865727861,0.320399543624454,0.321244612133685),
 .UNSPECIFIED.);
#353=B_SPLINE_CURVE_WITH_KNOTS('',3,(#12672,#12673,#12674,#12675,#12676,
#12677),.UNSPECIFIED.,.F.,.F.,(4,1,1,4),(0.000459964871349557,0.171040136982358,
0.228053515976478,0.285066894970597),.UNSPECIFIED.);
#354=B_SPLINE_CURVE_WITH_KNOTS('',3,(#12678,#12679,#12680,#12681,#12682,
#12683,#12684,#12685),.UNSPECIFIED.,.F.,.F.,(4,2,2,4),(0.,0.017331029353173,
0.0345037561824707,0.0386205055279554),.UNSPECIFIED.);
#355=B_SPLINE_CURVE_WITH_KNOTS('',3,(#12688,#12689,#12690,#12691,#12692,
#12693,#12694,#12695),.UNSPECIFIED.,.F.,.F.,(4,2,1,1,4),(-0.321244612133685,
-0.320399543624454,-0.206375865727861,-0.149364026779565,-0.035340348882972),
 .UNSPECIFIED.);
#356=CIRCLE('',#6214,1.95);
#357=CIRCLE('',#6216,1.95000000000001);
#358=CIRCLE('',#6217,2.40000442636833);
#359=CIRCLE('',#6218,2.40005486468514);
#360=CIRCLE('',#6219,2.3999771577706);
#361=CIRCLE('',#6220,1.599907588047);
#362=CIRCLE('',#6221,2.40016529247543);
#363=CIRCLE('',#6222,1.600112197071);
#364=CIRCLE('',#6223,2.40594381079582);
#365=CIRCLE('',#6224,1.59934536782406);
#366=CIRCLE('',#6225,2.39994900559742);
#367=CIRCLE('',#6226,234.2);
#368=CIRCLE('',#6227,233.2);
#369=CIRCLE('',#6228,119.57670936989);
#370=CIRCLE('',#6229,119.57670936989);
#371=CIRCLE('',#6230,55.8000000000023);
#372=CIRCLE('',#6231,2.40000901480474);
#373=CIRCLE('',#6232,2.4000742494232);
#374=CIRCLE('',#6233,2.30000000000002);
#375=CIRCLE('',#6234,1.79965563634841);
#376=CIRCLE('',#6235,1.7996556363499);
#377=CIRCLE('',#6236,1.7996556363493);
#378=CIRCLE('',#6237,1.79965563634996);
#379=CIRCLE('',#6238,2.05);
#380=CIRCLE('',#6239,2.05);
#381=CIRCLE('',#6240,1.79965563634924);
#382=CIRCLE('',#6241,1.79965563634982);
#383=CIRCLE('',#6242,1.79965563634901);
#384=CIRCLE('',#6243,1.79965563634994);
#385=CIRCLE('',#6244,1.95);
#386=CIRCLE('',#6245,1.95000000000001);
#387=CIRCLE('',#6253,1.79999555806033);
#388=CIRCLE('',#6256,1.95);
#389=CIRCLE('',#6257,1.95000000000001);
#390=CIRCLE('',#6259,1.95000000000001);
#391=CIRCLE('',#6260,1.95000000000001);
#392=CIRCLE('',#6261,1.95000000000001);
#393=CIRCLE('',#6262,1.95000000000001);
#394=CIRCLE('',#6293,2.15);
#395=CIRCLE('',#6294,2.33303027798232);
#396=CIRCLE('',#6295,2.33303027798238);
#397=CIRCLE('',#6296,2.33303027798235);
#398=CIRCLE('',#6297,2.15000000000001);
#399=CIRCLE('',#6313,1.7996556363499);
#400=CIRCLE('',#6316,1.79965563634841);
#401=CIRCLE('',#6319,1.79965563634996);
#402=CIRCLE('',#6322,1.7996556363493);
#403=CIRCLE('',#6350,1.95);
#404=CIRCLE('',#6352,1.95);
#405=CIRCLE('',#6356,1.99999999999999);
#406=CIRCLE('',#6358,1.99999999999999);
#407=CIRCLE('',#6361,1.);
#408=CIRCLE('',#6362,0.399907588046995);
#409=CIRCLE('',#6363,3.60016529247543);
#410=CIRCLE('',#6364,0.400112197070999);
#411=CIRCLE('',#6365,3.60594381079582);
#412=CIRCLE('',#6366,0.799345367824064);
#413=CIRCLE('',#6367,3.59994900559742);
#414=CIRCLE('',#6368,235.4);
#415=CIRCLE('',#6369,118.37670936989);
#416=CIRCLE('',#6370,54.6);
#417=CIRCLE('',#6371,3.60000901479462);
#418=CIRCLE('',#6372,3.60007424892679);
#419=CIRCLE('',#6373,1.10000000000001);
#420=CIRCLE('',#6374,3.60002240575253);
#421=CIRCLE('',#6375,0.5);
#422=CIRCLE('',#6376,3.60000442636833);
#423=CIRCLE('',#6377,0.5);
#424=CIRCLE('',#6378,3.60005486468514);
#425=CIRCLE('',#6379,3.59997715777061);
#426=CIRCLE('',#6380,2.40002240579672);
#427=CIRCLE('',#6381,2.30000000000001);
#428=CIRCLE('',#6382,2.40007424942434);
#429=CIRCLE('',#6383,2.40000901479789);
#430=CIRCLE('',#6384,55.8);
#431=CIRCLE('',#6385,119.57670936989);
#432=CIRCLE('',#6386,234.199999999994);
#433=CIRCLE('',#6387,2.3999490173726);
#434=CIRCLE('',#6388,1.59934536782406);
#435=CIRCLE('',#6389,2.40594381079582);
#436=CIRCLE('',#6390,1.600112197071);
#437=CIRCLE('',#6391,2.40016529392319);
#438=CIRCLE('',#6392,1.599907588047);
#439=CIRCLE('',#6393,2.39997715779417);
#440=CIRCLE('',#6394,2.40005486489052);
#441=CIRCLE('',#6395,2.40000442637018);
#442=CIRCLE('',#6397,2.03500000000105);
#443=CIRCLE('',#6398,1.53499999999999);
#444=CIRCLE('',#6401,1.53500000000001);
#445=CIRCLE('',#6402,2.03499999999896);
#446=CIRCLE('',#6404,118.37670936989);
#447=CIRCLE('',#6405,235.4);
#448=CIRCLE('',#6406,234.2);
#449=CIRCLE('',#6407,119.57670936989);
#450=CIRCLE('',#6409,1.70000000000075);
#451=CIRCLE('',#6410,1.2);
#452=CIRCLE('',#6413,1.19999999999999);
#453=CIRCLE('',#6414,1.69999999999924);
#454=CIRCLE('',#6420,0.8115);
#455=CIRCLE('',#6421,0.8115);
#456=CIRCLE('',#6424,0.8115);
#457=CIRCLE('',#6425,0.8115);
#458=CIRCLE('',#6428,0.8115);
#459=CIRCLE('',#6429,0.8115);
#460=CIRCLE('',#6432,0.8115);
#461=CIRCLE('',#6433,0.8115);
#462=CIRCLE('',#6436,2.05);
#463=CIRCLE('',#6439,2.05);
#464=CIRCLE('',#6442,2.15);
#465=CIRCLE('',#6450,2.15000000000001);
#466=CIRCLE('',#6454,1.99999999999998);
#467=CIRCLE('',#6458,1.99999999999998);
#468=CIRCLE('',#6462,233.2);
#469=CIRCLE('',#6468,119.420873599828);
#470=CIRCLE('',#6472,0.8115);
#471=CIRCLE('',#6473,0.8115);
#472=CIRCLE('',#6479,0.8115);
#473=CIRCLE('',#6480,0.8115);
#474=CIRCLE('',#6483,1.95000000000001);
#475=CIRCLE('',#6494,2.40002240575253);
#476=CIRCLE('',#6498,1.79965563634901);
#477=CIRCLE('',#6503,1.53499999999999);
#478=CIRCLE('',#6504,1.53499999999999);
#479=CIRCLE('',#6506,1.95);
#480=CIRCLE('',#6524,1.2);
#481=CIRCLE('',#6525,1.2);
#482=CIRCLE('',#6527,1.53500000000001);
#483=CIRCLE('',#6528,1.53500000000001);
#484=CIRCLE('',#6532,54.5999999999997);
#485=CIRCLE('',#6539,1.09999999999994);
#486=CIRCLE('',#6542,3.60007424876083);
#487=CIRCLE('',#6545,3.60000901479337);
#488=CIRCLE('',#6551,0.799778956571136);
#489=CIRCLE('',#6557,0.999999999999996);
#490=CIRCLE('',#6558,0.999999999999996);
#491=CIRCLE('',#6560,0.999999999999996);
#492=CIRCLE('',#6561,0.999999999999996);
#493=CIRCLE('',#6563,1.53499999999998);
#494=CIRCLE('',#6564,1.53499999999998);
#495=CIRCLE('',#6567,1.53499999999999);
#496=CIRCLE('',#6568,1.53499999999999);
#497=CIRCLE('',#6581,0.999999999999999);
#498=CIRCLE('',#6586,0.999999998321119);
#499=CIRCLE('',#6587,1.);
#500=CIRCLE('',#6589,55.5999999999997);
#501=CIRCLE('',#6590,1.);
#502=CIRCLE('',#6592,1.);
#503=CIRCLE('',#6594,2.60000901479337);
#504=CIRCLE('',#6595,1.);
#505=CIRCLE('',#6597,1.);
#506=CIRCLE('',#6599,2.60007424876083);
#507=CIRCLE('',#6600,1.);
#508=CIRCLE('',#6602,0.999999999999996);
#509=CIRCLE('',#6604,0.999999999999995);
#510=CIRCLE('',#6605,0.999999999999994);
#511=CIRCLE('',#6606,0.999999999999988);
#512=CIRCLE('',#6608,0.999999999999999);
#513=CIRCLE('',#6609,0.999999999999986);
#514=CIRCLE('',#6610,0.999999999999988);
#515=CIRCLE('',#6614,2.09999999999994);
#516=CIRCLE('',#6615,0.999999999999971);
#517=CIRCLE('',#6618,0.999999999999979);
#518=CIRCLE('',#6619,0.999999999989244);
#519=CIRCLE('',#6620,1.);
#520=CIRCLE('',#6622,1.);
#521=CIRCLE('',#6623,0.999999999999992);
#522=CIRCLE('',#6625,0.999999999999999);
#523=CIRCLE('',#6626,1.00000000229638);
#524=CIRCLE('',#6628,0.99999999995702);
#525=CIRCLE('',#6629,1.00000000000001);
#526=CIRCLE('',#6631,0.999999999999998);
#527=CIRCLE('',#6632,1.00000000184235);
#528=CIRCLE('',#6636,1.19999999999999);
#529=CIRCLE('',#6637,1.19999999999999);
#530=CIRCLE('',#6640,1.70000000000159);
#531=CIRCLE('',#6643,1.50000000000151);
#532=CIRCLE('',#6646,1.49999999999849);
#533=CIRCLE('',#6649,1.6999999999984);
#534=CIRCLE('',#6652,2.03499999999832);
#535=CIRCLE('',#6653,2.03500000000165);
#536=CIRCLE('',#6654,2.03500000000131);
#537=CIRCLE('',#6655,2.03499999999867);
#538=CIRCLE('',#6669,1.79965563634982);
#539=CIRCLE('',#6683,3.60002240573778);
#540=CIRCLE('',#6684,3.1999999999878);
#541=CIRCLE('',#6685,0.400022405737781);
#542=CIRCLE('',#6686,3.2);
#543=CIRCLE('',#6688,2.42);
#544=CIRCLE('',#6690,2.42);
#545=CIRCLE('',#6692,3.2);
#546=CIRCLE('',#6693,3.2);
#547=CIRCLE('',#6695,3.2);
#548=CIRCLE('',#6697,2.42);
#549=CIRCLE('',#6699,3.2);
#550=CIRCLE('',#6701,0.78);
#551=CIRCLE('',#6703,0.78);
#552=CIRCLE('',#6705,0.78);
#553=CIRCLE('',#6707,0.78);
#554=CIRCLE('',#6710,0.599999999999999);
#555=CIRCLE('',#6711,0.600000000000005);
#556=CIRCLE('',#6713,0.6);
#557=CIRCLE('',#6714,0.599999999999998);
#558=CIRCLE('',#6717,0.599999999999987);
#559=CIRCLE('',#6718,0.600000000000005);
#560=CIRCLE('',#6719,3.8);
#561=CIRCLE('',#6723,2.33303027798234);
#562=CIRCLE('',#6725,2.33303027798234);
#563=CIRCLE('',#6728,2.33303027798234);
#564=CIRCLE('',#6734,118.421167811191);
#565=FACE_OUTER_BOUND('',#899,.T.);
#566=FACE_OUTER_BOUND('',#900,.T.);
#567=FACE_OUTER_BOUND('',#901,.T.);
#568=FACE_OUTER_BOUND('',#911,.T.);
#569=FACE_OUTER_BOUND('',#912,.T.);
#570=FACE_OUTER_BOUND('',#913,.T.);
#571=FACE_OUTER_BOUND('',#914,.T.);
#572=FACE_OUTER_BOUND('',#915,.T.);
#573=FACE_OUTER_BOUND('',#916,.T.);
#574=FACE_OUTER_BOUND('',#917,.T.);
#575=FACE_OUTER_BOUND('',#918,.T.);
#576=FACE_OUTER_BOUND('',#919,.T.);
#577=FACE_OUTER_BOUND('',#920,.T.);
#578=FACE_OUTER_BOUND('',#921,.T.);
#579=FACE_OUTER_BOUND('',#922,.T.);
#580=FACE_OUTER_BOUND('',#923,.T.);
#581=FACE_OUTER_BOUND('',#928,.T.);
#582=FACE_OUTER_BOUND('',#929,.T.);
#583=FACE_OUTER_BOUND('',#930,.T.);
#584=FACE_OUTER_BOUND('',#931,.T.);
#585=FACE_OUTER_BOUND('',#933,.T.);
#586=FACE_OUTER_BOUND('',#934,.T.);
#587=FACE_OUTER_BOUND('',#935,.T.);
#588=FACE_OUTER_BOUND('',#936,.T.);
#589=FACE_OUTER_BOUND('',#937,.T.);
#590=FACE_OUTER_BOUND('',#938,.T.);
#591=FACE_OUTER_BOUND('',#939,.T.);
#592=FACE_OUTER_BOUND('',#940,.T.);
#593=FACE_OUTER_BOUND('',#941,.T.);
#594=FACE_OUTER_BOUND('',#942,.T.);
#595=FACE_OUTER_BOUND('',#943,.T.);
#596=FACE_OUTER_BOUND('',#944,.T.);
#597=FACE_OUTER_BOUND('',#945,.T.);
#598=FACE_OUTER_BOUND('',#946,.T.);
#599=FACE_OUTER_BOUND('',#947,.T.);
#600=FACE_OUTER_BOUND('',#948,.T.);
#601=FACE_OUTER_BOUND('',#949,.T.);
#602=FACE_OUTER_BOUND('',#950,.T.);
#603=FACE_OUTER_BOUND('',#951,.T.);
#604=FACE_OUTER_BOUND('',#952,.T.);
#605=FACE_OUTER_BOUND('',#953,.T.);
#606=FACE_OUTER_BOUND('',#954,.T.);
#607=FACE_OUTER_BOUND('',#955,.T.);
#608=FACE_OUTER_BOUND('',#956,.T.);
#609=FACE_OUTER_BOUND('',#957,.T.);
#610=FACE_OUTER_BOUND('',#958,.T.);
#611=FACE_OUTER_BOUND('',#959,.T.);
#612=FACE_OUTER_BOUND('',#960,.T.);
#613=FACE_OUTER_BOUND('',#961,.T.);
#614=FACE_OUTER_BOUND('',#962,.T.);
#615=FACE_OUTER_BOUND('',#963,.T.);
#616=FACE_OUTER_BOUND('',#964,.T.);
#617=FACE_OUTER_BOUND('',#965,.T.);
#618=FACE_OUTER_BOUND('',#966,.T.);
#619=FACE_OUTER_BOUND('',#967,.T.);
#620=FACE_OUTER_BOUND('',#968,.T.);
#621=FACE_OUTER_BOUND('',#969,.T.);
#622=FACE_OUTER_BOUND('',#970,.T.);
#623=FACE_OUTER_BOUND('',#971,.T.);
#624=FACE_OUTER_BOUND('',#972,.T.);
#625=FACE_OUTER_BOUND('',#973,.T.);
#626=FACE_OUTER_BOUND('',#974,.T.);
#627=FACE_OUTER_BOUND('',#975,.T.);
#628=FACE_OUTER_BOUND('',#976,.T.);
#629=FACE_OUTER_BOUND('',#977,.T.);
#630=FACE_OUTER_BOUND('',#978,.T.);
#631=FACE_OUTER_BOUND('',#979,.T.);
#632=FACE_OUTER_BOUND('',#980,.T.);
#633=FACE_OUTER_BOUND('',#981,.T.);
#634=FACE_OUTER_BOUND('',#982,.T.);
#635=FACE_OUTER_BOUND('',#983,.T.);
#636=FACE_OUTER_BOUND('',#984,.T.);
#637=FACE_OUTER_BOUND('',#985,.T.);
#638=FACE_OUTER_BOUND('',#986,.T.);
#639=FACE_OUTER_BOUND('',#987,.T.);
#640=FACE_OUTER_BOUND('',#988,.T.);
#641=FACE_OUTER_BOUND('',#989,.T.);
#642=FACE_OUTER_BOUND('',#990,.T.);
#643=FACE_OUTER_BOUND('',#991,.T.);
#644=FACE_OUTER_BOUND('',#992,.T.);
#645=FACE_OUTER_BOUND('',#993,.T.);
#646=FACE_OUTER_BOUND('',#994,.T.);
#647=FACE_OUTER_BOUND('',#995,.T.);
#648=FACE_OUTER_BOUND('',#996,.T.);
#649=FACE_OUTER_BOUND('',#997,.T.);
#650=FACE_OUTER_BOUND('',#998,.T.);
#651=FACE_OUTER_BOUND('',#999,.T.);
#652=FACE_OUTER_BOUND('',#1000,.T.);
#653=FACE_OUTER_BOUND('',#1001,.T.);
#654=FACE_OUTER_BOUND('',#1002,.T.);
#655=FACE_OUTER_BOUND('',#1003,.T.);
#656=FACE_OUTER_BOUND('',#1004,.T.);
#657=FACE_OUTER_BOUND('',#1005,.T.);
#658=FACE_OUTER_BOUND('',#1006,.T.);
#659=FACE_OUTER_BOUND('',#1007,.T.);
#660=FACE_OUTER_BOUND('',#1008,.T.);
#661=FACE_OUTER_BOUND('',#1010,.T.);
#662=FACE_OUTER_BOUND('',#1011,.T.);
#663=FACE_OUTER_BOUND('',#1012,.T.);
#664=FACE_OUTER_BOUND('',#1013,.T.);
#665=FACE_OUTER_BOUND('',#1014,.T.);
#666=FACE_OUTER_BOUND('',#1015,.T.);
#667=FACE_OUTER_BOUND('',#1016,.T.);
#668=FACE_OUTER_BOUND('',#1017,.T.);
#669=FACE_OUTER_BOUND('',#1018,.T.);
#670=FACE_OUTER_BOUND('',#1019,.T.);
#671=FACE_OUTER_BOUND('',#1020,.T.);
#672=FACE_OUTER_BOUND('',#1021,.T.);
#673=FACE_OUTER_BOUND('',#1022,.T.);
#674=FACE_OUTER_BOUND('',#1023,.T.);
#675=FACE_OUTER_BOUND('',#1024,.T.);
#676=FACE_OUTER_BOUND('',#1025,.T.);
#677=FACE_OUTER_BOUND('',#1026,.T.);
#678=FACE_OUTER_BOUND('',#1027,.T.);
#679=FACE_OUTER_BOUND('',#1028,.T.);
#680=FACE_OUTER_BOUND('',#1029,.T.);
#681=FACE_OUTER_BOUND('',#1030,.T.);
#682=FACE_OUTER_BOUND('',#1032,.T.);
#683=FACE_OUTER_BOUND('',#1033,.T.);
#684=FACE_OUTER_BOUND('',#1035,.T.);
#685=FACE_OUTER_BOUND('',#1036,.T.);
#686=FACE_OUTER_BOUND('',#1037,.T.);
#687=FACE_OUTER_BOUND('',#1038,.T.);
#688=FACE_OUTER_BOUND('',#1039,.T.);
#689=FACE_OUTER_BOUND('',#1040,.T.);
#690=FACE_OUTER_BOUND('',#1041,.T.);
#691=FACE_OUTER_BOUND('',#1042,.T.);
#692=FACE_OUTER_BOUND('',#1043,.T.);
#693=FACE_OUTER_BOUND('',#1044,.T.);
#694=FACE_OUTER_BOUND('',#1045,.T.);
#695=FACE_OUTER_BOUND('',#1046,.T.);
#696=FACE_OUTER_BOUND('',#1047,.T.);
#697=FACE_OUTER_BOUND('',#1048,.T.);
#698=FACE_OUTER_BOUND('',#1049,.T.);
#699=FACE_OUTER_BOUND('',#1050,.T.);
#700=FACE_OUTER_BOUND('',#1051,.T.);
#701=FACE_OUTER_BOUND('',#1052,.T.);
#702=FACE_OUTER_BOUND('',#1053,.T.);
#703=FACE_OUTER_BOUND('',#1054,.T.);
#704=FACE_OUTER_BOUND('',#1055,.T.);
#705=FACE_OUTER_BOUND('',#1056,.T.);
#706=FACE_OUTER_BOUND('',#1057,.T.);
#707=FACE_OUTER_BOUND('',#1058,.T.);
#708=FACE_OUTER_BOUND('',#1059,.T.);
#709=FACE_OUTER_BOUND('',#1060,.T.);
#710=FACE_OUTER_BOUND('',#1061,.T.);
#711=FACE_OUTER_BOUND('',#1063,.T.);
#712=FACE_OUTER_BOUND('',#1064,.T.);
#713=FACE_OUTER_BOUND('',#1065,.T.);
#714=FACE_OUTER_BOUND('',#1066,.T.);
#715=FACE_OUTER_BOUND('',#1067,.T.);
#716=FACE_OUTER_BOUND('',#1068,.T.);
#717=FACE_OUTER_BOUND('',#1070,.T.);
#718=FACE_OUTER_BOUND('',#1071,.T.);
#719=FACE_OUTER_BOUND('',#1072,.T.);
#720=FACE_OUTER_BOUND('',#1073,.T.);
#721=FACE_OUTER_BOUND('',#1074,.T.);
#722=FACE_OUTER_BOUND('',#1075,.T.);
#723=FACE_OUTER_BOUND('',#1076,.T.);
#724=FACE_OUTER_BOUND('',#1077,.T.);
#725=FACE_OUTER_BOUND('',#1078,.T.);
#726=FACE_OUTER_BOUND('',#1079,.T.);
#727=FACE_OUTER_BOUND('',#1080,.T.);
#728=FACE_OUTER_BOUND('',#1081,.T.);
#729=FACE_OUTER_BOUND('',#1082,.T.);
#730=FACE_OUTER_BOUND('',#1083,.T.);
#731=FACE_OUTER_BOUND('',#1084,.T.);
#732=FACE_OUTER_BOUND('',#1085,.T.);
#733=FACE_OUTER_BOUND('',#1086,.T.);
#734=FACE_OUTER_BOUND('',#1088,.T.);
#735=FACE_OUTER_BOUND('',#1089,.T.);
#736=FACE_OUTER_BOUND('',#1091,.T.);
#737=FACE_OUTER_BOUND('',#1092,.T.);
#738=FACE_OUTER_BOUND('',#1093,.T.);
#739=FACE_OUTER_BOUND('',#1094,.T.);
#740=FACE_OUTER_BOUND('',#1095,.T.);
#741=FACE_OUTER_BOUND('',#1096,.T.);
#742=FACE_OUTER_BOUND('',#1097,.T.);
#743=FACE_OUTER_BOUND('',#1098,.T.);
#744=FACE_OUTER_BOUND('',#1099,.T.);
#745=FACE_OUTER_BOUND('',#1100,.T.);
#746=FACE_OUTER_BOUND('',#1101,.T.);
#747=FACE_OUTER_BOUND('',#1102,.T.);
#748=FACE_OUTER_BOUND('',#1103,.T.);
#749=FACE_OUTER_BOUND('',#1104,.T.);
#750=FACE_OUTER_BOUND('',#1105,.T.);
#751=FACE_OUTER_BOUND('',#1106,.T.);
#752=FACE_OUTER_BOUND('',#1107,.T.);
#753=FACE_OUTER_BOUND('',#1108,.T.);
#754=FACE_OUTER_BOUND('',#1109,.T.);
#755=FACE_OUTER_BOUND('',#1110,.T.);
#756=FACE_OUTER_BOUND('',#1111,.T.);
#757=FACE_OUTER_BOUND('',#1112,.T.);
#758=FACE_OUTER_BOUND('',#1113,.T.);
#759=FACE_OUTER_BOUND('',#1114,.T.);
#760=FACE_OUTER_BOUND('',#1115,.T.);
#761=FACE_OUTER_BOUND('',#1116,.T.);
#762=FACE_OUTER_BOUND('',#1117,.T.);
#763=FACE_OUTER_BOUND('',#1118,.T.);
#764=FACE_OUTER_BOUND('',#1119,.T.);
#765=FACE_OUTER_BOUND('',#1120,.T.);
#766=FACE_OUTER_BOUND('',#1121,.T.);
#767=FACE_OUTER_BOUND('',#1122,.T.);
#768=FACE_OUTER_BOUND('',#1123,.T.);
#769=FACE_OUTER_BOUND('',#1124,.T.);
#770=FACE_OUTER_BOUND('',#1125,.T.);
#771=FACE_OUTER_BOUND('',#1126,.T.);
#772=FACE_OUTER_BOUND('',#1127,.T.);
#773=FACE_OUTER_BOUND('',#1128,.T.);
#774=FACE_OUTER_BOUND('',#1129,.T.);
#775=FACE_OUTER_BOUND('',#1130,.T.);
#776=FACE_OUTER_BOUND('',#1131,.T.);
#777=FACE_OUTER_BOUND('',#1132,.T.);
#778=FACE_OUTER_BOUND('',#1133,.T.);
#779=FACE_OUTER_BOUND('',#1134,.T.);
#780=FACE_OUTER_BOUND('',#1135,.T.);
#781=FACE_OUTER_BOUND('',#1136,.T.);
#782=FACE_OUTER_BOUND('',#1137,.T.);
#783=FACE_OUTER_BOUND('',#1138,.T.);
#784=FACE_OUTER_BOUND('',#1139,.T.);
#785=FACE_OUTER_BOUND('',#1140,.T.);
#786=FACE_OUTER_BOUND('',#1141,.T.);
#787=FACE_OUTER_BOUND('',#1142,.T.);
#788=FACE_OUTER_BOUND('',#1143,.T.);
#789=FACE_OUTER_BOUND('',#1144,.T.);
#790=FACE_OUTER_BOUND('',#1145,.T.);
#791=FACE_OUTER_BOUND('',#1146,.T.);
#792=FACE_OUTER_BOUND('',#1147,.T.);
#793=FACE_OUTER_BOUND('',#1148,.T.);
#794=FACE_OUTER_BOUND('',#1149,.T.);
#795=FACE_OUTER_BOUND('',#1150,.T.);
#796=FACE_OUTER_BOUND('',#1151,.T.);
#797=FACE_OUTER_BOUND('',#1152,.T.);
#798=FACE_OUTER_BOUND('',#1153,.T.);
#799=FACE_OUTER_BOUND('',#1154,.T.);
#800=FACE_OUTER_BOUND('',#1155,.T.);
#801=FACE_OUTER_BOUND('',#1156,.T.);
#802=FACE_OUTER_BOUND('',#1157,.T.);
#803=FACE_OUTER_BOUND('',#1158,.T.);
#804=FACE_OUTER_BOUND('',#1159,.T.);
#805=FACE_OUTER_BOUND('',#1160,.T.);
#806=FACE_OUTER_BOUND('',#1161,.T.);
#807=FACE_OUTER_BOUND('',#1162,.T.);
#808=FACE_OUTER_BOUND('',#1163,.T.);
#809=FACE_OUTER_BOUND('',#1164,.T.);
#810=FACE_OUTER_BOUND('',#1165,.T.);
#811=FACE_OUTER_BOUND('',#1166,.T.);
#812=FACE_OUTER_BOUND('',#1167,.T.);
#813=FACE_OUTER_BOUND('',#1168,.T.);
#814=FACE_OUTER_BOUND('',#1169,.T.);
#815=FACE_OUTER_BOUND('',#1170,.T.);
#816=FACE_OUTER_BOUND('',#1171,.T.);
#817=FACE_OUTER_BOUND('',#1172,.T.);
#818=FACE_OUTER_BOUND('',#1173,.T.);
#819=FACE_OUTER_BOUND('',#1174,.T.);
#820=FACE_OUTER_BOUND('',#1175,.T.);
#821=FACE_OUTER_BOUND('',#1176,.T.);
#822=FACE_OUTER_BOUND('',#1177,.T.);
#823=FACE_OUTER_BOUND('',#1178,.T.);
#824=FACE_OUTER_BOUND('',#1179,.T.);
#825=FACE_OUTER_BOUND('',#1180,.T.);
#826=FACE_OUTER_BOUND('',#1181,.T.);
#827=FACE_OUTER_BOUND('',#1182,.T.);
#828=FACE_OUTER_BOUND('',#1183,.T.);
#829=FACE_OUTER_BOUND('',#1184,.T.);
#830=FACE_OUTER_BOUND('',#1185,.T.);
#831=FACE_OUTER_BOUND('',#1186,.T.);
#832=FACE_OUTER_BOUND('',#1187,.T.);
#833=FACE_OUTER_BOUND('',#1188,.T.);
#834=FACE_OUTER_BOUND('',#1189,.T.);
#835=FACE_OUTER_BOUND('',#1190,.T.);
#836=FACE_OUTER_BOUND('',#1191,.T.);
#837=FACE_OUTER_BOUND('',#1192,.T.);
#838=FACE_OUTER_BOUND('',#1193,.T.);
#839=FACE_OUTER_BOUND('',#1194,.T.);
#840=FACE_OUTER_BOUND('',#1195,.T.);
#841=FACE_OUTER_BOUND('',#1196,.T.);
#842=FACE_OUTER_BOUND('',#1197,.T.);
#843=FACE_OUTER_BOUND('',#1198,.T.);
#844=FACE_OUTER_BOUND('',#1199,.T.);
#845=FACE_OUTER_BOUND('',#1200,.T.);
#846=FACE_OUTER_BOUND('',#1201,.T.);
#847=FACE_OUTER_BOUND('',#1202,.T.);
#848=FACE_OUTER_BOUND('',#1203,.T.);
#849=FACE_OUTER_BOUND('',#1204,.T.);
#850=FACE_OUTER_BOUND('',#1205,.T.);
#851=FACE_OUTER_BOUND('',#1206,.T.);
#852=FACE_OUTER_BOUND('',#1207,.T.);
#853=FACE_OUTER_BOUND('',#1208,.T.);
#854=FACE_OUTER_BOUND('',#1210,.T.);
#855=FACE_OUTER_BOUND('',#1211,.T.);
#856=FACE_OUTER_BOUND('',#1212,.T.);
#857=FACE_OUTER_BOUND('',#1213,.T.);
#858=FACE_OUTER_BOUND('',#1214,.T.);
#859=FACE_OUTER_BOUND('',#1215,.T.);
#860=FACE_OUTER_BOUND('',#1216,.T.);
#861=FACE_OUTER_BOUND('',#1217,.T.);
#862=FACE_OUTER_BOUND('',#1218,.T.);
#863=FACE_OUTER_BOUND('',#1219,.T.);
#864=FACE_OUTER_BOUND('',#1220,.T.);
#865=FACE_OUTER_BOUND('',#1221,.T.);
#866=FACE_OUTER_BOUND('',#1222,.T.);
#867=FACE_OUTER_BOUND('',#1223,.T.);
#868=FACE_OUTER_BOUND('',#1224,.T.);
#869=FACE_OUTER_BOUND('',#1226,.T.);
#870=FACE_OUTER_BOUND('',#1227,.T.);
#871=FACE_OUTER_BOUND('',#1228,.T.);
#872=FACE_OUTER_BOUND('',#1229,.T.);
#873=FACE_OUTER_BOUND('',#1230,.T.);
#874=FACE_OUTER_BOUND('',#1231,.T.);
#875=FACE_OUTER_BOUND('',#1232,.T.);
#876=FACE_OUTER_BOUND('',#1233,.T.);
#877=FACE_OUTER_BOUND('',#1234,.T.);
#878=FACE_OUTER_BOUND('',#1235,.T.);
#879=FACE_OUTER_BOUND('',#1236,.T.);
#880=FACE_OUTER_BOUND('',#1237,.T.);
#881=FACE_OUTER_BOUND('',#1238,.T.);
#882=FACE_OUTER_BOUND('',#1239,.T.);
#883=FACE_OUTER_BOUND('',#1240,.T.);
#884=FACE_OUTER_BOUND('',#1241,.T.);
#885=FACE_OUTER_BOUND('',#1242,.T.);
#886=FACE_OUTER_BOUND('',#1243,.T.);
#887=FACE_OUTER_BOUND('',#1244,.T.);
#888=FACE_OUTER_BOUND('',#1245,.T.);
#889=FACE_OUTER_BOUND('',#1246,.T.);
#890=FACE_OUTER_BOUND('',#1248,.T.);
#891=FACE_OUTER_BOUND('',#1249,.T.);
#892=FACE_OUTER_BOUND('',#1250,.T.);
#893=FACE_OUTER_BOUND('',#1251,.T.);
#894=FACE_OUTER_BOUND('',#1252,.T.);
#895=FACE_OUTER_BOUND('',#1253,.T.);
#896=FACE_OUTER_BOUND('',#1254,.T.);
#897=FACE_OUTER_BOUND('',#1255,.T.);
#898=FACE_OUTER_BOUND('',#1256,.T.);
#899=EDGE_LOOP('',(#3881,#3882,#3883,#3884));
#900=EDGE_LOOP('',(#3885,#3886,#3887,#3888));
#901=EDGE_LOOP('',(#3889,#3890,#3891,#3892,#3893,#3894,#3895,#3896,#3897,
#3898,#3899,#3900,#3901,#3902,#3903,#3904,#3905,#3906,#3907,#3908,#3909,
#3910,#3911,#3912,#3913,#3914,#3915,#3916,#3917,#3918,#3919,#3920,#3921,
#3922,#3923,#3924,#3925,#3926,#3927,#3928,#3929,#3930,#3931,#3932,#3933,
#3934,#3935,#3936,#3937,#3938,#3939,#3940,#3941,#3942,#3943,#3944,#3945,
#3946,#3947,#3948,#3949,#3950,#3951,#3952,#3953,#3954,#3955,#3956,#3957,
#3958,#3959,#3960,#3961,#3962,#3963,#3964));
#902=EDGE_LOOP('',(#3965,#3966,#3967,#3968,#3969,#3970,#3971,#3972,#3973,
#3974,#3975,#3976,#3977,#3978,#3979,#3980));
#903=EDGE_LOOP('',(#3981,#3982,#3983,#3984,#3985,#3986,#3987,#3988));
#904=EDGE_LOOP('',(#3989,#3990,#3991,#3992,#3993,#3994,#3995,#3996,#3997,
#3998,#3999,#4000,#4001,#4002,#4003,#4004));
#905=EDGE_LOOP('',(#4005,#4006,#4007,#4008,#4009,#4010,#4011,#4012));
#906=EDGE_LOOP('',(#4013));
#907=EDGE_LOOP('',(#4014));
#908=EDGE_LOOP('',(#4015,#4016,#4017,#4018,#4019,#4020,#4021,#4022));
#909=EDGE_LOOP('',(#4023));
#910=EDGE_LOOP('',(#4024));
#911=EDGE_LOOP('',(#4025,#4026,#4027,#4028));
#912=EDGE_LOOP('',(#4029,#4030,#4031,#4032));
#913=EDGE_LOOP('',(#4033,#4034,#4035));
#914=EDGE_LOOP('',(#4036,#4037,#4038));
#915=EDGE_LOOP('',(#4039,#4040,#4041,#4042,#4043,#4044,#4045,#4046));
#916=EDGE_LOOP('',(#4047,#4048,#4049,#4050));
#917=EDGE_LOOP('',(#4051,#4052,#4053,#4054));
#918=EDGE_LOOP('',(#4055,#4056,#4057,#4058,#4059,#4060,#4061,#4062,#4063));
#919=EDGE_LOOP('',(#4064,#4065,#4066,#4067,#4068,#4069,#4070,#4071,#4072,
#4073,#4074,#4075,#4076,#4077));
#920=EDGE_LOOP('',(#4078,#4079,#4080,#4081));
#921=EDGE_LOOP('',(#4082,#4083,#4084,#4085));
#922=EDGE_LOOP('',(#4086,#4087,#4088,#4089,#4090,#4091,#4092));
#923=EDGE_LOOP('',(#4093,#4094,#4095,#4096,#4097,#4098,#4099,#4100,#4101,
#4102,#4103,#4104,#4105,#4106,#4107,#4108,#4109,#4110,#4111,#4112,#4113,
#4114,#4115,#4116,#4117,#4118,#4119,#4120,#4121,#4122,#4123,#4124,#4125,
#4126,#4127,#4128,#4129,#4130,#4131));
#924=EDGE_LOOP('',(#4132,#4133,#4134,#4135,#4136,#4137,#4138,#4139,#4140,
#4141,#4142,#4143,#4144,#4145,#4146,#4147,#4148,#4149,#4150,#4151,#4152,
#4153,#4154,#4155));
#925=EDGE_LOOP('',(#4156,#4157,#4158,#4159,#4160,#4161,#4162,#4163));
#926=EDGE_LOOP('',(#4164,#4165,#4166,#4167,#4168,#4169,#4170,#4171,#4172,
#4173,#4174,#4175,#4176,#4177,#4178,#4179));
#927=EDGE_LOOP('',(#4180,#4181,#4182,#4183,#4184,#4185,#4186,#4187,#4188,
#4189,#4190,#4191,#4192,#4193,#4194,#4195));
#928=EDGE_LOOP('',(#4196,#4197,#4198,#4199,#4200));
#929=EDGE_LOOP('',(#4201,#4202,#4203,#4204,#4205));
#930=EDGE_LOOP('',(#4206,#4207,#4208,#4209));
#931=EDGE_LOOP('',(#4210,#4211,#4212,#4213,#4214,#4215,#4216,#4217,#4218,
#4219,#4220));
#932=EDGE_LOOP('',(#4221,#4222,#4223,#4224));
#933=EDGE_LOOP('',(#4225,#4226,#4227,#4228));
#934=EDGE_LOOP('',(#4229,#4230,#4231,#4232));
#935=EDGE_LOOP('',(#4233,#4234,#4235,#4236));
#936=EDGE_LOOP('',(#4237,#4238,#4239,#4240));
#937=EDGE_LOOP('',(#4241,#4242,#4243,#4244));
#938=EDGE_LOOP('',(#4245,#4246,#4247,#4248));
#939=EDGE_LOOP('',(#4249,#4250,#4251,#4252));
#940=EDGE_LOOP('',(#4253,#4254,#4255,#4256));
#941=EDGE_LOOP('',(#4257,#4258,#4259,#4260));
#942=EDGE_LOOP('',(#4261,#4262,#4263,#4264));
#943=EDGE_LOOP('',(#4265,#4266,#4267,#4268));
#944=EDGE_LOOP('',(#4269,#4270,#4271,#4272));
#945=EDGE_LOOP('',(#4273,#4274,#4275,#4276));
#946=EDGE_LOOP('',(#4277,#4278,#4279,#4280));
#947=EDGE_LOOP('',(#4281,#4282,#4283,#4284));
#948=EDGE_LOOP('',(#4285,#4286,#4287,#4288));
#949=EDGE_LOOP('',(#4289,#4290,#4291,#4292));
#950=EDGE_LOOP('',(#4293,#4294,#4295,#4296));
#951=EDGE_LOOP('',(#4297,#4298,#4299,#4300));
#952=EDGE_LOOP('',(#4301,#4302,#4303,#4304));
#953=EDGE_LOOP('',(#4305,#4306,#4307,#4308));
#954=EDGE_LOOP('',(#4309,#4310,#4311,#4312));
#955=EDGE_LOOP('',(#4313,#4314,#4315,#4316));
#956=EDGE_LOOP('',(#4317,#4318,#4319,#4320));
#957=EDGE_LOOP('',(#4321,#4322,#4323,#4324));
#958=EDGE_LOOP('',(#4325,#4326,#4327,#4328));
#959=EDGE_LOOP('',(#4329,#4330,#4331,#4332));
#960=EDGE_LOOP('',(#4333,#4334,#4335,#4336));
#961=EDGE_LOOP('',(#4337,#4338,#4339,#4340));
#962=EDGE_LOOP('',(#4341,#4342,#4343,#4344));
#963=EDGE_LOOP('',(#4345,#4346,#4347,#4348));
#964=EDGE_LOOP('',(#4349,#4350,#4351,#4352));
#965=EDGE_LOOP('',(#4353,#4354,#4355,#4356));
#966=EDGE_LOOP('',(#4357,#4358,#4359,#4360));
#967=EDGE_LOOP('',(#4361,#4362,#4363,#4364));
#968=EDGE_LOOP('',(#4365,#4366,#4367,#4368));
#969=EDGE_LOOP('',(#4369,#4370,#4371,#4372));
#970=EDGE_LOOP('',(#4373,#4374,#4375,#4376));
#971=EDGE_LOOP('',(#4377,#4378,#4379,#4380));
#972=EDGE_LOOP('',(#4381,#4382,#4383,#4384));
#973=EDGE_LOOP('',(#4385,#4386,#4387,#4388));
#974=EDGE_LOOP('',(#4389,#4390,#4391,#4392));
#975=EDGE_LOOP('',(#4393,#4394,#4395,#4396));
#976=EDGE_LOOP('',(#4397,#4398,#4399,#4400));
#977=EDGE_LOOP('',(#4401,#4402,#4403,#4404));
#978=EDGE_LOOP('',(#4405,#4406,#4407,#4408));
#979=EDGE_LOOP('',(#4409,#4410,#4411,#4412));
#980=EDGE_LOOP('',(#4413,#4414,#4415,#4416));
#981=EDGE_LOOP('',(#4417,#4418,#4419,#4420));
#982=EDGE_LOOP('',(#4421,#4422,#4423,#4424));
#983=EDGE_LOOP('',(#4425,#4426,#4427,#4428));
#984=EDGE_LOOP('',(#4429,#4430,#4431,#4432));
#985=EDGE_LOOP('',(#4433,#4434,#4435,#4436));
#986=EDGE_LOOP('',(#4437,#4438,#4439,#4440));
#987=EDGE_LOOP('',(#4441,#4442,#4443,#4444));
#988=EDGE_LOOP('',(#4445,#4446,#4447,#4448));
#989=EDGE_LOOP('',(#4449,#4450,#4451,#4452));
#990=EDGE_LOOP('',(#4453,#4454,#4455,#4456));
#991=EDGE_LOOP('',(#4457,#4458,#4459,#4460));
#992=EDGE_LOOP('',(#4461,#4462,#4463,#4464));
#993=EDGE_LOOP('',(#4465,#4466,#4467,#4468));
#994=EDGE_LOOP('',(#4469,#4470,#4471,#4472));
#995=EDGE_LOOP('',(#4473,#4474,#4475,#4476));
#996=EDGE_LOOP('',(#4477,#4478,#4479,#4480));
#997=EDGE_LOOP('',(#4481,#4482,#4483,#4484));
#998=EDGE_LOOP('',(#4485,#4486,#4487,#4488));
#999=EDGE_LOOP('',(#4489,#4490,#4491,#4492));
#1000=EDGE_LOOP('',(#4493,#4494,#4495,#4496));
#1001=EDGE_LOOP('',(#4497,#4498,#4499,#4500));
#1002=EDGE_LOOP('',(#4501,#4502,#4503,#4504,#4505,#4506,#4507,#4508,#4509,
#4510,#4511,#4512,#4513,#4514));
#1003=EDGE_LOOP('',(#4515,#4516,#4517,#4518));
#1004=EDGE_LOOP('',(#4519,#4520,#4521,#4522));
#1005=EDGE_LOOP('',(#4523,#4524));
#1006=EDGE_LOOP('',(#4525,#4526,#4527,#4528));
#1007=EDGE_LOOP('',(#4529,#4530,#4531,#4532));
#1008=EDGE_LOOP('',(#4533,#4534,#4535,#4536,#4537,#4538,#4539,#4540,#4541,
#4542,#4543,#4544,#4545,#4546,#4547,#4548,#4549,#4550,#4551,#4552,#4553,
#4554,#4555,#4556,#4557,#4558,#4559,#4560,#4561,#4562,#4563,#4564,#4565));
#1009=EDGE_LOOP('',(#4566,#4567,#4568,#4569,#4570,#4571,#4572,#4573,#4574,
#4575,#4576,#4577,#4578,#4579,#4580,#4581,#4582,#4583,#4584,#4585,#4586,
#4587,#4588,#4589,#4590,#4591,#4592,#4593,#4594,#4595,#4596,#4597,#4598,
#4599));
#1010=EDGE_LOOP('',(#4600,#4601,#4602,#4603));
#1011=EDGE_LOOP('',(#4604,#4605,#4606,#4607));
#1012=EDGE_LOOP('',(#4608,#4609,#4610,#4611));
#1013=EDGE_LOOP('',(#4612,#4613,#4614,#4615,#4616,#4617,#4618));
#1014=EDGE_LOOP('',(#4619,#4620,#4621,#4622));
#1015=EDGE_LOOP('',(#4623,#4624,#4625,#4626));
#1016=EDGE_LOOP('',(#4627,#4628,#4629,#4630));
#1017=EDGE_LOOP('',(#4631,#4632,#4633,#4634));
#1018=EDGE_LOOP('',(#4635,#4636,#4637,#4638));
#1019=EDGE_LOOP('',(#4639,#4640,#4641,#4642));
#1020=EDGE_LOOP('',(#4643,#4644,#4645));
#1021=EDGE_LOOP('',(#4646,#4647,#4648,#4649));
#1022=EDGE_LOOP('',(#4650));
#1023=EDGE_LOOP('',(#4651,#4652,#4653,#4654));
#1024=EDGE_LOOP('',(#4655));
#1025=EDGE_LOOP('',(#4656,#4657,#4658,#4659));
#1026=EDGE_LOOP('',(#4660));
#1027=EDGE_LOOP('',(#4661,#4662,#4663,#4664));
#1028=EDGE_LOOP('',(#4665));
#1029=EDGE_LOOP('',(#4666,#4667,#4668,#4669));
#1030=EDGE_LOOP('',(#4670));
#1031=EDGE_LOOP('',(#4671));
#1032=EDGE_LOOP('',(#4672,#4673,#4674,#4675));
#1033=EDGE_LOOP('',(#4676));
#1034=EDGE_LOOP('',(#4677));
#1035=EDGE_LOOP('',(#4678,#4679,#4680,#4681));
#1036=EDGE_LOOP('',(#4682,#4683,#4684,#4685));
#1037=EDGE_LOOP('',(#4686,#4687,#4688,#4689));
#1038=EDGE_LOOP('',(#4690,#4691,#4692,#4693));
#1039=EDGE_LOOP('',(#4694,#4695,#4696,#4697,#4698,#4699,#4700,#4701,#4702,
#4703,#4704,#4705,#4706,#4707,#4708,#4709));
#1040=EDGE_LOOP('',(#4710,#4711,#4712,#4713));
#1041=EDGE_LOOP('',(#4714,#4715,#4716,#4717));
#1042=EDGE_LOOP('',(#4718,#4719,#4720,#4721));
#1043=EDGE_LOOP('',(#4722,#4723,#4724,#4725));
#1044=EDGE_LOOP('',(#4726,#4727,#4728,#4729,#4730,#4731,#4732,#4733,#4734,
#4735,#4736,#4737,#4738));
#1045=EDGE_LOOP('',(#4739,#4740,#4741,#4742));
#1046=EDGE_LOOP('',(#4743,#4744,#4745,#4746));
#1047=EDGE_LOOP('',(#4747,#4748,#4749,#4750,#4751,#4752,#4753,#4754,#4755));
#1048=EDGE_LOOP('',(#4756,#4757,#4758,#4759));
#1049=EDGE_LOOP('',(#4760,#4761,#4762,#4763));
#1050=EDGE_LOOP('',(#4764,#4765,#4766,#4767));
#1051=EDGE_LOOP('',(#4768,#4769,#4770,#4771));
#1052=EDGE_LOOP('',(#4772,#4773,#4774,#4775,#4776,#4777,#4778,#4779,#4780,
#4781,#4782,#4783));
#1053=EDGE_LOOP('',(#4784,#4785,#4786,#4787));
#1054=EDGE_LOOP('',(#4788,#4789,#4790,#4791,#4792,#4793));
#1055=EDGE_LOOP('',(#4794,#4795,#4796));
#1056=EDGE_LOOP('',(#4797,#4798,#4799,#4800));
#1057=EDGE_LOOP('',(#4801,#4802,#4803,#4804));
#1058=EDGE_LOOP('',(#4805,#4806,#4807,#4808,#4809,#4810));
#1059=EDGE_LOOP('',(#4811,#4812,#4813,#4814));
#1060=EDGE_LOOP('',(#4815));
#1061=EDGE_LOOP('',(#4816,#4817));
#1062=EDGE_LOOP('',(#4818));
#1063=EDGE_LOOP('',(#4819,#4820,#4821,#4822));
#1064=EDGE_LOOP('',(#4823,#4824,#4825,#4826,#4827));
#1065=EDGE_LOOP('',(#4828,#4829,#4830,#4831));
#1066=EDGE_LOOP('',(#4832));
#1067=EDGE_LOOP('',(#4833,#4834,#4835,#4836));
#1068=EDGE_LOOP('',(#4837));
#1069=EDGE_LOOP('',(#4838));
#1070=EDGE_LOOP('',(#4839,#4840,#4841,#4842,#4843,#4844));
#1071=EDGE_LOOP('',(#4845,#4846,#4847,#4848));
#1072=EDGE_LOOP('',(#4849,#4850,#4851,#4852));
#1073=EDGE_LOOP('',(#4853,#4854,#4855,#4856));
#1074=EDGE_LOOP('',(#4857,#4858,#4859,#4860));
#1075=EDGE_LOOP('',(#4861,#4862,#4863,#4864));
#1076=EDGE_LOOP('',(#4865,#4866,#4867,#4868));
#1077=EDGE_LOOP('',(#4869,#4870,#4871,#4872));
#1078=EDGE_LOOP('',(#4873,#4874,#4875,#4876));
#1079=EDGE_LOOP('',(#4877,#4878,#4879));
#1080=EDGE_LOOP('',(#4880,#4881,#4882,#4883));
#1081=EDGE_LOOP('',(#4884,#4885,#4886,#4887));
#1082=EDGE_LOOP('',(#4888,#4889,#4890,#4891,#4892));
#1083=EDGE_LOOP('',(#4893,#4894,#4895,#4896));
#1084=EDGE_LOOP('',(#4897,#4898,#4899,#4900));
#1085=EDGE_LOOP('',(#4901,#4902,#4903,#4904,#4905));
#1086=EDGE_LOOP('',(#4906));
#1087=EDGE_LOOP('',(#4907));
#1088=EDGE_LOOP('',(#4908,#4909,#4910,#4911));
#1089=EDGE_LOOP('',(#4912));
#1090=EDGE_LOOP('',(#4913));
#1091=EDGE_LOOP('',(#4914,#4915,#4916,#4917));
#1092=EDGE_LOOP('',(#4918,#4919,#4920,#4921,#4922));
#1093=EDGE_LOOP('',(#4923,#4924,#4925,#4926));
#1094=EDGE_LOOP('',(#4927,#4928,#4929,#4930,#4931));
#1095=EDGE_LOOP('',(#4932,#4933,#4934,#4935));
#1096=EDGE_LOOP('',(#4936,#4937,#4938,#4939));
#1097=EDGE_LOOP('',(#4940,#4941,#4942,#4943));
#1098=EDGE_LOOP('',(#4944,#4945,#4946,#4947,#4948));
#1099=EDGE_LOOP('',(#4949,#4950,#4951,#4952));
#1100=EDGE_LOOP('',(#4953,#4954,#4955,#4956,#4957));
#1101=EDGE_LOOP('',(#4958,#4959,#4960,#4961));
#1102=EDGE_LOOP('',(#4962,#4963,#4964,#4965));
#1103=EDGE_LOOP('',(#4966,#4967,#4968,#4969));
#1104=EDGE_LOOP('',(#4970,#4971,#4972,#4973,#4974));
#1105=EDGE_LOOP('',(#4975,#4976,#4977,#4978,#4979));
#1106=EDGE_LOOP('',(#4980,#4981,#4982,#4983,#4984));
#1107=EDGE_LOOP('',(#4985,#4986,#4987,#4988));
#1108=EDGE_LOOP('',(#4989,#4990,#4991,#4992,#4993));
#1109=EDGE_LOOP('',(#4994,#4995,#4996,#4997));
#1110=EDGE_LOOP('',(#4998,#4999,#5000,#5001,#5002,#5003));
#1111=EDGE_LOOP('',(#5004,#5005,#5006,#5007));
#1112=EDGE_LOOP('',(#5008,#5009,#5010,#5011,#5012));
#1113=EDGE_LOOP('',(#5013,#5014,#5015,#5016));
#1114=EDGE_LOOP('',(#5017,#5018,#5019,#5020));
#1115=EDGE_LOOP('',(#5021,#5022,#5023,#5024));
#1116=EDGE_LOOP('',(#5025,#5026,#5027,#5028));
#1117=EDGE_LOOP('',(#5029,#5030,#5031,#5032));
#1118=EDGE_LOOP('',(#5033,#5034,#5035,#5036));
#1119=EDGE_LOOP('',(#5037,#5038,#5039,#5040));
#1120=EDGE_LOOP('',(#5041,#5042,#5043,#5044));
#1121=EDGE_LOOP('',(#5045,#5046,#5047,#5048));
#1122=EDGE_LOOP('',(#5049,#5050,#5051,#5052));
#1123=EDGE_LOOP('',(#5053,#5054,#5055,#5056));
#1124=EDGE_LOOP('',(#5057,#5058,#5059,#5060,#5061));
#1125=EDGE_LOOP('',(#5062,#5063,#5064,#5065));
#1126=EDGE_LOOP('',(#5066,#5067,#5068,#5069,#5070,#5071));
#1127=EDGE_LOOP('',(#5072,#5073,#5074,#5075,#5076,#5077));
#1128=EDGE_LOOP('',(#5078,#5079,#5080,#5081,#5082,#5083));
#1129=EDGE_LOOP('',(#5084,#5085,#5086,#5087));
#1130=EDGE_LOOP('',(#5088,#5089,#5090,#5091,#5092,#5093));
#1131=EDGE_LOOP('',(#5094,#5095,#5096,#5097));
#1132=EDGE_LOOP('',(#5098,#5099,#5100,#5101));
#1133=EDGE_LOOP('',(#5102,#5103,#5104,#5105));
#1134=EDGE_LOOP('',(#5106,#5107,#5108,#5109));
#1135=EDGE_LOOP('',(#5110,#5111,#5112,#5113));
#1136=EDGE_LOOP('',(#5114,#5115,#5116,#5117));
#1137=EDGE_LOOP('',(#5118,#5119,#5120,#5121));
#1138=EDGE_LOOP('',(#5122,#5123,#5124,#5125));
#1139=EDGE_LOOP('',(#5126,#5127,#5128,#5129));
#1140=EDGE_LOOP('',(#5130,#5131,#5132,#5133));
#1141=EDGE_LOOP('',(#5134,#5135,#5136,#5137));
#1142=EDGE_LOOP('',(#5138,#5139,#5140));
#1143=EDGE_LOOP('',(#5141,#5142,#5143,#5144,#5145));
#1144=EDGE_LOOP('',(#5146,#5147,#5148,#5149));
#1145=EDGE_LOOP('',(#5150,#5151,#5152,#5153));
#1146=EDGE_LOOP('',(#5154,#5155,#5156,#5157));
#1147=EDGE_LOOP('',(#5158,#5159,#5160,#5161));
#1148=EDGE_LOOP('',(#5162,#5163,#5164,#5165));
#1149=EDGE_LOOP('',(#5166,#5167,#5168,#5169));
#1150=EDGE_LOOP('',(#5170,#5171,#5172,#5173));
#1151=EDGE_LOOP('',(#5174,#5175,#5176,#5177));
#1152=EDGE_LOOP('',(#5178,#5179,#5180,#5181));
#1153=EDGE_LOOP('',(#5182,#5183,#5184,#5185));
#1154=EDGE_LOOP('',(#5186,#5187,#5188,#5189));
#1155=EDGE_LOOP('',(#5190,#5191,#5192,#5193));
#1156=EDGE_LOOP('',(#5194,#5195,#5196,#5197));
#1157=EDGE_LOOP('',(#5198,#5199,#5200,#5201));
#1158=EDGE_LOOP('',(#5202,#5203,#5204,#5205));
#1159=EDGE_LOOP('',(#5206,#5207,#5208,#5209));
#1160=EDGE_LOOP('',(#5210,#5211,#5212,#5213));
#1161=EDGE_LOOP('',(#5214,#5215,#5216,#5217));
#1162=EDGE_LOOP('',(#5218,#5219,#5220,#5221));
#1163=EDGE_LOOP('',(#5222,#5223,#5224,#5225));
#1164=EDGE_LOOP('',(#5226,#5227,#5228,#5229));
#1165=EDGE_LOOP('',(#5230,#5231,#5232,#5233));
#1166=EDGE_LOOP('',(#5234,#5235,#5236,#5237));
#1167=EDGE_LOOP('',(#5238,#5239,#5240,#5241));
#1168=EDGE_LOOP('',(#5242,#5243,#5244,#5245));
#1169=EDGE_LOOP('',(#5246,#5247,#5248,#5249));
#1170=EDGE_LOOP('',(#5250,#5251,#5252,#5253));
#1171=EDGE_LOOP('',(#5254,#5255,#5256,#5257));
#1172=EDGE_LOOP('',(#5258,#5259,#5260,#5261));
#1173=EDGE_LOOP('',(#5262,#5263,#5264,#5265,#5266));
#1174=EDGE_LOOP('',(#5267,#5268,#5269,#5270));
#1175=EDGE_LOOP('',(#5271,#5272,#5273,#5274));
#1176=EDGE_LOOP('',(#5275,#5276,#5277,#5278));
#1177=EDGE_LOOP('',(#5279,#5280,#5281,#5282));
#1178=EDGE_LOOP('',(#5283,#5284,#5285,#5286));
#1179=EDGE_LOOP('',(#5287,#5288,#5289,#5290));
#1180=EDGE_LOOP('',(#5291,#5292,#5293,#5294));
#1181=EDGE_LOOP('',(#5295,#5296,#5297,#5298));
#1182=EDGE_LOOP('',(#5299,#5300,#5301,#5302));
#1183=EDGE_LOOP('',(#5303,#5304,#5305,#5306));
#1184=EDGE_LOOP('',(#5307,#5308,#5309,#5310));
#1185=EDGE_LOOP('',(#5311,#5312,#5313,#5314));
#1186=EDGE_LOOP('',(#5315,#5316,#5317,#5318,#5319,#5320,#5321,#5322,#5323,
#5324,#5325,#5326,#5327,#5328,#5329,#5330,#5331));
#1187=EDGE_LOOP('',(#5332,#5333,#5334,#5335,#5336,#5337,#5338,#5339,#5340,
#5341,#5342,#5343,#5344,#5345,#5346,#5347,#5348,#5349,#5350,#5351,#5352,
#5353,#5354,#5355,#5356));
#1188=EDGE_LOOP('',(#5357,#5358,#5359,#5360));
#1189=EDGE_LOOP('',(#5361,#5362,#5363,#5364));
#1190=EDGE_LOOP('',(#5365,#5366,#5367,#5368));
#1191=EDGE_LOOP('',(#5369,#5370,#5371,#5372));
#1192=EDGE_LOOP('',(#5373,#5374,#5375,#5376));
#1193=EDGE_LOOP('',(#5377,#5378,#5379,#5380));
#1194=EDGE_LOOP('',(#5381,#5382,#5383,#5384));
#1195=EDGE_LOOP('',(#5385,#5386,#5387,#5388));
#1196=EDGE_LOOP('',(#5389,#5390,#5391,#5392));
#1197=EDGE_LOOP('',(#5393,#5394,#5395,#5396));
#1198=EDGE_LOOP('',(#5397,#5398,#5399,#5400));
#1199=EDGE_LOOP('',(#5401,#5402,#5403,#5404));
#1200=EDGE_LOOP('',(#5405,#5406,#5407,#5408,#5409,#5410));
#1201=EDGE_LOOP('',(#5411,#5412,#5413,#5414));
#1202=EDGE_LOOP('',(#5415,#5416,#5417,#5418));
#1203=EDGE_LOOP('',(#5419,#5420,#5421,#5422));
#1204=EDGE_LOOP('',(#5423,#5424,#5425,#5426));
#1205=EDGE_LOOP('',(#5427,#5428,#5429,#5430,#5431));
#1206=EDGE_LOOP('',(#5432,#5433,#5434,#5435));
#1207=EDGE_LOOP('',(#5436,#5437,#5438,#5439));
#1208=EDGE_LOOP('',(#5440,#5441,#5442,#5443,#5444,#5445,#5446,#5447,#5448,
#5449,#5450,#5451,#5452,#5453));
#1209=EDGE_LOOP('',(#5454,#5455,#5456,#5457,#5458,#5459,#5460,#5461));
#1210=EDGE_LOOP('',(#5462,#5463,#5464,#5465));
#1211=EDGE_LOOP('',(#5466,#5467,#5468,#5469));
#1212=EDGE_LOOP('',(#5470,#5471,#5472,#5473));
#1213=EDGE_LOOP('',(#5474,#5475,#5476,#5477));
#1214=EDGE_LOOP('',(#5478,#5479,#5480,#5481));
#1215=EDGE_LOOP('',(#5482,#5483,#5484,#5485));
#1216=EDGE_LOOP('',(#5486,#5487,#5488,#5489));
#1217=EDGE_LOOP('',(#5490,#5491,#5492,#5493));
#1218=EDGE_LOOP('',(#5494,#5495,#5496,#5497));
#1219=EDGE_LOOP('',(#5498,#5499,#5500,#5501));
#1220=EDGE_LOOP('',(#5502,#5503,#5504,#5505));
#1221=EDGE_LOOP('',(#5506,#5507,#5508,#5509));
#1222=EDGE_LOOP('',(#5510,#5511,#5512,#5513));
#1223=EDGE_LOOP('',(#5514,#5515,#5516,#5517));
#1224=EDGE_LOOP('',(#5518,#5519,#5520,#5521,#5522,#5523));
#1225=EDGE_LOOP('',(#5524,#5525,#5526,#5527));
#1226=EDGE_LOOP('',(#5528,#5529,#5530,#5531));
#1227=EDGE_LOOP('',(#5532,#5533,#5534,#5535,#5536));
#1228=EDGE_LOOP('',(#5537,#5538,#5539,#5540));
#1229=EDGE_LOOP('',(#5541,#5542,#5543,#5544));
#1230=EDGE_LOOP('',(#5545,#5546,#5547,#5548));
#1231=EDGE_LOOP('',(#5549,#5550,#5551,#5552,#5553,#5554));
#1232=EDGE_LOOP('',(#5555,#5556,#5557,#5558));
#1233=EDGE_LOOP('',(#5559,#5560,#5561,#5562));
#1234=EDGE_LOOP('',(#5563,#5564,#5565));
#1235=EDGE_LOOP('',(#5566,#5567,#5568,#5569));
#1236=EDGE_LOOP('',(#5570,#5571,#5572,#5573));
#1237=EDGE_LOOP('',(#5574,#5575,#5576,#5577));
#1238=EDGE_LOOP('',(#5578,#5579,#5580,#5581,#5582));
#1239=EDGE_LOOP('',(#5583,#5584,#5585,#5586));
#1240=EDGE_LOOP('',(#5587,#5588,#5589,#5590));
#1241=EDGE_LOOP('',(#5591,#5592,#5593,#5594));
#1242=EDGE_LOOP('',(#5595,#5596,#5597,#5598));
#1243=EDGE_LOOP('',(#5599,#5600,#5601,#5602));
#1244=EDGE_LOOP('',(#5603,#5604,#5605,#5606));
#1245=EDGE_LOOP('',(#5607,#5608,#5609,#5610));
#1246=EDGE_LOOP('',(#5611,#5612,#5613,#5614,#5615,#5616,#5617,#5618,#5619,
#5620,#5621,#5622,#5623,#5624,#5625,#5626,#5627,#5628,#5629,#5630,#5631));
#1247=EDGE_LOOP('',(#5632,#5633,#5634,#5635,#5636,#5637,#5638,#5639));
#1248=EDGE_LOOP('',(#5640,#5641,#5642,#5643));
#1249=EDGE_LOOP('',(#5644,#5645,#5646));
#1250=EDGE_LOOP('',(#5647,#5648,#5649,#5650));
#1251=EDGE_LOOP('',(#5651,#5652,#5653,#5654,#5655,#5656));
#1252=EDGE_LOOP('',(#5657,#5658,#5659,#5660,#5661,#5662,#5663));
#1253=EDGE_LOOP('',(#5664,#5665,#5666,#5667));
#1254=EDGE_LOOP('',(#5668,#5669,#5670,#5671));
#1255=EDGE_LOOP('',(#5672,#5673,#5674,#5675));
#1256=EDGE_LOOP('',(#5676,#5677,#5678,#5679,#5680,#5681,#5682,#5683,#5684,
#5685,#5686,#5687,#5688,#5689,#5690,#5691,#5692,#5693));
#1257=EDGE_LOOP('',(#5694,#5695,#5696,#5697,#5698,#5699,#5700,#5701,#5702,
#5703,#5704));
#1258=LINE('',#8364,#1821);
#1259=LINE('',#8366,#1822);
#1260=LINE('',#8368,#1823);
#1261=LINE('',#8369,#1824);
#1262=LINE('',#8372,#1825);
#1263=LINE('',#8374,#1826);
#1264=LINE('',#8375,#1827);
#1265=LINE('',#8381,#1828);
#1266=LINE('',#8383,#1829);
#1267=LINE('',#8435,#1830);
#1268=LINE('',#8525,#1831);
#1269=LINE('',#8615,#1832);
#1270=LINE('',#8667,#1833);
#1271=LINE('',#8719,#1834);
#1272=LINE('',#8776,#1835);
#1273=LINE('',#8833,#1836);
#1274=LINE('',#8844,#1837);
#1275=LINE('',#8848,#1838);
#1276=LINE('',#8850,#1839);
#1277=LINE('',#8852,#1840);
#1278=LINE('',#8856,#1841);
#1279=LINE('',#8858,#1842);
#1280=LINE('',#8862,#1843);
#1281=LINE('',#8866,#1844);
#1282=LINE('',#8870,#1845);
#1283=LINE('',#8874,#1846);
#1284=LINE('',#8878,#1847);
#1285=LINE('',#8882,#1848);
#1286=LINE('',#8886,#1849);
#1287=LINE('',#8890,#1850);
#1288=LINE('',#8894,#1851);
#1289=LINE('',#8897,#1852);
#1290=LINE('',#8899,#1853);
#1291=LINE('',#8901,#1854);
#1292=LINE('',#8903,#1855);
#1293=LINE('',#8905,#1856);
#1294=LINE('',#8907,#1857);
#1295=LINE('',#8911,#1858);
#1296=LINE('',#8917,#1859);
#1297=LINE('',#8921,#1860);
#1298=LINE('',#8925,#1861);
#1299=LINE('',#8929,#1862);
#1300=LINE('',#8931,#1863);
#1301=LINE('',#8933,#1864);
#1302=LINE('',#8935,#1865);
#1303=LINE('',#8937,#1866);
#1304=LINE('',#8939,#1867);
#1305=LINE('',#8941,#1868);
#1306=LINE('',#8942,#1869);
#1307=LINE('',#8945,#1870);
#1308=LINE('',#8947,#1871);
#1309=LINE('',#8999,#1872);
#1310=LINE('',#9051,#1873);
#1311=LINE('',#9053,#1874);
#1312=LINE('',#9055,#1875);
#1313=LINE('',#9057,#1876);
#1314=LINE('',#9059,#1877);
#1315=LINE('',#9111,#1878);
#1316=LINE('',#9163,#1879);
#1317=LINE('',#9165,#1880);
#1318=LINE('',#9166,#1881);
#1319=LINE('',#9169,#1882);
#1320=LINE('',#9173,#1883);
#1321=LINE('',#9177,#1884);
#1322=LINE('',#9181,#1885);
#1323=LINE('',#9185,#1886);
#1324=LINE('',#9187,#1887);
#1325=LINE('',#9239,#1888);
#1326=LINE('',#9291,#1889);
#1327=LINE('',#9293,#1890);
#1328=LINE('',#9295,#1891);
#1329=LINE('',#9297,#1892);
#1330=LINE('',#9299,#1893);
#1331=LINE('',#9316,#1894);
#1332=LINE('',#9368,#1895);
#1333=LINE('',#9370,#1896);
#1334=LINE('',#9371,#1897);
#1335=LINE('',#9374,#1898);
#1336=LINE('',#9426,#1899);
#1337=LINE('',#9478,#1900);
#1338=LINE('',#9495,#1901);
#1339=LINE('',#9553,#1902);
#1340=LINE('',#9557,#1903);
#1341=LINE('',#9561,#1904);
#1342=LINE('',#9564,#1905);
#1343=LINE('',#9571,#1906);
#1344=LINE('',#9573,#1907);
#1345=LINE('',#9574,#1908);
#1346=LINE('',#9577,#1909);
#1347=LINE('',#9578,#1910);
#1348=LINE('',#9588,#1911);
#1349=LINE('',#9589,#1912);
#1350=LINE('',#9600,#1913);
#1351=LINE('',#9602,#1914);
#1352=LINE('',#9603,#1915);
#1353=LINE('',#9647,#1916);
#1354=LINE('',#9653,#1917);
#1355=LINE('',#9658,#1918);
#1356=LINE('',#9662,#1919);
#1357=LINE('',#9664,#1920);
#1358=LINE('',#9666,#1921);
#1359=LINE('',#9669,#1922);
#1360=LINE('',#9673,#1923);
#1361=LINE('',#9677,#1924);
#1362=LINE('',#9681,#1925);
#1363=LINE('',#9684,#1926);
#1364=LINE('',#9687,#1927);
#1365=LINE('',#9689,#1928);
#1366=LINE('',#9690,#1929);
#1367=LINE('',#9693,#1930);
#1368=LINE('',#9695,#1931);
#1369=LINE('',#9696,#1932);
#1370=LINE('',#9718,#1933);
#1371=LINE('',#9722,#1934);
#1372=LINE('',#9726,#1935);
#1373=LINE('',#9730,#1936);
#1374=LINE('',#9734,#1937);
#1375=LINE('',#9738,#1938);
#1376=LINE('',#9742,#1939);
#1377=LINE('',#9746,#1940);
#1378=LINE('',#9750,#1941);
#1379=LINE('',#9754,#1942);
#1380=LINE('',#9758,#1943);
#1381=LINE('',#9764,#1944);
#1382=LINE('',#9770,#1945);
#1383=LINE('',#9772,#1946);
#1384=LINE('',#9774,#1947);
#1385=LINE('',#9778,#1948);
#1386=LINE('',#9782,#1949);
#1387=LINE('',#9784,#1950);
#1388=LINE('',#9795,#1951);
#1389=LINE('',#9796,#1952);
#1390=LINE('',#9798,#1953);
#1391=LINE('',#9850,#1954);
#1392=LINE('',#9902,#1955);
#1393=LINE('',#9910,#1956);
#1394=LINE('',#9918,#1957);
#1395=LINE('',#9970,#1958);
#1396=LINE('',#10022,#1959);
#1397=LINE('',#10029,#1960);
#1398=LINE('',#10030,#1961);
#1399=LINE('',#10033,#1962);
#1400=LINE('',#10041,#1963);
#1401=LINE('',#10049,#1964);
#1402=LINE('',#10057,#1965);
#1403=LINE('',#10065,#1966);
#1404=LINE('',#10067,#1967);
#1405=LINE('',#10069,#1968);
#1406=LINE('',#10071,#1969);
#1407=LINE('',#10079,#1970);
#1408=LINE('',#10087,#1971);
#1409=LINE('',#10089,#1972);
#1410=LINE('',#10091,#1973);
#1411=LINE('',#10093,#1974);
#1412=LINE('',#10095,#1975);
#1413=LINE('',#10103,#1976);
#1414=LINE('',#10110,#1977);
#1415=LINE('',#10113,#1978);
#1416=LINE('',#10115,#1979);
#1417=LINE('',#10117,#1980);
#1418=LINE('',#10119,#1981);
#1419=LINE('',#10127,#1982);
#1420=LINE('',#10135,#1983);
#1421=LINE('',#10137,#1984);
#1422=LINE('',#10139,#1985);
#1423=LINE('',#10141,#1986);
#1424=LINE('',#10143,#1987);
#1425=LINE('',#10151,#1988);
#1426=LINE('',#10158,#1989);
#1427=LINE('',#10160,#1990);
#1428=LINE('',#10165,#1991);
#1429=LINE('',#10167,#1992);
#1430=LINE('',#10169,#1993);
#1431=LINE('',#10170,#1994);
#1432=LINE('',#10176,#1995);
#1433=LINE('',#10180,#1996);
#1434=LINE('',#10184,#1997);
#1435=LINE('',#10188,#1998);
#1436=LINE('',#10190,#1999);
#1437=LINE('',#10193,#2000);
#1438=LINE('',#10195,#2001);
#1439=LINE('',#10197,#2002);
#1440=LINE('',#10198,#2003);
#1441=LINE('',#10202,#2004);
#1442=LINE('',#10203,#2005);
#1443=LINE('',#10204,#2006);
#1444=LINE('',#10206,#2007);
#1445=LINE('',#10208,#2008);
#1446=LINE('',#10257,#2009);
#1447=LINE('',#10335,#2010);
#1448=LINE('',#10366,#2011);
#1449=LINE('',#10367,#2012);
#1450=LINE('',#10369,#2013);
#1451=LINE('',#10370,#2014);
#1452=LINE('',#10372,#2015);
#1453=LINE('',#10373,#2016);
#1454=LINE('',#10375,#2017);
#1455=LINE('',#10376,#2018);
#1456=LINE('',#10378,#2019);
#1457=LINE('',#10379,#2020);
#1458=LINE('',#10381,#2021);
#1459=LINE('',#10382,#2022);
#1460=LINE('',#10384,#2023);
#1461=LINE('',#10385,#2024);
#1462=LINE('',#10387,#2025);
#1463=LINE('',#10388,#2026);
#1464=LINE('',#10391,#2027);
#1465=LINE('',#10393,#2028);
#1466=LINE('',#10394,#2029);
#1467=LINE('',#10397,#2030);
#1468=LINE('',#10401,#2031);
#1469=LINE('',#10402,#2032);
#1470=LINE('',#10405,#2033);
#1471=LINE('',#10409,#2034);
#1472=LINE('',#10410,#2035);
#1473=LINE('',#10413,#2036);
#1474=LINE('',#10417,#2037);
#1475=LINE('',#10418,#2038);
#1476=LINE('',#10426,#2039);
#1477=LINE('',#10427,#2040);
#1478=LINE('',#10448,#2041);
#1479=LINE('',#10451,#2042);
#1480=LINE('',#10473,#2043);
#1481=LINE('',#10475,#2044);
#1482=LINE('',#10496,#2045);
#1483=LINE('',#10498,#2046);
#1484=LINE('',#10539,#2047);
#1485=LINE('',#10542,#2048);
#1486=LINE('',#10543,#2049);
#1487=LINE('',#10564,#2050);
#1488=LINE('',#10567,#2051);
#1489=LINE('',#10588,#2052);
#1490=LINE('',#10590,#2053);
#1491=LINE('',#10611,#2054);
#1492=LINE('',#10614,#2055);
#1493=LINE('',#10635,#2056);
#1494=LINE('',#10637,#2057);
#1495=LINE('',#10658,#2058);
#1496=LINE('',#10661,#2059);
#1497=LINE('',#10702,#2060);
#1498=LINE('',#10704,#2061);
#1499=LINE('',#10726,#2062);
#1500=LINE('',#10727,#2063);
#1501=LINE('',#10748,#2064);
#1502=LINE('',#10750,#2065);
#1503=LINE('',#10771,#2066);
#1504=LINE('',#10773,#2067);
#1505=LINE('',#10794,#2068);
#1506=LINE('',#10796,#2069);
#1507=LINE('',#10819,#2070);
#1508=LINE('',#10826,#2071);
#1509=LINE('',#10828,#2072);
#1510=LINE('',#10833,#2073);
#1511=LINE('',#10835,#2074);
#1512=LINE('',#10837,#2075);
#1513=LINE('',#10838,#2076);
#1514=LINE('',#10842,#2077);
#1515=LINE('',#10844,#2078);
#1516=LINE('',#10846,#2079);
#1517=LINE('',#10847,#2080);
#1518=LINE('',#10851,#2081);
#1519=LINE('',#10855,#2082);
#1520=LINE('',#10858,#2083);
#1521=LINE('',#10862,#2084);
#1522=LINE('',#10864,#2085);
#1523=LINE('',#10866,#2086);
#1524=LINE('',#10867,#2087);
#1525=LINE('',#10873,#2088);
#1526=LINE('',#10877,#2089);
#1527=LINE('',#10881,#2090);
#1528=LINE('',#10885,#2091);
#1529=LINE('',#10889,#2092);
#1530=LINE('',#10893,#2093);
#1531=LINE('',#10897,#2094);
#1532=LINE('',#10905,#2095);
#1533=LINE('',#10909,#2096);
#1534=LINE('',#10913,#2097);
#1535=LINE('',#10917,#2098);
#1536=LINE('',#10921,#2099);
#1537=LINE('',#10927,#2100);
#1538=LINE('',#10933,#2101);
#1539=LINE('',#10936,#2102);
#1540=LINE('',#10940,#2103);
#1541=LINE('',#10944,#2104);
#1542=LINE('',#10948,#2105);
#1543=LINE('',#10952,#2106);
#1544=LINE('',#10960,#2107);
#1545=LINE('',#10965,#2108);
#1546=LINE('',#10969,#2109);
#1547=LINE('',#10974,#2110);
#1548=LINE('',#10978,#2111);
#1549=LINE('',#10982,#2112);
#1550=LINE('',#10986,#2113);
#1551=LINE('',#10988,#2114);
#1552=LINE('',#10992,#2115);
#1553=LINE('',#10993,#2116);
#1554=LINE('',#11002,#2117);
#1555=LINE('',#11006,#2118);
#1556=LINE('',#11007,#2119);
#1557=LINE('',#11019,#2120);
#1558=LINE('',#11021,#2121);
#1559=LINE('',#11027,#2122);
#1560=LINE('',#11040,#2123);
#1561=LINE('',#11045,#2124);
#1562=LINE('',#11046,#2125);
#1563=LINE('',#11047,#2126);
#1564=LINE('',#11059,#2127);
#1565=LINE('',#11061,#2128);
#1566=LINE('',#11062,#2129);
#1567=LINE('',#11065,#2130);
#1568=LINE('',#11067,#2131);
#1569=LINE('',#11068,#2132);
#1570=LINE('',#11071,#2133);
#1571=LINE('',#11073,#2134);
#1572=LINE('',#11074,#2135);
#1573=LINE('',#11077,#2136);
#1574=LINE('',#11078,#2137);
#1575=LINE('',#11083,#2138);
#1576=LINE('',#11090,#2139);
#1577=LINE('',#11097,#2140);
#1578=LINE('',#11104,#2141);
#1579=LINE('',#11109,#2142);
#1580=LINE('',#11114,#2143);
#1581=LINE('',#11119,#2144);
#1582=LINE('',#11122,#2145);
#1583=LINE('',#11125,#2146);
#1584=LINE('',#11126,#2147);
#1585=LINE('',#11128,#2148);
#1586=LINE('',#11131,#2149);
#1587=LINE('',#11133,#2150);
#1588=LINE('',#11134,#2151);
#1589=LINE('',#11137,#2152);
#1590=LINE('',#11138,#2153);
#1591=LINE('',#11139,#2154);
#1592=LINE('',#11140,#2155);
#1593=LINE('',#11141,#2156);
#1594=LINE('',#11144,#2157);
#1595=LINE('',#11146,#2158);
#1596=LINE('',#11147,#2159);
#1597=LINE('',#11150,#2160);
#1598=LINE('',#11151,#2161);
#1599=LINE('',#11155,#2162);
#1600=LINE('',#11157,#2163);
#1601=LINE('',#11161,#2164);
#1602=LINE('',#11162,#2165);
#1603=LINE('',#11164,#2166);
#1604=LINE('',#11178,#2167);
#1605=LINE('',#11180,#2168);
#1606=LINE('',#11182,#2169);
#1607=LINE('',#11184,#2170);
#1608=LINE('',#11185,#2171);
#1609=LINE('',#11186,#2172);
#1610=LINE('',#11191,#2173);
#1611=LINE('',#11192,#2174);
#1612=LINE('',#11195,#2175);
#1613=LINE('',#11196,#2176);
#1614=LINE('',#11199,#2177);
#1615=LINE('',#11200,#2178);
#1616=LINE('',#11201,#2179);
#1617=LINE('',#11203,#2180);
#1618=LINE('',#11235,#2181);
#1619=LINE('',#11237,#2182);
#1620=LINE('',#11238,#2183);
#1621=LINE('',#11240,#2184);
#1622=LINE('',#11242,#2185);
#1623=LINE('',#11244,#2186);
#1624=LINE('',#11248,#2187);
#1625=LINE('',#11249,#2188);
#1626=LINE('',#11256,#2189);
#1627=LINE('',#11261,#2190);
#1628=LINE('',#11267,#2191);
#1629=LINE('',#11269,#2192);
#1630=LINE('',#11270,#2193);
#1631=LINE('',#11273,#2194);
#1632=LINE('',#11275,#2195);
#1633=LINE('',#11276,#2196);
#1634=LINE('',#11281,#2197);
#1635=LINE('',#11286,#2198);
#1636=LINE('',#11292,#2199);
#1637=LINE('',#11294,#2200);
#1638=LINE('',#11296,#2201);
#1639=LINE('',#11297,#2202);
#1640=LINE('',#11298,#2203);
#1641=LINE('',#11300,#2204);
#1642=LINE('',#11301,#2205);
#1643=LINE('',#11303,#2206);
#1644=LINE('',#11305,#2207);
#1645=LINE('',#11307,#2208);
#1646=LINE('',#11309,#2209);
#1647=LINE('',#11311,#2210);
#1648=LINE('',#11315,#2211);
#1649=LINE('',#11319,#2212);
#1650=LINE('',#11320,#2213);
#1651=LINE('',#11323,#2214);
#1652=LINE('',#11325,#2215);
#1653=LINE('',#11326,#2216);
#1654=LINE('',#11330,#2217);
#1655=LINE('',#11332,#2218);
#1656=LINE('',#11333,#2219);
#1657=LINE('',#11335,#2220);
#1658=LINE('',#11339,#2221);
#1659=LINE('',#11341,#2222);
#1660=LINE('',#11343,#2223);
#1661=LINE('',#11344,#2224);
#1662=LINE('',#11352,#2225);
#1663=LINE('',#11355,#2226);
#1664=LINE('',#11357,#2227);
#1665=LINE('',#11359,#2228);
#1666=LINE('',#11361,#2229);
#1667=LINE('',#11363,#2230);
#1668=LINE('',#11365,#2231);
#1669=LINE('',#11367,#2232);
#1670=LINE('',#11369,#2233);
#1671=LINE('',#11371,#2234);
#1672=LINE('',#11373,#2235);
#1673=LINE('',#11375,#2236);
#1674=LINE('',#11377,#2237);
#1675=LINE('',#11381,#2238);
#1676=LINE('',#11382,#2239);
#1677=LINE('',#11388,#2240);
#1678=LINE('',#11393,#2241);
#1679=LINE('',#11397,#2242);
#1680=LINE('',#11399,#2243);
#1681=LINE('',#11400,#2244);
#1682=LINE('',#11407,#2245);
#1683=LINE('',#11408,#2246);
#1684=LINE('',#11412,#2247);
#1685=LINE('',#11413,#2248);
#1686=LINE('',#11414,#2249);
#1687=LINE('',#11418,#2250);
#1688=LINE('',#11421,#2251);
#1689=LINE('',#11422,#2252);
#1690=LINE('',#11463,#2253);
#1691=LINE('',#11468,#2254);
#1692=LINE('',#11469,#2255);
#1693=LINE('',#11472,#2256);
#1694=LINE('',#11473,#2257);
#1695=LINE('',#11477,#2258);
#1696=LINE('',#11480,#2259);
#1697=LINE('',#11481,#2260);
#1698=LINE('',#11485,#2261);
#1699=LINE('',#11487,#2262);
#1700=LINE('',#11491,#2263);
#1701=LINE('',#11492,#2264);
#1702=LINE('',#11493,#2265);
#1703=LINE('',#11534,#2266);
#1704=LINE('',#11537,#2267);
#1705=LINE('',#11538,#2268);
#1706=LINE('',#11542,#2269);
#1707=LINE('',#11545,#2270);
#1708=LINE('',#11546,#2271);
#1709=LINE('',#11551,#2272);
#1710=LINE('',#11553,#2273);
#1711=LINE('',#11554,#2274);
#1712=LINE('',#11579,#2275);
#1713=LINE('',#11582,#2276);
#1714=LINE('',#11607,#2277);
#1715=LINE('',#11626,#2278);
#1716=LINE('',#11630,#2279);
#1717=LINE('',#11632,#2280);
#1718=LINE('',#11633,#2281);
#1719=LINE('',#11654,#2282);
#1720=LINE('',#11658,#2283);
#1721=LINE('',#11661,#2284);
#1722=LINE('',#11662,#2285);
#1723=LINE('',#11666,#2286);
#1724=LINE('',#11670,#2287);
#1725=LINE('',#11673,#2288);
#1726=LINE('',#11674,#2289);
#1727=LINE('',#11707,#2290);
#1728=LINE('',#11711,#2291);
#1729=LINE('',#11714,#2292);
#1730=LINE('',#11715,#2293);
#1731=LINE('',#11738,#2294);
#1732=LINE('',#11740,#2295);
#1733=LINE('',#11780,#2296);
#1734=LINE('',#11788,#2297);
#1735=LINE('',#11796,#2298);
#1736=LINE('',#12236,#2299);
#1737=LINE('',#12239,#2300);
#1738=LINE('',#12240,#2301);
#1739=LINE('',#12258,#2302);
#1740=LINE('',#12260,#2303);
#1741=LINE('',#12267,#2304);
#1742=LINE('',#12271,#2305);
#1743=LINE('',#12272,#2306);
#1744=LINE('',#12292,#2307);
#1745=LINE('',#12294,#2308);
#1746=LINE('',#12324,#2309);
#1747=LINE('',#12336,#2310);
#1748=LINE('',#12338,#2311);
#1749=LINE('',#12339,#2312);
#1750=LINE('',#12376,#2313);
#1751=LINE('',#12380,#2314);
#1752=LINE('',#12381,#2315);
#1753=LINE('',#12394,#2316);
#1754=LINE('',#12396,#2317);
#1755=LINE('',#12419,#2318);
#1756=LINE('',#12441,#2319);
#1757=LINE('',#12442,#2320);
#1758=LINE('',#12443,#2321);
#1759=LINE('',#12450,#2322);
#1760=LINE('',#12453,#2323);
#1761=LINE('',#12454,#2324);
#1762=LINE('',#12457,#2325);
#1763=LINE('',#12474,#2326);
#1764=LINE('',#12475,#2327);
#1765=LINE('',#12477,#2328);
#1766=LINE('',#12479,#2329);
#1767=LINE('',#12497,#2330);
#1768=LINE('',#12498,#2331);
#1769=LINE('',#12515,#2332);
#1770=LINE('',#12517,#2333);
#1771=LINE('',#12535,#2334);
#1772=LINE('',#12537,#2335);
#1773=LINE('',#12541,#2336);
#1774=LINE('',#12542,#2337);
#1775=LINE('',#12544,#2338);
#1776=LINE('',#12546,#2339);
#1777=LINE('',#12547,#2340);
#1778=LINE('',#12550,#2341);
#1779=LINE('',#12551,#2342);
#1780=LINE('',#12553,#2343);
#1781=LINE('',#12557,#2344);
#1782=LINE('',#12560,#2345);
#1783=LINE('',#12561,#2346);
#1784=LINE('',#12563,#2347);
#1785=LINE('',#12567,#2348);
#1786=LINE('',#12568,#2349);
#1787=LINE('',#12569,#2350);
#1788=LINE('',#12570,#2351);
#1789=LINE('',#12572,#2352);
#1790=LINE('',#12574,#2353);
#1791=LINE('',#12576,#2354);
#1792=LINE('',#12578,#2355);
#1793=LINE('',#12580,#2356);
#1794=LINE('',#12582,#2357);
#1795=LINE('',#12585,#2358);
#1796=LINE('',#12611,#2359);
#1797=LINE('',#12615,#2360);
#1798=LINE('',#12616,#2361);
#1799=LINE('',#12620,#2362);
#1800=LINE('',#12622,#2363);
#1801=LINE('',#12624,#2364);
#1802=LINE('',#12632,#2365);
#1803=LINE('',#12636,#2366);
#1804=LINE('',#12637,#2367);
#1805=LINE('',#12639,#2368);
#1806=LINE('',#12670,#2369);
#1807=LINE('',#12696,#2370);
#1808=LINE('',#12784,#2371);
#1809=LINE('',#12819,#2372);
#1810=LINE('',#12821,#2373);
#1811=LINE('',#12822,#2374);
#1812=LINE('',#12828,#2375);
#1813=LINE('',#12831,#2376);
#1814=LINE('',#12832,#2377);
#1815=LINE('',#12836,#2378);
#1816=LINE('',#12838,#2379);
#1817=LINE('',#12841,#2380);
#1818=LINE('',#12843,#2381);
#1819=LINE('',#12866,#2382);
#1820=LINE('',#12905,#2383);
#1821=VECTOR('',#6743,10.);
#1822=VECTOR('',#6744,10.);
#1823=VECTOR('',#6745,10.);
#1824=VECTOR('',#6746,10.);
#1825=VECTOR('',#6749,10.);
#1826=VECTOR('',#6750,10.);
#1827=VECTOR('',#6751,10.);
#1828=VECTOR('',#6756,10.);
#1829=VECTOR('',#6757,10.);
#1830=VECTOR('',#6758,10.);
#1831=VECTOR('',#6759,10.);
#1832=VECTOR('',#6760,10.);
#1833=VECTOR('',#6761,10.);
#1834=VECTOR('',#6762,10.);
#1835=VECTOR('',#6763,10.);
#1836=VECTOR('',#6764,10.);
#1837=VECTOR('',#6767,10.);
#1838=VECTOR('',#6770,10.);
#1839=VECTOR('',#6771,10.);
#1840=VECTOR('',#6772,10.);
#1841=VECTOR('',#6775,10.);
#1842=VECTOR('',#6776,10.);
#1843=VECTOR('',#6779,10.);
#1844=VECTOR('',#6782,10.);
#1845=VECTOR('',#6785,10.);
#1846=VECTOR('',#6788,10.);
#1847=VECTOR('',#6791,10.);
#1848=VECTOR('',#6794,10.);
#1849=VECTOR('',#6797,10.);
#1850=VECTOR('',#6800,10.);
#1851=VECTOR('',#6803,10.);
#1852=VECTOR('',#6806,10.);
#1853=VECTOR('',#6807,10.);
#1854=VECTOR('',#6808,10.);
#1855=VECTOR('',#6809,10.);
#1856=VECTOR('',#6810,10.);
#1857=VECTOR('',#6811,10.);
#1858=VECTOR('',#6814,10.);
#1859=VECTOR('',#6819,10.);
#1860=VECTOR('',#6822,10.);
#1861=VECTOR('',#6825,10.);
#1862=VECTOR('',#6828,10.);
#1863=VECTOR('',#6829,10.);
#1864=VECTOR('',#6830,10.);
#1865=VECTOR('',#6831,10.);
#1866=VECTOR('',#6832,10.);
#1867=VECTOR('',#6833,10.);
#1868=VECTOR('',#6834,10.);
#1869=VECTOR('',#6835,10.);
#1870=VECTOR('',#6836,10.);
#1871=VECTOR('',#6837,10.);
#1872=VECTOR('',#6838,10.);
#1873=VECTOR('',#6839,10.);
#1874=VECTOR('',#6840,10.);
#1875=VECTOR('',#6841,10.);
#1876=VECTOR('',#6842,10.);
#1877=VECTOR('',#6843,10.);
#1878=VECTOR('',#6844,10.);
#1879=VECTOR('',#6845,10.);
#1880=VECTOR('',#6846,10.);
#1881=VECTOR('',#6847,10.);
#1882=VECTOR('',#6848,10.);
#1883=VECTOR('',#6851,10.);
#1884=VECTOR('',#6854,10.);
#1885=VECTOR('',#6857,10.);
#1886=VECTOR('',#6860,9.99999999999999);
#1887=VECTOR('',#6861,10.);
#1888=VECTOR('',#6862,10.);
#1889=VECTOR('',#6863,10.);
#1890=VECTOR('',#6864,10.);
#1891=VECTOR('',#6865,10.);
#1892=VECTOR('',#6866,10.);
#1893=VECTOR('',#6867,10.);
#1894=VECTOR('',#6868,10.);
#1895=VECTOR('',#6869,10.);
#1896=VECTOR('',#6870,9.99999999999999);
#1897=VECTOR('',#6871,10.);
#1898=VECTOR('',#6872,10.);
#1899=VECTOR('',#6873,10.);
#1900=VECTOR('',#6874,10.);
#1901=VECTOR('',#6875,10.);
#1902=VECTOR('',#6882,10.);
#1903=VECTOR('',#6885,10.);
#1904=VECTOR('',#6888,10.);
#1905=VECTOR('',#6891,10.);
#1906=VECTOR('',#6898,10.);
#1907=VECTOR('',#6899,10.);
#1908=VECTOR('',#6900,10.);
#1909=VECTOR('',#6903,10.);
#1910=VECTOR('',#6904,10.);
#1911=VECTOR('',#6905,10.);
#1912=VECTOR('',#6906,10.);
#1913=VECTOR('',#6907,10.);
#1914=VECTOR('',#6908,10.);
#1915=VECTOR('',#6909,10.);
#1916=VECTOR('',#6916,10.);
#1917=VECTOR('',#6923,10.);
#1918=VECTOR('',#6928,10.);
#1919=VECTOR('',#6931,10.);
#1920=VECTOR('',#6932,10.);
#1921=VECTOR('',#6935,10.);
#1922=VECTOR('',#6938,10.);
#1923=VECTOR('',#6941,10.);
#1924=VECTOR('',#6944,10.);
#1925=VECTOR('',#6947,10.);
#1926=VECTOR('',#6950,10.);
#1927=VECTOR('',#6953,10.);
#1928=VECTOR('',#6954,10.);
#1929=VECTOR('',#6955,10.);
#1930=VECTOR('',#6958,10.);
#1931=VECTOR('',#6959,10.);
#1932=VECTOR('',#6960,10.);
#1933=VECTOR('',#6973,10.);
#1934=VECTOR('',#6976,10.);
#1935=VECTOR('',#6979,10.);
#1936=VECTOR('',#6982,10.);
#1937=VECTOR('',#6985,10.);
#1938=VECTOR('',#6988,10.);
#1939=VECTOR('',#6991,10.);
#1940=VECTOR('',#6994,10.);
#1941=VECTOR('',#6997,10.);
#1942=VECTOR('',#7000,10.);
#1943=VECTOR('',#7003,10.);
#1944=VECTOR('',#7008,10.);
#1945=VECTOR('',#7013,10.);
#1946=VECTOR('',#7014,10.);
#1947=VECTOR('',#7015,9.99999999999999);
#1948=VECTOR('',#7018,10.);
#1949=VECTOR('',#7021,10.);
#1950=VECTOR('',#7022,10.);
#1951=VECTOR('',#7027,10.);
#1952=VECTOR('',#7028,10.);
#1953=VECTOR('',#7029,10.);
#1954=VECTOR('',#7030,10.);
#1955=VECTOR('',#7031,10.);
#1956=VECTOR('',#7032,10.);
#1957=VECTOR('',#7033,10.);
#1958=VECTOR('',#7034,10.);
#1959=VECTOR('',#7035,10.);
#1960=VECTOR('',#7036,10.);
#1961=VECTOR('',#7037,10.);
#1962=VECTOR('',#7038,10.);
#1963=VECTOR('',#7039,10.);
#1964=VECTOR('',#7040,10.);
#1965=VECTOR('',#7041,10.);
#1966=VECTOR('',#7042,10.);
#1967=VECTOR('',#7043,10.);
#1968=VECTOR('',#7044,10.);
#1969=VECTOR('',#7045,10.);
#1970=VECTOR('',#7046,10.);
#1971=VECTOR('',#7047,10.);
#1972=VECTOR('',#7048,10.);
#1973=VECTOR('',#7049,10.);
#1974=VECTOR('',#7050,10.);
#1975=VECTOR('',#7051,10.);
#1976=VECTOR('',#7052,10.);
#1977=VECTOR('',#7053,10.);
#1978=VECTOR('',#7054,10.);
#1979=VECTOR('',#7055,10.);
#1980=VECTOR('',#7056,10.);
#1981=VECTOR('',#7057,9.99999999999999);
#1982=VECTOR('',#7058,10.);
#1983=VECTOR('',#7059,10.);
#1984=VECTOR('',#7060,10.);
#1985=VECTOR('',#7061,10.);
#1986=VECTOR('',#7062,10.);
#1987=VECTOR('',#7063,10.);
#1988=VECTOR('',#7064,10.);
#1989=VECTOR('',#7065,10.);
#1990=VECTOR('',#7068,10.);
#1991=VECTOR('',#7073,10.);
#1992=VECTOR('',#7074,10.);
#1993=VECTOR('',#7075,10.);
#1994=VECTOR('',#7076,10.);
#1995=VECTOR('',#7081,10.);
#1996=VECTOR('',#7084,10.);
#1997=VECTOR('',#7087,10.);
#1998=VECTOR('',#7090,10.);
#1999=VECTOR('',#7091,10.);
#2000=VECTOR('',#7094,10.);
#2001=VECTOR('',#7095,10.);
#2002=VECTOR('',#7096,10.);
#2003=VECTOR('',#7097,10.);
#2004=VECTOR('',#7100,10.);
#2005=VECTOR('',#7101,10.);
#2006=VECTOR('',#7102,10.);
#2007=VECTOR('',#7105,10.);
#2008=VECTOR('',#7108,10.);
#2009=VECTOR('',#7109,10.);
#2010=VECTOR('',#7112,10.);
#2011=VECTOR('',#7117,9.99999999999999);
#2012=VECTOR('',#7118,10.);
#2013=VECTOR('',#7121,9.99999999999999);
#2014=VECTOR('',#7122,10.);
#2015=VECTOR('',#7125,9.99999999999999);
#2016=VECTOR('',#7126,10.);
#2017=VECTOR('',#7129,9.99999999999999);
#2018=VECTOR('',#7130,10.);
#2019=VECTOR('',#7133,10.);
#2020=VECTOR('',#7134,10.);
#2021=VECTOR('',#7137,10.);
#2022=VECTOR('',#7138,10.);
#2023=VECTOR('',#7141,10.);
#2024=VECTOR('',#7142,10.);
#2025=VECTOR('',#7145,10.);
#2026=VECTOR('',#7146,10.);
#2027=VECTOR('',#7149,10.);
#2028=VECTOR('',#7150,10.);
#2029=VECTOR('',#7151,10.);
#2030=VECTOR('',#7154,10.);
#2031=VECTOR('',#7159,10.);
#2032=VECTOR('',#7160,10.);
#2033=VECTOR('',#7163,10.);
#2034=VECTOR('',#7168,10.);
#2035=VECTOR('',#7169,10.);
#2036=VECTOR('',#7172,10.);
#2037=VECTOR('',#7177,10.);
#2038=VECTOR('',#7178,10.);
#2039=VECTOR('',#7193,10.);
#2040=VECTOR('',#7194,10.);
#2041=VECTOR('',#7195,10.);
#2042=VECTOR('',#7200,10.);
#2043=VECTOR('',#7203,9.99999999999999);
#2044=VECTOR('',#7206,10.);
#2045=VECTOR('',#7207,10.);
#2046=VECTOR('',#7210,10.);
#2047=VECTOR('',#7211,10.);
#2048=VECTOR('',#7216,10.);
#2049=VECTOR('',#7217,10.);
#2050=VECTOR('',#7218,10.);
#2051=VECTOR('',#7223,10.);
#2052=VECTOR('',#7224,10.);
#2053=VECTOR('',#7227,10.);
#2054=VECTOR('',#7228,10.);
#2055=VECTOR('',#7233,10.);
#2056=VECTOR('',#7234,10.);
#2057=VECTOR('',#7237,10.);
#2058=VECTOR('',#7238,9.99999999999999);
#2059=VECTOR('',#7243,10.);
#2060=VECTOR('',#7244,10.);
#2061=VECTOR('',#7247,10.);
#2062=VECTOR('',#7250,10.);
#2063=VECTOR('',#7251,10.);
#2064=VECTOR('',#7252,10.);
#2065=VECTOR('',#7255,10.);
#2066=VECTOR('',#7256,10.);
#2067=VECTOR('',#7259,10.);
#2068=VECTOR('',#7260,10.);
#2069=VECTOR('',#7263,10.);
#2070=VECTOR('',#7266,10.);
#2071=VECTOR('',#7273,10.);
#2072=VECTOR('',#7274,1.95);
#2073=VECTOR('',#7279,10.);
#2074=VECTOR('',#7280,10.);
#2075=VECTOR('',#7281,10.);
#2076=VECTOR('',#7282,10.);
#2077=VECTOR('',#7285,10.);
#2078=VECTOR('',#7286,10.);
#2079=VECTOR('',#7287,10.);
#2080=VECTOR('',#7288,10.);
#2081=VECTOR('',#7291,10.);
#2082=VECTOR('',#7296,10.);
#2083=VECTOR('',#7299,10.);
#2084=VECTOR('',#7302,10.);
#2085=VECTOR('',#7303,10.);
#2086=VECTOR('',#7304,10.);
#2087=VECTOR('',#7305,10.);
#2088=VECTOR('',#7310,10.);
#2089=VECTOR('',#7313,10.);
#2090=VECTOR('',#7316,10.);
#2091=VECTOR('',#7319,10.);
#2092=VECTOR('',#7322,10.);
#2093=VECTOR('',#7325,10.);
#2094=VECTOR('',#7328,10.);
#2095=VECTOR('',#7335,10.);
#2096=VECTOR('',#7338,10.);
#2097=VECTOR('',#7341,10.);
#2098=VECTOR('',#7344,10.);
#2099=VECTOR('',#7347,10.);
#2100=VECTOR('',#7352,10.);
#2101=VECTOR('',#7357,10.);
#2102=VECTOR('',#7360,10.);
#2103=VECTOR('',#7363,10.);
#2104=VECTOR('',#7366,10.);
#2105=VECTOR('',#7369,10.);
#2106=VECTOR('',#7372,10.);
#2107=VECTOR('',#7379,10.);
#2108=VECTOR('',#7384,10.);
#2109=VECTOR('',#7387,10.);
#2110=VECTOR('',#7392,10.);
#2111=VECTOR('',#7395,10.);
#2112=VECTOR('',#7398,10.);
#2113=VECTOR('',#7401,10.);
#2114=VECTOR('',#7402,10.);
#2115=VECTOR('',#7405,10.);
#2116=VECTOR('',#7406,10.);
#2117=VECTOR('',#7411,10.);
#2118=VECTOR('',#7416,10.);
#2119=VECTOR('',#7417,10.);
#2120=VECTOR('',#7426,10.0023480581671);
#2121=VECTOR('',#7427,10.);
#2122=VECTOR('',#7432,10.);
#2123=VECTOR('',#7441,10.);
#2124=VECTOR('',#7446,9.99999999999999);
#2125=VECTOR('',#7447,10.);
#2126=VECTOR('',#7448,10.);
#2127=VECTOR('',#7457,10.);
#2128=VECTOR('',#7458,10.);
#2129=VECTOR('',#7459,10.);
#2130=VECTOR('',#7462,10.);
#2131=VECTOR('',#7463,10.);
#2132=VECTOR('',#7464,10.);
#2133=VECTOR('',#7467,10.);
#2134=VECTOR('',#7468,10.);
#2135=VECTOR('',#7469,10.);
#2136=VECTOR('',#7472,10.);
#2137=VECTOR('',#7473,10.);
#2138=VECTOR('',#7478,0.8115);
#2139=VECTOR('',#7487,0.8115);
#2140=VECTOR('',#7496,0.8115);
#2141=VECTOR('',#7505,0.8115);
#2142=VECTOR('',#7512,2.05);
#2143=VECTOR('',#7519,2.05);
#2144=VECTOR('',#7526,10.);
#2145=VECTOR('',#7529,10.);
#2146=VECTOR('',#7532,10.);
#2147=VECTOR('',#7533,10.);
#2148=VECTOR('',#7536,10.);
#2149=VECTOR('',#7539,10.);
#2150=VECTOR('',#7540,10.);
#2151=VECTOR('',#7541,10.);
#2152=VECTOR('',#7544,10.);
#2153=VECTOR('',#7545,10.);
#2154=VECTOR('',#7546,10.);
#2155=VECTOR('',#7547,10.);
#2156=VECTOR('',#7548,10.);
#2157=VECTOR('',#7551,10.);
#2158=VECTOR('',#7552,10.);
#2159=VECTOR('',#7553,10.);
#2160=VECTOR('',#7556,10.);
#2161=VECTOR('',#7557,2.);
#2162=VECTOR('',#7562,10.);
#2163=VECTOR('',#7565,10.);
#2164=VECTOR('',#7568,10.);
#2165=VECTOR('',#7569,10.);
#2166=VECTOR('',#7570,10.);
#2167=VECTOR('',#7571,10.);
#2168=VECTOR('',#7572,10.);
#2169=VECTOR('',#7573,10.);
#2170=VECTOR('',#7574,10.);
#2171=VECTOR('',#7575,10.);
#2172=VECTOR('',#7576,10.);
#2173=VECTOR('',#7581,10.);
#2174=VECTOR('',#7582,10.);
#2175=VECTOR('',#7585,10.);
#2176=VECTOR('',#7586,10.);
#2177=VECTOR('',#7589,10.);
#2178=VECTOR('',#7590,10.);
#2179=VECTOR('',#7591,10.);
#2180=VECTOR('',#7592,10.);
#2181=VECTOR('',#7597,10.0012795857377);
#2182=VECTOR('',#7598,10.);
#2183=VECTOR('',#7599,10.);
#2184=VECTOR('',#7602,10.);
#2185=VECTOR('',#7605,10.);
#2186=VECTOR('',#7608,10.);
#2187=VECTOR('',#7615,10.);
#2188=VECTOR('',#7616,10.);
#2189=VECTOR('',#7629,10.);
#2190=VECTOR('',#7634,0.8115);
#2191=VECTOR('',#7643,10.);
#2192=VECTOR('',#7644,10.);
#2193=VECTOR('',#7645,10.);
#2194=VECTOR('',#7648,10.);
#2195=VECTOR('',#7649,10.);
#2196=VECTOR('',#7650,10.);
#2197=VECTOR('',#7655,0.8115);
#2198=VECTOR('',#7662,1.95000000000001);
#2199=VECTOR('',#7669,10.);
#2200=VECTOR('',#7670,10.);
#2201=VECTOR('',#7671,10.);
#2202=VECTOR('',#7672,10.);
#2203=VECTOR('',#7673,10.);
#2204=VECTOR('',#7676,10.);
#2205=VECTOR('',#7677,10.);
#2206=VECTOR('',#7680,10.);
#2207=VECTOR('',#7683,10.);
#2208=VECTOR('',#7686,10.);
#2209=VECTOR('',#7689,10.);
#2210=VECTOR('',#7692,10.);
#2211=VECTOR('',#7697,10.);
#2212=VECTOR('',#7702,10.);
#2213=VECTOR('',#7703,10.);
#2214=VECTOR('',#7706,10.);
#2215=VECTOR('',#7707,10.);
#2216=VECTOR('',#7708,10.);
#2217=VECTOR('',#7713,10.);
#2218=VECTOR('',#7716,10.);
#2219=VECTOR('',#7717,10.);
#2220=VECTOR('',#7720,10.);
#2221=VECTOR('',#7723,10.);
#2222=VECTOR('',#7724,10.);
#2223=VECTOR('',#7725,10.);
#2224=VECTOR('',#7726,10.);
#2225=VECTOR('',#7739,1.95);
#2226=VECTOR('',#7744,10.);
#2227=VECTOR('',#7747,10.);
#2228=VECTOR('',#7750,10.);
#2229=VECTOR('',#7753,10.);
#2230=VECTOR('',#7756,10.);
#2231=VECTOR('',#7759,10.);
#2232=VECTOR('',#7762,10.);
#2233=VECTOR('',#7765,10.);
#2234=VECTOR('',#7768,10.);
#2235=VECTOR('',#7771,10.);
#2236=VECTOR('',#7774,10.);
#2237=VECTOR('',#7777,10.);
#2238=VECTOR('',#7782,10.);
#2239=VECTOR('',#7783,10.);
#2240=VECTOR('',#7790,10.);
#2241=VECTOR('',#7795,10.);
#2242=VECTOR('',#7800,10.);
#2243=VECTOR('',#7801,10.);
#2244=VECTOR('',#7802,10.);
#2245=VECTOR('',#7809,10.);
#2246=VECTOR('',#7810,10.);
#2247=VECTOR('',#7813,10.);
#2248=VECTOR('',#7814,10.);
#2249=VECTOR('',#7815,10.);
#2250=VECTOR('',#7820,10.);
#2251=VECTOR('',#7823,10.);
#2252=VECTOR('',#7824,10.);
#2253=VECTOR('',#7827,10.);
#2254=VECTOR('',#7832,10.);
#2255=VECTOR('',#7833,10.);
#2256=VECTOR('',#7836,10.);
#2257=VECTOR('',#7837,10.);
#2258=VECTOR('',#7842,10.);
#2259=VECTOR('',#7845,10.);
#2260=VECTOR('',#7846,10.);
#2261=VECTOR('',#7851,10.);
#2262=VECTOR('',#7854,10.);
#2263=VECTOR('',#7857,10.);
#2264=VECTOR('',#7858,10.);
#2265=VECTOR('',#7859,10.);
#2266=VECTOR('',#7862,10.);
#2267=VECTOR('',#7865,10.);
#2268=VECTOR('',#7866,10.);
#2269=VECTOR('',#7871,10.);
#2270=VECTOR('',#7874,10.);
#2271=VECTOR('',#7875,10.);
#2272=VECTOR('',#7882,10.);
#2273=VECTOR('',#7883,10.);
#2274=VECTOR('',#7884,1.);
#2275=VECTOR('',#7889,1.);
#2276=VECTOR('',#7892,1.);
#2277=VECTOR('',#7899,1.);
#2278=VECTOR('',#7904,10.);
#2279=VECTOR('',#7909,10.);
#2280=VECTOR('',#7910,10.);
#2281=VECTOR('',#7911,10.);
#2282=VECTOR('',#7922,10.);
#2283=VECTOR('',#7927,10.);
#2284=VECTOR('',#7930,10.);
#2285=VECTOR('',#7931,10.);
#2286=VECTOR('',#7936,10.);
#2287=VECTOR('',#7941,10.);
#2288=VECTOR('',#7944,10.);
#2289=VECTOR('',#7945,10.);
#2290=VECTOR('',#7948,10.);
#2291=VECTOR('',#7953,10.);
#2292=VECTOR('',#7956,10.);
#2293=VECTOR('',#7957,10.);
#2294=VECTOR('',#7960,10.);
#2295=VECTOR('',#7963,10.);
#2296=VECTOR('',#7978,10.);
#2297=VECTOR('',#7989,10.);
#2298=VECTOR('',#8000,10.);
#2299=VECTOR('',#8071,10.);
#2300=VECTOR('',#8076,10.);
#2301=VECTOR('',#8077,10.);
#2302=VECTOR('',#8078,10.);
#2303=VECTOR('',#8079,10.);
#2304=VECTOR('',#8082,10.);
#2305=VECTOR('',#8087,10.);
#2306=VECTOR('',#8088,10.);
#2307=VECTOR('',#8093,10.);
#2308=VECTOR('',#8094,10.);
#2309=VECTOR('',#8095,10.);
#2310=VECTOR('',#8098,10.);
#2311=VECTOR('',#8099,10.);
#2312=VECTOR('',#8100,10.);
#2313=VECTOR('',#8103,10.);
#2314=VECTOR('',#8108,10.);
#2315=VECTOR('',#8109,10.);
#2316=VECTOR('',#8116,10.);
#2317=VECTOR('',#8117,10.);
#2318=VECTOR('',#8118,10.);
#2319=VECTOR('',#8119,10.);
#2320=VECTOR('',#8120,10.);
#2321=VECTOR('',#8121,10.);
#2322=VECTOR('',#8128,10.);
#2323=VECTOR('',#8131,10.);
#2324=VECTOR('',#8132,10.);
#2325=VECTOR('',#8135,10.);
#2326=VECTOR('',#8136,10.);
#2327=VECTOR('',#8137,10.);
#2328=VECTOR('',#8140,10.);
#2329=VECTOR('',#8143,9.99999999999999);
#2330=VECTOR('',#8146,10.);
#2331=VECTOR('',#8147,10.);
#2332=VECTOR('',#8148,10.);
#2333=VECTOR('',#8151,10.);
#2334=VECTOR('',#8154,10.);
#2335=VECTOR('',#8157,10.);
#2336=VECTOR('',#8162,10.);
#2337=VECTOR('',#8163,10.);
#2338=VECTOR('',#8166,10.);
#2339=VECTOR('',#8167,10.);
#2340=VECTOR('',#8168,10.);
#2341=VECTOR('',#8171,10.);
#2342=VECTOR('',#8172,10.);
#2343=VECTOR('',#8175,10.);
#2344=VECTOR('',#8180,10.);
#2345=VECTOR('',#8185,10.);
#2346=VECTOR('',#8186,10.);
#2347=VECTOR('',#8189,10.);
#2348=VECTOR('',#8194,10.);
#2349=VECTOR('',#8195,10.);
#2350=VECTOR('',#8196,10.);
#2351=VECTOR('',#8197,10.);
#2352=VECTOR('',#8200,10.);
#2353=VECTOR('',#8203,10.);
#2354=VECTOR('',#8206,10.);
#2355=VECTOR('',#8209,10.);
#2356=VECTOR('',#8212,10.);
#2357=VECTOR('',#8215,10.);
#2358=VECTOR('',#8220,10.);
#2359=VECTOR('',#8233,10.);
#2360=VECTOR('',#8236,10.);
#2361=VECTOR('',#8237,10.);
#2362=VECTOR('',#8240,10.);
#2363=VECTOR('',#8241,10.);
#2364=VECTOR('',#8242,10.);
#2365=VECTOR('',#8255,10.);
#2366=VECTOR('',#8258,10.);
#2367=VECTOR('',#8259,10.);
#2368=VECTOR('',#8260,10.);
#2369=VECTOR('',#8285,10.);
#2370=VECTOR('',#8288,10.);
#2371=VECTOR('',#8311,10.);
#2372=VECTOR('',#8314,10.);
#2373=VECTOR('',#8315,2.);
#2374=VECTOR('',#8316,10.);
#2375=VECTOR('',#8325,10.);
#2376=VECTOR('',#8328,2.);
#2377=VECTOR('',#8329,10.);
#2378=VECTOR('',#8336,10.);
#2379=VECTOR('',#8339,10.);
#2380=VECTOR('',#8344,10.);
#2381=VECTOR('',#8347,9.99999999999999);
#2382=VECTOR('',#8352,10.);
#2383=VECTOR('',#8357,10.0015265155909);
#2384=VERTEX_POINT('',#8362);
#2385=VERTEX_POINT('',#8363);
#2386=VERTEX_POINT('',#8365);
#2387=VERTEX_POINT('',#8367);
#2388=VERTEX_POINT('',#8371);
#2389=VERTEX_POINT('',#8373);
#2390=VERTEX_POINT('',#8377);
#2391=VERTEX_POINT('',#8378);
#2392=VERTEX_POINT('',#8380);
#2393=VERTEX_POINT('',#8382);
#2394=VERTEX_POINT('',#8384);
#2395=VERTEX_POINT('',#8434);
#2396=VERTEX_POINT('',#8436);
#2397=VERTEX_POINT('',#8480);
#2398=VERTEX_POINT('',#8524);
#2399=VERTEX_POINT('',#8526);
#2400=VERTEX_POINT('',#8570);
#2401=VERTEX_POINT('',#8614);
#2402=VERTEX_POINT('',#8616);
#2403=VERTEX_POINT('',#8666);
#2404=VERTEX_POINT('',#8668);
#2405=VERTEX_POINT('',#8718);
#2406=VERTEX_POINT('',#8720);
#2407=VERTEX_POINT('',#8764);
#2408=VERTEX_POINT('',#8775);
#2409=VERTEX_POINT('',#8777);
#2410=VERTEX_POINT('',#8821);
#2411=VERTEX_POINT('',#8832);
#2412=VERTEX_POINT('',#8834);
#2413=VERTEX_POINT('',#8841);
#2414=VERTEX_POINT('',#8843);
#2415=VERTEX_POINT('',#8845);
#2416=VERTEX_POINT('',#8847);
#2417=VERTEX_POINT('',#8849);
#2418=VERTEX_POINT('',#8851);
#2419=VERTEX_POINT('',#8853);
#2420=VERTEX_POINT('',#8855);
#2421=VERTEX_POINT('',#8857);
#2422=VERTEX_POINT('',#8859);
#2423=VERTEX_POINT('',#8861);
#2424=VERTEX_POINT('',#8863);
#2425=VERTEX_POINT('',#8865);
#2426=VERTEX_POINT('',#8867);
#2427=VERTEX_POINT('',#8869);
#2428=VERTEX_POINT('',#8871);
#2429=VERTEX_POINT('',#8873);
#2430=VERTEX_POINT('',#8875);
#2431=VERTEX_POINT('',#8877);
#2432=VERTEX_POINT('',#8879);
#2433=VERTEX_POINT('',#8881);
#2434=VERTEX_POINT('',#8883);
#2435=VERTEX_POINT('',#8885);
#2436=VERTEX_POINT('',#8887);
#2437=VERTEX_POINT('',#8889);
#2438=VERTEX_POINT('',#8891);
#2439=VERTEX_POINT('',#8893);
#2440=VERTEX_POINT('',#8896);
#2441=VERTEX_POINT('',#8898);
#2442=VERTEX_POINT('',#8900);
#2443=VERTEX_POINT('',#8902);
#2444=VERTEX_POINT('',#8904);
#2445=VERTEX_POINT('',#8906);
#2446=VERTEX_POINT('',#8908);
#2447=VERTEX_POINT('',#8910);
#2448=VERTEX_POINT('',#8912);
#2449=VERTEX_POINT('',#8914);
#2450=VERTEX_POINT('',#8916);
#2451=VERTEX_POINT('',#8918);
#2452=VERTEX_POINT('',#8920);
#2453=VERTEX_POINT('',#8922);
#2454=VERTEX_POINT('',#8924);
#2455=VERTEX_POINT('',#8926);
#2456=VERTEX_POINT('',#8928);
#2457=VERTEX_POINT('',#8930);
#2458=VERTEX_POINT('',#8932);
#2459=VERTEX_POINT('',#8934);
#2460=VERTEX_POINT('',#8936);
#2461=VERTEX_POINT('',#8938);
#2462=VERTEX_POINT('',#8940);
#2463=VERTEX_POINT('',#8943);
#2464=VERTEX_POINT('',#8944);
#2465=VERTEX_POINT('',#8946);
#2466=VERTEX_POINT('',#8948);
#2467=VERTEX_POINT('',#8998);
#2468=VERTEX_POINT('',#9000);
#2469=VERTEX_POINT('',#9050);
#2470=VERTEX_POINT('',#9052);
#2471=VERTEX_POINT('',#9054);
#2472=VERTEX_POINT('',#9056);
#2473=VERTEX_POINT('',#9058);
#2474=VERTEX_POINT('',#9060);
#2475=VERTEX_POINT('',#9110);
#2476=VERTEX_POINT('',#9112);
#2477=VERTEX_POINT('',#9162);
#2478=VERTEX_POINT('',#9164);
#2479=VERTEX_POINT('',#9167);
#2480=VERTEX_POINT('',#9168);
#2481=VERTEX_POINT('',#9170);
#2482=VERTEX_POINT('',#9172);
#2483=VERTEX_POINT('',#9174);
#2484=VERTEX_POINT('',#9176);
#2485=VERTEX_POINT('',#9178);
#2486=VERTEX_POINT('',#9180);
#2487=VERTEX_POINT('',#9183);
#2488=VERTEX_POINT('',#9184);
#2489=VERTEX_POINT('',#9186);
#2490=VERTEX_POINT('',#9188);
#2491=VERTEX_POINT('',#9238);
#2492=VERTEX_POINT('',#9240);
#2493=VERTEX_POINT('',#9290);
#2494=VERTEX_POINT('',#9292);
#2495=VERTEX_POINT('',#9294);
#2496=VERTEX_POINT('',#9296);
#2497=VERTEX_POINT('',#9298);
#2498=VERTEX_POINT('',#9300);
#2499=VERTEX_POINT('',#9315);
#2500=VERTEX_POINT('',#9317);
#2501=VERTEX_POINT('',#9367);
#2502=VERTEX_POINT('',#9369);
#2503=VERTEX_POINT('',#9372);
#2504=VERTEX_POINT('',#9373);
#2505=VERTEX_POINT('',#9375);
#2506=VERTEX_POINT('',#9425);
#2507=VERTEX_POINT('',#9427);
#2508=VERTEX_POINT('',#9477);
#2509=VERTEX_POINT('',#9479);
#2510=VERTEX_POINT('',#9494);
#2511=VERTEX_POINT('',#9545);
#2512=VERTEX_POINT('',#9547);
#2513=VERTEX_POINT('',#9549);
#2514=VERTEX_POINT('',#9550);
#2515=VERTEX_POINT('',#9552);
#2516=VERTEX_POINT('',#9554);
#2517=VERTEX_POINT('',#9556);
#2518=VERTEX_POINT('',#9558);
#2519=VERTEX_POINT('',#9560);
#2520=VERTEX_POINT('',#9562);
#2521=VERTEX_POINT('',#9565);
#2522=VERTEX_POINT('',#9567);
#2523=VERTEX_POINT('',#9570);
#2524=VERTEX_POINT('',#9572);
#2525=VERTEX_POINT('',#9576);
#2526=VERTEX_POINT('',#9587);
#2527=VERTEX_POINT('',#9598);
#2528=VERTEX_POINT('',#9599);
#2529=VERTEX_POINT('',#9601);
#2530=VERTEX_POINT('',#9610);
#2531=VERTEX_POINT('',#9611);
#2532=VERTEX_POINT('',#9621);
#2533=VERTEX_POINT('',#9646);
#2534=VERTEX_POINT('',#9650);
#2535=VERTEX_POINT('',#9652);
#2536=VERTEX_POINT('',#9656);
#2537=VERTEX_POINT('',#9657);
#2538=VERTEX_POINT('',#9659);
#2539=VERTEX_POINT('',#9661);
#2540=VERTEX_POINT('',#9663);
#2541=VERTEX_POINT('',#9668);
#2542=VERTEX_POINT('',#9670);
#2543=VERTEX_POINT('',#9672);
#2544=VERTEX_POINT('',#9674);
#2545=VERTEX_POINT('',#9676);
#2546=VERTEX_POINT('',#9678);
#2547=VERTEX_POINT('',#9680);
#2548=VERTEX_POINT('',#9682);
#2549=VERTEX_POINT('',#9686);
#2550=VERTEX_POINT('',#9688);
#2551=VERTEX_POINT('',#9692);
#2552=VERTEX_POINT('',#9694);
#2553=VERTEX_POINT('',#9707);
#2554=VERTEX_POINT('',#9709);
#2555=VERTEX_POINT('',#9712);
#2556=VERTEX_POINT('',#9716);
#2557=VERTEX_POINT('',#9717);
#2558=VERTEX_POINT('',#9719);
#2559=VERTEX_POINT('',#9721);
#2560=VERTEX_POINT('',#9723);
#2561=VERTEX_POINT('',#9725);
#2562=VERTEX_POINT('',#9727);
#2563=VERTEX_POINT('',#9729);
#2564=VERTEX_POINT('',#9731);
#2565=VERTEX_POINT('',#9733);
#2566=VERTEX_POINT('',#9735);
#2567=VERTEX_POINT('',#9737);
#2568=VERTEX_POINT('',#9739);
#2569=VERTEX_POINT('',#9741);
#2570=VERTEX_POINT('',#9743);
#2571=VERTEX_POINT('',#9745);
#2572=VERTEX_POINT('',#9747);
#2573=VERTEX_POINT('',#9749);
#2574=VERTEX_POINT('',#9751);
#2575=VERTEX_POINT('',#9753);
#2576=VERTEX_POINT('',#9755);
#2577=VERTEX_POINT('',#9757);
#2578=VERTEX_POINT('',#9759);
#2579=VERTEX_POINT('',#9761);
#2580=VERTEX_POINT('',#9763);
#2581=VERTEX_POINT('',#9765);
#2582=VERTEX_POINT('',#9767);
#2583=VERTEX_POINT('',#9769);
#2584=VERTEX_POINT('',#9771);
#2585=VERTEX_POINT('',#9773);
#2586=VERTEX_POINT('',#9775);
#2587=VERTEX_POINT('',#9777);
#2588=VERTEX_POINT('',#9779);
#2589=VERTEX_POINT('',#9781);
#2590=VERTEX_POINT('',#9783);
#2591=VERTEX_POINT('',#9785);
#2592=VERTEX_POINT('',#9790);
#2593=VERTEX_POINT('',#9792);
#2594=VERTEX_POINT('',#9794);
#2595=VERTEX_POINT('',#9797);
#2596=VERTEX_POINT('',#9799);
#2597=VERTEX_POINT('',#9843);
#2598=VERTEX_POINT('',#9849);
#2599=VERTEX_POINT('',#9851);
#2600=VERTEX_POINT('',#9895);
#2601=VERTEX_POINT('',#9901);
#2602=VERTEX_POINT('',#9903);
#2603=VERTEX_POINT('',#9909);
#2604=VERTEX_POINT('',#9911);
#2605=VERTEX_POINT('',#9917);
#2606=VERTEX_POINT('',#9919);
#2607=VERTEX_POINT('',#9963);
#2608=VERTEX_POINT('',#9969);
#2609=VERTEX_POINT('',#9971);
#2610=VERTEX_POINT('',#10015);
#2611=VERTEX_POINT('',#10021);
#2612=VERTEX_POINT('',#10023);
#2613=VERTEX_POINT('',#10031);
#2614=VERTEX_POINT('',#10032);
#2615=VERTEX_POINT('',#10034);
#2616=VERTEX_POINT('',#10040);
#2617=VERTEX_POINT('',#10042);
#2618=VERTEX_POINT('',#10048);
#2619=VERTEX_POINT('',#10050);
#2620=VERTEX_POINT('',#10056);
#2621=VERTEX_POINT('',#10063);
#2622=VERTEX_POINT('',#10064);
#2623=VERTEX_POINT('',#10066);
#2624=VERTEX_POINT('',#10068);
#2625=VERTEX_POINT('',#10070);
#2626=VERTEX_POINT('',#10072);
#2627=VERTEX_POINT('',#10078);
#2628=VERTEX_POINT('',#10080);
#2629=VERTEX_POINT('',#10086);
#2630=VERTEX_POINT('',#10088);
#2631=VERTEX_POINT('',#10090);
#2632=VERTEX_POINT('',#10092);
#2633=VERTEX_POINT('',#10094);
#2634=VERTEX_POINT('',#10096);
#2635=VERTEX_POINT('',#10102);
#2636=VERTEX_POINT('',#10104);
#2637=VERTEX_POINT('',#10111);
#2638=VERTEX_POINT('',#10112);
#2639=VERTEX_POINT('',#10114);
#2640=VERTEX_POINT('',#10116);
#2641=VERTEX_POINT('',#10118);
#2642=VERTEX_POINT('',#10120);
#2643=VERTEX_POINT('',#10126);
#2644=VERTEX_POINT('',#10128);
#2645=VERTEX_POINT('',#10134);
#2646=VERTEX_POINT('',#10136);
#2647=VERTEX_POINT('',#10138);
#2648=VERTEX_POINT('',#10140);
#2649=VERTEX_POINT('',#10142);
#2650=VERTEX_POINT('',#10144);
#2651=VERTEX_POINT('',#10150);
#2652=VERTEX_POINT('',#10152);
#2653=VERTEX_POINT('',#10163);
#2654=VERTEX_POINT('',#10164);
#2655=VERTEX_POINT('',#10166);
#2656=VERTEX_POINT('',#10168);
#2657=VERTEX_POINT('',#10172);
#2658=VERTEX_POINT('',#10173);
#2659=VERTEX_POINT('',#10175);
#2660=VERTEX_POINT('',#10177);
#2661=VERTEX_POINT('',#10179);
#2662=VERTEX_POINT('',#10181);
#2663=VERTEX_POINT('',#10183);
#2664=VERTEX_POINT('',#10185);
#2665=VERTEX_POINT('',#10187);
#2666=VERTEX_POINT('',#10189);
#2667=VERTEX_POINT('',#10191);
#2668=VERTEX_POINT('',#10194);
#2669=VERTEX_POINT('',#10196);
#2670=VERTEX_POINT('',#10200);
#2671=VERTEX_POINT('',#10201);
#2672=VERTEX_POINT('',#10390);
#2673=VERTEX_POINT('',#10392);
#2674=VERTEX_POINT('',#10396);
#2675=VERTEX_POINT('',#10400);
#2676=VERTEX_POINT('',#10404);
#2677=VERTEX_POINT('',#10408);
#2678=VERTEX_POINT('',#10412);
#2679=VERTEX_POINT('',#10416);
#2680=VERTEX_POINT('',#10818);
#2681=VERTEX_POINT('',#10820);
#2682=VERTEX_POINT('',#10822);
#2683=VERTEX_POINT('',#10824);
#2684=VERTEX_POINT('',#10827);
#2685=VERTEX_POINT('',#10831);
#2686=VERTEX_POINT('',#10832);
#2687=VERTEX_POINT('',#10834);
#2688=VERTEX_POINT('',#10836);
#2689=VERTEX_POINT('',#10840);
#2690=VERTEX_POINT('',#10841);
#2691=VERTEX_POINT('',#10843);
#2692=VERTEX_POINT('',#10845);
#2693=VERTEX_POINT('',#10849);
#2694=VERTEX_POINT('',#10850);
#2695=VERTEX_POINT('',#10854);
#2696=VERTEX_POINT('',#10856);
#2697=VERTEX_POINT('',#10860);
#2698=VERTEX_POINT('',#10861);
#2699=VERTEX_POINT('',#10863);
#2700=VERTEX_POINT('',#10865);
#2701=VERTEX_POINT('',#10869);
#2702=VERTEX_POINT('',#10870);
#2703=VERTEX_POINT('',#10872);
#2704=VERTEX_POINT('',#10874);
#2705=VERTEX_POINT('',#10876);
#2706=VERTEX_POINT('',#10878);
#2707=VERTEX_POINT('',#10880);
#2708=VERTEX_POINT('',#10882);
#2709=VERTEX_POINT('',#10884);
#2710=VERTEX_POINT('',#10886);
#2711=VERTEX_POINT('',#10888);
#2712=VERTEX_POINT('',#10890);
#2713=VERTEX_POINT('',#10892);
#2714=VERTEX_POINT('',#10894);
#2715=VERTEX_POINT('',#10896);
#2716=VERTEX_POINT('',#10898);
#2717=VERTEX_POINT('',#10900);
#2718=VERTEX_POINT('',#10902);
#2719=VERTEX_POINT('',#10904);
#2720=VERTEX_POINT('',#10906);
#2721=VERTEX_POINT('',#10908);
#2722=VERTEX_POINT('',#10910);
#2723=VERTEX_POINT('',#10912);
#2724=VERTEX_POINT('',#10914);
#2725=VERTEX_POINT('',#10916);
#2726=VERTEX_POINT('',#10918);
#2727=VERTEX_POINT('',#10920);
#2728=VERTEX_POINT('',#10922);
#2729=VERTEX_POINT('',#10924);
#2730=VERTEX_POINT('',#10926);
#2731=VERTEX_POINT('',#10928);
#2732=VERTEX_POINT('',#10930);
#2733=VERTEX_POINT('',#10932);
#2734=VERTEX_POINT('',#10935);
#2735=VERTEX_POINT('',#10937);
#2736=VERTEX_POINT('',#10939);
#2737=VERTEX_POINT('',#10941);
#2738=VERTEX_POINT('',#10943);
#2739=VERTEX_POINT('',#10945);
#2740=VERTEX_POINT('',#10947);
#2741=VERTEX_POINT('',#10949);
#2742=VERTEX_POINT('',#10951);
#2743=VERTEX_POINT('',#10953);
#2744=VERTEX_POINT('',#10955);
#2745=VERTEX_POINT('',#10957);
#2746=VERTEX_POINT('',#10959);
#2747=VERTEX_POINT('',#10962);
#2748=VERTEX_POINT('',#10964);
#2749=VERTEX_POINT('',#10966);
#2750=VERTEX_POINT('',#10968);
#2751=VERTEX_POINT('',#10971);
#2752=VERTEX_POINT('',#10973);
#2753=VERTEX_POINT('',#10975);
#2754=VERTEX_POINT('',#10977);
#2755=VERTEX_POINT('',#10979);
#2756=VERTEX_POINT('',#10981);
#2757=VERTEX_POINT('',#10983);
#2758=VERTEX_POINT('',#10985);
#2759=VERTEX_POINT('',#10987);
#2760=VERTEX_POINT('',#10989);
#2761=VERTEX_POINT('',#10991);
#2762=VERTEX_POINT('',#10995);
#2763=VERTEX_POINT('',#10996);
#2764=VERTEX_POINT('',#11000);
#2765=VERTEX_POINT('',#11005);
#2766=VERTEX_POINT('',#11009);
#2767=VERTEX_POINT('',#11010);
#2768=VERTEX_POINT('',#11017);
#2769=VERTEX_POINT('',#11018);
#2770=VERTEX_POINT('',#11020);
#2771=VERTEX_POINT('',#11022);
#2772=VERTEX_POINT('',#11024);
#2773=VERTEX_POINT('',#11026);
#2774=VERTEX_POINT('',#11028);
#2775=VERTEX_POINT('',#11032);
#2776=VERTEX_POINT('',#11033);
#2777=VERTEX_POINT('',#11037);
#2778=VERTEX_POINT('',#11039);
#2779=VERTEX_POINT('',#11043);
#2780=VERTEX_POINT('',#11044);
#2781=VERTEX_POINT('',#11049);
#2782=VERTEX_POINT('',#11050);
#2783=VERTEX_POINT('',#11058);
#2784=VERTEX_POINT('',#11060);
#2785=VERTEX_POINT('',#11064);
#2786=VERTEX_POINT('',#11066);
#2787=VERTEX_POINT('',#11070);
#2788=VERTEX_POINT('',#11072);
#2789=VERTEX_POINT('',#11076);
#2790=VERTEX_POINT('',#11080);
#2791=VERTEX_POINT('',#11082);
#2792=VERTEX_POINT('',#11087);
#2793=VERTEX_POINT('',#11089);
#2794=VERTEX_POINT('',#11094);
#2795=VERTEX_POINT('',#11096);
#2796=VERTEX_POINT('',#11101);
#2797=VERTEX_POINT('',#11103);
#2798=VERTEX_POINT('',#11108);
#2799=VERTEX_POINT('',#11113);
#2800=VERTEX_POINT('',#11118);
#2801=VERTEX_POINT('',#11120);
#2802=VERTEX_POINT('',#11124);
#2803=VERTEX_POINT('',#11130);
#2804=VERTEX_POINT('',#11132);
#2805=VERTEX_POINT('',#11136);
#2806=VERTEX_POINT('',#11143);
#2807=VERTEX_POINT('',#11145);
#2808=VERTEX_POINT('',#11149);
#2809=VERTEX_POINT('',#11153);
#2810=VERTEX_POINT('',#11159);
#2811=VERTEX_POINT('',#11160);
#2812=VERTEX_POINT('',#11163);
#2813=VERTEX_POINT('',#11165);
#2814=VERTEX_POINT('',#11179);
#2815=VERTEX_POINT('',#11181);
#2816=VERTEX_POINT('',#11183);
#2817=VERTEX_POINT('',#11188);
#2818=VERTEX_POINT('',#11189);
#2819=VERTEX_POINT('',#11194);
#2820=VERTEX_POINT('',#11198);
#2821=VERTEX_POINT('',#11202);
#2822=VERTEX_POINT('',#11234);
#2823=VERTEX_POINT('',#11236);
#2824=VERTEX_POINT('',#11258);
#2825=VERTEX_POINT('',#11260);
#2826=VERTEX_POINT('',#11266);
#2827=VERTEX_POINT('',#11268);
#2828=VERTEX_POINT('',#11272);
#2829=VERTEX_POINT('',#11274);
#2830=VERTEX_POINT('',#11278);
#2831=VERTEX_POINT('',#11280);
#2832=VERTEX_POINT('',#11285);
#2833=VERTEX_POINT('',#11290);
#2834=VERTEX_POINT('',#11291);
#2835=VERTEX_POINT('',#11293);
#2836=VERTEX_POINT('',#11295);
#2837=VERTEX_POINT('',#11314);
#2838=VERTEX_POINT('',#11318);
#2839=VERTEX_POINT('',#11322);
#2840=VERTEX_POINT('',#11324);
#2841=VERTEX_POINT('',#11328);
#2842=VERTEX_POINT('',#11337);
#2843=VERTEX_POINT('',#11338);
#2844=VERTEX_POINT('',#11340);
#2845=VERTEX_POINT('',#11342);
#2846=VERTEX_POINT('',#11349);
#2847=VERTEX_POINT('',#11380);
#2848=VERTEX_POINT('',#11384);
#2849=VERTEX_POINT('',#11386);
#2850=VERTEX_POINT('',#11390);
#2851=VERTEX_POINT('',#11392);
#2852=VERTEX_POINT('',#11396);
#2853=VERTEX_POINT('',#11398);
#2854=VERTEX_POINT('',#11402);
#2855=VERTEX_POINT('',#11403);
#2856=VERTEX_POINT('',#11405);
#2857=VERTEX_POINT('',#11410);
#2858=VERTEX_POINT('',#11411);
#2859=VERTEX_POINT('',#11416);
#2860=VERTEX_POINT('',#11420);
#2861=VERTEX_POINT('',#11424);
#2862=VERTEX_POINT('',#11465);
#2863=VERTEX_POINT('',#11466);
#2864=VERTEX_POINT('',#11471);
#2865=VERTEX_POINT('',#11475);
#2866=VERTEX_POINT('',#11479);
#2867=VERTEX_POINT('',#11483);
#2868=VERTEX_POINT('',#11489);
#2869=VERTEX_POINT('',#11490);
#2870=VERTEX_POINT('',#11495);
#2871=VERTEX_POINT('',#11536);
#2872=VERTEX_POINT('',#11540);
#2873=VERTEX_POINT('',#11544);
#2874=VERTEX_POINT('',#11550);
#2875=VERTEX_POINT('',#11552);
#2876=VERTEX_POINT('',#11556);
#2877=VERTEX_POINT('',#11557);
#2878=VERTEX_POINT('',#11559);
#2879=VERTEX_POINT('',#11567);
#2880=VERTEX_POINT('',#11578);
#2881=VERTEX_POINT('',#11580);
#2882=VERTEX_POINT('',#11584);
#2883=VERTEX_POINT('',#11585);
#2884=VERTEX_POINT('',#11596);
#2885=VERTEX_POINT('',#11605);
#2886=VERTEX_POINT('',#11609);
#2887=VERTEX_POINT('',#11611);
#2888=VERTEX_POINT('',#11618);
#2889=VERTEX_POINT('',#11625);
#2890=VERTEX_POINT('',#11629);
#2891=VERTEX_POINT('',#11631);
#2892=VERTEX_POINT('',#11635);
#2893=VERTEX_POINT('',#11642);
#2894=VERTEX_POINT('',#11652);
#2895=VERTEX_POINT('',#11656);
#2896=VERTEX_POINT('',#11660);
#2897=VERTEX_POINT('',#11664);
#2898=VERTEX_POINT('',#11668);
#2899=VERTEX_POINT('',#11672);
#2900=VERTEX_POINT('',#11676);
#2901=VERTEX_POINT('',#11709);
#2902=VERTEX_POINT('',#11713);
#2903=VERTEX_POINT('',#11717);
#2904=VERTEX_POINT('',#11775);
#2905=VERTEX_POINT('',#11779);
#2906=VERTEX_POINT('',#11783);
#2907=VERTEX_POINT('',#11787);
#2908=VERTEX_POINT('',#11791);
#2909=VERTEX_POINT('',#11795);
#2910=VERTEX_POINT('',#11948);
#2911=VERTEX_POINT('',#12005);
#2912=VERTEX_POINT('',#12233);
#2913=VERTEX_POINT('',#12235);
#2914=VERTEX_POINT('',#12257);
#2915=VERTEX_POINT('',#12259);
#2916=VERTEX_POINT('',#12266);
#2917=VERTEX_POINT('',#12270);
#2918=VERTEX_POINT('',#12291);
#2919=VERTEX_POINT('',#12293);
#2920=VERTEX_POINT('',#12323);
#2921=VERTEX_POINT('',#12337);
#2922=VERTEX_POINT('',#12375);
#2923=VERTEX_POINT('',#12379);
#2924=VERTEX_POINT('',#12385);
#2925=VERTEX_POINT('',#12386);
#2926=VERTEX_POINT('',#12393);
#2927=VERTEX_POINT('',#12395);
#2928=VERTEX_POINT('',#12397);
#2929=VERTEX_POINT('',#12404);
#2930=VERTEX_POINT('',#12418);
#2931=VERTEX_POINT('',#12420);
#2932=VERTEX_POINT('',#12434);
#2933=VERTEX_POINT('',#12445);
#2934=VERTEX_POINT('',#12447);
#2935=VERTEX_POINT('',#12449);
#2936=VERTEX_POINT('',#12452);
#2937=VERTEX_POINT('',#12455);
#2938=VERTEX_POINT('',#12540);
#2939=VERTEX_POINT('',#12545);
#2940=VERTEX_POINT('',#12549);
#2941=VERTEX_POINT('',#12556);
#2942=VERTEX_POINT('',#12566);
#2943=VERTEX_POINT('',#12603);
#2944=VERTEX_POINT('',#12605);
#2945=VERTEX_POINT('',#12609);
#2946=VERTEX_POINT('',#12610);
#2947=VERTEX_POINT('',#12612);
#2948=VERTEX_POINT('',#12614);
#2949=VERTEX_POINT('',#12618);
#2950=VERTEX_POINT('',#12619);
#2951=VERTEX_POINT('',#12621);
#2952=VERTEX_POINT('',#12623);
#2953=VERTEX_POINT('',#12630);
#2954=VERTEX_POINT('',#12634);
#2955=VERTEX_POINT('',#12635);
#2956=VERTEX_POINT('',#12638);
#2957=VERTEX_POINT('',#12644);
#2958=VERTEX_POINT('',#12669);
#2959=VERTEX_POINT('',#12671);
#2960=VERTEX_POINT('',#12687);
#2961=VERTEX_POINT('',#12718);
#2962=VERTEX_POINT('',#12773);
#2963=VERTEX_POINT('',#12778);
#2964=VERTEX_POINT('',#12780);
#2965=VERTEX_POINT('',#12818);
#2966=VERTEX_POINT('',#12820);
#2967=VERTEX_POINT('',#12826);
#2968=VERTEX_POINT('',#12830);
#2969=EDGE_CURVE('',#2384,#2385,#1258,.T.);
#2970=EDGE_CURVE('',#2385,#2386,#1259,.T.);
#2971=EDGE_CURVE('',#2387,#2386,#1260,.T.);
#2972=EDGE_CURVE('',#2387,#2384,#1261,.T.);
#2973=EDGE_CURVE('',#2388,#2387,#1262,.T.);
#2974=EDGE_CURVE('',#2386,#2389,#1263,.T.);
#2975=EDGE_CURVE('',#2389,#2388,#1264,.T.);
#2976=EDGE_CURVE('',#2390,#2391,#356,.F.);
#2977=EDGE_CURVE('',#2392,#2391,#1265,.T.);
#2978=EDGE_CURVE('',#2393,#2392,#1266,.T.);
#2979=EDGE_CURVE('',#2394,#2393,#264,.T.);
#2980=EDGE_CURVE('',#2395,#2394,#1267,.T.);
#2981=EDGE_CURVE('',#2396,#2395,#265,.T.);
#2982=EDGE_CURVE('',#2396,#2397,#266,.T.);
#2983=EDGE_CURVE('',#2398,#2397,#1268,.T.);
#2984=EDGE_CURVE('',#2399,#2398,#267,.T.);
#2985=EDGE_CURVE('',#2399,#2400,#268,.T.);
#2986=EDGE_CURVE('',#2401,#2400,#1269,.T.);
#2987=EDGE_CURVE('',#2402,#2401,#269,.T.);
#2988=EDGE_CURVE('',#2403,#2402,#1270,.T.);
#2989=EDGE_CURVE('',#2404,#2403,#270,.T.);
#2990=EDGE_CURVE('',#2405,#2404,#1271,.T.);
#2991=EDGE_CURVE('',#2406,#2405,#271,.T.);
#2992=EDGE_CURVE('',#2406,#2407,#272,.T.);
#2993=EDGE_CURVE('',#2408,#2407,#1272,.T.);
#2994=EDGE_CURVE('',#2409,#2408,#273,.T.);
#2995=EDGE_CURVE('',#2409,#2410,#274,.T.);
#2996=EDGE_CURVE('',#2411,#2410,#1273,.T.);
#2997=EDGE_CURVE('',#2412,#2411,#275,.T.);
#2998=EDGE_CURVE('',#2413,#2412,#220,.T.);
#2999=EDGE_CURVE('',#2414,#2413,#1274,.T.);
#3000=EDGE_CURVE('',#2415,#2414,#357,.T.);
#3001=EDGE_CURVE('',#2416,#2415,#1275,.T.);
#3002=EDGE_CURVE('',#2416,#2417,#1276,.T.);
#3003=EDGE_CURVE('',#2417,#2418,#1277,.T.);
#3004=EDGE_CURVE('',#2418,#2419,#358,.T.);
#3005=EDGE_CURVE('',#2419,#2420,#1278,.T.);
#3006=EDGE_CURVE('',#2420,#2421,#1279,.T.);
#3007=EDGE_CURVE('',#2421,#2422,#359,.T.);
#3008=EDGE_CURVE('',#2422,#2423,#1280,.T.);
#3009=EDGE_CURVE('',#2423,#2424,#360,.T.);
#3010=EDGE_CURVE('',#2424,#2425,#1281,.T.);
#3011=EDGE_CURVE('',#2425,#2426,#361,.T.);
#3012=EDGE_CURVE('',#2426,#2427,#1282,.T.);
#3013=EDGE_CURVE('',#2427,#2428,#362,.T.);
#3014=EDGE_CURVE('',#2428,#2429,#1283,.T.);
#3015=EDGE_CURVE('',#2429,#2430,#363,.T.);
#3016=EDGE_CURVE('',#2430,#2431,#1284,.T.);
#3017=EDGE_CURVE('',#2431,#2432,#364,.T.);
#3018=EDGE_CURVE('',#2432,#2433,#1285,.T.);
#3019=EDGE_CURVE('',#2433,#2434,#365,.T.);
#3020=EDGE_CURVE('',#2434,#2435,#1286,.T.);
#3021=EDGE_CURVE('',#2435,#2436,#366,.T.);
#3022=EDGE_CURVE('',#2436,#2437,#1287,.T.);
#3023=EDGE_CURVE('',#2438,#2437,#367,.T.);
#3024=EDGE_CURVE('',#2439,#2438,#1288,.T.);
#3025=EDGE_CURVE('',#2384,#2439,#368,.T.);
#3026=EDGE_CURVE('',#2440,#2388,#1289,.T.);
#3027=EDGE_CURVE('',#2441,#2440,#1290,.T.);
#3028=EDGE_CURVE('',#2442,#2441,#1291,.T.);
#3029=EDGE_CURVE('',#2443,#2442,#1292,.T.);
#3030=EDGE_CURVE('',#2444,#2443,#1293,.T.);
#3031=EDGE_CURVE('',#2445,#2444,#1294,.T.);
#3032=EDGE_CURVE('',#2445,#2446,#369,.T.);
#3033=EDGE_CURVE('',#2447,#2446,#1295,.T.);
#3034=EDGE_CURVE('',#2447,#2448,#370,.T.);
#3035=EDGE_CURVE('',#2448,#2449,#371,.T.);
#3036=EDGE_CURVE('',#2449,#2450,#1296,.T.);
#3037=EDGE_CURVE('',#2450,#2451,#372,.T.);
#3038=EDGE_CURVE('',#2451,#2452,#1297,.T.);
#3039=EDGE_CURVE('',#2452,#2453,#373,.T.);
#3040=EDGE_CURVE('',#2453,#2454,#1298,.T.);
#3041=EDGE_CURVE('',#2454,#2455,#374,.T.);
#3042=EDGE_CURVE('',#2455,#2456,#1299,.T.);
#3043=EDGE_CURVE('',#2456,#2457,#1300,.T.);
#3044=EDGE_CURVE('',#2457,#2458,#1301,.T.);
#3045=EDGE_CURVE('',#2458,#2459,#1302,.T.);
#3046=EDGE_CURVE('',#2459,#2460,#1303,.T.);
#3047=EDGE_CURVE('',#2460,#2461,#1304,.T.);
#3048=EDGE_CURVE('',#2461,#2462,#1305,.T.);
#3049=EDGE_CURVE('',#2390,#2462,#1306,.T.);
#3050=EDGE_CURVE('',#2463,#2464,#1307,.T.);
#3051=EDGE_CURVE('',#2465,#2463,#1308,.T.);
#3052=EDGE_CURVE('',#2466,#2465,#276,.T.);
#3053=EDGE_CURVE('',#2467,#2466,#1309,.T.);
#3054=EDGE_CURVE('',#2468,#2467,#277,.T.);
#3055=EDGE_CURVE('',#2469,#2468,#1310,.T.);
#3056=EDGE_CURVE('',#2470,#2469,#1311,.T.);
#3057=EDGE_CURVE('',#2471,#2470,#1312,.T.);
#3058=EDGE_CURVE('',#2472,#2471,#1313,.T.);
#3059=EDGE_CURVE('',#2473,#2472,#1314,.T.);
#3060=EDGE_CURVE('',#2474,#2473,#278,.T.);
#3061=EDGE_CURVE('',#2475,#2474,#1315,.T.);
#3062=EDGE_CURVE('',#2476,#2475,#279,.T.);
#3063=EDGE_CURVE('',#2477,#2476,#1316,.T.);
#3064=EDGE_CURVE('',#2478,#2477,#1317,.T.);
#3065=EDGE_CURVE('',#2464,#2478,#1318,.T.);
#3066=EDGE_CURVE('',#2479,#2480,#1319,.T.);
#3067=EDGE_CURVE('',#2481,#2479,#375,.T.);
#3068=EDGE_CURVE('',#2482,#2481,#1320,.T.);
#3069=EDGE_CURVE('',#2483,#2482,#376,.T.);
#3070=EDGE_CURVE('',#2484,#2483,#1321,.T.);
#3071=EDGE_CURVE('',#2485,#2484,#377,.T.);
#3072=EDGE_CURVE('',#2486,#2485,#1322,.T.);
#3073=EDGE_CURVE('',#2480,#2486,#378,.T.);
#3074=EDGE_CURVE('',#2487,#2488,#1323,.T.);
#3075=EDGE_CURVE('',#2489,#2487,#1324,.T.);
#3076=EDGE_CURVE('',#2490,#2489,#280,.T.);
#3077=EDGE_CURVE('',#2491,#2490,#1325,.T.);
#3078=EDGE_CURVE('',#2492,#2491,#281,.T.);
#3079=EDGE_CURVE('',#2493,#2492,#1326,.T.);
#3080=EDGE_CURVE('',#2494,#2493,#1327,.T.);
#3081=EDGE_CURVE('',#2495,#2494,#1328,.T.);
#3082=EDGE_CURVE('',#2496,#2495,#1329,.T.);
#3083=EDGE_CURVE('',#2497,#2496,#1330,.T.);
#3084=EDGE_CURVE('',#2498,#2497,#282,.T.);
#3085=EDGE_CURVE('',#2499,#2498,#1331,.T.);
#3086=EDGE_CURVE('',#2500,#2499,#283,.T.);
#3087=EDGE_CURVE('',#2501,#2500,#1332,.T.);
#3088=EDGE_CURVE('',#2502,#2501,#1333,.T.);
#3089=EDGE_CURVE('',#2488,#2502,#1334,.T.);
#3090=EDGE_CURVE('',#2503,#2504,#1335,.T.);
#3091=EDGE_CURVE('',#2505,#2503,#284,.T.);
#3092=EDGE_CURVE('',#2506,#2505,#1336,.T.);
#3093=EDGE_CURVE('',#2507,#2506,#285,.T.);
#3094=EDGE_CURVE('',#2508,#2507,#1337,.T.);
#3095=EDGE_CURVE('',#2509,#2508,#286,.T.);
#3096=EDGE_CURVE('',#2510,#2509,#1338,.T.);
#3097=EDGE_CURVE('',#2504,#2510,#287,.T.);
#3098=EDGE_CURVE('',#2511,#2511,#379,.T.);
#3099=EDGE_CURVE('',#2512,#2512,#380,.T.);
#3100=EDGE_CURVE('',#2513,#2514,#381,.F.);
#3101=EDGE_CURVE('',#2514,#2515,#1339,.F.);
#3102=EDGE_CURVE('',#2515,#2516,#382,.F.);
#3103=EDGE_CURVE('',#2516,#2517,#1340,.F.);
#3104=EDGE_CURVE('',#2517,#2518,#383,.F.);
#3105=EDGE_CURVE('',#2518,#2519,#1341,.F.);
#3106=EDGE_CURVE('',#2519,#2520,#384,.F.);
#3107=EDGE_CURVE('',#2520,#2513,#1342,.F.);
#3108=EDGE_CURVE('',#2521,#2521,#385,.F.);
#3109=EDGE_CURVE('',#2522,#2522,#386,.T.);
#3110=EDGE_CURVE('',#2442,#2523,#1343,.T.);
#3111=EDGE_CURVE('',#2524,#2441,#1344,.T.);
#3112=EDGE_CURVE('',#2523,#2524,#1345,.T.);
#3113=EDGE_CURVE('',#2440,#2525,#1346,.T.);
#3114=EDGE_CURVE('',#2525,#2524,#1347,.T.);
#3115=EDGE_CURVE('',#2526,#2413,#1348,.T.);
#3116=EDGE_CURVE('',#2526,#2414,#1349,.T.);
#3117=EDGE_CURVE('',#2527,#2528,#1350,.T.);
#3118=EDGE_CURVE('',#2528,#2529,#1351,.T.);
#3119=EDGE_CURVE('',#2529,#2527,#1352,.T.);
#3120=EDGE_CURVE('',#2530,#2531,#288,.T.);
#3121=EDGE_CURVE('',#2531,#2527,#221,.T.);
#3122=EDGE_CURVE('',#2529,#2526,#222,.T.);
#3123=EDGE_CURVE('',#2412,#2532,#289,.T.);
#3124=EDGE_CURVE('',#2532,#2530,#223,.T.);
#3125=EDGE_CURVE('',#2533,#2411,#1353,.T.);
#3126=EDGE_CURVE('',#2533,#2532,#224,.T.);
#3127=EDGE_CURVE('',#2530,#2534,#387,.T.);
#3128=EDGE_CURVE('',#2534,#2535,#1354,.T.);
#3129=EDGE_CURVE('',#2535,#2531,#225,.T.);
#3130=EDGE_CURVE('',#2536,#2537,#1355,.T.);
#3131=EDGE_CURVE('',#2536,#2538,#388,.F.);
#3132=EDGE_CURVE('',#2538,#2539,#1356,.T.);
#3133=EDGE_CURVE('',#2539,#2540,#1357,.T.);
#3134=EDGE_CURVE('',#2528,#2540,#389,.T.);
#3135=EDGE_CURVE('',#2537,#2535,#1358,.T.);
#3136=EDGE_CURVE('',#2540,#2541,#1359,.T.);
#3137=EDGE_CURVE('',#2541,#2542,#390,.T.);
#3138=EDGE_CURVE('',#2543,#2542,#1360,.T.);
#3139=EDGE_CURVE('',#2544,#2543,#391,.T.);
#3140=EDGE_CURVE('',#2545,#2544,#1361,.T.);
#3141=EDGE_CURVE('',#2546,#2545,#392,.F.);
#3142=EDGE_CURVE('',#2547,#2546,#1362,.T.);
#3143=EDGE_CURVE('',#2548,#2547,#393,.T.);
#3144=EDGE_CURVE('',#2415,#2548,#1363,.T.);
#3145=EDGE_CURVE('',#2537,#2549,#1364,.T.);
#3146=EDGE_CURVE('',#2550,#2549,#1365,.T.);
#3147=EDGE_CURVE('',#2550,#2536,#1366,.T.);
#3148=EDGE_CURVE('',#2391,#2551,#1367,.T.);
#3149=EDGE_CURVE('',#2551,#2552,#1368,.T.);
#3150=EDGE_CURVE('',#2552,#2392,#1369,.T.);
#3151=EDGE_CURVE('',#2549,#2553,#226,.T.);
#3152=EDGE_CURVE('',#2553,#2554,#227,.T.);
#3153=EDGE_CURVE('',#2554,#2552,#228,.T.);
#3154=EDGE_CURVE('',#2551,#2555,#229,.T.);
#3155=EDGE_CURVE('',#2555,#2550,#230,.T.);
#3156=EDGE_CURVE('',#2556,#2557,#1370,.T.);
#3157=EDGE_CURVE('',#2558,#2556,#231,.T.);
#3158=EDGE_CURVE('',#2559,#2558,#1371,.T.);
#3159=EDGE_CURVE('',#2560,#2559,#232,.T.);
#3160=EDGE_CURVE('',#2561,#2560,#1372,.T.);
#3161=EDGE_CURVE('',#2561,#2562,#233,.T.);
#3162=EDGE_CURVE('',#2562,#2563,#1373,.T.);
#3163=EDGE_CURVE('',#2563,#2564,#234,.T.);
#3164=EDGE_CURVE('',#2564,#2565,#1374,.T.);
#3165=EDGE_CURVE('',#2565,#2566,#235,.T.);
#3166=EDGE_CURVE('',#2566,#2567,#1375,.T.);
#3167=EDGE_CURVE('',#2567,#2568,#236,.T.);
#3168=EDGE_CURVE('',#2568,#2569,#1376,.T.);
#3169=EDGE_CURVE('',#2569,#2570,#237,.T.);
#3170=EDGE_CURVE('',#2570,#2571,#1377,.T.);
#3171=EDGE_CURVE('',#2571,#2572,#238,.T.);
#3172=EDGE_CURVE('',#2572,#2573,#1378,.T.);
#3173=EDGE_CURVE('',#2573,#2574,#239,.T.);
#3174=EDGE_CURVE('',#2574,#2575,#1379,.T.);
#3175=EDGE_CURVE('',#2575,#2576,#240,.T.);
#3176=EDGE_CURVE('',#2576,#2577,#1380,.T.);
#3177=EDGE_CURVE('',#2577,#2578,#241,.T.);
#3178=EDGE_CURVE('',#2578,#2579,#242,.T.);
#3179=EDGE_CURVE('',#2579,#2580,#1381,.T.);
#3180=EDGE_CURVE('',#2580,#2581,#243,.T.);
#3181=EDGE_CURVE('',#2581,#2582,#244,.T.);
#3182=EDGE_CURVE('',#2582,#2583,#1382,.T.);
#3183=EDGE_CURVE('',#2584,#2583,#1383,.T.);
#3184=EDGE_CURVE('',#2585,#2584,#1384,.T.);
#3185=EDGE_CURVE('',#2586,#2585,#245,.T.);
#3186=EDGE_CURVE('',#2587,#2586,#1385,.T.);
#3187=EDGE_CURVE('',#2588,#2587,#246,.T.);
#3188=EDGE_CURVE('',#2589,#2588,#1386,.T.);
#3189=EDGE_CURVE('',#2590,#2589,#1387,.T.);
#3190=EDGE_CURVE('',#2590,#2591,#290,.T.);
#3191=EDGE_CURVE('',#2591,#2592,#247,.T.);
#3192=EDGE_CURVE('',#2592,#2593,#248,.T.);
#3193=EDGE_CURVE('',#2594,#2593,#1388,.T.);
#3194=EDGE_CURVE('',#2594,#2557,#1389,.T.);
#3195=EDGE_CURVE('',#2595,#2533,#1390,.T.);
#3196=EDGE_CURVE('',#2595,#2596,#291,.T.);
#3197=EDGE_CURVE('',#2597,#2596,#292,.T.);
#3198=EDGE_CURVE('',#2598,#2597,#1391,.T.);
#3199=EDGE_CURVE('',#2598,#2599,#293,.T.);
#3200=EDGE_CURVE('',#2600,#2599,#294,.T.);
#3201=EDGE_CURVE('',#2601,#2600,#1392,.T.);
#3202=EDGE_CURVE('',#2602,#2601,#295,.T.);
#3203=EDGE_CURVE('',#2603,#2602,#1393,.T.);
#3204=EDGE_CURVE('',#2604,#2603,#296,.T.);
#3205=EDGE_CURVE('',#2605,#2604,#1394,.T.);
#3206=EDGE_CURVE('',#2605,#2606,#297,.T.);
#3207=EDGE_CURVE('',#2607,#2606,#298,.T.);
#3208=EDGE_CURVE('',#2608,#2607,#1395,.T.);
#3209=EDGE_CURVE('',#2608,#2609,#299,.T.);
#3210=EDGE_CURVE('',#2610,#2609,#300,.T.);
#3211=EDGE_CURVE('',#2611,#2610,#1396,.T.);
#3212=EDGE_CURVE('',#2612,#2611,#301,.T.);
#3213=EDGE_CURVE('',#2554,#2612,#1397,.T.);
#3214=EDGE_CURVE('',#2534,#2553,#1398,.T.);
#3215=EDGE_CURVE('',#2613,#2614,#1399,.T.);
#3216=EDGE_CURVE('',#2615,#2613,#302,.T.);
#3217=EDGE_CURVE('',#2616,#2615,#1400,.T.);
#3218=EDGE_CURVE('',#2617,#2616,#303,.T.);
#3219=EDGE_CURVE('',#2618,#2617,#1401,.T.);
#3220=EDGE_CURVE('',#2619,#2618,#304,.T.);
#3221=EDGE_CURVE('',#2620,#2619,#1402,.T.);
#3222=EDGE_CURVE('',#2614,#2620,#305,.T.);
#3223=EDGE_CURVE('',#2621,#2622,#1403,.T.);
#3224=EDGE_CURVE('',#2623,#2621,#1404,.T.);
#3225=EDGE_CURVE('',#2624,#2623,#1405,.T.);
#3226=EDGE_CURVE('',#2625,#2624,#1406,.T.);
#3227=EDGE_CURVE('',#2626,#2625,#306,.T.);
#3228=EDGE_CURVE('',#2627,#2626,#1407,.T.);
#3229=EDGE_CURVE('',#2628,#2627,#307,.T.);
#3230=EDGE_CURVE('',#2629,#2628,#1408,.T.);
#3231=EDGE_CURVE('',#2630,#2629,#1409,.T.);
#3232=EDGE_CURVE('',#2631,#2630,#1410,.T.);
#3233=EDGE_CURVE('',#2632,#2631,#1411,.T.);
#3234=EDGE_CURVE('',#2633,#2632,#1412,.T.);
#3235=EDGE_CURVE('',#2634,#2633,#308,.T.);
#3236=EDGE_CURVE('',#2635,#2634,#1413,.T.);
#3237=EDGE_CURVE('',#2636,#2635,#309,.T.);
#3238=EDGE_CURVE('',#2622,#2636,#1414,.T.);
#3239=EDGE_CURVE('',#2637,#2638,#1415,.T.);
#3240=EDGE_CURVE('',#2639,#2637,#1416,.T.);
#3241=EDGE_CURVE('',#2640,#2639,#1417,.T.);
#3242=EDGE_CURVE('',#2641,#2640,#1418,.T.);
#3243=EDGE_CURVE('',#2642,#2641,#310,.T.);
#3244=EDGE_CURVE('',#2643,#2642,#1419,.T.);
#3245=EDGE_CURVE('',#2644,#2643,#311,.T.);
#3246=EDGE_CURVE('',#2645,#2644,#1420,.T.);
#3247=EDGE_CURVE('',#2646,#2645,#1421,.T.);
#3248=EDGE_CURVE('',#2647,#2646,#1422,.T.);
#3249=EDGE_CURVE('',#2648,#2647,#1423,.T.);
#3250=EDGE_CURVE('',#2649,#2648,#1424,.T.);
#3251=EDGE_CURVE('',#2650,#2649,#312,.T.);
#3252=EDGE_CURVE('',#2651,#2650,#1425,.T.);
#3253=EDGE_CURVE('',#2652,#2651,#313,.T.);
#3254=EDGE_CURVE('',#2638,#2652,#1426,.T.);
#3255=EDGE_CURVE('',#2612,#2393,#1427,.T.);
#3256=EDGE_CURVE('',#2653,#2654,#1428,.T.);
#3257=EDGE_CURVE('',#2654,#2655,#1429,.T.);
#3258=EDGE_CURVE('',#2655,#2656,#1430,.T.);
#3259=EDGE_CURVE('',#2656,#2653,#1431,.T.);
#3260=EDGE_CURVE('',#2657,#2658,#394,.F.);
#3261=EDGE_CURVE('',#2659,#2657,#1432,.T.);
#3262=EDGE_CURVE('',#2659,#2660,#395,.T.);
#3263=EDGE_CURVE('',#2660,#2661,#1433,.T.);
#3264=EDGE_CURVE('',#2661,#2662,#396,.T.);
#3265=EDGE_CURVE('',#2662,#2663,#1434,.T.);
#3266=EDGE_CURVE('',#2663,#2664,#397,.T.);
#3267=EDGE_CURVE('',#2664,#2665,#1435,.T.);
#3268=EDGE_CURVE('',#2666,#2665,#1436,.F.);
#3269=EDGE_CURVE('',#2667,#2666,#398,.F.);
#3270=EDGE_CURVE('',#2658,#2667,#1437,.T.);
#3271=EDGE_CURVE('',#2668,#2653,#1438,.T.);
#3272=EDGE_CURVE('',#2669,#2668,#1439,.T.);
#3273=EDGE_CURVE('',#2654,#2669,#1440,.T.);
#3274=EDGE_CURVE('',#2670,#2671,#1441,.T.);
#3275=EDGE_CURVE('',#2671,#2669,#1442,.T.);
#3276=EDGE_CURVE('',#2668,#2670,#1443,.T.);
#3277=EDGE_CURVE('',#2671,#2655,#1444,.T.);
#3278=EDGE_CURVE('',#2656,#2670,#1445,.T.);
#3279=EDGE_CURVE('',#2407,#2598,#314,.T.);
#3280=EDGE_CURVE('',#2599,#2406,#315,.T.);
#3281=EDGE_CURVE('',#2600,#2405,#1446,.T.);
#3282=EDGE_CURVE('',#2410,#2595,#316,.T.);
#3283=EDGE_CURVE('',#2596,#2409,#317,.T.);
#3284=EDGE_CURVE('',#2400,#2605,#318,.T.);
#3285=EDGE_CURVE('',#2606,#2399,#319,.T.);
#3286=EDGE_CURVE('',#2607,#2398,#1447,.T.);
#3287=EDGE_CURVE('',#2397,#2608,#320,.T.);
#3288=EDGE_CURVE('',#2609,#2396,#321,.T.);
#3289=EDGE_CURVE('',#2637,#2488,#1448,.T.);
#3290=EDGE_CURVE('',#2638,#2487,#1449,.T.);
#3291=EDGE_CURVE('',#2648,#2493,#1450,.T.);
#3292=EDGE_CURVE('',#2647,#2494,#1451,.T.);
#3293=EDGE_CURVE('',#2640,#2501,#1452,.T.);
#3294=EDGE_CURVE('',#2639,#2502,#1453,.T.);
#3295=EDGE_CURVE('',#2646,#2495,#1454,.T.);
#3296=EDGE_CURVE('',#2645,#2496,#1455,.T.);
#3297=EDGE_CURVE('',#2632,#2469,#1456,.T.);
#3298=EDGE_CURVE('',#2631,#2470,#1457,.T.);
#3299=EDGE_CURVE('',#2621,#2464,#1458,.T.);
#3300=EDGE_CURVE('',#2622,#2463,#1459,.T.);
#3301=EDGE_CURVE('',#2630,#2471,#1460,.T.);
#3302=EDGE_CURVE('',#2629,#2472,#1461,.T.);
#3303=EDGE_CURVE('',#2624,#2477,#1462,.T.);
#3304=EDGE_CURVE('',#2623,#2478,#1463,.T.);
#3305=EDGE_CURVE('',#2672,#2483,#1464,.T.);
#3306=EDGE_CURVE('',#2672,#2673,#1465,.T.);
#3307=EDGE_CURVE('',#2673,#2484,#1466,.T.);
#3308=EDGE_CURVE('',#2674,#2482,#1467,.T.);
#3309=EDGE_CURVE('',#2674,#2672,#399,.T.);
#3310=EDGE_CURVE('',#2675,#2481,#1468,.T.);
#3311=EDGE_CURVE('',#2675,#2674,#1469,.T.);
#3312=EDGE_CURVE('',#2676,#2479,#1470,.T.);
#3313=EDGE_CURVE('',#2676,#2675,#400,.T.);
#3314=EDGE_CURVE('',#2677,#2480,#1471,.T.);
#3315=EDGE_CURVE('',#2677,#2676,#1472,.T.);
#3316=EDGE_CURVE('',#2678,#2486,#1473,.T.);
#3317=EDGE_CURVE('',#2678,#2677,#401,.T.);
#3318=EDGE_CURVE('',#2679,#2485,#1474,.T.);
#3319=EDGE_CURVE('',#2679,#2678,#1475,.T.);
#3320=EDGE_CURVE('',#2673,#2679,#402,.T.);
#3321=EDGE_CURVE('',#2627,#2474,#1476,.T.);
#3322=EDGE_CURVE('',#2626,#2475,#1477,.T.);
#3323=EDGE_CURVE('',#2628,#2473,#1478,.T.);
#3324=EDGE_CURVE('',#2625,#2476,#1479,.T.);
#3325=EDGE_CURVE('',#2644,#2497,#1480,.T.);
#3326=EDGE_CURVE('',#2641,#2500,#1481,.T.);
#3327=EDGE_CURVE('',#2642,#2499,#1482,.T.);
#3328=EDGE_CURVE('',#2643,#2498,#1483,.T.);
#3329=EDGE_CURVE('',#2597,#2408,#1484,.T.);
#3330=EDGE_CURVE('',#2603,#2402,#1485,.T.);
#3331=EDGE_CURVE('',#2602,#2403,#1486,.T.);
#3332=EDGE_CURVE('',#2604,#2401,#1487,.T.);
#3333=EDGE_CURVE('',#2633,#2468,#1488,.T.);
#3334=EDGE_CURVE('',#2634,#2467,#1489,.T.);
#3335=EDGE_CURVE('',#2635,#2466,#1490,.T.);
#3336=EDGE_CURVE('',#2636,#2465,#1491,.T.);
#3337=EDGE_CURVE('',#2649,#2492,#1492,.T.);
#3338=EDGE_CURVE('',#2650,#2491,#1493,.T.);
#3339=EDGE_CURVE('',#2651,#2490,#1494,.T.);
#3340=EDGE_CURVE('',#2652,#2489,#1495,.T.);
#3341=EDGE_CURVE('',#2601,#2404,#1496,.T.);
#3342=EDGE_CURVE('',#2611,#2394,#1497,.T.);
#3343=EDGE_CURVE('',#2610,#2395,#1498,.T.);
#3344=EDGE_CURVE('',#2618,#2507,#1499,.T.);
#3345=EDGE_CURVE('',#2617,#2508,#1500,.T.);
#3346=EDGE_CURVE('',#2619,#2506,#1501,.T.);
#3347=EDGE_CURVE('',#2620,#2505,#1502,.T.);
#3348=EDGE_CURVE('',#2614,#2503,#1503,.T.);
#3349=EDGE_CURVE('',#2613,#2504,#1504,.T.);
#3350=EDGE_CURVE('',#2615,#2510,#1505,.T.);
#3351=EDGE_CURVE('',#2616,#2509,#1506,.T.);
#3352=EDGE_CURVE('',#2680,#2390,#1507,.F.);
#3353=EDGE_CURVE('',#2680,#2681,#249,.F.);
#3354=EDGE_CURVE('',#2682,#2681,#403,.T.);
#3355=EDGE_CURVE('',#2682,#2683,#250,.F.);
#3356=EDGE_CURVE('',#2538,#2683,#1508,.F.);
#3357=EDGE_CURVE('',#2555,#2684,#1509,.T.);
#3358=EDGE_CURVE('',#2684,#2684,#404,.F.);
#3359=EDGE_CURVE('',#2685,#2686,#1510,.T.);
#3360=EDGE_CURVE('',#2687,#2686,#1511,.T.);
#3361=EDGE_CURVE('',#2687,#2688,#1512,.T.);
#3362=EDGE_CURVE('',#2688,#2685,#1513,.T.);
#3363=EDGE_CURVE('',#2689,#2690,#1514,.T.);
#3364=EDGE_CURVE('',#2691,#2690,#1515,.T.);
#3365=EDGE_CURVE('',#2691,#2692,#1516,.T.);
#3366=EDGE_CURVE('',#2692,#2689,#1517,.T.);
#3367=EDGE_CURVE('',#2693,#2694,#1518,.T.);
#3368=EDGE_CURVE('',#2693,#2694,#405,.T.);
#3369=EDGE_CURVE('',#2695,#2693,#1519,.T.);
#3370=EDGE_CURVE('',#2696,#2695,#406,.T.);
#3371=EDGE_CURVE('',#2694,#2696,#1520,.T.);
#3372=EDGE_CURVE('',#2697,#2698,#1521,.T.);
#3373=EDGE_CURVE('',#2699,#2697,#1522,.T.);
#3374=EDGE_CURVE('',#2699,#2700,#1523,.T.);
#3375=EDGE_CURVE('',#2700,#2698,#1524,.T.);
#3376=EDGE_CURVE('',#2701,#2702,#407,.T.);
#3377=EDGE_CURVE('',#2702,#2703,#1525,.T.);
#3378=EDGE_CURVE('',#2703,#2704,#408,.T.);
#3379=EDGE_CURVE('',#2704,#2705,#1526,.T.);
#3380=EDGE_CURVE('',#2705,#2706,#409,.T.);
#3381=EDGE_CURVE('',#2706,#2707,#1527,.T.);
#3382=EDGE_CURVE('',#2707,#2708,#410,.T.);
#3383=EDGE_CURVE('',#2708,#2709,#1528,.T.);
#3384=EDGE_CURVE('',#2709,#2710,#411,.T.);
#3385=EDGE_CURVE('',#2710,#2711,#1529,.T.);
#3386=EDGE_CURVE('',#2711,#2712,#412,.T.);
#3387=EDGE_CURVE('',#2712,#2713,#1530,.T.);
#3388=EDGE_CURVE('',#2713,#2714,#413,.T.);
#3389=EDGE_CURVE('',#2714,#2715,#1531,.T.);
#3390=EDGE_CURVE('',#2715,#2716,#414,.T.);
#3391=EDGE_CURVE('',#2716,#2717,#415,.T.);
#3392=EDGE_CURVE('',#2717,#2718,#416,.T.);
#3393=EDGE_CURVE('',#2718,#2719,#1532,.T.);
#3394=EDGE_CURVE('',#2719,#2720,#417,.T.);
#3395=EDGE_CURVE('',#2720,#2721,#1533,.T.);
#3396=EDGE_CURVE('',#2721,#2722,#418,.T.);
#3397=EDGE_CURVE('',#2722,#2723,#1534,.T.);
#3398=EDGE_CURVE('',#2723,#2724,#419,.T.);
#3399=EDGE_CURVE('',#2724,#2725,#1535,.T.);
#3400=EDGE_CURVE('',#2725,#2726,#420,.T.);
#3401=EDGE_CURVE('',#2726,#2727,#1536,.T.);
#3402=EDGE_CURVE('',#2727,#2728,#421,.T.);
#3403=EDGE_CURVE('',#2728,#2729,#422,.T.);
#3404=EDGE_CURVE('',#2729,#2730,#1537,.T.);
#3405=EDGE_CURVE('',#2730,#2731,#423,.T.);
#3406=EDGE_CURVE('',#2731,#2732,#424,.T.);
#3407=EDGE_CURVE('',#2732,#2733,#1538,.T.);
#3408=EDGE_CURVE('',#2733,#2701,#425,.T.);
#3409=EDGE_CURVE('',#2734,#2695,#1539,.T.);
#3410=EDGE_CURVE('',#2735,#2734,#426,.T.);
#3411=EDGE_CURVE('',#2736,#2735,#1540,.T.);
#3412=EDGE_CURVE('',#2737,#2736,#427,.T.);
#3413=EDGE_CURVE('',#2738,#2737,#1541,.T.);
#3414=EDGE_CURVE('',#2739,#2738,#428,.T.);
#3415=EDGE_CURVE('',#2740,#2739,#1542,.T.);
#3416=EDGE_CURVE('',#2741,#2740,#429,.T.);
#3417=EDGE_CURVE('',#2742,#2741,#1543,.T.);
#3418=EDGE_CURVE('',#2743,#2742,#430,.T.);
#3419=EDGE_CURVE('',#2744,#2743,#431,.T.);
#3420=EDGE_CURVE('',#2745,#2744,#432,.T.);
#3421=EDGE_CURVE('',#2746,#2745,#1544,.T.);
#3422=EDGE_CURVE('',#2690,#2746,#433,.T.);
#3423=EDGE_CURVE('',#2747,#2689,#434,.T.);
#3424=EDGE_CURVE('',#2748,#2747,#1545,.T.);
#3425=EDGE_CURVE('',#2749,#2748,#435,.T.);
#3426=EDGE_CURVE('',#2750,#2749,#1546,.T.);
#3427=EDGE_CURVE('',#2686,#2750,#436,.T.);
#3428=EDGE_CURVE('',#2751,#2685,#437,.T.);
#3429=EDGE_CURVE('',#2752,#2751,#1547,.T.);
#3430=EDGE_CURVE('',#2753,#2752,#438,.T.);
#3431=EDGE_CURVE('',#2754,#2753,#1548,.T.);
#3432=EDGE_CURVE('',#2755,#2754,#439,.T.);
#3433=EDGE_CURVE('',#2756,#2755,#1549,.T.);
#3434=EDGE_CURVE('',#2757,#2756,#440,.T.);
#3435=EDGE_CURVE('',#2758,#2757,#1550,.T.);
#3436=EDGE_CURVE('',#2759,#2758,#1551,.T.);
#3437=EDGE_CURVE('',#2760,#2759,#441,.T.);
#3438=EDGE_CURVE('',#2761,#2760,#1552,.T.);
#3439=EDGE_CURVE('',#2696,#2761,#1553,.T.);
#3440=EDGE_CURVE('',#2762,#2763,#24,.T.);
#3441=EDGE_CURVE('',#2764,#2763,#442,.T.);
#3442=EDGE_CURVE('',#2699,#2764,#1554,.T.);
#3443=EDGE_CURVE('',#2762,#2699,#443,.T.);
#3444=EDGE_CURVE('',#2700,#2765,#1555,.T.);
#3445=EDGE_CURVE('',#2765,#2764,#1556,.T.);
#3446=EDGE_CURVE('',#2766,#2767,#25,.T.);
#3447=EDGE_CURVE('',#2700,#2767,#444,.T.);
#3448=EDGE_CURVE('',#2766,#2765,#445,.T.);
#3449=EDGE_CURVE('',#2768,#2769,#1557,.T.);
#3450=EDGE_CURVE('',#2770,#2769,#1558,.T.);
#3451=EDGE_CURVE('',#2771,#2770,#446,.T.);
#3452=EDGE_CURVE('',#2772,#2771,#447,.T.);
#3453=EDGE_CURVE('',#2773,#2772,#1559,.T.);
#3454=EDGE_CURVE('',#2773,#2774,#448,.T.);
#3455=EDGE_CURVE('',#2774,#2768,#449,.T.);
#3456=EDGE_CURVE('',#2775,#2776,#26,.T.);
#3457=EDGE_CURVE('',#2777,#2776,#450,.T.);
#3458=EDGE_CURVE('',#2778,#2777,#1560,.T.);
#3459=EDGE_CURVE('',#2775,#2778,#451,.T.);
#3460=EDGE_CURVE('',#2779,#2780,#1561,.T.);
#3461=EDGE_CURVE('',#2778,#2779,#1562,.T.);
#3462=EDGE_CURVE('',#2780,#2777,#1563,.T.);
#3463=EDGE_CURVE('',#2781,#2782,#27,.T.);
#3464=EDGE_CURVE('',#2779,#2782,#452,.T.);
#3465=EDGE_CURVE('',#2781,#2780,#453,.T.);
#3466=EDGE_CURVE('',#2783,#2779,#1564,.T.);
#3467=EDGE_CURVE('',#2783,#2784,#1565,.T.);
#3468=EDGE_CURVE('',#2784,#2778,#1566,.T.);
#3469=EDGE_CURVE('',#2785,#2706,#1567,.T.);
#3470=EDGE_CURVE('',#2785,#2786,#1568,.T.);
#3471=EDGE_CURVE('',#2786,#2707,#1569,.T.);
#3472=EDGE_CURVE('',#2787,#2708,#1570,.T.);
#3473=EDGE_CURVE('',#2787,#2788,#1571,.T.);
#3474=EDGE_CURVE('',#2788,#2709,#1572,.F.);
#3475=EDGE_CURVE('',#2789,#2547,#1573,.T.);
#3476=EDGE_CURVE('',#2548,#2789,#1574,.T.);
#3477=EDGE_CURVE('',#2790,#2790,#454,.T.);
#3478=EDGE_CURVE('',#2790,#2791,#1575,.T.);
#3479=EDGE_CURVE('',#2791,#2791,#455,.T.);
#3480=EDGE_CURVE('',#2792,#2792,#456,.T.);
#3481=EDGE_CURVE('',#2792,#2793,#1576,.T.);
#3482=EDGE_CURVE('',#2793,#2793,#457,.T.);
#3483=EDGE_CURVE('',#2794,#2794,#458,.T.);
#3484=EDGE_CURVE('',#2794,#2795,#1577,.T.);
#3485=EDGE_CURVE('',#2795,#2795,#459,.T.);
#3486=EDGE_CURVE('',#2796,#2796,#460,.T.);
#3487=EDGE_CURVE('',#2796,#2797,#1578,.T.);
#3488=EDGE_CURVE('',#2797,#2797,#461,.T.);
#3489=EDGE_CURVE('',#2511,#2798,#1579,.T.);
#3490=EDGE_CURVE('',#2798,#2798,#462,.T.);
#3491=EDGE_CURVE('',#2512,#2799,#1580,.T.);
#3492=EDGE_CURVE('',#2799,#2799,#463,.T.);
#3493=EDGE_CURVE('',#2658,#2800,#1581,.T.);
#3494=EDGE_CURVE('',#2800,#2801,#464,.T.);
#3495=EDGE_CURVE('',#2801,#2657,#1582,.T.);
#3496=EDGE_CURVE('',#2801,#2802,#1583,.T.);
#3497=EDGE_CURVE('',#2802,#2659,#1584,.T.);
#3498=EDGE_CURVE('',#2789,#2416,#1585,.T.);
#3499=EDGE_CURVE('',#2542,#2803,#1586,.T.);
#3500=EDGE_CURVE('',#2803,#2804,#1587,.T.);
#3501=EDGE_CURVE('',#2804,#2543,#1588,.T.);
#3502=EDGE_CURVE('',#2805,#2803,#1589,.F.);
#3503=EDGE_CURVE('',#2734,#2805,#1590,.T.);
#3504=EDGE_CURVE('',#2761,#2417,#1591,.F.);
#3505=EDGE_CURVE('',#2546,#2545,#1592,.T.);
#3506=EDGE_CURVE('',#2544,#2804,#1593,.T.);
#3507=EDGE_CURVE('',#2665,#2806,#1594,.T.);
#3508=EDGE_CURVE('',#2806,#2807,#1595,.F.);
#3509=EDGE_CURVE('',#2807,#2666,#1596,.T.);
#3510=EDGE_CURVE('',#2808,#2664,#1597,.T.);
#3511=EDGE_CURVE('',#2808,#2806,#1598,.T.);
#3512=EDGE_CURVE('',#2807,#2809,#465,.T.);
#3513=EDGE_CURVE('',#2809,#2667,#1599,.T.);
#3514=EDGE_CURVE('',#2809,#2800,#1600,.T.);
#3515=EDGE_CURVE('',#2810,#2811,#1601,.T.);
#3516=EDGE_CURVE('',#2811,#2556,#1602,.T.);
#3517=EDGE_CURVE('',#2557,#2812,#1603,.T.);
#3518=EDGE_CURVE('',#2812,#2813,#322,.T.);
#3519=EDGE_CURVE('',#2813,#2770,#1604,.T.);
#3520=EDGE_CURVE('',#2769,#2814,#1605,.T.);
#3521=EDGE_CURVE('',#2814,#2815,#1606,.T.);
#3522=EDGE_CURVE('',#2815,#2816,#1607,.T.);
#3523=EDGE_CURVE('',#2816,#2444,#1608,.T.);
#3524=EDGE_CURVE('',#2443,#2810,#1609,.T.);
#3525=EDGE_CURVE('',#2817,#2818,#466,.T.);
#3526=EDGE_CURVE('',#2560,#2818,#1610,.T.);
#3527=EDGE_CURVE('',#2817,#2559,#1611,.T.);
#3528=EDGE_CURVE('',#2819,#2817,#1612,.T.);
#3529=EDGE_CURVE('',#2819,#2558,#1613,.T.);
#3530=EDGE_CURVE('',#2818,#2820,#1614,.T.);
#3531=EDGE_CURVE('',#2820,#2439,#1615,.T.);
#3532=EDGE_CURVE('',#2438,#2773,#1616,.T.);
#3533=EDGE_CURVE('',#2772,#2821,#1617,.T.);
#3534=EDGE_CURVE('',#2821,#2561,#323,.T.);
#3535=EDGE_CURVE('',#2811,#2819,#467,.T.);
#3536=EDGE_CURVE('',#2822,#2815,#1618,.T.);
#3537=EDGE_CURVE('',#2822,#2823,#1619,.T.);
#3538=EDGE_CURVE('',#2816,#2823,#1620,.T.);
#3539=EDGE_CURVE('',#2445,#2823,#1621,.T.);
#3540=EDGE_CURVE('',#2810,#2523,#1622,.T.);
#3541=EDGE_CURVE('',#2525,#2389,#1623,.T.);
#3542=EDGE_CURVE('',#2385,#2820,#468,.T.);
#3543=EDGE_CURVE('',#2437,#2745,#1624,.T.);
#3544=EDGE_CURVE('',#2774,#2744,#1625,.T.);
#3545=EDGE_CURVE('',#2812,#2593,#469,.T.);
#3546=EDGE_CURVE('',#2768,#2447,#251,.T.);
#3547=EDGE_CURVE('',#2448,#2743,#1626,.T.);
#3548=EDGE_CURVE('',#2824,#2824,#470,.T.);
#3549=EDGE_CURVE('',#2824,#2825,#1627,.T.);
#3550=EDGE_CURVE('',#2825,#2825,#471,.T.);
#3551=EDGE_CURVE('',#2826,#2458,#1628,.T.);
#3552=EDGE_CURVE('',#2827,#2826,#1629,.F.);
#3553=EDGE_CURVE('',#2459,#2827,#1630,.F.);
#3554=EDGE_CURVE('',#2827,#2828,#1631,.T.);
#3555=EDGE_CURVE('',#2828,#2829,#1632,.F.);
#3556=EDGE_CURVE('',#2460,#2829,#1633,.F.);
#3557=EDGE_CURVE('',#2830,#2830,#472,.T.);
#3558=EDGE_CURVE('',#2830,#2831,#1634,.T.);
#3559=EDGE_CURVE('',#2831,#2831,#473,.T.);
#3560=EDGE_CURVE('',#2522,#2832,#1635,.T.);
#3561=EDGE_CURVE('',#2832,#2832,#474,.F.);
#3562=EDGE_CURVE('',#2833,#2834,#1636,.T.);
#3563=EDGE_CURVE('',#2834,#2835,#1637,.T.);
#3564=EDGE_CURVE('',#2835,#2836,#1638,.T.);
#3565=EDGE_CURVE('',#2836,#2727,#1639,.T.);
#3566=EDGE_CURVE('',#2833,#2726,#1640,.T.);
#3567=EDGE_CURVE('',#2423,#2755,#1641,.T.);
#3568=EDGE_CURVE('',#2424,#2754,#1642,.T.);
#3569=EDGE_CURVE('',#2422,#2756,#1643,.T.);
#3570=EDGE_CURVE('',#2421,#2757,#1644,.T.);
#3571=EDGE_CURVE('',#2420,#2758,#1645,.T.);
#3572=EDGE_CURVE('',#2419,#2759,#1646,.T.);
#3573=EDGE_CURVE('',#2418,#2760,#1647,.T.);
#3574=EDGE_CURVE('',#2837,#2735,#1648,.T.);
#3575=EDGE_CURVE('',#2837,#2805,#475,.F.);
#3576=EDGE_CURVE('',#2683,#2838,#1649,.T.);
#3577=EDGE_CURVE('',#2682,#2838,#1650,.T.);
#3578=EDGE_CURVE('',#2516,#2839,#1651,.T.);
#3579=EDGE_CURVE('',#2839,#2840,#1652,.F.);
#3580=EDGE_CURVE('',#2517,#2840,#1653,.T.);
#3581=EDGE_CURVE('',#2840,#2841,#476,.F.);
#3582=EDGE_CURVE('',#2518,#2841,#1654,.T.);
#3583=EDGE_CURVE('',#2841,#2589,#1655,.F.);
#3584=EDGE_CURVE('',#2588,#2519,#1656,.T.);
#3585=EDGE_CURVE('',#2520,#2587,#1657,.T.);
#3586=EDGE_CURVE('',#2842,#2843,#1658,.T.);
#3587=EDGE_CURVE('',#2843,#2844,#1659,.T.);
#3588=EDGE_CURVE('',#2844,#2845,#1660,.T.);
#3589=EDGE_CURVE('',#2842,#2845,#1661,.T.);
#3590=EDGE_CURVE('',#2843,#2762,#477,.T.);
#3591=EDGE_CURVE('',#2697,#2844,#478,.T.);
#3592=EDGE_CURVE('',#2846,#2846,#479,.F.);
#3593=EDGE_CURVE('',#2521,#2846,#1662,.T.);
#3594=EDGE_CURVE('',#2436,#2746,#1663,.T.);
#3595=EDGE_CURVE('',#2435,#2691,#1664,.T.);
#3596=EDGE_CURVE('',#2434,#2692,#1665,.T.);
#3597=EDGE_CURVE('',#2433,#2747,#1666,.T.);
#3598=EDGE_CURVE('',#2432,#2748,#1667,.T.);
#3599=EDGE_CURVE('',#2431,#2749,#1668,.T.);
#3600=EDGE_CURVE('',#2430,#2750,#1669,.T.);
#3601=EDGE_CURVE('',#2429,#2687,#1670,.T.);
#3602=EDGE_CURVE('',#2428,#2688,#1671,.F.);
#3603=EDGE_CURVE('',#2427,#2751,#1672,.T.);
#3604=EDGE_CURVE('',#2426,#2752,#1673,.T.);
#3605=EDGE_CURVE('',#2425,#2753,#1674,.T.);
#3606=EDGE_CURVE('',#2847,#2838,#1675,.T.);
#3607=EDGE_CURVE('',#2847,#2539,#1676,.T.);
#3608=EDGE_CURVE('',#2848,#2775,#480,.T.);
#3609=EDGE_CURVE('',#2784,#2849,#481,.T.);
#3610=EDGE_CURVE('',#2848,#2849,#1677,.T.);
#3611=EDGE_CURVE('',#2767,#2850,#482,.T.);
#3612=EDGE_CURVE('',#2850,#2851,#1678,.T.);
#3613=EDGE_CURVE('',#2851,#2698,#483,.T.);
#3614=EDGE_CURVE('',#2850,#2852,#1679,.T.);
#3615=EDGE_CURVE('',#2852,#2853,#1680,.T.);
#3616=EDGE_CURVE('',#2853,#2851,#1681,.T.);
#3617=EDGE_CURVE('',#2854,#2855,#252,.T.);
#3618=EDGE_CURVE('',#2855,#2856,#484,.T.);
#3619=EDGE_CURVE('',#2718,#2856,#1682,.T.);
#3620=EDGE_CURVE('',#2717,#2854,#1683,.T.);
#3621=EDGE_CURVE('',#2857,#2858,#1684,.T.);
#3622=EDGE_CURVE('',#2788,#2858,#1685,.T.);
#3623=EDGE_CURVE('',#2787,#2857,#1686,.T.);
#3624=EDGE_CURVE('',#2859,#2857,#253,.T.);
#3625=EDGE_CURVE('',#2786,#2859,#1687,.T.);
#3626=EDGE_CURVE('',#2860,#2859,#1688,.T.);
#3627=EDGE_CURVE('',#2785,#2860,#1689,.T.);
#3628=EDGE_CURVE('',#2861,#2860,#324,.T.);
#3629=EDGE_CURVE('',#2861,#2705,#1690,.T.);
#3630=EDGE_CURVE('',#2862,#2863,#485,.T.);
#3631=EDGE_CURVE('',#2724,#2863,#1691,.T.);
#3632=EDGE_CURVE('',#2723,#2862,#1692,.T.);
#3633=EDGE_CURVE('',#2864,#2862,#1693,.T.);
#3634=EDGE_CURVE('',#2722,#2864,#1694,.T.);
#3635=EDGE_CURVE('',#2865,#2864,#486,.T.);
#3636=EDGE_CURVE('',#2721,#2865,#1695,.T.);
#3637=EDGE_CURVE('',#2866,#2865,#1696,.T.);
#3638=EDGE_CURVE('',#2720,#2866,#1697,.T.);
#3639=EDGE_CURVE('',#2867,#2866,#487,.T.);
#3640=EDGE_CURVE('',#2719,#2867,#1698,.T.);
#3641=EDGE_CURVE('',#2856,#2867,#1699,.T.);
#3642=EDGE_CURVE('',#2868,#2869,#1700,.T.);
#3643=EDGE_CURVE('',#2869,#2715,#1701,.T.);
#3644=EDGE_CURVE('',#2714,#2868,#1702,.F.);
#3645=EDGE_CURVE('',#2870,#2868,#325,.T.);
#3646=EDGE_CURVE('',#2870,#2713,#1703,.T.);
#3647=EDGE_CURVE('',#2871,#2870,#1704,.T.);
#3648=EDGE_CURVE('',#2871,#2712,#1705,.T.);
#3649=EDGE_CURVE('',#2872,#2871,#488,.T.);
#3650=EDGE_CURVE('',#2872,#2711,#1706,.T.);
#3651=EDGE_CURVE('',#2873,#2872,#1707,.T.);
#3652=EDGE_CURVE('',#2873,#2710,#1708,.F.);
#3653=EDGE_CURVE('',#2858,#2873,#254,.T.);
#3654=EDGE_CURVE('',#2874,#2848,#1709,.T.);
#3655=EDGE_CURVE('',#2849,#2875,#1710,.T.);
#3656=EDGE_CURVE('',#2875,#2874,#1711,.T.);
#3657=EDGE_CURVE('',#2876,#2877,#489,.T.);
#3658=EDGE_CURVE('',#2877,#2878,#326,.T.);
#3659=EDGE_CURVE('',#2878,#2879,#327,.T.);
#3660=EDGE_CURVE('',#2880,#2879,#1712,.T.);
#3661=EDGE_CURVE('',#2880,#2881,#490,.F.);
#3662=EDGE_CURVE('',#2876,#2881,#1713,.T.);
#3663=EDGE_CURVE('',#2882,#2883,#328,.T.);
#3664=EDGE_CURVE('',#2883,#2884,#329,.T.);
#3665=EDGE_CURVE('',#2884,#2874,#491,.T.);
#3666=EDGE_CURVE('',#2885,#2875,#492,.T.);
#3667=EDGE_CURVE('',#2882,#2885,#1714,.T.);
#3668=EDGE_CURVE('',#2852,#2886,#493,.T.);
#3669=EDGE_CURVE('',#2886,#2887,#330,.T.);
#3670=EDGE_CURVE('',#2887,#2888,#331,.T.);
#3671=EDGE_CURVE('',#2888,#2889,#1715,.T.);
#3672=EDGE_CURVE('',#2889,#2853,#494,.T.);
#3673=EDGE_CURVE('',#2888,#2890,#1716,.T.);
#3674=EDGE_CURVE('',#2890,#2891,#1717,.T.);
#3675=EDGE_CURVE('',#2891,#2889,#1718,.T.);
#3676=EDGE_CURVE('',#2890,#2892,#332,.T.);
#3677=EDGE_CURVE('',#2892,#2893,#333,.T.);
#3678=EDGE_CURVE('',#2893,#2842,#495,.T.);
#3679=EDGE_CURVE('',#2845,#2891,#496,.T.);
#3680=EDGE_CURVE('',#2836,#2894,#255,.T.);
#3681=EDGE_CURVE('',#2894,#2728,#1719,.T.);
#3682=EDGE_CURVE('',#2894,#2895,#256,.T.);
#3683=EDGE_CURVE('',#2895,#2729,#1720,.T.);
#3684=EDGE_CURVE('',#2895,#2896,#1721,.T.);
#3685=EDGE_CURVE('',#2896,#2730,#1722,.T.);
#3686=EDGE_CURVE('',#2896,#2897,#257,.T.);
#3687=EDGE_CURVE('',#2897,#2731,#1723,.T.);
#3688=EDGE_CURVE('',#2897,#2898,#258,.T.);
#3689=EDGE_CURVE('',#2898,#2732,#1724,.T.);
#3690=EDGE_CURVE('',#2898,#2899,#1725,.T.);
#3691=EDGE_CURVE('',#2899,#2733,#1726,.T.);
#3692=EDGE_CURVE('',#2899,#2900,#334,.T.);
#3693=EDGE_CURVE('',#2900,#2701,#1727,.T.);
#3694=EDGE_CURVE('',#2900,#2901,#497,.T.);
#3695=EDGE_CURVE('',#2901,#2702,#1728,.T.);
#3696=EDGE_CURVE('',#2901,#2902,#1729,.T.);
#3697=EDGE_CURVE('',#2902,#2703,#1730,.T.);
#3698=EDGE_CURVE('',#2902,#2903,#335,.T.);
#3699=EDGE_CURVE('',#2903,#2704,#1731,.T.);
#3700=EDGE_CURVE('',#2903,#2861,#1732,.T.);
#3701=EDGE_CURVE('',#2900,#2575,#498,.T.);
#3702=EDGE_CURVE('',#2575,#2901,#499,.T.);
#3703=EDGE_CURVE('',#2855,#2591,#336,.T.);
#3704=EDGE_CURVE('',#2904,#2590,#500,.T.);
#3705=EDGE_CURVE('',#2904,#2856,#501,.T.);
#3706=EDGE_CURVE('',#2905,#2904,#1733,.T.);
#3707=EDGE_CURVE('',#2905,#2867,#502,.T.);
#3708=EDGE_CURVE('',#2906,#2905,#503,.T.);
#3709=EDGE_CURVE('',#2906,#2866,#504,.T.);
#3710=EDGE_CURVE('',#2907,#2906,#1734,.T.);
#3711=EDGE_CURVE('',#2907,#2865,#505,.T.);
#3712=EDGE_CURVE('',#2908,#2907,#506,.T.);
#3713=EDGE_CURVE('',#2908,#2864,#507,.T.);
#3714=EDGE_CURVE('',#2909,#2908,#1735,.T.);
#3715=EDGE_CURVE('',#2909,#2862,#337,.T.);
#3716=EDGE_CURVE('',#2899,#2576,#508,.T.);
#3717=EDGE_CURVE('',#2898,#2577,#509,.T.);
#3718=EDGE_CURVE('',#2897,#2578,#510,.T.);
#3719=EDGE_CURVE('',#2896,#2579,#511,.T.);
#3720=EDGE_CURVE('',#2895,#2580,#512,.T.);
#3721=EDGE_CURVE('',#2894,#2581,#513,.T.);
#3722=EDGE_CURVE('',#2836,#2582,#514,.T.);
#3723=EDGE_CURVE('',#2583,#2835,#259,.T.);
#3724=EDGE_CURVE('',#2910,#2909,#515,.T.);
#3725=EDGE_CURVE('',#2863,#2910,#338,.T.);
#3726=EDGE_CURVE('',#2854,#2592,#516,.T.);
#3727=EDGE_CURVE('',#2911,#2854,#260,.T.);
#3728=EDGE_CURVE('',#2593,#2911,#339,.T.);
#3729=EDGE_CURVE('',#2869,#2562,#517,.T.);
#3730=EDGE_CURVE('',#2868,#2563,#518,.T.);
#3731=EDGE_CURVE('',#2870,#2564,#519,.T.);
#3732=EDGE_CURVE('',#2871,#2565,#520,.T.);
#3733=EDGE_CURVE('',#2872,#2566,#521,.T.);
#3734=EDGE_CURVE('',#2568,#2858,#340,.T.);
#3735=EDGE_CURVE('',#2857,#2569,#522,.T.);
#3736=EDGE_CURVE('',#2859,#2570,#523,.T.);
#3737=EDGE_CURVE('',#2860,#2571,#524,.T.);
#3738=EDGE_CURVE('',#2861,#2572,#525,.T.);
#3739=EDGE_CURVE('',#2903,#2573,#526,.T.);
#3740=EDGE_CURVE('',#2902,#2574,#527,.T.);
#3741=EDGE_CURVE('',#2567,#2873,#341,.T.);
#3742=EDGE_CURVE('',#2782,#2912,#528,.T.);
#3743=EDGE_CURVE('',#2912,#2913,#1736,.T.);
#3744=EDGE_CURVE('',#2913,#2783,#529,.T.);
#3745=EDGE_CURVE('',#2912,#2876,#1737,.T.);
#3746=EDGE_CURVE('',#2881,#2913,#1738,.T.);
#3747=EDGE_CURVE('',#2914,#2884,#1739,.T.);
#3748=EDGE_CURVE('',#2883,#2915,#1740,.T.);
#3749=EDGE_CURVE('',#2914,#2915,#342,.T.);
#3750=EDGE_CURVE('',#2848,#2916,#1741,.T.);
#3751=EDGE_CURVE('',#2776,#2916,#530,.T.);
#3752=EDGE_CURVE('',#2874,#2917,#1742,.T.);
#3753=EDGE_CURVE('',#2916,#2917,#1743,.T.);
#3754=EDGE_CURVE('',#2917,#2914,#531,.T.);
#3755=EDGE_CURVE('',#2918,#2878,#1744,.T.);
#3756=EDGE_CURVE('',#2877,#2919,#1745,.T.);
#3757=EDGE_CURVE('',#2918,#2919,#343,.T.);
#3758=EDGE_CURVE('',#2882,#2920,#1746,.T.);
#3759=EDGE_CURVE('',#2915,#2920,#344,.T.);
#3760=EDGE_CURVE('',#2879,#2882,#1747,.T.);
#3761=EDGE_CURVE('',#2879,#2921,#1748,.T.);
#3762=EDGE_CURVE('',#2920,#2921,#1749,.T.);
#3763=EDGE_CURVE('',#2921,#2918,#345,.T.);
#3764=EDGE_CURVE('',#2876,#2922,#1750,.T.);
#3765=EDGE_CURVE('',#2919,#2922,#532,.T.);
#3766=EDGE_CURVE('',#2912,#2923,#1751,.T.);
#3767=EDGE_CURVE('',#2922,#2923,#1752,.T.);
#3768=EDGE_CURVE('',#2923,#2781,#533,.T.);
#3769=EDGE_CURVE('',#2924,#2925,#346,.T.);
#3770=EDGE_CURVE('',#2925,#2926,#1753,.T.);
#3771=EDGE_CURVE('',#2927,#2926,#1754,.T.);
#3772=EDGE_CURVE('',#2927,#2928,#347,.T.);
#3773=EDGE_CURVE('',#2928,#2929,#348,.T.);
#3774=EDGE_CURVE('',#2929,#2930,#1755,.T.);
#3775=EDGE_CURVE('',#2930,#2931,#349,.T.);
#3776=EDGE_CURVE('',#2931,#2932,#350,.T.);
#3777=EDGE_CURVE('',#2914,#2932,#1756,.T.);
#3778=EDGE_CURVE('',#2863,#2919,#1757,.T.);
#3779=EDGE_CURVE('',#2924,#2910,#1758,.T.);
#3780=EDGE_CURVE('',#2933,#2766,#534,.T.);
#3781=EDGE_CURVE('',#2763,#2934,#535,.T.);
#3782=EDGE_CURVE('',#2934,#2935,#1759,.T.);
#3783=EDGE_CURVE('',#2935,#2927,#536,.T.);
#3784=EDGE_CURVE('',#2926,#2936,#1760,.T.);
#3785=EDGE_CURVE('',#2936,#2725,#1761,.T.);
#3786=EDGE_CURVE('',#2932,#2937,#537,.T.);
#3787=EDGE_CURVE('',#2937,#2933,#1762,.T.);
#3788=EDGE_CURVE('',#2927,#2893,#1763,.T.);
#3789=EDGE_CURVE('',#2892,#2928,#1764,.T.);
#3790=EDGE_CURVE('',#2843,#2934,#1765,.T.);
#3791=EDGE_CURVE('',#2842,#2935,#1766,.T.);
#3792=EDGE_CURVE('',#2931,#2887,#1767,.T.);
#3793=EDGE_CURVE('',#2886,#2932,#1768,.T.);
#3794=EDGE_CURVE('',#2890,#2929,#1769,.T.);
#3795=EDGE_CURVE('',#2888,#2930,#1770,.T.);
#3796=EDGE_CURVE('',#2852,#2937,#1771,.T.);
#3797=EDGE_CURVE('',#2850,#2933,#1772,.T.);
#3798=EDGE_CURVE('',#2938,#2462,#1773,.T.);
#3799=EDGE_CURVE('',#2938,#2680,#1774,.T.);
#3800=EDGE_CURVE('',#2828,#2681,#1775,.T.);
#3801=EDGE_CURVE('',#2939,#2938,#1776,.T.);
#3802=EDGE_CURVE('',#2829,#2939,#1777,.T.);
#3803=EDGE_CURVE('',#2457,#2940,#1778,.T.);
#3804=EDGE_CURVE('',#2940,#2826,#1779,.T.);
#3805=EDGE_CURVE('',#2461,#2939,#1780,.T.);
#3806=EDGE_CURVE('',#2515,#2941,#1781,.T.);
#3807=EDGE_CURVE('',#2941,#2839,#538,.F.);
#3808=EDGE_CURVE('',#2514,#2585,#1782,.T.);
#3809=EDGE_CURVE('',#2584,#2941,#1783,.F.);
#3810=EDGE_CURVE('',#2513,#2586,#1784,.T.);
#3811=EDGE_CURVE('',#2942,#2880,#1785,.F.);
#3812=EDGE_CURVE('',#2456,#2942,#1786,.T.);
#3813=EDGE_CURVE('',#2736,#2455,#1787,.T.);
#3814=EDGE_CURVE('',#2885,#2837,#1788,.F.);
#3815=EDGE_CURVE('',#2737,#2454,#1789,.T.);
#3816=EDGE_CURVE('',#2738,#2453,#1790,.T.);
#3817=EDGE_CURVE('',#2739,#2452,#1791,.T.);
#3818=EDGE_CURVE('',#2740,#2451,#1792,.T.);
#3819=EDGE_CURVE('',#2741,#2450,#1793,.T.);
#3820=EDGE_CURVE('',#2742,#2449,#1794,.T.);
#3821=EDGE_CURVE('',#2942,#2940,#1795,.T.);
#3822=EDGE_CURVE('',#2936,#2833,#539,.T.);
#3823=EDGE_CURVE('',#2936,#2943,#540,.T.);
#3824=EDGE_CURVE('',#2944,#2943,#541,.T.);
#3825=EDGE_CURVE('',#2833,#2944,#542,.T.);
#3826=EDGE_CURVE('',#2945,#2946,#1796,.T.);
#3827=EDGE_CURVE('',#2946,#2947,#543,.T.);
#3828=EDGE_CURVE('',#2947,#2948,#1797,.T.);
#3829=EDGE_CURVE('',#2948,#2945,#1798,.T.);
#3830=EDGE_CURVE('',#2949,#2950,#1799,.T.);
#3831=EDGE_CURVE('',#2950,#2951,#1800,.T.);
#3832=EDGE_CURVE('',#2951,#2952,#1801,.T.);
#3833=EDGE_CURVE('',#2952,#2949,#544,.T.);
#3834=EDGE_CURVE('',#2950,#2945,#545,.T.);
#3835=EDGE_CURVE('',#2948,#2951,#546,.T.);
#3836=EDGE_CURVE('',#2926,#2953,#547,.T.);
#3837=EDGE_CURVE('',#2943,#2953,#1802,.T.);
#3838=EDGE_CURVE('',#2954,#2955,#1803,.T.);
#3839=EDGE_CURVE('',#2944,#2955,#1804,.T.);
#3840=EDGE_CURVE('',#2953,#2956,#1805,.T.);
#3841=EDGE_CURVE('',#2956,#2954,#548,.T.);
#3842=EDGE_CURVE('',#2955,#2834,#549,.T.);
#3843=EDGE_CURVE('',#2946,#2957,#351,.T.);
#3844=EDGE_CURVE('',#2957,#2834,#352,.T.);
#3845=EDGE_CURVE('',#2955,#2947,#550,.T.);
#3846=EDGE_CURVE('',#2954,#2948,#551,.T.);
#3847=EDGE_CURVE('',#2956,#2951,#552,.T.);
#3848=EDGE_CURVE('',#2953,#2952,#553,.T.);
#3849=EDGE_CURVE('',#2926,#2958,#1806,.T.);
#3850=EDGE_CURVE('',#2958,#2959,#353,.T.);
#3851=EDGE_CURVE('',#2959,#2949,#354,.T.);
#3852=EDGE_CURVE('',#2834,#2960,#355,.T.);
#3853=EDGE_CURVE('',#2583,#2960,#1807,.T.);
#3854=EDGE_CURVE('',#2960,#2957,#554,.T.);
#3855=EDGE_CURVE('',#2946,#2961,#555,.T.);
#3856=EDGE_CURVE('',#2960,#2961,#261,.T.);
#3857=EDGE_CURVE('',#2962,#2949,#556,.T.);
#3858=EDGE_CURVE('',#2959,#2924,#557,.T.);
#3859=EDGE_CURVE('',#2962,#2924,#262,.T.);
#3860=EDGE_CURVE('',#2945,#2963,#558,.T.);
#3861=EDGE_CURVE('',#2950,#2964,#559,.T.);
#3862=EDGE_CURVE('',#2963,#2964,#560,.T.);
#3863=EDGE_CURVE('',#2964,#2962,#1808,.T.);
#3864=EDGE_CURVE('',#2965,#2662,#1809,.T.);
#3865=EDGE_CURVE('',#2965,#2966,#1810,.T.);
#3866=EDGE_CURVE('',#2966,#2663,#1811,.T.);
#3867=EDGE_CURVE('',#2966,#2808,#561,.T.);
#3868=EDGE_CURVE('',#2802,#2967,#562,.T.);
#3869=EDGE_CURVE('',#2967,#2660,#1812,.T.);
#3870=EDGE_CURVE('',#2967,#2968,#1813,.T.);
#3871=EDGE_CURVE('',#2968,#2661,#1814,.T.);
#3872=EDGE_CURVE('',#2968,#2965,#563,.T.);
#3873=EDGE_CURVE('',#2961,#2963,#1815,.T.);
#3874=EDGE_CURVE('',#2847,#2541,#1816,.T.);
#3875=EDGE_CURVE('',#2446,#2822,#1817,.T.);
#3876=EDGE_CURVE('',#2447,#2822,#1818,.T.);
#3877=EDGE_CURVE('',#2813,#2911,#564,.T.);
#3878=EDGE_CURVE('',#2771,#2716,#1819,.T.);
#3879=EDGE_CURVE('',#2869,#2821,#263,.T.);
#3880=EDGE_CURVE('',#2447,#2814,#1820,.T.);
#3881=ORIENTED_EDGE('',*,*,#2969,.T.);
#3882=ORIENTED_EDGE('',*,*,#2970,.T.);
#3883=ORIENTED_EDGE('',*,*,#2971,.F.);
#3884=ORIENTED_EDGE('',*,*,#2972,.T.);
#3885=ORIENTED_EDGE('',*,*,#2973,.T.);
#3886=ORIENTED_EDGE('',*,*,#2971,.T.);
#3887=ORIENTED_EDGE('',*,*,#2974,.T.);
#3888=ORIENTED_EDGE('',*,*,#2975,.T.);
#3889=ORIENTED_EDGE('',*,*,#2976,.T.);
#3890=ORIENTED_EDGE('',*,*,#2977,.F.);
#3891=ORIENTED_EDGE('',*,*,#2978,.F.);
#3892=ORIENTED_EDGE('',*,*,#2979,.F.);
#3893=ORIENTED_EDGE('',*,*,#2980,.F.);
#3894=ORIENTED_EDGE('',*,*,#2981,.F.);
#3895=ORIENTED_EDGE('',*,*,#2982,.T.);
#3896=ORIENTED_EDGE('',*,*,#2983,.F.);
#3897=ORIENTED_EDGE('',*,*,#2984,.F.);
#3898=ORIENTED_EDGE('',*,*,#2985,.T.);
#3899=ORIENTED_EDGE('',*,*,#2986,.F.);
#3900=ORIENTED_EDGE('',*,*,#2987,.F.);
#3901=ORIENTED_EDGE('',*,*,#2988,.F.);
#3902=ORIENTED_EDGE('',*,*,#2989,.F.);
#3903=ORIENTED_EDGE('',*,*,#2990,.F.);
#3904=ORIENTED_EDGE('',*,*,#2991,.F.);
#3905=ORIENTED_EDGE('',*,*,#2992,.T.);
#3906=ORIENTED_EDGE('',*,*,#2993,.F.);
#3907=ORIENTED_EDGE('',*,*,#2994,.F.);
#3908=ORIENTED_EDGE('',*,*,#2995,.T.);
#3909=ORIENTED_EDGE('',*,*,#2996,.F.);
#3910=ORIENTED_EDGE('',*,*,#2997,.F.);
#3911=ORIENTED_EDGE('',*,*,#2998,.F.);
#3912=ORIENTED_EDGE('',*,*,#2999,.F.);
#3913=ORIENTED_EDGE('',*,*,#3000,.F.);
#3914=ORIENTED_EDGE('',*,*,#3001,.F.);
#3915=ORIENTED_EDGE('',*,*,#3002,.T.);
#3916=ORIENTED_EDGE('',*,*,#3003,.T.);
#3917=ORIENTED_EDGE('',*,*,#3004,.T.);
#3918=ORIENTED_EDGE('',*,*,#3005,.T.);
#3919=ORIENTED_EDGE('',*,*,#3006,.T.);
#3920=ORIENTED_EDGE('',*,*,#3007,.T.);
#3921=ORIENTED_EDGE('',*,*,#3008,.T.);
#3922=ORIENTED_EDGE('',*,*,#3009,.T.);
#3923=ORIENTED_EDGE('',*,*,#3010,.T.);
#3924=ORIENTED_EDGE('',*,*,#3011,.T.);
#3925=ORIENTED_EDGE('',*,*,#3012,.T.);
#3926=ORIENTED_EDGE('',*,*,#3013,.T.);
#3927=ORIENTED_EDGE('',*,*,#3014,.T.);
#3928=ORIENTED_EDGE('',*,*,#3015,.T.);
#3929=ORIENTED_EDGE('',*,*,#3016,.T.);
#3930=ORIENTED_EDGE('',*,*,#3017,.T.);
#3931=ORIENTED_EDGE('',*,*,#3018,.T.);
#3932=ORIENTED_EDGE('',*,*,#3019,.T.);
#3933=ORIENTED_EDGE('',*,*,#3020,.T.);
#3934=ORIENTED_EDGE('',*,*,#3021,.T.);
#3935=ORIENTED_EDGE('',*,*,#3022,.T.);
#3936=ORIENTED_EDGE('',*,*,#3023,.F.);
#3937=ORIENTED_EDGE('',*,*,#3024,.F.);
#3938=ORIENTED_EDGE('',*,*,#3025,.F.);
#3939=ORIENTED_EDGE('',*,*,#2972,.F.);
#3940=ORIENTED_EDGE('',*,*,#2973,.F.);
#3941=ORIENTED_EDGE('',*,*,#3026,.F.);
#3942=ORIENTED_EDGE('',*,*,#3027,.F.);
#3943=ORIENTED_EDGE('',*,*,#3028,.F.);
#3944=ORIENTED_EDGE('',*,*,#3029,.F.);
#3945=ORIENTED_EDGE('',*,*,#3030,.F.);
#3946=ORIENTED_EDGE('',*,*,#3031,.F.);
#3947=ORIENTED_EDGE('',*,*,#3032,.T.);
#3948=ORIENTED_EDGE('',*,*,#3033,.F.);
#3949=ORIENTED_EDGE('',*,*,#3034,.T.);
#3950=ORIENTED_EDGE('',*,*,#3035,.T.);
#3951=ORIENTED_EDGE('',*,*,#3036,.T.);
#3952=ORIENTED_EDGE('',*,*,#3037,.T.);
#3953=ORIENTED_EDGE('',*,*,#3038,.T.);
#3954=ORIENTED_EDGE('',*,*,#3039,.T.);
#3955=ORIENTED_EDGE('',*,*,#3040,.T.);
#3956=ORIENTED_EDGE('',*,*,#3041,.T.);
#3957=ORIENTED_EDGE('',*,*,#3042,.T.);
#3958=ORIENTED_EDGE('',*,*,#3043,.T.);
#3959=ORIENTED_EDGE('',*,*,#3044,.T.);
#3960=ORIENTED_EDGE('',*,*,#3045,.T.);
#3961=ORIENTED_EDGE('',*,*,#3046,.T.);
#3962=ORIENTED_EDGE('',*,*,#3047,.T.);
#3963=ORIENTED_EDGE('',*,*,#3048,.T.);
#3964=ORIENTED_EDGE('',*,*,#3049,.F.);
#3965=ORIENTED_EDGE('',*,*,#3050,.F.);
#3966=ORIENTED_EDGE('',*,*,#3051,.F.);
#3967=ORIENTED_EDGE('',*,*,#3052,.F.);
#3968=ORIENTED_EDGE('',*,*,#3053,.F.);
#3969=ORIENTED_EDGE('',*,*,#3054,.F.);
#3970=ORIENTED_EDGE('',*,*,#3055,.F.);
#3971=ORIENTED_EDGE('',*,*,#3056,.F.);
#3972=ORIENTED_EDGE('',*,*,#3057,.F.);
#3973=ORIENTED_EDGE('',*,*,#3058,.F.);
#3974=ORIENTED_EDGE('',*,*,#3059,.F.);
#3975=ORIENTED_EDGE('',*,*,#3060,.F.);
#3976=ORIENTED_EDGE('',*,*,#3061,.F.);
#3977=ORIENTED_EDGE('',*,*,#3062,.F.);
#3978=ORIENTED_EDGE('',*,*,#3063,.F.);
#3979=ORIENTED_EDGE('',*,*,#3064,.F.);
#3980=ORIENTED_EDGE('',*,*,#3065,.F.);
#3981=ORIENTED_EDGE('',*,*,#3066,.F.);
#3982=ORIENTED_EDGE('',*,*,#3067,.F.);
#3983=ORIENTED_EDGE('',*,*,#3068,.F.);
#3984=ORIENTED_EDGE('',*,*,#3069,.F.);
#3985=ORIENTED_EDGE('',*,*,#3070,.F.);
#3986=ORIENTED_EDGE('',*,*,#3071,.F.);
#3987=ORIENTED_EDGE('',*,*,#3072,.F.);
#3988=ORIENTED_EDGE('',*,*,#3073,.F.);
#3989=ORIENTED_EDGE('',*,*,#3074,.F.);
#3990=ORIENTED_EDGE('',*,*,#3075,.F.);
#3991=ORIENTED_EDGE('',*,*,#3076,.F.);
#3992=ORIENTED_EDGE('',*,*,#3077,.F.);
#3993=ORIENTED_EDGE('',*,*,#3078,.F.);
#3994=ORIENTED_EDGE('',*,*,#3079,.F.);
#3995=ORIENTED_EDGE('',*,*,#3080,.F.);
#3996=ORIENTED_EDGE('',*,*,#3081,.F.);
#3997=ORIENTED_EDGE('',*,*,#3082,.F.);
#3998=ORIENTED_EDGE('',*,*,#3083,.F.);
#3999=ORIENTED_EDGE('',*,*,#3084,.F.);
#4000=ORIENTED_EDGE('',*,*,#3085,.F.);
#4001=ORIENTED_EDGE('',*,*,#3086,.F.);
#4002=ORIENTED_EDGE('',*,*,#3087,.F.);
#4003=ORIENTED_EDGE('',*,*,#3088,.F.);
#4004=ORIENTED_EDGE('',*,*,#3089,.F.);
#4005=ORIENTED_EDGE('',*,*,#3090,.F.);
#4006=ORIENTED_EDGE('',*,*,#3091,.F.);
#4007=ORIENTED_EDGE('',*,*,#3092,.F.);
#4008=ORIENTED_EDGE('',*,*,#3093,.F.);
#4009=ORIENTED_EDGE('',*,*,#3094,.F.);
#4010=ORIENTED_EDGE('',*,*,#3095,.F.);
#4011=ORIENTED_EDGE('',*,*,#3096,.F.);
#4012=ORIENTED_EDGE('',*,*,#3097,.F.);
#4013=ORIENTED_EDGE('',*,*,#3098,.F.);
#4014=ORIENTED_EDGE('',*,*,#3099,.F.);
#4015=ORIENTED_EDGE('',*,*,#3100,.T.);
#4016=ORIENTED_EDGE('',*,*,#3101,.T.);
#4017=ORIENTED_EDGE('',*,*,#3102,.T.);
#4018=ORIENTED_EDGE('',*,*,#3103,.T.);
#4019=ORIENTED_EDGE('',*,*,#3104,.T.);
#4020=ORIENTED_EDGE('',*,*,#3105,.T.);
#4021=ORIENTED_EDGE('',*,*,#3106,.T.);
#4022=ORIENTED_EDGE('',*,*,#3107,.T.);
#4023=ORIENTED_EDGE('',*,*,#3108,.T.);
#4024=ORIENTED_EDGE('',*,*,#3109,.F.);
#4025=ORIENTED_EDGE('',*,*,#3110,.F.);
#4026=ORIENTED_EDGE('',*,*,#3028,.T.);
#4027=ORIENTED_EDGE('',*,*,#3111,.F.);
#4028=ORIENTED_EDGE('',*,*,#3112,.F.);
#4029=ORIENTED_EDGE('',*,*,#3027,.T.);
#4030=ORIENTED_EDGE('',*,*,#3113,.T.);
#4031=ORIENTED_EDGE('',*,*,#3114,.T.);
#4032=ORIENTED_EDGE('',*,*,#3111,.T.);
#4033=ORIENTED_EDGE('',*,*,#2999,.T.);
#4034=ORIENTED_EDGE('',*,*,#3115,.F.);
#4035=ORIENTED_EDGE('',*,*,#3116,.T.);
#4036=ORIENTED_EDGE('',*,*,#3117,.T.);
#4037=ORIENTED_EDGE('',*,*,#3118,.T.);
#4038=ORIENTED_EDGE('',*,*,#3119,.T.);
#4039=ORIENTED_EDGE('',*,*,#3120,.T.);
#4040=ORIENTED_EDGE('',*,*,#3121,.T.);
#4041=ORIENTED_EDGE('',*,*,#3119,.F.);
#4042=ORIENTED_EDGE('',*,*,#3122,.T.);
#4043=ORIENTED_EDGE('',*,*,#3115,.T.);
#4044=ORIENTED_EDGE('',*,*,#2998,.T.);
#4045=ORIENTED_EDGE('',*,*,#3123,.T.);
#4046=ORIENTED_EDGE('',*,*,#3124,.T.);
#4047=ORIENTED_EDGE('',*,*,#3123,.F.);
#4048=ORIENTED_EDGE('',*,*,#2997,.T.);
#4049=ORIENTED_EDGE('',*,*,#3125,.F.);
#4050=ORIENTED_EDGE('',*,*,#3126,.T.);
#4051=ORIENTED_EDGE('',*,*,#3120,.F.);
#4052=ORIENTED_EDGE('',*,*,#3127,.T.);
#4053=ORIENTED_EDGE('',*,*,#3128,.T.);
#4054=ORIENTED_EDGE('',*,*,#3129,.T.);
#4055=ORIENTED_EDGE('',*,*,#3130,.F.);
#4056=ORIENTED_EDGE('',*,*,#3131,.T.);
#4057=ORIENTED_EDGE('',*,*,#3132,.T.);
#4058=ORIENTED_EDGE('',*,*,#3133,.T.);
#4059=ORIENTED_EDGE('',*,*,#3134,.F.);
#4060=ORIENTED_EDGE('',*,*,#3117,.F.);
#4061=ORIENTED_EDGE('',*,*,#3121,.F.);
#4062=ORIENTED_EDGE('',*,*,#3129,.F.);
#4063=ORIENTED_EDGE('',*,*,#3135,.F.);
#4064=ORIENTED_EDGE('',*,*,#3118,.F.);
#4065=ORIENTED_EDGE('',*,*,#3134,.T.);
#4066=ORIENTED_EDGE('',*,*,#3136,.T.);
#4067=ORIENTED_EDGE('',*,*,#3137,.T.);
#4068=ORIENTED_EDGE('',*,*,#3138,.F.);
#4069=ORIENTED_EDGE('',*,*,#3139,.F.);
#4070=ORIENTED_EDGE('',*,*,#3140,.F.);
#4071=ORIENTED_EDGE('',*,*,#3141,.F.);
#4072=ORIENTED_EDGE('',*,*,#3142,.F.);
#4073=ORIENTED_EDGE('',*,*,#3143,.F.);
#4074=ORIENTED_EDGE('',*,*,#3144,.F.);
#4075=ORIENTED_EDGE('',*,*,#3000,.T.);
#4076=ORIENTED_EDGE('',*,*,#3116,.F.);
#4077=ORIENTED_EDGE('',*,*,#3122,.F.);
#4078=ORIENTED_EDGE('',*,*,#3145,.T.);
#4079=ORIENTED_EDGE('',*,*,#3146,.F.);
#4080=ORIENTED_EDGE('',*,*,#3147,.T.);
#4081=ORIENTED_EDGE('',*,*,#3130,.T.);
#4082=ORIENTED_EDGE('',*,*,#3148,.T.);
#4083=ORIENTED_EDGE('',*,*,#3149,.T.);
#4084=ORIENTED_EDGE('',*,*,#3150,.T.);
#4085=ORIENTED_EDGE('',*,*,#2977,.T.);
#4086=ORIENTED_EDGE('',*,*,#3151,.T.);
#4087=ORIENTED_EDGE('',*,*,#3152,.T.);
#4088=ORIENTED_EDGE('',*,*,#3153,.T.);
#4089=ORIENTED_EDGE('',*,*,#3149,.F.);
#4090=ORIENTED_EDGE('',*,*,#3154,.T.);
#4091=ORIENTED_EDGE('',*,*,#3155,.T.);
#4092=ORIENTED_EDGE('',*,*,#3146,.T.);
#4093=ORIENTED_EDGE('',*,*,#3156,.F.);
#4094=ORIENTED_EDGE('',*,*,#3157,.F.);
#4095=ORIENTED_EDGE('',*,*,#3158,.F.);
#4096=ORIENTED_EDGE('',*,*,#3159,.F.);
#4097=ORIENTED_EDGE('',*,*,#3160,.F.);
#4098=ORIENTED_EDGE('',*,*,#3161,.T.);
#4099=ORIENTED_EDGE('',*,*,#3162,.T.);
#4100=ORIENTED_EDGE('',*,*,#3163,.T.);
#4101=ORIENTED_EDGE('',*,*,#3164,.T.);
#4102=ORIENTED_EDGE('',*,*,#3165,.T.);
#4103=ORIENTED_EDGE('',*,*,#3166,.T.);
#4104=ORIENTED_EDGE('',*,*,#3167,.T.);
#4105=ORIENTED_EDGE('',*,*,#3168,.T.);
#4106=ORIENTED_EDGE('',*,*,#3169,.T.);
#4107=ORIENTED_EDGE('',*,*,#3170,.T.);
#4108=ORIENTED_EDGE('',*,*,#3171,.T.);
#4109=ORIENTED_EDGE('',*,*,#3172,.T.);
#4110=ORIENTED_EDGE('',*,*,#3173,.T.);
#4111=ORIENTED_EDGE('',*,*,#3174,.T.);
#4112=ORIENTED_EDGE('',*,*,#3175,.T.);
#4113=ORIENTED_EDGE('',*,*,#3176,.T.);
#4114=ORIENTED_EDGE('',*,*,#3177,.T.);
#4115=ORIENTED_EDGE('',*,*,#3178,.T.);
#4116=ORIENTED_EDGE('',*,*,#3179,.T.);
#4117=ORIENTED_EDGE('',*,*,#3180,.T.);
#4118=ORIENTED_EDGE('',*,*,#3181,.T.);
#4119=ORIENTED_EDGE('',*,*,#3182,.T.);
#4120=ORIENTED_EDGE('',*,*,#3183,.F.);
#4121=ORIENTED_EDGE('',*,*,#3184,.F.);
#4122=ORIENTED_EDGE('',*,*,#3185,.F.);
#4123=ORIENTED_EDGE('',*,*,#3186,.F.);
#4124=ORIENTED_EDGE('',*,*,#3187,.F.);
#4125=ORIENTED_EDGE('',*,*,#3188,.F.);
#4126=ORIENTED_EDGE('',*,*,#3189,.F.);
#4127=ORIENTED_EDGE('',*,*,#3190,.T.);
#4128=ORIENTED_EDGE('',*,*,#3191,.T.);
#4129=ORIENTED_EDGE('',*,*,#3192,.T.);
#4130=ORIENTED_EDGE('',*,*,#3193,.F.);
#4131=ORIENTED_EDGE('',*,*,#3194,.T.);
#4132=ORIENTED_EDGE('',*,*,#3127,.F.);
#4133=ORIENTED_EDGE('',*,*,#3124,.F.);
#4134=ORIENTED_EDGE('',*,*,#3126,.F.);
#4135=ORIENTED_EDGE('',*,*,#3195,.F.);
#4136=ORIENTED_EDGE('',*,*,#3196,.T.);
#4137=ORIENTED_EDGE('',*,*,#3197,.F.);
#4138=ORIENTED_EDGE('',*,*,#3198,.F.);
#4139=ORIENTED_EDGE('',*,*,#3199,.T.);
#4140=ORIENTED_EDGE('',*,*,#3200,.F.);
#4141=ORIENTED_EDGE('',*,*,#3201,.F.);
#4142=ORIENTED_EDGE('',*,*,#3202,.F.);
#4143=ORIENTED_EDGE('',*,*,#3203,.F.);
#4144=ORIENTED_EDGE('',*,*,#3204,.F.);
#4145=ORIENTED_EDGE('',*,*,#3205,.F.);
#4146=ORIENTED_EDGE('',*,*,#3206,.T.);
#4147=ORIENTED_EDGE('',*,*,#3207,.F.);
#4148=ORIENTED_EDGE('',*,*,#3208,.F.);
#4149=ORIENTED_EDGE('',*,*,#3209,.T.);
#4150=ORIENTED_EDGE('',*,*,#3210,.F.);
#4151=ORIENTED_EDGE('',*,*,#3211,.F.);
#4152=ORIENTED_EDGE('',*,*,#3212,.F.);
#4153=ORIENTED_EDGE('',*,*,#3213,.F.);
#4154=ORIENTED_EDGE('',*,*,#3152,.F.);
#4155=ORIENTED_EDGE('',*,*,#3214,.F.);
#4156=ORIENTED_EDGE('',*,*,#3215,.F.);
#4157=ORIENTED_EDGE('',*,*,#3216,.F.);
#4158=ORIENTED_EDGE('',*,*,#3217,.F.);
#4159=ORIENTED_EDGE('',*,*,#3218,.F.);
#4160=ORIENTED_EDGE('',*,*,#3219,.F.);
#4161=ORIENTED_EDGE('',*,*,#3220,.F.);
#4162=ORIENTED_EDGE('',*,*,#3221,.F.);
#4163=ORIENTED_EDGE('',*,*,#3222,.F.);
#4164=ORIENTED_EDGE('',*,*,#3223,.F.);
#4165=ORIENTED_EDGE('',*,*,#3224,.F.);
#4166=ORIENTED_EDGE('',*,*,#3225,.F.);
#4167=ORIENTED_EDGE('',*,*,#3226,.F.);
#4168=ORIENTED_EDGE('',*,*,#3227,.F.);
#4169=ORIENTED_EDGE('',*,*,#3228,.F.);
#4170=ORIENTED_EDGE('',*,*,#3229,.F.);
#4171=ORIENTED_EDGE('',*,*,#3230,.F.);
#4172=ORIENTED_EDGE('',*,*,#3231,.F.);
#4173=ORIENTED_EDGE('',*,*,#3232,.F.);
#4174=ORIENTED_EDGE('',*,*,#3233,.F.);
#4175=ORIENTED_EDGE('',*,*,#3234,.F.);
#4176=ORIENTED_EDGE('',*,*,#3235,.F.);
#4177=ORIENTED_EDGE('',*,*,#3236,.F.);
#4178=ORIENTED_EDGE('',*,*,#3237,.F.);
#4179=ORIENTED_EDGE('',*,*,#3238,.F.);
#4180=ORIENTED_EDGE('',*,*,#3239,.F.);
#4181=ORIENTED_EDGE('',*,*,#3240,.F.);
#4182=ORIENTED_EDGE('',*,*,#3241,.F.);
#4183=ORIENTED_EDGE('',*,*,#3242,.F.);
#4184=ORIENTED_EDGE('',*,*,#3243,.F.);
#4185=ORIENTED_EDGE('',*,*,#3244,.F.);
#4186=ORIENTED_EDGE('',*,*,#3245,.F.);
#4187=ORIENTED_EDGE('',*,*,#3246,.F.);
#4188=ORIENTED_EDGE('',*,*,#3247,.F.);
#4189=ORIENTED_EDGE('',*,*,#3248,.F.);
#4190=ORIENTED_EDGE('',*,*,#3249,.F.);
#4191=ORIENTED_EDGE('',*,*,#3250,.F.);
#4192=ORIENTED_EDGE('',*,*,#3251,.F.);
#4193=ORIENTED_EDGE('',*,*,#3252,.F.);
#4194=ORIENTED_EDGE('',*,*,#3253,.F.);
#4195=ORIENTED_EDGE('',*,*,#3254,.F.);
#4196=ORIENTED_EDGE('',*,*,#3153,.F.);
#4197=ORIENTED_EDGE('',*,*,#3213,.T.);
#4198=ORIENTED_EDGE('',*,*,#3255,.T.);
#4199=ORIENTED_EDGE('',*,*,#2978,.T.);
#4200=ORIENTED_EDGE('',*,*,#3150,.F.);
#4201=ORIENTED_EDGE('',*,*,#3145,.F.);
#4202=ORIENTED_EDGE('',*,*,#3135,.T.);
#4203=ORIENTED_EDGE('',*,*,#3128,.F.);
#4204=ORIENTED_EDGE('',*,*,#3214,.T.);
#4205=ORIENTED_EDGE('',*,*,#3151,.F.);
#4206=ORIENTED_EDGE('',*,*,#3256,.T.);
#4207=ORIENTED_EDGE('',*,*,#3257,.T.);
#4208=ORIENTED_EDGE('',*,*,#3258,.T.);
#4209=ORIENTED_EDGE('',*,*,#3259,.T.);
#4210=ORIENTED_EDGE('',*,*,#3260,.F.);
#4211=ORIENTED_EDGE('',*,*,#3261,.F.);
#4212=ORIENTED_EDGE('',*,*,#3262,.T.);
#4213=ORIENTED_EDGE('',*,*,#3263,.T.);
#4214=ORIENTED_EDGE('',*,*,#3264,.T.);
#4215=ORIENTED_EDGE('',*,*,#3265,.T.);
#4216=ORIENTED_EDGE('',*,*,#3266,.T.);
#4217=ORIENTED_EDGE('',*,*,#3267,.T.);
#4218=ORIENTED_EDGE('',*,*,#3268,.F.);
#4219=ORIENTED_EDGE('',*,*,#3269,.F.);
#4220=ORIENTED_EDGE('',*,*,#3270,.F.);
#4221=ORIENTED_EDGE('',*,*,#3271,.F.);
#4222=ORIENTED_EDGE('',*,*,#3272,.F.);
#4223=ORIENTED_EDGE('',*,*,#3273,.F.);
#4224=ORIENTED_EDGE('',*,*,#3256,.F.);
#4225=ORIENTED_EDGE('',*,*,#3274,.T.);
#4226=ORIENTED_EDGE('',*,*,#3275,.T.);
#4227=ORIENTED_EDGE('',*,*,#3272,.T.);
#4228=ORIENTED_EDGE('',*,*,#3276,.T.);
#4229=ORIENTED_EDGE('',*,*,#3277,.T.);
#4230=ORIENTED_EDGE('',*,*,#3257,.F.);
#4231=ORIENTED_EDGE('',*,*,#3273,.T.);
#4232=ORIENTED_EDGE('',*,*,#3275,.F.);
#4233=ORIENTED_EDGE('',*,*,#3278,.T.);
#4234=ORIENTED_EDGE('',*,*,#3276,.F.);
#4235=ORIENTED_EDGE('',*,*,#3271,.T.);
#4236=ORIENTED_EDGE('',*,*,#3259,.F.);
#4237=ORIENTED_EDGE('',*,*,#3199,.F.);
#4238=ORIENTED_EDGE('',*,*,#3279,.F.);
#4239=ORIENTED_EDGE('',*,*,#2992,.F.);
#4240=ORIENTED_EDGE('',*,*,#3280,.F.);
#4241=ORIENTED_EDGE('',*,*,#3280,.T.);
#4242=ORIENTED_EDGE('',*,*,#2991,.T.);
#4243=ORIENTED_EDGE('',*,*,#3281,.F.);
#4244=ORIENTED_EDGE('',*,*,#3200,.T.);
#4245=ORIENTED_EDGE('',*,*,#3196,.F.);
#4246=ORIENTED_EDGE('',*,*,#3282,.F.);
#4247=ORIENTED_EDGE('',*,*,#2995,.F.);
#4248=ORIENTED_EDGE('',*,*,#3283,.F.);
#4249=ORIENTED_EDGE('',*,*,#3282,.T.);
#4250=ORIENTED_EDGE('',*,*,#3195,.T.);
#4251=ORIENTED_EDGE('',*,*,#3125,.T.);
#4252=ORIENTED_EDGE('',*,*,#2996,.T.);
#4253=ORIENTED_EDGE('',*,*,#3206,.F.);
#4254=ORIENTED_EDGE('',*,*,#3284,.F.);
#4255=ORIENTED_EDGE('',*,*,#2985,.F.);
#4256=ORIENTED_EDGE('',*,*,#3285,.F.);
#4257=ORIENTED_EDGE('',*,*,#3285,.T.);
#4258=ORIENTED_EDGE('',*,*,#2984,.T.);
#4259=ORIENTED_EDGE('',*,*,#3286,.F.);
#4260=ORIENTED_EDGE('',*,*,#3207,.T.);
#4261=ORIENTED_EDGE('',*,*,#3209,.F.);
#4262=ORIENTED_EDGE('',*,*,#3287,.F.);
#4263=ORIENTED_EDGE('',*,*,#2982,.F.);
#4264=ORIENTED_EDGE('',*,*,#3288,.F.);
#4265=ORIENTED_EDGE('',*,*,#3287,.T.);
#4266=ORIENTED_EDGE('',*,*,#3208,.T.);
#4267=ORIENTED_EDGE('',*,*,#3286,.T.);
#4268=ORIENTED_EDGE('',*,*,#2983,.T.);
#4269=ORIENTED_EDGE('',*,*,#3074,.T.);
#4270=ORIENTED_EDGE('',*,*,#3289,.F.);
#4271=ORIENTED_EDGE('',*,*,#3239,.T.);
#4272=ORIENTED_EDGE('',*,*,#3290,.T.);
#4273=ORIENTED_EDGE('',*,*,#3080,.T.);
#4274=ORIENTED_EDGE('',*,*,#3291,.F.);
#4275=ORIENTED_EDGE('',*,*,#3249,.T.);
#4276=ORIENTED_EDGE('',*,*,#3292,.T.);
#4277=ORIENTED_EDGE('',*,*,#3088,.T.);
#4278=ORIENTED_EDGE('',*,*,#3293,.F.);
#4279=ORIENTED_EDGE('',*,*,#3241,.T.);
#4280=ORIENTED_EDGE('',*,*,#3294,.T.);
#4281=ORIENTED_EDGE('',*,*,#3082,.T.);
#4282=ORIENTED_EDGE('',*,*,#3295,.F.);
#4283=ORIENTED_EDGE('',*,*,#3247,.T.);
#4284=ORIENTED_EDGE('',*,*,#3296,.T.);
#4285=ORIENTED_EDGE('',*,*,#3056,.T.);
#4286=ORIENTED_EDGE('',*,*,#3297,.F.);
#4287=ORIENTED_EDGE('',*,*,#3233,.T.);
#4288=ORIENTED_EDGE('',*,*,#3298,.T.);
#4289=ORIENTED_EDGE('',*,*,#3050,.T.);
#4290=ORIENTED_EDGE('',*,*,#3299,.F.);
#4291=ORIENTED_EDGE('',*,*,#3223,.T.);
#4292=ORIENTED_EDGE('',*,*,#3300,.T.);
#4293=ORIENTED_EDGE('',*,*,#3058,.T.);
#4294=ORIENTED_EDGE('',*,*,#3301,.F.);
#4295=ORIENTED_EDGE('',*,*,#3231,.T.);
#4296=ORIENTED_EDGE('',*,*,#3302,.T.);
#4297=ORIENTED_EDGE('',*,*,#3064,.T.);
#4298=ORIENTED_EDGE('',*,*,#3303,.F.);
#4299=ORIENTED_EDGE('',*,*,#3225,.T.);
#4300=ORIENTED_EDGE('',*,*,#3304,.T.);
#4301=ORIENTED_EDGE('',*,*,#3070,.T.);
#4302=ORIENTED_EDGE('',*,*,#3305,.F.);
#4303=ORIENTED_EDGE('',*,*,#3306,.T.);
#4304=ORIENTED_EDGE('',*,*,#3307,.T.);
#4305=ORIENTED_EDGE('',*,*,#3069,.T.);
#4306=ORIENTED_EDGE('',*,*,#3308,.F.);
#4307=ORIENTED_EDGE('',*,*,#3309,.T.);
#4308=ORIENTED_EDGE('',*,*,#3305,.T.);
#4309=ORIENTED_EDGE('',*,*,#3068,.T.);
#4310=ORIENTED_EDGE('',*,*,#3310,.F.);
#4311=ORIENTED_EDGE('',*,*,#3311,.T.);
#4312=ORIENTED_EDGE('',*,*,#3308,.T.);
#4313=ORIENTED_EDGE('',*,*,#3067,.T.);
#4314=ORIENTED_EDGE('',*,*,#3312,.F.);
#4315=ORIENTED_EDGE('',*,*,#3313,.T.);
#4316=ORIENTED_EDGE('',*,*,#3310,.T.);
#4317=ORIENTED_EDGE('',*,*,#3066,.T.);
#4318=ORIENTED_EDGE('',*,*,#3314,.F.);
#4319=ORIENTED_EDGE('',*,*,#3315,.T.);
#4320=ORIENTED_EDGE('',*,*,#3312,.T.);
#4321=ORIENTED_EDGE('',*,*,#3073,.T.);
#4322=ORIENTED_EDGE('',*,*,#3316,.F.);
#4323=ORIENTED_EDGE('',*,*,#3317,.T.);
#4324=ORIENTED_EDGE('',*,*,#3314,.T.);
#4325=ORIENTED_EDGE('',*,*,#3072,.T.);
#4326=ORIENTED_EDGE('',*,*,#3318,.F.);
#4327=ORIENTED_EDGE('',*,*,#3319,.T.);
#4328=ORIENTED_EDGE('',*,*,#3316,.T.);
#4329=ORIENTED_EDGE('',*,*,#3071,.T.);
#4330=ORIENTED_EDGE('',*,*,#3307,.F.);
#4331=ORIENTED_EDGE('',*,*,#3320,.T.);
#4332=ORIENTED_EDGE('',*,*,#3318,.T.);
#4333=ORIENTED_EDGE('',*,*,#3081,.T.);
#4334=ORIENTED_EDGE('',*,*,#3292,.F.);
#4335=ORIENTED_EDGE('',*,*,#3248,.T.);
#4336=ORIENTED_EDGE('',*,*,#3295,.T.);
#4337=ORIENTED_EDGE('',*,*,#3089,.T.);
#4338=ORIENTED_EDGE('',*,*,#3294,.F.);
#4339=ORIENTED_EDGE('',*,*,#3240,.T.);
#4340=ORIENTED_EDGE('',*,*,#3289,.T.);
#4341=ORIENTED_EDGE('',*,*,#3057,.T.);
#4342=ORIENTED_EDGE('',*,*,#3298,.F.);
#4343=ORIENTED_EDGE('',*,*,#3232,.T.);
#4344=ORIENTED_EDGE('',*,*,#3301,.T.);
#4345=ORIENTED_EDGE('',*,*,#3065,.T.);
#4346=ORIENTED_EDGE('',*,*,#3304,.F.);
#4347=ORIENTED_EDGE('',*,*,#3224,.T.);
#4348=ORIENTED_EDGE('',*,*,#3299,.T.);
#4349=ORIENTED_EDGE('',*,*,#3061,.T.);
#4350=ORIENTED_EDGE('',*,*,#3321,.F.);
#4351=ORIENTED_EDGE('',*,*,#3228,.T.);
#4352=ORIENTED_EDGE('',*,*,#3322,.T.);
#4353=ORIENTED_EDGE('',*,*,#3060,.T.);
#4354=ORIENTED_EDGE('',*,*,#3323,.F.);
#4355=ORIENTED_EDGE('',*,*,#3229,.T.);
#4356=ORIENTED_EDGE('',*,*,#3321,.T.);
#4357=ORIENTED_EDGE('',*,*,#3059,.T.);
#4358=ORIENTED_EDGE('',*,*,#3302,.F.);
#4359=ORIENTED_EDGE('',*,*,#3230,.T.);
#4360=ORIENTED_EDGE('',*,*,#3323,.T.);
#4361=ORIENTED_EDGE('',*,*,#3063,.T.);
#4362=ORIENTED_EDGE('',*,*,#3324,.F.);
#4363=ORIENTED_EDGE('',*,*,#3226,.T.);
#4364=ORIENTED_EDGE('',*,*,#3303,.T.);
#4365=ORIENTED_EDGE('',*,*,#3062,.T.);
#4366=ORIENTED_EDGE('',*,*,#3322,.F.);
#4367=ORIENTED_EDGE('',*,*,#3227,.T.);
#4368=ORIENTED_EDGE('',*,*,#3324,.T.);
#4369=ORIENTED_EDGE('',*,*,#3083,.T.);
#4370=ORIENTED_EDGE('',*,*,#3296,.F.);
#4371=ORIENTED_EDGE('',*,*,#3246,.T.);
#4372=ORIENTED_EDGE('',*,*,#3325,.T.);
#4373=ORIENTED_EDGE('',*,*,#3087,.T.);
#4374=ORIENTED_EDGE('',*,*,#3326,.F.);
#4375=ORIENTED_EDGE('',*,*,#3242,.T.);
#4376=ORIENTED_EDGE('',*,*,#3293,.T.);
#4377=ORIENTED_EDGE('',*,*,#3086,.T.);
#4378=ORIENTED_EDGE('',*,*,#3327,.F.);
#4379=ORIENTED_EDGE('',*,*,#3243,.T.);
#4380=ORIENTED_EDGE('',*,*,#3326,.T.);
#4381=ORIENTED_EDGE('',*,*,#3085,.T.);
#4382=ORIENTED_EDGE('',*,*,#3328,.F.);
#4383=ORIENTED_EDGE('',*,*,#3244,.T.);
#4384=ORIENTED_EDGE('',*,*,#3327,.T.);
#4385=ORIENTED_EDGE('',*,*,#3084,.T.);
#4386=ORIENTED_EDGE('',*,*,#3325,.F.);
#4387=ORIENTED_EDGE('',*,*,#3245,.T.);
#4388=ORIENTED_EDGE('',*,*,#3328,.T.);
#4389=ORIENTED_EDGE('',*,*,#3283,.T.);
#4390=ORIENTED_EDGE('',*,*,#2994,.T.);
#4391=ORIENTED_EDGE('',*,*,#3329,.F.);
#4392=ORIENTED_EDGE('',*,*,#3197,.T.);
#4393=ORIENTED_EDGE('',*,*,#3279,.T.);
#4394=ORIENTED_EDGE('',*,*,#3198,.T.);
#4395=ORIENTED_EDGE('',*,*,#3329,.T.);
#4396=ORIENTED_EDGE('',*,*,#2993,.T.);
#4397=ORIENTED_EDGE('',*,*,#2988,.T.);
#4398=ORIENTED_EDGE('',*,*,#3330,.F.);
#4399=ORIENTED_EDGE('',*,*,#3203,.T.);
#4400=ORIENTED_EDGE('',*,*,#3331,.T.);
#4401=ORIENTED_EDGE('',*,*,#2987,.T.);
#4402=ORIENTED_EDGE('',*,*,#3332,.F.);
#4403=ORIENTED_EDGE('',*,*,#3204,.T.);
#4404=ORIENTED_EDGE('',*,*,#3330,.T.);
#4405=ORIENTED_EDGE('',*,*,#3284,.T.);
#4406=ORIENTED_EDGE('',*,*,#3205,.T.);
#4407=ORIENTED_EDGE('',*,*,#3332,.T.);
#4408=ORIENTED_EDGE('',*,*,#2986,.T.);
#4409=ORIENTED_EDGE('',*,*,#3055,.T.);
#4410=ORIENTED_EDGE('',*,*,#3333,.F.);
#4411=ORIENTED_EDGE('',*,*,#3234,.T.);
#4412=ORIENTED_EDGE('',*,*,#3297,.T.);
#4413=ORIENTED_EDGE('',*,*,#3054,.T.);
#4414=ORIENTED_EDGE('',*,*,#3334,.F.);
#4415=ORIENTED_EDGE('',*,*,#3235,.T.);
#4416=ORIENTED_EDGE('',*,*,#3333,.T.);
#4417=ORIENTED_EDGE('',*,*,#3053,.T.);
#4418=ORIENTED_EDGE('',*,*,#3335,.F.);
#4419=ORIENTED_EDGE('',*,*,#3236,.T.);
#4420=ORIENTED_EDGE('',*,*,#3334,.T.);
#4421=ORIENTED_EDGE('',*,*,#3052,.T.);
#4422=ORIENTED_EDGE('',*,*,#3336,.F.);
#4423=ORIENTED_EDGE('',*,*,#3237,.T.);
#4424=ORIENTED_EDGE('',*,*,#3335,.T.);
#4425=ORIENTED_EDGE('',*,*,#3051,.T.);
#4426=ORIENTED_EDGE('',*,*,#3300,.F.);
#4427=ORIENTED_EDGE('',*,*,#3238,.T.);
#4428=ORIENTED_EDGE('',*,*,#3336,.T.);
#4429=ORIENTED_EDGE('',*,*,#3079,.T.);
#4430=ORIENTED_EDGE('',*,*,#3337,.F.);
#4431=ORIENTED_EDGE('',*,*,#3250,.T.);
#4432=ORIENTED_EDGE('',*,*,#3291,.T.);
#4433=ORIENTED_EDGE('',*,*,#3078,.T.);
#4434=ORIENTED_EDGE('',*,*,#3338,.F.);
#4435=ORIENTED_EDGE('',*,*,#3251,.T.);
#4436=ORIENTED_EDGE('',*,*,#3337,.T.);
#4437=ORIENTED_EDGE('',*,*,#3077,.T.);
#4438=ORIENTED_EDGE('',*,*,#3339,.F.);
#4439=ORIENTED_EDGE('',*,*,#3252,.T.);
#4440=ORIENTED_EDGE('',*,*,#3338,.T.);
#4441=ORIENTED_EDGE('',*,*,#3076,.T.);
#4442=ORIENTED_EDGE('',*,*,#3340,.F.);
#4443=ORIENTED_EDGE('',*,*,#3253,.T.);
#4444=ORIENTED_EDGE('',*,*,#3339,.T.);
#4445=ORIENTED_EDGE('',*,*,#3075,.T.);
#4446=ORIENTED_EDGE('',*,*,#3290,.F.);
#4447=ORIENTED_EDGE('',*,*,#3254,.T.);
#4448=ORIENTED_EDGE('',*,*,#3340,.T.);
#4449=ORIENTED_EDGE('',*,*,#2990,.T.);
#4450=ORIENTED_EDGE('',*,*,#3341,.F.);
#4451=ORIENTED_EDGE('',*,*,#3201,.T.);
#4452=ORIENTED_EDGE('',*,*,#3281,.T.);
#4453=ORIENTED_EDGE('',*,*,#2989,.T.);
#4454=ORIENTED_EDGE('',*,*,#3331,.F.);
#4455=ORIENTED_EDGE('',*,*,#3202,.T.);
#4456=ORIENTED_EDGE('',*,*,#3341,.T.);
#4457=ORIENTED_EDGE('',*,*,#2979,.T.);
#4458=ORIENTED_EDGE('',*,*,#3255,.F.);
#4459=ORIENTED_EDGE('',*,*,#3212,.T.);
#4460=ORIENTED_EDGE('',*,*,#3342,.T.);
#4461=ORIENTED_EDGE('',*,*,#2980,.T.);
#4462=ORIENTED_EDGE('',*,*,#3342,.F.);
#4463=ORIENTED_EDGE('',*,*,#3211,.T.);
#4464=ORIENTED_EDGE('',*,*,#3343,.T.);
#4465=ORIENTED_EDGE('',*,*,#3288,.T.);
#4466=ORIENTED_EDGE('',*,*,#2981,.T.);
#4467=ORIENTED_EDGE('',*,*,#3343,.F.);
#4468=ORIENTED_EDGE('',*,*,#3210,.T.);
#4469=ORIENTED_EDGE('',*,*,#3094,.T.);
#4470=ORIENTED_EDGE('',*,*,#3344,.F.);
#4471=ORIENTED_EDGE('',*,*,#3219,.T.);
#4472=ORIENTED_EDGE('',*,*,#3345,.T.);
#4473=ORIENTED_EDGE('',*,*,#3093,.T.);
#4474=ORIENTED_EDGE('',*,*,#3346,.F.);
#4475=ORIENTED_EDGE('',*,*,#3220,.T.);
#4476=ORIENTED_EDGE('',*,*,#3344,.T.);
#4477=ORIENTED_EDGE('',*,*,#3092,.T.);
#4478=ORIENTED_EDGE('',*,*,#3347,.F.);
#4479=ORIENTED_EDGE('',*,*,#3221,.T.);
#4480=ORIENTED_EDGE('',*,*,#3346,.T.);
#4481=ORIENTED_EDGE('',*,*,#3091,.T.);
#4482=ORIENTED_EDGE('',*,*,#3348,.F.);
#4483=ORIENTED_EDGE('',*,*,#3222,.T.);
#4484=ORIENTED_EDGE('',*,*,#3347,.T.);
#4485=ORIENTED_EDGE('',*,*,#3090,.T.);
#4486=ORIENTED_EDGE('',*,*,#3349,.F.);
#4487=ORIENTED_EDGE('',*,*,#3215,.T.);
#4488=ORIENTED_EDGE('',*,*,#3348,.T.);
#4489=ORIENTED_EDGE('',*,*,#3097,.T.);
#4490=ORIENTED_EDGE('',*,*,#3350,.F.);
#4491=ORIENTED_EDGE('',*,*,#3216,.T.);
#4492=ORIENTED_EDGE('',*,*,#3349,.T.);
#4493=ORIENTED_EDGE('',*,*,#3096,.T.);
#4494=ORIENTED_EDGE('',*,*,#3351,.F.);
#4495=ORIENTED_EDGE('',*,*,#3217,.T.);
#4496=ORIENTED_EDGE('',*,*,#3350,.T.);
#4497=ORIENTED_EDGE('',*,*,#3095,.T.);
#4498=ORIENTED_EDGE('',*,*,#3345,.F.);
#4499=ORIENTED_EDGE('',*,*,#3218,.T.);
#4500=ORIENTED_EDGE('',*,*,#3351,.T.);
#4501=ORIENTED_EDGE('',*,*,#3154,.F.);
#4502=ORIENTED_EDGE('',*,*,#3148,.F.);
#4503=ORIENTED_EDGE('',*,*,#2976,.F.);
#4504=ORIENTED_EDGE('',*,*,#3352,.F.);
#4505=ORIENTED_EDGE('',*,*,#3353,.T.);
#4506=ORIENTED_EDGE('',*,*,#3354,.F.);
#4507=ORIENTED_EDGE('',*,*,#3355,.T.);
#4508=ORIENTED_EDGE('',*,*,#3356,.F.);
#4509=ORIENTED_EDGE('',*,*,#3131,.F.);
#4510=ORIENTED_EDGE('',*,*,#3147,.F.);
#4511=ORIENTED_EDGE('',*,*,#3155,.F.);
#4512=ORIENTED_EDGE('',*,*,#3357,.T.);
#4513=ORIENTED_EDGE('',*,*,#3358,.F.);
#4514=ORIENTED_EDGE('',*,*,#3357,.F.);
#4515=ORIENTED_EDGE('',*,*,#3359,.T.);
#4516=ORIENTED_EDGE('',*,*,#3360,.F.);
#4517=ORIENTED_EDGE('',*,*,#3361,.T.);
#4518=ORIENTED_EDGE('',*,*,#3362,.T.);
#4519=ORIENTED_EDGE('',*,*,#3363,.T.);
#4520=ORIENTED_EDGE('',*,*,#3364,.F.);
#4521=ORIENTED_EDGE('',*,*,#3365,.T.);
#4522=ORIENTED_EDGE('',*,*,#3366,.T.);
#4523=ORIENTED_EDGE('',*,*,#3367,.F.);
#4524=ORIENTED_EDGE('',*,*,#3368,.T.);
#4525=ORIENTED_EDGE('',*,*,#3369,.F.);
#4526=ORIENTED_EDGE('',*,*,#3370,.F.);
#4527=ORIENTED_EDGE('',*,*,#3371,.F.);
#4528=ORIENTED_EDGE('',*,*,#3368,.F.);
#4529=ORIENTED_EDGE('',*,*,#3372,.F.);
#4530=ORIENTED_EDGE('',*,*,#3373,.F.);
#4531=ORIENTED_EDGE('',*,*,#3374,.T.);
#4532=ORIENTED_EDGE('',*,*,#3375,.T.);
#4533=ORIENTED_EDGE('',*,*,#3376,.T.);
#4534=ORIENTED_EDGE('',*,*,#3377,.T.);
#4535=ORIENTED_EDGE('',*,*,#3378,.T.);
#4536=ORIENTED_EDGE('',*,*,#3379,.T.);
#4537=ORIENTED_EDGE('',*,*,#3380,.T.);
#4538=ORIENTED_EDGE('',*,*,#3381,.T.);
#4539=ORIENTED_EDGE('',*,*,#3382,.T.);
#4540=ORIENTED_EDGE('',*,*,#3383,.T.);
#4541=ORIENTED_EDGE('',*,*,#3384,.T.);
#4542=ORIENTED_EDGE('',*,*,#3385,.T.);
#4543=ORIENTED_EDGE('',*,*,#3386,.T.);
#4544=ORIENTED_EDGE('',*,*,#3387,.T.);
#4545=ORIENTED_EDGE('',*,*,#3388,.T.);
#4546=ORIENTED_EDGE('',*,*,#3389,.T.);
#4547=ORIENTED_EDGE('',*,*,#3390,.T.);
#4548=ORIENTED_EDGE('',*,*,#3391,.T.);
#4549=ORIENTED_EDGE('',*,*,#3392,.T.);
#4550=ORIENTED_EDGE('',*,*,#3393,.T.);
#4551=ORIENTED_EDGE('',*,*,#3394,.T.);
#4552=ORIENTED_EDGE('',*,*,#3395,.T.);
#4553=ORIENTED_EDGE('',*,*,#3396,.T.);
#4554=ORIENTED_EDGE('',*,*,#3397,.T.);
#4555=ORIENTED_EDGE('',*,*,#3398,.T.);
#4556=ORIENTED_EDGE('',*,*,#3399,.T.);
#4557=ORIENTED_EDGE('',*,*,#3400,.T.);
#4558=ORIENTED_EDGE('',*,*,#3401,.T.);
#4559=ORIENTED_EDGE('',*,*,#3402,.T.);
#4560=ORIENTED_EDGE('',*,*,#3403,.T.);
#4561=ORIENTED_EDGE('',*,*,#3404,.T.);
#4562=ORIENTED_EDGE('',*,*,#3405,.T.);
#4563=ORIENTED_EDGE('',*,*,#3406,.T.);
#4564=ORIENTED_EDGE('',*,*,#3407,.T.);
#4565=ORIENTED_EDGE('',*,*,#3408,.T.);
#4566=ORIENTED_EDGE('',*,*,#3409,.F.);
#4567=ORIENTED_EDGE('',*,*,#3410,.F.);
#4568=ORIENTED_EDGE('',*,*,#3411,.F.);
#4569=ORIENTED_EDGE('',*,*,#3412,.F.);
#4570=ORIENTED_EDGE('',*,*,#3413,.F.);
#4571=ORIENTED_EDGE('',*,*,#3414,.F.);
#4572=ORIENTED_EDGE('',*,*,#3415,.F.);
#4573=ORIENTED_EDGE('',*,*,#3416,.F.);
#4574=ORIENTED_EDGE('',*,*,#3417,.F.);
#4575=ORIENTED_EDGE('',*,*,#3418,.F.);
#4576=ORIENTED_EDGE('',*,*,#3419,.F.);
#4577=ORIENTED_EDGE('',*,*,#3420,.F.);
#4578=ORIENTED_EDGE('',*,*,#3421,.F.);
#4579=ORIENTED_EDGE('',*,*,#3422,.F.);
#4580=ORIENTED_EDGE('',*,*,#3363,.F.);
#4581=ORIENTED_EDGE('',*,*,#3423,.F.);
#4582=ORIENTED_EDGE('',*,*,#3424,.F.);
#4583=ORIENTED_EDGE('',*,*,#3425,.F.);
#4584=ORIENTED_EDGE('',*,*,#3426,.F.);
#4585=ORIENTED_EDGE('',*,*,#3427,.F.);
#4586=ORIENTED_EDGE('',*,*,#3359,.F.);
#4587=ORIENTED_EDGE('',*,*,#3428,.F.);
#4588=ORIENTED_EDGE('',*,*,#3429,.F.);
#4589=ORIENTED_EDGE('',*,*,#3430,.F.);
#4590=ORIENTED_EDGE('',*,*,#3431,.F.);
#4591=ORIENTED_EDGE('',*,*,#3432,.F.);
#4592=ORIENTED_EDGE('',*,*,#3433,.F.);
#4593=ORIENTED_EDGE('',*,*,#3434,.F.);
#4594=ORIENTED_EDGE('',*,*,#3435,.F.);
#4595=ORIENTED_EDGE('',*,*,#3436,.F.);
#4596=ORIENTED_EDGE('',*,*,#3437,.F.);
#4597=ORIENTED_EDGE('',*,*,#3438,.F.);
#4598=ORIENTED_EDGE('',*,*,#3439,.F.);
#4599=ORIENTED_EDGE('',*,*,#3370,.T.);
#4600=ORIENTED_EDGE('',*,*,#3440,.T.);
#4601=ORIENTED_EDGE('',*,*,#3441,.F.);
#4602=ORIENTED_EDGE('',*,*,#3442,.F.);
#4603=ORIENTED_EDGE('',*,*,#3443,.F.);
#4604=ORIENTED_EDGE('',*,*,#3444,.F.);
#4605=ORIENTED_EDGE('',*,*,#3374,.F.);
#4606=ORIENTED_EDGE('',*,*,#3442,.T.);
#4607=ORIENTED_EDGE('',*,*,#3445,.F.);
#4608=ORIENTED_EDGE('',*,*,#3446,.T.);
#4609=ORIENTED_EDGE('',*,*,#3447,.F.);
#4610=ORIENTED_EDGE('',*,*,#3444,.T.);
#4611=ORIENTED_EDGE('',*,*,#3448,.F.);
#4612=ORIENTED_EDGE('',*,*,#3449,.T.);
#4613=ORIENTED_EDGE('',*,*,#3450,.F.);
#4614=ORIENTED_EDGE('',*,*,#3451,.F.);
#4615=ORIENTED_EDGE('',*,*,#3452,.F.);
#4616=ORIENTED_EDGE('',*,*,#3453,.F.);
#4617=ORIENTED_EDGE('',*,*,#3454,.T.);
#4618=ORIENTED_EDGE('',*,*,#3455,.T.);
#4619=ORIENTED_EDGE('',*,*,#3456,.T.);
#4620=ORIENTED_EDGE('',*,*,#3457,.F.);
#4621=ORIENTED_EDGE('',*,*,#3458,.F.);
#4622=ORIENTED_EDGE('',*,*,#3459,.F.);
#4623=ORIENTED_EDGE('',*,*,#3460,.F.);
#4624=ORIENTED_EDGE('',*,*,#3461,.F.);
#4625=ORIENTED_EDGE('',*,*,#3458,.T.);
#4626=ORIENTED_EDGE('',*,*,#3462,.F.);
#4627=ORIENTED_EDGE('',*,*,#3463,.T.);
#4628=ORIENTED_EDGE('',*,*,#3464,.F.);
#4629=ORIENTED_EDGE('',*,*,#3460,.T.);
#4630=ORIENTED_EDGE('',*,*,#3465,.F.);
#4631=ORIENTED_EDGE('',*,*,#3461,.T.);
#4632=ORIENTED_EDGE('',*,*,#3466,.F.);
#4633=ORIENTED_EDGE('',*,*,#3467,.T.);
#4634=ORIENTED_EDGE('',*,*,#3468,.T.);
#4635=ORIENTED_EDGE('',*,*,#3381,.F.);
#4636=ORIENTED_EDGE('',*,*,#3469,.F.);
#4637=ORIENTED_EDGE('',*,*,#3470,.T.);
#4638=ORIENTED_EDGE('',*,*,#3471,.T.);
#4639=ORIENTED_EDGE('',*,*,#3383,.F.);
#4640=ORIENTED_EDGE('',*,*,#3472,.F.);
#4641=ORIENTED_EDGE('',*,*,#3473,.T.);
#4642=ORIENTED_EDGE('',*,*,#3474,.T.);
#4643=ORIENTED_EDGE('',*,*,#3475,.F.);
#4644=ORIENTED_EDGE('',*,*,#3476,.F.);
#4645=ORIENTED_EDGE('',*,*,#3143,.T.);
#4646=ORIENTED_EDGE('',*,*,#3477,.T.);
#4647=ORIENTED_EDGE('',*,*,#3478,.T.);
#4648=ORIENTED_EDGE('',*,*,#3479,.F.);
#4649=ORIENTED_EDGE('',*,*,#3478,.F.);
#4650=ORIENTED_EDGE('',*,*,#3479,.T.);
#4651=ORIENTED_EDGE('',*,*,#3480,.T.);
#4652=ORIENTED_EDGE('',*,*,#3481,.T.);
#4653=ORIENTED_EDGE('',*,*,#3482,.F.);
#4654=ORIENTED_EDGE('',*,*,#3481,.F.);
#4655=ORIENTED_EDGE('',*,*,#3482,.T.);
#4656=ORIENTED_EDGE('',*,*,#3483,.T.);
#4657=ORIENTED_EDGE('',*,*,#3484,.T.);
#4658=ORIENTED_EDGE('',*,*,#3485,.F.);
#4659=ORIENTED_EDGE('',*,*,#3484,.F.);
#4660=ORIENTED_EDGE('',*,*,#3485,.T.);
#4661=ORIENTED_EDGE('',*,*,#3486,.T.);
#4662=ORIENTED_EDGE('',*,*,#3487,.T.);
#4663=ORIENTED_EDGE('',*,*,#3488,.F.);
#4664=ORIENTED_EDGE('',*,*,#3487,.F.);
#4665=ORIENTED_EDGE('',*,*,#3488,.T.);
#4666=ORIENTED_EDGE('',*,*,#3098,.T.);
#4667=ORIENTED_EDGE('',*,*,#3489,.T.);
#4668=ORIENTED_EDGE('',*,*,#3490,.T.);
#4669=ORIENTED_EDGE('',*,*,#3489,.F.);
#4670=ORIENTED_EDGE('',*,*,#3490,.F.);
#4671=ORIENTED_EDGE('',*,*,#3486,.F.);
#4672=ORIENTED_EDGE('',*,*,#3099,.T.);
#4673=ORIENTED_EDGE('',*,*,#3491,.T.);
#4674=ORIENTED_EDGE('',*,*,#3492,.T.);
#4675=ORIENTED_EDGE('',*,*,#3491,.F.);
#4676=ORIENTED_EDGE('',*,*,#3492,.F.);
#4677=ORIENTED_EDGE('',*,*,#3483,.F.);
#4678=ORIENTED_EDGE('',*,*,#3260,.T.);
#4679=ORIENTED_EDGE('',*,*,#3493,.T.);
#4680=ORIENTED_EDGE('',*,*,#3494,.T.);
#4681=ORIENTED_EDGE('',*,*,#3495,.T.);
#4682=ORIENTED_EDGE('',*,*,#3261,.T.);
#4683=ORIENTED_EDGE('',*,*,#3495,.F.);
#4684=ORIENTED_EDGE('',*,*,#3496,.T.);
#4685=ORIENTED_EDGE('',*,*,#3497,.T.);
#4686=ORIENTED_EDGE('',*,*,#3001,.T.);
#4687=ORIENTED_EDGE('',*,*,#3144,.T.);
#4688=ORIENTED_EDGE('',*,*,#3476,.T.);
#4689=ORIENTED_EDGE('',*,*,#3498,.T.);
#4690=ORIENTED_EDGE('',*,*,#3138,.T.);
#4691=ORIENTED_EDGE('',*,*,#3499,.T.);
#4692=ORIENTED_EDGE('',*,*,#3500,.T.);
#4693=ORIENTED_EDGE('',*,*,#3501,.T.);
#4694=ORIENTED_EDGE('',*,*,#3500,.F.);
#4695=ORIENTED_EDGE('',*,*,#3502,.F.);
#4696=ORIENTED_EDGE('',*,*,#3503,.F.);
#4697=ORIENTED_EDGE('',*,*,#3409,.T.);
#4698=ORIENTED_EDGE('',*,*,#3369,.T.);
#4699=ORIENTED_EDGE('',*,*,#3367,.T.);
#4700=ORIENTED_EDGE('',*,*,#3371,.T.);
#4701=ORIENTED_EDGE('',*,*,#3439,.T.);
#4702=ORIENTED_EDGE('',*,*,#3504,.T.);
#4703=ORIENTED_EDGE('',*,*,#3002,.F.);
#4704=ORIENTED_EDGE('',*,*,#3498,.F.);
#4705=ORIENTED_EDGE('',*,*,#3475,.T.);
#4706=ORIENTED_EDGE('',*,*,#3142,.T.);
#4707=ORIENTED_EDGE('',*,*,#3505,.T.);
#4708=ORIENTED_EDGE('',*,*,#3140,.T.);
#4709=ORIENTED_EDGE('',*,*,#3506,.T.);
#4710=ORIENTED_EDGE('',*,*,#3268,.T.);
#4711=ORIENTED_EDGE('',*,*,#3507,.T.);
#4712=ORIENTED_EDGE('',*,*,#3508,.T.);
#4713=ORIENTED_EDGE('',*,*,#3509,.T.);
#4714=ORIENTED_EDGE('',*,*,#3507,.F.);
#4715=ORIENTED_EDGE('',*,*,#3267,.F.);
#4716=ORIENTED_EDGE('',*,*,#3510,.F.);
#4717=ORIENTED_EDGE('',*,*,#3511,.T.);
#4718=ORIENTED_EDGE('',*,*,#3269,.T.);
#4719=ORIENTED_EDGE('',*,*,#3509,.F.);
#4720=ORIENTED_EDGE('',*,*,#3512,.T.);
#4721=ORIENTED_EDGE('',*,*,#3513,.T.);
#4722=ORIENTED_EDGE('',*,*,#3493,.F.);
#4723=ORIENTED_EDGE('',*,*,#3270,.T.);
#4724=ORIENTED_EDGE('',*,*,#3513,.F.);
#4725=ORIENTED_EDGE('',*,*,#3514,.T.);
#4726=ORIENTED_EDGE('',*,*,#3515,.T.);
#4727=ORIENTED_EDGE('',*,*,#3516,.T.);
#4728=ORIENTED_EDGE('',*,*,#3156,.T.);
#4729=ORIENTED_EDGE('',*,*,#3517,.T.);
#4730=ORIENTED_EDGE('',*,*,#3518,.T.);
#4731=ORIENTED_EDGE('',*,*,#3519,.T.);
#4732=ORIENTED_EDGE('',*,*,#3450,.T.);
#4733=ORIENTED_EDGE('',*,*,#3520,.T.);
#4734=ORIENTED_EDGE('',*,*,#3521,.T.);
#4735=ORIENTED_EDGE('',*,*,#3522,.T.);
#4736=ORIENTED_EDGE('',*,*,#3523,.T.);
#4737=ORIENTED_EDGE('',*,*,#3030,.T.);
#4738=ORIENTED_EDGE('',*,*,#3524,.T.);
#4739=ORIENTED_EDGE('',*,*,#3525,.T.);
#4740=ORIENTED_EDGE('',*,*,#3526,.F.);
#4741=ORIENTED_EDGE('',*,*,#3159,.T.);
#4742=ORIENTED_EDGE('',*,*,#3527,.F.);
#4743=ORIENTED_EDGE('',*,*,#3528,.T.);
#4744=ORIENTED_EDGE('',*,*,#3527,.T.);
#4745=ORIENTED_EDGE('',*,*,#3158,.T.);
#4746=ORIENTED_EDGE('',*,*,#3529,.F.);
#4747=ORIENTED_EDGE('',*,*,#3530,.T.);
#4748=ORIENTED_EDGE('',*,*,#3531,.T.);
#4749=ORIENTED_EDGE('',*,*,#3024,.T.);
#4750=ORIENTED_EDGE('',*,*,#3532,.T.);
#4751=ORIENTED_EDGE('',*,*,#3453,.T.);
#4752=ORIENTED_EDGE('',*,*,#3533,.T.);
#4753=ORIENTED_EDGE('',*,*,#3534,.T.);
#4754=ORIENTED_EDGE('',*,*,#3160,.T.);
#4755=ORIENTED_EDGE('',*,*,#3526,.T.);
#4756=ORIENTED_EDGE('',*,*,#3535,.T.);
#4757=ORIENTED_EDGE('',*,*,#3529,.T.);
#4758=ORIENTED_EDGE('',*,*,#3157,.T.);
#4759=ORIENTED_EDGE('',*,*,#3516,.F.);
#4760=ORIENTED_EDGE('',*,*,#3522,.F.);
#4761=ORIENTED_EDGE('',*,*,#3536,.F.);
#4762=ORIENTED_EDGE('',*,*,#3537,.T.);
#4763=ORIENTED_EDGE('',*,*,#3538,.F.);
#4764=ORIENTED_EDGE('',*,*,#3523,.F.);
#4765=ORIENTED_EDGE('',*,*,#3538,.T.);
#4766=ORIENTED_EDGE('',*,*,#3539,.F.);
#4767=ORIENTED_EDGE('',*,*,#3031,.T.);
#4768=ORIENTED_EDGE('',*,*,#3524,.F.);
#4769=ORIENTED_EDGE('',*,*,#3029,.T.);
#4770=ORIENTED_EDGE('',*,*,#3110,.T.);
#4771=ORIENTED_EDGE('',*,*,#3540,.F.);
#4772=ORIENTED_EDGE('',*,*,#3515,.F.);
#4773=ORIENTED_EDGE('',*,*,#3540,.T.);
#4774=ORIENTED_EDGE('',*,*,#3112,.T.);
#4775=ORIENTED_EDGE('',*,*,#3114,.F.);
#4776=ORIENTED_EDGE('',*,*,#3541,.T.);
#4777=ORIENTED_EDGE('',*,*,#2974,.F.);
#4778=ORIENTED_EDGE('',*,*,#2970,.F.);
#4779=ORIENTED_EDGE('',*,*,#3542,.T.);
#4780=ORIENTED_EDGE('',*,*,#3530,.F.);
#4781=ORIENTED_EDGE('',*,*,#3525,.F.);
#4782=ORIENTED_EDGE('',*,*,#3528,.F.);
#4783=ORIENTED_EDGE('',*,*,#3535,.F.);
#4784=ORIENTED_EDGE('',*,*,#3531,.F.);
#4785=ORIENTED_EDGE('',*,*,#3542,.F.);
#4786=ORIENTED_EDGE('',*,*,#2969,.F.);
#4787=ORIENTED_EDGE('',*,*,#3025,.T.);
#4788=ORIENTED_EDGE('',*,*,#3532,.F.);
#4789=ORIENTED_EDGE('',*,*,#3023,.T.);
#4790=ORIENTED_EDGE('',*,*,#3543,.T.);
#4791=ORIENTED_EDGE('',*,*,#3420,.T.);
#4792=ORIENTED_EDGE('',*,*,#3544,.F.);
#4793=ORIENTED_EDGE('',*,*,#3454,.F.);
#4794=ORIENTED_EDGE('',*,*,#3506,.F.);
#4795=ORIENTED_EDGE('',*,*,#3139,.T.);
#4796=ORIENTED_EDGE('',*,*,#3501,.F.);
#4797=ORIENTED_EDGE('',*,*,#3026,.T.);
#4798=ORIENTED_EDGE('',*,*,#2975,.F.);
#4799=ORIENTED_EDGE('',*,*,#3541,.F.);
#4800=ORIENTED_EDGE('',*,*,#3113,.F.);
#4801=ORIENTED_EDGE('',*,*,#3517,.F.);
#4802=ORIENTED_EDGE('',*,*,#3194,.F.);
#4803=ORIENTED_EDGE('',*,*,#3193,.T.);
#4804=ORIENTED_EDGE('',*,*,#3545,.F.);
#4805=ORIENTED_EDGE('',*,*,#3034,.F.);
#4806=ORIENTED_EDGE('',*,*,#3546,.F.);
#4807=ORIENTED_EDGE('',*,*,#3455,.F.);
#4808=ORIENTED_EDGE('',*,*,#3544,.T.);
#4809=ORIENTED_EDGE('',*,*,#3419,.T.);
#4810=ORIENTED_EDGE('',*,*,#3547,.F.);
#4811=ORIENTED_EDGE('',*,*,#3548,.T.);
#4812=ORIENTED_EDGE('',*,*,#3549,.T.);
#4813=ORIENTED_EDGE('',*,*,#3550,.F.);
#4814=ORIENTED_EDGE('',*,*,#3549,.F.);
#4815=ORIENTED_EDGE('',*,*,#3550,.T.);
#4816=ORIENTED_EDGE('',*,*,#3505,.F.);
#4817=ORIENTED_EDGE('',*,*,#3141,.T.);
#4818=ORIENTED_EDGE('',*,*,#3548,.F.);
#4819=ORIENTED_EDGE('',*,*,#3045,.F.);
#4820=ORIENTED_EDGE('',*,*,#3551,.F.);
#4821=ORIENTED_EDGE('',*,*,#3552,.F.);
#4822=ORIENTED_EDGE('',*,*,#3553,.F.);
#4823=ORIENTED_EDGE('',*,*,#3553,.T.);
#4824=ORIENTED_EDGE('',*,*,#3554,.T.);
#4825=ORIENTED_EDGE('',*,*,#3555,.T.);
#4826=ORIENTED_EDGE('',*,*,#3556,.F.);
#4827=ORIENTED_EDGE('',*,*,#3046,.F.);
#4828=ORIENTED_EDGE('',*,*,#3557,.T.);
#4829=ORIENTED_EDGE('',*,*,#3558,.T.);
#4830=ORIENTED_EDGE('',*,*,#3559,.F.);
#4831=ORIENTED_EDGE('',*,*,#3558,.F.);
#4832=ORIENTED_EDGE('',*,*,#3559,.T.);
#4833=ORIENTED_EDGE('',*,*,#3109,.T.);
#4834=ORIENTED_EDGE('',*,*,#3560,.T.);
#4835=ORIENTED_EDGE('',*,*,#3561,.T.);
#4836=ORIENTED_EDGE('',*,*,#3560,.F.);
#4837=ORIENTED_EDGE('',*,*,#3561,.F.);
#4838=ORIENTED_EDGE('',*,*,#3557,.F.);
#4839=ORIENTED_EDGE('',*,*,#3562,.T.);
#4840=ORIENTED_EDGE('',*,*,#3563,.T.);
#4841=ORIENTED_EDGE('',*,*,#3564,.T.);
#4842=ORIENTED_EDGE('',*,*,#3565,.T.);
#4843=ORIENTED_EDGE('',*,*,#3401,.F.);
#4844=ORIENTED_EDGE('',*,*,#3566,.F.);
#4845=ORIENTED_EDGE('',*,*,#3009,.F.);
#4846=ORIENTED_EDGE('',*,*,#3567,.T.);
#4847=ORIENTED_EDGE('',*,*,#3432,.T.);
#4848=ORIENTED_EDGE('',*,*,#3568,.F.);
#4849=ORIENTED_EDGE('',*,*,#3008,.F.);
#4850=ORIENTED_EDGE('',*,*,#3569,.T.);
#4851=ORIENTED_EDGE('',*,*,#3433,.T.);
#4852=ORIENTED_EDGE('',*,*,#3567,.F.);
#4853=ORIENTED_EDGE('',*,*,#3007,.F.);
#4854=ORIENTED_EDGE('',*,*,#3570,.T.);
#4855=ORIENTED_EDGE('',*,*,#3434,.T.);
#4856=ORIENTED_EDGE('',*,*,#3569,.F.);
#4857=ORIENTED_EDGE('',*,*,#3006,.F.);
#4858=ORIENTED_EDGE('',*,*,#3571,.T.);
#4859=ORIENTED_EDGE('',*,*,#3435,.T.);
#4860=ORIENTED_EDGE('',*,*,#3570,.F.);
#4861=ORIENTED_EDGE('',*,*,#3005,.F.);
#4862=ORIENTED_EDGE('',*,*,#3572,.T.);
#4863=ORIENTED_EDGE('',*,*,#3436,.T.);
#4864=ORIENTED_EDGE('',*,*,#3571,.F.);
#4865=ORIENTED_EDGE('',*,*,#3004,.F.);
#4866=ORIENTED_EDGE('',*,*,#3573,.T.);
#4867=ORIENTED_EDGE('',*,*,#3437,.T.);
#4868=ORIENTED_EDGE('',*,*,#3572,.F.);
#4869=ORIENTED_EDGE('',*,*,#3003,.F.);
#4870=ORIENTED_EDGE('',*,*,#3504,.F.);
#4871=ORIENTED_EDGE('',*,*,#3438,.T.);
#4872=ORIENTED_EDGE('',*,*,#3573,.F.);
#4873=ORIENTED_EDGE('',*,*,#3574,.T.);
#4874=ORIENTED_EDGE('',*,*,#3410,.T.);
#4875=ORIENTED_EDGE('',*,*,#3503,.T.);
#4876=ORIENTED_EDGE('',*,*,#3575,.F.);
#4877=ORIENTED_EDGE('',*,*,#3576,.F.);
#4878=ORIENTED_EDGE('',*,*,#3355,.F.);
#4879=ORIENTED_EDGE('',*,*,#3577,.T.);
#4880=ORIENTED_EDGE('',*,*,#3103,.F.);
#4881=ORIENTED_EDGE('',*,*,#3578,.T.);
#4882=ORIENTED_EDGE('',*,*,#3579,.T.);
#4883=ORIENTED_EDGE('',*,*,#3580,.F.);
#4884=ORIENTED_EDGE('',*,*,#3104,.F.);
#4885=ORIENTED_EDGE('',*,*,#3580,.T.);
#4886=ORIENTED_EDGE('',*,*,#3581,.T.);
#4887=ORIENTED_EDGE('',*,*,#3582,.F.);
#4888=ORIENTED_EDGE('',*,*,#3105,.F.);
#4889=ORIENTED_EDGE('',*,*,#3582,.T.);
#4890=ORIENTED_EDGE('',*,*,#3583,.T.);
#4891=ORIENTED_EDGE('',*,*,#3188,.T.);
#4892=ORIENTED_EDGE('',*,*,#3584,.T.);
#4893=ORIENTED_EDGE('',*,*,#3106,.F.);
#4894=ORIENTED_EDGE('',*,*,#3584,.F.);
#4895=ORIENTED_EDGE('',*,*,#3187,.T.);
#4896=ORIENTED_EDGE('',*,*,#3585,.F.);
#4897=ORIENTED_EDGE('',*,*,#3586,.T.);
#4898=ORIENTED_EDGE('',*,*,#3587,.T.);
#4899=ORIENTED_EDGE('',*,*,#3588,.T.);
#4900=ORIENTED_EDGE('',*,*,#3589,.F.);
#4901=ORIENTED_EDGE('',*,*,#3590,.T.);
#4902=ORIENTED_EDGE('',*,*,#3443,.T.);
#4903=ORIENTED_EDGE('',*,*,#3373,.T.);
#4904=ORIENTED_EDGE('',*,*,#3591,.T.);
#4905=ORIENTED_EDGE('',*,*,#3587,.F.);
#4906=ORIENTED_EDGE('',*,*,#3592,.T.);
#4907=ORIENTED_EDGE('',*,*,#3477,.F.);
#4908=ORIENTED_EDGE('',*,*,#3108,.F.);
#4909=ORIENTED_EDGE('',*,*,#3593,.T.);
#4910=ORIENTED_EDGE('',*,*,#3592,.F.);
#4911=ORIENTED_EDGE('',*,*,#3593,.F.);
#4912=ORIENTED_EDGE('',*,*,#3358,.T.);
#4913=ORIENTED_EDGE('',*,*,#3480,.F.);
#4914=ORIENTED_EDGE('',*,*,#3022,.F.);
#4915=ORIENTED_EDGE('',*,*,#3594,.T.);
#4916=ORIENTED_EDGE('',*,*,#3421,.T.);
#4917=ORIENTED_EDGE('',*,*,#3543,.F.);
#4918=ORIENTED_EDGE('',*,*,#3021,.F.);
#4919=ORIENTED_EDGE('',*,*,#3595,.T.);
#4920=ORIENTED_EDGE('',*,*,#3364,.T.);
#4921=ORIENTED_EDGE('',*,*,#3422,.T.);
#4922=ORIENTED_EDGE('',*,*,#3594,.F.);
#4923=ORIENTED_EDGE('',*,*,#3020,.F.);
#4924=ORIENTED_EDGE('',*,*,#3596,.T.);
#4925=ORIENTED_EDGE('',*,*,#3365,.F.);
#4926=ORIENTED_EDGE('',*,*,#3595,.F.);
#4927=ORIENTED_EDGE('',*,*,#3019,.F.);
#4928=ORIENTED_EDGE('',*,*,#3597,.T.);
#4929=ORIENTED_EDGE('',*,*,#3423,.T.);
#4930=ORIENTED_EDGE('',*,*,#3366,.F.);
#4931=ORIENTED_EDGE('',*,*,#3596,.F.);
#4932=ORIENTED_EDGE('',*,*,#3018,.F.);
#4933=ORIENTED_EDGE('',*,*,#3598,.T.);
#4934=ORIENTED_EDGE('',*,*,#3424,.T.);
#4935=ORIENTED_EDGE('',*,*,#3597,.F.);
#4936=ORIENTED_EDGE('',*,*,#3017,.F.);
#4937=ORIENTED_EDGE('',*,*,#3599,.T.);
#4938=ORIENTED_EDGE('',*,*,#3425,.T.);
#4939=ORIENTED_EDGE('',*,*,#3598,.F.);
#4940=ORIENTED_EDGE('',*,*,#3016,.F.);
#4941=ORIENTED_EDGE('',*,*,#3600,.T.);
#4942=ORIENTED_EDGE('',*,*,#3426,.T.);
#4943=ORIENTED_EDGE('',*,*,#3599,.F.);
#4944=ORIENTED_EDGE('',*,*,#3015,.F.);
#4945=ORIENTED_EDGE('',*,*,#3601,.T.);
#4946=ORIENTED_EDGE('',*,*,#3360,.T.);
#4947=ORIENTED_EDGE('',*,*,#3427,.T.);
#4948=ORIENTED_EDGE('',*,*,#3600,.F.);
#4949=ORIENTED_EDGE('',*,*,#3014,.F.);
#4950=ORIENTED_EDGE('',*,*,#3602,.T.);
#4951=ORIENTED_EDGE('',*,*,#3361,.F.);
#4952=ORIENTED_EDGE('',*,*,#3601,.F.);
#4953=ORIENTED_EDGE('',*,*,#3013,.F.);
#4954=ORIENTED_EDGE('',*,*,#3603,.T.);
#4955=ORIENTED_EDGE('',*,*,#3428,.T.);
#4956=ORIENTED_EDGE('',*,*,#3362,.F.);
#4957=ORIENTED_EDGE('',*,*,#3602,.F.);
#4958=ORIENTED_EDGE('',*,*,#3012,.F.);
#4959=ORIENTED_EDGE('',*,*,#3604,.T.);
#4960=ORIENTED_EDGE('',*,*,#3429,.T.);
#4961=ORIENTED_EDGE('',*,*,#3603,.F.);
#4962=ORIENTED_EDGE('',*,*,#3011,.F.);
#4963=ORIENTED_EDGE('',*,*,#3605,.T.);
#4964=ORIENTED_EDGE('',*,*,#3430,.T.);
#4965=ORIENTED_EDGE('',*,*,#3604,.F.);
#4966=ORIENTED_EDGE('',*,*,#3010,.F.);
#4967=ORIENTED_EDGE('',*,*,#3568,.T.);
#4968=ORIENTED_EDGE('',*,*,#3431,.T.);
#4969=ORIENTED_EDGE('',*,*,#3605,.F.);
#4970=ORIENTED_EDGE('',*,*,#3606,.F.);
#4971=ORIENTED_EDGE('',*,*,#3607,.T.);
#4972=ORIENTED_EDGE('',*,*,#3132,.F.);
#4973=ORIENTED_EDGE('',*,*,#3356,.T.);
#4974=ORIENTED_EDGE('',*,*,#3576,.T.);
#4975=ORIENTED_EDGE('',*,*,#3608,.T.);
#4976=ORIENTED_EDGE('',*,*,#3459,.T.);
#4977=ORIENTED_EDGE('',*,*,#3468,.F.);
#4978=ORIENTED_EDGE('',*,*,#3609,.T.);
#4979=ORIENTED_EDGE('',*,*,#3610,.F.);
#4980=ORIENTED_EDGE('',*,*,#3611,.T.);
#4981=ORIENTED_EDGE('',*,*,#3612,.T.);
#4982=ORIENTED_EDGE('',*,*,#3613,.T.);
#4983=ORIENTED_EDGE('',*,*,#3375,.F.);
#4984=ORIENTED_EDGE('',*,*,#3447,.T.);
#4985=ORIENTED_EDGE('',*,*,#3614,.T.);
#4986=ORIENTED_EDGE('',*,*,#3615,.T.);
#4987=ORIENTED_EDGE('',*,*,#3616,.T.);
#4988=ORIENTED_EDGE('',*,*,#3612,.F.);
#4989=ORIENTED_EDGE('',*,*,#3617,.T.);
#4990=ORIENTED_EDGE('',*,*,#3618,.T.);
#4991=ORIENTED_EDGE('',*,*,#3619,.F.);
#4992=ORIENTED_EDGE('',*,*,#3392,.F.);
#4993=ORIENTED_EDGE('',*,*,#3620,.T.);
#4994=ORIENTED_EDGE('',*,*,#3621,.T.);
#4995=ORIENTED_EDGE('',*,*,#3622,.F.);
#4996=ORIENTED_EDGE('',*,*,#3473,.F.);
#4997=ORIENTED_EDGE('',*,*,#3623,.T.);
#4998=ORIENTED_EDGE('',*,*,#3624,.T.);
#4999=ORIENTED_EDGE('',*,*,#3623,.F.);
#5000=ORIENTED_EDGE('',*,*,#3472,.T.);
#5001=ORIENTED_EDGE('',*,*,#3382,.F.);
#5002=ORIENTED_EDGE('',*,*,#3471,.F.);
#5003=ORIENTED_EDGE('',*,*,#3625,.T.);
#5004=ORIENTED_EDGE('',*,*,#3626,.T.);
#5005=ORIENTED_EDGE('',*,*,#3625,.F.);
#5006=ORIENTED_EDGE('',*,*,#3470,.F.);
#5007=ORIENTED_EDGE('',*,*,#3627,.T.);
#5008=ORIENTED_EDGE('',*,*,#3628,.T.);
#5009=ORIENTED_EDGE('',*,*,#3627,.F.);
#5010=ORIENTED_EDGE('',*,*,#3469,.T.);
#5011=ORIENTED_EDGE('',*,*,#3380,.F.);
#5012=ORIENTED_EDGE('',*,*,#3629,.F.);
#5013=ORIENTED_EDGE('',*,*,#3630,.T.);
#5014=ORIENTED_EDGE('',*,*,#3631,.F.);
#5015=ORIENTED_EDGE('',*,*,#3398,.F.);
#5016=ORIENTED_EDGE('',*,*,#3632,.T.);
#5017=ORIENTED_EDGE('',*,*,#3633,.T.);
#5018=ORIENTED_EDGE('',*,*,#3632,.F.);
#5019=ORIENTED_EDGE('',*,*,#3397,.F.);
#5020=ORIENTED_EDGE('',*,*,#3634,.T.);
#5021=ORIENTED_EDGE('',*,*,#3635,.T.);
#5022=ORIENTED_EDGE('',*,*,#3634,.F.);
#5023=ORIENTED_EDGE('',*,*,#3396,.F.);
#5024=ORIENTED_EDGE('',*,*,#3636,.T.);
#5025=ORIENTED_EDGE('',*,*,#3637,.T.);
#5026=ORIENTED_EDGE('',*,*,#3636,.F.);
#5027=ORIENTED_EDGE('',*,*,#3395,.F.);
#5028=ORIENTED_EDGE('',*,*,#3638,.T.);
#5029=ORIENTED_EDGE('',*,*,#3639,.T.);
#5030=ORIENTED_EDGE('',*,*,#3638,.F.);
#5031=ORIENTED_EDGE('',*,*,#3394,.F.);
#5032=ORIENTED_EDGE('',*,*,#3640,.T.);
#5033=ORIENTED_EDGE('',*,*,#3641,.T.);
#5034=ORIENTED_EDGE('',*,*,#3640,.F.);
#5035=ORIENTED_EDGE('',*,*,#3393,.F.);
#5036=ORIENTED_EDGE('',*,*,#3619,.T.);
#5037=ORIENTED_EDGE('',*,*,#3642,.T.);
#5038=ORIENTED_EDGE('',*,*,#3643,.T.);
#5039=ORIENTED_EDGE('',*,*,#3389,.F.);
#5040=ORIENTED_EDGE('',*,*,#3644,.T.);
#5041=ORIENTED_EDGE('',*,*,#3645,.T.);
#5042=ORIENTED_EDGE('',*,*,#3644,.F.);
#5043=ORIENTED_EDGE('',*,*,#3388,.F.);
#5044=ORIENTED_EDGE('',*,*,#3646,.F.);
#5045=ORIENTED_EDGE('',*,*,#3647,.T.);
#5046=ORIENTED_EDGE('',*,*,#3646,.T.);
#5047=ORIENTED_EDGE('',*,*,#3387,.F.);
#5048=ORIENTED_EDGE('',*,*,#3648,.F.);
#5049=ORIENTED_EDGE('',*,*,#3649,.T.);
#5050=ORIENTED_EDGE('',*,*,#3648,.T.);
#5051=ORIENTED_EDGE('',*,*,#3386,.F.);
#5052=ORIENTED_EDGE('',*,*,#3650,.F.);
#5053=ORIENTED_EDGE('',*,*,#3651,.T.);
#5054=ORIENTED_EDGE('',*,*,#3650,.T.);
#5055=ORIENTED_EDGE('',*,*,#3385,.F.);
#5056=ORIENTED_EDGE('',*,*,#3652,.F.);
#5057=ORIENTED_EDGE('',*,*,#3653,.T.);
#5058=ORIENTED_EDGE('',*,*,#3652,.T.);
#5059=ORIENTED_EDGE('',*,*,#3384,.F.);
#5060=ORIENTED_EDGE('',*,*,#3474,.F.);
#5061=ORIENTED_EDGE('',*,*,#3622,.T.);
#5062=ORIENTED_EDGE('',*,*,#3654,.T.);
#5063=ORIENTED_EDGE('',*,*,#3610,.T.);
#5064=ORIENTED_EDGE('',*,*,#3655,.T.);
#5065=ORIENTED_EDGE('',*,*,#3656,.T.);
#5066=ORIENTED_EDGE('',*,*,#3657,.T.);
#5067=ORIENTED_EDGE('',*,*,#3658,.T.);
#5068=ORIENTED_EDGE('',*,*,#3659,.T.);
#5069=ORIENTED_EDGE('',*,*,#3660,.F.);
#5070=ORIENTED_EDGE('',*,*,#3661,.T.);
#5071=ORIENTED_EDGE('',*,*,#3662,.F.);
#5072=ORIENTED_EDGE('',*,*,#3663,.T.);
#5073=ORIENTED_EDGE('',*,*,#3664,.T.);
#5074=ORIENTED_EDGE('',*,*,#3665,.T.);
#5075=ORIENTED_EDGE('',*,*,#3656,.F.);
#5076=ORIENTED_EDGE('',*,*,#3666,.F.);
#5077=ORIENTED_EDGE('',*,*,#3667,.F.);
#5078=ORIENTED_EDGE('',*,*,#3668,.T.);
#5079=ORIENTED_EDGE('',*,*,#3669,.T.);
#5080=ORIENTED_EDGE('',*,*,#3670,.T.);
#5081=ORIENTED_EDGE('',*,*,#3671,.T.);
#5082=ORIENTED_EDGE('',*,*,#3672,.T.);
#5083=ORIENTED_EDGE('',*,*,#3615,.F.);
#5084=ORIENTED_EDGE('',*,*,#3673,.T.);
#5085=ORIENTED_EDGE('',*,*,#3674,.T.);
#5086=ORIENTED_EDGE('',*,*,#3675,.T.);
#5087=ORIENTED_EDGE('',*,*,#3671,.F.);
#5088=ORIENTED_EDGE('',*,*,#3676,.T.);
#5089=ORIENTED_EDGE('',*,*,#3677,.T.);
#5090=ORIENTED_EDGE('',*,*,#3678,.T.);
#5091=ORIENTED_EDGE('',*,*,#3589,.T.);
#5092=ORIENTED_EDGE('',*,*,#3679,.T.);
#5093=ORIENTED_EDGE('',*,*,#3674,.F.);
#5094=ORIENTED_EDGE('',*,*,#3680,.T.);
#5095=ORIENTED_EDGE('',*,*,#3681,.T.);
#5096=ORIENTED_EDGE('',*,*,#3402,.F.);
#5097=ORIENTED_EDGE('',*,*,#3565,.F.);
#5098=ORIENTED_EDGE('',*,*,#3682,.T.);
#5099=ORIENTED_EDGE('',*,*,#3683,.T.);
#5100=ORIENTED_EDGE('',*,*,#3403,.F.);
#5101=ORIENTED_EDGE('',*,*,#3681,.F.);
#5102=ORIENTED_EDGE('',*,*,#3684,.T.);
#5103=ORIENTED_EDGE('',*,*,#3685,.T.);
#5104=ORIENTED_EDGE('',*,*,#3404,.F.);
#5105=ORIENTED_EDGE('',*,*,#3683,.F.);
#5106=ORIENTED_EDGE('',*,*,#3686,.T.);
#5107=ORIENTED_EDGE('',*,*,#3687,.T.);
#5108=ORIENTED_EDGE('',*,*,#3405,.F.);
#5109=ORIENTED_EDGE('',*,*,#3685,.F.);
#5110=ORIENTED_EDGE('',*,*,#3688,.T.);
#5111=ORIENTED_EDGE('',*,*,#3689,.T.);
#5112=ORIENTED_EDGE('',*,*,#3406,.F.);
#5113=ORIENTED_EDGE('',*,*,#3687,.F.);
#5114=ORIENTED_EDGE('',*,*,#3690,.T.);
#5115=ORIENTED_EDGE('',*,*,#3691,.T.);
#5116=ORIENTED_EDGE('',*,*,#3407,.F.);
#5117=ORIENTED_EDGE('',*,*,#3689,.F.);
#5118=ORIENTED_EDGE('',*,*,#3692,.T.);
#5119=ORIENTED_EDGE('',*,*,#3693,.T.);
#5120=ORIENTED_EDGE('',*,*,#3408,.F.);
#5121=ORIENTED_EDGE('',*,*,#3691,.F.);
#5122=ORIENTED_EDGE('',*,*,#3694,.T.);
#5123=ORIENTED_EDGE('',*,*,#3695,.T.);
#5124=ORIENTED_EDGE('',*,*,#3376,.F.);
#5125=ORIENTED_EDGE('',*,*,#3693,.F.);
#5126=ORIENTED_EDGE('',*,*,#3696,.T.);
#5127=ORIENTED_EDGE('',*,*,#3697,.T.);
#5128=ORIENTED_EDGE('',*,*,#3377,.F.);
#5129=ORIENTED_EDGE('',*,*,#3695,.F.);
#5130=ORIENTED_EDGE('',*,*,#3698,.T.);
#5131=ORIENTED_EDGE('',*,*,#3699,.T.);
#5132=ORIENTED_EDGE('',*,*,#3378,.F.);
#5133=ORIENTED_EDGE('',*,*,#3697,.F.);
#5134=ORIENTED_EDGE('',*,*,#3700,.T.);
#5135=ORIENTED_EDGE('',*,*,#3629,.T.);
#5136=ORIENTED_EDGE('',*,*,#3379,.F.);
#5137=ORIENTED_EDGE('',*,*,#3699,.F.);
#5138=ORIENTED_EDGE('',*,*,#3701,.T.);
#5139=ORIENTED_EDGE('',*,*,#3702,.T.);
#5140=ORIENTED_EDGE('',*,*,#3694,.F.);
#5141=ORIENTED_EDGE('',*,*,#3618,.F.);
#5142=ORIENTED_EDGE('',*,*,#3703,.T.);
#5143=ORIENTED_EDGE('',*,*,#3190,.F.);
#5144=ORIENTED_EDGE('',*,*,#3704,.F.);
#5145=ORIENTED_EDGE('',*,*,#3705,.T.);
#5146=ORIENTED_EDGE('',*,*,#3705,.F.);
#5147=ORIENTED_EDGE('',*,*,#3706,.F.);
#5148=ORIENTED_EDGE('',*,*,#3707,.T.);
#5149=ORIENTED_EDGE('',*,*,#3641,.F.);
#5150=ORIENTED_EDGE('',*,*,#3707,.F.);
#5151=ORIENTED_EDGE('',*,*,#3708,.F.);
#5152=ORIENTED_EDGE('',*,*,#3709,.T.);
#5153=ORIENTED_EDGE('',*,*,#3639,.F.);
#5154=ORIENTED_EDGE('',*,*,#3709,.F.);
#5155=ORIENTED_EDGE('',*,*,#3710,.F.);
#5156=ORIENTED_EDGE('',*,*,#3711,.T.);
#5157=ORIENTED_EDGE('',*,*,#3637,.F.);
#5158=ORIENTED_EDGE('',*,*,#3711,.F.);
#5159=ORIENTED_EDGE('',*,*,#3712,.F.);
#5160=ORIENTED_EDGE('',*,*,#3713,.T.);
#5161=ORIENTED_EDGE('',*,*,#3635,.F.);
#5162=ORIENTED_EDGE('',*,*,#3714,.F.);
#5163=ORIENTED_EDGE('',*,*,#3715,.T.);
#5164=ORIENTED_EDGE('',*,*,#3633,.F.);
#5165=ORIENTED_EDGE('',*,*,#3713,.F.);
#5166=ORIENTED_EDGE('',*,*,#3701,.F.);
#5167=ORIENTED_EDGE('',*,*,#3692,.F.);
#5168=ORIENTED_EDGE('',*,*,#3716,.T.);
#5169=ORIENTED_EDGE('',*,*,#3175,.F.);
#5170=ORIENTED_EDGE('',*,*,#3716,.F.);
#5171=ORIENTED_EDGE('',*,*,#3690,.F.);
#5172=ORIENTED_EDGE('',*,*,#3717,.T.);
#5173=ORIENTED_EDGE('',*,*,#3176,.F.);
#5174=ORIENTED_EDGE('',*,*,#3717,.F.);
#5175=ORIENTED_EDGE('',*,*,#3688,.F.);
#5176=ORIENTED_EDGE('',*,*,#3718,.T.);
#5177=ORIENTED_EDGE('',*,*,#3177,.F.);
#5178=ORIENTED_EDGE('',*,*,#3718,.F.);
#5179=ORIENTED_EDGE('',*,*,#3686,.F.);
#5180=ORIENTED_EDGE('',*,*,#3719,.T.);
#5181=ORIENTED_EDGE('',*,*,#3178,.F.);
#5182=ORIENTED_EDGE('',*,*,#3719,.F.);
#5183=ORIENTED_EDGE('',*,*,#3684,.F.);
#5184=ORIENTED_EDGE('',*,*,#3720,.T.);
#5185=ORIENTED_EDGE('',*,*,#3179,.F.);
#5186=ORIENTED_EDGE('',*,*,#3720,.F.);
#5187=ORIENTED_EDGE('',*,*,#3682,.F.);
#5188=ORIENTED_EDGE('',*,*,#3721,.T.);
#5189=ORIENTED_EDGE('',*,*,#3180,.F.);
#5190=ORIENTED_EDGE('',*,*,#3721,.F.);
#5191=ORIENTED_EDGE('',*,*,#3680,.F.);
#5192=ORIENTED_EDGE('',*,*,#3722,.T.);
#5193=ORIENTED_EDGE('',*,*,#3181,.F.);
#5194=ORIENTED_EDGE('',*,*,#3564,.F.);
#5195=ORIENTED_EDGE('',*,*,#3723,.F.);
#5196=ORIENTED_EDGE('',*,*,#3182,.F.);
#5197=ORIENTED_EDGE('',*,*,#3722,.F.);
#5198=ORIENTED_EDGE('',*,*,#3630,.F.);
#5199=ORIENTED_EDGE('',*,*,#3715,.F.);
#5200=ORIENTED_EDGE('',*,*,#3724,.F.);
#5201=ORIENTED_EDGE('',*,*,#3725,.F.);
#5202=ORIENTED_EDGE('',*,*,#3191,.F.);
#5203=ORIENTED_EDGE('',*,*,#3703,.F.);
#5204=ORIENTED_EDGE('',*,*,#3617,.F.);
#5205=ORIENTED_EDGE('',*,*,#3726,.T.);
#5206=ORIENTED_EDGE('',*,*,#3727,.F.);
#5207=ORIENTED_EDGE('',*,*,#3728,.F.);
#5208=ORIENTED_EDGE('',*,*,#3192,.F.);
#5209=ORIENTED_EDGE('',*,*,#3726,.F.);
#5210=ORIENTED_EDGE('',*,*,#3729,.F.);
#5211=ORIENTED_EDGE('',*,*,#3642,.F.);
#5212=ORIENTED_EDGE('',*,*,#3730,.T.);
#5213=ORIENTED_EDGE('',*,*,#3162,.F.);
#5214=ORIENTED_EDGE('',*,*,#3730,.F.);
#5215=ORIENTED_EDGE('',*,*,#3645,.F.);
#5216=ORIENTED_EDGE('',*,*,#3731,.T.);
#5217=ORIENTED_EDGE('',*,*,#3163,.F.);
#5218=ORIENTED_EDGE('',*,*,#3731,.F.);
#5219=ORIENTED_EDGE('',*,*,#3647,.F.);
#5220=ORIENTED_EDGE('',*,*,#3732,.T.);
#5221=ORIENTED_EDGE('',*,*,#3164,.F.);
#5222=ORIENTED_EDGE('',*,*,#3732,.F.);
#5223=ORIENTED_EDGE('',*,*,#3649,.F.);
#5224=ORIENTED_EDGE('',*,*,#3733,.T.);
#5225=ORIENTED_EDGE('',*,*,#3165,.F.);
#5226=ORIENTED_EDGE('',*,*,#3734,.T.);
#5227=ORIENTED_EDGE('',*,*,#3621,.F.);
#5228=ORIENTED_EDGE('',*,*,#3735,.T.);
#5229=ORIENTED_EDGE('',*,*,#3168,.F.);
#5230=ORIENTED_EDGE('',*,*,#3735,.F.);
#5231=ORIENTED_EDGE('',*,*,#3624,.F.);
#5232=ORIENTED_EDGE('',*,*,#3736,.T.);
#5233=ORIENTED_EDGE('',*,*,#3169,.F.);
#5234=ORIENTED_EDGE('',*,*,#3736,.F.);
#5235=ORIENTED_EDGE('',*,*,#3626,.F.);
#5236=ORIENTED_EDGE('',*,*,#3737,.T.);
#5237=ORIENTED_EDGE('',*,*,#3170,.F.);
#5238=ORIENTED_EDGE('',*,*,#3737,.F.);
#5239=ORIENTED_EDGE('',*,*,#3628,.F.);
#5240=ORIENTED_EDGE('',*,*,#3738,.T.);
#5241=ORIENTED_EDGE('',*,*,#3171,.F.);
#5242=ORIENTED_EDGE('',*,*,#3738,.F.);
#5243=ORIENTED_EDGE('',*,*,#3700,.F.);
#5244=ORIENTED_EDGE('',*,*,#3739,.T.);
#5245=ORIENTED_EDGE('',*,*,#3172,.F.);
#5246=ORIENTED_EDGE('',*,*,#3739,.F.);
#5247=ORIENTED_EDGE('',*,*,#3698,.F.);
#5248=ORIENTED_EDGE('',*,*,#3740,.T.);
#5249=ORIENTED_EDGE('',*,*,#3173,.F.);
#5250=ORIENTED_EDGE('',*,*,#3702,.F.);
#5251=ORIENTED_EDGE('',*,*,#3174,.F.);
#5252=ORIENTED_EDGE('',*,*,#3740,.F.);
#5253=ORIENTED_EDGE('',*,*,#3696,.F.);
#5254=ORIENTED_EDGE('',*,*,#3741,.T.);
#5255=ORIENTED_EDGE('',*,*,#3653,.F.);
#5256=ORIENTED_EDGE('',*,*,#3734,.F.);
#5257=ORIENTED_EDGE('',*,*,#3167,.F.);
#5258=ORIENTED_EDGE('',*,*,#3741,.F.);
#5259=ORIENTED_EDGE('',*,*,#3166,.F.);
#5260=ORIENTED_EDGE('',*,*,#3733,.F.);
#5261=ORIENTED_EDGE('',*,*,#3651,.F.);
#5262=ORIENTED_EDGE('',*,*,#3742,.T.);
#5263=ORIENTED_EDGE('',*,*,#3743,.T.);
#5264=ORIENTED_EDGE('',*,*,#3744,.T.);
#5265=ORIENTED_EDGE('',*,*,#3466,.T.);
#5266=ORIENTED_EDGE('',*,*,#3464,.T.);
#5267=ORIENTED_EDGE('',*,*,#3745,.T.);
#5268=ORIENTED_EDGE('',*,*,#3662,.T.);
#5269=ORIENTED_EDGE('',*,*,#3746,.T.);
#5270=ORIENTED_EDGE('',*,*,#3743,.F.);
#5271=ORIENTED_EDGE('',*,*,#3747,.T.);
#5272=ORIENTED_EDGE('',*,*,#3664,.F.);
#5273=ORIENTED_EDGE('',*,*,#3748,.T.);
#5274=ORIENTED_EDGE('',*,*,#3749,.F.);
#5275=ORIENTED_EDGE('',*,*,#3456,.F.);
#5276=ORIENTED_EDGE('',*,*,#3608,.F.);
#5277=ORIENTED_EDGE('',*,*,#3750,.T.);
#5278=ORIENTED_EDGE('',*,*,#3751,.F.);
#5279=ORIENTED_EDGE('',*,*,#3750,.F.);
#5280=ORIENTED_EDGE('',*,*,#3654,.F.);
#5281=ORIENTED_EDGE('',*,*,#3752,.T.);
#5282=ORIENTED_EDGE('',*,*,#3753,.F.);
#5283=ORIENTED_EDGE('',*,*,#3747,.F.);
#5284=ORIENTED_EDGE('',*,*,#3754,.F.);
#5285=ORIENTED_EDGE('',*,*,#3752,.F.);
#5286=ORIENTED_EDGE('',*,*,#3665,.F.);
#5287=ORIENTED_EDGE('',*,*,#3755,.T.);
#5288=ORIENTED_EDGE('',*,*,#3658,.F.);
#5289=ORIENTED_EDGE('',*,*,#3756,.T.);
#5290=ORIENTED_EDGE('',*,*,#3757,.F.);
#5291=ORIENTED_EDGE('',*,*,#3748,.F.);
#5292=ORIENTED_EDGE('',*,*,#3663,.F.);
#5293=ORIENTED_EDGE('',*,*,#3758,.T.);
#5294=ORIENTED_EDGE('',*,*,#3759,.F.);
#5295=ORIENTED_EDGE('',*,*,#3758,.F.);
#5296=ORIENTED_EDGE('',*,*,#3760,.F.);
#5297=ORIENTED_EDGE('',*,*,#3761,.T.);
#5298=ORIENTED_EDGE('',*,*,#3762,.F.);
#5299=ORIENTED_EDGE('',*,*,#3761,.F.);
#5300=ORIENTED_EDGE('',*,*,#3659,.F.);
#5301=ORIENTED_EDGE('',*,*,#3755,.F.);
#5302=ORIENTED_EDGE('',*,*,#3763,.F.);
#5303=ORIENTED_EDGE('',*,*,#3756,.F.);
#5304=ORIENTED_EDGE('',*,*,#3657,.F.);
#5305=ORIENTED_EDGE('',*,*,#3764,.T.);
#5306=ORIENTED_EDGE('',*,*,#3765,.F.);
#5307=ORIENTED_EDGE('',*,*,#3764,.F.);
#5308=ORIENTED_EDGE('',*,*,#3745,.F.);
#5309=ORIENTED_EDGE('',*,*,#3766,.T.);
#5310=ORIENTED_EDGE('',*,*,#3767,.F.);
#5311=ORIENTED_EDGE('',*,*,#3463,.F.);
#5312=ORIENTED_EDGE('',*,*,#3768,.F.);
#5313=ORIENTED_EDGE('',*,*,#3766,.F.);
#5314=ORIENTED_EDGE('',*,*,#3742,.F.);
#5315=ORIENTED_EDGE('',*,*,#3769,.T.);
#5316=ORIENTED_EDGE('',*,*,#3770,.T.);
#5317=ORIENTED_EDGE('',*,*,#3771,.F.);
#5318=ORIENTED_EDGE('',*,*,#3772,.T.);
#5319=ORIENTED_EDGE('',*,*,#3773,.T.);
#5320=ORIENTED_EDGE('',*,*,#3774,.T.);
#5321=ORIENTED_EDGE('',*,*,#3775,.T.);
#5322=ORIENTED_EDGE('',*,*,#3776,.T.);
#5323=ORIENTED_EDGE('',*,*,#3777,.F.);
#5324=ORIENTED_EDGE('',*,*,#3749,.T.);
#5325=ORIENTED_EDGE('',*,*,#3759,.T.);
#5326=ORIENTED_EDGE('',*,*,#3762,.T.);
#5327=ORIENTED_EDGE('',*,*,#3763,.T.);
#5328=ORIENTED_EDGE('',*,*,#3757,.T.);
#5329=ORIENTED_EDGE('',*,*,#3778,.F.);
#5330=ORIENTED_EDGE('',*,*,#3725,.T.);
#5331=ORIENTED_EDGE('',*,*,#3779,.F.);
#5332=ORIENTED_EDGE('',*,*,#3780,.T.);
#5333=ORIENTED_EDGE('',*,*,#3448,.T.);
#5334=ORIENTED_EDGE('',*,*,#3445,.T.);
#5335=ORIENTED_EDGE('',*,*,#3441,.T.);
#5336=ORIENTED_EDGE('',*,*,#3781,.T.);
#5337=ORIENTED_EDGE('',*,*,#3782,.T.);
#5338=ORIENTED_EDGE('',*,*,#3783,.T.);
#5339=ORIENTED_EDGE('',*,*,#3771,.T.);
#5340=ORIENTED_EDGE('',*,*,#3784,.T.);
#5341=ORIENTED_EDGE('',*,*,#3785,.T.);
#5342=ORIENTED_EDGE('',*,*,#3399,.F.);
#5343=ORIENTED_EDGE('',*,*,#3631,.T.);
#5344=ORIENTED_EDGE('',*,*,#3778,.T.);
#5345=ORIENTED_EDGE('',*,*,#3765,.T.);
#5346=ORIENTED_EDGE('',*,*,#3767,.T.);
#5347=ORIENTED_EDGE('',*,*,#3768,.T.);
#5348=ORIENTED_EDGE('',*,*,#3465,.T.);
#5349=ORIENTED_EDGE('',*,*,#3462,.T.);
#5350=ORIENTED_EDGE('',*,*,#3457,.T.);
#5351=ORIENTED_EDGE('',*,*,#3751,.T.);
#5352=ORIENTED_EDGE('',*,*,#3753,.T.);
#5353=ORIENTED_EDGE('',*,*,#3754,.T.);
#5354=ORIENTED_EDGE('',*,*,#3777,.T.);
#5355=ORIENTED_EDGE('',*,*,#3786,.T.);
#5356=ORIENTED_EDGE('',*,*,#3787,.T.);
#5357=ORIENTED_EDGE('',*,*,#3788,.T.);
#5358=ORIENTED_EDGE('',*,*,#3677,.F.);
#5359=ORIENTED_EDGE('',*,*,#3789,.T.);
#5360=ORIENTED_EDGE('',*,*,#3772,.F.);
#5361=ORIENTED_EDGE('',*,*,#3440,.F.);
#5362=ORIENTED_EDGE('',*,*,#3590,.F.);
#5363=ORIENTED_EDGE('',*,*,#3790,.T.);
#5364=ORIENTED_EDGE('',*,*,#3781,.F.);
#5365=ORIENTED_EDGE('',*,*,#3790,.F.);
#5366=ORIENTED_EDGE('',*,*,#3586,.F.);
#5367=ORIENTED_EDGE('',*,*,#3791,.T.);
#5368=ORIENTED_EDGE('',*,*,#3782,.F.);
#5369=ORIENTED_EDGE('',*,*,#3788,.F.);
#5370=ORIENTED_EDGE('',*,*,#3783,.F.);
#5371=ORIENTED_EDGE('',*,*,#3791,.F.);
#5372=ORIENTED_EDGE('',*,*,#3678,.F.);
#5373=ORIENTED_EDGE('',*,*,#3792,.T.);
#5374=ORIENTED_EDGE('',*,*,#3669,.F.);
#5375=ORIENTED_EDGE('',*,*,#3793,.T.);
#5376=ORIENTED_EDGE('',*,*,#3776,.F.);
#5377=ORIENTED_EDGE('',*,*,#3789,.F.);
#5378=ORIENTED_EDGE('',*,*,#3676,.F.);
#5379=ORIENTED_EDGE('',*,*,#3794,.T.);
#5380=ORIENTED_EDGE('',*,*,#3773,.F.);
#5381=ORIENTED_EDGE('',*,*,#3794,.F.);
#5382=ORIENTED_EDGE('',*,*,#3673,.F.);
#5383=ORIENTED_EDGE('',*,*,#3795,.T.);
#5384=ORIENTED_EDGE('',*,*,#3774,.F.);
#5385=ORIENTED_EDGE('',*,*,#3795,.F.);
#5386=ORIENTED_EDGE('',*,*,#3670,.F.);
#5387=ORIENTED_EDGE('',*,*,#3792,.F.);
#5388=ORIENTED_EDGE('',*,*,#3775,.F.);
#5389=ORIENTED_EDGE('',*,*,#3793,.F.);
#5390=ORIENTED_EDGE('',*,*,#3668,.F.);
#5391=ORIENTED_EDGE('',*,*,#3796,.T.);
#5392=ORIENTED_EDGE('',*,*,#3786,.F.);
#5393=ORIENTED_EDGE('',*,*,#3796,.F.);
#5394=ORIENTED_EDGE('',*,*,#3614,.F.);
#5395=ORIENTED_EDGE('',*,*,#3797,.T.);
#5396=ORIENTED_EDGE('',*,*,#3787,.F.);
#5397=ORIENTED_EDGE('',*,*,#3446,.F.);
#5398=ORIENTED_EDGE('',*,*,#3780,.F.);
#5399=ORIENTED_EDGE('',*,*,#3797,.F.);
#5400=ORIENTED_EDGE('',*,*,#3611,.F.);
#5401=ORIENTED_EDGE('',*,*,#3798,.F.);
#5402=ORIENTED_EDGE('',*,*,#3799,.T.);
#5403=ORIENTED_EDGE('',*,*,#3352,.T.);
#5404=ORIENTED_EDGE('',*,*,#3049,.T.);
#5405=ORIENTED_EDGE('',*,*,#3555,.F.);
#5406=ORIENTED_EDGE('',*,*,#3800,.T.);
#5407=ORIENTED_EDGE('',*,*,#3353,.F.);
#5408=ORIENTED_EDGE('',*,*,#3799,.F.);
#5409=ORIENTED_EDGE('',*,*,#3801,.F.);
#5410=ORIENTED_EDGE('',*,*,#3802,.F.);
#5411=ORIENTED_EDGE('',*,*,#3551,.T.);
#5412=ORIENTED_EDGE('',*,*,#3044,.F.);
#5413=ORIENTED_EDGE('',*,*,#3803,.T.);
#5414=ORIENTED_EDGE('',*,*,#3804,.T.);
#5415=ORIENTED_EDGE('',*,*,#3047,.F.);
#5416=ORIENTED_EDGE('',*,*,#3556,.T.);
#5417=ORIENTED_EDGE('',*,*,#3802,.T.);
#5418=ORIENTED_EDGE('',*,*,#3805,.F.);
#5419=ORIENTED_EDGE('',*,*,#3048,.F.);
#5420=ORIENTED_EDGE('',*,*,#3805,.T.);
#5421=ORIENTED_EDGE('',*,*,#3801,.T.);
#5422=ORIENTED_EDGE('',*,*,#3798,.T.);
#5423=ORIENTED_EDGE('',*,*,#3102,.F.);
#5424=ORIENTED_EDGE('',*,*,#3806,.T.);
#5425=ORIENTED_EDGE('',*,*,#3807,.T.);
#5426=ORIENTED_EDGE('',*,*,#3578,.F.);
#5427=ORIENTED_EDGE('',*,*,#3101,.F.);
#5428=ORIENTED_EDGE('',*,*,#3808,.T.);
#5429=ORIENTED_EDGE('',*,*,#3184,.T.);
#5430=ORIENTED_EDGE('',*,*,#3809,.T.);
#5431=ORIENTED_EDGE('',*,*,#3806,.F.);
#5432=ORIENTED_EDGE('',*,*,#3100,.F.);
#5433=ORIENTED_EDGE('',*,*,#3810,.T.);
#5434=ORIENTED_EDGE('',*,*,#3185,.T.);
#5435=ORIENTED_EDGE('',*,*,#3808,.F.);
#5436=ORIENTED_EDGE('',*,*,#3107,.F.);
#5437=ORIENTED_EDGE('',*,*,#3585,.T.);
#5438=ORIENTED_EDGE('',*,*,#3186,.T.);
#5439=ORIENTED_EDGE('',*,*,#3810,.F.);
#5440=ORIENTED_EDGE('',*,*,#3609,.F.);
#5441=ORIENTED_EDGE('',*,*,#3467,.F.);
#5442=ORIENTED_EDGE('',*,*,#3744,.F.);
#5443=ORIENTED_EDGE('',*,*,#3746,.F.);
#5444=ORIENTED_EDGE('',*,*,#3661,.F.);
#5445=ORIENTED_EDGE('',*,*,#3811,.F.);
#5446=ORIENTED_EDGE('',*,*,#3812,.F.);
#5447=ORIENTED_EDGE('',*,*,#3042,.F.);
#5448=ORIENTED_EDGE('',*,*,#3813,.F.);
#5449=ORIENTED_EDGE('',*,*,#3411,.T.);
#5450=ORIENTED_EDGE('',*,*,#3574,.F.);
#5451=ORIENTED_EDGE('',*,*,#3814,.F.);
#5452=ORIENTED_EDGE('',*,*,#3666,.T.);
#5453=ORIENTED_EDGE('',*,*,#3655,.F.);
#5454=ORIENTED_EDGE('',*,*,#3613,.F.);
#5455=ORIENTED_EDGE('',*,*,#3616,.F.);
#5456=ORIENTED_EDGE('',*,*,#3672,.F.);
#5457=ORIENTED_EDGE('',*,*,#3675,.F.);
#5458=ORIENTED_EDGE('',*,*,#3679,.F.);
#5459=ORIENTED_EDGE('',*,*,#3588,.F.);
#5460=ORIENTED_EDGE('',*,*,#3591,.F.);
#5461=ORIENTED_EDGE('',*,*,#3372,.T.);
#5462=ORIENTED_EDGE('',*,*,#3813,.T.);
#5463=ORIENTED_EDGE('',*,*,#3041,.F.);
#5464=ORIENTED_EDGE('',*,*,#3815,.F.);
#5465=ORIENTED_EDGE('',*,*,#3412,.T.);
#5466=ORIENTED_EDGE('',*,*,#3815,.T.);
#5467=ORIENTED_EDGE('',*,*,#3040,.F.);
#5468=ORIENTED_EDGE('',*,*,#3816,.F.);
#5469=ORIENTED_EDGE('',*,*,#3413,.T.);
#5470=ORIENTED_EDGE('',*,*,#3816,.T.);
#5471=ORIENTED_EDGE('',*,*,#3039,.F.);
#5472=ORIENTED_EDGE('',*,*,#3817,.F.);
#5473=ORIENTED_EDGE('',*,*,#3414,.T.);
#5474=ORIENTED_EDGE('',*,*,#3817,.T.);
#5475=ORIENTED_EDGE('',*,*,#3038,.F.);
#5476=ORIENTED_EDGE('',*,*,#3818,.F.);
#5477=ORIENTED_EDGE('',*,*,#3415,.T.);
#5478=ORIENTED_EDGE('',*,*,#3818,.T.);
#5479=ORIENTED_EDGE('',*,*,#3037,.F.);
#5480=ORIENTED_EDGE('',*,*,#3819,.F.);
#5481=ORIENTED_EDGE('',*,*,#3416,.T.);
#5482=ORIENTED_EDGE('',*,*,#3819,.T.);
#5483=ORIENTED_EDGE('',*,*,#3036,.F.);
#5484=ORIENTED_EDGE('',*,*,#3820,.F.);
#5485=ORIENTED_EDGE('',*,*,#3417,.T.);
#5486=ORIENTED_EDGE('',*,*,#3820,.T.);
#5487=ORIENTED_EDGE('',*,*,#3035,.F.);
#5488=ORIENTED_EDGE('',*,*,#3547,.T.);
#5489=ORIENTED_EDGE('',*,*,#3418,.T.);
#5490=ORIENTED_EDGE('',*,*,#3043,.F.);
#5491=ORIENTED_EDGE('',*,*,#3812,.T.);
#5492=ORIENTED_EDGE('',*,*,#3821,.T.);
#5493=ORIENTED_EDGE('',*,*,#3803,.F.);
#5494=ORIENTED_EDGE('',*,*,#3822,.T.);
#5495=ORIENTED_EDGE('',*,*,#3566,.T.);
#5496=ORIENTED_EDGE('',*,*,#3400,.F.);
#5497=ORIENTED_EDGE('',*,*,#3785,.F.);
#5498=ORIENTED_EDGE('',*,*,#3823,.T.);
#5499=ORIENTED_EDGE('',*,*,#3824,.F.);
#5500=ORIENTED_EDGE('',*,*,#3825,.F.);
#5501=ORIENTED_EDGE('',*,*,#3822,.F.);
#5502=ORIENTED_EDGE('',*,*,#3826,.T.);
#5503=ORIENTED_EDGE('',*,*,#3827,.T.);
#5504=ORIENTED_EDGE('',*,*,#3828,.T.);
#5505=ORIENTED_EDGE('',*,*,#3829,.T.);
#5506=ORIENTED_EDGE('',*,*,#3830,.T.);
#5507=ORIENTED_EDGE('',*,*,#3831,.T.);
#5508=ORIENTED_EDGE('',*,*,#3832,.T.);
#5509=ORIENTED_EDGE('',*,*,#3833,.T.);
#5510=ORIENTED_EDGE('',*,*,#3834,.T.);
#5511=ORIENTED_EDGE('',*,*,#3829,.F.);
#5512=ORIENTED_EDGE('',*,*,#3835,.T.);
#5513=ORIENTED_EDGE('',*,*,#3831,.F.);
#5514=ORIENTED_EDGE('',*,*,#3836,.T.);
#5515=ORIENTED_EDGE('',*,*,#3837,.F.);
#5516=ORIENTED_EDGE('',*,*,#3823,.F.);
#5517=ORIENTED_EDGE('',*,*,#3784,.F.);
#5518=ORIENTED_EDGE('',*,*,#3838,.T.);
#5519=ORIENTED_EDGE('',*,*,#3839,.F.);
#5520=ORIENTED_EDGE('',*,*,#3824,.T.);
#5521=ORIENTED_EDGE('',*,*,#3837,.T.);
#5522=ORIENTED_EDGE('',*,*,#3840,.T.);
#5523=ORIENTED_EDGE('',*,*,#3841,.T.);
#5524=ORIENTED_EDGE('',*,*,#3278,.F.);
#5525=ORIENTED_EDGE('',*,*,#3258,.F.);
#5526=ORIENTED_EDGE('',*,*,#3277,.F.);
#5527=ORIENTED_EDGE('',*,*,#3274,.F.);
#5528=ORIENTED_EDGE('',*,*,#3842,.T.);
#5529=ORIENTED_EDGE('',*,*,#3562,.F.);
#5530=ORIENTED_EDGE('',*,*,#3825,.T.);
#5531=ORIENTED_EDGE('',*,*,#3839,.T.);
#5532=ORIENTED_EDGE('',*,*,#3843,.T.);
#5533=ORIENTED_EDGE('',*,*,#3844,.T.);
#5534=ORIENTED_EDGE('',*,*,#3842,.F.);
#5535=ORIENTED_EDGE('',*,*,#3845,.T.);
#5536=ORIENTED_EDGE('',*,*,#3827,.F.);
#5537=ORIENTED_EDGE('',*,*,#3845,.F.);
#5538=ORIENTED_EDGE('',*,*,#3838,.F.);
#5539=ORIENTED_EDGE('',*,*,#3846,.T.);
#5540=ORIENTED_EDGE('',*,*,#3828,.F.);
#5541=ORIENTED_EDGE('',*,*,#3846,.F.);
#5542=ORIENTED_EDGE('',*,*,#3841,.F.);
#5543=ORIENTED_EDGE('',*,*,#3847,.T.);
#5544=ORIENTED_EDGE('',*,*,#3835,.F.);
#5545=ORIENTED_EDGE('',*,*,#3847,.F.);
#5546=ORIENTED_EDGE('',*,*,#3840,.F.);
#5547=ORIENTED_EDGE('',*,*,#3848,.T.);
#5548=ORIENTED_EDGE('',*,*,#3832,.F.);
#5549=ORIENTED_EDGE('',*,*,#3849,.T.);
#5550=ORIENTED_EDGE('',*,*,#3850,.T.);
#5551=ORIENTED_EDGE('',*,*,#3851,.T.);
#5552=ORIENTED_EDGE('',*,*,#3833,.F.);
#5553=ORIENTED_EDGE('',*,*,#3848,.F.);
#5554=ORIENTED_EDGE('',*,*,#3836,.F.);
#5555=ORIENTED_EDGE('',*,*,#3852,.T.);
#5556=ORIENTED_EDGE('',*,*,#3853,.F.);
#5557=ORIENTED_EDGE('',*,*,#3723,.T.);
#5558=ORIENTED_EDGE('',*,*,#3563,.F.);
#5559=ORIENTED_EDGE('',*,*,#3854,.T.);
#5560=ORIENTED_EDGE('',*,*,#3843,.F.);
#5561=ORIENTED_EDGE('',*,*,#3855,.T.);
#5562=ORIENTED_EDGE('',*,*,#3856,.F.);
#5563=ORIENTED_EDGE('',*,*,#3854,.F.);
#5564=ORIENTED_EDGE('',*,*,#3852,.F.);
#5565=ORIENTED_EDGE('',*,*,#3844,.F.);
#5566=ORIENTED_EDGE('',*,*,#3857,.T.);
#5567=ORIENTED_EDGE('',*,*,#3851,.F.);
#5568=ORIENTED_EDGE('',*,*,#3858,.T.);
#5569=ORIENTED_EDGE('',*,*,#3859,.F.);
#5570=ORIENTED_EDGE('',*,*,#3860,.F.);
#5571=ORIENTED_EDGE('',*,*,#3834,.F.);
#5572=ORIENTED_EDGE('',*,*,#3861,.T.);
#5573=ORIENTED_EDGE('',*,*,#3862,.F.);
#5574=ORIENTED_EDGE('',*,*,#3857,.F.);
#5575=ORIENTED_EDGE('',*,*,#3863,.F.);
#5576=ORIENTED_EDGE('',*,*,#3861,.F.);
#5577=ORIENTED_EDGE('',*,*,#3830,.F.);
#5578=ORIENTED_EDGE('',*,*,#3858,.F.);
#5579=ORIENTED_EDGE('',*,*,#3850,.F.);
#5580=ORIENTED_EDGE('',*,*,#3849,.F.);
#5581=ORIENTED_EDGE('',*,*,#3770,.F.);
#5582=ORIENTED_EDGE('',*,*,#3769,.F.);
#5583=ORIENTED_EDGE('',*,*,#3265,.F.);
#5584=ORIENTED_EDGE('',*,*,#3864,.F.);
#5585=ORIENTED_EDGE('',*,*,#3865,.T.);
#5586=ORIENTED_EDGE('',*,*,#3866,.T.);
#5587=ORIENTED_EDGE('',*,*,#3266,.F.);
#5588=ORIENTED_EDGE('',*,*,#3866,.F.);
#5589=ORIENTED_EDGE('',*,*,#3867,.T.);
#5590=ORIENTED_EDGE('',*,*,#3510,.T.);
#5591=ORIENTED_EDGE('',*,*,#3262,.F.);
#5592=ORIENTED_EDGE('',*,*,#3497,.F.);
#5593=ORIENTED_EDGE('',*,*,#3868,.T.);
#5594=ORIENTED_EDGE('',*,*,#3869,.T.);
#5595=ORIENTED_EDGE('',*,*,#3263,.F.);
#5596=ORIENTED_EDGE('',*,*,#3869,.F.);
#5597=ORIENTED_EDGE('',*,*,#3870,.T.);
#5598=ORIENTED_EDGE('',*,*,#3871,.T.);
#5599=ORIENTED_EDGE('',*,*,#3264,.F.);
#5600=ORIENTED_EDGE('',*,*,#3871,.F.);
#5601=ORIENTED_EDGE('',*,*,#3872,.T.);
#5602=ORIENTED_EDGE('',*,*,#3864,.T.);
#5603=ORIENTED_EDGE('',*,*,#3855,.F.);
#5604=ORIENTED_EDGE('',*,*,#3826,.F.);
#5605=ORIENTED_EDGE('',*,*,#3860,.T.);
#5606=ORIENTED_EDGE('',*,*,#3873,.F.);
#5607=ORIENTED_EDGE('',*,*,#3136,.F.);
#5608=ORIENTED_EDGE('',*,*,#3133,.F.);
#5609=ORIENTED_EDGE('',*,*,#3607,.F.);
#5610=ORIENTED_EDGE('',*,*,#3874,.T.);
#5611=ORIENTED_EDGE('',*,*,#3856,.T.);
#5612=ORIENTED_EDGE('',*,*,#3873,.T.);
#5613=ORIENTED_EDGE('',*,*,#3862,.T.);
#5614=ORIENTED_EDGE('',*,*,#3863,.T.);
#5615=ORIENTED_EDGE('',*,*,#3859,.T.);
#5616=ORIENTED_EDGE('',*,*,#3779,.T.);
#5617=ORIENTED_EDGE('',*,*,#3724,.T.);
#5618=ORIENTED_EDGE('',*,*,#3714,.T.);
#5619=ORIENTED_EDGE('',*,*,#3712,.T.);
#5620=ORIENTED_EDGE('',*,*,#3710,.T.);
#5621=ORIENTED_EDGE('',*,*,#3708,.T.);
#5622=ORIENTED_EDGE('',*,*,#3706,.T.);
#5623=ORIENTED_EDGE('',*,*,#3704,.T.);
#5624=ORIENTED_EDGE('',*,*,#3189,.T.);
#5625=ORIENTED_EDGE('',*,*,#3583,.F.);
#5626=ORIENTED_EDGE('',*,*,#3581,.F.);
#5627=ORIENTED_EDGE('',*,*,#3579,.F.);
#5628=ORIENTED_EDGE('',*,*,#3807,.F.);
#5629=ORIENTED_EDGE('',*,*,#3809,.F.);
#5630=ORIENTED_EDGE('',*,*,#3183,.T.);
#5631=ORIENTED_EDGE('',*,*,#3853,.T.);
#5632=ORIENTED_EDGE('',*,*,#3315,.F.);
#5633=ORIENTED_EDGE('',*,*,#3317,.F.);
#5634=ORIENTED_EDGE('',*,*,#3319,.F.);
#5635=ORIENTED_EDGE('',*,*,#3320,.F.);
#5636=ORIENTED_EDGE('',*,*,#3306,.F.);
#5637=ORIENTED_EDGE('',*,*,#3309,.F.);
#5638=ORIENTED_EDGE('',*,*,#3311,.F.);
#5639=ORIENTED_EDGE('',*,*,#3313,.F.);
#5640=ORIENTED_EDGE('',*,*,#3537,.F.);
#5641=ORIENTED_EDGE('',*,*,#3875,.F.);
#5642=ORIENTED_EDGE('',*,*,#3032,.F.);
#5643=ORIENTED_EDGE('',*,*,#3539,.T.);
#5644=ORIENTED_EDGE('',*,*,#3876,.F.);
#5645=ORIENTED_EDGE('',*,*,#3033,.T.);
#5646=ORIENTED_EDGE('',*,*,#3875,.T.);
#5647=ORIENTED_EDGE('',*,*,#3518,.F.);
#5648=ORIENTED_EDGE('',*,*,#3545,.T.);
#5649=ORIENTED_EDGE('',*,*,#3728,.T.);
#5650=ORIENTED_EDGE('',*,*,#3877,.F.);
#5651=ORIENTED_EDGE('',*,*,#3533,.F.);
#5652=ORIENTED_EDGE('',*,*,#3452,.T.);
#5653=ORIENTED_EDGE('',*,*,#3878,.T.);
#5654=ORIENTED_EDGE('',*,*,#3390,.F.);
#5655=ORIENTED_EDGE('',*,*,#3643,.F.);
#5656=ORIENTED_EDGE('',*,*,#3879,.T.);
#5657=ORIENTED_EDGE('',*,*,#3519,.F.);
#5658=ORIENTED_EDGE('',*,*,#3877,.T.);
#5659=ORIENTED_EDGE('',*,*,#3727,.T.);
#5660=ORIENTED_EDGE('',*,*,#3620,.F.);
#5661=ORIENTED_EDGE('',*,*,#3391,.F.);
#5662=ORIENTED_EDGE('',*,*,#3878,.F.);
#5663=ORIENTED_EDGE('',*,*,#3451,.T.);
#5664=ORIENTED_EDGE('',*,*,#3534,.F.);
#5665=ORIENTED_EDGE('',*,*,#3879,.F.);
#5666=ORIENTED_EDGE('',*,*,#3729,.T.);
#5667=ORIENTED_EDGE('',*,*,#3161,.F.);
#5668=ORIENTED_EDGE('',*,*,#3521,.F.);
#5669=ORIENTED_EDGE('',*,*,#3880,.F.);
#5670=ORIENTED_EDGE('',*,*,#3876,.T.);
#5671=ORIENTED_EDGE('',*,*,#3536,.T.);
#5672=ORIENTED_EDGE('',*,*,#3520,.F.);
#5673=ORIENTED_EDGE('',*,*,#3449,.F.);
#5674=ORIENTED_EDGE('',*,*,#3546,.T.);
#5675=ORIENTED_EDGE('',*,*,#3880,.T.);
#5676=ORIENTED_EDGE('',*,*,#3354,.T.);
#5677=ORIENTED_EDGE('',*,*,#3800,.F.);
#5678=ORIENTED_EDGE('',*,*,#3554,.F.);
#5679=ORIENTED_EDGE('',*,*,#3552,.T.);
#5680=ORIENTED_EDGE('',*,*,#3804,.F.);
#5681=ORIENTED_EDGE('',*,*,#3821,.F.);
#5682=ORIENTED_EDGE('',*,*,#3811,.T.);
#5683=ORIENTED_EDGE('',*,*,#3660,.T.);
#5684=ORIENTED_EDGE('',*,*,#3760,.T.);
#5685=ORIENTED_EDGE('',*,*,#3667,.T.);
#5686=ORIENTED_EDGE('',*,*,#3814,.T.);
#5687=ORIENTED_EDGE('',*,*,#3575,.T.);
#5688=ORIENTED_EDGE('',*,*,#3502,.T.);
#5689=ORIENTED_EDGE('',*,*,#3499,.F.);
#5690=ORIENTED_EDGE('',*,*,#3137,.F.);
#5691=ORIENTED_EDGE('',*,*,#3874,.F.);
#5692=ORIENTED_EDGE('',*,*,#3606,.T.);
#5693=ORIENTED_EDGE('',*,*,#3577,.F.);
#5694=ORIENTED_EDGE('',*,*,#3494,.F.);
#5695=ORIENTED_EDGE('',*,*,#3514,.F.);
#5696=ORIENTED_EDGE('',*,*,#3512,.F.);
#5697=ORIENTED_EDGE('',*,*,#3508,.F.);
#5698=ORIENTED_EDGE('',*,*,#3511,.F.);
#5699=ORIENTED_EDGE('',*,*,#3867,.F.);
#5700=ORIENTED_EDGE('',*,*,#3865,.F.);
#5701=ORIENTED_EDGE('',*,*,#3872,.F.);
#5702=ORIENTED_EDGE('',*,*,#3870,.F.);
#5703=ORIENTED_EDGE('',*,*,#3868,.F.);
#5704=ORIENTED_EDGE('',*,*,#3496,.F.);
#5705=PLANE('',#6211);
#5706=PLANE('',#6212);
#5707=PLANE('',#6213);
#5708=PLANE('',#6246);
#5709=PLANE('',#6247);
#5710=PLANE('',#6255);
#5711=PLANE('',#6263);
#5712=PLANE('',#6264);
#5713=PLANE('',#6270);
#5714=PLANE('',#6289);
#5715=PLANE('',#6290);
#5716=PLANE('',#6291);
#5717=PLANE('',#6292);
#5718=PLANE('',#6298);
#5719=PLANE('',#6299);
#5720=PLANE('',#6300);
#5721=PLANE('',#6301);
#5722=PLANE('',#6302);
#5723=PLANE('',#6303);
#5724=PLANE('',#6304);
#5725=PLANE('',#6305);
#5726=PLANE('',#6306);
#5727=PLANE('',#6307);
#5728=PLANE('',#6308);
#5729=PLANE('',#6309);
#5730=PLANE('',#6310);
#5731=PLANE('',#6311);
#5732=PLANE('',#6314);
#5733=PLANE('',#6317);
#5734=PLANE('',#6320);
#5735=PLANE('',#6323);
#5736=PLANE('',#6324);
#5737=PLANE('',#6325);
#5738=PLANE('',#6326);
#5739=PLANE('',#6327);
#5740=PLANE('',#6328);
#5741=PLANE('',#6329);
#5742=PLANE('',#6330);
#5743=PLANE('',#6331);
#5744=PLANE('',#6332);
#5745=PLANE('',#6333);
#5746=PLANE('',#6334);
#5747=PLANE('',#6335);
#5748=PLANE('',#6336);
#5749=PLANE('',#6337);
#5750=PLANE('',#6338);
#5751=PLANE('',#6339);
#5752=PLANE('',#6340);
#5753=PLANE('',#6341);
#5754=PLANE('',#6342);
#5755=PLANE('',#6343);
#5756=PLANE('',#6344);
#5757=PLANE('',#6345);
#5758=PLANE('',#6346);
#5759=PLANE('',#6347);
#5760=PLANE('',#6353);
#5761=PLANE('',#6354);
#5762=PLANE('',#6355);
#5763=PLANE('',#6359);
#5764=PLANE('',#6360);
#5765=PLANE('',#6399);
#5766=PLANE('',#6403);
#5767=PLANE('',#6411);
#5768=PLANE('',#6415);
#5769=PLANE('',#6416);
#5770=PLANE('',#6417);
#5771=PLANE('',#6418);
#5772=PLANE('',#6422);
#5773=PLANE('',#6426);
#5774=PLANE('',#6430);
#5775=PLANE('',#6434);
#5776=PLANE('',#6437);
#5777=PLANE('',#6440);
#5778=PLANE('',#6443);
#5779=PLANE('',#6444);
#5780=PLANE('',#6445);
#5781=PLANE('',#6446);
#5782=PLANE('',#6447);
#5783=PLANE('',#6448);
#5784=PLANE('',#6451);
#5785=PLANE('',#6452);
#5786=PLANE('',#6455);
#5787=PLANE('',#6456);
#5788=PLANE('',#6459);
#5789=PLANE('',#6460);
#5790=PLANE('',#6461);
#5791=PLANE('',#6465);
#5792=PLANE('',#6466);
#5793=PLANE('',#6467);
#5794=PLANE('',#6474);
#5795=PLANE('',#6475);
#5796=PLANE('',#6476);
#5797=PLANE('',#6477);
#5798=PLANE('',#6481);
#5799=PLANE('',#6484);
#5800=PLANE('',#6485);
#5801=PLANE('',#6487);
#5802=PLANE('',#6489);
#5803=PLANE('',#6490);
#5804=PLANE('',#6492);
#5805=PLANE('',#6495);
#5806=PLANE('',#6496);
#5807=PLANE('',#6499);
#5808=PLANE('',#6501);
#5809=PLANE('',#6505);
#5810=PLANE('',#6508);
#5811=PLANE('',#6509);
#5812=PLANE('',#6511);
#5813=PLANE('',#6513);
#5814=PLANE('',#6515);
#5815=PLANE('',#6517);
#5816=PLANE('',#6519);
#5817=PLANE('',#6521);
#5818=PLANE('',#6522);
#5819=PLANE('',#6529);
#5820=PLANE('',#6533);
#5821=PLANE('',#6536);
#5822=PLANE('',#6540);
#5823=PLANE('',#6543);
#5824=PLANE('',#6546);
#5825=PLANE('',#6547);
#5826=PLANE('',#6549);
#5827=PLANE('',#6552);
#5828=PLANE('',#6555);
#5829=PLANE('',#6565);
#5830=PLANE('',#6573);
#5831=PLANE('',#6578);
#5832=PLANE('',#6582);
#5833=PLANE('',#6584);
#5834=PLANE('',#6638);
#5835=PLANE('',#6641);
#5836=PLANE('',#6644);
#5837=PLANE('',#6647);
#5838=PLANE('',#6651);
#5839=PLANE('',#6657);
#5840=PLANE('',#6659);
#5841=PLANE('',#6661);
#5842=PLANE('',#6663);
#5843=PLANE('',#6664);
#5844=PLANE('',#6665);
#5845=PLANE('',#6666);
#5846=PLANE('',#6667);
#5847=PLANE('',#6670);
#5848=PLANE('',#6672);
#5849=PLANE('',#6673);
#5850=PLANE('',#6675);
#5851=PLANE('',#6677);
#5852=PLANE('',#6679);
#5853=PLANE('',#6681);
#5854=PLANE('',#6687);
#5855=PLANE('',#6689);
#5856=PLANE('',#6696);
#5857=PLANE('',#6721);
#5858=PLANE('',#6726);
#5859=PLANE('',#6730);
#5860=PLANE('',#6731);
#5861=PLANE('',#6733);
#5862=PLANE('',#6738);
#5863=ADVANCED_FACE('',(#565),#5705,.T.);
#5864=ADVANCED_FACE('',(#566),#5706,.T.);
#5865=ADVANCED_FACE('',(#567,#195,#196,#197,#198,#199,#200,#201,#202,#203),
#5707,.F.);
#5866=ADVANCED_FACE('',(#568),#5708,.T.);
#5867=ADVANCED_FACE('',(#569),#5709,.T.);
#5868=ADVANCED_FACE('',(#570),#139,.F.);
#5869=ADVANCED_FACE('',(#571),#140,.F.);
#5870=ADVANCED_FACE('',(#572),#136,.F.);
#5871=ADVANCED_FACE('',(#573),#141,.T.);
#5872=ADVANCED_FACE('',(#574),#123,.F.);
#5873=ADVANCED_FACE('',(#575),#5710,.F.);
#5874=ADVANCED_FACE('',(#576),#28,.T.);
#5875=ADVANCED_FACE('',(#577),#5711,.F.);
#5876=ADVANCED_FACE('',(#578),#5712,.F.);
#5877=ADVANCED_FACE('',(#579),#137,.F.);
#5878=ADVANCED_FACE('',(#580,#204,#205,#206,#207),#5713,.F.);
#5879=ADVANCED_FACE('',(#581),#5714,.T.);
#5880=ADVANCED_FACE('',(#582),#5715,.T.);
#5881=ADVANCED_FACE('',(#583),#5716,.T.);
#5882=ADVANCED_FACE('',(#584,#208),#5717,.T.);
#5883=ADVANCED_FACE('',(#585),#5718,.T.);
#5884=ADVANCED_FACE('',(#586),#5719,.T.);
#5885=ADVANCED_FACE('',(#587),#5720,.T.);
#5886=ADVANCED_FACE('',(#588),#142,.T.);
#5887=ADVANCED_FACE('',(#589),#143,.T.);
#5888=ADVANCED_FACE('',(#590),#144,.T.);
#5889=ADVANCED_FACE('',(#591),#5721,.T.);
#5890=ADVANCED_FACE('',(#592),#145,.T.);
#5891=ADVANCED_FACE('',(#593),#146,.T.);
#5892=ADVANCED_FACE('',(#594),#147,.T.);
#5893=ADVANCED_FACE('',(#595),#5722,.T.);
#5894=ADVANCED_FACE('',(#596),#5723,.T.);
#5895=ADVANCED_FACE('',(#597),#5724,.T.);
#5896=ADVANCED_FACE('',(#598),#5725,.T.);
#5897=ADVANCED_FACE('',(#599),#5726,.T.);
#5898=ADVANCED_FACE('',(#600),#5727,.T.);
#5899=ADVANCED_FACE('',(#601),#5728,.T.);
#5900=ADVANCED_FACE('',(#602),#5729,.T.);
#5901=ADVANCED_FACE('',(#603),#5730,.T.);
#5902=ADVANCED_FACE('',(#604),#5731,.T.);
#5903=ADVANCED_FACE('',(#605),#29,.F.);
#5904=ADVANCED_FACE('',(#606),#5732,.T.);
#5905=ADVANCED_FACE('',(#607),#30,.F.);
#5906=ADVANCED_FACE('',(#608),#5733,.T.);
#5907=ADVANCED_FACE('',(#609),#31,.F.);
#5908=ADVANCED_FACE('',(#610),#5734,.T.);
#5909=ADVANCED_FACE('',(#611),#32,.F.);
#5910=ADVANCED_FACE('',(#612),#5735,.T.);
#5911=ADVANCED_FACE('',(#613),#5736,.T.);
#5912=ADVANCED_FACE('',(#614),#5737,.T.);
#5913=ADVANCED_FACE('',(#615),#5738,.T.);
#5914=ADVANCED_FACE('',(#616),#5739,.T.);
#5915=ADVANCED_FACE('',(#617),#148,.T.);
#5916=ADVANCED_FACE('',(#618),#5740,.T.);
#5917=ADVANCED_FACE('',(#619),#5741,.T.);
#5918=ADVANCED_FACE('',(#620),#149,.T.);
#5919=ADVANCED_FACE('',(#621),#5742,.T.);
#5920=ADVANCED_FACE('',(#622),#5743,.T.);
#5921=ADVANCED_FACE('',(#623),#150,.T.);
#5922=ADVANCED_FACE('',(#624),#5744,.T.);
#5923=ADVANCED_FACE('',(#625),#151,.T.);
#5924=ADVANCED_FACE('',(#626),#152,.T.);
#5925=ADVANCED_FACE('',(#627),#5745,.T.);
#5926=ADVANCED_FACE('',(#628),#5746,.T.);
#5927=ADVANCED_FACE('',(#629),#153,.T.);
#5928=ADVANCED_FACE('',(#630),#5747,.T.);
#5929=ADVANCED_FACE('',(#631),#5748,.T.);
#5930=ADVANCED_FACE('',(#632),#154,.T.);
#5931=ADVANCED_FACE('',(#633),#5749,.T.);
#5932=ADVANCED_FACE('',(#634),#155,.T.);
#5933=ADVANCED_FACE('',(#635),#5750,.T.);
#5934=ADVANCED_FACE('',(#636),#5751,.T.);
#5935=ADVANCED_FACE('',(#637),#156,.T.);
#5936=ADVANCED_FACE('',(#638),#5752,.T.);
#5937=ADVANCED_FACE('',(#639),#157,.T.);
#5938=ADVANCED_FACE('',(#640),#5753,.T.);
#5939=ADVANCED_FACE('',(#641),#5754,.T.);
#5940=ADVANCED_FACE('',(#642),#158,.T.);
#5941=ADVANCED_FACE('',(#643),#159,.T.);
#5942=ADVANCED_FACE('',(#644),#5755,.T.);
#5943=ADVANCED_FACE('',(#645),#160,.T.);
#5944=ADVANCED_FACE('',(#646),#5756,.T.);
#5945=ADVANCED_FACE('',(#647),#161,.T.);
#5946=ADVANCED_FACE('',(#648),#5757,.T.);
#5947=ADVANCED_FACE('',(#649),#162,.T.);
#5948=ADVANCED_FACE('',(#650),#5758,.T.);
#5949=ADVANCED_FACE('',(#651),#163,.T.);
#5950=ADVANCED_FACE('',(#652),#5759,.T.);
#5951=ADVANCED_FACE('',(#653),#164,.T.);
#5952=ADVANCED_FACE('',(#654),#33,.T.);
#5953=ADVANCED_FACE('',(#655),#5760,.T.);
#5954=ADVANCED_FACE('',(#656),#5761,.T.);
#5955=ADVANCED_FACE('',(#657),#5762,.F.);
#5956=ADVANCED_FACE('',(#658),#34,.F.);
#5957=ADVANCED_FACE('',(#659),#5763,.F.);
#5958=ADVANCED_FACE('',(#660,#209),#5764,.F.);
#5959=ADVANCED_FACE('',(#661),#124,.F.);
#5960=ADVANCED_FACE('',(#662),#5765,.F.);
#5961=ADVANCED_FACE('',(#663),#125,.F.);
#5962=ADVANCED_FACE('',(#664),#5766,.T.);
#5963=ADVANCED_FACE('',(#665),#126,.F.);
#5964=ADVANCED_FACE('',(#666),#5767,.F.);
#5965=ADVANCED_FACE('',(#667),#127,.F.);
#5966=ADVANCED_FACE('',(#668),#5768,.T.);
#5967=ADVANCED_FACE('',(#669),#5769,.F.);
#5968=ADVANCED_FACE('',(#670),#5770,.F.);
#5969=ADVANCED_FACE('',(#671),#5771,.F.);
#5970=ADVANCED_FACE('',(#672),#35,.F.);
#5971=ADVANCED_FACE('',(#673),#5772,.T.);
#5972=ADVANCED_FACE('',(#674),#36,.F.);
#5973=ADVANCED_FACE('',(#675),#5773,.T.);
#5974=ADVANCED_FACE('',(#676),#37,.F.);
#5975=ADVANCED_FACE('',(#677),#5774,.T.);
#5976=ADVANCED_FACE('',(#678),#38,.F.);
#5977=ADVANCED_FACE('',(#679),#5775,.T.);
#5978=ADVANCED_FACE('',(#680),#39,.T.);
#5979=ADVANCED_FACE('',(#681,#210),#5776,.T.);
#5980=ADVANCED_FACE('',(#682),#40,.T.);
#5981=ADVANCED_FACE('',(#683,#211),#5777,.T.);
#5982=ADVANCED_FACE('',(#684),#41,.T.);
#5983=ADVANCED_FACE('',(#685),#5778,.F.);
#5984=ADVANCED_FACE('',(#686),#5779,.F.);
#5985=ADVANCED_FACE('',(#687),#5780,.F.);
#5986=ADVANCED_FACE('',(#688),#5781,.T.);
#5987=ADVANCED_FACE('',(#689),#5782,.F.);
#5988=ADVANCED_FACE('',(#690),#5783,.T.);
#5989=ADVANCED_FACE('',(#691),#42,.T.);
#5990=ADVANCED_FACE('',(#692),#5784,.F.);
#5991=ADVANCED_FACE('',(#693),#5785,.T.);
#5992=ADVANCED_FACE('',(#694),#43,.F.);
#5993=ADVANCED_FACE('',(#695),#5786,.T.);
#5994=ADVANCED_FACE('',(#696),#5787,.T.);
#5995=ADVANCED_FACE('',(#697),#44,.F.);
#5996=ADVANCED_FACE('',(#698),#165,.T.);
#5997=ADVANCED_FACE('',(#699),#5788,.F.);
#5998=ADVANCED_FACE('',(#700),#5789,.T.);
#5999=ADVANCED_FACE('',(#701),#5790,.T.);
#6000=ADVANCED_FACE('',(#702),#45,.F.);
#6001=ADVANCED_FACE('',(#703),#46,.F.);
#6002=ADVANCED_FACE('',(#704),#5791,.F.);
#6003=ADVANCED_FACE('',(#705),#5792,.T.);
#6004=ADVANCED_FACE('',(#706),#5793,.T.);
#6005=ADVANCED_FACE('',(#707),#47,.T.);
#6006=ADVANCED_FACE('',(#708),#48,.F.);
#6007=ADVANCED_FACE('',(#709),#5794,.T.);
#6008=ADVANCED_FACE('',(#710,#212),#5795,.T.);
#6009=ADVANCED_FACE('',(#711),#5796,.F.);
#6010=ADVANCED_FACE('',(#712),#5797,.F.);
#6011=ADVANCED_FACE('',(#713),#49,.F.);
#6012=ADVANCED_FACE('',(#714),#5798,.T.);
#6013=ADVANCED_FACE('',(#715),#50,.T.);
#6014=ADVANCED_FACE('',(#716,#213),#5799,.F.);
#6015=ADVANCED_FACE('',(#717),#5800,.F.);
#6016=ADVANCED_FACE('',(#718),#51,.F.);
#6017=ADVANCED_FACE('',(#719),#5801,.T.);
#6018=ADVANCED_FACE('',(#720),#52,.F.);
#6019=ADVANCED_FACE('',(#721),#5802,.T.);
#6020=ADVANCED_FACE('',(#722),#5803,.T.);
#6021=ADVANCED_FACE('',(#723),#53,.F.);
#6022=ADVANCED_FACE('',(#724),#5804,.T.);
#6023=ADVANCED_FACE('',(#725),#54,.F.);
#6024=ADVANCED_FACE('',(#726),#5805,.T.);
#6025=ADVANCED_FACE('',(#727),#5806,.T.);
#6026=ADVANCED_FACE('',(#728),#55,.F.);
#6027=ADVANCED_FACE('',(#729),#5807,.T.);
#6028=ADVANCED_FACE('',(#730),#56,.F.);
#6029=ADVANCED_FACE('',(#731),#5808,.T.);
#6030=ADVANCED_FACE('',(#732),#57,.F.);
#6031=ADVANCED_FACE('',(#733,#214),#5809,.T.);
#6032=ADVANCED_FACE('',(#734),#58,.T.);
#6033=ADVANCED_FACE('',(#735,#215),#5810,.T.);
#6034=ADVANCED_FACE('',(#736),#5811,.T.);
#6035=ADVANCED_FACE('',(#737),#59,.F.);
#6036=ADVANCED_FACE('',(#738),#5812,.T.);
#6037=ADVANCED_FACE('',(#739),#60,.T.);
#6038=ADVANCED_FACE('',(#740),#5813,.T.);
#6039=ADVANCED_FACE('',(#741),#61,.F.);
#6040=ADVANCED_FACE('',(#742),#5814,.T.);
#6041=ADVANCED_FACE('',(#743),#62,.T.);
#6042=ADVANCED_FACE('',(#744),#5815,.T.);
#6043=ADVANCED_FACE('',(#745),#63,.F.);
#6044=ADVANCED_FACE('',(#746),#5816,.T.);
#6045=ADVANCED_FACE('',(#747),#64,.T.);
#6046=ADVANCED_FACE('',(#748),#5817,.T.);
#6047=ADVANCED_FACE('',(#749),#5818,.F.);
#6048=ADVANCED_FACE('',(#750),#65,.F.);
#6049=ADVANCED_FACE('',(#751),#66,.F.);
#6050=ADVANCED_FACE('',(#752),#5819,.T.);
#6051=ADVANCED_FACE('',(#753),#67,.F.);
#6052=ADVANCED_FACE('',(#754),#5820,.F.);
#6053=ADVANCED_FACE('',(#755),#68,.F.);
#6054=ADVANCED_FACE('',(#756),#5821,.F.);
#6055=ADVANCED_FACE('',(#757),#69,.T.);
#6056=ADVANCED_FACE('',(#758),#70,.F.);
#6057=ADVANCED_FACE('',(#759),#5822,.F.);
#6058=ADVANCED_FACE('',(#760),#71,.T.);
#6059=ADVANCED_FACE('',(#761),#5823,.F.);
#6060=ADVANCED_FACE('',(#762),#72,.T.);
#6061=ADVANCED_FACE('',(#763),#5824,.F.);
#6062=ADVANCED_FACE('',(#764),#5825,.F.);
#6063=ADVANCED_FACE('',(#765),#73,.T.);
#6064=ADVANCED_FACE('',(#766),#5826,.F.);
#6065=ADVANCED_FACE('',(#767),#74,.F.);
#6066=ADVANCED_FACE('',(#768),#5827,.F.);
#6067=ADVANCED_FACE('',(#769),#75,.T.);
#6068=ADVANCED_FACE('',(#770),#5828,.T.);
#6069=ADVANCED_FACE('',(#771),#76,.F.);
#6070=ADVANCED_FACE('',(#772),#77,.F.);
#6071=ADVANCED_FACE('',(#773),#78,.F.);
#6072=ADVANCED_FACE('',(#774),#5829,.T.);
#6073=ADVANCED_FACE('',(#775),#79,.F.);
#6074=ADVANCED_FACE('',(#776),#80,.F.);
#6075=ADVANCED_FACE('',(#777),#81,.T.);
#6076=ADVANCED_FACE('',(#778),#5830,.F.);
#6077=ADVANCED_FACE('',(#779),#82,.F.);
#6078=ADVANCED_FACE('',(#780),#83,.T.);
#6079=ADVANCED_FACE('',(#781),#5831,.F.);
#6080=ADVANCED_FACE('',(#782),#84,.T.);
#6081=ADVANCED_FACE('',(#783),#85,.T.);
#6082=ADVANCED_FACE('',(#784),#5832,.F.);
#6083=ADVANCED_FACE('',(#785),#86,.F.);
#6084=ADVANCED_FACE('',(#786),#5833,.F.);
#6085=ADVANCED_FACE('',(#787),#23,.T.);
#6086=ADVANCED_FACE('',(#788),#15,.T.);
#6087=ADVANCED_FACE('',(#789),#87,.T.);
#6088=ADVANCED_FACE('',(#790),#16,.T.);
#6089=ADVANCED_FACE('',(#791),#88,.T.);
#6090=ADVANCED_FACE('',(#792),#17,.T.);
#6091=ADVANCED_FACE('',(#793),#89,.T.);
#6092=ADVANCED_FACE('',(#794),#166,.T.);
#6093=ADVANCED_FACE('',(#795),#90,.T.);
#6094=ADVANCED_FACE('',(#796),#167,.T.);
#6095=ADVANCED_FACE('',(#797),#168,.T.);
#6096=ADVANCED_FACE('',(#798),#91,.T.);
#6097=ADVANCED_FACE('',(#799),#169,.T.);
#6098=ADVANCED_FACE('',(#800),#170,.T.);
#6099=ADVANCED_FACE('',(#801),#92,.T.);
#6100=ADVANCED_FACE('',(#802),#18,.T.);
#6101=ADVANCED_FACE('',(#803),#171,.T.);
#6102=ADVANCED_FACE('',(#804),#172,.T.);
#6103=ADVANCED_FACE('',(#805),#93,.T.);
#6104=ADVANCED_FACE('',(#806),#173,.T.);
#6105=ADVANCED_FACE('',(#807),#94,.T.);
#6106=ADVANCED_FACE('',(#808),#174,.T.);
#6107=ADVANCED_FACE('',(#809),#95,.T.);
#6108=ADVANCED_FACE('',(#810),#175,.T.);
#6109=ADVANCED_FACE('',(#811),#96,.T.);
#6110=ADVANCED_FACE('',(#812),#176,.T.);
#6111=ADVANCED_FACE('',(#813),#97,.T.);
#6112=ADVANCED_FACE('',(#814),#177,.T.);
#6113=ADVANCED_FACE('',(#815),#98,.T.);
#6114=ADVANCED_FACE('',(#816),#178,.T.);
#6115=ADVANCED_FACE('',(#817),#99,.T.);
#6116=ADVANCED_FACE('',(#818),#100,.F.);
#6117=ADVANCED_FACE('',(#819),#5834,.T.);
#6118=ADVANCED_FACE('',(#820),#179,.F.);
#6119=ADVANCED_FACE('',(#821),#128,.F.);
#6120=ADVANCED_FACE('',(#822),#5835,.F.);
#6121=ADVANCED_FACE('',(#823),#129,.F.);
#6122=ADVANCED_FACE('',(#824),#180,.F.);
#6123=ADVANCED_FACE('',(#825),#181,.F.);
#6124=ADVANCED_FACE('',(#826),#5836,.F.);
#6125=ADVANCED_FACE('',(#827),#182,.F.);
#6126=ADVANCED_FACE('',(#828),#130,.F.);
#6127=ADVANCED_FACE('',(#829),#5837,.F.);
#6128=ADVANCED_FACE('',(#830),#131,.F.);
#6129=ADVANCED_FACE('',(#831),#101,.T.);
#6130=ADVANCED_FACE('',(#832),#5838,.F.);
#6131=ADVANCED_FACE('',(#833),#183,.F.);
#6132=ADVANCED_FACE('',(#834),#132,.F.);
#6133=ADVANCED_FACE('',(#835),#5839,.F.);
#6134=ADVANCED_FACE('',(#836),#133,.F.);
#6135=ADVANCED_FACE('',(#837),#184,.F.);
#6136=ADVANCED_FACE('',(#838),#185,.F.);
#6137=ADVANCED_FACE('',(#839),#5840,.F.);
#6138=ADVANCED_FACE('',(#840),#186,.F.);
#6139=ADVANCED_FACE('',(#841),#134,.F.);
#6140=ADVANCED_FACE('',(#842),#5841,.F.);
#6141=ADVANCED_FACE('',(#843),#135,.F.);
#6142=ADVANCED_FACE('',(#844),#5842,.F.);
#6143=ADVANCED_FACE('',(#845),#5843,.T.);
#6144=ADVANCED_FACE('',(#846),#5844,.F.);
#6145=ADVANCED_FACE('',(#847),#5845,.F.);
#6146=ADVANCED_FACE('',(#848),#5846,.T.);
#6147=ADVANCED_FACE('',(#849),#102,.F.);
#6148=ADVANCED_FACE('',(#850),#5847,.T.);
#6149=ADVANCED_FACE('',(#851),#103,.F.);
#6150=ADVANCED_FACE('',(#852),#5848,.T.);
#6151=ADVANCED_FACE('',(#853,#216),#5849,.T.);
#6152=ADVANCED_FACE('',(#854),#104,.T.);
#6153=ADVANCED_FACE('',(#855),#5850,.T.);
#6154=ADVANCED_FACE('',(#856),#105,.F.);
#6155=ADVANCED_FACE('',(#857),#5851,.T.);
#6156=ADVANCED_FACE('',(#858),#106,.F.);
#6157=ADVANCED_FACE('',(#859),#5852,.T.);
#6158=ADVANCED_FACE('',(#860),#107,.T.);
#6159=ADVANCED_FACE('',(#861),#5853,.F.);
#6160=ADVANCED_FACE('',(#862),#108,.T.);
#6161=ADVANCED_FACE('',(#863),#138,.T.);
#6162=ADVANCED_FACE('',(#864),#5854,.F.);
#6163=ADVANCED_FACE('',(#865),#5855,.F.);
#6164=ADVANCED_FACE('',(#866),#109,.T.);
#6165=ADVANCED_FACE('',(#867),#110,.T.);
#6166=ADVANCED_FACE('',(#868,#217),#5856,.F.);
#6167=ADVANCED_FACE('',(#869),#111,.T.);
#6168=ADVANCED_FACE('',(#870),#19,.T.);
#6169=ADVANCED_FACE('',(#871),#112,.T.);
#6170=ADVANCED_FACE('',(#872),#20,.T.);
#6171=ADVANCED_FACE('',(#873),#113,.T.);
#6172=ADVANCED_FACE('',(#874),#21,.T.);
#6173=ADVANCED_FACE('',(#875),#114,.T.);
#6174=ADVANCED_FACE('',(#876),#187,.F.);
#6175=ADVANCED_FACE('',(#877),#188,.F.);
#6176=ADVANCED_FACE('',(#878),#189,.F.);
#6177=ADVANCED_FACE('',(#879),#22,.F.);
#6178=ADVANCED_FACE('',(#880),#115,.F.);
#6179=ADVANCED_FACE('',(#881),#190,.F.);
#6180=ADVANCED_FACE('',(#882),#5857,.T.);
#6181=ADVANCED_FACE('',(#883),#116,.F.);
#6182=ADVANCED_FACE('',(#884),#117,.F.);
#6183=ADVANCED_FACE('',(#885),#5858,.T.);
#6184=ADVANCED_FACE('',(#886),#118,.F.);
#6185=ADVANCED_FACE('',(#887),#119,.F.);
#6186=ADVANCED_FACE('',(#888),#5859,.F.);
#6187=ADVANCED_FACE('',(#889,#218),#5860,.T.);
#6188=ADVANCED_FACE('',(#890),#120,.F.);
#6189=ADVANCED_FACE('',(#891),#5861,.F.);
#6190=ADVANCED_FACE('',(#892),#191,.T.);
#6191=ADVANCED_FACE('',(#893),#121,.T.);
#6192=ADVANCED_FACE('',(#894),#122,.F.);
#6193=ADVANCED_FACE('',(#895),#192,.T.);
#6194=ADVANCED_FACE('',(#896),#193,.T.);
#6195=ADVANCED_FACE('',(#897),#194,.T.);
#6196=ADVANCED_FACE('',(#898,#219),#5862,.F.);
#6197=CLOSED_SHELL('',(#5863,#5864,#5865,#5866,#5867,#5868,#5869,#5870,
#5871,#5872,#5873,#5874,#5875,#5876,#5877,#5878,#5879,#5880,#5881,#5882,
#5883,#5884,#5885,#5886,#5887,#5888,#5889,#5890,#5891,#5892,#5893,#5894,
#5895,#5896,#5897,#5898,#5899,#5900,#5901,#5902,#5903,#5904,#5905,#5906,
#5907,#5908,#5909,#5910,#5911,#5912,#5913,#5914,#5915,#5916,#5917,#5918,
#5919,#5920,#5921,#5922,#5923,#5924,#5925,#5926,#5927,#5928,#5929,#5930,
#5931,#5932,#5933,#5934,#5935,#5936,#5937,#5938,#5939,#5940,#5941,#5942,
#5943,#5944,#5945,#5946,#5947,#5948,#5949,#5950,#5951,#5952,#5953,#5954,
#5955,#5956,#5957,#5958,#5959,#5960,#5961,#5962,#5963,#5964,#5965,#5966,
#5967,#5968,#5969,#5970,#5971,#5972,#5973,#5974,#5975,#5976,#5977,#5978,
#5979,#5980,#5981,#5982,#5983,#5984,#5985,#5986,#5987,#5988,#5989,#5990,
#5991,#5992,#5993,#5994,#5995,#5996,#5997,#5998,#5999,#6000,#6001,#6002,
#6003,#6004,#6005,#6006,#6007,#6008,#6009,#6010,#6011,#6012,#6013,#6014,
#6015,#6016,#6017,#6018,#6019,#6020,#6021,#6022,#6023,#6024,#6025,#6026,
#6027,#6028,#6029,#6030,#6031,#6032,#6033,#6034,#6035,#6036,#6037,#6038,
#6039,#6040,#6041,#6042,#6043,#6044,#6045,#6046,#6047,#6048,#6049,#6050,
#6051,#6052,#6053,#6054,#6055,#6056,#6057,#6058,#6059,#6060,#6061,#6062,
#6063,#6064,#6065,#6066,#6067,#6068,#6069,#6070,#6071,#6072,#6073,#6074,
#6075,#6076,#6077,#6078,#6079,#6080,#6081,#6082,#6083,#6084,#6085,#6086,
#6087,#6088,#6089,#6090,#6091,#6092,#6093,#6094,#6095,#6096,#6097,#6098,
#6099,#6100,#6101,#6102,#6103,#6104,#6105,#6106,#6107,#6108,#6109,#6110,
#6111,#6112,#6113,#6114,#6115,#6116,#6117,#6118,#6119,#6120,#6121,#6122,
#6123,#6124,#6125,#6126,#6127,#6128,#6129,#6130,#6131,#6132,#6133,#6134,
#6135,#6136,#6137,#6138,#6139,#6140,#6141,#6142,#6143,#6144,#6145,#6146,
#6147,#6148,#6149,#6150,#6151,#6152,#6153,#6154,#6155,#6156,#6157,#6158,
#6159,#6160,#6161,#6162,#6163,#6164,#6165,#6166,#6167,#6168,#6169,#6170,
#6171,#6172,#6173,#6174,#6175,#6176,#6177,#6178,#6179,#6180,#6181,#6182,
#6183,#6184,#6185,#6186,#6187,#6188,#6189,#6190,#6191,#6192,#6193,#6194,
#6195,#6196));
#6198=DERIVED_UNIT_ELEMENT(#6200,1.);
#6199=DERIVED_UNIT_ELEMENT(#12928,-3.);
#6200=(
MASS_UNIT()
NAMED_UNIT(*)
SI_UNIT(.KILO.,.GRAM.)
);
#6201=DERIVED_UNIT((#6198,#6199));
#6202=MEASURE_REPRESENTATION_ITEM('density measure',
POSITIVE_RATIO_MEASURE(7850.),#6201);
#6203=PROPERTY_DEFINITION_REPRESENTATION(#6208,#6205);
#6204=PROPERTY_DEFINITION_REPRESENTATION(#6209,#6206);
#6205=REPRESENTATION('material name',(#6207),#12925);
#6206=REPRESENTATION('density',(#6202),#12925);
#6207=DESCRIPTIVE_REPRESENTATION_ITEM('Stahl','Stahl');
#6208=PROPERTY_DEFINITION('material property','material name',#12935);
#6209=PROPERTY_DEFINITION('material property','density of part',#12935);
#6210=AXIS2_PLACEMENT_3D('',#8360,#6739,#6740);
#6211=AXIS2_PLACEMENT_3D('',#8361,#6741,#6742);
#6212=AXIS2_PLACEMENT_3D('',#8370,#6747,#6748);
#6213=AXIS2_PLACEMENT_3D('',#8376,#6752,#6753);
#6214=AXIS2_PLACEMENT_3D('',#8379,#6754,#6755);
#6215=AXIS2_PLACEMENT_3D('',#8842,#6765,#6766);
#6216=AXIS2_PLACEMENT_3D('',#8846,#6768,#6769);
#6217=AXIS2_PLACEMENT_3D('',#8854,#6773,#6774);
#6218=AXIS2_PLACEMENT_3D('',#8860,#6777,#6778);
#6219=AXIS2_PLACEMENT_3D('',#8864,#6780,#6781);
#6220=AXIS2_PLACEMENT_3D('',#8868,#6783,#6784);
#6221=AXIS2_PLACEMENT_3D('',#8872,#6786,#6787);
#6222=AXIS2_PLACEMENT_3D('',#8876,#6789,#6790);
#6223=AXIS2_PLACEMENT_3D('',#8880,#6792,#6793);
#6224=AXIS2_PLACEMENT_3D('',#8884,#6795,#6796);
#6225=AXIS2_PLACEMENT_3D('',#8888,#6798,#6799);
#6226=AXIS2_PLACEMENT_3D('',#8892,#6801,#6802);
#6227=AXIS2_PLACEMENT_3D('',#8895,#6804,#6805);
#6228=AXIS2_PLACEMENT_3D('',#8909,#6812,#6813);
#6229=AXIS2_PLACEMENT_3D('',#8913,#6815,#6816);
#6230=AXIS2_PLACEMENT_3D('',#8915,#6817,#6818);
#6231=AXIS2_PLACEMENT_3D('',#8919,#6820,#6821);
#6232=AXIS2_PLACEMENT_3D('',#8923,#6823,#6824);
#6233=AXIS2_PLACEMENT_3D('',#8927,#6826,#6827);
#6234=AXIS2_PLACEMENT_3D('',#9171,#6849,#6850);
#6235=AXIS2_PLACEMENT_3D('',#9175,#6852,#6853);
#6236=AXIS2_PLACEMENT_3D('',#9179,#6855,#6856);
#6237=AXIS2_PLACEMENT_3D('',#9182,#6858,#6859);
#6238=AXIS2_PLACEMENT_3D('',#9546,#6876,#6877);
#6239=AXIS2_PLACEMENT_3D('',#9548,#6878,#6879);
#6240=AXIS2_PLACEMENT_3D('',#9551,#6880,#6881);
#6241=AXIS2_PLACEMENT_3D('',#9555,#6883,#6884);
#6242=AXIS2_PLACEMENT_3D('',#9559,#6886,#6887);
#6243=AXIS2_PLACEMENT_3D('',#9563,#6889,#6890);
#6244=AXIS2_PLACEMENT_3D('',#9566,#6892,#6893);
#6245=AXIS2_PLACEMENT_3D('',#9568,#6894,#6895);
#6246=AXIS2_PLACEMENT_3D('',#9569,#6896,#6897);
#6247=AXIS2_PLACEMENT_3D('',#9575,#6901,#6902);
#6248=AXIS2_PLACEMENT_3D('',#9619,#6910,#6911);
#6249=AXIS2_PLACEMENT_3D('',#9620,#6912,#6913);
#6250=AXIS2_PLACEMENT_3D('',#9629,#6914,#6915);
#6251=AXIS2_PLACEMENT_3D('',#9648,#6917,#6918);
#6252=AXIS2_PLACEMENT_3D('',#9649,#6919,#6920);
#6253=AXIS2_PLACEMENT_3D('',#9651,#6921,#6922);
#6254=AXIS2_PLACEMENT_3D('',#9654,#6924,#6925);
#6255=AXIS2_PLACEMENT_3D('',#9655,#6926,#6927);
#6256=AXIS2_PLACEMENT_3D('',#9660,#6929,#6930);
#6257=AXIS2_PLACEMENT_3D('',#9665,#6933,#6934);
#6258=AXIS2_PLACEMENT_3D('',#9667,#6936,#6937);
#6259=AXIS2_PLACEMENT_3D('',#9671,#6939,#6940);
#6260=AXIS2_PLACEMENT_3D('',#9675,#6942,#6943);
#6261=AXIS2_PLACEMENT_3D('',#9679,#6945,#6946);
#6262=AXIS2_PLACEMENT_3D('',#9683,#6948,#6949);
#6263=AXIS2_PLACEMENT_3D('',#9685,#6951,#6952);
#6264=AXIS2_PLACEMENT_3D('',#9691,#6956,#6957);
#6265=AXIS2_PLACEMENT_3D('',#9708,#6961,#6962);
#6266=AXIS2_PLACEMENT_3D('',#9710,#6963,#6964);
#6267=AXIS2_PLACEMENT_3D('',#9711,#6965,#6966);
#6268=AXIS2_PLACEMENT_3D('',#9713,#6967,#6968);
#6269=AXIS2_PLACEMENT_3D('',#9714,#6969,#6970);
#6270=AXIS2_PLACEMENT_3D('',#9715,#6971,#6972);
#6271=AXIS2_PLACEMENT_3D('',#9720,#6974,#6975);
#6272=AXIS2_PLACEMENT_3D('',#9724,#6977,#6978);
#6273=AXIS2_PLACEMENT_3D('',#9728,#6980,#6981);
#6274=AXIS2_PLACEMENT_3D('',#9732,#6983,#6984);
#6275=AXIS2_PLACEMENT_3D('',#9736,#6986,#6987);
#6276=AXIS2_PLACEMENT_3D('',#9740,#6989,#6990);
#6277=AXIS2_PLACEMENT_3D('',#9744,#6992,#6993);
#6278=AXIS2_PLACEMENT_3D('',#9748,#6995,#6996);
#6279=AXIS2_PLACEMENT_3D('',#9752,#6998,#6999);
#6280=AXIS2_PLACEMENT_3D('',#9756,#7001,#7002);
#6281=AXIS2_PLACEMENT_3D('',#9760,#7004,#7005);
#6282=AXIS2_PLACEMENT_3D('',#9762,#7006,#7007);
#6283=AXIS2_PLACEMENT_3D('',#9766,#7009,#7010);
#6284=AXIS2_PLACEMENT_3D('',#9768,#7011,#7012);
#6285=AXIS2_PLACEMENT_3D('',#9776,#7016,#7017);
#6286=AXIS2_PLACEMENT_3D('',#9780,#7019,#7020);
#6287=AXIS2_PLACEMENT_3D('',#9791,#7023,#7024);
#6288=AXIS2_PLACEMENT_3D('',#9793,#7025,#7026);
#6289=AXIS2_PLACEMENT_3D('',#10159,#7066,#7067);
#6290=AXIS2_PLACEMENT_3D('',#10161,#7069,#7070);
#6291=AXIS2_PLACEMENT_3D('',#10162,#7071,#7072);
#6292=AXIS2_PLACEMENT_3D('',#10171,#7077,#7078);
#6293=AXIS2_PLACEMENT_3D('',#10174,#7079,#7080);
#6294=AXIS2_PLACEMENT_3D('',#10178,#7082,#7083);
#6295=AXIS2_PLACEMENT_3D('',#10182,#7085,#7086);
#6296=AXIS2_PLACEMENT_3D('',#10186,#7088,#7089);
#6297=AXIS2_PLACEMENT_3D('',#10192,#7092,#7093);
#6298=AXIS2_PLACEMENT_3D('',#10199,#7098,#7099);
#6299=AXIS2_PLACEMENT_3D('',#10205,#7103,#7104);
#6300=AXIS2_PLACEMENT_3D('',#10207,#7106,#7107);
#6301=AXIS2_PLACEMENT_3D('',#10286,#7110,#7111);
#6302=AXIS2_PLACEMENT_3D('',#10364,#7113,#7114);
#6303=AXIS2_PLACEMENT_3D('',#10365,#7115,#7116);
#6304=AXIS2_PLACEMENT_3D('',#10368,#7119,#7120);
#6305=AXIS2_PLACEMENT_3D('',#10371,#7123,#7124);
#6306=AXIS2_PLACEMENT_3D('',#10374,#7127,#7128);
#6307=AXIS2_PLACEMENT_3D('',#10377,#7131,#7132);
#6308=AXIS2_PLACEMENT_3D('',#10380,#7135,#7136);
#6309=AXIS2_PLACEMENT_3D('',#10383,#7139,#7140);
#6310=AXIS2_PLACEMENT_3D('',#10386,#7143,#7144);
#6311=AXIS2_PLACEMENT_3D('',#10389,#7147,#7148);
#6312=AXIS2_PLACEMENT_3D('',#10395,#7152,#7153);
#6313=AXIS2_PLACEMENT_3D('',#10398,#7155,#7156);
#6314=AXIS2_PLACEMENT_3D('',#10399,#7157,#7158);
#6315=AXIS2_PLACEMENT_3D('',#10403,#7161,#7162);
#6316=AXIS2_PLACEMENT_3D('',#10406,#7164,#7165);
#6317=AXIS2_PLACEMENT_3D('',#10407,#7166,#7167);
#6318=AXIS2_PLACEMENT_3D('',#10411,#7170,#7171);
#6319=AXIS2_PLACEMENT_3D('',#10414,#7173,#7174);
#6320=AXIS2_PLACEMENT_3D('',#10415,#7175,#7176);
#6321=AXIS2_PLACEMENT_3D('',#10419,#7179,#7180);
#6322=AXIS2_PLACEMENT_3D('',#10420,#7181,#7182);
#6323=AXIS2_PLACEMENT_3D('',#10421,#7183,#7184);
#6324=AXIS2_PLACEMENT_3D('',#10422,#7185,#7186);
#6325=AXIS2_PLACEMENT_3D('',#10423,#7187,#7188);
#6326=AXIS2_PLACEMENT_3D('',#10424,#7189,#7190);
#6327=AXIS2_PLACEMENT_3D('',#10425,#7191,#7192);
#6328=AXIS2_PLACEMENT_3D('',#10449,#7196,#7197);
#6329=AXIS2_PLACEMENT_3D('',#10450,#7198,#7199);
#6330=AXIS2_PLACEMENT_3D('',#10472,#7201,#7202);
#6331=AXIS2_PLACEMENT_3D('',#10474,#7204,#7205);
#6332=AXIS2_PLACEMENT_3D('',#10497,#7208,#7209);
#6333=AXIS2_PLACEMENT_3D('',#10540,#7212,#7213);
#6334=AXIS2_PLACEMENT_3D('',#10541,#7214,#7215);
#6335=AXIS2_PLACEMENT_3D('',#10565,#7219,#7220);
#6336=AXIS2_PLACEMENT_3D('',#10566,#7221,#7222);
#6337=AXIS2_PLACEMENT_3D('',#10589,#7225,#7226);
#6338=AXIS2_PLACEMENT_3D('',#10612,#7229,#7230);
#6339=AXIS2_PLACEMENT_3D('',#10613,#7231,#7232);
#6340=AXIS2_PLACEMENT_3D('',#10636,#7235,#7236);
#6341=AXIS2_PLACEMENT_3D('',#10659,#7239,#7240);
#6342=AXIS2_PLACEMENT_3D('',#10660,#7241,#7242);
#6343=AXIS2_PLACEMENT_3D('',#10703,#7245,#7246);
#6344=AXIS2_PLACEMENT_3D('',#10725,#7248,#7249);
#6345=AXIS2_PLACEMENT_3D('',#10749,#7253,#7254);
#6346=AXIS2_PLACEMENT_3D('',#10772,#7257,#7258);
#6347=AXIS2_PLACEMENT_3D('',#10795,#7261,#7262);
#6348=AXIS2_PLACEMENT_3D('',#10817,#7264,#7265);
#6349=AXIS2_PLACEMENT_3D('',#10821,#7267,#7268);
#6350=AXIS2_PLACEMENT_3D('',#10823,#7269,#7270);
#6351=AXIS2_PLACEMENT_3D('',#10825,#7271,#7272);
#6352=AXIS2_PLACEMENT_3D('',#10829,#7275,#7276);
#6353=AXIS2_PLACEMENT_3D('',#10830,#7277,#7278);
#6354=AXIS2_PLACEMENT_3D('',#10839,#7283,#7284);
#6355=AXIS2_PLACEMENT_3D('',#10848,#7289,#7290);
#6356=AXIS2_PLACEMENT_3D('',#10852,#7292,#7293);
#6357=AXIS2_PLACEMENT_3D('',#10853,#7294,#7295);
#6358=AXIS2_PLACEMENT_3D('',#10857,#7297,#7298);
#6359=AXIS2_PLACEMENT_3D('',#10859,#7300,#7301);
#6360=AXIS2_PLACEMENT_3D('',#10868,#7306,#7307);
#6361=AXIS2_PLACEMENT_3D('',#10871,#7308,#7309);
#6362=AXIS2_PLACEMENT_3D('',#10875,#7311,#7312);
#6363=AXIS2_PLACEMENT_3D('',#10879,#7314,#7315);
#6364=AXIS2_PLACEMENT_3D('',#10883,#7317,#7318);
#6365=AXIS2_PLACEMENT_3D('',#10887,#7320,#7321);
#6366=AXIS2_PLACEMENT_3D('',#10891,#7323,#7324);
#6367=AXIS2_PLACEMENT_3D('',#10895,#7326,#7327);
#6368=AXIS2_PLACEMENT_3D('',#10899,#7329,#7330);
#6369=AXIS2_PLACEMENT_3D('',#10901,#7331,#7332);
#6370=AXIS2_PLACEMENT_3D('',#10903,#7333,#7334);
#6371=AXIS2_PLACEMENT_3D('',#10907,#7336,#7337);
#6372=AXIS2_PLACEMENT_3D('',#10911,#7339,#7340);
#6373=AXIS2_PLACEMENT_3D('',#10915,#7342,#7343);
#6374=AXIS2_PLACEMENT_3D('',#10919,#7345,#7346);
#6375=AXIS2_PLACEMENT_3D('',#10923,#7348,#7349);
#6376=AXIS2_PLACEMENT_3D('',#10925,#7350,#7351);
#6377=AXIS2_PLACEMENT_3D('',#10929,#7353,#7354);
#6378=AXIS2_PLACEMENT_3D('',#10931,#7355,#7356);
#6379=AXIS2_PLACEMENT_3D('',#10934,#7358,#7359);
#6380=AXIS2_PLACEMENT_3D('',#10938,#7361,#7362);
#6381=AXIS2_PLACEMENT_3D('',#10942,#7364,#7365);
#6382=AXIS2_PLACEMENT_3D('',#10946,#7367,#7368);
#6383=AXIS2_PLACEMENT_3D('',#10950,#7370,#7371);
#6384=AXIS2_PLACEMENT_3D('',#10954,#7373,#7374);
#6385=AXIS2_PLACEMENT_3D('',#10956,#7375,#7376);
#6386=AXIS2_PLACEMENT_3D('',#10958,#7377,#7378);
#6387=AXIS2_PLACEMENT_3D('',#10961,#7380,#7381);
#6388=AXIS2_PLACEMENT_3D('',#10963,#7382,#7383);
#6389=AXIS2_PLACEMENT_3D('',#10967,#7385,#7386);
#6390=AXIS2_PLACEMENT_3D('',#10970,#7388,#7389);
#6391=AXIS2_PLACEMENT_3D('',#10972,#7390,#7391);
#6392=AXIS2_PLACEMENT_3D('',#10976,#7393,#7394);
#6393=AXIS2_PLACEMENT_3D('',#10980,#7396,#7397);
#6394=AXIS2_PLACEMENT_3D('',#10984,#7399,#7400);
#6395=AXIS2_PLACEMENT_3D('',#10990,#7403,#7404);
#6396=AXIS2_PLACEMENT_3D('',#10994,#7407,#7408);
#6397=AXIS2_PLACEMENT_3D('',#11001,#7409,#7410);
#6398=AXIS2_PLACEMENT_3D('',#11003,#7412,#7413);
#6399=AXIS2_PLACEMENT_3D('',#11004,#7414,#7415);
#6400=AXIS2_PLACEMENT_3D('',#11008,#7418,#7419);
#6401=AXIS2_PLACEMENT_3D('',#11014,#7420,#7421);
#6402=AXIS2_PLACEMENT_3D('',#11015,#7422,#7423);
#6403=AXIS2_PLACEMENT_3D('',#11016,#7424,#7425);
#6404=AXIS2_PLACEMENT_3D('',#11023,#7428,#7429);
#6405=AXIS2_PLACEMENT_3D('',#11025,#7430,#7431);
#6406=AXIS2_PLACEMENT_3D('',#11029,#7433,#7434);
#6407=AXIS2_PLACEMENT_3D('',#11030,#7435,#7436);
#6408=AXIS2_PLACEMENT_3D('',#11031,#7437,#7438);
#6409=AXIS2_PLACEMENT_3D('',#11038,#7439,#7440);
#6410=AXIS2_PLACEMENT_3D('',#11041,#7442,#7443);
#6411=AXIS2_PLACEMENT_3D('',#11042,#7444,#7445);
#6412=AXIS2_PLACEMENT_3D('',#11048,#7449,#7450);
#6413=AXIS2_PLACEMENT_3D('',#11055,#7451,#7452);
#6414=AXIS2_PLACEMENT_3D('',#11056,#7453,#7454);
#6415=AXIS2_PLACEMENT_3D('',#11057,#7455,#7456);
#6416=AXIS2_PLACEMENT_3D('',#11063,#7460,#7461);
#6417=AXIS2_PLACEMENT_3D('',#11069,#7465,#7466);
#6418=AXIS2_PLACEMENT_3D('',#11075,#7470,#7471);
#6419=AXIS2_PLACEMENT_3D('',#11079,#7474,#7475);
#6420=AXIS2_PLACEMENT_3D('',#11081,#7476,#7477);
#6421=AXIS2_PLACEMENT_3D('',#11084,#7479,#7480);
#6422=AXIS2_PLACEMENT_3D('',#11085,#7481,#7482);
#6423=AXIS2_PLACEMENT_3D('',#11086,#7483,#7484);
#6424=AXIS2_PLACEMENT_3D('',#11088,#7485,#7486);
#6425=AXIS2_PLACEMENT_3D('',#11091,#7488,#7489);
#6426=AXIS2_PLACEMENT_3D('',#11092,#7490,#7491);
#6427=AXIS2_PLACEMENT_3D('',#11093,#7492,#7493);
#6428=AXIS2_PLACEMENT_3D('',#11095,#7494,#7495);
#6429=AXIS2_PLACEMENT_3D('',#11098,#7497,#7498);
#6430=AXIS2_PLACEMENT_3D('',#11099,#7499,#7500);
#6431=AXIS2_PLACEMENT_3D('',#11100,#7501,#7502);
#6432=AXIS2_PLACEMENT_3D('',#11102,#7503,#7504);
#6433=AXIS2_PLACEMENT_3D('',#11105,#7506,#7507);
#6434=AXIS2_PLACEMENT_3D('',#11106,#7508,#7509);
#6435=AXIS2_PLACEMENT_3D('',#11107,#7510,#7511);
#6436=AXIS2_PLACEMENT_3D('',#11110,#7513,#7514);
#6437=AXIS2_PLACEMENT_3D('',#11111,#7515,#7516);
#6438=AXIS2_PLACEMENT_3D('',#11112,#7517,#7518);
#6439=AXIS2_PLACEMENT_3D('',#11115,#7520,#7521);
#6440=AXIS2_PLACEMENT_3D('',#11116,#7522,#7523);
#6441=AXIS2_PLACEMENT_3D('',#11117,#7524,#7525);
#6442=AXIS2_PLACEMENT_3D('',#11121,#7527,#7528);
#6443=AXIS2_PLACEMENT_3D('',#11123,#7530,#7531);
#6444=AXIS2_PLACEMENT_3D('',#11127,#7534,#7535);
#6445=AXIS2_PLACEMENT_3D('',#11129,#7537,#7538);
#6446=AXIS2_PLACEMENT_3D('',#11135,#7542,#7543);
#6447=AXIS2_PLACEMENT_3D('',#11142,#7549,#7550);
#6448=AXIS2_PLACEMENT_3D('',#11148,#7554,#7555);
#6449=AXIS2_PLACEMENT_3D('',#11152,#7558,#7559);
#6450=AXIS2_PLACEMENT_3D('',#11154,#7560,#7561);
#6451=AXIS2_PLACEMENT_3D('',#11156,#7563,#7564);
#6452=AXIS2_PLACEMENT_3D('',#11158,#7566,#7567);
#6453=AXIS2_PLACEMENT_3D('',#11187,#7577,#7578);
#6454=AXIS2_PLACEMENT_3D('',#11190,#7579,#7580);
#6455=AXIS2_PLACEMENT_3D('',#11193,#7583,#7584);
#6456=AXIS2_PLACEMENT_3D('',#11197,#7587,#7588);
#6457=AXIS2_PLACEMENT_3D('',#11216,#7593,#7594);
#6458=AXIS2_PLACEMENT_3D('',#11217,#7595,#7596);
#6459=AXIS2_PLACEMENT_3D('',#11239,#7600,#7601);
#6460=AXIS2_PLACEMENT_3D('',#11241,#7603,#7604);
#6461=AXIS2_PLACEMENT_3D('',#11243,#7606,#7607);
#6462=AXIS2_PLACEMENT_3D('',#11245,#7609,#7610);
#6463=AXIS2_PLACEMENT_3D('',#11246,#7611,#7612);
#6464=AXIS2_PLACEMENT_3D('',#11247,#7613,#7614);
#6465=AXIS2_PLACEMENT_3D('',#11250,#7617,#7618);
#6466=AXIS2_PLACEMENT_3D('',#11251,#7619,#7620);
#6467=AXIS2_PLACEMENT_3D('',#11252,#7621,#7622);
#6468=AXIS2_PLACEMENT_3D('',#11253,#7623,#7624);
#6469=AXIS2_PLACEMENT_3D('',#11254,#7625,#7626);
#6470=AXIS2_PLACEMENT_3D('',#11255,#7627,#7628);
#6471=AXIS2_PLACEMENT_3D('',#11257,#7630,#7631);
#6472=AXIS2_PLACEMENT_3D('',#11259,#7632,#7633);
#6473=AXIS2_PLACEMENT_3D('',#11262,#7635,#7636);
#6474=AXIS2_PLACEMENT_3D('',#11263,#7637,#7638);
#6475=AXIS2_PLACEMENT_3D('',#11264,#7639,#7640);
#6476=AXIS2_PLACEMENT_3D('',#11265,#7641,#7642);
#6477=AXIS2_PLACEMENT_3D('',#11271,#7646,#7647);
#6478=AXIS2_PLACEMENT_3D('',#11277,#7651,#7652);
#6479=AXIS2_PLACEMENT_3D('',#11279,#7653,#7654);
#6480=AXIS2_PLACEMENT_3D('',#11282,#7656,#7657);
#6481=AXIS2_PLACEMENT_3D('',#11283,#7658,#7659);
#6482=AXIS2_PLACEMENT_3D('',#11284,#7660,#7661);
#6483=AXIS2_PLACEMENT_3D('',#11287,#7663,#7664);
#6484=AXIS2_PLACEMENT_3D('',#11288,#7665,#7666);
#6485=AXIS2_PLACEMENT_3D('',#11289,#7667,#7668);
#6486=AXIS2_PLACEMENT_3D('',#11299,#7674,#7675);
#6487=AXIS2_PLACEMENT_3D('',#11302,#7678,#7679);
#6488=AXIS2_PLACEMENT_3D('',#11304,#7681,#7682);
#6489=AXIS2_PLACEMENT_3D('',#11306,#7684,#7685);
#6490=AXIS2_PLACEMENT_3D('',#11308,#7687,#7688);
#6491=AXIS2_PLACEMENT_3D('',#11310,#7690,#7691);
#6492=AXIS2_PLACEMENT_3D('',#11312,#7693,#7694);
#6493=AXIS2_PLACEMENT_3D('',#11313,#7695,#7696);
#6494=AXIS2_PLACEMENT_3D('',#11316,#7698,#7699);
#6495=AXIS2_PLACEMENT_3D('',#11317,#7700,#7701);
#6496=AXIS2_PLACEMENT_3D('',#11321,#7704,#7705);
#6497=AXIS2_PLACEMENT_3D('',#11327,#7709,#7710);
#6498=AXIS2_PLACEMENT_3D('',#11329,#7711,#7712);
#6499=AXIS2_PLACEMENT_3D('',#11331,#7714,#7715);
#6500=AXIS2_PLACEMENT_3D('',#11334,#7718,#7719);
#6501=AXIS2_PLACEMENT_3D('',#11336,#7721,#7722);
#6502=AXIS2_PLACEMENT_3D('',#11345,#7727,#7728);
#6503=AXIS2_PLACEMENT_3D('',#11346,#7729,#7730);
#6504=AXIS2_PLACEMENT_3D('',#11347,#7731,#7732);
#6505=AXIS2_PLACEMENT_3D('',#11348,#7733,#7734);
#6506=AXIS2_PLACEMENT_3D('',#11350,#7735,#7736);
#6507=AXIS2_PLACEMENT_3D('',#11351,#7737,#7738);
#6508=AXIS2_PLACEMENT_3D('',#11353,#7740,#7741);
#6509=AXIS2_PLACEMENT_3D('',#11354,#7742,#7743);
#6510=AXIS2_PLACEMENT_3D('',#11356,#7745,#7746);
#6511=AXIS2_PLACEMENT_3D('',#11358,#7748,#7749);
#6512=AXIS2_PLACEMENT_3D('',#11360,#7751,#7752);
#6513=AXIS2_PLACEMENT_3D('',#11362,#7754,#7755);
#6514=AXIS2_PLACEMENT_3D('',#11364,#7757,#7758);
#6515=AXIS2_PLACEMENT_3D('',#11366,#7760,#7761);
#6516=AXIS2_PLACEMENT_3D('',#11368,#7763,#7764);
#6517=AXIS2_PLACEMENT_3D('',#11370,#7766,#7767);
#6518=AXIS2_PLACEMENT_3D('',#11372,#7769,#7770);
#6519=AXIS2_PLACEMENT_3D('',#11374,#7772,#7773);
#6520=AXIS2_PLACEMENT_3D('',#11376,#7775,#7776);
#6521=AXIS2_PLACEMENT_3D('',#11378,#7778,#7779);
#6522=AXIS2_PLACEMENT_3D('',#11379,#7780,#7781);
#6523=AXIS2_PLACEMENT_3D('',#11383,#7784,#7785);
#6524=AXIS2_PLACEMENT_3D('',#11385,#7786,#7787);
#6525=AXIS2_PLACEMENT_3D('',#11387,#7788,#7789);
#6526=AXIS2_PLACEMENT_3D('',#11389,#7791,#7792);
#6527=AXIS2_PLACEMENT_3D('',#11391,#7793,#7794);
#6528=AXIS2_PLACEMENT_3D('',#11394,#7796,#7797);
#6529=AXIS2_PLACEMENT_3D('',#11395,#7798,#7799);
#6530=AXIS2_PLACEMENT_3D('',#11401,#7803,#7804);
#6531=AXIS2_PLACEMENT_3D('',#11404,#7805,#7806);
#6532=AXIS2_PLACEMENT_3D('',#11406,#7807,#7808);
#6533=AXIS2_PLACEMENT_3D('',#11409,#7811,#7812);
#6534=AXIS2_PLACEMENT_3D('',#11415,#7816,#7817);
#6535=AXIS2_PLACEMENT_3D('',#11417,#7818,#7819);
#6536=AXIS2_PLACEMENT_3D('',#11419,#7821,#7822);
#6537=AXIS2_PLACEMENT_3D('',#11423,#7825,#7826);
#6538=AXIS2_PLACEMENT_3D('',#11464,#7828,#7829);
#6539=AXIS2_PLACEMENT_3D('',#11467,#7830,#7831);
#6540=AXIS2_PLACEMENT_3D('',#11470,#7834,#7835);
#6541=AXIS2_PLACEMENT_3D('',#11474,#7838,#7839);
#6542=AXIS2_PLACEMENT_3D('',#11476,#7840,#7841);
#6543=AXIS2_PLACEMENT_3D('',#11478,#7843,#7844);
#6544=AXIS2_PLACEMENT_3D('',#11482,#7847,#7848);
#6545=AXIS2_PLACEMENT_3D('',#11484,#7849,#7850);
#6546=AXIS2_PLACEMENT_3D('',#11486,#7852,#7853);
#6547=AXIS2_PLACEMENT_3D('',#11488,#7855,#7856);
#6548=AXIS2_PLACEMENT_3D('',#11494,#7860,#7861);
#6549=AXIS2_PLACEMENT_3D('',#11535,#7863,#7864);
#6550=AXIS2_PLACEMENT_3D('',#11539,#7867,#7868);
#6551=AXIS2_PLACEMENT_3D('',#11541,#7869,#7870);
#6552=AXIS2_PLACEMENT_3D('',#11543,#7872,#7873);
#6553=AXIS2_PLACEMENT_3D('',#11547,#7876,#7877);
#6554=AXIS2_PLACEMENT_3D('',#11548,#7878,#7879);
#6555=AXIS2_PLACEMENT_3D('',#11549,#7880,#7881);
#6556=AXIS2_PLACEMENT_3D('',#11555,#7885,#7886);
#6557=AXIS2_PLACEMENT_3D('',#11558,#7887,#7888);
#6558=AXIS2_PLACEMENT_3D('',#11581,#7890,#7891);
#6559=AXIS2_PLACEMENT_3D('',#11583,#7893,#7894);
#6560=AXIS2_PLACEMENT_3D('',#11604,#7895,#7896);
#6561=AXIS2_PLACEMENT_3D('',#11606,#7897,#7898);
#6562=AXIS2_PLACEMENT_3D('',#11608,#7900,#7901);
#6563=AXIS2_PLACEMENT_3D('',#11610,#7902,#7903);
#6564=AXIS2_PLACEMENT_3D('',#11627,#7905,#7906);
#6565=AXIS2_PLACEMENT_3D('',#11628,#7907,#7908);
#6566=AXIS2_PLACEMENT_3D('',#11634,#7912,#7913);
#6567=AXIS2_PLACEMENT_3D('',#11649,#7914,#7915);
#6568=AXIS2_PLACEMENT_3D('',#11650,#7916,#7917);
#6569=AXIS2_PLACEMENT_3D('',#11651,#7918,#7919);
#6570=AXIS2_PLACEMENT_3D('',#11653,#7920,#7921);
#6571=AXIS2_PLACEMENT_3D('',#11655,#7923,#7924);
#6572=AXIS2_PLACEMENT_3D('',#11657,#7925,#7926);
#6573=AXIS2_PLACEMENT_3D('',#11659,#7928,#7929);
#6574=AXIS2_PLACEMENT_3D('',#11663,#7932,#7933);
#6575=AXIS2_PLACEMENT_3D('',#11665,#7934,#7935);
#6576=AXIS2_PLACEMENT_3D('',#11667,#7937,#7938);
#6577=AXIS2_PLACEMENT_3D('',#11669,#7939,#7940);
#6578=AXIS2_PLACEMENT_3D('',#11671,#7942,#7943);
#6579=AXIS2_PLACEMENT_3D('',#11675,#7946,#7947);
#6580=AXIS2_PLACEMENT_3D('',#11708,#7949,#7950);
#6581=AXIS2_PLACEMENT_3D('',#11710,#7951,#7952);
#6582=AXIS2_PLACEMENT_3D('',#11712,#7954,#7955);
#6583=AXIS2_PLACEMENT_3D('',#11716,#7958,#7959);
#6584=AXIS2_PLACEMENT_3D('',#11739,#7961,#7962);
#6585=AXIS2_PLACEMENT_3D('',#11741,#7964,#7965);
#6586=AXIS2_PLACEMENT_3D('',#11742,#7966,#7967);
#6587=AXIS2_PLACEMENT_3D('',#11743,#7968,#7969);
#6588=AXIS2_PLACEMENT_3D('',#11744,#7970,#7971);
#6589=AXIS2_PLACEMENT_3D('',#11776,#7972,#7973);
#6590=AXIS2_PLACEMENT_3D('',#11777,#7974,#7975);
#6591=AXIS2_PLACEMENT_3D('',#11778,#7976,#7977);
#6592=AXIS2_PLACEMENT_3D('',#11781,#7979,#7980);
#6593=AXIS2_PLACEMENT_3D('',#11782,#7981,#7982);
#6594=AXIS2_PLACEMENT_3D('',#11784,#7983,#7984);
#6595=AXIS2_PLACEMENT_3D('',#11785,#7985,#7986);
#6596=AXIS2_PLACEMENT_3D('',#11786,#7987,#7988);
#6597=AXIS2_PLACEMENT_3D('',#11789,#7990,#7991);
#6598=AXIS2_PLACEMENT_3D('',#11790,#7992,#7993);
#6599=AXIS2_PLACEMENT_3D('',#11792,#7994,#7995);
#6600=AXIS2_PLACEMENT_3D('',#11793,#7996,#7997);
#6601=AXIS2_PLACEMENT_3D('',#11794,#7998,#7999);
#6602=AXIS2_PLACEMENT_3D('',#11836,#8001,#8002);
#6603=AXIS2_PLACEMENT_3D('',#11837,#8003,#8004);
#6604=AXIS2_PLACEMENT_3D('',#11838,#8005,#8006);
#6605=AXIS2_PLACEMENT_3D('',#11864,#8007,#8008);
#6606=AXIS2_PLACEMENT_3D('',#11890,#8009,#8010);
#6607=AXIS2_PLACEMENT_3D('',#11891,#8011,#8012);
#6608=AXIS2_PLACEMENT_3D('',#11892,#8013,#8014);
#6609=AXIS2_PLACEMENT_3D('',#11918,#8015,#8016);
#6610=AXIS2_PLACEMENT_3D('',#11944,#8017,#8018);
#6611=AXIS2_PLACEMENT_3D('',#11945,#8019,#8020);
#6612=AXIS2_PLACEMENT_3D('',#11946,#8021,#8022);
#6613=AXIS2_PLACEMENT_3D('',#11947,#8023,#8024);
#6614=AXIS2_PLACEMENT_3D('',#11949,#8025,#8026);
#6615=AXIS2_PLACEMENT_3D('',#11984,#8027,#8028);
#6616=AXIS2_PLACEMENT_3D('',#12006,#8029,#8030);
#6617=AXIS2_PLACEMENT_3D('',#12035,#8031,#8032);
#6618=AXIS2_PLACEMENT_3D('',#12036,#8033,#8034);
#6619=AXIS2_PLACEMENT_3D('',#12037,#8035,#8036);
#6620=AXIS2_PLACEMENT_3D('',#12063,#8037,#8038);
#6621=AXIS2_PLACEMENT_3D('',#12064,#8039,#8040);
#6622=AXIS2_PLACEMENT_3D('',#12065,#8041,#8042);
#6623=AXIS2_PLACEMENT_3D('',#12086,#8043,#8044);
#6624=AXIS2_PLACEMENT_3D('',#12087,#8045,#8046);
#6625=AXIS2_PLACEMENT_3D('',#12096,#8047,#8048);
#6626=AXIS2_PLACEMENT_3D('',#12122,#8049,#8050);
#6627=AXIS2_PLACEMENT_3D('',#12123,#8051,#8052);
#6628=AXIS2_PLACEMENT_3D('',#12124,#8053,#8054);
#6629=AXIS2_PLACEMENT_3D('',#12150,#8055,#8056);
#6630=AXIS2_PLACEMENT_3D('',#12151,#8057,#8058);
#6631=AXIS2_PLACEMENT_3D('',#12152,#8059,#8060);
#6632=AXIS2_PLACEMENT_3D('',#12178,#8061,#8062);
#6633=AXIS2_PLACEMENT_3D('',#12179,#8063,#8064);
#6634=AXIS2_PLACEMENT_3D('',#12231,#8065,#8066);
#6635=AXIS2_PLACEMENT_3D('',#12232,#8067,#8068);
#6636=AXIS2_PLACEMENT_3D('',#12234,#8069,#8070);
#6637=AXIS2_PLACEMENT_3D('',#12237,#8072,#8073);
#6638=AXIS2_PLACEMENT_3D('',#12238,#8074,#8075);
#6639=AXIS2_PLACEMENT_3D('',#12265,#8080,#8081);
#6640=AXIS2_PLACEMENT_3D('',#12268,#8083,#8084);
#6641=AXIS2_PLACEMENT_3D('',#12269,#8085,#8086);
#6642=AXIS2_PLACEMENT_3D('',#12273,#8089,#8090);
#6643=AXIS2_PLACEMENT_3D('',#12274,#8091,#8092);
#6644=AXIS2_PLACEMENT_3D('',#12335,#8096,#8097);
#6645=AXIS2_PLACEMENT_3D('',#12374,#8101,#8102);
#6646=AXIS2_PLACEMENT_3D('',#12377,#8104,#8105);
#6647=AXIS2_PLACEMENT_3D('',#12378,#8106,#8107);
#6648=AXIS2_PLACEMENT_3D('',#12382,#8110,#8111);
#6649=AXIS2_PLACEMENT_3D('',#12383,#8112,#8113);
#6650=AXIS2_PLACEMENT_3D('',#12384,#8114,#8115);
#6651=AXIS2_PLACEMENT_3D('',#12444,#8122,#8123);
#6652=AXIS2_PLACEMENT_3D('',#12446,#8124,#8125);
#6653=AXIS2_PLACEMENT_3D('',#12448,#8126,#8127);
#6654=AXIS2_PLACEMENT_3D('',#12451,#8129,#8130);
#6655=AXIS2_PLACEMENT_3D('',#12456,#8133,#8134);
#6656=AXIS2_PLACEMENT_3D('',#12476,#8138,#8139);
#6657=AXIS2_PLACEMENT_3D('',#12478,#8141,#8142);
#6658=AXIS2_PLACEMENT_3D('',#12480,#8144,#8145);
#6659=AXIS2_PLACEMENT_3D('',#12516,#8149,#8150);
#6660=AXIS2_PLACEMENT_3D('',#12534,#8152,#8153);
#6661=AXIS2_PLACEMENT_3D('',#12536,#8155,#8156);
#6662=AXIS2_PLACEMENT_3D('',#12538,#8158,#8159);
#6663=AXIS2_PLACEMENT_3D('',#12539,#8160,#8161);
#6664=AXIS2_PLACEMENT_3D('',#12543,#8164,#8165);
#6665=AXIS2_PLACEMENT_3D('',#12548,#8169,#8170);
#6666=AXIS2_PLACEMENT_3D('',#12552,#8173,#8174);
#6667=AXIS2_PLACEMENT_3D('',#12554,#8176,#8177);
#6668=AXIS2_PLACEMENT_3D('',#12555,#8178,#8179);
#6669=AXIS2_PLACEMENT_3D('',#12558,#8181,#8182);
#6670=AXIS2_PLACEMENT_3D('',#12559,#8183,#8184);
#6671=AXIS2_PLACEMENT_3D('',#12562,#8187,#8188);
#6672=AXIS2_PLACEMENT_3D('',#12564,#8190,#8191);
#6673=AXIS2_PLACEMENT_3D('',#12565,#8192,#8193);
#6674=AXIS2_PLACEMENT_3D('',#12571,#8198,#8199);
#6675=AXIS2_PLACEMENT_3D('',#12573,#8201,#8202);
#6676=AXIS2_PLACEMENT_3D('',#12575,#8204,#8205);
#6677=AXIS2_PLACEMENT_3D('',#12577,#8207,#8208);
#6678=AXIS2_PLACEMENT_3D('',#12579,#8210,#8211);
#6679=AXIS2_PLACEMENT_3D('',#12581,#8213,#8214);
#6680=AXIS2_PLACEMENT_3D('',#12583,#8216,#8217);
#6681=AXIS2_PLACEMENT_3D('',#12584,#8218,#8219);
#6682=AXIS2_PLACEMENT_3D('',#12586,#8221,#8222);
#6683=AXIS2_PLACEMENT_3D('',#12587,#8223,#8224);
#6684=AXIS2_PLACEMENT_3D('',#12604,#8225,#8226);
#6685=AXIS2_PLACEMENT_3D('',#12606,#8227,#8228);
#6686=AXIS2_PLACEMENT_3D('',#12607,#8229,#8230);
#6687=AXIS2_PLACEMENT_3D('',#12608,#8231,#8232);
#6688=AXIS2_PLACEMENT_3D('',#12613,#8234,#8235);
#6689=AXIS2_PLACEMENT_3D('',#12617,#8238,#8239);
#6690=AXIS2_PLACEMENT_3D('',#12625,#8243,#8244);
#6691=AXIS2_PLACEMENT_3D('',#12626,#8245,#8246);
#6692=AXIS2_PLACEMENT_3D('',#12627,#8247,#8248);
#6693=AXIS2_PLACEMENT_3D('',#12628,#8249,#8250);
#6694=AXIS2_PLACEMENT_3D('',#12629,#8251,#8252);
#6695=AXIS2_PLACEMENT_3D('',#12631,#8253,#8254);
#6696=AXIS2_PLACEMENT_3D('',#12633,#8256,#8257);
#6697=AXIS2_PLACEMENT_3D('',#12640,#8261,#8262);
#6698=AXIS2_PLACEMENT_3D('',#12641,#8263,#8264);
#6699=AXIS2_PLACEMENT_3D('',#12642,#8265,#8266);
#6700=AXIS2_PLACEMENT_3D('',#12643,#8267,#8268);
#6701=AXIS2_PLACEMENT_3D('',#12661,#8269,#8270);
#6702=AXIS2_PLACEMENT_3D('',#12662,#8271,#8272);
#6703=AXIS2_PLACEMENT_3D('',#12663,#8273,#8274);
#6704=AXIS2_PLACEMENT_3D('',#12664,#8275,#8276);
#6705=AXIS2_PLACEMENT_3D('',#12665,#8277,#8278);
#6706=AXIS2_PLACEMENT_3D('',#12666,#8279,#8280);
#6707=AXIS2_PLACEMENT_3D('',#12667,#8281,#8282);
#6708=AXIS2_PLACEMENT_3D('',#12668,#8283,#8284);
#6709=AXIS2_PLACEMENT_3D('',#12686,#8286,#8287);
#6710=AXIS2_PLACEMENT_3D('',#12717,#8289,#8290);
#6711=AXIS2_PLACEMENT_3D('',#12719,#8291,#8292);
#6712=AXIS2_PLACEMENT_3D('',#12720,#8293,#8294);
#6713=AXIS2_PLACEMENT_3D('',#12774,#8295,#8296);
#6714=AXIS2_PLACEMENT_3D('',#12775,#8297,#8298);
#6715=AXIS2_PLACEMENT_3D('',#12776,#8299,#8300);
#6716=AXIS2_PLACEMENT_3D('',#12777,#8301,#8302);
#6717=AXIS2_PLACEMENT_3D('',#12779,#8303,#8304);
#6718=AXIS2_PLACEMENT_3D('',#12781,#8305,#8306);
#6719=AXIS2_PLACEMENT_3D('',#12782,#8307,#8308);
#6720=AXIS2_PLACEMENT_3D('',#12783,#8309,#8310);
#6721=AXIS2_PLACEMENT_3D('',#12817,#8312,#8313);
#6722=AXIS2_PLACEMENT_3D('',#12823,#8317,#8318);
#6723=AXIS2_PLACEMENT_3D('',#12824,#8319,#8320);
#6724=AXIS2_PLACEMENT_3D('',#12825,#8321,#8322);
#6725=AXIS2_PLACEMENT_3D('',#12827,#8323,#8324);
#6726=AXIS2_PLACEMENT_3D('',#12829,#8326,#8327);
#6727=AXIS2_PLACEMENT_3D('',#12833,#8330,#8331);
#6728=AXIS2_PLACEMENT_3D('',#12834,#8332,#8333);
#6729=AXIS2_PLACEMENT_3D('',#12835,#8334,#8335);
#6730=AXIS2_PLACEMENT_3D('',#12837,#8337,#8338);
#6731=AXIS2_PLACEMENT_3D('',#12839,#8340,#8341);
#6732=AXIS2_PLACEMENT_3D('',#12840,#8342,#8343);
#6733=AXIS2_PLACEMENT_3D('',#12842,#8345,#8346);
#6734=AXIS2_PLACEMENT_3D('',#12864,#8348,#8349);
#6735=AXIS2_PLACEMENT_3D('',#12865,#8350,#8351);
#6736=AXIS2_PLACEMENT_3D('',#12867,#8353,#8354);
#6737=AXIS2_PLACEMENT_3D('',#12868,#8355,#8356);
#6738=AXIS2_PLACEMENT_3D('',#12922,#8358,#8359);
#6739=DIRECTION('axis',(0.,0.,1.));
#6740=DIRECTION('refdir',(1.,0.,0.));
#6741=DIRECTION('center_axis',(0.,1.,0.));
#6742=DIRECTION('ref_axis',(-1.22464679914735E-16,0.,1.));
#6743=DIRECTION('',(-1.22464679914735E-16,0.,1.));
#6744=DIRECTION('',(1.,0.,1.22464679914735E-16));
#6745=DIRECTION('',(-1.22464679914735E-16,0.,1.));
#6746=DIRECTION('',(-1.,0.,-1.22464679914735E-16));
#6747=DIRECTION('center_axis',(-1.,0.,-1.22464679914735E-16));
#6748=DIRECTION('ref_axis',(-1.22464679914735E-16,0.,1.));
#6749=DIRECTION('',(0.,-1.,0.));
#6750=DIRECTION('',(0.,1.,0.));
#6751=DIRECTION('',(1.22464679914735E-16,0.,-1.));
#6752=DIRECTION('center_axis',(-1.22464679914735E-16,0.,1.));
#6753=DIRECTION('ref_axis',(1.,0.,1.22464679914735E-16));
#6754=DIRECTION('center_axis',(1.22464679914735E-16,0.,-1.));
#6755=DIRECTION('ref_axis',(-1.,0.,-1.22464679914735E-16));
#6756=DIRECTION('',(-1.,-7.10411791346844E-13,-1.22464679914735E-16));
#6757=DIRECTION('',(-1.27199228542718E-12,1.,-1.55774128088852E-28));
#6758=DIRECTION('',(-0.999999932063442,-0.00036860970116798,-1.22464671594906E-16));
#6759=DIRECTION('',(-0.999999932063442,-0.000368609701167981,-1.22464671594906E-16));
#6760=DIRECTION('',(-0.999999932063442,-0.000368609701174607,-1.22464671594906E-16));
#6761=DIRECTION('',(1.32075625728612E-12,-1.,1.61745992293928E-28));
#6762=DIRECTION('',(0.999999932063443,-0.00036860969871668,1.22464671594907E-16));
#6763=DIRECTION('',(0.999999932063443,-0.000368609698718667,1.22464671594907E-16));
#6764=DIRECTION('',(0.999999932063443,-0.000368609698718005,1.22464671594907E-16));
#6765=DIRECTION('center_axis',(1.22464679914735E-16,0.,-1.));
#6766=DIRECTION('ref_axis',(-1.,0.,-1.22464679914735E-16));
#6767=DIRECTION('',(0.898037632430023,0.43991864104532,5.63459660548503E-7));
#6768=DIRECTION('center_axis',(1.22464679914735E-16,0.,-1.));
#6769=DIRECTION('ref_axis',(-1.,0.,-1.22464679914735E-16));
#6770=DIRECTION('',(4.27509741759549E-8,-0.999999999999999,5.23548436850143E-24));
#6771=DIRECTION('',(1.,-3.13722250862034E-13,1.22464679914735E-16));
#6772=DIRECTION('',(0.173784383576532,0.984783726523202,2.12824489088796E-17));
#6773=DIRECTION('center_axis',(1.22464679914735E-16,0.,-1.));
#6774=DIRECTION('ref_axis',(-1.88632334730793E-6,0.999999999998221,-2.31007984943758E-22));
#6775=DIRECTION('',(1.,-1.73103191376008E-13,1.22464679914735E-16));
#6776=DIRECTION('',(0.173784383576496,0.984783726523208,2.12824489088752E-17));
#6777=DIRECTION('center_axis',(1.22464679914735E-16,0.,-1.));
#6778=DIRECTION('ref_axis',(-1.87232016606567E-5,0.999999999824721,-2.29293089835136E-21));
#6779=DIRECTION('',(1.,-2.4672236036754E-13,1.22464679914735E-16));
#6780=DIRECTION('center_axis',(1.22464679914735E-16,0.,-1.));
#6781=DIRECTION('ref_axis',(0.954304255371959,0.298836724950217,1.16868565175397E-16));
#6782=DIRECTION('',(0.173648502928254,-0.984807695659806,2.12658083287816E-17));
#6783=DIRECTION('center_axis',(-1.22464679914735E-16,0.,1.));
#6784=DIRECTION('ref_axis',(-0.984819477640742,-0.173581670862495,-1.2060560210307E-16));
#6785=DIRECTION('',(1.,2.9998935045963E-11,1.22464679914735E-16));
#6786=DIRECTION('center_axis',(1.22464679914735E-16,0.,-1.));
#6787=DIRECTION('ref_axis',(0.999995507652012,-0.00299744487771072,1.22464129760777E-16));
#6788=DIRECTION('',(-0.000847413404341212,-0.999999640945197,-1.03778211318103E-19));
#6789=DIRECTION('center_axis',(-1.22464679914735E-16,0.,1.));
#6790=DIRECTION('ref_axis',(-0.999999702286611,0.000771638963697421,-1.2246464345536E-16));
#6791=DIRECTION('',(0.965925795002573,-0.258819161865284,1.18291793306376E-16));
#6792=DIRECTION('center_axis',(1.22464679914735E-16,0.,-1.));
#6793=DIRECTION('ref_axis',(0.961722420232893,-0.274025521478177,1.17777028360646E-16));
#6794=DIRECTION('',(-0.258819068444375,-0.965925820034637,-3.16961943728704E-17));
#6795=DIRECTION('center_axis',(-1.22464679914735E-16,0.,1.));
#6796=DIRECTION('ref_axis',(-0.965906511621251,0.258891117668539,-1.18289431773255E-16));
#6797=DIRECTION('',(0.00027946828101685,-0.999999960948739,3.42249935810498E-20));
#6798=DIRECTION('center_axis',(1.22464679914735E-16,0.,-1.));
#6799=DIRECTION('ref_axis',(-2.07186658756551E-5,-0.999999999785368,-2.53730478472245E-21));
#6800=DIRECTION('',(-1.,8.7788324927087E-11,-1.22464679914735E-16));
#6801=DIRECTION('center_axis',(-1.22464679914735E-16,0.,1.));
#6802=DIRECTION('ref_axis',(-0.0584285336176736,-0.99829159390395,-7.15543166737575E-18));
#6803=DIRECTION('',(0.,-1.,0.));
#6804=DIRECTION('center_axis',(1.22464679914735E-16,0.,-1.));
#6805=DIRECTION('ref_axis',(-8.77881339187684E-11,-1.,-1.07509457206739E-26));
#6806=DIRECTION('',(1.,0.,1.22464679914735E-16));
#6807=DIRECTION('',(0.,1.,0.));
#6808=DIRECTION('',(-1.,0.,-1.22464679914735E-16));
#6809=DIRECTION('',(-0.995234226312891,0.0975132543574551,-1.21881040965597E-16));
#6810=DIRECTION('',(1.20456247826723E-15,1.,1.47516358338297E-31));
#6811=DIRECTION('',(0.995221395983724,-0.0976441138840836,1.21879469703443E-16));
#6812=DIRECTION('center_axis',(-1.22464679914735E-16,0.,1.));
#6813=DIRECTION('ref_axis',(0.0651036755506762,0.997878505345111,7.97290078758634E-18));
#6814=DIRECTION('',(0.99789250457523,-0.0648887456541984,1.22206586162119E-16));
#6815=DIRECTION('center_axis',(-1.22464679914735E-16,0.,1.));
#6816=DIRECTION('ref_axis',(0.0648737170497157,0.99789348170842,7.94473899337255E-18));
#6817=DIRECTION('center_axis',(-1.22464679914735E-16,0.,1.));
#6818=DIRECTION('ref_axis',(-0.262780283281473,0.964855700464328,-3.21813032799691E-17));
#6819=DIRECTION('',(-0.911040253068281,-0.412317422975653,-1.11570252981446E-16));
#6820=DIRECTION('center_axis',(1.22464679914735E-16,0.,-1.));
#6821=DIRECTION('ref_axis',(-0.906305342849842,-0.422623503276653,-1.1099039371712E-16));
#6822=DIRECTION('',(-0.422618231013493,0.906307801364981,-5.17558063871991E-17));
#6823=DIRECTION('center_axis',(1.22464679914735E-16,0.,-1.));
#6824=DIRECTION('ref_axis',(-0.416649717081991,0.9090671115245,-5.1024874239011E-17));
#6825=DIRECTION('',(0.909084058657549,0.416612738997162,1.11330688259085E-16));
#6826=DIRECTION('center_axis',(-1.22464679914735E-16,0.,1.));
#6827=DIRECTION('ref_axis',(0.608565579276113,-0.793503582676429,7.45277888731747E-17));
#6828=DIRECTION('',(-3.39013107356773E-12,1.,-4.1517131679347E-28));
#6829=DIRECTION('',(1.,3.78172928191482E-13,1.22464679914735E-16));
#6830=DIRECTION('',(-3.72781087265289E-13,1.,-4.56525165302106E-29));
#6831=DIRECTION('',(0.707106781186522,0.707106781186573,8.65956056235462E-17));
#6832=DIRECTION('',(1.,-3.14709141271191E-13,1.22464679914735E-16));
#6833=DIRECTION('',(3.14228265440589E-13,1.,3.84818639473442E-29));
#6834=DIRECTION('',(1.,9.59762949049091E-13,1.22464679914735E-16));
#6835=DIRECTION('',(0.,-1.,0.));
#6836=DIRECTION('',(0.0872196629202835,0.996189103734864,1.06813281018036E-17));
#6837=DIRECTION('',(0.0872196643064868,0.996189103613498,1.06813282715646E-17));
#6838=DIRECTION('',(-0.996229412914523,0.0867580361925285,-1.22002916174222E-16));
#6839=DIRECTION('',(-0.0871556209384669,-0.996194708748661,-1.06734852209994E-17));
#6840=DIRECTION('',(-0.0871556194624798,-0.996194708877793,-1.06734850402431E-17));
#6841=DIRECTION('',(-0.0871556209384662,-0.996194708748661,-1.06734852209993E-17));
#6842=DIRECTION('',(-0.0871556194624798,-0.996194708877793,-1.06734850402431E-17));
#6843=DIRECTION('',(-0.0871556209384735,-0.996194708748661,-1.06734852210002E-17));
#6844=DIRECTION('',(0.996165427662439,-0.0874896607040574,1.21995080240806E-16));
#6845=DIRECTION('',(0.0872196643064876,0.996189103613498,1.06813282715647E-17));
#6846=DIRECTION('',(0.0872196629202835,0.996189103734864,1.06813281018036E-17));
#6847=DIRECTION('',(0.0872196643064937,0.996189103613497,1.06813282715654E-17));
#6848=DIRECTION('',(-0.422618261741748,0.906307787036161,-5.1755810150325E-17));
#6849=DIRECTION('center_axis',(1.22464679914735E-16,0.,-1.));
#6850=DIRECTION('ref_axis',(0.422618261741712,-0.906307787036178,5.17558101503206E-17));
#6851=DIRECTION('',(-0.906307787036227,-0.422618261741607,-1.10990693043624E-16));
#6852=DIRECTION('center_axis',(1.22464679914735E-16,0.,-1.));
#6853=DIRECTION('ref_axis',(0.906307787036148,0.422618261741777,1.10990693043614E-16));
#6854=DIRECTION('',(0.42261826174169,-0.906307787036188,5.17558101503179E-17));
#6855=DIRECTION('center_axis',(1.22464679914735E-16,0.,-1.));
#6856=DIRECTION('ref_axis',(-0.422618261741948,0.906307787036068,-5.17558101503495E-17));
#6857=DIRECTION('',(0.906307787036198,0.422618261741669,1.1099069304362E-16));
#6858=DIRECTION('center_axis',(1.22464679914735E-16,0.,-1.));
#6859=DIRECTION('ref_axis',(-0.906307787036384,-0.422618261741269,-1.10990693043643E-16));
#6860=DIRECTION('',(-0.258815887407476,-0.965926672385373,-3.16958048082047E-17));
#6861=DIRECTION('',(-0.258815904561404,-0.965926667789052,-3.1695806908955E-17));
#6862=DIRECTION('',(0.965857492603711,-0.259073935356825,1.18283428674962E-16));
#6863=DIRECTION('',(0.259000299990282,0.965877240960229,3.17183888361303E-17));
#6864=DIRECTION('',(0.25900028398655,0.965877245251635,3.17183868762384E-17));
#6865=DIRECTION('',(0.259000299990281,0.965877240960229,3.17183888361302E-17));
#6866=DIRECTION('',(0.25900028398655,0.965877245251635,3.17183868762384E-17));
#6867=DIRECTION('',(0.259000299990349,0.965877240960211,3.17183888361385E-17));
#6868=DIRECTION('',(-0.966041740877874,0.25838605783139,-1.18305992580883E-16));
#6869=DIRECTION('',(-0.258815904561442,-0.965926667789042,-3.16958069089597E-17));
#6870=DIRECTION('',(-0.258815887407476,-0.965926672385373,-3.16958048082047E-17));
#6871=DIRECTION('',(-0.258815904561409,-0.965926667789051,-3.16958069089556E-17));
#6872=DIRECTION('',(-0.999999932063442,-0.000368609701169306,-1.22464671594906E-16));
#6873=DIRECTION('',(1.31744316709217E-12,-1.,1.61340255763798E-28));
#6874=DIRECTION('',(0.999999932063443,-0.000368609698708729,1.22464671594907E-16));
#6875=DIRECTION('',(-1.33963610344739E-12,1.,-1.64058106610908E-28));
#6876=DIRECTION('center_axis',(1.22464679914735E-16,0.,-1.));
#6877=DIRECTION('ref_axis',(1.,0.,1.22464679914735E-16));
#6878=DIRECTION('center_axis',(1.22464679914735E-16,0.,-1.));
#6879=DIRECTION('ref_axis',(1.,0.,1.22464679914735E-16));
#6880=DIRECTION('center_axis',(1.22464679914735E-16,0.,-1.));
#6881=DIRECTION('ref_axis',(-0.2079116908188,0.978147600733584,-2.54618386666558E-17));
#6882=DIRECTION('',(0.978147600733564,0.207911690818896,1.19788532833202E-16));
#6883=DIRECTION('center_axis',(1.22464679914735E-16,0.,-1.));
#6884=DIRECTION('ref_axis',(-0.978147600733537,-0.207911690819025,-1.19788532833199E-16));
#6885=DIRECTION('',(-0.207911690818893,0.978147600733565,-2.54618386666671E-17));
#6886=DIRECTION('center_axis',(1.22464679914735E-16,0.,-1.));
#6887=DIRECTION('ref_axis',(0.207911690819006,-0.978147600733541,2.5461838666681E-17));
#6888=DIRECTION('',(-0.978147600733565,-0.20791169081889,-1.19788532833202E-16));
#6889=DIRECTION('center_axis',(1.22464679914735E-16,0.,-1.));
#6890=DIRECTION('ref_axis',(0.978147600733553,0.207911690818946,1.19788532833201E-16));
#6891=DIRECTION('',(0.207911690818893,-0.978147600733565,2.54618386666671E-17));
#6892=DIRECTION('center_axis',(1.22464679914735E-16,0.,-1.));
#6893=DIRECTION('ref_axis',(-1.,0.,-1.22464679914735E-16));
#6894=DIRECTION('center_axis',(1.22464679914735E-16,0.,-1.));
#6895=DIRECTION('ref_axis',(1.,0.,1.22464679914735E-16));
#6896=DIRECTION('center_axis',(0.,1.,0.));
#6897=DIRECTION('ref_axis',(1.22464679914735E-16,0.,-1.));
#6898=DIRECTION('',(-1.22464679914735E-16,0.,1.));
#6899=DIRECTION('',(1.22464679914735E-16,0.,-1.));
#6900=DIRECTION('',(-1.,0.,-1.22464679914735E-16));
#6901=DIRECTION('center_axis',(1.,0.,1.22464679914735E-16));
#6902=DIRECTION('ref_axis',(1.22464679914735E-16,0.,-1.));
#6903=DIRECTION('',(-1.22464679914735E-16,0.,1.));
#6904=DIRECTION('',(0.,-1.,0.));
#6905=DIRECTION('',(0.019197442399695,0.,0.999815712121644));
#6906=DIRECTION('',(-0.00167212484742374,-0.0102039954850297,0.999946539808322));
#6907=DIRECTION('',(0.136882731192152,0.99058725910498,-5.09614746100518E-7));
#6908=DIRECTION('',(-0.0206694507844334,-0.0107769990223187,-0.999728278131785));
#6909=DIRECTION('',(0.019197442399695,0.,0.999815712121644));
#6910=DIRECTION('center_axis',(1.22464679914735E-16,0.,-1.));
#6911=DIRECTION('ref_axis',(-1.,0.,-1.22464679914735E-16));
#6912=DIRECTION('center_axis',(0.0191974423996953,-2.99064089854394E-17,
0.999815712121644));
#6913=DIRECTION('ref_axis',(-0.999815712121644,9.62964972193618E-35,0.0191974423996953));
#6914=DIRECTION('center_axis',(-0.0191974423996953,2.99064089854394E-17,
-0.999815712121644));
#6915=DIRECTION('ref_axis',(-0.999815712121644,9.62964972193618E-35,0.0191974423996953));
#6916=DIRECTION('',(-0.0191939045437949,0.019197442399696,-0.99963145820531));
#6917=DIRECTION('center_axis',(0.0191974423997132,-1.82298059275883E-14,
0.999815712121644));
#6918=DIRECTION('ref_axis',(-0.971385678325327,-0.236774118800399,0.0186515578635792));
#6919=DIRECTION('center_axis',(-0.0191742652417621,-2.00095516002689E-6,
-0.99981615687507));
#6920=DIRECTION('ref_axis',(-0.989376535661359,0.14413211583088,0.0189737679136307));
#6921=DIRECTION('center_axis',(0.0191974423996896,-6.02739438699088E-15,
0.999815712121644));
#6922=DIRECTION('ref_axis',(-0.996112073418045,0.0859937249656722,0.0191263289036529));
#6923=DIRECTION('',(-0.0383878090874698,-3.38218654032036E-14,-0.999262916410623));
#6924=DIRECTION('center_axis',(1.22464679914735E-16,0.,-1.));
#6925=DIRECTION('ref_axis',(0.999999994554886,0.000104356255800805,2.7207640541755E-16));
#6926=DIRECTION('center_axis',(-1.22464679914735E-16,0.,1.));
#6927=DIRECTION('ref_axis',(1.,0.,1.22464679914735E-16));
#6928=DIRECTION('',(1.,7.10411791346844E-13,1.22464679914735E-16));
#6929=DIRECTION('center_axis',(1.22464679914735E-16,0.,-1.));
#6930=DIRECTION('ref_axis',(-1.,0.,-1.22464679914735E-16));
#6931=DIRECTION('',(-0.00967520327453463,0.999953194125403,-1.18487067212588E-18));
#6932=DIRECTION('',(-2.5414573137261E-14,1.,-3.1123875644243E-30));
#6933=DIRECTION('center_axis',(1.22464679914735E-16,0.,-1.));
#6934=DIRECTION('ref_axis',(-1.,0.,-1.22464679914735E-16));
#6935=DIRECTION('',(-7.0667100998811E-13,1.,-8.65422390432166E-29));
#6936=DIRECTION('center_axis',(1.22464679914735E-16,0.,-1.));
#6937=DIRECTION('ref_axis',(-3.18029106592602E-13,-1.,-3.89473327424322E-29));
#6938=DIRECTION('',(-1.22464679914735E-16,0.,1.));
#6939=DIRECTION('center_axis',(1.22464679914735E-16,0.,-1.));
#6940=DIRECTION('ref_axis',(-1.,0.,-1.22464679914735E-16));
#6941=DIRECTION('',(-1.22464679914735E-16,0.,1.));
#6942=DIRECTION('center_axis',(-1.22464679914735E-16,0.,1.));
#6943=DIRECTION('ref_axis',(-1.,0.,-1.22464679914735E-16));
#6944=DIRECTION('',(-1.22464679914735E-16,0.,1.));
#6945=DIRECTION('center_axis',(-1.22464679914735E-16,0.,1.));
#6946=DIRECTION('ref_axis',(-1.,0.,-1.22464679914735E-16));
#6947=DIRECTION('',(1.22464679914735E-16,0.,-1.));
#6948=DIRECTION('center_axis',(-1.22464679914735E-16,0.,1.));
#6949=DIRECTION('ref_axis',(-1.,0.,-1.22464679914735E-16));
#6950=DIRECTION('',(1.22464679914735E-16,0.,-1.));
#6951=DIRECTION('center_axis',(7.10411791346844E-13,-1.,-1.36406032422762E-14));
#6952=DIRECTION('ref_axis',(0.999815712121645,7.10542735760098E-13,-0.0191974423996653));
#6953=DIRECTION('',(0.0383878090875307,1.36406032422763E-14,0.999262916410621));
#6954=DIRECTION('',(0.019197442399695,0.,0.999815712121644));
#6955=DIRECTION('',(-1.22464679914735E-16,0.,1.));
#6956=DIRECTION('center_axis',(-7.10411791346844E-13,1.,1.36406032422762E-14));
#6957=DIRECTION('ref_axis',(-0.999815712121645,-7.10542735760098E-13,0.0191974423996653));
#6958=DIRECTION('',(1.22464679914735E-16,0.,-1.));
#6959=DIRECTION('',(0.019197442399695,0.,0.999815712121644));
#6960=DIRECTION('',(-0.0383878090875307,-1.36406032422763E-14,-0.999262916410621));
#6961=DIRECTION('center_axis',(0.999262916410621,1.27105433029113E-12,-0.0383878090875307));
#6962=DIRECTION('ref_axis',(-0.0383878090875307,-1.26217744835362E-28,-0.999262916410621));
#6963=DIRECTION('center_axis',(-0.0191974423996653,1.94010095257211E-17,
-0.999815712121645));
#6964=DIRECTION('ref_axis',(-0.999815712121645,4.81482486096809E-35,0.0191974423996653));
#6965=DIRECTION('center_axis',(0.999262916410621,1.27105433029113E-12,-0.0383878090875307));
#6966=DIRECTION('ref_axis',(-0.0383878090875307,-1.26217744835362E-28,-0.999262916410621));
#6967=DIRECTION('center_axis',(0.0191974423996653,-1.94010095257211E-17,
0.999815712121645));
#6968=DIRECTION('ref_axis',(-0.999815712121645,4.81482486096809E-35,0.0191974423996653));
#6969=DIRECTION('center_axis',(0.0191974423996653,-1.94010095257211E-17,
0.999815712121645));
#6970=DIRECTION('ref_axis',(-0.999815712121645,4.81482486096809E-35,0.0191974423996653));
#6971=DIRECTION('center_axis',(-0.0191974423996896,6.02739438699088E-15,
-0.999815712121644));
#6972=DIRECTION('ref_axis',(-0.999815712121644,0.,0.0191974423996896));
#6973=DIRECTION('',(-1.20456247826723E-15,-1.,-6.00537658630734E-15));
#6974=DIRECTION('center_axis',(0.0191974423996896,-6.02739438699088E-15,
0.999815712121644));
#6975=DIRECTION('ref_axis',(-0.999815712121644,-8.88014739183568E-15,0.0191974423996896));
#6976=DIRECTION('',(-0.999815712121644,0.,0.0191974423996896));
#6977=DIRECTION('center_axis',(0.0191974423996896,-6.02739438699088E-15,
0.999815712121644));
#6978=DIRECTION('ref_axis',(0.999815712121644,0.,-0.0191974423996896));
#6979=DIRECTION('',(-7.38278980189605E-31,1.,6.02850536745471E-15));
#6980=DIRECTION('center_axis',(0.0191974423996896,-6.02739438699089E-15,
0.999815712121644));
#6981=DIRECTION('ref_axis',(-0.999815712121644,8.77721463833785E-11,0.0191974423996896));
#6982=DIRECTION('',(0.999815712121644,-8.39655633855596E-11,-0.0191974423996896));
#6983=DIRECTION('center_axis',(0.0191974423996896,-6.02739438699089E-15,
0.999815712121644));
#6984=DIRECTION('ref_axis',(0.999815707511614,9.60299998943291E-5,-0.0191974423111725));
#6985=DIRECTION('',(-0.000279468281012669,0.999999960934342,5.36606513406704E-6));
#6986=DIRECTION('center_axis',(-0.0191974423996896,6.02739438699089E-15,
-0.999815712121644));
#6987=DIRECTION('ref_axis',(-0.999815673091969,-0.000279416778395565,0.0191974416502815));
#6988=DIRECTION('',(0.258815872511855,0.965913892653246,-0.00496951862671007));
#6989=DIRECTION('center_axis',(0.0191974423996896,-6.02739438699089E-15,
0.999815712121644));
#6990=DIRECTION('ref_axis',(0.999815712121644,-3.15047996597082E-13,-0.0191974423996896));
#6991=DIRECTION('',(-0.965759707786035,0.258774659065671,0.0185435337106498));
#6992=DIRECTION('center_axis',(-0.0191974423996896,6.02739438699089E-15,
-0.999815712121644));
#6993=DIRECTION('ref_axis',(-0.999815712121644,2.73468784089162E-13,0.0191974423996896));
#6994=DIRECTION('',(0.000847754092027453,0.999999640523953,-1.6277710129435E-5));
#6995=DIRECTION('center_axis',(0.0191974423996896,-6.02739438699089E-15,
0.999815712121644));
#6996=DIRECTION('ref_axis',(0.99981571051385,-5.67113801433407E-5,-0.0191974423688184));
#6997=DIRECTION('',(-0.999815712121644,-1.49756003064705E-11,0.0191974423996896));
#6998=DIRECTION('center_axis',(-0.0191974423996896,6.02739438699089E-15,
-0.999815712121644));
#6999=DIRECTION('ref_axis',(-0.999815709641876,-7.04304615645063E-5,0.0191974423520756));
#7000=DIRECTION('',(-0.173647537708203,0.984802221635318,0.00333420305621432));
#7001=DIRECTION('center_axis',(0.0191974423996896,-6.02739438699089E-15,
0.999815712121644));
#7002=DIRECTION('ref_axis',(0.999815712104213,5.90491412457964E-6,-0.0191974423993549));
#7003=DIRECTION('',(-0.999815712121644,3.86031312240987E-12,0.0191974423996896));
#7004=DIRECTION('center_axis',(0.0191974423996896,-6.02739438699089E-15,
0.999815712121644));
#7005=DIRECTION('ref_axis',(-0.999815712121644,3.59974580760438E-13,0.0191974423996896));
#7006=DIRECTION('center_axis',(-0.0191974423996896,6.02739438699089E-15,
-0.999815712121644));
#7007=DIRECTION('ref_axis',(0.999815712121644,-4.1551689670964E-13,-0.0191974423996896));
#7008=DIRECTION('',(-0.999815712121644,2.17834546715899E-13,0.0191974423996896));
#7009=DIRECTION('center_axis',(0.0191974423996896,-6.02739438699089E-15,
0.999815712121644));
#7010=DIRECTION('ref_axis',(-0.999815712121644,4.09185181549415E-13,0.0191974423996896));
#7011=DIRECTION('center_axis',(-0.0191974423996896,6.02739438699089E-15,
-0.999815712121644));
#7012=DIRECTION('ref_axis',(0.999815712121644,-4.15146890568313E-13,-0.0191974423996896));
#7013=DIRECTION('',(-0.999815712121644,3.13594108142353E-13,0.0191974423996896));
#7014=DIRECTION('',(3.13968614230004E-13,1.,3.84500658449505E-29));
#7015=DIRECTION('',(-0.977975130106864,-0.207875031055495,0.018778081801409));
#7016=DIRECTION('center_axis',(0.0191974423996896,-6.02739438699088E-15,
0.999815712121644));
#7017=DIRECTION('ref_axis',(-0.999815712121644,4.04887304256249E-13,0.0191974423996896));
#7018=DIRECTION('',(-0.207910034101713,0.978139806492038,0.00399207659531702));
#7019=DIRECTION('center_axis',(0.0191974423996896,-6.02739438699088E-15,
0.999815712121644));
#7020=DIRECTION('ref_axis',(0.999815712121644,-2.88428716599455E-13,-0.0191974423996896));
#7021=DIRECTION('',(0.977975130106865,0.207875031055489,-0.018778081801409));
#7022=DIRECTION('',(3.13968614230004E-13,1.,3.84500658449505E-29));
#7023=DIRECTION('center_axis',(-0.0191974423996896,6.02739438699089E-15,
-0.999815712121644));
#7024=DIRECTION('ref_axis',(-0.999815712121644,3.16075749792135E-13,0.0191974423996896));
#7025=DIRECTION('center_axis',(-0.0191974423996896,6.02739438699089E-15,
-0.999815712121644));
#7026=DIRECTION('ref_axis',(-0.999815712121644,3.37533753469477E-13,0.0191974423996896));
#7027=DIRECTION('',(-0.107677324855043,-0.994183745146435,0.00206751025873042));
#7028=DIRECTION('',(0.99400052913321,-0.107697172139655,-0.0190857851821538));
#7029=DIRECTION('',(-0.999815712121644,-1.23383131096595E-12,0.0191974423996896));
#7030=DIRECTION('',(-0.999815712121644,-1.23316895821541E-12,0.0191974423996896));
#7031=DIRECTION('',(-0.999815712121644,-1.23515710086904E-12,0.0191974423996896));
#7032=DIRECTION('',(-1.32075625728612E-12,1.,3.13883210473617E-14));
#7033=DIRECTION('',(0.999815712121644,1.22345119800149E-12,-0.0191974423996896));
#7034=DIRECTION('',(0.999815712121644,1.21682425462977E-12,-0.0191974423996896));
#7035=DIRECTION('',(0.999815712121644,1.21682306178755E-12,-0.0191974423996896));
#7036=DIRECTION('',(1.27082329967465E-12,-1.,-3.04295592815977E-14));
#7037=DIRECTION('',(1.27082329967465E-12,-1.,-3.04295592815977E-14));
#7038=DIRECTION('',(0.999815712121644,1.21814961077205E-12,-0.0191974423996896));
#7039=DIRECTION('',(1.33841725854667E-12,-1.,-3.17274295953768E-14));
#7040=DIRECTION('',(-0.999815712121644,-1.24310907506243E-12,0.0191974423996896));
#7041=DIRECTION('',(-1.31744316709217E-12,1.,3.13247064658021E-14));
#7042=DIRECTION('',(-0.0871556193206161,-0.996193303283895,0.00167347338256996));
#7043=DIRECTION('',(-0.0871556207058163,-0.996193303162661,0.00167347340916716));
#7044=DIRECTION('',(-0.0871556193206161,-0.996193303283895,0.00167347338256996));
#7045=DIRECTION('',(-0.0871556207058101,-0.996193303162661,0.00167347340916704));
#7046=DIRECTION('',(-0.996012505648509,0.0871398029730408,0.0191244171048113));
#7047=DIRECTION('',(0.0871556207058312,0.996193303162659,-0.00167347340916744));
#7048=DIRECTION('',(0.0871556192298376,0.99619330329184,-0.00167347338082692));
#7049=DIRECTION('',(0.0871556207058239,0.99619330316266,-0.0016734734091673));
#7050=DIRECTION('',(0.0871556192298376,0.99619330329184,-0.00167347338082692));
#7051=DIRECTION('',(0.0871556207058246,0.99619330316266,-0.00167347340916732));
#7052=DIRECTION('',(0.996012505648512,-0.087139802973,-0.0191244171048114));
#7053=DIRECTION('',(-0.0871556207058094,-0.996193303162661,0.00167347340916702));
#7054=DIRECTION('',(0.258815832016096,0.965913903508052,-0.0049695178491518));
#7055=DIRECTION('',(0.25881584917001,0.96591389890998,-0.00496951817852377));
#7056=DIRECTION('',(0.258815832016096,0.965913903508052,-0.0049695178491518));
#7057=DIRECTION('',(0.258815849170043,0.965913898909972,-0.0049695181785244));
#7058=DIRECTION('',(0.965759739095923,-0.258774542172525,-0.0185435343118304));
#7059=DIRECTION('',(-0.258815849170033,-0.965913898909974,0.0049695181785242));
#7060=DIRECTION('',(-0.258815833176827,-0.965913903196921,0.00496951787143896));
#7061=DIRECTION('',(-0.258815849169965,-0.965913898909993,0.0049695181785229));
#7062=DIRECTION('',(-0.258815833176827,-0.965913903196921,0.00496951787143897));
#7063=DIRECTION('',(-0.258815849169967,-0.965913898909992,0.00496951817852293));
#7064=DIRECTION('',(-0.965759739095923,0.258774542172528,0.0185435343118303));
#7065=DIRECTION('',(0.258815849170005,0.965913898909982,-0.00496951817852367));
#7066=DIRECTION('center_axis',(0.999262916410621,1.27105433029113E-12,-0.0383878090875307));
#7067=DIRECTION('ref_axis',(1.27105353501342E-12,-1.,-2.44261915925029E-14));
#7068=DIRECTION('',(-0.0383878090875307,-1.77602947836711E-14,-0.999262916410621));
#7069=DIRECTION('center_axis',(0.999262916410621,1.27105433029113E-12,-0.0383878090875307));
#7070=DIRECTION('ref_axis',(1.27105353501342E-12,-1.,-2.44261915925029E-14));
#7071=DIRECTION('center_axis',(0.,-1.,0.));
#7072=DIRECTION('ref_axis',(-1.22464679914735E-16,0.,1.));
#7073=DIRECTION('',(1.,0.,1.22464679914735E-16));
#7074=DIRECTION('',(-1.22464679914735E-16,0.,1.));
#7075=DIRECTION('',(-1.,0.,-1.22464679914735E-16));
#7076=DIRECTION('',(1.22464679914735E-16,0.,-1.));
#7077=DIRECTION('center_axis',(1.22464679914735E-16,0.,-1.));
#7078=DIRECTION('ref_axis',(-1.,0.,-1.22464679914735E-16));
#7079=DIRECTION('center_axis',(-1.22464679914735E-16,0.,1.));
#7080=DIRECTION('ref_axis',(-1.,0.,-1.22464679914735E-16));
#7081=DIRECTION('',(0.,1.,0.));
#7082=DIRECTION('center_axis',(1.22464679914735E-16,0.,-1.));
#7083=DIRECTION('ref_axis',(0.,-1.,0.));
#7084=DIRECTION('',(-1.,0.,-1.22464679914735E-16));
#7085=DIRECTION('center_axis',(1.22464679914735E-16,0.,-1.));
#7086=DIRECTION('ref_axis',(-1.,-7.61394678913665E-15,-1.22464679914735E-16));
#7087=DIRECTION('',(0.,1.,0.));
#7088=DIRECTION('center_axis',(1.22464679914735E-16,0.,-1.));
#7089=DIRECTION('ref_axis',(-7.61394678913673E-15,1.,-9.32439556419456E-31));
#7090=DIRECTION('',(1.,-6.4013196939936E-16,1.22464679914735E-16));
#7091=DIRECTION('',(4.07492943448843E-11,-1.,4.99034928869759E-27));
#7092=DIRECTION('center_axis',(-1.22464679914735E-16,0.,1.));
#7093=DIRECTION('ref_axis',(-1.,0.,-1.22464679914735E-16));
#7094=DIRECTION('',(0.,1.,0.));
#7095=DIRECTION('',(0.,1.,0.));
#7096=DIRECTION('',(-1.,0.,-1.22464679914735E-16));
#7097=DIRECTION('',(0.,-1.,0.));
#7098=DIRECTION('center_axis',(0.,1.,0.));
#7099=DIRECTION('ref_axis',(1.22464679914735E-16,0.,-1.));
#7100=DIRECTION('',(1.,0.,1.22464679914735E-16));
#7101=DIRECTION('',(1.22464679914735E-16,0.,-1.));
#7102=DIRECTION('',(-1.22464679914735E-16,0.,1.));
#7103=DIRECTION('center_axis',(-1.,0.,-1.22464679914735E-16));
#7104=DIRECTION('ref_axis',(-1.22464679914735E-16,0.,1.));
#7105=DIRECTION('',(0.,1.,0.));
#7106=DIRECTION('center_axis',(1.,0.,1.22464679914735E-16));
#7107=DIRECTION('ref_axis',(1.22464679914735E-16,0.,-1.));
#7108=DIRECTION('',(0.,-1.,0.));
#7109=DIRECTION('',(-0.0191939045437949,0.019197442399696,-0.99963145820531));
#7110=DIRECTION('center_axis',(-0.000368541793456146,-0.999815712121644,
-0.01919390454379));
#7111=DIRECTION('ref_axis',(-0.999815712121644,-1.23394323188128E-12,0.0191974423996954));
#7112=DIRECTION('',(-0.0191939045437475,-0.0191974423996841,-0.999631458205311));
#7113=DIRECTION('center_axis',(-0.000368541795905671,0.999815712121644,
-0.0191939045437311));
#7114=DIRECTION('ref_axis',(0.999815712121644,1.21671271148538E-12,-0.0191974423996954));
#7115=DIRECTION('center_axis',(-0.965926465659227,0.258815832016096,-0.000654245282329218));
#7116=DIRECTION('ref_axis',(0.258815832016096,0.965913903508052,-0.00496951784915911));
#7117=DIRECTION('',(-0.000654245370598734,-0.0049695181785245,-0.99998743784713));
#7118=DIRECTION('',(-0.000654245370650075,-0.00496951817860803,-0.99998743784713));
#7119=DIRECTION('center_axis',(0.965189381758831,-0.258815833176827,-0.0377335637992232));
#7120=DIRECTION('ref_axis',(-0.258815833176827,-0.965913903196921,0.00496951787144628));
#7121=DIRECTION('',(-0.0377335637169377,0.00496951817853634,-0.99927547856349));
#7122=DIRECTION('',(-0.0377335637168767,0.00496951817856739,-0.999275478563493));
#7123=DIRECTION('center_axis',(-0.965926465659227,0.258815832016096,-0.000654245282327787));
#7124=DIRECTION('ref_axis',(0.258815832016096,0.965913903508052,-0.00496951784915911));
#7125=DIRECTION('',(-0.000654245370603174,-0.0049695181785245,-0.99998743784713));
#7126=DIRECTION('',(-0.000654245370631086,-0.00496951817834179,-0.999987437847131));
#7127=DIRECTION('center_axis',(0.965189381758831,-0.258815833176827,-0.0377335637992246));
#7128=DIRECTION('ref_axis',(-0.258815833176827,-0.965913903196921,0.00496951787144628));
#7129=DIRECTION('',(-0.0377335637169377,0.00496951817853634,-0.99927547856349));
#7130=DIRECTION('',(-0.0377335637169703,0.00496951817863497,-0.999275478563489));
#7131=DIRECTION('center_axis',(-0.996194706218676,0.0871556192298376,-7.30653732314226E-5));
#7132=DIRECTION('ref_axis',(0.0871556192298376,0.99619330329184,-0.00167347338083343));
#7133=DIRECTION('',(-7.30653757339033E-5,-0.00167347340916938,-0.999998597073116));
#7134=DIRECTION('',(-7.30653757177483E-5,-0.00167347340911875,-0.999998597073116));
#7135=DIRECTION('center_axis',(0.995457622621355,-0.0871556193206159,-0.0383147437141346));
#7136=DIRECTION('ref_axis',(-0.087155619320616,-0.996193303283895,0.00167347338257553));
#7137=DIRECTION('',(-0.0383147437118085,0.00167347340918122,-0.999264319337505));
#7138=DIRECTION('',(-0.0383147437117951,0.00167347340918266,-0.999264319337506));
#7139=DIRECTION('center_axis',(-0.996194706218676,0.0871556192298376,-7.30653732311646E-5));
#7140=DIRECTION('ref_axis',(0.0871556192298376,0.99619330329184,-0.00167347338083343));
#7141=DIRECTION('',(-7.30653757339033E-5,-0.00167347340916938,-0.999998597073116));
#7142=DIRECTION('',(-7.30653757495894E-5,-0.00167347340923127,-0.999998597073116));
#7143=DIRECTION('center_axis',(0.995457622621355,-0.0871556193206159,-0.0383147437141375));
#7144=DIRECTION('ref_axis',(-0.0871556193206159,-0.996193303283895,0.00167347338257553));
#7145=DIRECTION('',(-0.0383147437118085,0.00167347340917826,-0.999264319337505));
#7146=DIRECTION('',(-0.0383147437118534,0.00167347340918703,-0.999264319337503));
#7147=DIRECTION('center_axis',(-0.906307787036188,-0.42261826174169,-1.10990693043619E-16));
#7148=DIRECTION('ref_axis',(-0.42261826174169,0.906307787036188,-5.17558101503179E-17));
#7149=DIRECTION('',(1.22464679914735E-16,0.,-1.));
#7150=DIRECTION('',(-0.42261826174169,0.906307787036188,-5.17558101503179E-17));
#7151=DIRECTION('',(1.22464679914735E-16,0.,-1.));
#7152=DIRECTION('center_axis',(-1.22464679914735E-16,0.,1.));
#7153=DIRECTION('ref_axis',(0.906307787036148,0.422618261741777,1.10990693043614E-16));
#7154=DIRECTION('',(1.22464679914735E-16,0.,-1.));
#7155=DIRECTION('center_axis',(-1.22464679914735E-16,0.,1.));
#7156=DIRECTION('ref_axis',(0.906307787036148,0.422618261741777,1.10990693043614E-16));
#7157=DIRECTION('center_axis',(-0.422618261741607,0.906307787036227,-5.17558101503077E-17));
#7158=DIRECTION('ref_axis',(0.906307787036227,0.422618261741607,1.10990693043624E-16));
#7159=DIRECTION('',(1.22464679914735E-16,0.,-1.));
#7160=DIRECTION('',(0.906307787036227,0.422618261741607,1.10990693043624E-16));
#7161=DIRECTION('center_axis',(-1.22464679914735E-16,0.,1.));
#7162=DIRECTION('ref_axis',(0.422618261741712,-0.906307787036178,5.17558101503206E-17));
#7163=DIRECTION('',(1.22464679914735E-16,0.,-1.));
#7164=DIRECTION('center_axis',(-1.22464679914735E-16,0.,1.));
#7165=DIRECTION('ref_axis',(0.422618261741712,-0.906307787036178,5.17558101503206E-17));
#7166=DIRECTION('center_axis',(0.906307787036161,0.422618261741748,1.10990693043616E-16));
#7167=DIRECTION('ref_axis',(0.422618261741748,-0.906307787036161,5.1755810150325E-17));
#7168=DIRECTION('',(1.22464679914735E-16,0.,-1.));
#7169=DIRECTION('',(0.422618261741748,-0.906307787036161,5.1755810150325E-17));
#7170=DIRECTION('center_axis',(-1.22464679914735E-16,0.,1.));
#7171=DIRECTION('ref_axis',(-0.906307787036384,-0.422618261741269,-1.10990693043643E-16));
#7172=DIRECTION('',(1.22464679914735E-16,0.,-1.));
#7173=DIRECTION('center_axis',(-1.22464679914735E-16,0.,1.));
#7174=DIRECTION('ref_axis',(-0.906307787036384,-0.422618261741269,-1.10990693043643E-16));
#7175=DIRECTION('center_axis',(0.422618261741669,-0.906307787036198,5.17558101503153E-17));
#7176=DIRECTION('ref_axis',(-0.906307787036198,-0.422618261741669,-1.1099069304362E-16));
#7177=DIRECTION('',(1.22464679914735E-16,0.,-1.));
#7178=DIRECTION('',(-0.906307787036198,-0.422618261741669,-1.1099069304362E-16));
#7179=DIRECTION('center_axis',(-1.22464679914735E-16,0.,1.));
#7180=DIRECTION('ref_axis',(-0.422618261741948,0.906307787036068,-5.17558101503495E-17));
#7181=DIRECTION('center_axis',(-1.22464679914735E-16,0.,1.));
#7182=DIRECTION('ref_axis',(-0.422618261741948,0.906307787036068,-5.17558101503495E-17));
#7183=DIRECTION('center_axis',(0.965189377473483,-0.258815849169965,-0.0377335637169394));
#7184=DIRECTION('ref_axis',(-0.258815849169965,-0.965913898909993,0.00496951817853021));
#7185=DIRECTION('center_axis',(-0.96592646106285,0.25881584917001,-0.000654245370581794));
#7186=DIRECTION('ref_axis',(0.25881584917001,0.96591389890998,-0.00496951817853113));
#7187=DIRECTION('center_axis',(-0.996194706089544,0.087155620705824,-7.30653757116709E-5));
#7188=DIRECTION('ref_axis',(0.087155620705824,0.99619330316266,-0.00167347340917381));
#7189=DIRECTION('center_axis',(0.995457622500166,-0.087155620705816,-0.0383147437118091));
#7190=DIRECTION('ref_axis',(-0.087155620705816,-0.996193303162661,0.00167347340917367));
#7191=DIRECTION('center_axis',(-0.0874762301083537,-0.996012505648509,-0.0175213514835395));
#7192=DIRECTION('ref_axis',(-0.996012505648509,0.0871398029730407,0.0191244171048166));
#7193=DIRECTION('',(-0.0175213514835449,0.0191244171047994,-0.999663572864687));
#7194=DIRECTION('',(-0.0175213514835442,0.019124417104818,-0.999663572864687));
#7195=DIRECTION('',(-7.30653757368633E-5,-0.00167347340916642,-0.999998597073116));
#7196=DIRECTION('center_axis',(-0.996194706089544,0.0871556207058312,-7.30653757084763E-5));
#7197=DIRECTION('ref_axis',(0.0871556207058311,0.996193303162659,-0.00167347340917399));
#7198=DIRECTION('center_axis',(0.995457622500166,-0.0871556207058099,-0.0383147437118089));
#7199=DIRECTION('ref_axis',(-0.0871556207058099,-0.996193303162661,0.00167347340917353));
#7200=DIRECTION('',(-0.0383147437117822,0.00167347340916947,-0.999264319337506));
#7201=DIRECTION('center_axis',(0.965189377473465,-0.258815849170033,-0.0377335637169419));
#7202=DIRECTION('ref_axis',(-0.258815849170033,-0.965913898909974,0.00496951817853156));
#7203=DIRECTION('',(-0.0377335637169407,0.00496951817853634,-0.99927547856349));
#7204=DIRECTION('center_axis',(-0.965926461062841,0.258815849170043,-0.000654245370577676));
#7205=DIRECTION('ref_axis',(0.258815849170043,0.965913898909972,-0.0049695181785317));
#7206=DIRECTION('',(-0.000654245370614737,-0.00496951817866862,-0.99998743784713));
#7207=DIRECTION('',(-0.0241607984045882,-0.0185435343118213,-0.999536088971118));
#7208=DIRECTION('center_axis',(0.258310631143643,0.965759739095924,-0.0241607984045709));
#7209=DIRECTION('ref_axis',(0.965759739095923,-0.258774542172525,-0.0185435343118344));
#7210=DIRECTION('',(-0.0241607984045829,-0.0185435343116181,-0.999536088971122));
#7211=DIRECTION('',(-0.0191939045437949,0.019197442399696,-0.99963145820531));
#7212=DIRECTION('center_axis',(-0.000368541793456808,-0.999815712121644,
-0.0191939045437899));
#7213=DIRECTION('ref_axis',(-0.999815712121644,-1.23327932068096E-12,0.0191974423996954));
#7214=DIRECTION('center_axis',(-1.,-1.32672052824293E-12,1.17177318424935E-14));
#7215=DIRECTION('ref_axis',(-1.32672052824293E-12,1.,2.54743355326826E-14));
#7216=DIRECTION('',(1.22464679914735E-16,4.70411457770216E-14,-1.));
#7217=DIRECTION('',(-1.17177318425327E-14,3.25605404367304E-14,-1.));
#7218=DIRECTION('',(-0.0191939045437475,-0.0191974423996841,-0.999631458205311));
#7219=DIRECTION('center_axis',(-0.000368541795912295,0.999815712121644,
-0.019193904543731));
#7220=DIRECTION('ref_axis',(0.999815712121644,1.2233386504322E-12,-0.0191974423996954));
#7221=DIRECTION('center_axis',(-0.996194706089544,0.0871556207058246,-7.3065375711672E-5));
#7222=DIRECTION('ref_axis',(0.0871556207058246,0.99619330316266,-0.0016734734091738));
#7223=DIRECTION('',(-7.30653757390631E-5,-0.00167347340898868,-0.999998597073116));
#7224=DIRECTION('',(-0.0208664576039982,-0.0191244171048032,-0.999599343545934));
#7225=DIRECTION('center_axis',(0.0867391465189342,0.996012505648513,-0.0208664576039792));
#7226=DIRECTION('ref_axis',(0.996012505648512,-0.0871398029730001,-0.0191244171048167));
#7227=DIRECTION('',(-0.020866457604026,-0.0191244171050907,-0.999599343545928));
#7228=DIRECTION('',(-0.0383147437118055,0.00167347340918122,-0.999264319337505));
#7229=DIRECTION('center_axis',(0.995457622500166,-0.0871556207058091,-0.0383147437118062));
#7230=DIRECTION('ref_axis',(-0.0871556207058091,-0.996193303162661,0.0016734734091735));
#7231=DIRECTION('center_axis',(0.965189377473483,-0.258815849169966,-0.0377335637169394));
#7232=DIRECTION('ref_axis',(-0.258815849169966,-0.965913898909992,0.00496951817853021));
#7233=DIRECTION('',(-0.0377335637169184,0.00496951817855058,-0.999275478563491));
#7234=DIRECTION('',(-0.0142270106829542,0.0185435343118331,-0.999726827439503));
#7235=DIRECTION('center_axis',(-0.259047714733025,-0.965759739095923,-0.0142270106829471));
#7236=DIRECTION('ref_axis',(-0.965759739095923,0.258774542172528,0.0185435343118344));
#7237=DIRECTION('',(-0.0142270106829875,0.0185435343118196,-0.999726827439502));
#7238=DIRECTION('',(-0.000654245370600214,-0.0049695181785245,-0.99998743784713));
#7239=DIRECTION('center_axis',(-0.965926461062851,0.258815849170005,-0.000654245370580339));
#7240=DIRECTION('ref_axis',(0.258815849170005,0.965913898909982,-0.00496951817853103));
#7241=DIRECTION('center_axis',(-0.00036854179345482,-0.999815712121644,
-0.01919390454379));
#7242=DIRECTION('ref_axis',(-0.999815712121644,-1.23526926534834E-12,0.0191974423996954));
#7243=DIRECTION('',(-0.0191939045437956,0.0191974423996584,-0.999631458205311));
#7244=DIRECTION('',(-0.0191939045436398,-0.0191974423999146,-0.999631458205309));
#7245=DIRECTION('center_axis',(-0.00036854179590567,0.999815712121644,-0.0191939045437311));
#7246=DIRECTION('ref_axis',(0.999815712121644,1.21671363305723E-12,-0.0191974423996953));
#7247=DIRECTION('',(-0.0191939045437475,-0.0191974423996841,-0.999631458205311));
#7248=DIRECTION('center_axis',(-0.000368541793446871,-0.999815712121644,
-0.0191939045437901));
#7249=DIRECTION('ref_axis',(-0.999815712121644,-1.24322015356004E-12,0.0191974423996954));
#7250=DIRECTION('',(-0.0191939045438128,0.0191974423997709,-0.999631458205308));
#7251=DIRECTION('',(-0.0191939045437949,0.019197442399696,-0.99963145820531));
#7252=DIRECTION('',(-1.17177318425327E-14,2.96004913061186E-14,-1.));
#7253=DIRECTION('center_axis',(-1.,-1.31744316709217E-12,1.17177318424937E-14));
#7254=DIRECTION('ref_axis',(-1.31744316709217E-12,1.,2.52751120570168E-14));
#7255=DIRECTION('',(1.22464679914735E-16,0.,-1.));
#7256=DIRECTION('',(-0.0191939045437475,-0.0191974423996841,-0.999631458205311));
#7257=DIRECTION('center_axis',(-0.000368541795906996,0.999815712121644,
-0.0191939045437311));
#7258=DIRECTION('ref_axis',(0.999815712121644,1.21803771496037E-12,-0.0191974423996954));
#7259=DIRECTION('',(-0.0191939045437691,-0.019197442399976,-0.999631458205305));
#7260=DIRECTION('',(-0.0383878090875307,-1.77602947836711E-14,-0.999262916410621));
#7261=DIRECTION('center_axis',(0.999262916410621,1.3386486796598E-12,-0.0383878090875307));
#7262=DIRECTION('ref_axis',(1.33864948922189E-12,-1.,-2.56822942433528E-14));
#7263=DIRECTION('',(-0.0383878090875619,0.,-0.99926291641062));
#7264=DIRECTION('center_axis',(1.22464679914735E-16,0.,-1.));
#7265=DIRECTION('ref_axis',(-1.,0.,-1.22464679914735E-16));
#7266=DIRECTION('',(-1.22464679914735E-16,0.,1.));
#7267=DIRECTION('center_axis',(0.0191974423996896,-6.02739438699089E-15,
0.999815712121644));
#7268=DIRECTION('ref_axis',(-0.999815712121644,0.,0.0191974423996896));
#7269=DIRECTION('center_axis',(-1.22464679914735E-16,0.,1.));
#7270=DIRECTION('ref_axis',(-1.,0.,-1.22464679914735E-16));
#7271=DIRECTION('center_axis',(0.0191974423996896,-6.02739438699089E-15,
0.999815712121644));
#7272=DIRECTION('ref_axis',(-0.999815712121644,0.,0.0191974423996896));
#7273=DIRECTION('',(1.22464679914735E-16,0.,-1.));
#7274=DIRECTION('',(1.22464679914735E-16,0.,-1.));
#7275=DIRECTION('center_axis',(-1.22464679914735E-16,0.,1.));
#7276=DIRECTION('ref_axis',(-1.,0.,-1.22464679914735E-16));
#7277=DIRECTION('center_axis',(-0.99999964065642,0.000847754109771215,-1.22464635907839E-16));
#7278=DIRECTION('ref_axis',(0.000847754109771215,0.99999964065642,1.03819935699533E-19));
#7279=DIRECTION('',(-0.000847754109771215,-0.99999964065642,-1.03819935699533E-19));
#7280=DIRECTION('',(1.22464679914735E-16,0.,-1.));
#7281=DIRECTION('',(0.000847413404341212,0.999999640945197,1.03778211318103E-19));
#7282=DIRECTION('',(1.22464679914735E-16,0.,-1.));
#7283=DIRECTION('center_axis',(-0.999999960948872,-0.000279467807585148,
-1.22464675132351E-16));
#7284=DIRECTION('ref_axis',(-0.000279467807585148,0.999999960948871,-3.4224935602388E-20));
#7285=DIRECTION('',(0.000279467807585148,-0.999999960948871,3.4224935602388E-20));
#7286=DIRECTION('',(1.22464679914735E-16,0.,-1.));
#7287=DIRECTION('',(-0.00027946828101685,0.999999960948739,-3.42249935810498E-20));
#7288=DIRECTION('',(1.22464679914735E-16,0.,-1.));
#7289=DIRECTION('center_axis',(-1.22464679914735E-16,0.,1.));
#7290=DIRECTION('ref_axis',(1.,0.,1.22464679914735E-16));
#7291=DIRECTION('',(1.,1.04837856063793E-12,1.22464679914735E-16));
#7292=DIRECTION('center_axis',(1.22464679914735E-16,0.,-1.));
#7293=DIRECTION('ref_axis',(-1.,0.,-1.22464679914735E-16));
#7294=DIRECTION('center_axis',(1.22464679914735E-16,0.,-1.));
#7295=DIRECTION('ref_axis',(-1.,0.,-1.22464679914735E-16));
#7296=DIRECTION('',(-1.22464679914735E-16,0.,1.));
#7297=DIRECTION('center_axis',(-1.22464679914735E-16,0.,1.));
#7298=DIRECTION('ref_axis',(-1.,0.,-1.22464679914735E-16));
#7299=DIRECTION('',(1.22464679914735E-16,0.,-1.));
#7300=DIRECTION('center_axis',(1.22464679914735E-16,0.,-1.));
#7301=DIRECTION('ref_axis',(-1.,0.,-1.22464679914735E-16));
#7302=DIRECTION('',(3.38277643352321E-12,-1.,4.1427063315453E-28));
#7303=DIRECTION('',(1.,0.,1.22464679914735E-16));
#7304=DIRECTION('',(3.38622690664397E-12,-1.,4.14693194240818E-28));
#7305=DIRECTION('',(1.,0.,1.22464679914735E-16));
#7306=DIRECTION('center_axis',(-1.22464679914735E-16,0.,1.));
#7307=DIRECTION('ref_axis',(1.,0.,1.22464679914735E-16));
#7308=DIRECTION('center_axis',(1.22464679914735E-16,0.,-1.));
#7309=DIRECTION('ref_axis',(0.969877741055909,0.243592215401657,1.18775767114838E-16));
#7310=DIRECTION('',(0.173648502928254,-0.984807695659806,2.12658083287816E-17));
#7311=DIRECTION('center_axis',(-1.22464679914735E-16,0.,1.));
#7312=DIRECTION('ref_axis',(-0.984819477640742,-0.173581670862495,-1.2060560210307E-16));
#7313=DIRECTION('',(1.,2.9998935045963E-11,1.22464679914735E-16));
#7314=DIRECTION('center_axis',(1.22464679914735E-16,0.,-1.));
#7315=DIRECTION('ref_axis',(0.999995507652012,-0.00299744487771072,1.22464129760777E-16));
#7316=DIRECTION('',(-0.000847413404341212,-0.999999640945197,-1.03778211318103E-19));
#7317=DIRECTION('center_axis',(-1.22464679914735E-16,0.,1.));
#7318=DIRECTION('ref_axis',(-0.999999702286611,0.000771638963697421,-1.2246464345536E-16));
#7319=DIRECTION('',(0.965925795002573,-0.258819161865284,1.18291793306376E-16));
#7320=DIRECTION('center_axis',(1.22464679914735E-16,0.,-1.));
#7321=DIRECTION('ref_axis',(0.961722420232893,-0.274025521478177,1.17777028360646E-16));
#7322=DIRECTION('',(-0.258819068444375,-0.965925820034637,-3.16961943728704E-17));
#7323=DIRECTION('center_axis',(-1.22464679914735E-16,0.,1.));
#7324=DIRECTION('ref_axis',(-0.991463089084554,0.130387664228306,-1.21419209852015E-16));
#7325=DIRECTION('',(0.00027946828101685,-0.999999960948739,3.42249935810498E-20));
#7326=DIRECTION('center_axis',(1.22464679914735E-16,0.,-1.));
#7327=DIRECTION('ref_axis',(-2.07186658756551E-5,-0.999999999785368,-2.53730478472245E-21));
#7328=DIRECTION('',(-1.,8.7788324927087E-11,-1.22464679914735E-16));
#7329=DIRECTION('center_axis',(1.22464679914735E-16,0.,-1.));
#7330=DIRECTION('ref_axis',(-0.0584285336176736,-0.99829159390395,-7.15543166737575E-18));
#7331=DIRECTION('center_axis',(-1.22464679914735E-16,0.,1.));
#7332=DIRECTION('ref_axis',(0.200647908847991,0.979663420096376,2.45722819326302E-17));
#7333=DIRECTION('center_axis',(-1.22464679914735E-16,0.,1.));
#7334=DIRECTION('ref_axis',(-0.300892327794018,0.953658118549146,-3.6848682612094E-17));
#7335=DIRECTION('',(-0.911040253068133,-0.412317422975979,-1.11570252981428E-16));
#7336=DIRECTION('center_axis',(1.22464679914735E-16,0.,-1.));
#7337=DIRECTION('ref_axis',(-0.906305957476564,-0.422622185222794,-1.10990468987185E-16));
#7338=DIRECTION('',(-0.422618231040992,0.906307801352158,-5.17558063905667E-17));
#7339=DIRECTION('center_axis',(1.22464679914735E-16,0.,-1.));
#7340=DIRECTION('ref_axis',(-0.416640472839898,0.909071348350473,-5.10237421458621E-17));
#7341=DIRECTION('',(0.90908405865755,0.416612738997161,1.11330688259085E-16));
#7342=DIRECTION('center_axis',(-1.22464679914735E-16,0.,1.));
#7343=DIRECTION('ref_axis',(0.961513522584575,-0.274757612973694,1.1775144577701E-16));
#7344=DIRECTION('',(-3.38622690664397E-12,1.,-4.14693194240818E-28));
#7345=DIRECTION('center_axis',(1.22464679914735E-16,0.,-1.));
#7346=DIRECTION('ref_axis',(-9.10219582545865E-6,0.999999999958575,-1.11469749828603E-21));
#7347=DIRECTION('',(1.,-3.13722250862034E-13,1.22464679914735E-16));
#7348=DIRECTION('center_axis',(-1.22464679914735E-16,0.,1.));
#7349=DIRECTION('ref_axis',(0.58781633322169,-0.808994411845847,7.19867390966477E-17));
#7350=DIRECTION('center_axis',(1.22464679914735E-16,0.,-1.));
#7351=DIRECTION('ref_axis',(-1.88632334730793E-6,0.999999999998221,-2.31007984943758E-22));
#7352=DIRECTION('',(1.,-1.73103191376008E-13,1.22464679914735E-16));
#7353=DIRECTION('center_axis',(-1.22464679914735E-16,0.,1.));
#7354=DIRECTION('ref_axis',(0.587812717650145,-0.808997038912227,7.19862963168357E-17));
#7355=DIRECTION('center_axis',(1.22464679914735E-16,0.,-1.));
#7356=DIRECTION('ref_axis',(-1.87232016606567E-5,0.999999999824721,-2.29293089835136E-21));
#7357=DIRECTION('',(1.,-2.4672236036754E-13,1.22464679914735E-16));
#7358=DIRECTION('center_axis',(1.22464679914735E-16,0.,-1.));
#7359=DIRECTION('ref_axis',(0.954304255371959,0.298836724950217,1.16868565175397E-16));
#7360=DIRECTION('',(1.,1.04837856063793E-12,1.22464679914735E-16));
#7361=DIRECTION('center_axis',(1.22464679914735E-16,0.,-1.));
#7362=DIRECTION('ref_axis',(-0.999999999926356,1.21362285270238E-5,-1.22464679905717E-16));
#7363=DIRECTION('',(-3.38277643352321E-12,1.,-4.1427063315453E-28));
#7364=DIRECTION('center_axis',(-1.22464679914735E-16,0.,1.));
#7365=DIRECTION('ref_axis',(0.974900123424863,-0.222642649432195,1.19390831564062E-16));
#7366=DIRECTION('',(0.90908405862883,0.416612739059829,1.11330688255568E-16));
#7367=DIRECTION('center_axis',(1.22464679914735E-16,0.,-1.));
#7368=DIRECTION('ref_axis',(-0.906325018017988,-0.422581307815069,-1.1099280323029E-16));
#7369=DIRECTION('',(-0.422618231041533,0.906307801351906,-5.1755806390633E-17));
#7370=DIRECTION('center_axis',(1.22464679914735E-16,0.,-1.));
#7371=DIRECTION('ref_axis',(0.412314236308531,-0.911041695279262,5.04939309738128E-17));
#7372=DIRECTION('',(-0.911040253068134,-0.412317422975976,-1.11570252981429E-16));
#7373=DIRECTION('center_axis',(-1.22464679914735E-16,0.,1.));
#7374=DIRECTION('ref_axis',(-0.412317422975986,0.91104025306813,-5.04943212280226E-17));
#7375=DIRECTION('center_axis',(-1.22464679914735E-16,0.,1.));
#7376=DIRECTION('ref_axis',(-0.185184982862415,0.982703679713395,-2.26786196512614E-17));
#7377=DIRECTION('center_axis',(1.22464679914735E-16,0.,-1.));
#7378=DIRECTION('ref_axis',(-8.77862352504298E-11,-1.,-1.07507132008635E-26));
#7379=DIRECTION('',(-1.,7.76422549841499E-11,-1.22464679914735E-16));
#7380=DIRECTION('center_axis',(1.22464679914735E-16,0.,-1.));
#7381=DIRECTION('ref_axis',(0.999999999990602,4.33546149398704E-6,1.22464679913584E-16));
#7382=DIRECTION('center_axis',(-1.22464679914735E-16,0.,1.));
#7383=DIRECTION('ref_axis',(-0.999999955184456,-0.000299384513650841,-1.22464674426414E-16));
#7384=DIRECTION('',(-0.258819068458125,-0.965925820030953,-3.16961943745542E-17));
#7385=DIRECTION('center_axis',(1.22464679914735E-16,0.,-1.));
#7386=DIRECTION('ref_axis',(0.255081891874791,0.966919452921275,3.12385222404914E-17));
#7387=DIRECTION('',(0.965925795022248,-0.258819161791853,1.18291793308786E-16));
#7388=DIRECTION('center_axis',(-1.22464679914735E-16,0.,1.));
#7389=DIRECTION('ref_axis',(-0.258838146361615,-0.965920707919694,-3.16985307438986E-17));
#7390=DIRECTION('center_axis',(1.22464679914735E-16,0.,-1.));
#7391=DIRECTION('ref_axis',(8.50808117090312E-5,0.999999996380628,1.04193943728324E-20));
#7392=DIRECTION('',(1.,1.55930146733518E-11,1.22464679914735E-16));
#7393=DIRECTION('center_axis',(-1.22464679914735E-16,0.,1.));
#7394=DIRECTION('ref_axis',(1.76078317344278E-5,-0.999999999844982,2.15633747734922E-21));
#7395=DIRECTION('',(0.173648502928255,-0.984807695659805,2.12658083287817E-17));
#7396=DIRECTION('center_axis',(1.22464679914735E-16,0.,-1.));
#7397=DIRECTION('ref_axis',(-8.85903202534235E-6,0.999999999960759,-1.08491852133794E-21));
#7398=DIRECTION('',(1.,1.05972147018826E-11,1.22464679914735E-16));
#7399=DIRECTION('center_axis',(1.22464679914735E-16,0.,-1.));
#7400=DIRECTION('ref_axis',(-0.98477917993405,0.173810145758008,-1.20600667057319E-16));
#7401=DIRECTION('',(0.173784383576458,0.984783726523215,2.12824489088705E-17));
#7402=DIRECTION('',(1.,-4.26711135196963E-14,1.22464679914735E-16));
#7403=DIRECTION('center_axis',(1.22464679914735E-16,0.,-1.));
#7404=DIRECTION('ref_axis',(-0.984783293437039,0.173786837727428,-1.20601170816146E-16));
#7405=DIRECTION('',(0.173784383576552,0.984783726523199,2.1282448908882E-17));
#7406=DIRECTION('',(1.,1.04837856063793E-12,1.22464679914735E-16));
#7407=DIRECTION('center_axis',(-1.,-3.37507799676095E-12,-1.22464679914735E-16));
#7408=DIRECTION('ref_axis',(1.22464679914735E-16,0.,-1.));
#7409=DIRECTION('center_axis',(1.,3.38622690664397E-12,1.22464679914735E-16));
#7410=DIRECTION('ref_axis',(1.22464679914735E-16,0.,-1.));
#7411=DIRECTION('',(-0.70710678098672,-2.38654053786874E-12,-0.707106781386375));
#7412=DIRECTION('center_axis',(-1.,-3.38622690664397E-12,-1.22464679914735E-16));
#7413=DIRECTION('ref_axis',(1.22464679914735E-16,0.,-1.));
#7414=DIRECTION('center_axis',(0.707106781186542,2.39442400832428E-12,-0.707106781186553));
#7415=DIRECTION('ref_axis',(-0.707106781186553,0.,-0.707106781186542));
#7416=DIRECTION('',(-0.707106781186553,-2.38654053719932E-12,-0.707106781186542));
#7417=DIRECTION('',(-3.38622690664397E-12,1.,-4.14693194240818E-28));
#7418=DIRECTION('center_axis',(-1.,-3.37507799708698E-12,-1.22464679914735E-16));
#7419=DIRECTION('ref_axis',(3.37507799708698E-12,-1.,-3.61636164372972E-15));
#7420=DIRECTION('center_axis',(-1.,-3.38622690664397E-12,-1.22464679914735E-16));
#7421=DIRECTION('ref_axis',(3.38622690664397E-12,-1.,-3.61636164372972E-15));
#7422=DIRECTION('center_axis',(1.,3.38622690664397E-12,1.22464679914735E-16));
#7423=DIRECTION('ref_axis',(3.38622690664397E-12,-1.,-3.61636164372972E-15));
#7424=DIRECTION('center_axis',(-1.22464679914735E-16,0.,1.));
#7425=DIRECTION('ref_axis',(-1.,0.,-1.22464679914735E-16));
#7426=DIRECTION('',(0.995234226312889,-0.0975132543574712,-1.25969847485155E-13));
#7427=DIRECTION('',(1.20456247826723E-15,1.,1.47516358338297E-31));
#7428=DIRECTION('center_axis',(-1.22464679914735E-16,0.,1.));
#7429=DIRECTION('ref_axis',(0.200647908847991,0.979663420096376,2.45722819326302E-17));
#7430=DIRECTION('center_axis',(1.22464679914735E-16,0.,-1.));
#7431=DIRECTION('ref_axis',(-0.0584285336176736,-0.99829159390395,-7.15543166737575E-18));
#7432=DIRECTION('',(0.,-1.,0.));
#7433=DIRECTION('center_axis',(1.22464679914735E-16,0.,-1.));
#7434=DIRECTION('ref_axis',(-0.0584285336176736,-0.99829159390395,-7.15543166737575E-18));
#7435=DIRECTION('center_axis',(-1.22464679914735E-16,0.,1.));
#7436=DIRECTION('ref_axis',(0.200647908847991,0.979663420096376,2.45722819326302E-17));
#7437=DIRECTION('center_axis',(-1.,-3.37507799741624E-12,-1.22464679914735E-16));
#7438=DIRECTION('ref_axis',(1.22464679914735E-16,0.,-1.));
#7439=DIRECTION('center_axis',(1.,3.38622690664397E-12,1.22464679914735E-16));
#7440=DIRECTION('ref_axis',(1.22464679914735E-16,0.,-1.));
#7441=DIRECTION('',(-0.707106780918291,-2.38654053810115E-12,-0.707106781454804));
#7442=DIRECTION('center_axis',(-1.,-3.38622690664397E-12,-1.22464679914735E-16));
#7443=DIRECTION('ref_axis',(1.22464679914735E-16,0.,-1.));
#7444=DIRECTION('center_axis',(0.707106781186555,2.39442400832432E-12,-0.70710678118654));
#7445=DIRECTION('ref_axis',(-0.70710678118654,0.,-0.707106781186555));
#7446=DIRECTION('',(-0.707106781186535,-2.38654053719934E-12,-0.70710678118656));
#7447=DIRECTION('',(3.38622690664397E-12,-1.,4.14693194240818E-28));
#7448=DIRECTION('',(-3.38622690664397E-12,1.,-4.14693194240818E-28));
#7449=DIRECTION('center_axis',(-1.,-3.37507799753891E-12,-1.22464679914735E-16));
#7450=DIRECTION('ref_axis',(3.37507799753891E-12,-1.,4.13327846655868E-28));
#7451=DIRECTION('center_axis',(-1.,-3.38622690664397E-12,-1.22464679914735E-16));
#7452=DIRECTION('ref_axis',(3.38622690664397E-12,-1.,4.14693194240818E-28));
#7453=DIRECTION('center_axis',(1.,3.38622690664397E-12,1.22464679914735E-16));
#7454=DIRECTION('ref_axis',(3.38622690664397E-12,-1.,4.14693194240818E-28));
#7455=DIRECTION('center_axis',(-1.22464679914735E-16,0.,1.));
#7456=DIRECTION('ref_axis',(0.,1.,0.));
#7457=DIRECTION('',(-1.,0.,-1.22464679914735E-16));
#7458=DIRECTION('',(-3.38622690664397E-12,1.,-4.14693194240818E-28));
#7459=DIRECTION('',(-1.,0.,-1.22464679914735E-16));
#7460=DIRECTION('center_axis',(-0.999999640945197,0.000847413404341212,
-1.22464635943204E-16));
#7461=DIRECTION('ref_axis',(0.000847413404341212,0.999999640945197,1.03778211318103E-19));
#7462=DIRECTION('',(1.22464679914735E-16,0.,-1.));
#7463=DIRECTION('',(-0.000847754092139765,-0.999999640656435,-1.03819933540303E-19));
#7464=DIRECTION('',(1.22464679914735E-16,0.,-1.));
#7465=DIRECTION('center_axis',(-0.258819161865284,-0.965925795002573,-3.16962058136321E-17));
#7466=DIRECTION('ref_axis',(-0.965925795002573,0.258819161865284,-1.18291793306376E-16));
#7467=DIRECTION('',(1.22464679914735E-16,0.,-1.));
#7468=DIRECTION('',(0.965925794963204,-0.258819162012211,1.18291793301555E-16));
#7469=DIRECTION('',(-1.22464679914735E-16,0.,1.));
#7470=DIRECTION('center_axis',(-1.22464679914735E-16,0.,1.));
#7471=DIRECTION('ref_axis',(-1.,0.,-1.22464679914735E-16));
#7472=DIRECTION('',(-1.,-1.04837856063793E-12,-1.22464679914735E-16));
#7473=DIRECTION('',(-4.27509741759549E-8,0.999999999999999,-5.23548436850143E-24));
#7474=DIRECTION('center_axis',(1.22464679914735E-16,0.,-1.));
#7475=DIRECTION('ref_axis',(1.,0.,1.22464679914735E-16));
#7476=DIRECTION('center_axis',(1.22464679914735E-16,0.,-1.));
#7477=DIRECTION('ref_axis',(1.,0.,1.22464679914735E-16));
#7478=DIRECTION('',(-1.22464679914735E-16,0.,1.));
#7479=DIRECTION('center_axis',(1.22464679914735E-16,0.,-1.));
#7480=DIRECTION('ref_axis',(1.,0.,1.22464679914735E-16));
#7481=DIRECTION('center_axis',(1.22464679914735E-16,0.,-1.));
#7482=DIRECTION('ref_axis',(1.,0.,1.22464679914735E-16));
#7483=DIRECTION('center_axis',(1.22464679914735E-16,0.,-1.));
#7484=DIRECTION('ref_axis',(1.,0.,1.22464679914735E-16));
#7485=DIRECTION('center_axis',(1.22464679914735E-16,0.,-1.));
#7486=DIRECTION('ref_axis',(1.,0.,1.22464679914735E-16));
#7487=DIRECTION('',(-1.22464679914735E-16,0.,1.));
#7488=DIRECTION('center_axis',(1.22464679914735E-16,0.,-1.));
#7489=DIRECTION('ref_axis',(1.,0.,1.22464679914735E-16));
#7490=DIRECTION('center_axis',(1.22464679914735E-16,0.,-1.));
#7491=DIRECTION('ref_axis',(1.,0.,1.22464679914735E-16));
#7492=DIRECTION('center_axis',(1.22464679914735E-16,0.,-1.));
#7493=DIRECTION('ref_axis',(1.,0.,1.22464679914735E-16));
#7494=DIRECTION('center_axis',(1.22464679914735E-16,0.,-1.));
#7495=DIRECTION('ref_axis',(1.,0.,1.22464679914735E-16));
#7496=DIRECTION('',(-1.22464679914735E-16,0.,1.));
#7497=DIRECTION('center_axis',(1.22464679914735E-16,0.,-1.));
#7498=DIRECTION('ref_axis',(1.,0.,1.22464679914735E-16));
#7499=DIRECTION('center_axis',(1.22464679914735E-16,0.,-1.));
#7500=DIRECTION('ref_axis',(1.,0.,1.22464679914735E-16));
#7501=DIRECTION('center_axis',(1.22464679914735E-16,0.,-1.));
#7502=DIRECTION('ref_axis',(1.,0.,1.22464679914735E-16));
#7503=DIRECTION('center_axis',(1.22464679914735E-16,0.,-1.));
#7504=DIRECTION('ref_axis',(1.,0.,1.22464679914735E-16));
#7505=DIRECTION('',(-1.22464679914735E-16,0.,1.));
#7506=DIRECTION('center_axis',(1.22464679914735E-16,0.,-1.));
#7507=DIRECTION('ref_axis',(1.,0.,1.22464679914735E-16));
#7508=DIRECTION('center_axis',(1.22464679914735E-16,0.,-1.));
#7509=DIRECTION('ref_axis',(1.,0.,1.22464679914735E-16));
#7510=DIRECTION('center_axis',(1.22464679914735E-16,0.,-1.));
#7511=DIRECTION('ref_axis',(1.,0.,1.22464679914735E-16));
#7512=DIRECTION('',(1.22464679914735E-16,0.,-1.));
#7513=DIRECTION('center_axis',(-1.22464679914735E-16,0.,1.));
#7514=DIRECTION('ref_axis',(1.,0.,1.22464679914735E-16));
#7515=DIRECTION('center_axis',(1.22464679914735E-16,0.,-1.));
#7516=DIRECTION('ref_axis',(-1.,0.,-1.22464679914735E-16));
#7517=DIRECTION('center_axis',(1.22464679914735E-16,0.,-1.));
#7518=DIRECTION('ref_axis',(1.,0.,1.22464679914735E-16));
#7519=DIRECTION('',(1.22464679914735E-16,0.,-1.));
#7520=DIRECTION('center_axis',(-1.22464679914735E-16,0.,1.));
#7521=DIRECTION('ref_axis',(1.,0.,1.22464679914735E-16));
#7522=DIRECTION('center_axis',(1.22464679914735E-16,0.,-1.));
#7523=DIRECTION('ref_axis',(-1.,0.,-1.22464679914735E-16));
#7524=DIRECTION('center_axis',(1.22464679914735E-16,0.,-1.));
#7525=DIRECTION('ref_axis',(-1.,0.,-1.22464679914735E-16));
#7526=DIRECTION('',(1.22464679914735E-16,0.,-1.));
#7527=DIRECTION('center_axis',(-1.22464679914735E-16,0.,1.));
#7528=DIRECTION('ref_axis',(-1.,0.,-1.22464679914735E-16));
#7529=DIRECTION('',(-1.22464679914735E-16,0.,1.));
#7530=DIRECTION('center_axis',(1.,0.,1.22464679914735E-16));
#7531=DIRECTION('ref_axis',(0.,1.,0.));
#7532=DIRECTION('',(4.0752773549769E-11,-1.,4.99077536841015E-27));
#7533=DIRECTION('',(-1.22464679914735E-16,0.,1.));
#7534=DIRECTION('center_axis',(-0.999999999999999,-4.27509741759549E-8,
-1.22464679914735E-16));
#7535=DIRECTION('ref_axis',(-4.27509741759549E-8,0.999999999999999,-5.23548436850143E-24));
#7536=DIRECTION('',(-1.22464679914735E-16,0.,1.));
#7537=DIRECTION('center_axis',(0.999999999999999,4.27509699991169E-8,1.22464679914735E-16));
#7538=DIRECTION('ref_axis',(4.27509699991169E-8,-0.999999999999999,5.2354838569863E-24));
#7539=DIRECTION('',(-4.27509699991169E-8,0.999999999999999,-5.23548385698631E-24));
#7540=DIRECTION('',(1.22464679914735E-16,0.,-1.));
#7541=DIRECTION('',(4.27509699991169E-8,-0.999999999999999,5.23548385698631E-24));
#7542=DIRECTION('center_axis',(-3.13722250862034E-13,-1.,-3.84198950339493E-29));
#7543=DIRECTION('ref_axis',(1.,-3.13722250862034E-13,1.22464679914735E-16));
#7544=DIRECTION('',(-1.,3.13722250862034E-13,-1.22464679914735E-16));
#7545=DIRECTION('',(-1.22464679914735E-16,0.,1.));
#7546=DIRECTION('',(1.22464679914735E-16,0.,-1.));
#7547=DIRECTION('',(-1.,-1.04837856063793E-12,-1.22464679914735E-16));
#7548=DIRECTION('',(-1.,-1.04837856063793E-12,-1.22464679914735E-16));
#7549=DIRECTION('center_axis',(1.,4.07492943448843E-11,1.22464679914735E-16));
#7550=DIRECTION('ref_axis',(4.07492943448843E-11,-1.,4.99034928869759E-27));
#7551=DIRECTION('',(1.22464679914735E-16,0.,-1.));
#7552=DIRECTION('',(-4.07492943448843E-11,1.,-4.99034928869759E-27));
#7553=DIRECTION('',(-1.22464679914735E-16,0.,1.));
#7554=DIRECTION('center_axis',(-6.4013196939936E-16,-1.,-7.83935567356818E-32));
#7555=DIRECTION('ref_axis',(1.,-6.4013196939936E-16,1.22464679914735E-16));
#7556=DIRECTION('',(-1.22464679914735E-16,0.,1.));
#7557=DIRECTION('',(1.,0.,1.22464679914735E-16));
#7558=DIRECTION('center_axis',(1.22464679914735E-16,0.,-1.));
#7559=DIRECTION('ref_axis',(-1.,0.,-1.22464679914735E-16));
#7560=DIRECTION('center_axis',(-1.22464679914735E-16,0.,1.));
#7561=DIRECTION('ref_axis',(-1.,0.,-1.22464679914735E-16));
#7562=DIRECTION('',(-1.22464679914735E-16,0.,1.));
#7563=DIRECTION('center_axis',(1.,0.,1.22464679914735E-16));
#7564=DIRECTION('ref_axis',(0.,1.,0.));
#7565=DIRECTION('',(4.0752773549769E-11,-1.,4.99077536841015E-27));
#7566=DIRECTION('center_axis',(1.,-1.20456247826723E-15,1.22464679914735E-16));
#7567=DIRECTION('ref_axis',(1.20456247826723E-15,1.,1.47516358338297E-31));
#7568=DIRECTION('',(1.20456247826723E-15,1.,1.47516358338297E-31));
#7569=DIRECTION('',(-1.22464679914735E-16,0.,1.));
#7570=DIRECTION('',(9.36273095160712E-10,-1.,-3.59609851289761E-11));
#7571=DIRECTION('',(1.22464679914735E-16,0.,-1.));
#7572=DIRECTION('',(-1.22464662094392E-16,0.000539470368915311,0.99999985448585));
#7573=DIRECTION('',(-1.22464662096058E-16,0.000539445138200337,0.999999854499461));
#7574=DIRECTION('',(-1.22464662100337E-16,0.000539380368046762,0.999999854534399));
#7575=DIRECTION('',(1.22464679914735E-16,0.,-1.));
#7576=DIRECTION('',(-1.22464679914735E-16,0.,1.));
#7577=DIRECTION('center_axis',(1.22464679914735E-16,0.,-1.));
#7578=DIRECTION('ref_axis',(0.,1.,0.));
#7579=DIRECTION('center_axis',(1.22464679914735E-16,0.,-1.));
#7580=DIRECTION('ref_axis',(0.,1.,0.));
#7581=DIRECTION('',(1.22464679914735E-16,0.,-1.));
#7582=DIRECTION('',(-1.22464679914735E-16,0.,1.));
#7583=DIRECTION('center_axis',(0.,-1.,0.));
#7584=DIRECTION('ref_axis',(1.,0.,1.22464679914735E-16));
#7585=DIRECTION('',(1.,0.,1.22464679914735E-16));
#7586=DIRECTION('',(-1.22464679914735E-16,0.,1.));
#7587=DIRECTION('center_axis',(-1.,0.,-1.22464679914735E-16));
#7588=DIRECTION('ref_axis',(0.,-1.,0.));
#7589=DIRECTION('',(0.,-1.,0.));
#7590=DIRECTION('',(1.22464679914735E-16,0.,-1.));
#7591=DIRECTION('',(1.22464679914735E-16,0.,-1.));
#7592=DIRECTION('',(-1.22464679914735E-16,0.,1.));
#7593=DIRECTION('center_axis',(1.22464679914735E-16,0.,-1.));
#7594=DIRECTION('ref_axis',(-1.,-8.88178419700136E-15,-1.22464679914735E-16));
#7595=DIRECTION('center_axis',(1.22464679914735E-16,0.,-1.));
#7596=DIRECTION('ref_axis',(-1.,-8.88178419700136E-15,-1.22464679914735E-16));
#7597=DIRECTION('',(0.995206838869647,-0.0975575810211631,-0.0067724628004337));
#7598=DIRECTION('',(0.0190629327594868,-0.00124178799788885,0.999817514628132));
#7599=DIRECTION('',(-0.99503973693844,0.0976262907780116,0.0191057389913817));
#7600=DIRECTION('center_axis',(0.0976441138840836,0.995221395983724,1.19579551523723E-17));
#7601=DIRECTION('ref_axis',(-0.995221395983724,0.0976441138840836,-1.21879469703443E-16));
#7602=DIRECTION('',(-1.22464679914735E-16,0.,1.));
#7603=DIRECTION('center_axis',(0.0975132543574551,0.995234226312891,1.19419294823299E-17));
#7604=DIRECTION('ref_axis',(-0.995234226312891,0.097513254357455,-1.21881040965597E-16));
#7605=DIRECTION('',(-0.995234226312891,0.0975132543574551,-1.21881040965597E-16));
#7606=DIRECTION('center_axis',(1.22464679914735E-16,0.,-1.));
#7607=DIRECTION('ref_axis',(-1.,0.,-1.22464679914735E-16));
#7608=DIRECTION('',(1.,0.,1.22464679914735E-16));
#7609=DIRECTION('center_axis',(1.22464679914735E-16,0.,-1.));
#7610=DIRECTION('ref_axis',(-8.77881339187684E-11,-1.,-1.07509457206739E-26));
#7611=DIRECTION('center_axis',(1.22464679914735E-16,0.,-1.));
#7612=DIRECTION('ref_axis',(-8.77881339187684E-11,-1.,-1.07509457206739E-26));
#7613=DIRECTION('center_axis',(1.22464679914735E-16,0.,-1.));
#7614=DIRECTION('ref_axis',(-0.0584285336176736,-0.99829159390395,-7.15543166737575E-18));
#7615=DIRECTION('',(1.22464679914735E-16,0.,-1.));
#7616=DIRECTION('',(1.22464679914735E-16,0.,-1.));
#7617=DIRECTION('center_axis',(-1.22464679914735E-16,0.,1.));
#7618=DIRECTION('ref_axis',(-1.,0.,-1.22464679914735E-16));
#7619=DIRECTION('center_axis',(0.,-1.,0.));
#7620=DIRECTION('ref_axis',(1.,0.,1.22464679914735E-16));
#7621=DIRECTION('center_axis',(0.0191974423996902,-5.65347255968274E-15,
0.999815712121644));
#7622=DIRECTION('ref_axis',(0.999815712121644,0.,-0.0191974423996902));
#7623=DIRECTION('center_axis',(0.0191974423996737,3.57534417174171E-13,
0.999815712121645));
#7624=DIRECTION('ref_axis',(0.0649763644830252,0.997886023315299,-0.00124760993424765));
#7625=DIRECTION('center_axis',(1.22464679914735E-16,0.,-1.));
#7626=DIRECTION('ref_axis',(0.200647908847991,0.979663420096376,2.45722819326302E-17));
#7627=DIRECTION('center_axis',(0.994000529133346,-0.107697172138402,-0.019085785182157));
#7628=DIRECTION('ref_axis',(0.0189747368218565,-0.00205585956736468,0.999817849812645));
#7629=DIRECTION('',(1.22464679914735E-16,0.,-1.));
#7630=DIRECTION('center_axis',(1.22464679914735E-16,0.,-1.));
#7631=DIRECTION('ref_axis',(1.,0.,1.22464679914735E-16));
#7632=DIRECTION('center_axis',(1.22464679914735E-16,0.,-1.));
#7633=DIRECTION('ref_axis',(1.,0.,1.22464679914735E-16));
#7634=DIRECTION('',(-1.22464679914735E-16,0.,1.));
#7635=DIRECTION('center_axis',(1.22464679914735E-16,0.,-1.));
#7636=DIRECTION('ref_axis',(1.,0.,1.22464679914735E-16));
#7637=DIRECTION('center_axis',(1.22464679914735E-16,0.,-1.));
#7638=DIRECTION('ref_axis',(1.,0.,1.22464679914735E-16));
#7639=DIRECTION('center_axis',(1.22464679914735E-16,0.,-1.));
#7640=DIRECTION('ref_axis',(-1.,0.,-1.22464679914735E-16));
#7641=DIRECTION('center_axis',(0.707106781186573,-0.707106781186522,8.65956056235524E-17));
#7642=DIRECTION('ref_axis',(1.22464679914735E-16,0.,-1.));
#7643=DIRECTION('',(1.22464679914735E-16,0.,-1.));
#7644=DIRECTION('',(0.707106781186522,0.707106781186573,8.65956056235462E-17));
#7645=DIRECTION('',(1.22464679914735E-16,0.,-1.));
#7646=DIRECTION('center_axis',(-3.14709141271191E-13,-1.,-3.85407542520176E-29));
#7647=DIRECTION('ref_axis',(1.,-3.14709141271191E-13,1.22464679914735E-16));
#7648=DIRECTION('',(1.,-3.14709141271191E-13,1.22464679914735E-16));
#7649=DIRECTION('',(-0.999815712121644,3.14651144191247E-13,0.0191974423996896));
#7650=DIRECTION('',(1.22464679914735E-16,0.,-1.));
#7651=DIRECTION('center_axis',(1.22464679914735E-16,0.,-1.));
#7652=DIRECTION('ref_axis',(1.,0.,1.22464679914735E-16));
#7653=DIRECTION('center_axis',(1.22464679914735E-16,0.,-1.));
#7654=DIRECTION('ref_axis',(1.,0.,1.22464679914735E-16));
#7655=DIRECTION('',(-1.22464679914735E-16,0.,1.));
#7656=DIRECTION('center_axis',(1.22464679914735E-16,0.,-1.));
#7657=DIRECTION('ref_axis',(1.,0.,1.22464679914735E-16));
#7658=DIRECTION('center_axis',(1.22464679914735E-16,0.,-1.));
#7659=DIRECTION('ref_axis',(1.,0.,1.22464679914735E-16));
#7660=DIRECTION('center_axis',(1.22464679914735E-16,0.,-1.));
#7661=DIRECTION('ref_axis',(1.,0.,1.22464679914735E-16));
#7662=DIRECTION('',(1.22464679914735E-16,0.,-1.));
#7663=DIRECTION('center_axis',(1.22464679914735E-16,0.,-1.));
#7664=DIRECTION('ref_axis',(1.,0.,1.22464679914735E-16));
#7665=DIRECTION('center_axis',(-1.22464679914735E-16,0.,1.));
#7666=DIRECTION('ref_axis',(1.,0.,1.22464679914735E-16));
#7667=DIRECTION('center_axis',(0.,-1.,0.));
#7668=DIRECTION('ref_axis',(-1.,0.,-1.22464679914735E-16));
#7669=DIRECTION('',(1.,-3.13651910387461E-13,1.22464679914735E-16));
#7670=DIRECTION('',(1.,-3.13651910387461E-13,1.22464679914735E-16));
#7671=DIRECTION('',(0.999815712121644,-3.13594108142353E-13,-0.0191974423996896));
#7672=DIRECTION('',(1.22464679914735E-16,0.,-1.));
#7673=DIRECTION('',(1.22464679914735E-16,0.,-1.));
#7674=DIRECTION('center_axis',(1.22464679914735E-16,0.,-1.));
#7675=DIRECTION('ref_axis',(0.954304255371959,0.298836724950217,1.16868565175397E-16));
#7676=DIRECTION('',(1.22464679914735E-16,0.,-1.));
#7677=DIRECTION('',(1.22464679914735E-16,0.,-1.));
#7678=DIRECTION('center_axis',(-2.4672236036754E-13,-1.,-3.02147748902188E-29));
#7679=DIRECTION('ref_axis',(1.,-2.4672236036754E-13,1.22464679914735E-16));
#7680=DIRECTION('',(1.22464679914735E-16,0.,-1.));
#7681=DIRECTION('center_axis',(1.22464679914735E-16,0.,-1.));
#7682=DIRECTION('ref_axis',(-1.87232016606567E-5,0.999999999824721,-2.29293089835136E-21));
#7683=DIRECTION('',(1.22464679914735E-16,0.,-1.));
#7684=DIRECTION('center_axis',(0.984783726523209,-0.173784383576496,1.20601223853905E-16));
#7685=DIRECTION('ref_axis',(0.173784383576496,0.984783726523208,2.12824489088752E-17));
#7686=DIRECTION('',(1.22464679914735E-16,0.,-1.));
#7687=DIRECTION('center_axis',(-1.73103191376008E-13,-1.,-2.1199026924082E-29));
#7688=DIRECTION('ref_axis',(1.,-1.73103191376008E-13,1.22464679914735E-16));
#7689=DIRECTION('',(1.22464679914735E-16,0.,-1.));
#7690=DIRECTION('center_axis',(1.22464679914735E-16,0.,-1.));
#7691=DIRECTION('ref_axis',(-1.88632334730793E-6,0.999999999998221,-2.31007984943758E-22));
#7692=DIRECTION('',(1.22464679914735E-16,0.,-1.));
#7693=DIRECTION('center_axis',(0.984783726523202,-0.173784383576532,1.20601223853904E-16));
#7694=DIRECTION('ref_axis',(0.173784383576532,0.984783726523202,2.12824489088796E-17));
#7695=DIRECTION('center_axis',(1.22464679914735E-16,0.,-1.));
#7696=DIRECTION('ref_axis',(-9.10219582545865E-6,0.999999999958575,-1.11469749828603E-21));
#7697=DIRECTION('',(1.22464679914735E-16,0.,-1.));
#7698=DIRECTION('center_axis',(-1.22464679914735E-16,0.,1.));
#7699=DIRECTION('ref_axis',(-9.10219582545865E-6,0.999999999958575,-1.11469749828603E-21));
#7700=DIRECTION('center_axis',(-0.0191974423996896,6.02739438699089E-15,
-0.999815712121644));
#7701=DIRECTION('ref_axis',(-0.999815712121644,0.,0.0191974423996896));
#7702=DIRECTION('',(-0.00967520310758051,0.999953176870335,0.000185773390153028));
#7703=DIRECTION('',(3.13968614230004E-13,1.,3.84500658449505E-29));
#7704=DIRECTION('center_axis',(0.978147600733565,0.207911690818893,1.19788532833202E-16));
#7705=DIRECTION('ref_axis',(0.207911690818893,-0.978147600733565,2.54618386666671E-17));
#7706=DIRECTION('',(-1.22464679914735E-16,0.,1.));
#7707=DIRECTION('',(-0.207911690818893,0.978147600733565,-2.54618386666671E-17));
#7708=DIRECTION('',(-1.22464679914735E-16,0.,1.));
#7709=DIRECTION('center_axis',(-1.22464679914735E-16,0.,1.));
#7710=DIRECTION('ref_axis',(0.207911690819006,-0.978147600733541,2.5461838666681E-17));
#7711=DIRECTION('center_axis',(1.22464679914735E-16,0.,-1.));
#7712=DIRECTION('ref_axis',(0.207911690819006,-0.978147600733541,2.5461838666681E-17));
#7713=DIRECTION('',(-1.22464679914735E-16,0.,1.));
#7714=DIRECTION('center_axis',(-0.20791169081889,0.978147600733565,-2.54618386666668E-17));
#7715=DIRECTION('ref_axis',(0.978147600733565,0.20791169081889,1.19788532833202E-16));
#7716=DIRECTION('',(-0.978147600733565,-0.20791169081889,-1.19788532833202E-16));
#7717=DIRECTION('',(1.22464679914735E-16,0.,-1.));
#7718=DIRECTION('center_axis',(-1.22464679914735E-16,0.,1.));
#7719=DIRECTION('ref_axis',(0.978147600733553,0.207911690818946,1.19788532833201E-16));
#7720=DIRECTION('',(-1.22464679914735E-16,0.,1.));
#7721=DIRECTION('center_axis',(0.,-1.,0.));
#7722=DIRECTION('ref_axis',(1.22464679914735E-16,0.,-1.));
#7723=DIRECTION('',(1.22464679914735E-16,0.,-1.));
#7724=DIRECTION('',(1.,0.,1.22464679914735E-16));
#7725=DIRECTION('',(-1.22464679914735E-16,0.,1.));
#7726=DIRECTION('',(1.,0.,1.22464679914735E-16));
#7727=DIRECTION('center_axis',(-1.,0.,-1.22464679914735E-16));
#7728=DIRECTION('ref_axis',(1.22464679914735E-16,0.,-1.));
#7729=DIRECTION('center_axis',(-1.,-3.38006267395436E-12,-1.22464679914735E-16));
#7730=DIRECTION('ref_axis',(1.22464679914735E-16,0.,-1.));
#7731=DIRECTION('center_axis',(1.,3.38622690664397E-12,1.22464679914735E-16));
#7732=DIRECTION('ref_axis',(1.22464679914735E-16,0.,-1.));
#7733=DIRECTION('center_axis',(1.22464679914735E-16,0.,-1.));
#7734=DIRECTION('ref_axis',(-1.,0.,-1.22464679914735E-16));
#7735=DIRECTION('center_axis',(-1.22464679914735E-16,0.,1.));
#7736=DIRECTION('ref_axis',(-1.,0.,-1.22464679914735E-16));
#7737=DIRECTION('center_axis',(1.22464679914735E-16,0.,-1.));
#7738=DIRECTION('ref_axis',(-1.,0.,-1.22464679914735E-16));
#7739=DIRECTION('',(1.22464679914735E-16,0.,-1.));
#7740=DIRECTION('center_axis',(1.22464679914735E-16,0.,-1.));
#7741=DIRECTION('ref_axis',(-1.,0.,-1.22464679914735E-16));
#7742=DIRECTION('center_axis',(8.7788324927087E-11,1.,1.07509691124465E-26));
#7743=DIRECTION('ref_axis',(-1.,8.7788324927087E-11,-1.22464679914735E-16));
#7744=DIRECTION('',(1.22464679914735E-16,0.,-1.));
#7745=DIRECTION('center_axis',(1.22464679914735E-16,0.,-1.));
#7746=DIRECTION('ref_axis',(-2.07186658756551E-5,-0.999999999785368,-2.53730478472245E-21));
#7747=DIRECTION('',(1.22464679914735E-16,0.,-1.));
#7748=DIRECTION('center_axis',(-0.999999960948739,-0.00027946828101685,
-1.22464675132335E-16));
#7749=DIRECTION('ref_axis',(0.00027946828101685,-0.999999960948739,3.42249935810498E-20));
#7750=DIRECTION('',(1.22464679914735E-16,0.,-1.));
#7751=DIRECTION('center_axis',(1.22464679914735E-16,0.,-1.));
#7752=DIRECTION('ref_axis',(-0.965906511621251,0.258891117668539,-1.18289431773255E-16));
#7753=DIRECTION('',(1.22464679914735E-16,0.,-1.));
#7754=DIRECTION('center_axis',(-0.965925820034637,0.258819068444375,-1.1829179637192E-16));
#7755=DIRECTION('ref_axis',(-0.258819068444375,-0.965925820034637,-3.16961943728704E-17));
#7756=DIRECTION('',(1.22464679914735E-16,0.,-1.));
#7757=DIRECTION('center_axis',(1.22464679914735E-16,0.,-1.));
#7758=DIRECTION('ref_axis',(0.961722420232893,-0.274025521478177,1.17777028360646E-16));
#7759=DIRECTION('',(1.22464679914735E-16,0.,-1.));
#7760=DIRECTION('center_axis',(-0.258819161865284,-0.965925795002573,-3.16962058136321E-17));
#7761=DIRECTION('ref_axis',(0.965925795002573,-0.258819161865284,1.18291793306376E-16));
#7762=DIRECTION('',(1.22464679914735E-16,0.,-1.));
#7763=DIRECTION('center_axis',(1.22464679914735E-16,0.,-1.));
#7764=DIRECTION('ref_axis',(-0.999999702286611,0.000771638963697421,-1.2246464345536E-16));
#7765=DIRECTION('',(1.22464679914735E-16,0.,-1.));
#7766=DIRECTION('center_axis',(-0.999999640945197,0.000847413404341212,
-1.22464635943204E-16));
#7767=DIRECTION('ref_axis',(-0.000847413404341212,-0.999999640945197,-1.03778211318103E-19));
#7768=DIRECTION('',(-1.22464679914735E-16,0.,1.));
#7769=DIRECTION('center_axis',(1.22464679914735E-16,0.,-1.));
#7770=DIRECTION('ref_axis',(0.999995507652012,-0.00299744487771072,1.22464129760777E-16));
#7771=DIRECTION('',(1.22464679914735E-16,0.,-1.));
#7772=DIRECTION('center_axis',(2.9998935045963E-11,-1.,3.67380997818679E-27));
#7773=DIRECTION('ref_axis',(1.,2.9998935045963E-11,1.22464679914735E-16));
#7774=DIRECTION('',(1.22464679914735E-16,0.,-1.));
#7775=DIRECTION('center_axis',(1.22464679914735E-16,0.,-1.));
#7776=DIRECTION('ref_axis',(-0.984819477640742,-0.173581670862495,-1.2060560210307E-16));
#7777=DIRECTION('',(1.22464679914735E-16,0.,-1.));
#7778=DIRECTION('center_axis',(-0.984807695659806,-0.173648502928254,-1.20604159226546E-16));
#7779=DIRECTION('ref_axis',(0.173648502928254,-0.984807695659806,2.12658083287816E-17));
#7780=DIRECTION('center_axis',(0.999953194125403,0.00967520327453463,1.22458947848285E-16));
#7781=DIRECTION('ref_axis',(-0.00967520327453463,0.999953194125403,-1.18487067212588E-18));
#7782=DIRECTION('',(0.00967520327453463,-0.999953194125403,1.18487067212588E-18));
#7783=DIRECTION('',(1.22464679914735E-16,0.,-1.));
#7784=DIRECTION('center_axis',(1.,0.,1.22464679914735E-16));
#7785=DIRECTION('ref_axis',(1.22464679914735E-16,0.,-1.));
#7786=DIRECTION('center_axis',(-1.,-3.38006267395436E-12,-1.22464679914735E-16));
#7787=DIRECTION('ref_axis',(1.22464679914735E-16,0.,-1.));
#7788=DIRECTION('center_axis',(1.,3.38622690664397E-12,1.22464679914735E-16));
#7789=DIRECTION('ref_axis',(1.22464679914735E-16,0.,-1.));
#7790=DIRECTION('',(1.,0.,1.22464679914735E-16));
#7791=DIRECTION('center_axis',(-1.,0.,-1.22464679914735E-16));
#7792=DIRECTION('ref_axis',(4.42876571155336E-31,-1.,-3.61636164373013E-15));
#7793=DIRECTION('center_axis',(-1.,-3.38006267395436E-12,-1.22464679914735E-16));
#7794=DIRECTION('ref_axis',(3.38006267395436E-12,-1.,-3.61636164372972E-15));
#7795=DIRECTION('',(1.,0.,1.22464679914735E-16));
#7796=DIRECTION('center_axis',(1.,3.38622690664397E-12,1.22464679914735E-16));
#7797=DIRECTION('ref_axis',(3.38622690664397E-12,-1.,-3.61636164372972E-15));
#7798=DIRECTION('center_axis',(3.88466020984823E-30,1.,-3.17206578464328E-14));
#7799=DIRECTION('ref_axis',(-1.22464679914735E-16,3.17206578464328E-14,
1.));
#7800=DIRECTION('',(-1.22464680021953E-16,3.17206578464328E-14,1.));
#7801=DIRECTION('',(1.,0.,1.22464679914735E-16));
#7802=DIRECTION('',(1.22464680022149E-16,-3.17206578464328E-14,-1.));
#7803=DIRECTION('center_axis',(1.22464679914735E-16,0.,-1.));
#7804=DIRECTION('ref_axis',(-0.412317422975979,0.911040253068133,-5.04943212280218E-17));
#7805=DIRECTION('center_axis',(0.0195489107487316,-6.13494317595398E-15,
0.999808901785005));
#7806=DIRECTION('ref_axis',(-0.999808901785005,3.161701271277E-13,0.0195489107487316));
#7807=DIRECTION('center_axis',(-1.22464679914735E-16,0.,1.));
#7808=DIRECTION('ref_axis',(-0.341367870760908,0.939929772276718,-4.18055070259094E-17));
#7809=DIRECTION('',(-1.22464679914735E-16,0.,1.));
#7810=DIRECTION('',(-1.22464679914735E-16,0.,1.));
#7811=DIRECTION('center_axis',(-0.258819162012211,-0.965925794963204,-3.16962058316254E-17));
#7812=DIRECTION('ref_axis',(0.965925794963204,-0.258819162012211,1.18291793301555E-16));
#7813=DIRECTION('',(0.965759707786035,-0.258774659065671,-0.0185435337106498));
#7814=DIRECTION('',(-1.22464679914735E-16,0.,1.));
#7815=DIRECTION('',(-1.22464679914735E-16,0.,1.));
#7816=DIRECTION('center_axis',(1.22464679914735E-16,0.,-1.));
#7817=DIRECTION('ref_axis',(-0.258895083280445,-0.96590544871287,-3.17055035054385E-17));
#7818=DIRECTION('center_axis',(0.0670388198964664,-2.09982938517125E-14,
0.997750367891132));
#7819=DIRECTION('ref_axis',(-0.997750367891132,2.65779554283827E-13,0.0670388198964664));
#7820=DIRECTION('',(-1.22464679914735E-16,0.,1.));
#7821=DIRECTION('center_axis',(-0.999999640656435,0.000847754092139765,
-1.22464635907841E-16));
#7822=DIRECTION('ref_axis',(-0.000847754092139765,-0.999999640656435,-1.03819933540303E-19));
#7823=DIRECTION('',(-0.000847754092027453,-0.999999640523953,1.6277710129435E-5));
#7824=DIRECTION('',(-1.22464679914735E-16,0.,1.));
#7825=DIRECTION('center_axis',(1.22464679914735E-16,0.,-1.));
#7826=DIRECTION('ref_axis',(5.67218332896204E-5,0.999999998391317,6.94642115799034E-21));
#7827=DIRECTION('',(1.22464679914735E-16,0.,-1.));
#7828=DIRECTION('center_axis',(1.22464679914735E-16,0.,-1.));
#7829=DIRECTION('ref_axis',(0.947518439887857,-0.319701119911208,1.16037542454176E-16));
#7830=DIRECTION('center_axis',(-1.22464679914735E-16,0.,1.));
#7831=DIRECTION('ref_axis',(0.84161379546762,-0.54007982676507,1.03067964073768E-16));
#7832=DIRECTION('',(-1.22464679914735E-16,0.,1.));
#7833=DIRECTION('',(-1.22464679914735E-16,0.,1.));
#7834=DIRECTION('center_axis',(0.416612738975808,-0.909084058667335,5.10203457270735E-17));
#7835=DIRECTION('ref_axis',(0.909084058667335,0.416612738975808,1.11330688260284E-16));
#7836=DIRECTION('',(0.909084058667335,0.416612738975808,1.11330688260284E-16));
#7837=DIRECTION('',(-1.22464679914735E-16,0.,1.));
#7838=DIRECTION('center_axis',(1.22464679914735E-16,0.,-1.));
#7839=DIRECTION('ref_axis',(-0.906319279414875,-0.422593615381139,-1.10992100454096E-16));
#7840=DIRECTION('center_axis',(1.22464679914735E-16,0.,-1.));
#7841=DIRECTION('ref_axis',(-0.938556030530839,0.345126900652781,-1.14939963861004E-16));
#7842=DIRECTION('',(-1.22464679914735E-16,0.,1.));
#7843=DIRECTION('center_axis',(0.906307801352059,0.422618231041204,1.10990694796807E-16));
#7844=DIRECTION('ref_axis',(-0.422618231041204,0.906307801352059,-5.17558063905927E-17));
#7845=DIRECTION('',(-0.422618231041204,0.906307801352059,-5.17558063905927E-17));
#7846=DIRECTION('',(-1.22464679914735E-16,0.,1.));
#7847=DIRECTION('center_axis',(1.22464679914735E-16,0.,-1.));
#7848=DIRECTION('ref_axis',(0.412315298528987,-0.911041214544629,5.04940610583009E-17));
#7849=DIRECTION('center_axis',(1.22464679914735E-16,0.,-1.));
#7850=DIRECTION('ref_axis',(-0.347339862141951,-0.93773931354466,-4.25368650388423E-17));
#7851=DIRECTION('',(-1.22464679914735E-16,0.,1.));
#7852=DIRECTION('center_axis',(-0.412317422975987,0.911040253068129,-5.04943212280228E-17));
#7853=DIRECTION('ref_axis',(-0.911040253068129,-0.412317422975987,-1.11570252981428E-16));
#7854=DIRECTION('',(-0.911040253068129,-0.412317422975988,-1.11570252981428E-16));
#7855=DIRECTION('center_axis',(8.39810400732568E-11,1.,1.0284711191478E-26));
#7856=DIRECTION('ref_axis',(-1.,8.39810400732568E-11,-1.22464679914735E-16));
#7857=DIRECTION('',(-0.999815712121644,8.39655633855596E-11,0.0191974423996896));
#7858=DIRECTION('',(1.22464679914735E-16,0.,-1.));
#7859=DIRECTION('',(2.61741646393727E-6,-2.7164886288464E-11,-0.999999999996575));
#7860=DIRECTION('center_axis',(1.22464679914735E-16,0.,-1.));
#7861=DIRECTION('ref_axis',(0.99999999538742,9.60477003210788E-5,1.22464679349857E-16));
#7862=DIRECTION('',(1.22464679914735E-16,0.,-1.));
#7863=DIRECTION('center_axis',(-0.999999960948739,-0.000279468281016693,
-1.22464675132335E-16));
#7864=DIRECTION('ref_axis',(0.000279468281016693,-0.999999960948739,3.42249935810306E-20));
#7865=DIRECTION('',(0.000279468281012669,-0.999999960934342,-5.36606513406704E-6));
#7866=DIRECTION('',(1.22464679914735E-16,0.,-1.));
#7867=DIRECTION('center_axis',(1.22464679914735E-16,0.,-1.));
#7868=DIRECTION('ref_axis',(-0.999999960948739,-0.000279468281008118,-1.22464675132335E-16));
#7869=DIRECTION('center_axis',(0.0431815442412812,4.5856927482617E-9,0.999067242099819));
#7870=DIRECTION('ref_axis',(-0.999067238117332,-8.9288159457307E-5,0.0431815440695605));
#7871=DIRECTION('',(1.22464679914735E-16,0.,-1.));
#7872=DIRECTION('center_axis',(-0.965925820034637,0.258819068444375,-1.1829179637192E-16));
#7873=DIRECTION('ref_axis',(-0.258819068444375,-0.965925820034637,-3.16961943728704E-17));
#7874=DIRECTION('',(-0.258815872511855,-0.965913892653246,0.00496951862671007));
#7875=DIRECTION('',(-1.22464679914735E-16,0.,1.));
#7876=DIRECTION('center_axis',(1.22464679914735E-16,0.,-1.));
#7877=DIRECTION('ref_axis',(0.255766724143002,0.966738528673166,3.13223900050131E-17));
#7878=DIRECTION('center_axis',(-0.0138748309589103,4.37440442337997E-15,
-0.999903739899927));
#7879=DIRECTION('ref_axis',(0.999903739899927,-3.15245883407571E-13,-0.0138748309589103));
#7880=DIRECTION('center_axis',(0.,-1.,0.));
#7881=DIRECTION('ref_axis',(-1.22464679914735E-16,0.,1.));
#7882=DIRECTION('',(1.22464679914735E-16,0.,-1.));
#7883=DIRECTION('',(-1.22464679914735E-16,0.,1.));
#7884=DIRECTION('',(-1.,0.,-1.22464679914735E-16));
#7885=DIRECTION('center_axis',(-1.,0.,-1.22464679914735E-16));
#7886=DIRECTION('ref_axis',(0.,-1.,0.));
#7887=DIRECTION('center_axis',(-1.,-3.38006267395436E-12,-1.22464679914735E-16));
#7888=DIRECTION('ref_axis',(3.38006267395436E-12,-1.,4.13938293457565E-28));
#7889=DIRECTION('',(-1.,0.,-1.22464679914735E-16));
#7890=DIRECTION('center_axis',(-1.,-3.38622690664397E-12,-1.22464679914735E-16));
#7891=DIRECTION('ref_axis',(3.38622690664397E-12,-1.,4.14693194240818E-28));
#7892=DIRECTION('',(1.,0.,1.22464679914735E-16));
#7893=DIRECTION('center_axis',(1.,0.,1.22464679914735E-16));
#7894=DIRECTION('ref_axis',(0.,1.,0.));
#7895=DIRECTION('center_axis',(-1.,-3.38006267395436E-12,-1.22464679914735E-16));
#7896=DIRECTION('ref_axis',(-3.38006267395436E-12,1.,-4.13938293457565E-28));
#7897=DIRECTION('center_axis',(-1.,-3.38622690664397E-12,-1.22464679914735E-16));
#7898=DIRECTION('ref_axis',(-3.38622690664397E-12,1.,-4.14693194240818E-28));
#7899=DIRECTION('',(1.,0.,1.22464679914735E-16));
#7900=DIRECTION('center_axis',(-1.,0.,-1.22464679914735E-16));
#7901=DIRECTION('ref_axis',(-1.22464679914735E-16,0.,1.));
#7902=DIRECTION('center_axis',(-1.,-3.38006267395436E-12,-1.22464679914735E-16));
#7903=DIRECTION('ref_axis',(-1.22464679914735E-16,0.,1.));
#7904=DIRECTION('',(1.,0.,1.22464679914735E-16));
#7905=DIRECTION('center_axis',(1.,3.38622690664397E-12,1.22464679914735E-16));
#7906=DIRECTION('ref_axis',(-1.22464679914735E-16,0.,1.));
#7907=DIRECTION('center_axis',(1.22464679914735E-16,8.75570208694918E-16,
-1.));
#7908=DIRECTION('ref_axis',(-1.07226425350701E-31,1.,8.75570208694918E-16));
#7909=DIRECTION('',(-3.38006267395436E-12,1.,8.75570208694504E-16));
#7910=DIRECTION('',(1.,0.,1.22464679914735E-16));
#7911=DIRECTION('',(3.38622690664397E-12,-1.,-8.75570208694503E-16));
#7912=DIRECTION('center_axis',(-1.,0.,-1.22464679914735E-16));
#7913=DIRECTION('ref_axis',(-4.87164228270875E-31,1.,3.97799780810318E-15));
#7914=DIRECTION('center_axis',(-1.,-3.38006267395436E-12,-1.22464679914735E-16));
#7915=DIRECTION('ref_axis',(-3.38006267395436E-12,1.,3.97799780810277E-15));
#7916=DIRECTION('center_axis',(1.,3.38622690664397E-12,1.22464679914735E-16));
#7917=DIRECTION('ref_axis',(-3.38622690664397E-12,1.,3.97799780810277E-15));
#7918=DIRECTION('center_axis',(1.22464679914735E-16,0.,-1.));
#7919=DIRECTION('ref_axis',(0.58781633322169,-0.808994411845847,7.19867390966477E-17));
#7920=DIRECTION('center_axis',(0.0575076137572698,-1.89750419198259E-14,
0.998345067779645));
#7921=DIRECTION('ref_axis',(0.998345067779645,-4.07885930523326E-13,-0.0575076137572698));
#7922=DIRECTION('',(1.22464679914735E-16,0.,-1.));
#7923=DIRECTION('center_axis',(1.22464679914735E-16,0.,-1.));
#7924=DIRECTION('ref_axis',(-0.977060041553651,0.212964023250825,-1.19655345246346E-16));
#7925=DIRECTION('center_axis',(-0.0138660484718306,4.29117478718972E-15,
-0.999903861728605));
#7926=DIRECTION('ref_axis',(-0.999903861728605,4.0950906113535E-13,0.0138660484718306));
#7927=DIRECTION('',(1.22464679914735E-16,0.,-1.));
#7928=DIRECTION('center_axis',(-2.17874698381811E-13,-1.,-2.6681955198848E-29));
#7929=DIRECTION('ref_axis',(1.,-2.17874698381811E-13,1.22464679914735E-16));
#7930=DIRECTION('',(0.999815712121644,-2.17834546715899E-13,-0.0191974423996896));
#7931=DIRECTION('',(1.22464679914735E-16,0.,-1.));
#7932=DIRECTION('center_axis',(1.22464679914735E-16,0.,-1.));
#7933=DIRECTION('ref_axis',(0.58781271765012,-0.808997038912245,7.19862963168326E-17));
#7934=DIRECTION('center_axis',(0.0575076137572709,-1.79535014896732E-14,
0.998345067779645));
#7935=DIRECTION('ref_axis',(0.998345067779645,-4.07885930523334E-13,-0.0575076137572709));
#7936=DIRECTION('',(1.22464679914735E-16,0.,-1.));
#7937=DIRECTION('center_axis',(1.22464679914735E-16,0.,-1.));
#7938=DIRECTION('ref_axis',(-0.977057638094605,0.212975049808636,-1.19655050907503E-16));
#7939=DIRECTION('center_axis',(-0.0138661231762997,4.34364905460899E-15,
-0.999903860692647));
#7940=DIRECTION('ref_axis',(-0.999903860692647,3.57698686026441E-13,0.0138661231762997));
#7941=DIRECTION('',(1.22464679914735E-16,0.,-1.));
#7942=DIRECTION('center_axis',(-3.86102466245319E-12,-1.,-4.72839149430229E-28));
#7943=DIRECTION('ref_axis',(1.,-3.86102466245319E-12,1.22464679914735E-16));
#7944=DIRECTION('',(0.999815712121644,-3.86031312240987E-12,-0.0191974423996896));
#7945=DIRECTION('',(1.22464679914735E-16,0.,-1.));
#7946=DIRECTION('center_axis',(1.22464679914735E-16,0.,-1.));
#7947=DIRECTION('ref_axis',(-5.90600252925529E-6,0.99999999998256,-7.23276709320866E-22));
#7948=DIRECTION('',(1.22464679914735E-16,0.,-1.));
#7949=DIRECTION('center_axis',(1.22464679914735E-16,0.,-1.));
#7950=DIRECTION('ref_axis',(0.969877741058439,0.243592215391583,1.18775767115148E-16));
#7951=DIRECTION('center_axis',(1.22464679914735E-16,0.,-1.));
#7952=DIRECTION('ref_axis',(0.969877741058439,0.243592215391582,1.18775767115148E-16));
#7953=DIRECTION('',(1.22464679914735E-16,0.,-1.));
#7954=DIRECTION('center_axis',(-0.984807695659802,-0.173648502928277,-1.20604159226546E-16));
#7955=DIRECTION('ref_axis',(0.173648502928277,-0.984807695659802,2.12658083287844E-17));
#7956=DIRECTION('',(0.173647537708203,-0.984802221635318,-0.00333420305621432));
#7957=DIRECTION('',(1.22464679914735E-16,0.,-1.));
#7958=DIRECTION('center_axis',(1.22464679914735E-16,0.,-1.));
#7959=DIRECTION('ref_axis',(7.0443443437177E-5,-0.999999997518861,8.62683375262564E-21));
#7960=DIRECTION('',(1.22464679914735E-16,0.,-1.));
#7961=DIRECTION('center_axis',(1.49783606367735E-11,-1.,1.83432014102994E-27));
#7962=DIRECTION('ref_axis',(1.,1.49783606367735E-11,1.22464679914735E-16));
#7963=DIRECTION('',(0.999815712121644,1.49756003064705E-11,-0.0191974423996896));
#7964=DIRECTION('center_axis',(0.,0.,1.));
#7965=DIRECTION('ref_axis',(0.98305916931655,0.183288487425301,0.));
#7966=DIRECTION('center_axis',(0.312284336240258,-0.949969757064583,-0.00599616557793947));
#7967=DIRECTION('ref_axis',(0.949986835132299,0.312289950327124,5.08560991762317E-11));
#7968=DIRECTION('center_axis',(-0.173647537708206,0.984802221635317,0.00333420305621762));
#7969=DIRECTION('ref_axis',(0.019197442399692,-8.88915677177416E-15,0.999815712121644));
#7970=DIRECTION('center_axis',(-1.22464679914735E-16,0.,1.));
#7971=DIRECTION('ref_axis',(-1.,0.,-1.2553758582334E-16));
#7972=DIRECTION('center_axis',(1.22464679914735E-16,0.,-1.));
#7973=DIRECTION('ref_axis',(-0.341367870760908,0.939929772276719,-4.18055070259093E-17));
#7974=DIRECTION('center_axis',(0.911040253068127,0.412317422975993,1.11570252981428E-16));
#7975=DIRECTION('ref_axis',(-1.22464679914735E-16,0.,1.));
#7976=DIRECTION('center_axis',(-0.911040253068129,-0.412317422975987,-1.11570252981428E-16));
#7977=DIRECTION('ref_axis',(0.291552445787683,-0.644202740878383,0.707106781186547));
#7978=DIRECTION('',(0.911040253068129,0.412317422975988,1.11570252981428E-16));
#7979=DIRECTION('center_axis',(0.911041214544629,0.412315298528987,1.1157037072834E-16));
#7980=DIRECTION('ref_axis',(-1.22464679914735E-16,0.,1.));
#7981=DIRECTION('center_axis',(1.22464679914735E-16,0.,-1.));
#7982=DIRECTION('ref_axis',(1.,0.,0.));
#7983=DIRECTION('center_axis',(-1.22464679914735E-16,0.,1.));
#7984=DIRECTION('ref_axis',(-0.347339862141952,-0.93773931354466,-4.25368650388424E-17));
#7985=DIRECTION('center_axis',(0.42261823104121,-0.906307801352056,5.17558063905935E-17));
#7986=DIRECTION('ref_axis',(-1.22464679914735E-16,0.,1.));
#7987=DIRECTION('center_axis',(-0.422618231041204,0.906307801352059,-5.17558063905927E-17));
#7988=DIRECTION('ref_axis',(-0.640856392178314,-0.2988362170223,0.707106781186545));
#7989=DIRECTION('',(0.422618231041204,-0.906307801352059,5.17558063905927E-17));
#7990=DIRECTION('center_axis',(0.422593615381145,-0.906319279414872,5.17527918416627E-17));
#7991=DIRECTION('ref_axis',(-1.22464679914735E-16,0.,1.));
#7992=DIRECTION('center_axis',(1.22464679914735E-16,0.,-1.));
#7993=DIRECTION('ref_axis',(-0.938556030530838,0.345126900652785,0.));
#7994=DIRECTION('center_axis',(-1.22464679914735E-16,0.,1.));
#7995=DIRECTION('ref_axis',(-0.938556030530839,0.345126900652781,-1.14939963861004E-16));
#7996=DIRECTION('center_axis',(-0.909084058667339,-0.416612738975801,-1.11330688260284E-16));
#7997=DIRECTION('ref_axis',(-1.22464679914735E-16,0.,1.));
#7998=DIRECTION('center_axis',(0.909084058667335,0.416612738975808,1.11330688260284E-16));
#7999=DIRECTION('ref_axis',(-0.294589692858492,0.642819502552255,0.707106781186555));
#8000=DIRECTION('',(-0.909084058667335,-0.416612738975808,-1.11330688260284E-16));
#8001=DIRECTION('center_axis',(0.999815712121644,-3.85398396805665E-12,
-0.0191974423996831));
#8002=DIRECTION('ref_axis',(3.85469434149856E-12,1.,6.23525202503196E-28));
#8003=DIRECTION('center_axis',(-0.999815712121644,3.86031312240987E-12,
0.0191974423996896));
#8004=DIRECTION('ref_axis',(0.0135746417049885,0.707106781186513,0.706976469978054));
#8005=DIRECTION('center_axis',(0.999815711983228,1.66398105199016E-5,-0.0191974423970343));
#8006=DIRECTION('ref_axis',(-1.66428776005035E-5,0.999999999861507,-2.88519762546008E-21));
#8007=DIRECTION('center_axis',(0.308946981928331,0.951060761846331,-0.00593208510149695));
#8008=DIRECTION('ref_axis',(-0.95107749602788,0.308952417937356,-6.75704881693185E-16));
#8009=DIRECTION('center_axis',(0.999815712121644,-2.13112880682773E-13,
-0.0191974423996831));
#8010=DIRECTION('ref_axis',(2.13162820728032E-13,1.,5.55111512312615E-16));
#8011=DIRECTION('center_axis',(-0.999815712121644,2.17834546715899E-13,
0.0191974423996896));
#8012=DIRECTION('ref_axis',(0.0135746417024128,0.707106781186539,0.706976469978077));
#8013=DIRECTION('center_axis',(0.999815712120239,1.67642310285938E-6,-0.0191974423996562));
#8014=DIRECTION('ref_axis',(-1.6767321042721E-6,0.999999999998594,-5.55111783827488E-16));
#8015=DIRECTION('center_axis',(0.308938481234997,0.95106352422697,-0.00593192187984379));
#8016=DIRECTION('ref_axis',(-0.951080257536225,0.30894391679531,-1.14522175401924E-16));
#8017=DIRECTION('center_axis',(0.999815712121644,-3.19695962827368E-13,
-0.0191974423996831));
#8018=DIRECTION('ref_axis',(3.19744231092049E-13,1.,-5.55111512312566E-16));
#8019=DIRECTION('center_axis',(-0.999815712121644,3.13594108142353E-13,
0.0191974423996896));
#8020=DIRECTION('ref_axis',(0.0135746417024805,0.707106781186538,0.706976469978077));
#8021=DIRECTION('center_axis',(-0.999953926969049,3.19729499506194E-13,
0.00959916346238574));
#8022=DIRECTION('ref_axis',(0.00959916346238574,-6.37624359735016E-13,0.999953926969049));
#8023=DIRECTION('center_axis',(-1.22464679914735E-16,0.,1.));
#8024=DIRECTION('ref_axis',(-1.,0.,0.));
#8025=DIRECTION('center_axis',(1.22464679914735E-16,0.,-1.));
#8026=DIRECTION('ref_axis',(0.84161379546762,-0.54007982676507,1.03067964073768E-16));
#8027=DIRECTION('center_axis',(-0.982528788241112,-0.185152025547867,0.0188655165043032));
#8028=DIRECTION('ref_axis',(0.185184982862432,-0.982703679713392,5.79524855439818E-16));
#8029=DIRECTION('center_axis',(0.0193595543351549,-6.07988169945178E-15,
0.999812586266018));
#8030=DIRECTION('ref_axis',(-0.999812586266018,3.37570950752719E-13,0.0193595543351549));
#8031=DIRECTION('center_axis',(0.999815712121644,-8.39655633855596E-11,
-0.0191974423996896));
#8032=DIRECTION('ref_axis',(0.0135746416428859,-0.707106781187123,0.706976469978636));
#8033=DIRECTION('center_axis',(-0.999815712121644,8.39617935898071E-11,
0.019197442399692));
#8034=DIRECTION('ref_axis',(-8.39772695826486E-11,-1.,-9.88035265607934E-27));
#8035=DIRECTION('center_axis',(-0.999815711907131,2.07148470330927E-5,0.0191974423955643));
#8036=DIRECTION('ref_axis',(-2.07186652325672E-5,-0.999999999785368,-3.21964695102804E-14));
#8037=DIRECTION('center_axis',(0.000279468281010748,-0.999999960934342,
-5.36606512800171E-6));
#8038=DIRECTION('ref_axis',(0.999999960948739,0.000279468281014772,-1.55091086814218E-16));
#8039=DIRECTION('center_axis',(-0.000279468281012669,0.999999960934342,
5.36606513406704E-6));
#8040=DIRECTION('ref_axis',(0.713861809122344,0.000195743956979433,0.700286569313504));
#8041=DIRECTION('center_axis',(0.000279468282058799,-0.999999960934342,
-5.36606514812531E-6));
#8042=DIRECTION('ref_axis',(0.999999960948739,0.000279468282062823,1.22464670169251E-16));
#8043=DIRECTION('center_axis',(-0.25881587251186,-0.965913892653245,0.00496951862671605));
#8044=DIRECTION('ref_axis',(0.965925820034636,-0.25881906844438,1.22411764627365E-16));
#8045=DIRECTION('center_axis',(-0.965759707786035,0.258774659065671,0.0185435337106498));
#8046=DIRECTION('ref_axis',(0.196100850112964,0.681322145988396,0.705226623129572));
#8047=DIRECTION('center_axis',(0.965739372029049,-0.258850569154414,-0.0185431432441691));
#8048=DIRECTION('ref_axis',(0.258895083280456,0.965905448712868,-2.48452337864814E-16));
#8049=DIRECTION('center_axis',(-0.000847754092029694,-0.999999640523953,
1.62777101266233E-5));
#8050=DIRECTION('ref_axis',(0.999999640656435,-0.000847754092142006,1.22464639216563E-16));
#8051=DIRECTION('center_axis',(0.000847754092027453,0.999999640523953,-1.6277710129435E-5));
#8052=DIRECTION('ref_axis',(0.713861586937959,-0.00059378023310043,0.700286571425908));
#8053=DIRECTION('center_axis',(-0.000847413431679118,-0.999999640812798,
1.6271169113734E-5));
#8054=DIRECTION('ref_axis',(0.999999640945173,-0.000847413431791295,1.23268764071602E-15));
#8055=DIRECTION('center_axis',(0.999815712121644,1.49719285026347E-11,-0.019197442399692));
#8056=DIRECTION('ref_axis',(-1.4974688156144E-11,1.,-4.20231649709104E-28));
#8057=DIRECTION('center_axis',(-0.999815712121644,-1.49756003064705E-11,
0.0191974423996896));
#8058=DIRECTION('ref_axis',(0.0135746416916693,0.707106781186648,0.706976469978175));
#8059=DIRECTION('center_axis',(0.999815709642926,7.04155608354223E-5,-0.0191974423520982));
#8060=DIRECTION('ref_axis',(-7.04285323482879E-5,0.999999997519911,3.96504495892585E-10));
#8061=DIRECTION('center_axis',(0.173647537708205,-0.984802221635318,-0.0033342030562176));
#8062=DIRECTION('ref_axis',(0.984807695659801,0.173648502928279,1.17893653795332E-16));
#8063=DIRECTION('center_axis',(-0.173647537708203,0.984802221635318,0.00333420305621432));
#8064=DIRECTION('ref_axis',(0.703321546929933,0.121643534551654,0.700386787515204));
#8065=DIRECTION('center_axis',(0.258815872511855,0.965913892653246,-0.00496951862671007));
#8066=DIRECTION('ref_axis',(0.690217279157554,-0.181339127830902,0.700511404810707));
#8067=DIRECTION('center_axis',(1.,0.,1.22464679914735E-16));
#8068=DIRECTION('ref_axis',(0.,-1.,0.));
#8069=DIRECTION('center_axis',(-1.,-3.38006267395436E-12,-1.22464679914735E-16));
#8070=DIRECTION('ref_axis',(3.38006267395436E-12,-1.,4.13938293457565E-28));
#8071=DIRECTION('',(1.,0.,1.22464679914735E-16));
#8072=DIRECTION('center_axis',(1.,3.38622690664397E-12,1.22464679914735E-16));
#8073=DIRECTION('ref_axis',(3.38622690664397E-12,-1.,4.14693194240818E-28));
#8074=DIRECTION('center_axis',(0.,1.,0.));
#8075=DIRECTION('ref_axis',(1.22464679914735E-16,0.,-1.));
#8076=DIRECTION('',(-1.22464679914735E-16,0.,1.));
#8077=DIRECTION('',(1.22464679914735E-16,0.,-1.));
#8078=DIRECTION('',(0.707106781221604,-0.598145281467448,-0.37712361661483));
#8079=DIRECTION('',(-0.647158077806559,0.457413502246489,0.609884669664947));
#8080=DIRECTION('center_axis',(-1.,-3.3750779945832E-12,-1.22464679914735E-16));
#8081=DIRECTION('ref_axis',(1.22464679914735E-16,0.,-1.));
#8082=DIRECTION('',(-0.707106781187766,0.707106781185329,-8.65956056236986E-17));
#8083=DIRECTION('center_axis',(1.,3.38006267395436E-12,1.22464679914735E-16));
#8084=DIRECTION('ref_axis',(1.22464679914735E-16,0.,-1.));
#8085=DIRECTION('center_axis',(0.707106781185329,0.707106781187766,8.65956056234001E-17));
#8086=DIRECTION('ref_axis',(1.22464679914735E-16,0.,-1.));
#8087=DIRECTION('',(-0.707106781219934,0.707106781153161,-8.6595605627638E-17));
#8088=DIRECTION('',(-1.22464679914735E-16,0.,1.));
#8089=DIRECTION('center_axis',(-1.,-3.37507799455431E-12,-1.22464679914735E-16));
#8090=DIRECTION('ref_axis',(-3.37507799455431E-12,1.,-4.1332784629036E-28));
#8091=DIRECTION('center_axis',(1.,3.38006267395436E-12,1.22464679914735E-16));
#8092=DIRECTION('ref_axis',(-3.38006267395436E-12,1.,-4.13938293457565E-28));
#8093=DIRECTION('',(0.647158077804998,0.457413502250104,-0.609884669663892));
#8094=DIRECTION('',(-0.707106781196815,-0.598145281489296,0.377123616626658));
#8095=DIRECTION('',(-0.529812164078628,-1.81051466597474E-12,0.848115010357865));
#8096=DIRECTION('center_axis',(0.848115010357865,2.86668188973104E-12,0.529812164078628));
#8097=DIRECTION('ref_axis',(0.529812164078628,0.,-0.848115010357865));
#8098=DIRECTION('',(-3.38006267395436E-12,1.,-4.13938293457565E-28));
#8099=DIRECTION('',(-0.529812164078604,-2.88341224581168E-12,0.84811501035788));
#8100=DIRECTION('',(3.38006267395436E-12,-1.,4.13938293457565E-28));
#8101=DIRECTION('center_axis',(-1.,-3.37507799473417E-12,-1.22464679914735E-16));
#8102=DIRECTION('ref_axis',(3.37507799473417E-12,-1.,4.13327846312387E-28));
#8103=DIRECTION('',(-0.707106781185354,-0.707106781187741,-8.65956056234032E-17));
#8104=DIRECTION('center_axis',(1.,3.38006267395436E-12,1.22464679914735E-16));
#8105=DIRECTION('ref_axis',(3.38006267395436E-12,-1.,4.13938293457565E-28));
#8106=DIRECTION('center_axis',(0.707106781187741,-0.707106781185354,8.65956056236955E-17));
#8107=DIRECTION('ref_axis',(1.22464679914735E-16,0.,-1.));
#8108=DIRECTION('',(-0.707106781198832,-0.707106781174263,-2.0492111789453E-15));
#8109=DIRECTION('',(1.22464679914735E-16,0.,-1.));
#8110=DIRECTION('center_axis',(-1.,-3.37507799473117E-12,-1.22464679914735E-16));
#8111=DIRECTION('ref_axis',(3.37507799473117E-12,-1.,4.13327846312019E-28));
#8112=DIRECTION('center_axis',(1.,3.38006267395436E-12,1.22464679914735E-16));
#8113=DIRECTION('ref_axis',(3.38006267395436E-12,-1.,4.13938293457565E-28));
#8114=DIRECTION('center_axis',(-3.38006267395436E-12,1.,-4.13938293457565E-28));
#8115=DIRECTION('ref_axis',(-0.70710678118654,-2.39006523758864E-12,0.707106781186555));
#8116=DIRECTION('',(-0.00192853938014151,0.748974313461093,-0.662596225850512));
#8117=DIRECTION('',(-3.38006267395436E-12,1.,-4.13938293457565E-28));
#8118=DIRECTION('',(3.38006267395436E-12,-1.,4.13938293457565E-28));
#8119=DIRECTION('',(-3.38006267395436E-12,1.,-4.13938293457565E-28));
#8120=DIRECTION('',(-3.38006267395436E-12,1.,-4.13938293457565E-28));
#8121=DIRECTION('',(3.38006267395436E-12,-1.,4.13938293457565E-28));
#8122=DIRECTION('center_axis',(1.,3.38006267395436E-12,1.22464679914735E-16));
#8123=DIRECTION('ref_axis',(-3.38006267395436E-12,1.,-4.13938293457565E-28));
#8124=DIRECTION('center_axis',(1.,3.38006267395436E-12,1.22464679914735E-16));
#8125=DIRECTION('ref_axis',(3.38006267395436E-12,-1.,-3.61636164372972E-15));
#8126=DIRECTION('center_axis',(1.,3.38006267395436E-12,1.22464679914735E-16));
#8127=DIRECTION('ref_axis',(1.22464679914735E-16,0.,-1.));
#8128=DIRECTION('',(-1.22464679914735E-16,0.,1.));
#8129=DIRECTION('center_axis',(1.,3.38006267395436E-12,1.22464679914735E-16));
#8130=DIRECTION('ref_axis',(-3.38006267395436E-12,1.,3.97799780810277E-15));
#8131=DIRECTION('',(-3.38006267395436E-12,1.,-4.13938293457565E-28));
#8132=DIRECTION('',(1.22464679914735E-16,0.,-1.));
#8133=DIRECTION('center_axis',(1.,3.38006267395436E-12,1.22464679914735E-16));
#8134=DIRECTION('ref_axis',(-1.22464679914735E-16,0.,1.));
#8135=DIRECTION('',(1.22464680021953E-16,-3.17206578464328E-14,-1.));
#8136=DIRECTION('',(0.707106781289662,-0.475948710328287,-0.52294629264487));
#8137=DIRECTION('',(-0.616082385324146,0.154967207438557,0.7722872905286));
#8138=DIRECTION('center_axis',(-1.,-3.37507799393055E-12,-1.22464679914735E-16));
#8139=DIRECTION('ref_axis',(1.22464679914735E-16,0.,-1.));
#8140=DIRECTION('',(-0.707106781187753,0.707106781185342,-8.6595605623697E-17));
#8141=DIRECTION('center_axis',(0.707106781185342,0.707106781187753,8.65956056234017E-17));
#8142=DIRECTION('ref_axis',(1.22464679914735E-16,0.,-1.));
#8143=DIRECTION('',(-0.707106781287976,0.707106781085119,2.66106619666852E-15));
#8144=DIRECTION('center_axis',(-1.,-3.37507799390609E-12,-1.22464679914735E-16));
#8145=DIRECTION('ref_axis',(-3.37507799390609E-12,1.,3.97799780810277E-15));
#8146=DIRECTION('',(0.61608238532363,0.154967207442638,-0.772287290528192));
#8147=DIRECTION('',(-0.707106781250862,-0.475948710356274,0.522946292671863));
#8148=DIRECTION('',(-0.600443648574689,-2.04130099817974E-12,0.799667071277988));
#8149=DIRECTION('center_axis',(0.799667071277993,2.70239908864646E-12,0.600443648574683));
#8150=DIRECTION('ref_axis',(0.600443648574683,2.01948391736579E-28,-0.799667071277993));
#8151=DIRECTION('',(-0.600443648574685,-2.86965502642657E-12,0.799667071277992));
#8152=DIRECTION('center_axis',(-1.,-3.37507799424015E-12,-1.22464679914735E-16));
#8153=DIRECTION('ref_axis',(-1.22464679914735E-16,0.,1.));
#8154=DIRECTION('',(-0.707106781185354,-0.707106781187741,2.22872219306586E-14));
#8155=DIRECTION('center_axis',(0.707106781187741,-0.707106781185354,2.25164878725726E-14));
#8156=DIRECTION('ref_axis',(3.18431225263477E-14,-3.15544362088405E-30,
-1.));
#8157=DIRECTION('',(-0.707106781246412,-0.707106781126683,-2.83425740809483E-15));
#8158=DIRECTION('center_axis',(-1.,-3.37507799427756E-12,-1.22464679914735E-16));
#8159=DIRECTION('ref_axis',(3.37507799427756E-12,-1.,-3.61636164372972E-15));
#8160=DIRECTION('center_axis',(1.,0.,1.22464679914735E-16));
#8161=DIRECTION('ref_axis',(0.,1.,0.));
#8162=DIRECTION('',(1.22464679914735E-16,0.,-1.));
#8163=DIRECTION('',(-7.38278980189605E-31,1.,6.02850536745471E-15));
#8164=DIRECTION('center_axis',(-0.0191974423996896,6.02739438699089E-15,
-0.999815712121644));
#8165=DIRECTION('ref_axis',(-0.999815712121644,0.,0.0191974423996896));
#8166=DIRECTION('',(3.13968614230004E-13,1.,3.84500658449505E-29));
#8167=DIRECTION('',(0.999815712121644,1.00110092907976E-12,-0.0191974423996896));
#8168=DIRECTION('',(3.14228265440589E-13,1.,-4.98555793707746E-18));
#8169=DIRECTION('center_axis',(1.,3.72781087265289E-13,1.22464679914735E-16));
#8170=DIRECTION('ref_axis',(-3.72781087265289E-13,1.,-4.56525165302106E-29));
#8171=DIRECTION('',(-1.22464679914735E-16,0.,1.));
#8172=DIRECTION('',(-3.72781087265289E-13,1.,-4.56525165302106E-29));
#8173=DIRECTION('center_axis',(1.,-3.14228265440589E-13,1.22464679914735E-16));
#8174=DIRECTION('ref_axis',(3.14228265440589E-13,1.,3.84818639473442E-29));
#8175=DIRECTION('',(-1.22464679914735E-16,0.,1.));
#8176=DIRECTION('center_axis',(-9.59762949049091E-13,1.,-1.17537062349319E-28));
#8177=DIRECTION('ref_axis',(1.,9.59762949049091E-13,1.22464679914735E-16));
#8178=DIRECTION('center_axis',(-1.22464679914735E-16,0.,1.));
#8179=DIRECTION('ref_axis',(-0.978147600733537,-0.207911690819025,-1.19788532833199E-16));
#8180=DIRECTION('',(-1.22464679914735E-16,0.,1.));
#8181=DIRECTION('center_axis',(1.22464679914735E-16,0.,-1.));
#8182=DIRECTION('ref_axis',(-0.978147600733537,-0.207911690819025,-1.19788532833199E-16));
#8183=DIRECTION('center_axis',(0.207911690818896,-0.978147600733564,2.54618386666675E-17));
#8184=DIRECTION('ref_axis',(-0.978147600733564,-0.207911690818896,-1.19788532833202E-16));
#8185=DIRECTION('',(-1.22464679914735E-16,0.,1.));
#8186=DIRECTION('',(0.978147600733564,0.207911690818896,1.19788532833202E-16));
#8187=DIRECTION('center_axis',(-1.22464679914735E-16,0.,1.));
#8188=DIRECTION('ref_axis',(-0.2079116908188,0.978147600733584,-2.54618386666558E-17));
#8189=DIRECTION('',(-1.22464679914735E-16,0.,1.));
#8190=DIRECTION('center_axis',(-0.978147600733565,-0.207911690818893,-1.19788532833202E-16));
#8191=DIRECTION('ref_axis',(-0.207911690818893,0.978147600733565,-2.54618386666671E-17));
#8192=DIRECTION('center_axis',(1.,3.38622690664397E-12,1.22464679914735E-16));
#8193=DIRECTION('ref_axis',(-3.38622690664397E-12,1.,-4.14693194240818E-28));
#8194=DIRECTION('',(3.38622690664397E-12,-1.,4.14693194240818E-28));
#8195=DIRECTION('',(-1.22464679914735E-16,0.,1.));
#8196=DIRECTION('',(-1.22464679914735E-16,0.,1.));
#8197=DIRECTION('',(3.38622690664397E-12,-1.,4.14693194240818E-28));
#8198=DIRECTION('center_axis',(1.22464679914735E-16,0.,-1.));
#8199=DIRECTION('ref_axis',(0.961513522584575,-0.274757612973694,1.1775144577701E-16));
#8200=DIRECTION('',(-1.22464679914735E-16,0.,1.));
#8201=DIRECTION('center_axis',(0.416612738997161,-0.90908405865755,5.10203457296885E-17));
#8202=DIRECTION('ref_axis',(0.90908405865755,0.416612738997161,1.11330688259085E-16));
#8203=DIRECTION('',(-1.22464679914735E-16,0.,1.));
#8204=DIRECTION('center_axis',(1.22464679914735E-16,0.,-1.));
#8205=DIRECTION('ref_axis',(-0.416640472839898,0.909071348350473,-5.10237421458621E-17));
#8206=DIRECTION('',(-1.22464679914735E-16,0.,1.));
#8207=DIRECTION('center_axis',(0.906307801352158,0.422618231040992,1.1099069479682E-16));
#8208=DIRECTION('ref_axis',(-0.422618231040992,0.906307801352158,-5.17558063905667E-17));
#8209=DIRECTION('',(-1.22464679914735E-16,0.,1.));
#8210=DIRECTION('center_axis',(1.22464679914735E-16,0.,-1.));
#8211=DIRECTION('ref_axis',(-0.906305957476563,-0.422622185222794,-1.10990468987185E-16));
#8212=DIRECTION('',(-1.22464679914735E-16,0.,1.));
#8213=DIRECTION('center_axis',(-0.412317422975979,0.911040253068133,-5.04943212280218E-17));
#8214=DIRECTION('ref_axis',(-0.911040253068133,-0.412317422975979,-1.11570252981428E-16));
#8215=DIRECTION('',(-1.22464679914735E-16,0.,1.));
#8216=DIRECTION('center_axis',(1.22464679914735E-16,0.,-1.));
#8217=DIRECTION('ref_axis',(-0.300892327794018,0.953658118549146,-3.6848682612094E-17));
#8218=DIRECTION('center_axis',(3.78172928191482E-13,-1.,4.6312826603388E-29));
#8219=DIRECTION('ref_axis',(1.,3.78172928191482E-13,1.22464679914735E-16));
#8220=DIRECTION('',(1.,3.37341658889676E-12,1.22464679914735E-16));
#8221=DIRECTION('center_axis',(1.22464679914735E-16,0.,-1.));
#8222=DIRECTION('ref_axis',(-0.999999999967269,8.09084305612064E-6,-1.22464679910727E-16));
#8223=DIRECTION('center_axis',(1.22464679914735E-16,0.,-1.));
#8224=DIRECTION('ref_axis',(-0.707106781187938,0.707106781185157,-8.65956056237196E-17));
#8225=DIRECTION('center_axis',(0.,1.,0.));
#8226=DIRECTION('ref_axis',(-1.,0.,-1.22464679914735E-16));
#8227=DIRECTION('center_axis',(-1.22464679914735E-16,0.,1.));
#8228=DIRECTION('ref_axis',(-0.707106781187938,0.707106781185157,-8.65956056237196E-17));
#8229=DIRECTION('center_axis',(0.999999999967269,8.09084699238127E-6,1.22464679910727E-16));
#8230=DIRECTION('ref_axis',(-8.09084699238127E-6,0.999999999967269,-9.90842987161071E-22));
#8231=DIRECTION('center_axis',(-1.,0.,-1.22464679914735E-16));
#8232=DIRECTION('ref_axis',(0.,1.,0.));
#8233=DIRECTION('',(0.,1.,0.));
#8234=DIRECTION('center_axis',(1.,0.,1.22464679914735E-16));
#8235=DIRECTION('ref_axis',(-8.65956056235493E-17,0.707106781186548,0.707106781186548));
#8236=DIRECTION('',(0.,-1.,0.));
#8237=DIRECTION('',(1.22464679914735E-16,0.,-1.));
#8238=DIRECTION('center_axis',(0.,1.,0.));
#8239=DIRECTION('ref_axis',(1.,0.,1.22464679914735E-16));
#8240=DIRECTION('',(1.,0.,1.22464679914735E-16));
#8241=DIRECTION('',(-1.22464679914735E-16,0.,1.));
#8242=DIRECTION('',(-1.,0.,-1.22464679914735E-16));
#8243=DIRECTION('center_axis',(0.,-1.,0.));
#8244=DIRECTION('ref_axis',(-0.707106781186549,0.,0.707106781186546));
#8245=DIRECTION('center_axis',(1.22464679914735E-16,0.,-1.));
#8246=DIRECTION('ref_axis',(0.707106781186548,-0.707106781186548,8.65956056235493E-17));
#8247=DIRECTION('center_axis',(-1.22464679914735E-16,0.,1.));
#8248=DIRECTION('ref_axis',(0.707106781186548,-0.707106781186548,8.65956056235493E-17));
#8249=DIRECTION('center_axis',(1.22464679914735E-16,0.,-1.));
#8250=DIRECTION('ref_axis',(0.707106781186548,-0.707106781186548,8.65956056235493E-17));
#8251=DIRECTION('center_axis',(0.,-1.,0.));
#8252=DIRECTION('ref_axis',(-0.707106781186548,0.,0.707106781186547));
#8253=DIRECTION('center_axis',(0.,1.,0.));
#8254=DIRECTION('ref_axis',(-0.707106781186549,0.,0.707106781186546));
#8255=DIRECTION('',(0.,-1.,0.));
#8256=DIRECTION('center_axis',(1.22464679914735E-16,0.,-1.));
#8257=DIRECTION('ref_axis',(-1.,0.,-1.22464679914735E-16));
#8258=DIRECTION('',(0.,1.,0.));
#8259=DIRECTION('',(1.,0.,1.22464679914735E-16));
#8260=DIRECTION('',(1.,0.,1.22464679914735E-16));
#8261=DIRECTION('center_axis',(-1.22464679914735E-16,0.,1.));
#8262=DIRECTION('ref_axis',(0.707106781186548,-0.707106781186548,8.65956056235493E-17));
#8263=DIRECTION('center_axis',(-1.,0.,-1.22464679914735E-16));
#8264=DIRECTION('ref_axis',(-8.65956056235493E-17,0.707106781186548,0.707106781186547));
#8265=DIRECTION('center_axis',(-1.,0.,-1.22464679914735E-16));
#8266=DIRECTION('ref_axis',(-8.65956056235493E-17,0.707106781186548,0.707106781186548));
#8267=DIRECTION('center_axis',(1.,0.,1.22464679914735E-16));
#8268=DIRECTION('ref_axis',(0.,0.,1.));
#8269=DIRECTION('center_axis',(0.,1.,0.));
#8270=DIRECTION('ref_axis',(-1.22464679914735E-16,0.,1.));
#8271=DIRECTION('center_axis',(0.,-1.,0.));
#8272=DIRECTION('ref_axis',(0.707106781186545,0.,0.70710678118655));
#8273=DIRECTION('center_axis',(0.,1.,0.));
#8274=DIRECTION('ref_axis',(-1.22464679914735E-16,0.,1.));
#8275=DIRECTION('center_axis',(1.22464679914735E-16,0.,-1.));
#8276=DIRECTION('ref_axis',(1.,0.,0.));
#8277=DIRECTION('center_axis',(1.,0.,1.22464679914735E-16));
#8278=DIRECTION('ref_axis',(-1.22464679914735E-16,0.,1.));
#8279=DIRECTION('center_axis',(-1.,0.,-1.22464679914735E-16));
#8280=DIRECTION('ref_axis',(-8.65956056235496E-17,-0.707106781186545,0.70710678118655));
#8281=DIRECTION('center_axis',(1.,0.,1.22464679914735E-16));
#8282=DIRECTION('ref_axis',(-1.22464679914735E-16,0.,1.));
#8283=DIRECTION('center_axis',(0.,-1.,0.));
#8284=DIRECTION('ref_axis',(0.,0.,-1.));
#8285=DIRECTION('',(0.00217646633905926,-0.428438176152962,0.903568476768086));
#8286=DIRECTION('center_axis',(1.,-3.13651910387461E-13,1.22464679914735E-16));
#8287=DIRECTION('ref_axis',(2.21698797161465E-13,0.707106781186546,0.707106781186549));
#8288=DIRECTION('',(-1.,3.13651910387461E-13,-1.22464679914735E-16));
#8289=DIRECTION('center_axis',(-0.17744391431741,0.984130914701756,8.78608292693833E-13));
#8290=DIRECTION('ref_axis',(3.84999779883303E-13,9.62193288008471E-13,-1.));
#8291=DIRECTION('center_axis',(0.,-1.,0.));
#8292=DIRECTION('ref_axis',(-1.,0.,-1.22464679914735E-16));
#8293=DIRECTION('center_axis',(1.22464679914735E-16,0.,-1.));
#8294=DIRECTION('ref_axis',(-0.843595044670939,-0.536979888456389,-1.03310597123283E-16));
#8295=DIRECTION('center_axis',(1.,0.,1.22464679914735E-16));
#8296=DIRECTION('ref_axis',(1.22464679914735E-16,0.,-1.));
#8297=DIRECTION('center_axis',(-0.98413091471463,0.177443914246011,1.17393205592563E-12));
#8298=DIRECTION('ref_axis',(0.175984547742096,0.976037046303567,-0.127988762002833));
#8299=DIRECTION('center_axis',(1.22464679914735E-16,0.,-1.));
#8300=DIRECTION('ref_axis',(-0.699083542807048,-0.715039999004494,-8.56130423035243E-17));
#8301=DIRECTION('center_axis',(-1.22464679914735E-16,0.,1.));
#8302=DIRECTION('ref_axis',(-1.,0.,0.));
#8303=DIRECTION('center_axis',(0.,-1.,0.));
#8304=DIRECTION('ref_axis',(-1.,0.,-1.22464679914735E-16));
#8305=DIRECTION('center_axis',(-1.,0.,-1.22464679914735E-16));
#8306=DIRECTION('ref_axis',(0.,1.,0.));
#8307=DIRECTION('center_axis',(1.22464679914735E-16,0.,-1.));
#8308=DIRECTION('ref_axis',(0.707106781186548,-0.707106781186548,8.65956056235493E-17));
#8309=DIRECTION('center_axis',(-1.,0.,-1.22464679914735E-16));
#8310=DIRECTION('ref_axis',(8.65956056235477E-17,0.707106781186561,-0.707106781186534));
#8311=DIRECTION('',(-1.,0.,-1.22464679914735E-16));
#8312=DIRECTION('center_axis',(1.,0.,1.22464679914735E-16));
#8313=DIRECTION('ref_axis',(0.,1.,0.));
#8314=DIRECTION('',(-1.22464679914735E-16,0.,1.));
#8315=DIRECTION('',(0.,1.,0.));
#8316=DIRECTION('',(-1.22464679914735E-16,0.,1.));
#8317=DIRECTION('center_axis',(1.22464679914735E-16,0.,-1.));
#8318=DIRECTION('ref_axis',(-7.61394678913673E-15,1.,-9.32439556419456E-31));
#8319=DIRECTION('center_axis',(1.22464679914735E-16,0.,-1.));
#8320=DIRECTION('ref_axis',(1.,0.,1.22464679914735E-16));
#8321=DIRECTION('center_axis',(1.22464679914735E-16,0.,-1.));
#8322=DIRECTION('ref_axis',(0.,-1.,0.));
#8323=DIRECTION('center_axis',(1.22464679914735E-16,0.,-1.));
#8324=DIRECTION('ref_axis',(0.,1.,0.));
#8325=DIRECTION('',(-1.22464679914735E-16,0.,1.));
#8326=DIRECTION('center_axis',(0.,1.,0.));
#8327=DIRECTION('ref_axis',(-1.,0.,-1.22464679914735E-16));
#8328=DIRECTION('',(-1.,0.,-1.22464679914735E-16));
#8329=DIRECTION('',(-1.22464679914735E-16,0.,1.));
#8330=DIRECTION('center_axis',(1.22464679914735E-16,0.,-1.));
#8331=DIRECTION('ref_axis',(-1.,-7.61394678913665E-15,-1.22464679914735E-16));
#8332=DIRECTION('center_axis',(1.22464679914735E-16,0.,-1.));
#8333=DIRECTION('ref_axis',(0.,1.,0.));
#8334=DIRECTION('center_axis',(0.,-1.,0.));
#8335=DIRECTION('ref_axis',(-0.70710678118654,0.,-0.707106781186555));
#8336=DIRECTION('',(0.,-1.,0.));
#8337=DIRECTION('center_axis',(1.,-3.16673018856778E-13,1.22464679914735E-16));
#8338=DIRECTION('ref_axis',(3.16673018856778E-13,1.,3.87812598919283E-29));
#8339=DIRECTION('',(5.26824497156635E-13,1.,6.45173934155287E-29));
#8340=DIRECTION('center_axis',(-1.22464679914735E-16,0.,1.));
#8341=DIRECTION('ref_axis',(-1.,0.,-1.22464679914735E-16));
#8342=DIRECTION('center_axis',(1.22464679914735E-16,0.,-1.));
#8343=DIRECTION('ref_axis',(0.0651036755506762,0.997878505345111,7.97290078758634E-18));
#8344=DIRECTION('',(-1.22464679914735E-16,0.,1.));
#8345=DIRECTION('center_axis',(0.0648887456541984,0.99789250457523,7.94657946661008E-18));
#8346=DIRECTION('ref_axis',(-0.99789250457523,0.0648887456541984,-1.22206586162119E-16));
#8347=DIRECTION('',(0.0190631700443289,-0.00123959763870911,0.999817512821992));
#8348=DIRECTION('center_axis',(0.0193595543350267,-1.75726895709864E-12,
0.999812586266021));
#8349=DIRECTION('ref_axis',(0.0646145284613975,0.997909513609836,-0.00125114295419975));
#8350=DIRECTION('center_axis',(1.22464679914735E-16,0.,-1.));
#8351=DIRECTION('ref_axis',(-8.77883247074833E-11,-1.,-1.07509690855528E-26));
#8352=DIRECTION('',(1.22464679914735E-16,0.,-1.));
#8353=DIRECTION('center_axis',(-0.0191159198323883,6.00150586869061E-15,
-0.999817274110105));
#8354=DIRECTION('ref_axis',(-0.999817274110105,8.77722835077287E-11,0.0191159198323883));
#8355=DIRECTION('center_axis',(1.22464679914735E-16,0.,-1.));
#8356=DIRECTION('ref_axis',(0.116657427822126,0.993172212928818,1.4286414557913E-17));
#8357=DIRECTION('',(0.995218874497966,-0.0975459090883501,-0.00491807514467693));
#8358=DIRECTION('center_axis',(-1.22464679914735E-16,0.,1.));
#8359=DIRECTION('ref_axis',(1.,0.,1.22464679914735E-16));
#8360=CARTESIAN_POINT('',(0.,0.,0.));
#8361=CARTESIAN_POINT('Origin',(-28.8571343235662,-132.251344350687,-11.9));
#8362=CARTESIAN_POINT('',(-28.8571343235662,-132.251344350687,-11.9));
#8363=CARTESIAN_POINT('',(-28.8571343235662,-132.251344350687,-10.9));
#8364=CARTESIAN_POINT('',(-28.8571343235662,-132.251344350687,-13.6));
#8365=CARTESIAN_POINT('',(-28.5571343235662,-132.251344350687,-10.9));
#8366=CARTESIAN_POINT('',(-28.8571343235662,-132.251344350687,-10.9));
#8367=CARTESIAN_POINT('',(-28.5571343235662,-132.251344350687,-11.9));
#8368=CARTESIAN_POINT('',(-28.5571343235662,-132.251344350687,-13.6));
#8369=CARTESIAN_POINT('',(-33.3262368588099,-132.251344350687,-11.9));
#8370=CARTESIAN_POINT('Origin',(-28.5571343235662,-121.000001788139,-13.6));
#8371=CARTESIAN_POINT('',(-28.5571343235662,-121.000001788139,-11.9));
#8372=CARTESIAN_POINT('',(-28.5571343235662,-120.504566004485,-11.9));
#8373=CARTESIAN_POINT('',(-28.5571343235662,-121.000001788139,-10.9));
#8374=CARTESIAN_POINT('',(-28.5571343235662,-133.289680917692,-10.9));
#8375=CARTESIAN_POINT('',(-28.5571343235662,-121.000001788139,-13.6));
#8376=CARTESIAN_POINT('Origin',(-37.7953393940535,-120.00913022083,-11.9));
#8377=CARTESIAN_POINT('',(-87.3050742451725,-92.1595414804022,-11.9));
#8378=CARTESIAN_POINT('',(-86.7161835373979,-91.96779680955,-11.9));
#8379=CARTESIAN_POINT('Origin',(-87.6066972798025,-90.23301,-11.9));
#8380=CARTESIAN_POINT('',(-86.7157274236925,-91.96779680955,-11.9));
#8381=CARTESIAN_POINT('',(-62.2557614657357,-91.9677968095326,-11.9));
#8382=CARTESIAN_POINT('',(-86.7157274236745,-105.61611557327,-11.9));
#8383=CARTESIAN_POINT('',(-86.7157274236655,-112.812622897081,-11.9));
#8384=CARTESIAN_POINT('',(-84.8600102483985,-107.470541919942,-11.9));
#8385=CARTESIAN_POINT('Ctrl Pts',(-84.8600102483985,-107.470541919942,-11.9));
#8386=CARTESIAN_POINT('Ctrl Pts',(-84.9292267506175,-107.470567166925,-11.9));
#8387=CARTESIAN_POINT('Ctrl Pts',(-84.9981664612165,-107.466460479747,-11.9));
#8388=CARTESIAN_POINT('Ctrl Pts',(-85.0665590829301,-107.458455134141,-11.9));
#8389=CARTESIAN_POINT('Ctrl Pts',(-85.1363301384935,-107.45028844307,-11.9));
#8390=CARTESIAN_POINT('Ctrl Pts',(-85.2055326716685,-107.438064089696,-11.9));
#8391=CARTESIAN_POINT('Ctrl Pts',(-85.2738789922438,-107.421974752571,-11.9));
#8392=CARTESIAN_POINT('Ctrl Pts',(-85.3429737623815,-107.405709223703,-11.9));
#8393=CARTESIAN_POINT('Ctrl Pts',(-85.4111943895335,-107.385493240111,-11.9));
#8394=CARTESIAN_POINT('Ctrl Pts',(-85.4782294497516,-107.361475126825,-11.9));
#8395=CARTESIAN_POINT('Ctrl Pts',(-85.5068089326395,-107.351235332076,-11.9));
#8396=CARTESIAN_POINT('Ctrl Pts',(-85.5351726672045,-107.340303859339,-11.9));
#8397=CARTESIAN_POINT('Ctrl Pts',(-85.5632951035782,-107.328689688812,-11.9));
#8398=CARTESIAN_POINT('Ctrl Pts',(-85.6291297840735,-107.301500892092,-11.9));
#8399=CARTESIAN_POINT('Ctrl Pts',(-85.6932772601285,-107.270725293735,-11.9));
#8400=CARTESIAN_POINT('Ctrl Pts',(-85.7554480783408,-107.236564577262,-11.9));
#8401=CARTESIAN_POINT('Ctrl Pts',(-85.8177332673735,-107.202341017974,-11.9));
#8402=CARTESIAN_POINT('Ctrl Pts',(-85.8780354284945,-107.164719407306,-11.9));
#8403=CARTESIAN_POINT('Ctrl Pts',(-85.9360438532224,-107.12385422745,-11.9));
#8404=CARTESIAN_POINT('Ctrl Pts',(-85.9929075048715,-107.083795505586,-11.9));
#8405=CARTESIAN_POINT('Ctrl Pts',(-86.0475678104475,-107.040619416285,-11.9));
#8406=CARTESIAN_POINT('Ctrl Pts',(-86.099701096694,-106.994432899104,-11.9));
#8407=CARTESIAN_POINT('Ctrl Pts',(-86.1213232249395,-106.975277175965,-11.9));
#8408=CARTESIAN_POINT('Ctrl Pts',(-86.1425102310775,-106.95560319622,-11.9));
#8409=CARTESIAN_POINT('Ctrl Pts',(-86.1632369467029,-106.935416918406,-11.9));
#8410=CARTESIAN_POINT('Ctrl Pts',(-86.2157222298225,-106.884300160433,-11.9));
#8411=CARTESIAN_POINT('Ctrl Pts',(-86.2649572238775,-106.830194976114,-11.9));
#8412=CARTESIAN_POINT('Ctrl Pts',(-86.3106124630693,-106.773274001782,-11.9));
#8413=CARTESIAN_POINT('Ctrl Pts',(-86.3542222516765,-106.718903206625,-11.9));
#8414=CARTESIAN_POINT('Ctrl Pts',(-86.3945664611245,-106.661962514046,-11.9));
#8415=CARTESIAN_POINT('Ctrl Pts',(-86.4315675101173,-106.602809724853,-11.9));
#8416=CARTESIAN_POINT('Ctrl Pts',(-86.4689890888995,-106.542984643639,-11.9));
#8417=CARTESIAN_POINT('Ctrl Pts',(-86.5029915029915,-106.480895963462,-11.9));
#8418=CARTESIAN_POINT('Ctrl Pts',(-86.5334487076112,-106.416887801844,-11.9));
#8419=CARTESIAN_POINT('Ctrl Pts',(-86.5449728596475,-106.392668908638,-11.9));
#8420=CARTESIAN_POINT('Ctrl Pts',(-86.5559889633655,-106.368175021924,-11.9));
#8421=CARTESIAN_POINT('Ctrl Pts',(-86.5664883129577,-106.34342425842,-11.9));
#8422=CARTESIAN_POINT('Ctrl Pts',(-86.5941736532225,-106.278159900528,-11.9));
#8423=CARTESIAN_POINT('Ctrl Pts',(-86.6181528597505,-106.211385772384,-11.9));
#8424=CARTESIAN_POINT('Ctrl Pts',(-86.6383260225518,-106.143459932682,-11.9));
#8425=CARTESIAN_POINT('Ctrl Pts',(-86.6536229305075,-106.091953119994,-11.9));
#8426=CARTESIAN_POINT('Ctrl Pts',(-86.6667305195345,-106.039783389156,-11.9));
#8427=CARTESIAN_POINT('Ctrl Pts',(-86.6775860791388,-105.987101152364,-11.9));
#8428=CARTESIAN_POINT('Ctrl Pts',(-86.6918107987525,-105.918068318102,-11.9));
#8429=CARTESIAN_POINT('Ctrl Pts',(-86.7021295709045,-105.848353868171,-11.9));
#8430=CARTESIAN_POINT('Ctrl Pts',(-86.7084238624093,-105.778300760429,-11.9));
#8431=CARTESIAN_POINT('Ctrl Pts',(-86.7132678896405,-105.724388551046,-11.9));
#8432=CARTESIAN_POINT('Ctrl Pts',(-86.7157274236745,-105.670275279493,-11.9));
#8433=CARTESIAN_POINT('Ctrl Pts',(-86.7157274236745,-105.61611557327,-11.9));
#8434=CARTESIAN_POINT('',(-71.4550699676501,-107.465600728575,-11.9));
#8435=CARTESIAN_POINT('',(-54.6025994523137,-107.459388744032,-11.9));
#8436=CARTESIAN_POINT('',(-69.6461848481771,-106.001076943409,-11.9000000008761));
#8437=CARTESIAN_POINT('Ctrl Pts',(-69.646187876193,-106.001076296965,-11.9));
#8438=CARTESIAN_POINT('Ctrl Pts',(-69.6608988443335,-106.069984125123,-11.9));
#8439=CARTESIAN_POINT('Ctrl Pts',(-69.6797318650559,-106.13796949725,-11.9));
#8440=CARTESIAN_POINT('Ctrl Pts',(-69.7024791678816,-106.204761890482,-11.9));
#8441=CARTESIAN_POINT('Ctrl Pts',(-69.7154141296971,-106.242742527687,-11.9));
#8442=CARTESIAN_POINT('Ctrl Pts',(-69.7296156937493,-106.280337109247,-11.9));
#8443=CARTESIAN_POINT('Ctrl Pts',(-69.7450523153023,-106.317492461776,-11.9));
#8444=CARTESIAN_POINT('Ctrl Pts',(-69.7720395630912,-106.382449726027,-11.9));
#8445=CARTESIAN_POINT('Ctrl Pts',(-69.8026495763442,-106.445706588931,-11.9));
#8446=CARTESIAN_POINT('Ctrl Pts',(-69.8366299156134,-106.50701498825,-11.9));
#8447=CARTESIAN_POINT('Ctrl Pts',(-69.8709380156701,-106.568914743914,-11.9));
#8448=CARTESIAN_POINT('Ctrl Pts',(-69.9086822900196,-106.628829111186,-11.9));
#8449=CARTESIAN_POINT('Ctrl Pts',(-69.9496523731824,-106.686482892444,-11.9));
#8450=CARTESIAN_POINT('Ctrl Pts',(-69.9902582885917,-106.743624210793,-11.9));
#8451=CARTESIAN_POINT('Ctrl Pts',(-70.0340335408559,-106.798545715307,-11.9));
#8452=CARTESIAN_POINT('Ctrl Pts',(-70.0808129372542,-106.850948092806,-11.9));
#8453=CARTESIAN_POINT('Ctrl Pts',(-70.1000092058773,-106.872451792991,-11.9));
#8454=CARTESIAN_POINT('Ctrl Pts',(-70.1197117649151,-106.893530856329,-11.9));
#8455=CARTESIAN_POINT('Ctrl Pts',(-70.139910791038,-106.914162588709,-11.9));
#8456=CARTESIAN_POINT('Ctrl Pts',(-70.1894671401285,-106.964780540582,-11.9));
#8457=CARTESIAN_POINT('Ctrl Pts',(-70.2417338644103,-107.012427017821,-11.9));
#8458=CARTESIAN_POINT('Ctrl Pts',(-70.2964988225154,-107.056837132554,-11.9));
#8459=CARTESIAN_POINT('Ctrl Pts',(-70.3390753571914,-107.091363385387,-11.9));
#8460=CARTESIAN_POINT('Ctrl Pts',(-70.3831628693511,-107.123933161029,-11.9));
#8461=CARTESIAN_POINT('Ctrl Pts',(-70.428677514964,-107.154407019675,-11.9));
#8462=CARTESIAN_POINT('Ctrl Pts',(-70.4870681430298,-107.193501858752,-11.9));
#8463=CARTESIAN_POINT('Ctrl Pts',(-70.5478072494458,-107.229148985755,-11.9));
#8464=CARTESIAN_POINT('Ctrl Pts',(-70.6105471807737,-107.261256015867,-11.9));
#8465=CARTESIAN_POINT('Ctrl Pts',(-70.6496770609658,-107.281280651135,-11.9));
#8466=CARTESIAN_POINT('Ctrl Pts',(-70.6895857631247,-107.299927342041,-11.9));
#8467=CARTESIAN_POINT('Ctrl Pts',(-70.7301922481178,-107.317163965516,-11.9));
#8468=CARTESIAN_POINT('Ctrl Pts',(-70.795193203586,-107.344755543439,-11.9));
#8469=CARTESIAN_POINT('Ctrl Pts',(-70.8617080956058,-107.368620598924,-11.9));
#8470=CARTESIAN_POINT('Ctrl Pts',(-70.9293798632381,-107.388680841439,-11.9));
#8471=CARTESIAN_POINT('Ctrl Pts',(-70.9807109755614,-107.403897150954,-11.9));
#8472=CARTESIAN_POINT('Ctrl Pts',(-71.0327084158502,-107.416923385966,-11.9));
#8473=CARTESIAN_POINT('Ctrl Pts',(-71.0852221120112,-107.427706233005,-11.9));
#8474=CARTESIAN_POINT('Ctrl Pts',(-71.1541873350685,-107.441867137789,-11.9));
#8475=CARTESIAN_POINT('Ctrl Pts',(-71.2238453941367,-107.452120105164,-11.9));
#8476=CARTESIAN_POINT('Ctrl Pts',(-71.2938518298563,-107.458366592195,-11.9));
#8477=CARTESIAN_POINT('Ctrl Pts',(-71.3474375299699,-107.463147900905,-11.9));
#8478=CARTESIAN_POINT('Ctrl Pts',(-71.4012278275206,-107.465580881838,-11.9));
#8479=CARTESIAN_POINT('Ctrl Pts',(-71.4550699676501,-107.465600728575,-11.9));
#8480=CARTESIAN_POINT('',(-67.954615523923,-104.630977427036,-11.9));
#8481=CARTESIAN_POINT('Ctrl Pts',(-69.6461818211303,-106.001077589646,-11.9));
#8482=CARTESIAN_POINT('Ctrl Pts',(-69.6323532162747,-105.936116785836,-11.9));
#8483=CARTESIAN_POINT('Ctrl Pts',(-69.6147231127967,-105.872141931905,-11.9));
#8484=CARTESIAN_POINT('Ctrl Pts',(-69.5935180973154,-105.809437272122,-11.9));
#8485=CARTESIAN_POINT('Ctrl Pts',(-69.5720418862481,-105.745930668715,-11.9));
#8486=CARTESIAN_POINT('Ctrl Pts',(-69.5468983456256,-105.683726024324,-11.9));
#8487=CARTESIAN_POINT('Ctrl Pts',(-69.5182702550247,-105.623129496157,-11.9));
#8488=CARTESIAN_POINT('Ctrl Pts',(-69.4897975645047,-105.56286190035,-11.9));
#8489=CARTESIAN_POINT('Ctrl Pts',(-69.4578775360873,-105.504184115121,-11.9));
#8490=CARTESIAN_POINT('Ctrl Pts',(-69.4226453211798,-105.447421671062,-11.9));
#8491=CARTESIAN_POINT('Ctrl Pts',(-69.4095935291246,-105.426393994592,-11.9));
#8492=CARTESIAN_POINT('Ctrl Pts',(-69.3960867899473,-105.405629476028,-11.9));
#8493=CARTESIAN_POINT('Ctrl Pts',(-69.3821306195665,-105.385145899817,-11.9));
#8494=CARTESIAN_POINT('Ctrl Pts',(-69.3442488098932,-105.32954648291,-11.9));
#8495=CARTESIAN_POINT('Ctrl Pts',(-69.3032721706563,-105.276328063498,-11.9));
#8496=CARTESIAN_POINT('Ctrl Pts',(-69.2593880799972,-105.225789122693,-11.9));
#8497=CARTESIAN_POINT('Ctrl Pts',(-69.230200734913,-105.192175631259,-11.9));
#8498=CARTESIAN_POINT('Ctrl Pts',(-69.199726222427,-105.159747781815,-11.9));
#8499=CARTESIAN_POINT('Ctrl Pts',(-69.1680089583136,-105.12860036142,-11.9));
#8500=CARTESIAN_POINT('Ctrl Pts',(-69.1201953435127,-105.081645783135,-11.9));
#8501=CARTESIAN_POINT('Ctrl Pts',(-69.0695587774459,-105.037598845375,-11.9));
#8502=CARTESIAN_POINT('Ctrl Pts',(-69.0164146105219,-104.996580568316,-11.9));
#8503=CARTESIAN_POINT('Ctrl Pts',(-68.9802609182346,-104.968676053996,-11.9));
#8504=CARTESIAN_POINT('Ctrl Pts',(-68.9429459179468,-104.942174024135,-11.9));
#8505=CARTESIAN_POINT('Ctrl Pts',(-68.9045620729276,-104.917124531311,-11.9));
#8506=CARTESIAN_POINT('Ctrl Pts',(-68.8484262974712,-104.880490038239,-11.9));
#8507=CARTESIAN_POINT('Ctrl Pts',(-68.7902820528073,-104.847140583859,-11.9));
#8508=CARTESIAN_POINT('Ctrl Pts',(-68.7304572923552,-104.817174431873,-11.9));
#8509=CARTESIAN_POINT('Ctrl Pts',(-68.6704034256415,-104.78709352083,-11.9));
#8510=CARTESIAN_POINT('Ctrl Pts',(-68.6086552251854,-104.76042144639,-11.9));
#8511=CARTESIAN_POINT('Ctrl Pts',(-68.5455190239418,-104.737302836374,-11.9));
#8512=CARTESIAN_POINT('Ctrl Pts',(-68.5140648456094,-104.72578524634,-11.9));
#8513=CARTESIAN_POINT('Ctrl Pts',(-68.4822658594254,-104.715150364121,-11.9));
#8514=CARTESIAN_POINT('Ctrl Pts',(-68.4501586929834,-104.705420757526,-11.9));
#8515=CARTESIAN_POINT('Ctrl Pts',(-68.3856585312425,-104.685874928086,-11.9));
#8516=CARTESIAN_POINT('Ctrl Pts',(-68.3201890803596,-104.670062317979,-11.9));
#8517=CARTESIAN_POINT('Ctrl Pts',(-68.2540630694944,-104.658109219492,-11.9));
#8518=CARTESIAN_POINT('Ctrl Pts',(-68.1891906881331,-104.646382730121,-11.9));
#8519=CARTESIAN_POINT('Ctrl Pts',(-68.1236854863205,-104.638370579016,-11.9));
#8520=CARTESIAN_POINT('Ctrl Pts',(-68.0578320141425,-104.634240257767,-11.9));
#8521=CARTESIAN_POINT('Ctrl Pts',(-68.0235077797729,-104.632087446231,-11.9));
#8522=CARTESIAN_POINT('Ctrl Pts',(-67.9890888353442,-104.630990039637,-11.9));
#8523=CARTESIAN_POINT('Ctrl Pts',(-67.9546155239171,-104.630977427036,-11.9));
#8524=CARTESIAN_POINT('',(-53.9486181084642,-104.625814680164,-11.9));
#8525=CARTESIAN_POINT('',(-45.8531228381836,-104.622830601869,-11.9));
#8526=CARTESIAN_POINT('',(-52.145483965536,-103.163766536366,-11.9000000006538));
#8527=CARTESIAN_POINT('Ctrl Pts',(-52.1454862600124,-103.163766050205,-11.9));
#8528=CARTESIAN_POINT('Ctrl Pts',(-52.1600526306359,-103.232513204676,-11.9));
#8529=CARTESIAN_POINT('Ctrl Pts',(-52.1787362682196,-103.300343090301,-11.9));
#8530=CARTESIAN_POINT('Ctrl Pts',(-52.2013290402455,-103.366985658292,-11.9));
#8531=CARTESIAN_POINT('Ctrl Pts',(-52.2144357137087,-103.405646800732,-11.9));
#8532=CARTESIAN_POINT('Ctrl Pts',(-52.2288589452017,-103.443908048249,-11.9));
#8533=CARTESIAN_POINT('Ctrl Pts',(-52.2445652271332,-103.481713016667,-11.9));
#8534=CARTESIAN_POINT('Ctrl Pts',(-52.271481729933,-103.546500949465,-11.9));
#8535=CARTESIAN_POINT('Ctrl Pts',(-52.3020146583403,-103.609591496193,-11.9));
#8536=CARTESIAN_POINT('Ctrl Pts',(-52.3359118432835,-103.670736759276,-11.9));
#8537=CARTESIAN_POINT('Ctrl Pts',(-52.3701359279907,-103.73247169882,-11.9));
#8538=CARTESIAN_POINT('Ctrl Pts',(-52.4077899885034,-103.792224499222,-11.9));
#8539=CARTESIAN_POINT('Ctrl Pts',(-52.448663929976,-103.849720120537,-11.9));
#8540=CARTESIAN_POINT('Ctrl Pts',(-52.4891733857998,-103.906703035515,-11.9));
#8541=CARTESIAN_POINT('Ctrl Pts',(-52.5328461729649,-103.961469612221,-11.9));
#8542=CARTESIAN_POINT('Ctrl Pts',(-52.5795173625619,-104.013720695685,-11.9));
#8543=CARTESIAN_POINT('Ctrl Pts',(-52.598531095732,-104.035007664528,-11.9));
#8544=CARTESIAN_POINT('Ctrl Pts',(-52.618042890237,-104.055876701064,-11.9));
#8545=CARTESIAN_POINT('Ctrl Pts',(-52.6380431476414,-104.076305612733,-11.9));
#8546=CARTESIAN_POINT('Ctrl Pts',(-52.6874692760665,-104.126791063561,-11.9));
#8547=CARTESIAN_POINT('Ctrl Pts',(-52.7396010699857,-104.174310179187,-11.9));
#8548=CARTESIAN_POINT('Ctrl Pts',(-52.7942266254606,-104.218598251338,-11.9));
#8549=CARTESIAN_POINT('Ctrl Pts',(-52.8366105159917,-104.252961303311,-11.9));
#8550=CARTESIAN_POINT('Ctrl Pts',(-52.8804967053279,-104.28537883182,-11.9));
#8551=CARTESIAN_POINT('Ctrl Pts',(-52.9258019435994,-104.315712320573,-11.9));
#8552=CARTESIAN_POINT('Ctrl Pts',(-52.9840396974982,-104.354704594321,-11.9));
#8553=CARTESIAN_POINT('Ctrl Pts',(-53.0446219312065,-104.390255034203,-11.9));
#8554=CARTESIAN_POINT('Ctrl Pts',(-53.1072012576203,-104.422271384381,-11.9));
#8555=CARTESIAN_POINT('Ctrl Pts',(-53.1461425720853,-104.44219423801,-11.9));
#8556=CARTESIAN_POINT('Ctrl Pts',(-53.1858577399112,-104.460747705212,-11.9));
#8557=CARTESIAN_POINT('Ctrl Pts',(-53.2262663317508,-104.477899919914,-11.9));
#8558=CARTESIAN_POINT('Ctrl Pts',(-53.291097422403,-104.505418740433,-11.9));
#8559=CARTESIAN_POINT('Ctrl Pts',(-53.3574398349817,-104.529217509532,-11.9));
#8560=CARTESIAN_POINT('Ctrl Pts',(-53.4249367821056,-104.549218053078,-11.9));
#8561=CARTESIAN_POINT('Ctrl Pts',(-53.4760317415689,-104.564358396534,-11.9));
#8562=CARTESIAN_POINT('Ctrl Pts',(-53.5277889958904,-104.577321284202,-11.9));
#8563=CARTESIAN_POINT('Ctrl Pts',(-53.5800594934123,-104.588053792022,-11.9));
#8564=CARTESIAN_POINT('Ctrl Pts',(-53.6488449730572,-104.602177260005,-11.9));
#8565=CARTESIAN_POINT('Ctrl Pts',(-53.7183220375138,-104.612399640841,-11.9));
#8566=CARTESIAN_POINT('Ctrl Pts',(-53.788146478731,-104.618622520583,-11.9));
#8567=CARTESIAN_POINT('Ctrl Pts',(-53.8414844107137,-104.62337609298,-11.9));
#8568=CARTESIAN_POINT('Ctrl Pts',(-53.8950255268503,-104.625794925417,-11.9));
#8569=CARTESIAN_POINT('Ctrl Pts',(-53.9486181084642,-104.625814680164,-11.9));
#8570=CARTESIAN_POINT('',(-50.4533914580772,-101.791193305641,-11.9));
#8571=CARTESIAN_POINT('Ctrl Pts',(-52.1454816717937,-103.163767022372,-11.9));
#8572=CARTESIAN_POINT('Ctrl Pts',(-52.1317482025008,-103.098786932846,-11.9));
#8573=CARTESIAN_POINT('Ctrl Pts',(-52.1142117270895,-103.034787146146,-11.9));
#8574=CARTESIAN_POINT('Ctrl Pts',(-52.0930985219601,-102.972052219347,-11.9));
#8575=CARTESIAN_POINT('Ctrl Pts',(-52.0717149917465,-102.908514059487,-11.9));
#8576=CARTESIAN_POINT('Ctrl Pts',(-52.0466621645042,-102.846272423371,-11.9));
#8577=CARTESIAN_POINT('Ctrl Pts',(-52.0181224893657,-102.785633727839,-11.9));
#8578=CARTESIAN_POINT('Ctrl Pts',(-51.9897372279467,-102.725323117559,-11.9));
#8579=CARTESIAN_POINT('Ctrl Pts',(-51.9579022336695,-102.666597253965,-11.9));
#8580=CARTESIAN_POINT('Ctrl Pts',(-51.9227523053364,-102.609781874316,-11.9));
#8581=CARTESIAN_POINT('Ctrl Pts',(-51.9097312640162,-102.588735020421,-11.9));
#8582=CARTESIAN_POINT('Ctrl Pts',(-51.8962549167818,-102.567950646491,-11.9));
#8583=CARTESIAN_POINT('Ctrl Pts',(-51.8823287595466,-102.547446544442,-11.9));
#8584=CARTESIAN_POINT('Ctrl Pts',(-51.8445282994386,-102.491791242086,-11.9));
#8585=CARTESIAN_POINT('Ctrl Pts',(-51.803629744434,-102.438512330994,-11.9));
#8586=CARTESIAN_POINT('Ctrl Pts',(-51.7598201516084,-102.387908559318,-11.9));
#8587=CARTESIAN_POINT('Ctrl Pts',(-51.7304464618008,-102.353979472183,-11.9));
#8588=CARTESIAN_POINT('Ctrl Pts',(-51.6997630769315,-102.321253340399,-11.9));
#8589=CARTESIAN_POINT('Ctrl Pts',(-51.6678153611859,-102.289827364672,-11.9));
#8590=CARTESIAN_POINT('Ctrl Pts',(-51.6200411304458,-102.242833337694,-11.9));
#8591=CARTESIAN_POINT('Ctrl Pts',(-51.56944084877,-102.198744534715,-11.9));
#8592=CARTESIAN_POINT('Ctrl Pts',(-51.5163297181227,-102.15768222305,-11.9));
#8593=CARTESIAN_POINT('Ctrl Pts',(-51.4804828717546,-102.129967611068,-11.9));
#8594=CARTESIAN_POINT('Ctrl Pts',(-51.4434914409763,-102.103632518807,-11.9));
#8595=CARTESIAN_POINT('Ctrl Pts',(-51.4054456943596,-102.078725862238,-11.9));
#8596=CARTESIAN_POINT('Ctrl Pts',(-51.3493651349654,-102.042012711434,-11.9));
#8597=CARTESIAN_POINT('Ctrl Pts',(-51.291271466068,-102.008582023938,-11.9));
#8598=CARTESIAN_POINT('Ctrl Pts',(-51.2314927152353,-101.978531984656,-11.9));
#8599=CARTESIAN_POINT('Ctrl Pts',(-51.1714799207245,-101.94836429451,-11.9));
#8600=CARTESIAN_POINT('Ctrl Pts',(-51.1097679023368,-101.921603346119,-11.9));
#8601=CARTESIAN_POINT('Ctrl Pts',(-51.0466630551945,-101.89839367097,-11.9));
#8602=CARTESIAN_POINT('Ctrl Pts',(-51.0148314806134,-101.886686162927,-11.9));
#8603=CARTESIAN_POINT('Ctrl Pts',(-50.9826451942811,-101.875883005076,-11.9));
#8604=CARTESIAN_POINT('Ctrl Pts',(-50.9501422102701,-101.866007627759,-11.9));
#8605=CARTESIAN_POINT('Ctrl Pts',(-50.8856539683635,-101.846414173783,-11.9));
#8606=CARTESIAN_POINT('Ctrl Pts',(-50.8201941001339,-101.830553212917,-11.9));
#8607=CARTESIAN_POINT('Ctrl Pts',(-50.7540753650328,-101.818551014835,-11.9));
#8608=CARTESIAN_POINT('Ctrl Pts',(-50.6892108536853,-101.806776489619,-11.9));
#8609=CARTESIAN_POINT('Ctrl Pts',(-50.6237113157913,-101.798715497853,-11.9));
#8610=CARTESIAN_POINT('Ctrl Pts',(-50.5578612615183,-101.794535483869,-11.9));
#8611=CARTESIAN_POINT('Ctrl Pts',(-50.5231217059605,-101.792330294676,-11.9));
#8612=CARTESIAN_POINT('Ctrl Pts',(-50.4882844973796,-101.791206071831,-11.9));
#8613=CARTESIAN_POINT('Ctrl Pts',(-50.4533914580726,-101.791193305641,-11.9));
#8614=CARTESIAN_POINT('',(-36.4421662492782,-101.786028631753,-11.9));
#8615=CARTESIAN_POINT('',(-37.1036462240536,-101.786272459705,-11.9));
#8616=CARTESIAN_POINT('',(-34.6056608918056,-99.9494495732365,-11.9));
#8617=CARTESIAN_POINT('Ctrl Pts',(-34.6056608918056,-99.9494495732365,-11.9));
#8618=CARTESIAN_POINT('Ctrl Pts',(-34.6056611522176,-100.018098612128,-11.9));
#8619=CARTESIAN_POINT('Ctrl Pts',(-34.6097687950519,-100.08647062815,-11.9));
#8620=CARTESIAN_POINT('Ctrl Pts',(-34.6177511572412,-100.154296735044,-11.9));
#8621=CARTESIAN_POINT('Ctrl Pts',(-34.625894657621,-100.223492032646,-11.9));
#8622=CARTESIAN_POINT('Ctrl Pts',(-34.6380711598705,-100.292120000709,-11.9));
#8623=CARTESIAN_POINT('Ctrl Pts',(-34.6540885931871,-100.359894426659,-11.9));
#8624=CARTESIAN_POINT('Ctrl Pts',(-34.67028164617,-100.428411950571,-11.9));
#8625=CARTESIAN_POINT('Ctrl Pts',(-34.6904006756962,-100.496058038701,-11.9));
#8626=CARTESIAN_POINT('Ctrl Pts',(-34.7142979602804,-100.562522774128,-11.9));
#8627=CARTESIAN_POINT('Ctrl Pts',(-34.7242848469455,-100.590298975127,-11.9));
#8628=CARTESIAN_POINT('Ctrl Pts',(-34.7349321712952,-100.617868605551,-11.9));
#8629=CARTESIAN_POINT('Ctrl Pts',(-34.7462315054327,-100.645207719464,-11.9));
#8630=CARTESIAN_POINT('Ctrl Pts',(-34.7732208485932,-100.71050933088,-11.9));
#8631=CARTESIAN_POINT('Ctrl Pts',(-34.8037759195971,-100.774132269322,-11.9));
#8632=CARTESIAN_POINT('Ctrl Pts',(-34.8376953256769,-100.835788543502,-11.9));
#8633=CARTESIAN_POINT('Ctrl Pts',(-34.8716819480933,-100.897566998738,-11.9));
#8634=CARTESIAN_POINT('Ctrl Pts',(-34.9090467192935,-100.957371898124,-11.9));
#8635=CARTESIAN_POINT('Ctrl Pts',(-34.9496354030829,-101.014893953183,-11.9));
#8636=CARTESIAN_POINT('Ctrl Pts',(-34.9894301680659,-101.071290870961,-11.9));
#8637=CARTESIAN_POINT('Ctrl Pts',(-35.0323245147583,-101.125494130676,-11.9));
#8638=CARTESIAN_POINT('Ctrl Pts',(-35.0782117139068,-101.177181272682,-11.9));
#8639=CARTESIAN_POINT('Ctrl Pts',(-35.0968452905944,-101.198170052608,-11.9));
#8640=CARTESIAN_POINT('Ctrl Pts',(-35.1159727795709,-101.218743512694,-11.9));
#8641=CARTESIAN_POINT('Ctrl Pts',(-35.1355885959936,-101.23887812586,-11.9));
#8642=CARTESIAN_POINT('Ctrl Pts',(-35.1862766892474,-101.290906811683,-11.9));
#8643=CARTESIAN_POINT('Ctrl Pts',(-35.2399311023222,-101.339708813504,-11.9));
#8644=CARTESIAN_POINT('Ctrl Pts',(-35.2963798782837,-101.384956931184,-11.9));
#8645=CARTESIAN_POINT('Ctrl Pts',(-35.3503496849068,-101.428217960668,-11.9));
#8646=CARTESIAN_POINT('Ctrl Pts',(-35.406874563012,-101.468231003603,-11.9));
#8647=CARTESIAN_POINT('Ctrl Pts',(-35.46559739214,-101.504919797984,-11.9));
#8648=CARTESIAN_POINT('Ctrl Pts',(-35.5250075881782,-101.542038044821,-11.9));
#8649=CARTESIAN_POINT('Ctrl Pts',(-35.5866684259241,-101.575754186416,-11.9));
#8650=CARTESIAN_POINT('Ctrl Pts',(-35.6502362147136,-101.605943475469,-11.9));
#8651=CARTESIAN_POINT('Ctrl Pts',(-35.6738897310433,-101.617176882438,-11.9));
#8652=CARTESIAN_POINT('Ctrl Pts',(-35.6978074648039,-101.627921485813,-11.9));
#8653=CARTESIAN_POINT('Ctrl Pts',(-35.7219722088574,-101.63816908158,-11.9));
#8654=CARTESIAN_POINT('Ctrl Pts',(-35.786783496447,-101.665653745805,-11.9));
#8655=CARTESIAN_POINT('Ctrl Pts',(-35.8530973375348,-101.689451003387,-11.9));
#8656=CARTESIAN_POINT('Ctrl Pts',(-35.9205559546896,-101.709461878389,-11.9));
#8657=CARTESIAN_POINT('Ctrl Pts',(-35.9713709410841,-101.724535598898,-11.9));
#8658=CARTESIAN_POINT('Ctrl Pts',(-36.02283619458,-101.73745993561,-11.9));
#8659=CARTESIAN_POINT('Ctrl Pts',(-36.0748043897481,-101.748173869025,-11.9));
#8660=CARTESIAN_POINT('Ctrl Pts',(-36.1433709677616,-101.762309779441,-11.9));
#8661=CARTESIAN_POINT('Ctrl Pts',(-36.2126165233486,-101.772559106081,-11.9));
#8662=CARTESIAN_POINT('Ctrl Pts',(-36.2821982052258,-101.77880386524,-11.9));
#8663=CARTESIAN_POINT('Ctrl Pts',(-36.3353745536171,-101.783576292115,-11.9));
#8664=CARTESIAN_POINT('Ctrl Pts',(-36.3887476932963,-101.786008941153,-11.9));
#8665=CARTESIAN_POINT('Ctrl Pts',(-36.4421662492782,-101.786028631753,-11.9));
#8666=CARTESIAN_POINT('',(-34.6056608918343,-51.5494495732367,-11.9));
#8667=CARTESIAN_POINT('',(-34.6056608917891,-85.7792898970313,-11.9));
#8668=CARTESIAN_POINT('',(-36.4421662493108,-49.7128705147255,-11.9));
#8669=CARTESIAN_POINT('Ctrl Pts',(-36.4421662493108,-49.7128705147255,-11.9));
#8670=CARTESIAN_POINT('Ctrl Pts',(-36.3728643743405,-49.7128960600705,-11.9));
#8671=CARTESIAN_POINT('Ctrl Pts',(-36.3037285238936,-49.7169795750992,-11.9));
#8672=CARTESIAN_POINT('Ctrl Pts',(-36.2350874012763,-49.7249367483953,-11.9));
#8673=CARTESIAN_POINT('Ctrl Pts',(-36.1654118361241,-49.7330138387062,-11.9));
#8674=CARTESIAN_POINT('Ctrl Pts',(-36.0962450474891,-49.7450824276324,-11.9));
#8675=CARTESIAN_POINT('Ctrl Pts',(-36.0279300721589,-49.7610038741202,-11.9));
#8676=CARTESIAN_POINT('Ctrl Pts',(-35.9597385522199,-49.7768965481699,-11.9));
#8677=CARTESIAN_POINT('Ctrl Pts',(-35.8923947804338,-49.7966284985152,-11.9));
#8678=CARTESIAN_POINT('Ctrl Pts',(-35.8262539841241,-49.8201110895605,-11.9));
#8679=CARTESIAN_POINT('Ctrl Pts',(-35.7985421006857,-49.8299499010382,-11.9));
#8680=CARTESIAN_POINT('Ctrl Pts',(-35.7710416511228,-49.8404476922747,-11.9));
#8681=CARTESIAN_POINT('Ctrl Pts',(-35.743780140342,-49.8516003134323,-11.9));
#8682=CARTESIAN_POINT('Ctrl Pts',(-35.6784988870654,-49.8783067235188,-11.9));
#8683=CARTESIAN_POINT('Ctrl Pts',(-35.6149489531932,-49.9086165233493,-11.9));
#8684=CARTESIAN_POINT('Ctrl Pts',(-35.5534682115963,-49.9423855051737,-11.9));
#8685=CARTESIAN_POINT('Ctrl Pts',(-35.4925821991016,-49.9758278254172,-11.9));
#8686=CARTESIAN_POINT('Ctrl Pts',(-35.433724605214,-50.0126631392,-11.9));
#8687=CARTESIAN_POINT('Ctrl Pts',(-35.3772429049672,-50.0527979048952,-11.9));
#8688=CARTESIAN_POINT('Ctrl Pts',(-35.3496873862165,-50.0723783049865,-11.9));
#8689=CARTESIAN_POINT('Ctrl Pts',(-35.3226977425826,-50.0927446875495,-11.9));
#8690=CARTESIAN_POINT('Ctrl Pts',(-35.2963170336537,-50.1138898362458,-11.9));
#8691=CARTESIAN_POINT('Ctrl Pts',(-35.2459437035283,-50.1542659898474,-11.9));
#8692=CARTESIAN_POINT('Ctrl Pts',(-35.1977887860222,-50.1974803591107,-11.9));
#8693=CARTESIAN_POINT('Ctrl Pts',(-35.1519749078072,-50.2433013779548,-11.9));
#8694=CARTESIAN_POINT('Ctrl Pts',(-35.1028893496643,-50.2923945866564,-11.9));
#8695=CARTESIAN_POINT('Ctrl Pts',(-35.0567605953579,-50.3442091126763,-11.9));
#8696=CARTESIAN_POINT('Ctrl Pts',(-35.0136813620087,-50.398401723622,-11.9));
#8697=CARTESIAN_POINT('Ctrl Pts',(-34.9699728440871,-50.4533859590084,-11.9));
#8698=CARTESIAN_POINT('Ctrl Pts',(-34.9294030645646,-50.5108190698151,-11.9));
#8699=CARTESIAN_POINT('Ctrl Pts',(-34.8921066316359,-50.5703812264741,-11.9));
#8700=CARTESIAN_POINT('Ctrl Pts',(-34.8548461343772,-50.6298859941058,-11.9));
#8701=CARTESIAN_POINT('Ctrl Pts',(-34.8208522216017,-50.6915166069624,-11.9));
#8702=CARTESIAN_POINT('Ctrl Pts',(-34.7903037925256,-50.7549794640803,-11.9));
#8703=CARTESIAN_POINT('Ctrl Pts',(-34.7780551978687,-50.7804253163259,-11.9));
#8704=CARTESIAN_POINT('Ctrl Pts',(-34.7663610613799,-50.8061659416502,-11.9));
#8705=CARTESIAN_POINT('Ctrl Pts',(-34.7552351952675,-50.8321830601153,-11.9));
#8706=CARTESIAN_POINT('Ctrl Pts',(-34.727564087979,-50.8968901551955,-11.9));
#8707=CARTESIAN_POINT('Ctrl Pts',(-34.7035216606417,-50.9630328871654,-11.9));
#8708=CARTESIAN_POINT('Ctrl Pts',(-34.6832626928831,-51.0303055498597,-11.9));
#8709=CARTESIAN_POINT('Ctrl Pts',(-34.6680767377528,-51.080732582932,-11.9));
#8710=CARTESIAN_POINT('Ctrl Pts',(-34.655017518037,-51.131795151377,-11.9));
#8711=CARTESIAN_POINT('Ctrl Pts',(-34.6441686924209,-51.1833699245998,-11.9));
#8712=CARTESIAN_POINT('Ctrl Pts',(-34.6298836781527,-51.2512801664491,-11.9));
#8713=CARTESIAN_POINT('Ctrl Pts',(-34.6194701339452,-51.319884235831,-11.9));
#8714=CARTESIAN_POINT('Ctrl Pts',(-34.6130967213467,-51.3888959982068,-11.9));
#8715=CARTESIAN_POINT('Ctrl Pts',(-34.6081727278601,-51.4422133479293,-11.9));
#8716=CARTESIAN_POINT('Ctrl Pts',(-34.6056610954445,-51.4957744963957,-11.9));
#8717=CARTESIAN_POINT('Ctrl Pts',(-34.6056608918343,-51.5494495732367,-11.9));
#8718=CARTESIAN_POINT('',(-49.8471065300597,-49.7079293233916,-11.9));
#8719=CARTESIAN_POINT('',(-43.7873307672572,-49.7101630156615,-11.9));
#8720=CARTESIAN_POINT('',(-51.6500778150479,-51.1685780664365,-11.9000000038553));
#8721=CARTESIAN_POINT('Ctrl Pts',(-51.6500755680122,-51.1685785422625,-11.9));
#8722=CARTESIAN_POINT('Ctrl Pts',(-51.635502402905,-51.0998350393328,-11.9));
#8723=CARTESIAN_POINT('Ctrl Pts',(-51.6168093486247,-51.0320092383541,-11.9));
#8724=CARTESIAN_POINT('Ctrl Pts',(-51.5942045605891,-50.9653718795021,-11.9));
#8725=CARTESIAN_POINT('Ctrl Pts',(-51.5811423385135,-50.9268653481211,-11.9));
#8726=CARTESIAN_POINT('Ctrl Pts',(-51.5667729925078,-50.8887559594606,-11.9));
#8727=CARTESIAN_POINT('Ctrl Pts',(-51.5511296536802,-50.8510995683426,-11.9));
#8728=CARTESIAN_POINT('Ctrl Pts',(-51.5242179492915,-50.786318150687,-11.9));
#8729=CARTESIAN_POINT('Ctrl Pts',(-51.4936876757519,-50.7232349229291,-11.9));
#8730=CARTESIAN_POINT('Ctrl Pts',(-51.4597912389201,-50.6620982676012,-11.9));
#8731=CARTESIAN_POINT('Ctrl Pts',(-51.4255690966335,-50.6003741599037,-11.9));
#8732=CARTESIAN_POINT('Ctrl Pts',(-51.38791527281,-50.5406333651197,-11.9));
#8733=CARTESIAN_POINT('Ctrl Pts',(-51.3470400761391,-50.4831513671776,-11.9));
#8734=CARTESIAN_POINT('Ctrl Pts',(-51.3065336416655,-50.426187952376,-11.9));
#8735=CARTESIAN_POINT('Ctrl Pts',(-51.2628630761755,-50.37144199607,-11.9));
#8736=CARTESIAN_POINT('Ctrl Pts',(-51.2161934634651,-50.3192129973851,-11.9));
#8737=CARTESIAN_POINT('Ctrl Pts',(-51.1972916674163,-50.2980595781976,-11.9));
#8738=CARTESIAN_POINT('Ctrl Pts',(-51.1778975174509,-50.2773194543941,-11.9));
#8739=CARTESIAN_POINT('Ctrl Pts',(-51.1580204576113,-50.2570144512376,-11.9));
#8740=CARTESIAN_POINT('Ctrl Pts',(-51.1086163133624,-50.2065466600746,-11.9));
#8741=CARTESIAN_POINT('Ctrl Pts',(-51.0565063756697,-50.1590452784167,-11.9));
#8742=CARTESIAN_POINT('Ctrl Pts',(-51.0019027537003,-50.1147750701219,-11.9));
#8743=CARTESIAN_POINT('Ctrl Pts',(-50.9592676159646,-50.0802083809507,-11.9));
#8744=CARTESIAN_POINT('Ctrl Pts',(-50.9151111540467,-50.0476119924738,-11.9));
#8745=CARTESIAN_POINT('Ctrl Pts',(-50.869518258186,-50.0171271322903,-11.9));
#8746=CARTESIAN_POINT('Ctrl Pts',(-50.8112721025103,-49.9781819001772,-11.9));
#8747=CARTESIAN_POINT('Ctrl Pts',(-50.7506818934506,-49.9426810570131,-11.9));
#8748=CARTESIAN_POINT('Ctrl Pts',(-50.6880954529974,-49.9107167746363,-11.9));
#8749=CARTESIAN_POINT('Ctrl Pts',(-50.6495840353446,-49.89104814003,-11.9));
#8750=CARTESIAN_POINT('Ctrl Pts',(-50.6103162527665,-49.8727194691778,-11.9));
#8751=CARTESIAN_POINT('Ctrl Pts',(-50.5703699960829,-49.8557615171317,-11.9));
#8752=CARTESIAN_POINT('Ctrl Pts',(-50.5055670594012,-49.8282514277284,-11.9));
#8753=CARTESIAN_POINT('Ctrl Pts',(-50.4392523533085,-49.8044618513084,-11.9));
#8754=CARTESIAN_POINT('Ctrl Pts',(-50.371783111169,-49.7844703575132,-11.9));
#8755=CARTESIAN_POINT('Ctrl Pts',(-50.3205075967908,-49.7692771510234,-11.9));
#8756=CARTESIAN_POINT('Ctrl Pts',(-50.2685645499607,-49.7562785232111,-11.9));
#8757=CARTESIAN_POINT('Ctrl Pts',(-50.2161049656725,-49.7455277903292,-11.9));
#8758=CARTESIAN_POINT('Ctrl Pts',(-50.1473514944363,-49.7314378920963,-11.9));
#8759=CARTESIAN_POINT('Ctrl Pts',(-50.0779083530724,-49.7212478201924,-11.9));
#8760=CARTESIAN_POINT('Ctrl Pts',(-50.0081199698459,-49.7150553385367,-11.9));
#8761=CARTESIAN_POINT('Ctrl Pts',(-49.9546011464963,-49.710306491859,-11.9));
#8762=CARTESIAN_POINT('Ctrl Pts',(-49.9008788009898,-49.7079095413677,-11.9));
#8763=CARTESIAN_POINT('Ctrl Pts',(-49.8471065300597,-49.7079293233916,-11.9));
#8764=CARTESIAN_POINT('',(-53.3431969335882,-52.5399736304576,-11.9));
#8765=CARTESIAN_POINT('Ctrl Pts',(-51.6500800641064,-51.1685775908416,-11.9));
#8766=CARTESIAN_POINT('Ctrl Pts',(-51.6906969943512,-51.3606524821574,-11.9));
#8767=CARTESIAN_POINT('Ctrl Pts',(-51.7649323627249,-51.5456686837407,-11.9));
#8768=CARTESIAN_POINT('Ctrl Pts',(-51.9559831474734,-51.8584942271916,-11.9));
#8769=CARTESIAN_POINT('Ctrl Pts',(-52.0789521751268,-52.0133959799786,-11.9));
#8770=CARTESIAN_POINT('Ctrl Pts',(-52.4061467938985,-52.2764253749419,-11.9));
#8771=CARTESIAN_POINT('Ctrl Pts',(-52.5804209347526,-52.3730729681203,-11.9));
#8772=CARTESIAN_POINT('Ctrl Pts',(-52.9506035429023,-52.5048843637765,-11.9));
#8773=CARTESIAN_POINT('Ctrl Pts',(-53.1466473482362,-52.540046080546,-11.9));
#8774=CARTESIAN_POINT('Ctrl Pts',(-53.3431969335882,-52.5399736304576,-11.9));
#8775=CARTESIAN_POINT('',(-67.3535583892458,-52.5348092749916,-11.9));
#8776=CARTESIAN_POINT('',(-52.5378517753433,-52.5402704885139,-11.9));
#8777=CARTESIAN_POINT('',(-69.1622847141904,-53.997931809826,-11.9000000017601));
#8778=CARTESIAN_POINT('Ctrl Pts',(-69.1622817401422,-53.9979324440692,-11.9));
#8779=CARTESIAN_POINT('Ctrl Pts',(-69.147563831155,-53.9290283486274,-11.9));
#8780=CARTESIAN_POINT('Ctrl Pts',(-69.1287211819505,-53.8610472611278,-11.9));
#8781=CARTESIAN_POINT('Ctrl Pts',(-69.1059616088502,-53.7942603598928,-11.9));
#8782=CARTESIAN_POINT('Ctrl Pts',(-69.0930715121472,-53.7564349748725,-11.9));
#8783=CARTESIAN_POINT('Ctrl Pts',(-69.0789240902278,-53.7189929483488,-11.9));
#8784=CARTESIAN_POINT('Ctrl Pts',(-69.0635505296438,-53.6819869343323,-11.9));
#8785=CARTESIAN_POINT('Ctrl Pts',(-69.0365679536987,-53.6170366205664,-11.9));
#8786=CARTESIAN_POINT('Ctrl Pts',(-69.0059604530952,-53.5537875553049,-11.9));
#8787=CARTESIAN_POINT('Ctrl Pts',(-68.9719807259358,-53.4924882478131,-11.9));
#8788=CARTESIAN_POINT('Ctrl Pts',(-68.9376742950134,-53.4305995678893,-11.9));
#8789=CARTESIAN_POINT('Ctrl Pts',(-68.8999299629772,-53.3706974715799,-11.9));
#8790=CARTESIAN_POINT('Ctrl Pts',(-68.8589583343744,-53.313057565167,-11.9));
#8791=CARTESIAN_POINT('Ctrl Pts',(-68.818354858738,-53.255935585506,-11.9));
#8792=CARTESIAN_POINT('Ctrl Pts',(-68.7745812043219,-53.2010345589377,-11.9));
#8793=CARTESIAN_POINT('Ctrl Pts',(-68.7278027470738,-53.1486541147012,-11.9));
#8794=CARTESIAN_POINT('Ctrl Pts',(-68.7087186595756,-53.1272845989067,-11.9));
#8795=CARTESIAN_POINT('Ctrl Pts',(-68.6891340514155,-53.1063350318388,-11.9));
#8796=CARTESIAN_POINT('Ctrl Pts',(-68.6690585906887,-53.0858277320706,-11.9));
#8797=CARTESIAN_POINT('Ctrl Pts',(-68.6195238040611,-53.035227412997,-11.9));
#8798=CARTESIAN_POINT('Ctrl Pts',(-68.567278535282,-52.987598603575,-11.9));
#8799=CARTESIAN_POINT('Ctrl Pts',(-68.5125351580881,-52.9432062159548,-11.9));
#8800=CARTESIAN_POINT('Ctrl Pts',(-68.4697066066226,-52.908475774478,-11.9));
#8801=CARTESIAN_POINT('Ctrl Pts',(-68.4253480211786,-52.8757266195885,-11.9));
#8802=CARTESIAN_POINT('Ctrl Pts',(-68.3795449066411,-52.8451008984368,-11.9));
#8803=CARTESIAN_POINT('Ctrl Pts',(-68.321145762533,-52.8060529882452,-11.9));
#8804=CARTESIAN_POINT('Ctrl Pts',(-68.2603986503959,-52.7704552297681,-11.9));
#8805=CARTESIAN_POINT('Ctrl Pts',(-68.1976516224075,-52.7383999781411,-11.9));
#8806=CARTESIAN_POINT('Ctrl Pts',(-68.158953079269,-52.7186302523441,-11.9));
#8807=CARTESIAN_POINT('Ctrl Pts',(-68.1194933063389,-52.700208885743,-11.9));
#8808=CARTESIAN_POINT('Ctrl Pts',(-68.079350780446,-52.6831668958347,-11.9));
#8809=CARTESIAN_POINT('Ctrl Pts',(-68.0143782218402,-52.6555836368481,-11.9));
#8810=CARTESIAN_POINT('Ctrl Pts',(-67.9478913069697,-52.6317273220961,-11.9));
#8811=CARTESIAN_POINT('Ctrl Pts',(-67.8802475047708,-52.611675691688,-11.9));
#8812=CARTESIAN_POINT('Ctrl Pts',(-67.8287352280552,-52.5964059241615,-11.9));
#8813=CARTESIAN_POINT('Ctrl Pts',(-67.776551350128,-52.5833434546591,-11.9));
#8814=CARTESIAN_POINT('Ctrl Pts',(-67.7238478820192,-52.5725420157261,-11.9));
#8815=CARTESIAN_POINT('Ctrl Pts',(-67.6549153352595,-52.5584144692658,-11.9));
#8816=CARTESIAN_POINT('Ctrl Pts',(-67.5852918404277,-52.5481936042451,-11.9));
#8817=CARTESIAN_POINT('Ctrl Pts',(-67.5153220329036,-52.5419773647326,-11.9));
#8818=CARTESIAN_POINT('Ctrl Pts',(-67.4615542632243,-52.5372005424687,-11.9));
#8819=CARTESIAN_POINT('Ctrl Pts',(-67.4075815049074,-52.5347894009169,-11.9));
#8820=CARTESIAN_POINT('Ctrl Pts',(-67.3535583892458,-52.5348092749916,-11.9));
#8821=CARTESIAN_POINT('',(-70.8548786300264,-55.3668526542888,-11.9));
#8822=CARTESIAN_POINT('Ctrl Pts',(-69.1622876912661,-53.9979311757288,-11.9));
#8823=CARTESIAN_POINT('Ctrl Pts',(-69.2031411656505,-54.1897375544821,-11.9));
#8824=CARTESIAN_POINT('Ctrl Pts',(-69.2775288467332,-54.3744507254249,-11.9));
#8825=CARTESIAN_POINT('Ctrl Pts',(-69.4687210255971,-54.6867318345132,-11.9));
#8826=CARTESIAN_POINT('Ctrl Pts',(-69.5917085618175,-54.841343598512,-11.9));
#8827=CARTESIAN_POINT('Ctrl Pts',(-69.9187327606669,-55.1038513135223,-11.9));
#8828=CARTESIAN_POINT('Ctrl Pts',(-70.0928596207589,-55.2002990968039,-11.9));
#8829=CARTESIAN_POINT('Ctrl Pts',(-70.4626923612891,-55.3318390156677,-11.9));
#8830=CARTESIAN_POINT('Ctrl Pts',(-70.6585336072278,-55.3669250289734,-11.9));
#8831=CARTESIAN_POINT('Ctrl Pts',(-70.8548786300264,-55.3668526542888,-11.9));
#8832=CARTESIAN_POINT('',(-84.8600102484325,-55.3616902265917,-11.9));
#8833=CARTESIAN_POINT('',(-61.288372783614,-55.3703789613662,-11.9));
#8834=CARTESIAN_POINT('',(-85.6765530758943,-55.5506804756154,-11.9000000006202));
#8835=CARTESIAN_POINT('Ctrl Pts',(-85.6765520105012,-55.5506801141647,-11.9));
#8836=CARTESIAN_POINT('Ctrl Pts',(-85.549929954108,-55.4887493925429,-11.9));
#8837=CARTESIAN_POINT('Ctrl Pts',(-85.4161863243874,-55.4414629164717,-11.8999999999999));
#8838=CARTESIAN_POINT('Ctrl Pts',(-85.1416457025438,-55.3779201429099,-11.8999999999999));
#8839=CARTESIAN_POINT('Ctrl Pts',(-85.0008524920923,-55.3616383322186,-11.9));
#8840=CARTESIAN_POINT('Ctrl Pts',(-84.8600102484325,-55.3616902265917,-11.9));
#8841=CARTESIAN_POINT('',(-85.6760482010269,-55.5476062509956,-11.8999999999949));
#8842=CARTESIAN_POINT('Origin',(-87.6012016474135,-55.2329389685755,-11.9));
#8843=CARTESIAN_POINT('',(-85.6787994694895,-55.5489525994731,-11.9000000298661));
#8844=CARTESIAN_POINT('',(-85.6787999434702,-55.5489542384109,-11.9000000017266));
#8845=CARTESIAN_POINT('',(-86.2905537239725,-53.7907447723808,-11.9));
#8846=CARTESIAN_POINT('Origin',(-87.6030231142675,-55.2329389685755,-11.9));
#8847=CARTESIAN_POINT('',(-86.2905537435405,-53.3330099994581,-11.9));
#8848=CARTESIAN_POINT('',(-86.2905523085215,-86.899938533214,-11.9));
#8849=CARTESIAN_POINT('',(-71.6422886453813,-53.3330100000002,-11.9));
#8850=CARTESIAN_POINT('',(-70.6786314840419,-53.3330100000005,-11.9));
#8851=CARTESIAN_POINT('',(-71.4922157704118,-52.4825922465694,-11.9));
#8852=CARTESIAN_POINT('',(-74.2494088042075,-68.106774205183,-11.9));
#8853=CARTESIAN_POINT('',(-69.1287375433907,-50.4996769999974,-11.9));
#8854=CARTESIAN_POINT('Origin',(-69.1287315071475,-52.8996814263601,-11.9));
#8855=CARTESIAN_POINT('',(-54.1422886453812,-50.499677,-11.9));
#8856=CARTESIAN_POINT('',(-53.189648255033,-50.4996770000002,-11.9));
#8857=CARTESIAN_POINT('',(-53.9922132524831,-49.6492449782262,-11.9));
#8858=CARTESIAN_POINT('',(-57.2561160103648,-68.1447982308651,-11.9));
#8859=CARTESIAN_POINT('',(-51.6287491061123,-47.6663439999957,-11.9));
#8860=CARTESIAN_POINT('Origin',(-51.6286891908395,-50.06639886412,-11.9));
#8861=CARTESIAN_POINT('',(-34.3851777329059,-47.666344,-11.9));
#8862=CARTESIAN_POINT('',(-44.4396540363919,-47.6663439999975,-11.9));
#8863=CARTESIAN_POINT('',(-32.1096352535117,-49.3035016871713,-11.9));
#8864=CARTESIAN_POINT('Origin',(-34.3851564714315,-50.0663211577,-11.9));
#8865=CARTESIAN_POINT('',(-31.6322521610737,-52.0108705114514,-11.9));
#8866=CARTESIAN_POINT('',(-28.6650475947355,-68.8386913233247,-11.9));
#8867=CARTESIAN_POINT('',(-30.0566132606209,-53.3330100009909,-11.9));
#8868=CARTESIAN_POINT('Origin',(-30.0566414315245,-51.73310241344,-11.9));
#8869=CARTESIAN_POINT('',(2.97621084214588,-53.3330100009652,-11.9));
#8870=CARTESIAN_POINT('',(-33.6535861142098,-53.3330100010988,-11.9));
#8871=CARTESIAN_POINT('',(5.37616736644485,-55.7352092150674,-11.9));
#8872=CARTESIAN_POINT('Origin',(2.97600663413452,-55.73317528596,-11.9));
#8873=CARTESIAN_POINT('',(5.35776559861972,-77.4460559995496,-11.9));
#8874=CARTESIAN_POINT('',(5.36139362321242,-73.1647655588707,-11.9));
#8875=CARTESIAN_POINT('',(6.54370719564502,-78.9929328338673,-11.9));
#8876=CARTESIAN_POINT('Origin',(6.95787727062552,-77.44735132802,-11.9));
#8877=CARTESIAN_POINT('',(10.4694143790767,-80.044823412006,-11.9));
#8878=CARTESIAN_POINT('',(-12.4417927795932,-73.9057809878278,-11.9));
#8879=CARTESIAN_POINT('',(12.1679394703509,-83.0360998536674,-11.9));
#8880=CARTESIAN_POINT('Origin',(9.85570168007452,-82.3711772853,-11.9));
#8881=CARTESIAN_POINT('',(5.42610443145422,-108.196968321569,-11.9));
#8882=CARTESIAN_POINT('',(9.57245252846252,-92.7225880548706,-11.9));
#8883=CARTESIAN_POINT('',(5.37159268782452,-108.611445811335,-11.9));
#8884=CARTESIAN_POINT('Origin',(6.97093798365562,-108.6109669921,-11.9));
#8885=CARTESIAN_POINT('',(5.37785973594823,-131.036384593712,-11.9));
#8886=CARTESIAN_POINT('',(5.36906741067052,-99.5754398424733,-11.9));
#8887=CARTESIAN_POINT('',(2.97784442027442,-133.436344003511,-11.9));
#8888=CARTESIAN_POINT('Origin',(2.97791071887852,-131.0363949986,-11.9));
#8889=CARTESIAN_POINT('',(-19.5700674076331,-133.436344001531,-11.9));
#8890=CARTESIAN_POINT('',(-17.1363572750863,-133.436344001745,-11.9));
#8891=CARTESIAN_POINT('',(-29.6631937062921,-133.218755308672,-11.9));
#8892=CARTESIAN_POINT('Origin',(-19.570067387073,100.763655998469,-11.9));
#8893=CARTESIAN_POINT('',(-29.6631937062921,-132.217821379249,-11.9));
#8894=CARTESIAN_POINT('',(-29.663193706292,-124.254566052913,-11.9));
#8895=CARTESIAN_POINT('Origin',(-19.570067387073,100.763655998469,-11.9));
#8896=CARTESIAN_POINT('',(-52.7365913920247,-121.000001788139,-11.9));
#8897=CARTESIAN_POINT('',(-45.1159653930391,-121.000001788139,-11.9));
#8898=CARTESIAN_POINT('',(-52.7365913920247,-130.331619370832,-11.9));
#8899=CARTESIAN_POINT('',(-52.7365913920247,-125.170374795831,-11.9));
#8900=CARTESIAN_POINT('',(-52.4365913920247,-130.331619370832,-11.9));
#8901=CARTESIAN_POINT('',(-45.1159653930391,-130.331619370832,-11.9));
#8902=CARTESIAN_POINT('',(-51.663193706292,-130.40739703528,-11.9));
#8903=CARTESIAN_POINT('',(-40.9877425794325,-131.45337993417,-11.9));
#8904=CARTESIAN_POINT('',(-51.663193706292,-131.411152411002,-11.9));
#8905=CARTESIAN_POINT('',(-51.663193706292,-127.941292294701,-11.9));
#8906=CARTESIAN_POINT('',(-53.0558650353057,-131.274513308987,-11.9));
#8907=CARTESIAN_POINT('',(-53.0558650353057,-131.274513308987,-11.9));
#8908=CARTESIAN_POINT('',(-53.0797685717048,-131.272956196816,-11.9));
#8909=CARTESIAN_POINT('Origin',(-60.8407483255405,-250.5975413291,-11.9));
#8910=CARTESIAN_POINT('',(-53.0833627161422,-131.272722484745,-11.9));
#8911=CARTESIAN_POINT('',(-53.0833627161422,-131.272722484745,-11.9));
#8912=CARTESIAN_POINT('',(-82.9845592009475,-133.08906902329,-11.9));
#8913=CARTESIAN_POINT('Origin',(-60.8407483255405,-250.5975413291,-11.9));
#8914=CARTESIAN_POINT('',(-95.6585493592845,-137.087888230095,-11.9));
#8915=CARTESIAN_POINT('Origin',(-72.651237157224,-187.923934351299,-11.9));
#8916=CARTESIAN_POINT('',(-104.973861310613,-141.303800101224,-11.9));
#8917=CARTESIAN_POINT('',(-89.7096294865885,-134.395533745058,-11.9));
#8918=CARTESIAN_POINT('',(-108.138560187687,-140.131592037432,-11.9));
#8919=CARTESIAN_POINT('Origin',(-105.963419194683,-139.1172918197,-11.9));
#8920=CARTESIAN_POINT('',(-115.073427935716,-125.259718842565,-11.9));
#8921=CARTESIAN_POINT('',(-108.169944860461,-140.064287383514,-11.9));
#8922=CARTESIAN_POINT('',(-113.89817085581,-122.063663762233,-11.9));
#8923=CARTESIAN_POINT('Origin',(-112.898180598812,-124.2454923276,-11.9));
#8924=CARTESIAN_POINT('',(-107.349266731134,-119.062448573353,-11.9));
#8925=CARTESIAN_POINT('',(-103.264244180636,-117.190374789394,-11.9));
#8926=CARTESIAN_POINT('',(-106.506697279592,-117.749468426892,-11.9));
#8927=CARTESIAN_POINT('Origin',(-108.748967563469,-117.237390333198,-11.9));
#8928=CARTESIAN_POINT('',(-106.506697279595,-116.764468152402,-11.9));
#8929=CARTESIAN_POINT('',(-106.506697279574,-123.445176460209,-11.9));
#8930=CARTESIAN_POINT('',(-101.304908275182,-116.764468152398,-11.9));
#8931=CARTESIAN_POINT('',(-94.9570643704125,-116.764468152396,-11.9));
#8932=CARTESIAN_POINT('',(-101.304908275182,-115.000001683831,-11.9));
#8933=CARTESIAN_POINT('',(-101.304908275181,-119.71641957387,-11.9));
#8934=CARTESIAN_POINT('',(-99.7049082751825,-113.400001683831,-11.9));
#8935=CARTESIAN_POINT('',(-78.6791565276165,-92.374249936264,-11.9));
#8936=CARTESIAN_POINT('',(-87.3066972797285,-113.400001683835,-11.9));
#8937=CARTESIAN_POINT('',(-69.550123834617,-113.400001683841,-11.9));
#8938=CARTESIAN_POINT('',(-87.3066972797255,-107.052771209583,-11.9));
#8939=CARTESIAN_POINT('',(-87.3066972797295,-117.834186339585,-11.9));
#8940=CARTESIAN_POINT('',(-87.3050742451725,-107.052771209583,-11.9));
#8941=CARTESIAN_POINT('',(-84.3064390463625,-107.05277120958,-11.9));
#8942=CARTESIAN_POINT('',(-87.3050742451725,-91.7023716113744,-11.9));
#8943=CARTESIAN_POINT('',(-32.6367767602904,-93.0655893470256,-11.8999999999306));
#8944=CARTESIAN_POINT('',(-32.2791748934348,-88.9812027691875,-11.8999999982391));
#8945=CARTESIAN_POINT('',(-33.8267883797621,-106.657439692667,-11.9));
#8946=CARTESIAN_POINT('',(-33.805523535089,-106.414560747109,-11.9));
#8947=CARTESIAN_POINT('',(-34.4111601430711,-113.331906673839,-11.9));
#8948=CARTESIAN_POINT('',(-32.136277352574,-108.402560536817,-11.9));
#8949=CARTESIAN_POINT('Ctrl Pts',(-32.136277352574,-108.402560536817,-11.9));
#8950=CARTESIAN_POINT('Ctrl Pts',(-32.2046920741371,-108.39660230509,-11.9));
#8951=CARTESIAN_POINT('Ctrl Pts',(-32.2724748980004,-108.386573694985,-11.9));
#8952=CARTESIAN_POINT('Ctrl Pts',(-32.3393773243864,-108.372729721514,-11.9));
#8953=CARTESIAN_POINT('Ctrl Pts',(-32.4076294688219,-108.358606453825,-11.9));
#8954=CARTESIAN_POINT('Ctrl Pts',(-32.4749661524747,-108.340511983557,-11.9));
#8955=CARTESIAN_POINT('Ctrl Pts',(-32.5411179885959,-108.318662374042,-11.9));
#8956=CARTESIAN_POINT('Ctrl Pts',(-32.6079870141949,-108.296575880549,-11.9));
#8957=CARTESIAN_POINT('Ctrl Pts',(-32.6736462545511,-108.270651944297,-11.9));
#8958=CARTESIAN_POINT('Ctrl Pts',(-32.7377988431408,-108.24106446081,-11.9));
#8959=CARTESIAN_POINT('Ctrl Pts',(-32.7645704516607,-108.228717265748,-11.9));
#8960=CARTESIAN_POINT('Ctrl Pts',(-32.7910793792069,-108.215731520278,-11.9));
#8961=CARTESIAN_POINT('Ctrl Pts',(-32.8173025277767,-108.202117645839,-11.9));
#8962=CARTESIAN_POINT('Ctrl Pts',(-32.8800193717044,-108.169557892911,-11.9));
#8963=CARTESIAN_POINT('Ctrl Pts',(-32.9407533463999,-108.133590104664,-11.9));
#8964=CARTESIAN_POINT('Ctrl Pts',(-32.9992342002318,-108.094439563705,-11.9));
#8965=CARTESIAN_POINT('Ctrl Pts',(-33.0578197052692,-108.055218963042,-11.9));
#8966=CARTESIAN_POINT('Ctrl Pts',(-33.114144885859,-108.012803662523,-11.9));
#8967=CARTESIAN_POINT('Ctrl Pts',(-33.1679142126266,-107.967373767751,-11.9));
#8968=CARTESIAN_POINT('Ctrl Pts',(-33.2206166454145,-107.922845295485,-11.9));
#8969=CARTESIAN_POINT('Ctrl Pts',(-33.270864346713,-107.875420053033,-11.9));
#8970=CARTESIAN_POINT('Ctrl Pts',(-33.3183447342679,-107.825231964125,-11.9));
#8971=CARTESIAN_POINT('Ctrl Pts',(-33.3376106157448,-107.804867392093,-11.9));
#8972=CARTESIAN_POINT('Ctrl Pts',(-33.3564204153107,-107.784047566873,-11.9));
#8973=CARTESIAN_POINT('Ctrl Pts',(-33.3747511875897,-107.76278005725,-11.9));
#8974=CARTESIAN_POINT('Ctrl Pts',(-33.42209736826,-107.70784863714,-11.9));
#8975=CARTESIAN_POINT('Ctrl Pts',(-33.4659786329109,-107.650249068343,-11.9));
#8976=CARTESIAN_POINT('Ctrl Pts',(-33.5060845921928,-107.590179988897,-11.9));
#8977=CARTESIAN_POINT('Ctrl Pts',(-33.5444782096011,-107.532675585671,-11.9));
#8978=CARTESIAN_POINT('Ctrl Pts',(-33.5794125620063,-107.472907245854,-11.9));
#8979=CARTESIAN_POINT('Ctrl Pts',(-33.610841906489,-107.411237373926,-11.9));
#8980=CARTESIAN_POINT('Ctrl Pts',(-33.6426303556525,-107.348862875795,-11.9));
#8981=CARTESIAN_POINT('Ctrl Pts',(-33.6708335820598,-107.284542174116,-11.9));
#8982=CARTESIAN_POINT('Ctrl Pts',(-33.6953563612603,-107.218628342115,-11.9));
#8983=CARTESIAN_POINT('Ctrl Pts',(-33.7044680636566,-107.194137348819,-11.9));
#8984=CARTESIAN_POINT('Ctrl Pts',(-33.7130711561686,-107.16942627149,-11.9));
#8985=CARTESIAN_POINT('Ctrl Pts',(-33.7211589478487,-107.144512885531,-11.9));
#8986=CARTESIAN_POINT('Ctrl Pts',(-33.7428767386423,-107.077614067457,-11.9));
#8987=CARTESIAN_POINT('Ctrl Pts',(-33.7607907723361,-107.009540219044,-11.9));
#8988=CARTESIAN_POINT('Ctrl Pts',(-33.7748331954393,-106.940656072439,-11.9));
#8989=CARTESIAN_POINT('Ctrl Pts',(-33.7854208232654,-106.888719187899,-11.9));
#8990=CARTESIAN_POINT('Ctrl Pts',(-33.7938065780278,-106.836321055517,-11.9));
#8991=CARTESIAN_POINT('Ctrl Pts',(-33.7999421815173,-106.783614073381,-11.9));
#8992=CARTESIAN_POINT('Ctrl Pts',(-33.808028421511,-106.714150440729,-11.9));
#8993=CARTESIAN_POINT('Ctrl Pts',(-33.8121848307906,-106.644350438248,-11.9));
#8994=CARTESIAN_POINT('Ctrl Pts',(-33.8123237243565,-106.574565467715,-11.9));
#8995=CARTESIAN_POINT('Ctrl Pts',(-33.8124299984882,-106.52116963828,-11.9));
#8996=CARTESIAN_POINT('Ctrl Pts',(-33.8101832506984,-106.467782212147,-11.9));
#8997=CARTESIAN_POINT('Ctrl Pts',(-33.805523535089,-106.414560747109,-11.9));
#8998=CARTESIAN_POINT('',(-18.7819178878338,-109.565543667761,-11.9));
#8999=CARTESIAN_POINT('',(-27.7506525458562,-108.784488826402,-11.9));
#9000=CARTESIAN_POINT('',(-16.7993940656008,-107.901881385965,-11.9));
#9001=CARTESIAN_POINT('Ctrl Pts',(-16.7993940656008,-107.901881385965,-11.9));
#9002=CARTESIAN_POINT('Ctrl Pts',(-16.8053614540926,-107.970085875045,-11.9));
#9003=CARTESIAN_POINT('Ctrl Pts',(-16.8153889640835,-108.037657732619,-11.9));
#9004=CARTESIAN_POINT('Ctrl Pts',(-16.829221639744,-108.104349566879,-11.9));
#9005=CARTESIAN_POINT('Ctrl Pts',(-16.8433338723944,-108.172389236431,-11.9));
#9006=CARTESIAN_POINT('Ctrl Pts',(-16.8614069689001,-108.239513769515,-11.9));
#9007=CARTESIAN_POINT('Ctrl Pts',(-16.8832248968613,-108.305454969612,-11.9));
#9008=CARTESIAN_POINT('Ctrl Pts',(-16.9052820320378,-108.372119135285,-11.9));
#9009=CARTESIAN_POINT('Ctrl Pts',(-16.9311670013345,-108.437574770186,-11.9));
#9010=CARTESIAN_POINT('Ctrl Pts',(-16.9607058875755,-108.501526191477,-11.9));
#9011=CARTESIAN_POINT('Ctrl Pts',(-16.9729607017464,-108.528057753212,-11.9));
#9012=CARTESIAN_POINT('Ctrl Pts',(-16.9858449623667,-108.55433011719,-11.9));
#9013=CARTESIAN_POINT('Ctrl Pts',(-16.9993484266532,-108.580320679174,-11.9));
#9014=CARTESIAN_POINT('Ctrl Pts',(-17.0318398803507,-108.642858049094,-11.9));
#9015=CARTESIAN_POINT('Ctrl Pts',(-17.0677313390763,-108.703415897958,-11.9));
#9016=CARTESIAN_POINT('Ctrl Pts',(-17.1067972993605,-108.761725037304,-11.9));
#9017=CARTESIAN_POINT('Ctrl Pts',(-17.145940582729,-108.820149587674,-11.9));
#9018=CARTESIAN_POINT('Ctrl Pts',(-17.1882714913516,-108.876317385344,-11.9));
#9019=CARTESIAN_POINT('Ctrl Pts',(-17.233609640387,-108.929933911127,-11.9));
#9020=CARTESIAN_POINT('Ctrl Pts',(-17.2780600263087,-108.982500575483,-11.9));
#9021=CARTESIAN_POINT('Ctrl Pts',(-17.3254016563825,-109.032615605951,-11.9));
#9022=CARTESIAN_POINT('Ctrl Pts',(-17.3755003084436,-109.079967214143,-11.9));
#9023=CARTESIAN_POINT('Ctrl Pts',(-17.3956928339331,-109.099052529138,-11.9));
#9024=CARTESIAN_POINT('Ctrl Pts',(-17.416333608078,-109.117688464863,-11.9));
#9025=CARTESIAN_POINT('Ctrl Pts',(-17.4374151952786,-109.135852591459,-11.9));
#9026=CARTESIAN_POINT('Ctrl Pts',(-17.4922443040878,-109.18309395256,-11.9));
#9027=CARTESIAN_POINT('Ctrl Pts',(-17.5497373692187,-109.22687541308,-11.9));
#9028=CARTESIAN_POINT('Ctrl Pts',(-17.609695380801,-109.266887122599,-11.9));
#9029=CARTESIAN_POINT('Ctrl Pts',(-17.6670790054352,-109.305180869497,-11.9));
#9030=CARTESIAN_POINT('Ctrl Pts',(-17.7267212429944,-109.340022185339,-11.9));
#9031=CARTESIAN_POINT('Ctrl Pts',(-17.7882599177726,-109.371366252045,-11.9));
#9032=CARTESIAN_POINT('Ctrl Pts',(-17.8505192691606,-109.403077387685,-11.9));
#9033=CARTESIAN_POINT('Ctrl Pts',(-17.9147207046269,-109.431209220723,-11.9));
#9034=CARTESIAN_POINT('Ctrl Pts',(-17.9805111871585,-109.455667456224,-11.9));
#9035=CARTESIAN_POINT('Ctrl Pts',(-18.0048654071355,-109.464721368351,-11.9));
#9036=CARTESIAN_POINT('Ctrl Pts',(-18.029437518367,-109.473271385997,-11.9));
#9037=CARTESIAN_POINT('Ctrl Pts',(-18.0542099491024,-109.48131094235,-11.9));
#9038=CARTESIAN_POINT('Ctrl Pts',(-18.1209948086082,-109.502985062556,-11.9));
#9039=CARTESIAN_POINT('Ctrl Pts',(-18.1889531379882,-109.520861434641,-11.9));
#9040=CARTESIAN_POINT('Ctrl Pts',(-18.2577201362146,-109.534872658503,-11.9));
#9041=CARTESIAN_POINT('Ctrl Pts',(-18.3094018241337,-109.545402763316,-11.9));
#9042=CARTESIAN_POINT('Ctrl Pts',(-18.3615408766495,-109.553748785798,-11.9));
#9043=CARTESIAN_POINT('Ctrl Pts',(-18.4139863470029,-109.55986313243,-11.9));
#9044=CARTESIAN_POINT('Ctrl Pts',(-18.4833399431781,-109.567948710162,-11.9));
#9045=CARTESIAN_POINT('Ctrl Pts',(-18.5530305953063,-109.572110320741,-11.9));
#9046=CARTESIAN_POINT('Ctrl Pts',(-18.6227067156272,-109.572260349504,-11.9));
#9047=CARTESIAN_POINT('Ctrl Pts',(-18.6758371749181,-109.572374751642,-11.9));
#9048=CARTESIAN_POINT('Ctrl Pts',(-18.7289595771554,-109.57015561655,-11.9));
#9049=CARTESIAN_POINT('Ctrl Pts',(-18.7819178878338,-109.565543667761,-11.9));
#9050=CARTESIAN_POINT('',(-15.6315054759279,-94.552834904412,-11.9000000000001));
#9051=CARTESIAN_POINT('',(-16.8206820164586,-108.14520412036,-11.9));
#9052=CARTESIAN_POINT('',(-15.2741661887407,-90.4684253538467,-11.9000000000033));
#9053=CARTESIAN_POINT('',(-16.6420129862144,-106.103005039645,-11.9));
#9054=CARTESIAN_POINT('',(-14.1062776073534,-77.1193788715689,-11.9000000000035));
#9055=CARTESIAN_POINT('',(-16.0580698238159,-99.428500549736,-11.9));
#9056=CARTESIAN_POINT('',(-13.7489387812741,-73.0349683681628,-11.8999999999998));
#9057=CARTESIAN_POINT('',(-15.8794012838015,-97.386300969874,-11.9));
#9058=CARTESIAN_POINT('',(-12.581050194783,-59.6859218863315,-11.9));
#9059=CARTESIAN_POINT('',(-15.2954586707867,-90.7117964318915,-11.9));
#9060=CARTESIAN_POINT('',(-14.243076021249,-57.7051746073646,-11.9));
#9061=CARTESIAN_POINT('Ctrl Pts',(-14.243076021249,-57.7051746073646,-11.9));
#9062=CARTESIAN_POINT('Ctrl Pts',(-14.1748413683593,-57.7111674138441,-11.9));
#9063=CARTESIAN_POINT('Ctrl Pts',(-14.1072389143766,-57.721222246605,-11.9));
#9064=CARTESIAN_POINT('Ctrl Pts',(-14.0405173168817,-57.7350844122745,-11.9));
#9065=CARTESIAN_POINT('Ctrl Pts',(-13.9724558849048,-57.7492249436945,-11.9));
#9066=CARTESIAN_POINT('Ctrl Pts',(-13.9053102216034,-57.7673275932054,-11.9));
#9067=CARTESIAN_POINT('Ctrl Pts',(-13.8393498036143,-57.789176692917,-11.9));
#9068=CARTESIAN_POINT('Ctrl Pts',(-13.7726889451101,-57.811257810483,-11.9));
#9069=CARTESIAN_POINT('Ctrl Pts',(-13.7072377442794,-57.8371658072545,-11.9));
#9070=CARTESIAN_POINT('Ctrl Pts',(-13.6432929885513,-57.8667273086064,-11.9));
#9071=CARTESIAN_POINT('Ctrl Pts',(-13.6168122102393,-57.8789693064834,-11.9));
#9072=CARTESIAN_POINT('Ctrl Pts',(-13.5905900761837,-57.8918384031835,-11.9));
#9073=CARTESIAN_POINT('Ctrl Pts',(-13.5646491503288,-57.9053244464542,-11.9));
#9074=CARTESIAN_POINT('Ctrl Pts',(-13.5021346957666,-57.9378241592242,-11.9));
#9075=CARTESIAN_POINT('Ctrl Pts',(-13.4416005801216,-57.9737221550546,-11.9));
#9076=CARTESIAN_POINT('Ctrl Pts',(-13.3833168472771,-58.0127938404264,-11.9));
#9077=CARTESIAN_POINT('Ctrl Pts',(-13.324937192614,-58.0519298289396,-11.9));
#9078=CARTESIAN_POINT('Ctrl Pts',(-13.2688144663572,-58.0942505066662,-11.9));
#9079=CARTESIAN_POINT('Ctrl Pts',(-13.2152438838052,-58.1395765285068,-11.9));
#9080=CARTESIAN_POINT('Ctrl Pts',(-13.1627449577432,-58.1839958227525,-11.9));
#9081=CARTESIAN_POINT('Ctrl Pts',(-13.112696386355,-58.2313020415369,-11.9));
#9082=CARTESIAN_POINT('Ctrl Pts',(-13.0654103179697,-58.2813620435457,-11.9));
#9083=CARTESIAN_POINT('Ctrl Pts',(-13.0463066743634,-58.3015863605584,-11.9));
#9084=CARTESIAN_POINT('Ctrl Pts',(-13.0276543726275,-58.3222605033682,-11.9));
#9085=CARTESIAN_POINT('Ctrl Pts',(-13.009476028914,-58.3433770520229,-11.9));
#9086=CARTESIAN_POINT('Ctrl Pts',(-12.9624206882792,-58.3980380489563,-11.9));
#9087=CARTESIAN_POINT('Ctrl Pts',(-12.9188081209204,-58.4553471315553,-11.9));
#9088=CARTESIAN_POINT('Ctrl Pts',(-12.8789462896191,-58.515108033904,-11.9));
#9089=CARTESIAN_POINT('Ctrl Pts',(-12.8407000180493,-58.572446887285,-11.9));
#9090=CARTESIAN_POINT('Ctrl Pts',(-12.8059060590734,-58.6320436303377,-11.9));
#9091=CARTESIAN_POINT('Ctrl Pts',(-12.7746090887466,-58.6935359331613,-11.9));
#9092=CARTESIAN_POINT('Ctrl Pts',(-12.7429513025239,-58.7557371672364,-11.9));
#9093=CARTESIAN_POINT('Ctrl Pts',(-12.7148712643659,-58.8198788902105,-11.9));
#9094=CARTESIAN_POINT('Ctrl Pts',(-12.6904631116313,-58.88560801339,-11.9));
#9095=CARTESIAN_POINT('Ctrl Pts',(-12.681375726322,-58.910079585445,-11.9));
#9096=CARTESIAN_POINT('Ctrl Pts',(-12.6727978154359,-58.9347713352299,-11.9));
#9097=CARTESIAN_POINT('Ctrl Pts',(-12.6647360551659,-58.9596653795324,-11.9));
#9098=CARTESIAN_POINT('Ctrl Pts',(-12.643133400311,-59.0263725785808,-11.9));
#9099=CARTESIAN_POINT('Ctrl Pts',(-12.6253245856031,-59.0942494934024,-11.9));
#9100=CARTESIAN_POINT('Ctrl Pts',(-12.6113766661936,-59.1629315943015,-11.9));
#9101=CARTESIAN_POINT('Ctrl Pts',(-12.6009097729805,-59.2144724868646,-11.9));
#9102=CARTESIAN_POINT('Ctrl Pts',(-12.5926180609833,-59.2664674178799,-11.9));
#9103=CARTESIAN_POINT('Ctrl Pts',(-12.5865487568251,-59.3187661958838,-11.9));
#9104=CARTESIAN_POINT('Ctrl Pts',(-12.5785117859066,-59.3880202235175,-11.9));
#9105=CARTESIAN_POINT('Ctrl Pts',(-12.5743931312882,-59.4576078224434,-11.9));
#9106=CARTESIAN_POINT('Ctrl Pts',(-12.5742798185057,-59.5271777381759,-11.9));
#9107=CARTESIAN_POINT('Ctrl Pts',(-12.5741935327111,-59.5801540690247,-11.9));
#9108=CARTESIAN_POINT('Ctrl Pts',(-12.5764307395064,-59.6331205364452,-11.9));
#9109=CARTESIAN_POINT('Ctrl Pts',(-12.581050194783,-59.6859218863315,-11.9));
#9110=CARTESIAN_POINT('',(-27.5965774559139,-56.5323841477805,-11.9));
#9111=CARTESIAN_POINT('',(-29.8740881195896,-56.3323584997489,-11.9));
#9112=CARTESIAN_POINT('',(-29.5840799478845,-58.1988724375195,-11.9));
#9113=CARTESIAN_POINT('Ctrl Pts',(-29.5840799478845,-58.1988724375195,-11.9));
#9114=CARTESIAN_POINT('Ctrl Pts',(-29.5780462950984,-58.129958400664,-11.9));
#9115=CARTESIAN_POINT('Ctrl Pts',(-29.5679877733327,-58.0615627689097,-11.9));
#9116=CARTESIAN_POINT('Ctrl Pts',(-29.5541167645173,-57.9939963297855,-11.9));
#9117=CARTESIAN_POINT('Ctrl Pts',(-29.540034807244,-57.9254023492384,-11.9));
#9118=CARTESIAN_POINT('Ctrl Pts',(-29.5220232311452,-57.8576620197582,-11.9));
#9119=CARTESIAN_POINT('Ctrl Pts',(-29.5002502560019,-57.7911044344343,-11.9));
#9120=CARTESIAN_POINT('Ctrl Pts',(-29.4785120601832,-57.7246531656721,-11.9));
#9121=CARTESIAN_POINT('Ctrl Pts',(-29.4530240558367,-57.6593799071769,-11.9));
#9122=CARTESIAN_POINT('Ctrl Pts',(-29.4239057857746,-57.5956304280038,-11.9));
#9123=CARTESIAN_POINT('Ctrl Pts',(-29.4118084730776,-57.5691454279615,-11.9));
#9124=CARTESIAN_POINT('Ctrl Pts',(-29.3990840332719,-57.5429237355581,-11.9));
#9125=CARTESIAN_POINT('Ctrl Pts',(-29.3857388589145,-57.5169916790179,-11.9));
#9126=CARTESIAN_POINT('Ctrl Pts',(-29.3535045215437,-57.4543546061068,-11.9));
#9127=CARTESIAN_POINT('Ctrl Pts',(-29.3178313605494,-57.3937546930285,-11.9));
#9128=CARTESIAN_POINT('Ctrl Pts',(-29.2788933834071,-57.3355155815727,-11.9));
#9129=CARTESIAN_POINT('Ctrl Pts',(-29.2403212387298,-57.2778236417799,-11.9));
#9130=CARTESIAN_POINT('Ctrl Pts',(-29.1985448453686,-57.2224474526268,-11.9));
#9131=CARTESIAN_POINT('Ctrl Pts',(-29.1536886038596,-57.1697247876051,-11.9));
#9132=CARTESIAN_POINT('Ctrl Pts',(-29.1316634418218,-57.1438370805412,-11.9));
#9133=CARTESIAN_POINT('Ctrl Pts',(-29.108895096797,-57.1185895696634,-11.9));
#9134=CARTESIAN_POINT('Ctrl Pts',(-29.0853948212411,-57.0940253182524,-11.9));
#9135=CARTESIAN_POINT('Ctrl Pts',(-29.0411698843988,-57.0477980957396,-11.9));
#9136=CARTESIAN_POINT('Ctrl Pts',(-28.9943538396234,-57.0039888002783,-11.9));
#9137=CARTESIAN_POINT('Ctrl Pts',(-28.9451825614773,-56.9626965754152,-11.9));
#9138=CARTESIAN_POINT('Ctrl Pts',(-28.8920717431989,-56.9180960701262,-11.9));
#9139=CARTESIAN_POINT('Ctrl Pts',(-28.8365062111878,-56.8766768274967,-11.9));
#9140=CARTESIAN_POINT('Ctrl Pts',(-28.77883654452,-56.8385007667715,-11.9));
#9141=CARTESIAN_POINT('Ctrl Pts',(-28.7203126466274,-56.7997592236185,-11.9));
#9142=CARTESIAN_POINT('Ctrl Pts',(-28.6596209684137,-56.7643571985695,-11.9));
#9143=CARTESIAN_POINT('Ctrl Pts',(-28.5970925374068,-56.7324003171074,-11.9));
#9144=CARTESIAN_POINT('Ctrl Pts',(-28.5346050528726,-56.7004643624709,-11.9));
#9145=CARTESIAN_POINT('Ctrl Pts',(-28.4702822826286,-56.6719686609577,-11.9));
#9146=CARTESIAN_POINT('Ctrl Pts',(-28.4044331457784,-56.6470653200862,-11.9));
#9147=CARTESIAN_POINT('Ctrl Pts',(-28.3782439300413,-56.6371608779347,-11.9));
#9148=CARTESIAN_POINT('Ctrl Pts',(-28.351813116253,-56.6278252163367,-11.9));
#9149=CARTESIAN_POINT('Ctrl Pts',(-28.3251596999249,-56.6190701701132,-11.9));
#9150=CARTESIAN_POINT('Ctrl Pts',(-28.2583183830198,-56.5971143047957,-11.9));
#9151=CARTESIAN_POINT('Ctrl Pts',(-28.1903602705577,-56.5788991801407,-11.9));
#9152=CARTESIAN_POINT('Ctrl Pts',(-28.1216043946218,-56.5645518193023,-11.9));
#9153=CARTESIAN_POINT('Ctrl Pts',(-28.0698558339061,-56.5537533927918,-11.9));
#9154=CARTESIAN_POINT('Ctrl Pts',(-28.0176547925384,-56.5451468416435,-11.9));
#9155=CARTESIAN_POINT('Ctrl Pts',(-27.9651333945808,-56.5388054503978,-11.9));
#9156=CARTESIAN_POINT('Ctrl Pts',(-27.8962588443766,-56.530489592734,-11.9));
#9157=CARTESIAN_POINT('Ctrl Pts',(-27.8270300445672,-56.5260911107924,-11.9));
#9158=CARTESIAN_POINT('Ctrl Pts',(-27.7577475418462,-56.5257527644304,-11.9));
#9159=CARTESIAN_POINT('Ctrl Pts',(-27.7040101997215,-56.5254903340403,-11.9));
#9160=CARTESIAN_POINT('Ctrl Pts',(-27.6502401683538,-56.5276713625079,-11.9));
#9161=CARTESIAN_POINT('Ctrl Pts',(-27.5965774559139,-56.5323841477805,-11.9));
#9162=CARTESIAN_POINT('',(-30.7528267202597,-71.547843837815,-11.9000000001001));
#9163=CARTESIAN_POINT('',(-32.8848160416155,-95.8985971111212,-11.9));
#9164=CARTESIAN_POINT('',(-31.1104281255013,-75.6322313685032,-11.8999999981772));
#9165=CARTESIAN_POINT('',(-33.0636163382833,-97.9407851386225,-11.9));
#9166=CARTESIAN_POINT('',(-33.6479875721564,-104.615252166141,-11.9));
#9167=CARTESIAN_POINT('',(-106.883563300005,-137.85136943659,-11.9));
#9168=CARTESIAN_POINT('',(-112.546648007344,-125.706845090305,-11.9));
#9169=CARTESIAN_POINT('',(-106.962300303669,-137.682517387331,-11.9));
#9170=CARTESIAN_POINT('',(-104.491954046032,-138.721844017029,-11.9));
#9171=CARTESIAN_POINT('Origin',(-105.252521382799,-137.090802099823,-11.9));
#9172=CARTESIAN_POINT('',(-92.3474296997455,-133.058759309691,-11.9));
#9173=CARTESIAN_POINT('',(-73.5161684016605,-124.277597953654,-11.9));
#9174=CARTESIAN_POINT('',(-91.4769551193065,-130.667150055716,-11.9));
#9175=CARTESIAN_POINT('Origin',(-93.1079970365135,-131.427717392484,-11.9));
#9176=CARTESIAN_POINT('',(-97.1400398266445,-118.522625709431,-11.9));
#9177=CARTESIAN_POINT('',(-88.7241497693025,-136.570560179598,-11.9));
#9178=CARTESIAN_POINT('',(-99.5316490806195,-117.652151128992,-11.9));
#9179=CARTESIAN_POINT('Origin',(-98.7710817438515,-119.283193046199,-11.9));
#9180=CARTESIAN_POINT('',(-111.676173426904,-123.315235836331,-11.9));
#9181=CARTESIAN_POINT('',(-74.6281256093925,-106.039447419284,-11.9));
#9182=CARTESIAN_POINT('Origin',(-110.915606090136,-124.946277753538,-11.9));
#9183=CARTESIAN_POINT('',(6.27638434939255,-96.817744261094,-11.8999999999907));
#9184=CARTESIAN_POINT('',(5.21521311913069,-100.778141417453,-11.9000000000117));
#9185=CARTESIAN_POINT('',(1.90211654766372,-113.142947567289,-11.9));
#9186=CARTESIAN_POINT('',(9.74460308534032,-83.8740072428512,-11.9));
#9187=CARTESIAN_POINT('',(3.63618265992122,-106.671239109179,-11.9));
#9188=CARTESIAN_POINT('',(8.45766986599922,-81.6450377837557,-11.9));
#9189=CARTESIAN_POINT('Ctrl Pts',(8.45766986599923,-81.6450377837557,-11.9));
#9190=CARTESIAN_POINT('Ctrl Pts',(8.52359746410952,-81.6627216785557,-11.9));
#9191=CARTESIAN_POINT('Ctrl Pts',(8.58820038750461,-81.6842868797636,-11.9));
#9192=CARTESIAN_POINT('Ctrl Pts',(8.65127826082554,-81.7094398716532,-11.9));
#9193=CARTESIAN_POINT('Ctrl Pts',(8.71562300509481,-81.7350980421897,-11.9));
#9194=CARTESIAN_POINT('Ctrl Pts',(8.77838157443321,-81.7644900447005,-11.9));
#9195=CARTESIAN_POINT('Ctrl Pts',(8.83932630079064,-81.797357192957,-11.9));
#9196=CARTESIAN_POINT('Ctrl Pts',(8.9009153879505,-81.8305718413712,-11.9));
#9197=CARTESIAN_POINT('Ctrl Pts',(8.96065287894121,-81.8673360967728,-11.9));
#9198=CARTESIAN_POINT('Ctrl Pts',(9.01827686911192,-81.9074281998383,-11.9));
#9199=CARTESIAN_POINT('Ctrl Pts',(9.04193326252231,-81.9238872225467,-11.9));
#9200=CARTESIAN_POINT('Ctrl Pts',(9.06523307548732,-81.9409075782039,-11.9));
#9201=CARTESIAN_POINT('Ctrl Pts',(9.0881563985784,-81.9584757389752,-11.9));
#9202=CARTESIAN_POINT('Ctrl Pts',(9.14388204854752,-82.0011832109178,-11.9));
#9203=CARTESIAN_POINT('Ctrl Pts',(9.19707348128291,-82.0468862732889,-11.9));
#9204=CARTESIAN_POINT('Ctrl Pts',(9.24750407808991,-82.0953172794912,-11.9));
#9205=CARTESIAN_POINT('Ctrl Pts',(9.29801752481831,-82.1438278505868,-11.9));
#9206=CARTESIAN_POINT('Ctrl Pts',(9.34576181748211,-82.1950760239912,-11.9));
#9207=CARTESIAN_POINT('Ctrl Pts',(9.39047768043794,-82.2488343320686,-11.9));
#9208=CARTESIAN_POINT('Ctrl Pts',(9.43429827332421,-82.3015163284965,-11.9));
#9209=CARTESIAN_POINT('Ctrl Pts',(9.47521107238202,-82.3566096853881,-11.9));
#9210=CARTESIAN_POINT('Ctrl Pts',(9.51293207689334,-82.4139294567811,-11.9));
#9211=CARTESIAN_POINT('Ctrl Pts',(9.52802572055992,-82.4368653307236,-11.9));
#9212=CARTESIAN_POINT('Ctrl Pts',(9.54260781987011,-82.4601579503044,-11.9));
#9213=CARTESIAN_POINT('Ctrl Pts',(9.5566580104711,-82.4837964206695,-11.9));
#9214=CARTESIAN_POINT('Ctrl Pts',(9.59334416230321,-82.545518324487,-11.9));
#9215=CARTESIAN_POINT('Ctrl Pts',(9.62619665379192,-82.6092416682816,-11.9));
#9216=CARTESIAN_POINT('Ctrl Pts',(9.65494749240346,-82.6747207196379,-11.9));
#9217=CARTESIAN_POINT('Ctrl Pts',(9.68256014884082,-82.7376076000303,-11.9));
#9218=CARTESIAN_POINT('Ctrl Pts',(9.70638989630961,-82.8021147920134,-11.9));
#9219=CARTESIAN_POINT('Ctrl Pts',(9.7264556845444,-82.8678782237125,-11.9));
#9220=CARTESIAN_POINT('Ctrl Pts',(9.74675360819662,-82.9344024539155,-11.9));
#9221=CARTESIAN_POINT('Ctrl Pts',(9.76320014456392,-83.0022131731547,-11.9));
#9222=CARTESIAN_POINT('Ctrl Pts',(9.77576393136978,-83.0709467917986,-11.9));
#9223=CARTESIAN_POINT('Ctrl Pts',(9.78040428735202,-83.0963331234344,-11.9));
#9224=CARTESIAN_POINT('Ctrl Pts',(9.78451447015301,-83.1218454037349,-11.9));
#9225=CARTESIAN_POINT('Ctrl Pts',(9.7880910981492,-83.1474653310269,-11.9));
#9226=CARTESIAN_POINT('Ctrl Pts',(9.79775271827081,-83.216672977252,-11.9));
#9227=CARTESIAN_POINT('Ctrl Pts',(9.80348381223761,-83.2863728975964,-11.9));
#9228=CARTESIAN_POINT('Ctrl Pts',(9.80528174816853,-83.3561948675663,-11.9));
#9229=CARTESIAN_POINT('Ctrl Pts',(9.80662780231011,-83.4084682273871,-11.9));
#9230=CARTESIAN_POINT('Ctrl Pts',(9.80576826905732,-83.4608104246029,-11.9));
#9231=CARTESIAN_POINT('Ctrl Pts',(9.80268292685516,-83.5130666246923,-11.9));
#9232=CARTESIAN_POINT('Ctrl Pts',(9.79858744160692,-83.5824315387192,-11.9));
#9233=CARTESIAN_POINT('Ctrl Pts',(9.79058368665811,-83.6514454270697,-11.9));
#9234=CARTESIAN_POINT('Ctrl Pts',(9.77864707822809,-83.7197476174286,-11.9));
#9235=CARTESIAN_POINT('Ctrl Pts',(9.76957969741011,-83.7716318669889,-11.9));
#9236=CARTESIAN_POINT('Ctrl Pts',(9.75824190128222,-83.8231056558373,-11.9));
#9237=CARTESIAN_POINT('Ctrl Pts',(9.74460308534032,-83.8740072428512,-11.9));
#9238=CARTESIAN_POINT('',(-4.48927295579788,-78.1722527679863,-11.9));
#9239=CARTESIAN_POINT('',(-14.7784456650308,-75.4123668782355,-11.9));
#9240=CARTESIAN_POINT('',(-6.72569934639278,-79.4623558195978,-11.9));
#9241=CARTESIAN_POINT('Ctrl Pts',(-6.72569934639278,-79.4623558195978,-11.9));
#9242=CARTESIAN_POINT('Ctrl Pts',(-6.70784358455529,-79.395767194104,-11.9));
#9243=CARTESIAN_POINT('Ctrl Pts',(-6.68612331726418,-79.3303855036743,-11.9));
#9244=CARTESIAN_POINT('Ctrl Pts',(-6.66080142250603,-79.2664796009526,-11.9));
#9245=CARTESIAN_POINT('Ctrl Pts',(-6.63509383895938,-79.2016003196415,-11.9));
#9246=CARTESIAN_POINT('Ctrl Pts',(-6.60567362451788,-79.1382412352317,-11.9));
#9247=CARTESIAN_POINT('Ctrl Pts',(-6.57276335383687,-79.0766969000538,-11.9));
#9248=CARTESIAN_POINT('Ctrl Pts',(-6.53990571163638,-79.0152509835391,-11.9));
#9249=CARTESIAN_POINT('Ctrl Pts',(-6.50356858943138,-78.9556131442818,-11.9));
#9250=CARTESIAN_POINT('Ctrl Pts',(-6.46392952851119,-78.8981028243074,-11.9));
#9251=CARTESIAN_POINT('Ctrl Pts',(-6.44761433174208,-78.8744319258337,-11.9));
#9252=CARTESIAN_POINT('Ctrl Pts',(-6.43073928780768,-78.8511218325535,-11.9));
#9253=CARTESIAN_POINT('Ctrl Pts',(-6.41331495320708,-78.828196650786,-11.9));
#9254=CARTESIAN_POINT('Ctrl Pts',(-6.37083148253828,-78.7723011856492,-11.9));
#9255=CARTESIAN_POINT('Ctrl Pts',(-6.32532229688678,-78.7190033023375,-11.9));
#9256=CARTESIAN_POINT('Ctrl Pts',(-6.277014708047,-78.6685912346529,-11.9));
#9257=CARTESIAN_POINT('Ctrl Pts',(-6.22916164005828,-78.6186534886319,-11.9));
#9258=CARTESIAN_POINT('Ctrl Pts',(-6.17856193981958,-78.5715467086108,-11.9));
#9259=CARTESIAN_POINT('Ctrl Pts',(-6.12539652784652,-78.5275816696934,-11.9));
#9260=CARTESIAN_POINT('Ctrl Pts',(-6.09946164072668,-78.5061348628461,-11.9));
#9261=CARTESIAN_POINT('Ctrl Pts',(-6.07291565959128,-78.4854362148107,-11.9));
#9262=CARTESIAN_POINT('Ctrl Pts',(-6.0457767615928,-78.4655253572366,-11.9));
#9263=CARTESIAN_POINT('Ctrl Pts',(-5.99439494822368,-78.4278283229668,-11.9));
#9264=CARTESIAN_POINT('Ctrl Pts',(-5.94088849649498,-78.3929531617281,-11.9));
#9265=CARTESIAN_POINT('Ctrl Pts',(-5.88550630647374,-78.3609563931339,-11.9));
#9266=CARTESIAN_POINT('Ctrl Pts',(-5.82565468856068,-78.326377436115,-11.9));
#9267=CARTESIAN_POINT('Ctrl Pts',(-5.76394252218158,-78.2953497266212,-11.9));
#9268=CARTESIAN_POINT('Ctrl Pts',(-5.7007254327582,-78.2678734696782,-11.9));
#9269=CARTESIAN_POINT('Ctrl Pts',(-5.63657293476909,-78.2399906529532,-11.9));
#9270=CARTESIAN_POINT('Ctrl Pts',(-5.57086973189878,-78.2157648658957,-11.9));
#9271=CARTESIAN_POINT('Ctrl Pts',(-5.50395978362384,-78.1952427686003,-11.9));
#9272=CARTESIAN_POINT('Ctrl Pts',(-5.43709841554508,-78.1747355714436,-11.9));
#9273=CARTESIAN_POINT('Ctrl Pts',(-5.36903106327288,-78.157926476782,-11.9));
#9274=CARTESIAN_POINT('Ctrl Pts',(-5.30008796617979,-78.1449117557315,-11.9));
#9275=CARTESIAN_POINT('Ctrl Pts',(-5.27291434353007,-78.1397820598862,-11.9));
#9276=CARTESIAN_POINT('Ctrl Pts',(-5.24560461198438,-78.1352423843282,-11.9));
#9277=CARTESIAN_POINT('Ctrl Pts',(-5.21817895720512,-78.1313008642555,-11.9));
#9278=CARTESIAN_POINT('Ctrl Pts',(-5.14878153459588,-78.1213273071459,-11.9));
#9279=CARTESIAN_POINT('Ctrl Pts',(-5.07893532762127,-78.115222174743,-11.9));
#9280=CARTESIAN_POINT('Ctrl Pts',(-5.00897611851851,-78.1130552666325,-11.9));
#9281=CARTESIAN_POINT('Ctrl Pts',(-4.95650932079698,-78.1114301663637,-11.9));
#9282=CARTESIAN_POINT('Ctrl Pts',(-4.90397856446088,-78.1120210888355,-11.9));
#9283=CARTESIAN_POINT('Ctrl Pts',(-4.85152499258667,-78.1148767545695,-11.9));
#9284=CARTESIAN_POINT('Ctrl Pts',(-4.78249959779289,-78.1186346198138,-11.9));
#9285=CARTESIAN_POINT('Ctrl Pts',(-4.71380476080609,-78.1263018731336,-11.9));
#9286=CARTESIAN_POINT('Ctrl Pts',(-4.64576075278744,-78.1379669860623,-11.9));
#9287=CARTESIAN_POINT('Ctrl Pts',(-4.59315893283948,-78.1469847701085,-11.9));
#9288=CARTESIAN_POINT('Ctrl Pts',(-4.54094584308489,-78.1583926893055,-11.9));
#9289=CARTESIAN_POINT('Ctrl Pts',(-4.48927295579788,-78.1722527679863,-11.9));
#9290=CARTESIAN_POINT('',(-10.1963890865382,-92.4054307342721,-11.9000000005353));
#9291=CARTESIAN_POINT('',(-14.5738649319327,-108.730138608439,-11.9));
#9292=CARTESIAN_POINT('',(-11.2583163778899,-96.3656253046504,-11.899999999465));
#9293=CARTESIAN_POINT('',(-15.1048150805629,-110.710186854402,-11.9));
#9294=CARTESIAN_POINT('',(-14.7290060646919,-109.308700233629,-11.9000000005353));
#9295=CARTESIAN_POINT('',(-16.8401172321719,-117.181564375563,-11.9));
#9296=CARTESIAN_POINT('',(-15.7909333560483,-113.268894804045,-11.899999999465));
#9297=CARTESIAN_POINT('',(-17.3710675208433,-119.161612584022,-11.9));
#9298=CARTESIAN_POINT('',(-19.2616230962276,-126.211969718711,-11.9));
#9299=CARTESIAN_POINT('',(-19.1063695324065,-125.632990142709,-11.9));
#9300=CARTESIAN_POINT('',(-17.9668814623768,-128.453115509467,-11.9));
#9301=CARTESIAN_POINT('Ctrl Pts',(-17.9668814623769,-128.453115509467,-11.9));
#9302=CARTESIAN_POINT('Ctrl Pts',(-18.085401460284,-128.421414991041,-11.9));
#9303=CARTESIAN_POINT('Ctrl Pts',(-18.2005969365659,-128.377368355605,-11.9));
#9304=CARTESIAN_POINT('Ctrl Pts',(-18.4200884530419,-128.267503459434,-11.9));
#9305=CARTESIAN_POINT('Ctrl Pts',(-18.5244993562305,-128.201611052933,-11.9));
#9306=CARTESIAN_POINT('Ctrl Pts',(-18.7802798063754,-128.002407696681,-11.9));
#9307=CARTESIAN_POINT('Ctrl Pts',(-18.945293390006,-127.833484415572,-11.9));
#9308=CARTESIAN_POINT('Ctrl Pts',(-19.1932002648447,-127.398543788325,-11.9));
#9309=CARTESIAN_POINT('Ctrl Pts',(-19.2692170945417,-127.173302147708,-11.9));
#9310=CARTESIAN_POINT('Ctrl Pts',(-19.3200009825905,-126.820780224529,-11.9));
#9311=CARTESIAN_POINT('Ctrl Pts',(-19.3257028238888,-126.69752856439,-11.9));
#9312=CARTESIAN_POINT('Ctrl Pts',(-19.3124116012137,-126.452350922366,-11.9));
#9313=CARTESIAN_POINT('Ctrl Pts',(-19.2934226018369,-126.330558139775,-11.9));
#9314=CARTESIAN_POINT('Ctrl Pts',(-19.2616230962276,-126.211969718711,-11.9));
#9315=CARTESIAN_POINT('',(-5.01746801438458,-131.916680022751,-11.9));
#9316=CARTESIAN_POINT('',(-21.7865290760007,-127.431478816737,-11.9));
#9317=CARTESIAN_POINT('',(-2.78239548508248,-130.62601263658,-11.9));
#9318=CARTESIAN_POINT('Ctrl Pts',(-2.78239548508249,-130.62601263658,-11.9));
#9319=CARTESIAN_POINT('Ctrl Pts',(-2.80007818455769,-130.692005056902,-11.9));
#9320=CARTESIAN_POINT('Ctrl Pts',(-2.82164389425229,-130.756671305729,-11.9));
#9321=CARTESIAN_POINT('Ctrl Pts',(-2.84679872244071,-130.819812228762,-11.9));
#9322=CARTESIAN_POINT('Ctrl Pts',(-2.87246282417128,-130.884231475037,-11.9));
#9323=CARTESIAN_POINT('Ctrl Pts',(-2.90186331981888,-130.947063753716,-11.9));
#9324=CARTESIAN_POINT('Ctrl Pts',(-2.93474101693161,-131.008082657218,-11.9));
#9325=CARTESIAN_POINT('Ctrl Pts',(-2.96798043502299,-131.069772891727,-11.9));
#9326=CARTESIAN_POINT('Ctrl Pts',(-3.00477457401938,-131.129610433146,-11.9));
#9327=CARTESIAN_POINT('Ctrl Pts',(-3.04490091884455,-131.187334467512,-11.9));
#9328=CARTESIAN_POINT('Ctrl Pts',(-3.06145439161848,-131.2111475817,-11.9));
#9329=CARTESIAN_POINT('Ctrl Pts',(-3.07857543178468,-131.234600627683,-11.9));
#9330=CARTESIAN_POINT('Ctrl Pts',(-3.09625026672241,-131.257673482704,-11.9));
#9331=CARTESIAN_POINT('Ctrl Pts',(-3.13902170387168,-131.313507620441,-11.9));
#9332=CARTESIAN_POINT('Ctrl Pts',(-3.18479401413768,-131.366805351118,-11.9));
#9333=CARTESIAN_POINT('Ctrl Pts',(-3.23329847227619,-131.41734084437,-11.9));
#9334=CARTESIAN_POINT('Ctrl Pts',(-3.28189947004758,-131.467976919674,-11.9));
#9335=CARTESIAN_POINT('Ctrl Pts',(-3.33324418993788,-131.51584051126,-11.9));
#9336=CARTESIAN_POINT('Ctrl Pts',(-3.38710392902902,-131.560672993211,-11.9));
#9337=CARTESIAN_POINT('Ctrl Pts',(-3.43990884793748,-131.604627449988,-11.9));
#9338=CARTESIAN_POINT('Ctrl Pts',(-3.49513197278329,-131.645668946248,-11.9));
#9339=CARTESIAN_POINT('Ctrl Pts',(-3.55258704689728,-131.683513816032,-11.9));
#9340=CARTESIAN_POINT('Ctrl Pts',(-3.57560800519998,-131.698677405718,-11.9));
#9341=CARTESIAN_POINT('Ctrl Pts',(-3.59898755996889,-131.713327298132,-11.9));
#9342=CARTESIAN_POINT('Ctrl Pts',(-3.62271469305827,-131.727443069433,-11.9));
#9343=CARTESIAN_POINT('Ctrl Pts',(-3.68472230646659,-131.764332704878,-11.9));
#9344=CARTESIAN_POINT('Ctrl Pts',(-3.74874564269488,-131.797366090291,-11.9));
#9345=CARTESIAN_POINT('Ctrl Pts',(-3.81453581234822,-131.826273615192,-11.9));
#9346=CARTESIAN_POINT('Ctrl Pts',(-3.87757227280107,-131.853971188551,-11.9));
#9347=CARTESIAN_POINT('Ctrl Pts',(-3.94223162972908,-131.877881467837,-11.9));
#9348=CARTESIAN_POINT('Ctrl Pts',(-4.00814960381095,-131.898022980981,-11.9));
#9349=CARTESIAN_POINT('Ctrl Pts',(-4.07483662219658,-131.918399478833,-11.9));
#9350=CARTESIAN_POINT('Ctrl Pts',(-4.14281281046609,-131.934918924559,-11.9));
#9351=CARTESIAN_POINT('Ctrl Pts',(-4.21171432810248,-131.947549522874,-11.9));
#9352=CARTESIAN_POINT('Ctrl Pts',(-4.23713635985129,-131.952209731856,-11.9));
#9353=CARTESIAN_POINT('Ctrl Pts',(-4.26268441153419,-131.956340033096,-11.9));
#9354=CARTESIAN_POINT('Ctrl Pts',(-4.28834022866567,-131.959937034014,-11.9));
#9355=CARTESIAN_POINT('Ctrl Pts',(-4.35773158278179,-131.969665851583,-11.9));
#9356=CARTESIAN_POINT('Ctrl Pts',(-4.42761842677489,-131.975456129494,-11.9));
#9357=CARTESIAN_POINT('Ctrl Pts',(-4.49763006160238,-131.977304566562,-11.9));
#9358=CARTESIAN_POINT('Ctrl Pts',(-4.55013728938178,-131.978690854804,-11.9));
#9359=CARTESIAN_POINT('Ctrl Pts',(-4.60271513900348,-131.977858938145,-11.9));
#9360=CARTESIAN_POINT('Ctrl Pts',(-4.65520777165569,-131.974788188547,-11.9));
#9361=CARTESIAN_POINT('Ctrl Pts',(-4.72476185515598,-131.970719366636,-11.9));
#9362=CARTESIAN_POINT('Ctrl Pts',(-4.79396717312898,-131.962733292575,-11.9));
#9363=CARTESIAN_POINT('Ctrl Pts',(-4.8624626123275,-131.950804506092,-11.9));
#9364=CARTESIAN_POINT('Ctrl Pts',(-4.91459641007138,-131.941725172502,-11.9));
#9365=CARTESIAN_POINT('Ctrl Pts',(-4.96631917952218,-131.930360741962,-11.9));
#9366=CARTESIAN_POINT('Ctrl Pts',(-5.01746801438458,-131.916680022751,-11.9));
#9367=CARTESIAN_POINT('',(0.685823230363032,-117.682275612844,-11.9000000000099));
#9368=CARTESIAN_POINT('',(-0.893095100716184,-123.57495591031,-11.9));
#9369=CARTESIAN_POINT('',(1.74699446093537,-113.721878456529,-11.8999999999918));
#9370=CARTESIAN_POINT('',(-0.36252246243818,-121.59480593307,-11.9));
#9371=CARTESIAN_POINT('',(1.37154377959992,-115.123097509734,-11.9));
#9372=CARTESIAN_POINT('',(-55.9493554637921,-128.626552171411,-11.9));
#9373=CARTESIAN_POINT('',(-69.3542957445409,-128.631493362778,-11.9));
#9374=CARTESIAN_POINT('',(-46.8486993861931,-128.623197581066,-11.9));
#9375=CARTESIAN_POINT('',(-54.1056608917972,-126.782782573243,-11.9));
#9376=CARTESIAN_POINT('Ctrl Pts',(-54.1056608917972,-126.782782573243,-11.9));
#9377=CARTESIAN_POINT('Ctrl Pts',(-54.1056611553338,-126.851630205918,-11.9));
#9378=CARTESIAN_POINT('Ctrl Pts',(-54.10977710866,-126.920199785972,-11.9));
#9379=CARTESIAN_POINT('Ctrl Pts',(-54.1177756944343,-126.988222337688,-11.9));
#9380=CARTESIAN_POINT('Ctrl Pts',(-54.1259357197119,-127.057617822979,-11.9));
#9381=CARTESIAN_POINT('Ctrl Pts',(-54.1381369565946,-127.126444816214,-11.9));
#9382=CARTESIAN_POINT('Ctrl Pts',(-54.1541869237884,-127.194417018428,-11.9));
#9383=CARTESIAN_POINT('Ctrl Pts',(-54.1704137209525,-127.263138102078,-11.9));
#9384=CARTESIAN_POINT('Ctrl Pts',(-54.1905748792598,-127.330986380402,-11.9));
#9385=CARTESIAN_POINT('Ctrl Pts',(-54.2145222386712,-127.397651824798,-11.9));
#9386=CARTESIAN_POINT('Ctrl Pts',(-54.2246109060471,-127.42573698786,-11.9));
#9387=CARTESIAN_POINT('Ctrl Pts',(-54.2353721343903,-127.453611967895,-11.9));
#9388=CARTESIAN_POINT('Ctrl Pts',(-54.2467972634432,-127.48125222364,-11.9));
#9389=CARTESIAN_POINT('Ctrl Pts',(-54.2738678972901,-127.546742883678,-11.9));
#9390=CARTESIAN_POINT('Ctrl Pts',(-54.3045112071765,-127.610551589177,-11.9));
#9391=CARTESIAN_POINT('Ctrl Pts',(-54.338525411662,-127.672390227157,-11.9));
#9392=CARTESIAN_POINT('Ctrl Pts',(-54.3726080712342,-127.734353318123,-11.9));
#9393=CARTESIAN_POINT('Ctrl Pts',(-54.410075673576,-127.794339313442,-11.9));
#9394=CARTESIAN_POINT('Ctrl Pts',(-54.4507735836741,-127.852038786203,-11.9));
#9395=CARTESIAN_POINT('Ctrl Pts',(-54.4906777184117,-127.908612883738,-11.9));
#9396=CARTESIAN_POINT('Ctrl Pts',(-54.5336879369561,-127.962989535729,-11.9));
#9397=CARTESIAN_POINT('Ctrl Pts',(-54.5796971274803,-128.014846121443,-11.9));
#9398=CARTESIAN_POINT('Ctrl Pts',(-54.5985295034441,-128.036071939747,-11.9));
#9399=CARTESIAN_POINT('Ctrl Pts',(-54.6178647394301,-128.056875116074,-11.9));
#9400=CARTESIAN_POINT('Ctrl Pts',(-54.6376970936806,-128.077231540125,-11.9));
#9401=CARTESIAN_POINT('Ctrl Pts',(-54.6885842930156,-128.129463433291,-11.9));
#9402=CARTESIAN_POINT('Ctrl Pts',(-54.7424488335239,-128.178456502671,-11.9));
#9403=CARTESIAN_POINT('Ctrl Pts',(-54.799117897642,-128.223882419643,-11.9));
#9404=CARTESIAN_POINT('Ctrl Pts',(-54.8532479514739,-128.267273066185,-11.9));
#9405=CARTESIAN_POINT('Ctrl Pts',(-54.9099376072428,-128.307409651727,-11.9));
#9406=CARTESIAN_POINT('Ctrl Pts',(-54.9688295908551,-128.344215631992,-11.9));
#9407=CARTESIAN_POINT('Ctrl Pts',(-55.0284076800433,-128.381450410656,-11.9));
#9408=CARTESIAN_POINT('Ctrl Pts',(-55.0902406442912,-128.415276948292,-11.9));
#9409=CARTESIAN_POINT('Ctrl Pts',(-55.1539847031677,-128.445570226636,-11.9));
#9410=CARTESIAN_POINT('Ctrl Pts',(-55.177848308073,-128.456910998442,-11.9));
#9411=CARTESIAN_POINT('Ctrl Pts',(-55.2019799402501,-128.467756096074,-11.9));
#9412=CARTESIAN_POINT('Ctrl Pts',(-55.2263620729154,-128.47809714763,-11.9));
#9413=CARTESIAN_POINT('Ctrl Pts',(-55.2913603685024,-128.5056644952,-11.9));
#9414=CARTESIAN_POINT('Ctrl Pts',(-55.357864047352,-128.529537348125,-11.9));
#9415=CARTESIAN_POINT('Ctrl Pts',(-55.4255152469648,-128.549616437963,-11.9));
#9416=CARTESIAN_POINT('Ctrl Pts',(-55.4765921405687,-128.564776221399,-11.9));
#9417=CARTESIAN_POINT('Ctrl Pts',(-55.5283238498938,-128.577772553218,-11.9));
#9418=CARTESIAN_POINT('Ctrl Pts',(-55.5805620055411,-128.588543849515,-11.9));
#9419=CARTESIAN_POINT('Ctrl Pts',(-55.6493253942276,-128.60272258199,-11.9));
#9420=CARTESIAN_POINT('Ctrl Pts',(-55.7187694254295,-128.613007057921,-11.9));
#9421=CARTESIAN_POINT('Ctrl Pts',(-55.7885512019411,-128.6192789986,-11.9));
#9422=CARTESIAN_POINT('Ctrl Pts',(-55.8420047790842,-128.624083371341,-11.9));
#9423=CARTESIAN_POINT('Ctrl Pts',(-55.8956570162446,-128.626532377641,-11.9));
#9424=CARTESIAN_POINT('Ctrl Pts',(-55.9493554637921,-128.626552171411,-11.9));
#9425=CARTESIAN_POINT('',(-54.1056608918149,-113.382782573243,-11.9));
#9426=CARTESIAN_POINT('',(-54.1056608918105,-116.695956397047,-11.9));
#9427=CARTESIAN_POINT('',(-55.9493554638139,-111.53901297508,-11.9));
#9428=CARTESIAN_POINT('Ctrl Pts',(-55.9493554638139,-111.53901297508,-11.9));
#9429=CARTESIAN_POINT('Ctrl Pts',(-55.8798579379082,-111.539038592544,-11.9));
#9430=CARTESIAN_POINT('Ctrl Pts',(-55.8105288445608,-111.543130990596,-11.9));
#9431=CARTESIAN_POINT('Ctrl Pts',(-55.7416964268313,-111.551105147479,-11.9));
#9432=CARTESIAN_POINT('Ctrl Pts',(-55.6718245392123,-111.559199725761,-11.9));
#9433=CARTESIAN_POINT('Ctrl Pts',(-55.6024634692937,-111.571294395207,-11.9));
#9434=CARTESIAN_POINT('Ctrl Pts',(-55.5339558169986,-111.587249764714,-11.9));
#9435=CARTESIAN_POINT('Ctrl Pts',(-55.4655615939552,-111.603178716652,-11.9));
#9436=CARTESIAN_POINT('Ctrl Pts',(-55.3980169776095,-111.622955926088,-11.9));
#9437=CARTESIAN_POINT('Ctrl Pts',(-55.3316768940217,-111.64649197364,-11.9));
#9438=CARTESIAN_POINT('Ctrl Pts',(-55.3036548091737,-111.656433612026,-11.9));
#9439=CARTESIAN_POINT('Ctrl Pts',(-55.2758478972407,-111.667046484491,-11.9));
#9440=CARTESIAN_POINT('Ctrl Pts',(-55.2482843205769,-111.678326286201,-11.9));
#9441=CARTESIAN_POINT('Ctrl Pts',(-55.1828205913877,-111.705115911273,-11.9));
#9442=CARTESIAN_POINT('Ctrl Pts',(-55.1190912707152,-111.735515586469,-11.9));
#9443=CARTESIAN_POINT('Ctrl Pts',(-55.0574338436785,-111.769380388545,-11.9));
#9444=CARTESIAN_POINT('Ctrl Pts',(-54.9963634868093,-111.802922747471,-11.9));
#9445=CARTESIAN_POINT('Ctrl Pts',(-54.9373248229908,-111.839864973091,-11.9));
#9446=CARTESIAN_POINT('Ctrl Pts',(-54.8806650929778,-111.880112786067,-11.9));
#9447=CARTESIAN_POINT('Ctrl Pts',(-54.8528926486996,-111.899840732934,-11.9));
#9448=CARTESIAN_POINT('Ctrl Pts',(-54.8256921459408,-111.920363549112,-11.9));
#9449=CARTESIAN_POINT('Ctrl Pts',(-54.7991072298241,-111.941673835489,-11.9));
#9450=CARTESIAN_POINT('Ctrl Pts',(-54.7485383404746,-111.982209510271,-11.9));
#9451=CARTESIAN_POINT('Ctrl Pts',(-54.7001949601716,-112.025593192125,-11.9));
#9452=CARTESIAN_POINT('Ctrl Pts',(-54.6542005345852,-112.071592687998,-11.9));
#9453=CARTESIAN_POINT('Ctrl Pts',(-54.6049635099294,-112.120835140394,-11.9));
#9454=CARTESIAN_POINT('Ctrl Pts',(-54.5586883917533,-112.172803731954,-11.9));
#9455=CARTESIAN_POINT('Ctrl Pts',(-54.5154684526481,-112.22715511649,-11.9));
#9456=CARTESIAN_POINT('Ctrl Pts',(-54.4716201263011,-112.282296731584,-11.9));
#9457=CARTESIAN_POINT('Ctrl Pts',(-54.4309159391881,-112.339891737479,-11.9));
#9458=CARTESIAN_POINT('Ctrl Pts',(-54.3934910446407,-112.399620264617,-11.9));
#9459=CARTESIAN_POINT('Ctrl Pts',(-54.3561051772046,-112.459286506159,-11.9));
#9460=CARTESIAN_POINT('Ctrl Pts',(-54.3219913093139,-112.521082720347,-11.9));
#9461=CARTESIAN_POINT('Ctrl Pts',(-54.2913288322753,-112.584715361641,-11.9));
#9462=CARTESIAN_POINT('Ctrl Pts',(-54.2789375939264,-112.610430414735,-11.9));
#9463=CARTESIAN_POINT('Ctrl Pts',(-54.267110552363,-112.636445589739,-11.9));
#9464=CARTESIAN_POINT('Ctrl Pts',(-54.2558618863488,-112.662742177415,-11.9));
#9465=CARTESIAN_POINT('Ctrl Pts',(-54.2281046085791,-112.727631799669,-11.9));
#9466=CARTESIAN_POINT('Ctrl Pts',(-54.2039829203288,-112.793959823215,-11.9));
#9467=CARTESIAN_POINT('Ctrl Pts',(-54.1836521505798,-112.861420634551,-11.9));
#9468=CARTESIAN_POINT('Ctrl Pts',(-54.1683763013376,-112.91210839485,-11.9));
#9469=CARTESIAN_POINT('Ctrl Pts',(-54.1552414711159,-112.963436314293,-11.9));
#9470=CARTESIAN_POINT('Ctrl Pts',(-54.1443321647926,-113.015280232806,-11.9));
#9471=CARTESIAN_POINT('Ctrl Pts',(-54.1300021019146,-113.083380494189,-11.9));
#9472=CARTESIAN_POINT('Ctrl Pts',(-54.1195512786394,-113.152176524963,-11.9));
#9473=CARTESIAN_POINT('Ctrl Pts',(-54.1131488768367,-113.221382332424,-11.9));
#9474=CARTESIAN_POINT('Ctrl Pts',(-54.1081904453816,-113.27497975776,-11.9));
#9475=CARTESIAN_POINT('Ctrl Pts',(-54.1056610983611,-113.328823419988,-11.9));
#9476=CARTESIAN_POINT('Ctrl Pts',(-54.1056608918149,-113.382782573243,-11.9));
#9477=CARTESIAN_POINT('',(-69.3542957445628,-111.534071783746,-11.9));
#9478=CARTESIAN_POINT('',(-53.5487256248344,-111.539897870582,-11.9));
#9479=CARTESIAN_POINT('',(-71.2042942008092,-113.382782573265,-11.9));
#9480=CARTESIAN_POINT('Ctrl Pts',(-71.2042942008092,-113.382782573265,-11.9));
#9481=CARTESIAN_POINT('Ctrl Pts',(-71.2042942008093,-113.259073617905,-11.9));
#9482=CARTESIAN_POINT('Ctrl Pts',(-71.1910262956706,-113.135588893913,-11.9));
#9483=CARTESIAN_POINT('Ctrl Pts',(-71.1401116085637,-112.89348821886,-11.9));
#9484=CARTESIAN_POINT('Ctrl Pts',(-71.1024963581509,-112.775003796987,-11.9));
#9485=CARTESIAN_POINT('Ctrl Pts',(-70.9611158878957,-112.4442794429,-11.9));
#9486=CARTESIAN_POINT('Ctrl Pts',(-70.8280860357967,-112.244081171602,-11.9));
#9487=CARTESIAN_POINT('Ctrl Pts',(-70.4724296389651,-111.883876503416,-11.9));
#9488=CARTESIAN_POINT('Ctrl Pts',(-70.2671747357445,-111.761925618644,-11.9));
#9489=CARTESIAN_POINT('Ctrl Pts',(-69.9651829362932,-111.634056440826,-11.9));
#9490=CARTESIAN_POINT('Ctrl Pts',(-69.8458886249914,-111.596934387,-11.9));
#9491=CARTESIAN_POINT('Ctrl Pts',(-69.6025884424587,-111.546939705183,-11.9));
#9492=CARTESIAN_POINT('Ctrl Pts',(-69.4784509662063,-111.534026167868,-11.9));
#9493=CARTESIAN_POINT('Ctrl Pts',(-69.3542957445628,-111.534071783746,-11.9));
#9494=CARTESIAN_POINT('',(-71.2042942007912,-126.782782573265,-11.9));
#9495=CARTESIAN_POINT('',(-71.2042942007958,-123.39595639707,-11.9));
#9496=CARTESIAN_POINT('Ctrl Pts',(-69.354295744541,-128.631493362778,-11.9));
#9497=CARTESIAN_POINT('Ctrl Pts',(-69.4233518593515,-128.631518552381,-11.9));
#9498=CARTESIAN_POINT('Ctrl Pts',(-69.4921315667398,-128.627418176511,-11.9));
#9499=CARTESIAN_POINT('Ctrl Pts',(-69.5603647966282,-128.61942532168,-11.9));
#9500=CARTESIAN_POINT('Ctrl Pts',(-69.6299741573185,-128.611271266598,-11.9));
#9501=CARTESIAN_POINT('Ctrl Pts',(-69.6990156177124,-128.599065874168,-11.9));
#9502=CARTESIAN_POINT('Ctrl Pts',(-69.7672017070102,-128.583001634427,-11.9));
#9503=CARTESIAN_POINT('Ctrl Pts',(-69.8361337338854,-128.5667616562,-11.9));
#9504=CARTESIAN_POINT('Ctrl Pts',(-69.9041924977223,-128.546577581022,-11.9));
#9505=CARTESIAN_POINT('Ctrl Pts',(-69.9710667899944,-128.522597542654,-11.9));
#9506=CARTESIAN_POINT('Ctrl Pts',(-69.9994032774592,-128.512436537078,-11.9));
#9507=CARTESIAN_POINT('Ctrl Pts',(-70.0275268440869,-128.501593398074,-11.9));
#9508=CARTESIAN_POINT('Ctrl Pts',(-70.0554124240573,-128.490076932476,-11.9));
#9509=CARTESIAN_POINT('Ctrl Pts',(-70.121094618914,-128.462950842995,-11.9));
#9510=CARTESIAN_POINT('Ctrl Pts',(-70.1850922171373,-128.432243497938,-11.9));
#9511=CARTESIAN_POINT('Ctrl Pts',(-70.2471159965561,-128.398156418967,-11.9));
#9512=CARTESIAN_POINT('Ctrl Pts',(-70.3092537650516,-128.364006693787,-11.9));
#9513=CARTESIAN_POINT('Ctrl Pts',(-70.3694113628808,-128.326464333008,-11.9));
#9514=CARTESIAN_POINT('Ctrl Pts',(-70.4272783049397,-128.285683661046,-11.9));
#9515=CARTESIAN_POINT('Ctrl Pts',(-70.4840024036637,-128.24570838708,-11.9));
#9516=CARTESIAN_POINT('Ctrl Pts',(-70.5385261839438,-128.202620892449,-11.9));
#9517=CARTESIAN_POINT('Ctrl Pts',(-70.5905261785491,-128.156527974242,-11.9));
#9518=CARTESIAN_POINT('Ctrl Pts',(-70.6119561129081,-128.13753242974,-11.9));
#9519=CARTESIAN_POINT('Ctrl Pts',(-70.6329569796524,-128.118026036941,-11.9));
#9520=CARTESIAN_POINT('Ctrl Pts',(-70.6535041041541,-128.098014635282,-11.9));
#9521=CARTESIAN_POINT('Ctrl Pts',(-70.7058276332789,-128.047055331586,-11.9));
#9522=CARTESIAN_POINT('Ctrl Pts',(-70.7549109283433,-127.993116858131,-11.9));
#9523=CARTESIAN_POINT('Ctrl Pts',(-70.8004255494581,-127.936371335388,-11.9));
#9524=CARTESIAN_POINT('Ctrl Pts',(-70.8439347648885,-127.882126059622,-11.9));
#9525=CARTESIAN_POINT('Ctrl Pts',(-70.8841834593222,-127.825314889189,-11.9));
#9526=CARTESIAN_POINT('Ctrl Pts',(-70.9210940753662,-127.766295319103,-11.9));
#9527=CARTESIAN_POINT('Ctrl Pts',(-70.958423962327,-127.706605340556,-11.9));
#9528=CARTESIAN_POINT('Ctrl Pts',(-70.9923399253857,-127.644655571732,-11.9));
#9529=CARTESIAN_POINT('Ctrl Pts',(-71.0227159423579,-127.580789819309,-11.9));
#9530=CARTESIAN_POINT('Ctrl Pts',(-71.0341537529278,-127.556741756037,-11.9));
#9531=CARTESIAN_POINT('Ctrl Pts',(-71.0450891660087,-127.53242185046,-11.9));
#9532=CARTESIAN_POINT('Ctrl Pts',(-71.0555136050722,-127.507847942108,-11.9));
#9533=CARTESIAN_POINT('Ctrl Pts',(-71.0831351349554,-127.442734707741,-11.9));
#9534=CARTESIAN_POINT('Ctrl Pts',(-71.1070562544175,-127.376114038754,-11.9));
#9535=CARTESIAN_POINT('Ctrl Pts',(-71.1271770930682,-127.308343688071,-11.9));
#9536=CARTESIAN_POINT('Ctrl Pts',(-71.1424070219461,-127.257046739725,-11.9));
#9537=CARTESIAN_POINT('Ctrl Pts',(-71.1554587570701,-127.205090405921,-11.9));
#9538=CARTESIAN_POINT('Ctrl Pts',(-71.1662699552556,-127.152624166413,-11.9));
#9539=CARTESIAN_POINT('Ctrl Pts',(-71.1804619153482,-127.083751247378,-11.9));
#9540=CARTESIAN_POINT('Ctrl Pts',(-71.1907539410045,-127.014197734414,-11.9));
#9541=CARTESIAN_POINT('Ctrl Pts',(-71.1970275538036,-126.944306294557,-11.9));
#9542=CARTESIAN_POINT('Ctrl Pts',(-71.2018471176029,-126.890613747025,-11.9));
#9543=CARTESIAN_POINT('Ctrl Pts',(-71.2042942007912,-126.836721280403,-11.9));
#9544=CARTESIAN_POINT('Ctrl Pts',(-71.2042942007913,-126.782782573265,-11.9));
#9545=CARTESIAN_POINT('',(-24.5510242798025,-129.879859999999,-11.9));
#9546=CARTESIAN_POINT('Origin',(-22.5010242798025,-129.879859999999,-11.9));
#9547=CARTESIAN_POINT('',(-38.9123802798025,-105.013870999999,-11.9));
#9548=CARTESIAN_POINT('Origin',(-36.8623802798025,-105.013870999999,-11.9));
#9549=CARTESIAN_POINT('',(-75.6877145140035,-113.86368020181,-11.9));
#9550=CARTESIAN_POINT('',(-77.8222128030895,-112.477520805213,-11.9));
#9551=CARTESIAN_POINT('Origin',(-77.4480433568445,-114.237849648054,-11.9));
#9552=CARTESIAN_POINT('',(-90.9293906529195,-115.263537462186,-11.9));
#9553=CARTESIAN_POINT('',(-59.4397477368956,-108.570207235701,-11.9));
#9554=CARTESIAN_POINT('',(-92.3155500495165,-117.398035751273,-11.9));
#9555=CARTESIAN_POINT('Origin',(-90.5552212066745,-117.023866305028,-11.9));
#9556=CARTESIAN_POINT('',(-89.5295333925425,-130.505213601102,-11.9));
#9557=CARTESIAN_POINT('',(-90.8716631343155,-124.190989607173,-11.9));
#9558=CARTESIAN_POINT('',(-87.3950351034565,-131.891372997699,-11.9));
#9559=CARTESIAN_POINT('Origin',(-87.7692045497015,-130.131044154857,-11.9));
#9560=CARTESIAN_POINT('',(-74.2878572536265,-129.105356340726,-11.9));
#9561=CARTESIAN_POINT('',(-62.458981112347,-126.591051099701,-11.9));
#9562=CARTESIAN_POINT('',(-72.9016978570292,-126.970858051639,-11.9));
#9563=CARTESIAN_POINT('Origin',(-74.6620266998715,-127.345027497884,-11.9));
#9564=CARTESIAN_POINT('',(-72.8508192703144,-127.210222982624,-11.9));
#9565=CARTESIAN_POINT('',(-30.5490201142675,-65.8890009685755,-11.9));
#9566=CARTESIAN_POINT('Origin',(-32.4990201142675,-65.8890009685755,-11.9));
#9567=CARTESIAN_POINT('',(-97.0566972798025,-117.533009999999,-11.9));
#9568=CARTESIAN_POINT('Origin',(-95.1066972798025,-117.533009999999,-11.9));
#9569=CARTESIAN_POINT('Origin',(-52.4365913920247,-130.331619370832,-10.9));
#9570=CARTESIAN_POINT('',(-52.4365913920247,-130.331619370832,-10.9));
#9571=CARTESIAN_POINT('',(-52.4365913920247,-130.331619370832,-13.6));
#9572=CARTESIAN_POINT('',(-52.7365913920247,-130.331619370832,-10.9));
#9573=CARTESIAN_POINT('',(-52.7365913920247,-130.331619370832,-13.6));
#9574=CARTESIAN_POINT('',(-52.4365913920247,-130.331619370832,-10.9));
#9575=CARTESIAN_POINT('Origin',(-52.7365913920247,-130.331619370832,-13.6));
#9576=CARTESIAN_POINT('',(-52.7365913920247,-121.000001788139,-10.9));
#9577=CARTESIAN_POINT('',(-52.7365913920247,-121.000001788139,-13.6));
#9578=CARTESIAN_POINT('',(-52.7365913920247,-121.000001788139,-10.9));
#9579=CARTESIAN_POINT('Ctrl Pts',(-86.7026433826085,-56.9626257433481,-12.012151392885));
#9580=CARTESIAN_POINT('Ctrl Pts',(-86.6335325899697,-56.9626257433481,-8.41281482924703));
#9581=CARTESIAN_POINT('Ctrl Pts',(-86.6201554371985,-56.3638896528271,-12.0137352423499));
#9582=CARTESIAN_POINT('Ctrl Pts',(-86.5510446445597,-56.3638896528271,-8.41439867871198));
#9583=CARTESIAN_POINT('Ctrl Pts',(-86.2222238653505,-55.8134171484947,-12.0213759188635));
#9584=CARTESIAN_POINT('Ctrl Pts',(-86.1531130727117,-55.8134171484947,-8.4220393552256));
#9585=CARTESIAN_POINT('Ctrl Pts',(-85.6785791668435,-55.5476062514317,-12.0318144303401));
#9586=CARTESIAN_POINT('Ctrl Pts',(-85.6094683742047,-55.5476062514317,-8.43247786670222));
#9587=CARTESIAN_POINT('',(-85.678579167746,-55.547606250937,-12.0318144303435));
#9588=CARTESIAN_POINT('',(-85.6785791671215,-55.5476062508655,-12.0318144303555));
#9589=CARTESIAN_POINT('',(-85.67857916828,-55.5476062511968,-12.0318144303401));
#9590=CARTESIAN_POINT('Ctrl Pts',(-86.7026433826085,-56.9626257433481,-12.012151392885));
#9591=CARTESIAN_POINT('Ctrl Pts',(-86.6335325899697,-56.9626257433481,-8.41281482924703));
#9592=CARTESIAN_POINT('Ctrl Pts',(-86.6201554371985,-56.3638896528271,-12.0137352423499));
#9593=CARTESIAN_POINT('Ctrl Pts',(-86.5510446445597,-56.3638896528271,-8.41439867871198));
#9594=CARTESIAN_POINT('Ctrl Pts',(-86.2222238653505,-55.8134171484947,-12.0213759188635));
#9595=CARTESIAN_POINT('Ctrl Pts',(-86.1531130727117,-55.8134171484947,-8.4220393552256));
#9596=CARTESIAN_POINT('Ctrl Pts',(-85.6785791668435,-55.5476062514317,-12.0318144303401));
#9597=CARTESIAN_POINT('Ctrl Pts',(-85.6094683742047,-55.5476062514317,-8.43247786670222));
#9598=CARTESIAN_POINT('',(-86.7004899658555,-56.9626257433466,-11.9));
#9599=CARTESIAN_POINT('',(-86.7003237808424,-56.9614165642464,-11.8999999972327));
#9600=CARTESIAN_POINT('',(-86.7004899658549,-56.9626257433481,-11.9));
#9601=CARTESIAN_POINT('',(-86.7026433826085,-56.9626257433466,-12.012151392885));
#9602=CARTESIAN_POINT('',(-86.7003246446773,-56.9614167592918,-11.8999999910759));
#9603=CARTESIAN_POINT('',(-86.7026433826085,-56.9626257433466,-12.012151392885));
#9604=CARTESIAN_POINT('Ctrl Pts',(-85.6785791681975,-55.5476062506895,-12.0318144303348));
#9605=CARTESIAN_POINT('Ctrl Pts',(-85.6094683755587,-55.5476062506895,-8.43247786667178));
#9606=CARTESIAN_POINT('Ctrl Pts',(-85.8362032852015,-56.5116047181636,-12.0287878926736));
#9607=CARTESIAN_POINT('Ctrl Pts',(-85.7670924925627,-56.5116047181636,-8.4294513290106));
#9608=CARTESIAN_POINT('Ctrl Pts',(-86.7026433826085,-56.9626257433465,-12.0121513929056));
#9609=CARTESIAN_POINT('Ctrl Pts',(-86.6335325899697,-56.9626257433465,-8.41281482924258));
#9610=CARTESIAN_POINT('',(-86.5816456653886,-56.9281139559468,-9.01392170217428));
#9611=CARTESIAN_POINT('',(-86.6981445349972,-56.9614032706201,-11.9000000000555));
#9612=CARTESIAN_POINT('Ctrl Pts',(-86.581645665869,-56.928113956639,-9.01392170214632));
#9613=CARTESIAN_POINT('Ctrl Pts',(-86.6011876554549,-56.9339734578245,-9.49473439890034));
#9614=CARTESIAN_POINT('Ctrl Pts',(-86.6206794237064,-56.9396737198283,-9.97612199615537));
#9615=CARTESIAN_POINT('Ctrl Pts',(-86.6400852249195,-56.9452154686393,-10.4569479096854));
#9616=CARTESIAN_POINT('Ctrl Pts',(-86.6594919948446,-56.9507574940871,-10.9377978254106));
#9617=CARTESIAN_POINT('Ctrl Pts',(-86.6788552367336,-56.9561531194729,-11.4191379233717));
#9618=CARTESIAN_POINT('Ctrl Pts',(-86.6981445343936,-56.9614032697627,-11.9000000000891));
#9619=CARTESIAN_POINT('Origin',(-87.6012016474135,-55.2329389685755,-11.9));
#9620=CARTESIAN_POINT('Origin',(-87.6030231142675,-55.2329389685755,-11.9948632188477));
#9621=CARTESIAN_POINT('',(-85.6339546629115,-55.6186318862955,-9.03211829904815));
#9622=CARTESIAN_POINT('Ctrl Pts',(-85.6765536516403,-55.5506809167814,-11.9000000020409));
#9623=CARTESIAN_POINT('Ctrl Pts',(-85.6692151129002,-55.5617968914409,-11.4221578072797));
#9624=CARTESIAN_POINT('Ctrl Pts',(-85.6619848571529,-55.5730172131385,-10.9439002422654));
#9625=CARTESIAN_POINT('Ctrl Pts',(-85.6548839570323,-55.5843347357294,-10.4660570416299));
#9626=CARTESIAN_POINT('Ctrl Pts',(-85.6477833208562,-55.5956518376416,-9.98823160269457));
#9627=CARTESIAN_POINT('Ctrl Pts',(-85.640799019651,-55.607086868806,-9.50994496110324));
#9628=CARTESIAN_POINT('Ctrl Pts',(-85.6339546629123,-55.6186318862956,-9.03211829904815));
#9629=CARTESIAN_POINT('Origin',(-87.5454307870685,-55.2329389685755,-8.99541608248274));
#9630=CARTESIAN_POINT('Ctrl Pts',(-84.8052496316845,-55.4164609369171,-9.04803024853089));
#9631=CARTESIAN_POINT('Ctrl Pts',(-84.8236034805225,-55.3981037050638,-10.0039110405663));
#9632=CARTESIAN_POINT('Ctrl Pts',(-84.8419573293605,-55.3797464732106,-10.9597918326017));
#9633=CARTESIAN_POINT('Ctrl Pts',(-84.8603111781985,-55.3613892413573,-11.9156726246372));
#9634=CARTESIAN_POINT('Ctrl Pts',(-85.0923154125155,-55.4164609369175,-9.04251830395388));
#9635=CARTESIAN_POINT('Ctrl Pts',(-85.1135971559305,-55.3981009111407,-9.99834287754146));
#9636=CARTESIAN_POINT('Ctrl Pts',(-85.1348772000565,-55.3797492671346,-10.954167483757));
#9637=CARTESIAN_POINT('Ctrl Pts',(-85.1561589434705,-55.3613892413578,-11.9099920573446));
#9638=CARTESIAN_POINT('Ctrl Pts',(-85.3791334589285,-55.4864319879118,-9.03701111612072));
#9639=CARTESIAN_POINT('Ctrl Pts',(-85.4033402327515,-55.4687855076699,-9.99277952625526));
#9640=CARTESIAN_POINT('Ctrl Pts',(-85.4275446830505,-55.4511472602191,-10.9485479810037));
#9641=CARTESIAN_POINT('Ctrl Pts',(-85.4517514568735,-55.4335007799772,-11.9043163911383));
#9642=CARTESIAN_POINT('Ctrl Pts',(-85.6339546629115,-55.6186318862956,-9.03211829904815));
#9643=CARTESIAN_POINT('Ctrl Pts',(-85.6607594223525,-55.602336373382,-9.98783682531045));
#9644=CARTESIAN_POINT('Ctrl Pts',(-85.6875641817935,-55.5860408604684,-10.9435553515727));
#9645=CARTESIAN_POINT('Ctrl Pts',(-85.7143689412335,-55.5697453475548,-11.899273877835));
#9646=CARTESIAN_POINT('',(-84.8052496316845,-55.4164609369171,-9.04803024853098));
#9647=CARTESIAN_POINT('',(-84.8052496316845,-55.4164609369171,-9.04803024853098));
#9648=CARTESIAN_POINT('Origin',(-84.9111141186374,-56.7821385520521,-9.04599754653812));
#9649=CARTESIAN_POINT('Origin',(-84.8107087469973,-57.2161391870219,-9.33674876149838));
#9650=CARTESIAN_POINT('',(-86.6048366016483,-57.216116573338,-9.01347641612565));
#9651=CARTESIAN_POINT('Origin',(-84.8051709903653,-57.2161386784459,-9.04803175852189));
#9652=CARTESIAN_POINT('',(-86.715725720324,-57.2161165733502,-11.9000000051118));
#9653=CARTESIAN_POINT('',(-86.6048383715315,-57.2161165732691,-9.01347637949532));
#9654=CARTESIAN_POINT('Origin',(-84.8605502052154,-57.2161443882915,-11.9));
#9655=CARTESIAN_POINT('Origin',(-37.7953393940535,-120.00913022083,-11.9));
#9656=CARTESIAN_POINT('',(-86.7161835374003,-88.4982231904488,-11.9));
#9657=CARTESIAN_POINT('',(-86.7157274236535,-88.4982231904488,-11.9));
#9658=CARTESIAN_POINT('',(-62.2567213378581,-88.4982231904314,-11.9));
#9659=CARTESIAN_POINT('',(-87.3095043240475,-88.3057901508261,-11.9));
#9660=CARTESIAN_POINT('Origin',(-87.6066972798025,-90.23301,-11.9));
#9661=CARTESIAN_POINT('',(-87.5627634242345,-62.1309141314651,-11.9));
#9662=CARTESIAN_POINT('',(-87.3050742451725,-88.7636483886257,-11.9));
#9663=CARTESIAN_POINT('',(-87.5627634242355,-57.1825233236006,-11.9));
#9664=CARTESIAN_POINT('',(-87.5627634242355,-60.0340579342673,-11.9));
#9665=CARTESIAN_POINT('Origin',(-87.6030231142675,-55.2329389685755,-11.9));
#9666=CARTESIAN_POINT('',(-86.7157274236405,-106.112622897067,-11.9));
#9667=CARTESIAN_POINT('Origin',(-87.6030231142675,-55.2329389685755,-13.6));
#9668=CARTESIAN_POINT('',(-87.5627634242345,-57.1825233236006,-9.80000000000002));
#9669=CARTESIAN_POINT('',(-87.5627634242335,-57.1825233236005,-13.6));
#9670=CARTESIAN_POINT('',(-89.5530231142675,-55.2329390519399,-9.80000000000002));
#9671=CARTESIAN_POINT('Origin',(-87.6030231142675,-55.2329389685755,-9.80000000000002));
#9672=CARTESIAN_POINT('',(-89.5530231142675,-55.2329390519399,-12.4));
#9673=CARTESIAN_POINT('',(-89.5530231142675,-55.2329390519399,-13.6));
#9674=CARTESIAN_POINT('',(-88.0420788218365,-53.3330099999951,-12.4));
#9675=CARTESIAN_POINT('Origin',(-87.6030231142675,-55.2329389685755,-12.4));
#9676=CARTESIAN_POINT('',(-88.0420788219335,-53.3330100000174,-13.6));
#9677=CARTESIAN_POINT('',(-88.0420788219335,-53.3330100000174,-13.6));
#9678=CARTESIAN_POINT('',(-87.1639674066055,-53.3330100000165,-13.6));
#9679=CARTESIAN_POINT('Origin',(-87.6030231142675,-55.2329389685755,-13.6));
#9680=CARTESIAN_POINT('',(-87.1639674066975,-53.3330099999954,-12.4));
#9681=CARTESIAN_POINT('',(-87.1639674066055,-53.3330100000165,-13.6));
#9682=CARTESIAN_POINT('',(-86.2905537239725,-53.7907447723808,-12.4));
#9683=CARTESIAN_POINT('Origin',(-87.6030231142675,-55.2329389685755,-12.4));
#9684=CARTESIAN_POINT('',(-86.2905537239725,-53.7907447723808,-13.6));
#9685=CARTESIAN_POINT('Origin',(-86.7181032816405,-88.4982231904488,-12.0118545476588));
#9686=CARTESIAN_POINT('',(-86.7123440489105,-88.4982231904488,-11.8119282657017));
#9687=CARTESIAN_POINT('',(-86.6624299911845,-88.4982231904488,-10.5126286161897));
#9688=CARTESIAN_POINT('',(-86.7161835374005,-88.4982231904488,-12.0118914086313));
#9689=CARTESIAN_POINT('',(-86.7161835374005,-88.4982231904488,-12.0118914086313));
#9690=CARTESIAN_POINT('',(-86.7161835374003,-88.4982231904488,-13.6));
#9691=CARTESIAN_POINT('Origin',(-86.7161835373975,-91.96779680955,-12.0118914086314));
#9692=CARTESIAN_POINT('',(-86.7161835373975,-91.96779680955,-12.0118914086314));
#9693=CARTESIAN_POINT('',(-86.7161835373975,-91.96779680955,-13.6));
#9694=CARTESIAN_POINT('',(-86.7123440489105,-91.96779680955,-11.8119282658066));
#9695=CARTESIAN_POINT('',(-86.7161835373975,-91.96779680955,-12.0118914086314));
#9696=CARTESIAN_POINT('',(-86.6624292836745,-91.96779680955,-10.5126101992884));
#9697=CARTESIAN_POINT('Ctrl Pts',(-86.7161835374005,-88.4982231904488,-12.0118914086313));
#9698=CARTESIAN_POINT('Ctrl Pts',(-86.6470727447617,-88.4982231904488,-8.41255484499336));
#9699=CARTESIAN_POINT('Ctrl Pts',(-85.6566972798025,-89.0420866018391,-12.0322345840354));
#9700=CARTESIAN_POINT('Ctrl Pts',(-85.5875864871637,-89.0420866018391,-8.4328980203975));
#9701=CARTESIAN_POINT('Ctrl Pts',(-85.6566972798025,-90.23301,-12.0322345840354));
#9702=CARTESIAN_POINT('Ctrl Pts',(-85.5875864871637,-90.23301,-8.4328980203975));
#9703=CARTESIAN_POINT('Ctrl Pts',(-85.6566972798025,-91.4239333981598,-12.0322345840355));
#9704=CARTESIAN_POINT('Ctrl Pts',(-85.5875864871637,-91.4239333981598,-8.43289802039751));
#9705=CARTESIAN_POINT('Ctrl Pts',(-86.7161835373985,-91.9677968095502,-12.0118914086313));
#9706=CARTESIAN_POINT('Ctrl Pts',(-86.6470727447597,-91.9677968095502,-8.4125548449934));
#9707=CARTESIAN_POINT('',(-86.6048383715255,-88.5268855544044,-9.01347637949618));
#9708=CARTESIAN_POINT('Origin',(-88.4933715337175,-90.23301,-58.1733841805047));
#9709=CARTESIAN_POINT('',(-86.6048383715215,-91.9391344455933,-9.01347637949628));
#9710=CARTESIAN_POINT('Origin',(-87.5491049526035,-90.23301,-8.99534553490048));
#9711=CARTESIAN_POINT('Origin',(-88.4933715337175,-90.23301,-58.1733841805047));
#9712=CARTESIAN_POINT('',(-85.6566972798025,-90.23301,-12.0322345840354));
#9713=CARTESIAN_POINT('Origin',(-87.6066972798025,-90.23301,-11.9947926712654));
#9714=CARTESIAN_POINT('Origin',(-87.6066972798025,-90.23301,-11.9947926712654));
#9715=CARTESIAN_POINT('Origin',(-37.7771179801131,-120.00913022083,-9.95101650649953));
#9716=CARTESIAN_POINT('',(-51.663193706292,-128.500001884997,-9.68439023159802));
#9717=CARTESIAN_POINT('',(-51.663193706292,-129.233178625711,-9.68439023159724));
#9718=CARTESIAN_POINT('',(-51.663193706292,-127.941292294701,-9.68439023159802));
#9719=CARTESIAN_POINT('',(-49.663193706292,-126.500001884997,-9.72279219341345));
#9720=CARTESIAN_POINT('Origin',(-49.6631937062921,-128.500001884997,-9.72279219341347));
#9721=CARTESIAN_POINT('',(-31.663193706292,-126.500001884997,-10.0684098497525));
#9722=CARTESIAN_POINT('',(-43.6829464649346,-126.500001884997,-9.83761880651822));
#9723=CARTESIAN_POINT('',(-29.6631937062921,-128.500001884997,-10.1068118115679));
#9724=CARTESIAN_POINT('Origin',(-31.663193706292,-128.500001884997,-10.0684098497525));
#9725=CARTESIAN_POINT('',(-29.6631937062921,-133.418112950653,-10.106811811568));
#9726=CARTESIAN_POINT('',(-29.6631937062921,-124.254566052913,-10.1068118115679));
#9727=CARTESIAN_POINT('',(-19.5508699652547,-133.636344001531,-10.3009783466523));
#9728=CARTESIAN_POINT('Origin',(-19.5508699446733,100.763655998469,-10.3009783470461));
#9729=CARTESIAN_POINT('',(2.99705429380523,-133.636343999617,-10.7339206098629));
#9730=CARTESIAN_POINT('',(-24.2445213890661,-133.636344001137,-10.2108556352762));
#9731=CARTESIAN_POINT('',(5.59705717024692,-131.036328700058,-10.7838432154499));
#9732=CARTESIAN_POINT('Origin',(2.99710816127822,-131.0363949986,-10.7339216441676));
#9733=CARTESIAN_POINT('',(5.59080484648543,-108.664075935744,-10.7837231647006));
#9734=CARTESIAN_POINT('',(5.58883624252872,-101.619971063842,-10.7836853655736));
#9735=CARTESIAN_POINT('',(5.65211601669526,-108.197868190515,-10.7849003993092));
#9736=CARTESIAN_POINT('Origin',(7.39015014404292,-108.663573076371,-10.8182723594054));
#9737=CARTESIAN_POINT('',(12.3797006394188,-83.090169224571,-10.9140766232051));
#9738=CARTESIAN_POINT('',(8.80112032571492,-96.4456251616116,-10.845364370925));
#9739=CARTESIAN_POINT('',(10.5398859183471,-79.8515072765596,-10.878750375872));
#9740=CARTESIAN_POINT('Origin',(9.87489912247422,-82.3711772853,-10.8659819771006));
#9741=CARTESIAN_POINT('',(6.61459254877776,-78.7997273294169,-10.8033808928257));
#9742=CARTESIAN_POINT('',(-18.5176559869293,-72.0655583717068,-10.3208170685234));
#9743=CARTESIAN_POINT('',(5.57696296945061,-77.4462251415423,-10.7834573863181));
#9744=CARTESIAN_POINT('Origin',(6.97707471302522,-77.44735132802,-10.8103409059408));
#9745=CARTESIAN_POINT('',(5.59536843472682,-55.7353787009532,-10.783810790071));
#9746=CARTESIAN_POINT('',(5.57887756713912,-75.1877912526397,-10.7834941492374));
#9747=CARTESIAN_POINT('',(2.99540828452461,-53.1330100009904,-10.7338890048661));
#9748=CARTESIAN_POINT('Origin',(2.99520407653422,-55.73317528596,-10.7338850838724));
#9749=CARTESIAN_POINT('',(-30.0373453956507,-53.1330099991171,-10.0996277321235));
#9750=CARTESIAN_POINT('',(-40.7556587968364,-53.1330100006553,-9.89382560114435));
#9751=CARTESIAN_POINT('',(-31.4160931828497,-51.9761408114512,-10.0731544215707));
#9752=CARTESIAN_POINT('Origin',(-30.0374439891248,-51.73310241344,-10.0996258390321));
#9753=CARTESIAN_POINT('',(-31.8960149552005,-49.2543744247882,-10.0639394538166));
#9754=CARTESIAN_POINT('',(-28.3204542228325,-69.5323478391005,-10.1325937267535));
#9755=CARTESIAN_POINT('',(-34.3659802905098,-47.466344,-10.0165136961508));
#9756=CARTESIAN_POINT('Origin',(-34.3659590290318,-50.0663211577,-10.016514104392));
#9757=CARTESIAN_POINT('',(-51.6095350208347,-47.4663439997949,-9.68542053099253));
#9758=CARTESIAN_POINT('',(-51.5377516023422,-47.4663439999337,-9.6867988430405));
#9759=CARTESIAN_POINT('',(-54.0823454186797,-49.2631056269058,-9.6379401457551));
#9760=CARTESIAN_POINT('Origin',(-51.6094917484398,-50.06639886412,-9.68542136186497));
#9761=CARTESIAN_POINT('',(-55.5089616627218,-50.2996769999997,-9.6105477144906));
#9762=CARTESIAN_POINT('Origin',(-55.5089616627215,-48.7996769999997,-9.6105477144906));
#9763=CARTESIAN_POINT('',(-69.1095384242587,-50.2996769999954,-9.34940329975831));
#9764=CARTESIAN_POINT('',(-60.2845210824928,-50.2996769999987,-9.51885228924788));
#9765=CARTESIAN_POINT('',(-71.5823469441735,-52.0964258751927,-9.30192295057898));
#9766=CARTESIAN_POINT('Origin',(-69.1095340647478,-52.89968142636,-9.34940338346521));
#9767=CARTESIAN_POINT('',(-73.0089673304785,-53.1330099999997,-9.27453043977899));
#9768=CARTESIAN_POINT('Origin',(-73.0089673304775,-51.6330099999998,-9.27453043977899));
#9769=CARTESIAN_POINT('',(-87.3066972797095,-53.1330099999953,-9.00000000000002));
#9770=CARTESIAN_POINT('',(-77.7670588902355,-53.1330099999983,-9.18317041458288));
#9771=CARTESIAN_POINT('',(-87.3066972797285,-114.493510214791,-9.00000000000002));
#9772=CARTESIAN_POINT('',(-87.3066972797225,-94.5918224172022,-9.00000000000002));
#9773=CARTESIAN_POINT('',(-77.8222128030895,-112.477520805213,-9.18211140535553));
#9774=CARTESIAN_POINT('',(-59.4321278069569,-108.568587569593,-9.53521907625767));
#9775=CARTESIAN_POINT('',(-75.6877145140035,-113.86368020181,-9.22309586625187));
#9776=CARTESIAN_POINT('Origin',(-77.4480433568445,-114.237849648054,-9.18929582574916));
#9777=CARTESIAN_POINT('',(-72.9016978570292,-126.970858051639,-9.27659011889111));
#9778=CARTESIAN_POINT('',(-72.8502611558099,-127.212848704926,-9.27757775400917));
#9779=CARTESIAN_POINT('',(-74.2878572536265,-129.105356340726,-9.249974498782));
#9780=CARTESIAN_POINT('Origin',(-74.6620266998715,-127.345027497884,-9.24279007838838));
#9781=CARTESIAN_POINT('',(-87.3066972797345,-131.872596213623,-9.00000000000002));
#9782=CARTESIAN_POINT('',(-62.4502965513372,-126.589205139273,-9.47726727582064));
#9783=CARTESIAN_POINT('',(-87.3066972797345,-134.29019973774,-9.00000000000002));
#9784=CARTESIAN_POINT('',(-87.3066972797225,-94.5918224172008,-9.00000000000002));
#9785=CARTESIAN_POINT('',(-87.3060296215795,-134.295266456071,-9.00001281969152));
#9786=CARTESIAN_POINT('Ctrl Pts',(-87.3066972797345,-134.29019973774,-9.00000000000002));
#9787=CARTESIAN_POINT('Ctrl Pts',(-87.3066972797345,-134.29180138536,-9.00000000000002));
#9788=CARTESIAN_POINT('Ctrl Pts',(-87.3064861734995,-134.293596507082,-9.00000405344681));
#9789=CARTESIAN_POINT('Ctrl Pts',(-87.3060296215725,-134.295266456069,-9.00001281969164));
#9790=CARTESIAN_POINT('',(-82.9283247619755,-133.285609759233,-9.08406904712041));
#9791=CARTESIAN_POINT('Origin',(-72.6320397148253,-187.923934351297,-9.28176781973155));
#9792=CARTESIAN_POINT('',(-53.0620354030272,-131.473284103719,-9.6575310988853));
#9793=CARTESIAN_POINT('Origin',(-60.8215508831409,-250.5975413291,-9.50854079029997));
#9794=CARTESIAN_POINT('',(-52.8060050497992,-129.109358218803,-9.66244713280943));
#9795=CARTESIAN_POINT('',(-50.9508553390521,-111.980778086256,-9.69806782698713));
#9796=CARTESIAN_POINT('',(-52.8060050497992,-129.109358218803,-9.66244713280943));
#9797=CARTESIAN_POINT('',(-70.7649002280671,-55.4164609368997,-9.31761872936782));
#9798=CARTESIAN_POINT('',(-61.2911838059387,-55.416460936888,-9.49952337751451));
#9799=CARTESIAN_POINT('',(-69.069503492922,-54.0279061034482,-9.35017200971014));
#9800=CARTESIAN_POINT('Ctrl Pts',(-70.7649002280677,-55.4164609368997,-9.31761872936803));
#9801=CARTESIAN_POINT('Ctrl Pts',(-70.6989720012097,-55.4164608770055,-9.31888461599321));
#9802=CARTESIAN_POINT('Ctrl Pts',(-70.6332883905131,-55.4124931402058,-9.32014580574815));
#9803=CARTESIAN_POINT('Ctrl Pts',(-70.5681291048845,-55.4047670794079,-9.32139692794746));
#9804=CARTESIAN_POINT('Ctrl Pts',(-70.5017872871104,-55.3969008035177,-9.32267075592392));
#9805=CARTESIAN_POINT('Ctrl Pts',(-70.4359881058922,-55.3851383016559,-9.32393416474624));
#9806=CARTESIAN_POINT('Ctrl Pts',(-70.3710274406102,-55.3696459849524,-9.32518147324007));
#9807=CARTESIAN_POINT('Ctrl Pts',(-70.3056842425732,-55.3540624389094,-9.32643612673803));
#9808=CARTESIAN_POINT('Ctrl Pts',(-70.2411885154286,-55.33470466912,-9.32767450796356));
#9809=CARTESIAN_POINT('Ctrl Pts',(-70.1778560268944,-55.3116920738523,-9.32889055386675));
#9810=CARTESIAN_POINT('Ctrl Pts',(-70.1547143995128,-55.3032832947708,-9.32933489581227));
#9811=CARTESIAN_POINT('Ctrl Pts',(-70.1317282952892,-55.2943860831222,-9.32977625156061));
#9812=CARTESIAN_POINT('Ctrl Pts',(-70.1089139917856,-55.2850047544978,-9.33021430856661));
#9813=CARTESIAN_POINT('Ctrl Pts',(-70.0464642470014,-55.259325181232,-9.3314134049239));
#9814=CARTESIAN_POINT('Ctrl Pts',(-69.9856544628475,-55.2301673122036,-9.33258101242844));
#9815=CARTESIAN_POINT('Ctrl Pts',(-69.9267797121857,-55.1977061762605,-9.33371146539185));
#9816=CARTESIAN_POINT('Ctrl Pts',(-69.867987011404,-55.1652902792745,-9.33484034291707));
#9817=CARTESIAN_POINT('Ctrl Pts',(-69.8111230276464,-55.1295798749118,-9.33593218718354));
#9818=CARTESIAN_POINT('Ctrl Pts',(-69.7565012970354,-55.0907014784111,-9.33698097799015));
#9819=CARTESIAN_POINT('Ctrl Pts',(-69.7031512109924,-55.0527282070533,-9.33800535197368));
#9820=CARTESIAN_POINT('Ctrl Pts',(-69.6519394453918,-55.0117322107785,-9.33898866810723));
#9821=CARTESIAN_POINT('Ctrl Pts',(-69.6031890892706,-54.9677931014534,-9.33992472276436));
#9822=CARTESIAN_POINT('Ctrl Pts',(-69.585179834673,-54.9515612075846,-9.34027051811805));
#9823=CARTESIAN_POINT('Ctrl Pts',(-69.567506852302,-54.9349273241591,-9.34060985671514));
#9824=CARTESIAN_POINT('Ctrl Pts',(-69.5501878446083,-54.9178943084269,-9.3409423986512));
#9825=CARTESIAN_POINT('Ctrl Pts',(-69.500922386625,-54.8694423800187,-9.34188834376935));
#9826=CARTESIAN_POINT('Ctrl Pts',(-69.4547792162936,-54.8180020991777,-9.34277433790191));
#9827=CARTESIAN_POINT('Ctrl Pts',(-69.411888351352,-54.7639602931232,-9.34359788458077));
#9828=CARTESIAN_POINT('Ctrl Pts',(-69.3702440561069,-54.7114891450135,-9.34439749589868));
#9829=CARTESIAN_POINT('Ctrl Pts',(-69.331665090035,-54.6565647771978,-9.34513824988967));
#9830=CARTESIAN_POINT('Ctrl Pts',(-69.2963100642696,-54.5995063116656,-9.34581710106438));
#9831=CARTESIAN_POINT('Ctrl Pts',(-69.2779405945777,-54.5698603495835,-9.34616981290122));
#9832=CARTESIAN_POINT('Ctrl Pts',(-69.2604421466044,-54.5396377801468,-9.34650580026667));
#9833=CARTESIAN_POINT('Ctrl Pts',(-69.2438419205356,-54.5088808521131,-9.34682454089048));
#9834=CARTESIAN_POINT('Ctrl Pts',(-69.2119102325623,-54.4497177645189,-9.34743766062161));
#9835=CARTESIAN_POINT('Ctrl Pts',(-69.1834370044224,-54.3888341796813,-9.3479843745315));
#9836=CARTESIAN_POINT('Ctrl Pts',(-69.1585624730603,-54.3265585395449,-9.34846198993327));
#9837=CARTESIAN_POINT('Ctrl Pts',(-69.1339139109714,-54.2648486339316,-9.34893526650334));
#9838=CARTESIAN_POINT('Ctrl Pts',(-69.1127985657545,-54.2017709057621,-9.34934070184371));
#9839=CARTESIAN_POINT('Ctrl Pts',(-69.0953986659108,-54.1376239190399,-9.34967479698841));
#9840=CARTESIAN_POINT('Ctrl Pts',(-69.0855662726535,-54.1013755264978,-9.34986358858362));
#9841=CARTESIAN_POINT('Ctrl Pts',(-69.0769211549903,-54.0647853959902,-9.35002958332282));
#9842=CARTESIAN_POINT('Ctrl Pts',(-69.0695034929219,-54.027906103449,-9.35017200971057));
#9843=CARTESIAN_POINT('',(-67.3052496316851,-52.5831269369116,-9.38404741441623));
#9844=CARTESIAN_POINT('Ctrl Pts',(-67.3052496316851,-52.5831269369116,-9.38404741441613));
#9845=CARTESIAN_POINT('Ctrl Pts',(-67.6580359571469,-52.583126936912,-9.37727357091643));
#9846=CARTESIAN_POINT('Ctrl Pts',(-68.4820470110545,-52.8318603704087,-9.36145175040259));
#9847=CARTESIAN_POINT('Ctrl Pts',(-68.9767416641089,-53.566710175206,-9.35195312781415));
#9848=CARTESIAN_POINT('Ctrl Pts',(-69.069503492922,-54.0279061034482,-9.35017200971014));
#9849=CARTESIAN_POINT('',(-53.2649000269345,-52.5831269368942,-9.65363589911496));
#9850=CARTESIAN_POINT('',(-52.5411838059407,-52.5831269368933,-9.66753196045703));
#9851=CARTESIAN_POINT('',(-51.5695033903688,-51.1945725935619,-9.68618917756452));
#9852=CARTESIAN_POINT('Ctrl Pts',(-53.264900026935,-52.5831269368942,-9.65363589911512));
#9853=CARTESIAN_POINT('Ctrl Pts',(-53.1989712595116,-52.5831268771037,-9.65490179611968));
#9854=CARTESIAN_POINT('Ctrl Pts',(-53.1332869955649,-52.5791591981004,-9.65616299841766));
#9855=CARTESIAN_POINT('Ctrl Pts',(-53.0681269883796,-52.5714332188655,-9.65741413447157));
#9856=CARTESIAN_POINT('Ctrl Pts',(-53.0017846417826,-52.5635670504235,-9.65868797260196));
#9857=CARTESIAN_POINT('Ctrl Pts',(-52.9359848574556,-52.5518047048662,-9.65995139300455));
#9858=CARTESIAN_POINT('Ctrl Pts',(-52.8710235572962,-52.5363125559527,-9.66119871368865));
#9859=CARTESIAN_POINT('Ctrl Pts',(-52.8056802921437,-52.5207293149809,-9.66245336847529));
#9860=CARTESIAN_POINT('Ctrl Pts',(-52.741184450839,-52.5013719279155,-9.66369175189281));
#9861=CARTESIAN_POINT('Ctrl Pts',(-52.6778518360355,-52.4783597514668,-9.66490780022049));
#9862=CARTESIAN_POINT('Ctrl Pts',(-52.6547096531217,-52.469950940331,-9.66535215283278));
#9863=CARTESIAN_POINT('Ctrl Pts',(-52.6317229985945,-52.4610536799512,-9.66579351914749));
#9864=CARTESIAN_POINT('Ctrl Pts',(-52.608908152815,-52.4516722841664,-9.66623158656571));
#9865=CARTESIAN_POINT('Ctrl Pts',(-52.5464580233315,-52.4259929792454,-9.66743069030961));
#9866=CARTESIAN_POINT('Ctrl Pts',(-52.4856478729907,-52.3968353672184,-9.6685983048453));
#9867=CARTESIAN_POINT('Ctrl Pts',(-52.4267728136579,-52.3643744371365,-9.66972876373549));
#9868=CARTESIAN_POINT('Ctrl Pts',(-52.3679802046465,-52.3319589662719,-9.67085763949863));
#9869=CARTESIAN_POINT('Ctrl Pts',(-52.3111163437098,-52.2962489819039,-9.67194948140682));
#9870=CARTESIAN_POINT('Ctrl Pts',(-52.2564947995546,-52.2573709569851,-9.67299826863329));
#9871=CARTESIAN_POINT('Ctrl Pts',(-52.2031453594749,-52.2193983787121,-9.6740226302137));
#9872=CARTESIAN_POINT('Ctrl Pts',(-52.1519342633632,-52.178403081944,-9.6750059334924));
#9873=CARTESIAN_POINT('Ctrl Pts',(-52.1031846225714,-52.1344646367782,-9.67594197441451));
#9874=CARTESIAN_POINT('Ctrl Pts',(-52.0851740488123,-52.1182315611151,-9.67628779509739));
#9875=CARTESIAN_POINT('Ctrl Pts',(-52.0674998126553,-52.1015964203876,-9.6766271577684));
#9876=CARTESIAN_POINT('Ctrl Pts',(-52.0501796223734,-52.0845620704517,-9.67695972241132));
#9877=CARTESIAN_POINT('Ctrl Pts',(-52.000916219048,-52.0361116759922,-9.67790562807802));
#9878=CARTESIAN_POINT('Ctrl Pts',(-51.954775029367,-51.9846730012719,-9.67879158418015));
#9879=CARTESIAN_POINT('Ctrl Pts',(-51.9118859899375,-51.9306329006918,-9.67961509580738));
#9880=CARTESIAN_POINT('Ctrl Pts',(-51.8702418931933,-51.878161425309,-9.68041470331389));
#9881=CARTESIAN_POINT('Ctrl Pts',(-51.8316632112299,-51.8232366383678,-9.68115545184971));
#9882=CARTESIAN_POINT('Ctrl Pts',(-51.7963084956224,-51.7661777250137,-9.68183429706909));
#9883=CARTESIAN_POINT('Ctrl Pts',(-51.7779381401557,-51.7365298406268,-9.68218702591367));
#9884=CARTESIAN_POINT('Ctrl Pts',(-51.760438912703,-51.7063052754038,-9.68252302824589));
#9885=CARTESIAN_POINT('Ctrl Pts',(-51.7438380098121,-51.6755462941403,-9.68284178186535));
#9886=CARTESIAN_POINT('Ctrl Pts',(-51.7119068966604,-51.6163827343259,-9.68345489055934));
#9887=CARTESIAN_POINT('Ctrl Pts',(-51.6834342292946,-51.5554986977364,-9.68400159370182));
#9888=CARTESIAN_POINT('Ctrl Pts',(-51.6585601861863,-51.4932226864629,-9.68447919972864));
#9889=CARTESIAN_POINT('Ctrl Pts',(-51.6339117983513,-51.4315116380418,-9.68495247295287));
#9890=CARTESIAN_POINT('Ctrl Pts',(-51.6127966449538,-51.368432811761,-9.68535790461011));
#9891=CARTESIAN_POINT('Ctrl Pts',(-51.5953969041408,-51.3042848421532,-9.68569199670126));
#9892=CARTESIAN_POINT('Ctrl Pts',(-51.5855652325819,-51.2680382235899,-9.68588077443916));
#9893=CARTESIAN_POINT('Ctrl Pts',(-51.5769206736445,-51.2314499477782,-9.68604675845027));
#9894=CARTESIAN_POINT('Ctrl Pts',(-51.5695033903687,-51.1945725935625,-9.68618917756484));
#9895=CARTESIAN_POINT('',(-49.8052496316859,-49.7497939369061,-9.72006458030147));
#9896=CARTESIAN_POINT('Ctrl Pts',(-49.8052496316859,-49.7497939369061,-9.72006458030138));
#9897=CARTESIAN_POINT('Ctrl Pts',(-50.1580358828568,-49.7497939369065,-9.71329073822814));
#9898=CARTESIAN_POINT('Ctrl Pts',(-50.9820611982628,-49.9985065106545,-9.69746864387954));
#9899=CARTESIAN_POINT('Ctrl Pts',(-51.4767414478119,-50.7333767892525,-9.68797029785252));
#9900=CARTESIAN_POINT('Ctrl Pts',(-51.5695033903688,-51.1945725935619,-9.68618917756452));
#9901=CARTESIAN_POINT('',(-36.4052496316858,-49.7497939368895,-9.97735772446505));
#9902=CARTESIAN_POINT('',(-43.7911838059429,-49.7497939368987,-9.83554054339956));
#9903=CARTESIAN_POINT('',(-34.6056608918343,-51.5494495732368,-10.0119115935007));
#9904=CARTESIAN_POINT('Ctrl Pts',(-34.6056608918343,-51.5494495732368,-10.0119115935007));
#9905=CARTESIAN_POINT('Ctrl Pts',(-34.6056608918349,-51.0109738469095,-10.0119115935007));
#9906=CARTESIAN_POINT('Ctrl Pts',(-35.0572011620297,-50.0784817776604,-10.0032415773936));
#9907=CARTESIAN_POINT('Ctrl Pts',(-36.0014378715593,-49.7497939368891,-9.98511130636154));
#9908=CARTESIAN_POINT('Ctrl Pts',(-36.4052496316858,-49.7497939368895,-9.97735772446503));
#9909=CARTESIAN_POINT('',(-34.6056608918056,-99.9494495732366,-10.0119115935012));
#9910=CARTESIAN_POINT('',(-34.6056608917891,-85.7792898970313,-10.0119115935019));
#9911=CARTESIAN_POINT('',(-36.4052496316533,-101.749105209589,-9.97735772446567));
#9912=CARTESIAN_POINT('Ctrl Pts',(-36.4052496316533,-101.749105209589,-9.97735772446567));
#9913=CARTESIAN_POINT('Ctrl Pts',(-36.0014378715267,-101.749105209588,-9.98511130636219));
#9914=CARTESIAN_POINT('Ctrl Pts',(-35.0573268923621,-101.420312580815,-10.0032391632479));
#9915=CARTESIAN_POINT('Ctrl Pts',(-34.6056608918049,-100.487925299564,-10.0119115935013));
#9916=CARTESIAN_POINT('Ctrl Pts',(-34.6056608918056,-99.9494495732366,-10.0119115935012));
#9917=CARTESIAN_POINT('',(-50.4455992364039,-101.749105209606,-9.70776923976736));
#9918=CARTESIAN_POINT('',(-37.0911838058944,-101.74910520959,-9.96418711548255));
#9919=CARTESIAN_POINT('',(-52.1409958729696,-103.137659552938,-9.67521596131746));
#9920=CARTESIAN_POINT('Ctrl Pts',(-50.4455992364034,-101.749105209606,-9.70776923976754));
#9921=CARTESIAN_POINT('Ctrl Pts',(-50.5115268734854,-101.749105269387,-9.70650336446664));
#9922=CARTESIAN_POINT('Ctrl Pts',(-50.5772097728496,-101.753073063047,-9.70524218836998));
#9923=CARTESIAN_POINT('Ctrl Pts',(-50.6423682723235,-101.760799200999,-9.70399108126561));
#9924=CARTESIAN_POINT('Ctrl Pts',(-50.7087095181607,-101.768665582536,-9.70271726427089));
#9925=CARTESIAN_POINT('Ctrl Pts',(-50.7745080460204,-101.780428237968,-9.7014538679937));
#9926=CARTESIAN_POINT('Ctrl Pts',(-50.8394680214508,-101.795920715843,-9.7002065727457));
#9927=CARTESIAN_POINT('Ctrl Pts',(-50.9048111330571,-101.811504568886,-9.69895192090729));
#9928=CARTESIAN_POINT('Ctrl Pts',(-50.9693067210047,-101.830862723559,-9.69771354235448));
#9929=CARTESIAN_POINT('Ctrl Pts',(-51.0326390547951,-101.853875736933,-9.69649749942253));
#9930=CARTESIAN_POINT('Ctrl Pts',(-51.0557852081154,-101.862286333923,-9.69605307057454));
#9931=CARTESIAN_POINT('Ctrl Pts',(-51.078775774625,-101.871185561354,-9.69561162914593));
#9932=CARTESIAN_POINT('Ctrl Pts',(-51.1015944688767,-101.880569098971,-9.69517348783326));
#9933=CARTESIAN_POINT('Ctrl Pts',(-51.1640435951148,-101.906249522167,-9.69397440335266));
#9934=CARTESIAN_POINT('Ctrl Pts',(-51.2248527447639,-101.935408214066,-9.69280680803123));
#9935=CARTESIAN_POINT('Ctrl Pts',(-51.2837268856038,-101.967870104818,-9.69167636677701));
#9936=CARTESIAN_POINT('Ctrl Pts',(-51.3425193660915,-102.000286969869,-9.69054749348165));
#9937=CARTESIAN_POINT('Ctrl Pts',(-51.3993831286031,-102.035998318031,-9.68945565346332));
#9938=CARTESIAN_POINT('Ctrl Pts',(-51.4540046711048,-102.074877590533,-9.68840686626859));
#9939=CARTESIAN_POINT('Ctrl Pts',(-51.5073550145709,-102.112852031507,-9.68738248734228));
#9940=CARTESIAN_POINT('Ctrl Pts',(-51.5585670338377,-102.153849182759,-9.68639916633809));
#9941=CARTESIAN_POINT('Ctrl Pts',(-51.6073176637911,-102.197789389388,-9.68546310642312));
#9942=CARTESIAN_POINT('Ctrl Pts',(-51.6253271013678,-102.214021762368,-9.68511730755605));
#9943=CARTESIAN_POINT('Ctrl Pts',(-51.6430002664101,-102.230656120684,-9.6847779654515));
#9944=CARTESIAN_POINT('Ctrl Pts',(-51.6603194574157,-102.247689604853,-9.68444541999566));
#9945=CARTESIAN_POINT('Ctrl Pts',(-51.7095808060205,-102.296138311337,-9.68349955378161));
#9946=CARTESIAN_POINT('Ctrl Pts',(-51.7557204709045,-102.34757472198,-9.68261362695708));
#9947=CARTESIAN_POINT('Ctrl Pts',(-51.7986084005267,-102.401612161966,-9.68179013663924));
#9948=CARTESIAN_POINT('Ctrl Pts',(-51.8402529296991,-102.454082956563,-9.68099052082968));
#9949=CARTESIAN_POINT('Ctrl Pts',(-51.8788322120843,-102.509006867806,-9.68024976076518));
#9950=CARTESIAN_POINT('Ctrl Pts',(-51.91418757764,-102.566064837365,-9.67957090306616));
#9951=CARTESIAN_POINT('Ctrl Pts',(-51.9325592008682,-102.595713732305,-9.6792181498793));
#9952=CARTESIAN_POINT('Ctrl Pts',(-51.9500596213068,-102.625939348052,-9.67888212464059));
#9953=CARTESIAN_POINT('Ctrl Pts',(-51.9666616215364,-102.656699431288,-9.67856334995115));
#9954=CARTESIAN_POINT('Ctrl Pts',(-51.9985933461966,-102.715862333037,-9.6779502295156));
#9955=CARTESIAN_POINT('Ctrl Pts',(-52.0270665819867,-102.776745722185,-9.67740351545881));
#9956=CARTESIAN_POINT('Ctrl Pts',(-52.0519410284183,-102.839021221011,-9.67692590168779));
#9957=CARTESIAN_POINT('Ctrl Pts',(-52.0765891662894,-102.900730135228,-9.67645263326312));
#9958=CARTESIAN_POINT('Ctrl Pts',(-52.0977040938986,-102.963806887547,-9.67604720594123));
#9959=CARTESIAN_POINT('Ctrl Pts',(-52.1151035276664,-103.027952988776,-9.67571311974564));
#9960=CARTESIAN_POINT('Ctrl Pts',(-52.1249347821453,-103.064197653599,-9.6755243500161));
#9961=CARTESIAN_POINT('Ctrl Pts',(-52.133578956898,-103.100784024386,-9.67535837338171));
#9962=CARTESIAN_POINT('Ctrl Pts',(-52.1409958729697,-103.137659552938,-9.67521596131782));
#9963=CARTESIAN_POINT('',(-53.9052496316525,-104.582438209594,-9.64134055858043));
#9964=CARTESIAN_POINT('Ctrl Pts',(-53.9052496316525,-104.582438209594,-9.6413405585806));
#9965=CARTESIAN_POINT('Ctrl Pts',(-53.5524633804816,-104.582438209594,-9.64811440065384));
#9966=CARTESIAN_POINT('Ctrl Pts',(-52.7284705173026,-104.333678984372,-9.66393587188785));
#9967=CARTESIAN_POINT('Ctrl Pts',(-52.2337578155265,-103.598855357248,-9.67343484102946));
#9968=CARTESIAN_POINT('Ctrl Pts',(-52.1409958729696,-103.137659552938,-9.67521596131746));
#9969=CARTESIAN_POINT('',(-67.9455992364029,-104.582438209611,-9.37175207388213));
#9970=CARTESIAN_POINT('',(-45.8411838058922,-104.582438209585,-9.79617853254003));
#9971=CARTESIAN_POINT('',(-69.6409958729687,-105.970992552944,-9.33919879543213));
#9972=CARTESIAN_POINT('Ctrl Pts',(-67.9455992364024,-104.582438209611,-9.37175207388242));
#9973=CARTESIAN_POINT('Ctrl Pts',(-68.0115265655147,-104.582438269499,-9.37048620449483));
#9974=CARTESIAN_POINT('Ctrl Pts',(-68.077209092883,-104.586406097291,-9.36922503554086));
#9975=CARTESIAN_POINT('Ctrl Pts',(-68.1423671819375,-104.594132284185,-9.36797393631694));
#9976=CARTESIAN_POINT('Ctrl Pts',(-68.2087081256513,-104.601998729277,-9.36670012512329));
#9977=CARTESIAN_POINT('Ctrl Pts',(-68.2745063096,-104.613761477237,-9.36543673544953));
#9978=CARTESIAN_POINT('Ctrl Pts',(-68.3394659238051,-104.62925405541,-9.36418944713741));
#9979=CARTESIAN_POINT('Ctrl Pts',(-68.4048090006467,-104.64483808771,-9.36293479596652));
#9980=CARTESIAN_POINT('Ctrl Pts',(-68.4693045277424,-104.664196467469,-9.36169641858212));
#9981=CARTESIAN_POINT('Ctrl Pts',(-68.5326367946035,-104.687209728115,-9.36048037693528));
#9982=CARTESIAN_POINT('Ctrl Pts',(-68.5557810731379,-104.695619743117,-9.36003598408502));
#9983=CARTESIAN_POINT('Ctrl Pts',(-68.5787697889163,-104.704518313415,-9.35959457819226));
#9984=CARTESIAN_POINT('Ctrl Pts',(-68.6015866614001,-104.713901118602,-9.35915647185933));
#9985=CARTESIAN_POINT('Ctrl Pts',(-68.6640356310091,-104.739581523154,-9.35795739038616));
#9986=CARTESIAN_POINT('Ctrl Pts',(-68.7248446455033,-104.768740194518,-9.35678979765984));
#9987=CARTESIAN_POINT('Ctrl Pts',(-68.7837186952625,-104.801202039666,-9.35565935815445));
#9988=CARTESIAN_POINT('Ctrl Pts',(-68.8425113250836,-104.833618991667,-9.35453048199174));
#9989=CARTESIAN_POINT('Ctrl Pts',(-68.8993752650814,-104.86933042873,-9.35343863856551));
#9990=CARTESIAN_POINT('Ctrl Pts',(-68.953997032065,-104.908209767442,-9.35238984706051));
#9991=CARTESIAN_POINT('Ctrl Pts',(-69.007347876348,-104.946184473498,-9.35136545851802));
#9992=CARTESIAN_POINT('Ctrl Pts',(-69.0585604186997,-104.987181900115,-9.35038212747009));
#9993=CARTESIAN_POINT('Ctrl Pts',(-69.107311606738,-105.031122368056,-9.34944605683934));
#9994=CARTESIAN_POINT('Ctrl Pts',(-69.1253198047403,-105.047353534492,-9.34910028177331));
#9995=CARTESIAN_POINT('Ctrl Pts',(-69.1429917889575,-105.063986619818,-9.34876096234176));
#9996=CARTESIAN_POINT('Ctrl Pts',(-69.160309862821,-105.081018763985,-9.34842843833615));
#9997=CARTESIAN_POINT('Ctrl Pts',(-69.2095742282822,-105.129469751169,-9.34748251419549));
#9998=CARTESIAN_POINT('Ctrl Pts',(-69.2557166699226,-105.180908695104,-9.34659653405452));
#9999=CARTESIAN_POINT('Ctrl Pts',(-69.2986070742818,-105.234948900769,-9.3457729962193));
#10000=CARTESIAN_POINT('Ctrl Pts',(-69.3402517208285,-105.287419501077,
-9.34497337815604));
#10001=CARTESIAN_POINT('Ctrl Pts',(-69.3788311727475,-105.342343167484,
-9.34423261483632));
#10002=CARTESIAN_POINT('Ctrl Pts',(-69.414186724437,-105.399400878976,-9.34355375356335));
#10003=CARTESIAN_POINT('Ctrl Pts',(-69.4325569087193,-105.429047161519,
-9.34320102800567));
#10004=CARTESIAN_POINT('Ctrl Pts',(-69.4500560402853,-105.459270064889,
-9.34286502751457));
#10005=CARTESIAN_POINT('Ctrl Pts',(-69.4666569036681,-105.490027351513,
-9.3425462746537));
#10006=CARTESIAN_POINT('Ctrl Pts',(-69.4985891434474,-105.549189879917,
-9.34193314432736));
#10007=CARTESIAN_POINT('Ctrl Pts',(-69.5270628909619,-105.610072917739,
-9.34138642044497));
#10008=CARTESIAN_POINT('Ctrl Pts',(-69.5519378124912,-105.672348121738,
-9.3409087975516));
#10009=CARTESIAN_POINT('Ctrl Pts',(-69.5765862464979,-105.734056306594,
-9.34043552344083));
#10010=CARTESIAN_POINT('Ctrl Pts',(-69.5977014843625,-105.797132365581,
-9.34003009016173));
#10011=CARTESIAN_POINT('Ctrl Pts',(-69.6151012139979,-105.861277850088,
-9.3396959982852));
#10012=CARTESIAN_POINT('Ctrl Pts',(-69.6249334446578,-105.897525148907,
-9.33950720981202));
#10013=CARTESIAN_POINT('Ctrl Pts',(-69.6335783957164,-105.934114234398,
-9.3393412182718));
#10014=CARTESIAN_POINT('Ctrl Pts',(-69.6409958729689,-105.970992552943,
-9.33919879543269));
#10015=CARTESIAN_POINT('',(-71.4052496316516,-107.4157712096,-9.30532339269518));
#10016=CARTESIAN_POINT('Ctrl Pts',(-71.4052496316516,-107.4157712096,-9.30532339269526));
#10017=CARTESIAN_POINT('Ctrl Pts',(-71.0524633804808,-107.415771209599,
-9.3120972347685));
#10018=CARTESIAN_POINT('Ctrl Pts',(-70.2284785666612,-107.167000413077,
-9.32791855144691));
#10019=CARTESIAN_POINT('Ctrl Pts',(-69.7337578155256,-106.432188357253,
-9.33741767514412));
#10020=CARTESIAN_POINT('Ctrl Pts',(-69.6409958729687,-105.970992552944,
-9.33919879543213));
#10021=CARTESIAN_POINT('',(-84.8052496316515,-107.415771209616,-9.04803024853162));
#10022=CARTESIAN_POINT('',(-54.59118380589,-107.415771209579,-9.6281699495975));
#10023=CARTESIAN_POINT('',(-86.6048383715035,-105.616115573269,-9.01347637949596));
#10024=CARTESIAN_POINT('Ctrl Pts',(-86.6048383715035,-105.616115573269,
-9.01347637949594));
#10025=CARTESIAN_POINT('Ctrl Pts',(-86.6048383715035,-106.019972368015,
-9.01347637949595));
#10026=CARTESIAN_POINT('Ctrl Pts',(-86.2759217196605,-106.964093935004,
-9.01979190184823));
#10027=CARTESIAN_POINT('Ctrl Pts',(-85.3436653118205,-107.415771209617,
-9.03769213933628));
#10028=CARTESIAN_POINT('Ctrl Pts',(-84.8052496316515,-107.415771209616,
-9.04803024853163));
#10029=CARTESIAN_POINT('',(-86.6048383714945,-112.812622897081,-9.01347637949692));
#10030=CARTESIAN_POINT('',(-86.6048383714945,-112.812622897081,-9.01347637949692));
#10031=CARTESIAN_POINT('',(-69.3052496316448,-128.582438209611,-9.34564545260154));
#10032=CARTESIAN_POINT('',(-55.9052496316448,-128.582438209595,-9.60293859676512));
#10033=CARTESIAN_POINT('',(-46.8411838058737,-128.582438209584,-9.7769775516328));
#10034=CARTESIAN_POINT('',(-71.1048383714964,-126.782782573265,-9.3110915835659));
#10035=CARTESIAN_POINT('Ctrl Pts',(-71.1048383714964,-126.782782573265,
-9.31109158356588));
#10036=CARTESIAN_POINT('Ctrl Pts',(-71.1048383714959,-127.18663936801,-9.3110915835659));
#10037=CARTESIAN_POINT('Ctrl Pts',(-70.7759169846237,-128.130755247718,
-9.31740719683538));
#10038=CARTESIAN_POINT('Ctrl Pts',(-69.8436653118135,-128.582438209612,
-9.33530734340621));
#10039=CARTESIAN_POINT('Ctrl Pts',(-69.3052496316448,-128.582438209611,
-9.34564545260155));
#10040=CARTESIAN_POINT('',(-71.1048383715144,-113.382782573265,-9.31109158356555));
#10041=CARTESIAN_POINT('',(-71.104838371501,-123.39595639707,-9.31109158356657));
#10042=CARTESIAN_POINT('',(-69.3052496316665,-111.583126936912,-9.34564545260112));
#10043=CARTESIAN_POINT('Ctrl Pts',(-69.3052496316665,-111.583126936912,
-9.34564545260104));
#10044=CARTESIAN_POINT('Ctrl Pts',(-69.7090613917932,-111.583126936913,
-9.33789187070452));
#10045=CARTESIAN_POINT('Ctrl Pts',(-70.6531048153914,-111.911975868814,
-9.31976531095195));
#10046=CARTESIAN_POINT('Ctrl Pts',(-71.104838371515,-112.844306846937,-9.31109158356544));
#10047=CARTESIAN_POINT('Ctrl Pts',(-71.1048383715143,-113.382782573265,
-9.31109158356545));
#10048=CARTESIAN_POINT('',(-55.9052496316664,-111.583126936896,-9.6029385967647));
#10049=CARTESIAN_POINT('',(-53.5411838058951,-111.583126936893,-9.64833097955054));
#10050=CARTESIAN_POINT('',(-54.1056608918148,-113.382782573243,-9.63749246580035));
#10051=CARTESIAN_POINT('Ctrl Pts',(-54.1056608918148,-113.382782573243,
-9.63749246580036));
#10052=CARTESIAN_POINT('Ctrl Pts',(-54.1056608918154,-112.844306846916,
-9.63749246580034));
#10053=CARTESIAN_POINT('Ctrl Pts',(-54.557372849482,-111.911957867897,-9.62881915312539));
#10054=CARTESIAN_POINT('Ctrl Pts',(-55.5014378715398,-111.583126936895,
-9.61069217866119));
#10055=CARTESIAN_POINT('Ctrl Pts',(-55.9052496316664,-111.583126936896,
-9.60293859676468));
#10056=CARTESIAN_POINT('',(-54.1056608917972,-126.782782573243,-9.63749246580069));
#10057=CARTESIAN_POINT('',(-54.1056608918105,-116.695956397047,-9.63749246580106));
#10058=CARTESIAN_POINT('Ctrl Pts',(-55.9052496316448,-128.582438209595,
-9.6029385967652));
#10059=CARTESIAN_POINT('Ctrl Pts',(-55.5014378715181,-128.582438209594,
-9.61069217866171));
#10060=CARTESIAN_POINT('Ctrl Pts',(-54.557394108865,-128.253589560274,-9.62881874492448));
#10061=CARTESIAN_POINT('Ctrl Pts',(-54.1056608917965,-127.32125829957,-9.63749246580079));
#10062=CARTESIAN_POINT('Ctrl Pts',(-54.1056608917972,-126.782782573243,
-9.63749246580077));
#10063=CARTESIAN_POINT('',(-32.2085448208756,-88.9842876795203,-10.0579385725328));
#10064=CARTESIAN_POINT('',(-32.5658836068744,-93.0686857479314,-10.0510773181706));
#10065=CARTESIAN_POINT('',(-33.7552199191068,-106.662862185576,-10.0282408943816));
#10066=CARTESIAN_POINT('',(-31.0406578773414,-75.6352787242784,-10.080363147407));
#10067=CARTESIAN_POINT('',(-33.576550150705,-104.620663186212,-10.0316715291935));
#10068=CARTESIAN_POINT('',(-30.6833195524517,-71.5508797030147,-10.0872243947221));
#10069=CARTESIAN_POINT('',(-32.9926071896942,-97.9461586619036,-10.042883806839));
#10070=CARTESIAN_POINT('',(-29.5154326044799,-58.201870748161,-10.1096489696622));
#10071=CARTESIAN_POINT('',(-32.8139379318566,-95.9039591616049,-10.0463144318475));
#10072=CARTESIAN_POINT('',(-27.5658536411732,-56.5659189495169,-10.1470827981147));
#10073=CARTESIAN_POINT('Ctrl Pts',(-27.5658536411732,-56.5659189495169,
-10.1470827981146));
#10074=CARTESIAN_POINT('Ctrl Pts',(-28.1022209413016,-56.5189928912703,
-10.1367840198253));
#10075=CARTESIAN_POINT('Ctrl Pts',(-29.0704336221045,-56.8874858561103,
-10.1181933866266));
#10076=CARTESIAN_POINT('Ctrl Pts',(-29.4802341953993,-57.7995510913897,
-10.1103248136428));
#10077=CARTESIAN_POINT('Ctrl Pts',(-29.5154326044799,-58.201870748161,-10.1096489696621));
#10078=CARTESIAN_POINT('',(-14.2168446867423,-57.7338059023188,-10.4033968641859));
#10079=CARTESIAN_POINT('',(-29.8795248072849,-56.3634989513582,-10.1026580422276));
#10080=CARTESIAN_POINT('',(-12.5809431398126,-59.6834699226697,-10.4348077785554));
#10081=CARTESIAN_POINT('Ctrl Pts',(-12.5809431398126,-59.6834699226697,
-10.4348077785554));
#10082=CARTESIAN_POINT('Ctrl Pts',(-12.545744730732,-59.2811502658985,-10.4354836225361));
#10083=CARTESIAN_POINT('Ctrl Pts',(-12.7908903818953,-58.3117106866,-10.4307765855685));
#10084=CARTESIAN_POINT('Ctrl Pts',(-13.680477386614,-57.7807319605653,-10.4136956424751));
#10085=CARTESIAN_POINT('Ctrl Pts',(-14.2168446867423,-57.7338059023188,
-10.4033968641859));
#10086=CARTESIAN_POINT('',(-13.7488300878419,-73.0324788775181,-10.4123832035145));
#10087=CARTESIAN_POINT('',(-15.2955276908909,-90.711313322242,-10.382685092418));
#10088=CARTESIAN_POINT('',(-14.1061684125848,-77.1168778987979,-10.4055219581238));
#10089=CARTESIAN_POINT('',(-15.879471120016,-97.3858177888337,-10.3714728057842));
#10090=CARTESIAN_POINT('',(-15.2740553555104,-90.4658868540931,-10.3830973831975));
#10091=CARTESIAN_POINT('',(-16.0581399097389,-99.4280173468486,-10.3680421897639));
#10092=CARTESIAN_POINT('',(-15.6313941413917,-94.5502849225115,-10.3762361271372));
#10093=CARTESIAN_POINT('',(-16.6420838882476,-106.102521765358,-10.3568298925814));
#10094=CARTESIAN_POINT('',(-16.7992810926024,-107.899293877082,-10.3538115520615));
#10095=CARTESIAN_POINT('',(-16.8207531682002,-108.144720824218,-10.3533992671483));
#10096=CARTESIAN_POINT('',(-18.748860055909,-109.535245675725,-10.316377723609));
#10097=CARTESIAN_POINT('Ctrl Pts',(-18.748860055909,-109.535245675725,-10.316377723609));
#10098=CARTESIAN_POINT('Ctrl Pts',(-18.3465845808128,-109.57044021941,-10.3241018073259));
#10099=CARTESIAN_POINT('Ctrl Pts',(-17.37740011147,-109.325201396708,-10.3427110998179));
#10100=CARTESIAN_POINT('Ctrl Pts',(-16.8462123047101,-108.43572008611,-10.3529104267539));
#10101=CARTESIAN_POINT('Ctrl Pts',(-16.7992810926024,-107.899293877082,
-10.3538115520615));
#10102=CARTESIAN_POINT('',(-32.0978690103397,-108.367358722923,-10.0600636575378));
#10103=CARTESIAN_POINT('',(-27.7362185116889,-108.748953695812,-10.1438116254891));
#10104=CARTESIAN_POINT('',(-33.7337705572695,-106.417694702573,-10.0286527431683));
#10105=CARTESIAN_POINT('Ctrl Pts',(-33.7337705572694,-106.417694702573,
-10.0286527431682));
#10106=CARTESIAN_POINT('Ctrl Pts',(-33.76896896635,-106.820014359344,-10.0279768991875));
#10107=CARTESIAN_POINT('Ctrl Pts',(-33.523655539159,-107.789284860294,-10.0326871576194));
#10108=CARTESIAN_POINT('Ctrl Pts',(-32.6342363104679,-108.320432664677,
-10.0497648792485));
#10109=CARTESIAN_POINT('Ctrl Pts',(-32.0978690103397,-108.367358722923,
-10.0600636575378));
#10110=CARTESIAN_POINT('',(-34.3391634091663,-113.337366663581,-10.0170286065779));
#10111=CARTESIAN_POINT('',(5.21594815632855,-100.772558220609,-10.7765255488928));
#10112=CARTESIAN_POINT('',(6.27710605598629,-96.8122623208046,-10.7969008208474));
#10113=CARTESIAN_POINT('',(1.90152532602842,-113.142153228264,-10.7128853790651));
#10114=CARTESIAN_POINT('',(1.74777306641718,-113.715964323561,-10.7099331846236));
#10115=CARTESIAN_POINT('',(1.37094611978062,-115.122301445549,-10.7026977378559));
#10116=CARTESIAN_POINT('',(0.686615166448159,-117.676260223322,-10.6895579125779));
#10117=CARTESIAN_POINT('',(-0.363141163807179,-121.594004230968,-10.6694015610314));
#10118=CARTESIAN_POINT('',(-2.78155998070808,-130.61966631093,-10.6229655475009));
#10119=CARTESIAN_POINT('',(-0.893720240274782,-123.574152483061,-10.6592139223142));
#10120=CARTESIAN_POINT('',(-4.98557658002568,-131.892203186457,-10.5806462668571));
#10121=CARTESIAN_POINT('Ctrl Pts',(-4.98557658002568,-131.892203186457,
-10.5806462668572));
#10122=CARTESIAN_POINT('Ctrl Pts',(-4.59552145925808,-131.99671814107,-10.588135707784));
#10123=CARTESIAN_POINT('Ctrl Pts',(-3.59849758211318,-131.923481963954,
-10.6072795442136));
#10124=CARTESIAN_POINT('Ctrl Pts',(-2.92092671250328,-131.139790034877,
-10.6202895695446));
#10125=CARTESIAN_POINT('Ctrl Pts',(-2.78155998070808,-130.61966631093,-10.622965547501));
#10126=CARTESIAN_POINT('',(-17.9289826523018,-128.424027982092,-10.3321201739823));
#10127=CARTESIAN_POINT('',(-21.7682899202884,-127.395288700143,-10.2584017084313));
#10128=CARTESIAN_POINT('',(-19.2014958763433,-126.219888486058,-10.3076866718627));
#10129=CARTESIAN_POINT('Ctrl Pts',(-19.2014958763433,-126.219888486058,
-10.3076866718626));
#10130=CARTESIAN_POINT('Ctrl Pts',(-19.3408626081384,-126.740012210004,
-10.3050106939063));
#10131=CARTESIAN_POINT('Ctrl Pts',(-19.1458913754377,-127.757546398143,
-10.3087543328229));
#10132=CARTESIAN_POINT('Ctrl Pts',(-18.3190377730691,-128.319513027479,
-10.3246307330555));
#10133=CARTESIAN_POINT('Ctrl Pts',(-17.9289826523018,-128.424027982092,
-10.3321201739823));
#10134=CARTESIAN_POINT('',(-15.7333207253043,-113.276482399486,-10.374279036451));
#10135=CARTESIAN_POINT('',(-19.0475496413335,-125.645353315365,-10.3106425905824));
#10136=CARTESIAN_POINT('',(-14.6721628229865,-109.316186500362,-10.3946543096172));
#10137=CARTESIAN_POINT('',(-17.3134620067218,-119.173650120297,-10.3439387741468));
#10138=CARTESIAN_POINT('',(-11.20398772531,-96.3727803994848,-10.4612466729085));
#10139=CARTESIAN_POINT('',(-16.7828832812771,-117.193502277853,-10.3541264061241));
#10140=CARTESIAN_POINT('',(-10.1428298229968,-92.4124845003983,-10.4816219460746));
#10141=CARTESIAN_POINT('',(-15.0487955067246,-110.721799120296,-10.3874225923756));
#10142=CARTESIAN_POINT('',(-6.67465467199168,-79.4690784138181,-10.5482143106616));
#10143=CARTESIAN_POINT('',(-14.5182169212163,-108.741651240362,-10.397610221666));
#10144=CARTESIAN_POINT('',(-4.47063807267368,-78.1965415382917,-10.5905335913054));
#10145=CARTESIAN_POINT('Ctrl Pts',(-4.47063807267368,-78.1965415382917,
-10.5905335913052));
#10146=CARTESIAN_POINT('Ctrl Pts',(-4.99071156703048,-78.0571882654744,
-10.5805476700695));
#10147=CARTESIAN_POINT('Ctrl Pts',(-6.00819153570878,-78.251948653012,-10.5610110566169));
#10148=CARTESIAN_POINT('Ctrl Pts',(-6.57012962314508,-79.078985620858,-10.5502212941287));
#10149=CARTESIAN_POINT('Ctrl Pts',(-6.67465467199168,-79.4690784138181,
-10.5482143106614));
#10150=CARTESIAN_POINT('',(8.47276799960222,-81.6647167426565,-10.8390596841801));
#10151=CARTESIAN_POINT('',(-14.7839297132787,-75.4331033718926,-10.3925082754184));
#10152=CARTESIAN_POINT('',(9.74528122364372,-83.8688562386906,-10.8634931862998));
#10153=CARTESIAN_POINT('Ctrl Pts',(9.74528122364372,-83.8688562386906,-10.8634931862997));
#10154=CARTESIAN_POINT('Ctrl Pts',(9.84980627249012,-83.4787634457309,-10.865500169767));
#10155=CARTESIAN_POINT('Ctrl Pts',(9.77672368043932,-82.4814770733454,-10.8640969123124));
#10156=CARTESIAN_POINT('Ctrl Pts',(8.99284149395862,-81.8040700154737,-10.8490456054158));
#10157=CARTESIAN_POINT('Ctrl Pts',(8.47276799960222,-81.6647167426565,-10.8390596841801));
#10158=CARTESIAN_POINT('',(3.63561247984122,-106.670450408058,-10.7461815533977));
#10159=CARTESIAN_POINT('Origin',(-86.6048383715145,-70.6161165732693,-9.01347637949574));
#10160=CARTESIAN_POINT('',(-86.6048383715035,-105.616115573269,-9.01347637949596));
#10161=CARTESIAN_POINT('Origin',(-86.6048383715145,-70.6161165732693,-9.01347637949574));
#10162=CARTESIAN_POINT('Origin',(-103.362898922175,-60.571399672174,-7.93500000000002));
#10163=CARTESIAN_POINT('',(-102.862898922175,-60.571399672174,-7.50000000000002));
#10164=CARTESIAN_POINT('',(-90.4628989221745,-60.571399672174,-7.50000000000002));
#10165=CARTESIAN_POINT('',(-100.016069769899,-60.571399672174,-7.50000000000002));
#10166=CARTESIAN_POINT('',(-90.4628989221745,-60.571399672174,-6.80000000000002));
#10167=CARTESIAN_POINT('',(-90.4628989221745,-60.571399672174,-7.50000000000002));
#10168=CARTESIAN_POINT('',(-102.862898922175,-60.571399672174,-6.80000000000002));
#10169=CARTESIAN_POINT('',(-100.806500784691,-60.571399672174,-6.80000000000002));
#10170=CARTESIAN_POINT('',(-102.862898922175,-60.571399672174,-7.93500000000002));
#10171=CARTESIAN_POINT('Origin',(-96.6692406176245,-73.4544999500591,-7.50000000000002));
#10172=CARTESIAN_POINT('',(-89.2935080147255,-91.5661152263601,-7.50000000000002));
#10173=CARTESIAN_POINT('',(-89.2935080147255,-88.8999047736399,-7.50000000000002));
#10174=CARTESIAN_POINT('Origin',(-87.6066972798025,-90.23301,-7.50000000000002));
#10175=CARTESIAN_POINT('',(-89.2935080148125,-92.9674627202591,-7.50000000000002));
#10176=CARTESIAN_POINT('',(-89.2935080147255,-60.3406067896772,-7.50000000000002));
#10177=CARTESIAN_POINT('',(-89.7317772338355,-93.0089977724906,-7.50000000000002));
#10178=CARTESIAN_POINT('Origin',(-89.7317772338355,-90.6759674945083,-7.50000000000002));
#10179=CARTESIAN_POINT('',(-103.606704001414,-93.0089977724906,-7.50000000000002));
#10180=CARTESIAN_POINT('',(-93.6741991904485,-93.0089977724906,-7.50000000000002));
#10181=CARTESIAN_POINT('',(-105.939734279396,-90.6759674945083,-7.50000000000002));
#10182=CARTESIAN_POINT('Origin',(-103.606704001414,-90.6759674945083,-7.50000000000002));
#10183=CARTESIAN_POINT('',(-105.939734279396,-56.23303240561,-7.50000000000002));
#10184=CARTESIAN_POINT('',(-105.939734279396,-82.0652337222837,-7.50000000000002));
#10185=CARTESIAN_POINT('',(-103.606704001414,-53.9000021276276,-7.50000000000002));
#10186=CARTESIAN_POINT('Origin',(-103.606704001414,-56.23303240561,-7.50000000000002));
#10187=CARTESIAN_POINT('',(-89.7530231143215,-53.9000021276277,-7.50000000000002));
#10188=CARTESIAN_POINT('',(-100.611662574237,-53.9000021276276,-7.50000000000002));
#10189=CARTESIAN_POINT('',(-89.7530231142675,-55.2329389686631,-7.50000000000002));
#10190=CARTESIAN_POINT('',(-89.7530231139235,-63.6806800627927,-7.50000000000002));
#10191=CARTESIAN_POINT('',(-89.2935080147255,-56.5613819674745,-7.50000000000002));
#10192=CARTESIAN_POINT('Origin',(-87.6030231142675,-55.2329389685755,-7.50000000000002));
#10193=CARTESIAN_POINT('',(-89.2935080147255,-60.3406067896772,-7.50000000000002));
#10194=CARTESIAN_POINT('',(-102.862898922175,-87.471399672174,-7.50000000000002));
#10195=CARTESIAN_POINT('',(-102.862898922175,-67.5879498111166,-7.50000000000002));
#10196=CARTESIAN_POINT('',(-90.4628989221745,-87.471399672174,-7.50000000000002));
#10197=CARTESIAN_POINT('',(-93.3160697698995,-87.471399672174,-7.50000000000002));
#10198=CARTESIAN_POINT('',(-90.4628989221745,-67.5879498111166,-7.50000000000002));
#10199=CARTESIAN_POINT('Origin',(-89.9628989221745,-87.471399672174,-7.93500000000002));
#10200=CARTESIAN_POINT('',(-102.862898922175,-87.471399672174,-6.80000000000002));
#10201=CARTESIAN_POINT('',(-90.4628989221745,-87.471399672174,-6.80000000000002));
#10202=CARTESIAN_POINT('',(-94.1065007846915,-87.471399672174,-6.80000000000002));
#10203=CARTESIAN_POINT('',(-90.4628989221745,-87.471399672174,-6.80000000000002));
#10204=CARTESIAN_POINT('',(-102.862898922175,-87.471399672174,-7.93500000000002));
#10205=CARTESIAN_POINT('Origin',(-90.4628989221745,-74.021399672174,-7.15000000000002));
#10206=CARTESIAN_POINT('',(-90.4628989221745,-67.0475115144686,-6.80000000000002));
#10207=CARTESIAN_POINT('Origin',(-102.862898922175,-87.821399672174,-7.93500000000002));
#10208=CARTESIAN_POINT('',(-102.862898922175,-67.0475115144686,-6.80000000000002));
#10209=CARTESIAN_POINT('Ctrl Pts',(-53.3431969335882,-52.5399736304576,
-11.9));
#10210=CARTESIAN_POINT('Ctrl Pts',(-53.3170405094388,-52.5544223598411,
-11.1478639825751));
#10211=CARTESIAN_POINT('Ctrl Pts',(-53.2908252579232,-52.5688710716521,
-10.3957300100559));
#10212=CARTESIAN_POINT('Ctrl Pts',(-53.2645493597011,-52.5833197651427,
-9.64359815632348));
#10213=CARTESIAN_POINT('Ctrl Pts',(-52.8946319874964,-52.5398395571183,
-11.915596803673));
#10214=CARTESIAN_POINT('Ctrl Pts',(-52.8673837226183,-52.554317333124,-11.16352279225));
#10215=CARTESIAN_POINT('Ctrl Pts',(-52.8401050153501,-52.5687043126703,
-10.4114484385178));
#10216=CARTESIAN_POINT('Ctrl Pts',(-52.8127122110037,-52.583183334741,-9.65938056951627));
#10217=CARTESIAN_POINT('Ctrl Pts',(-52.1144391139082,-52.2178032329895,
-11.936542536434));
#10218=CARTESIAN_POINT('Ctrl Pts',(-52.0853784237937,-52.23061967525,-11.1845402956617));
#10219=CARTESIAN_POINT('Ctrl Pts',(-52.0562164936451,-52.2434329890867,
-10.4325429872876));
#10220=CARTESIAN_POINT('Ctrl Pts',(-52.0269725880916,-52.2561980696908,
-9.68054907130358));
#10221=CARTESIAN_POINT('Ctrl Pts',(-51.7210921144614,-51.497474415676,-11.9363839411928));
#10222=CARTESIAN_POINT('Ctrl Pts',(-51.692843606121,-51.5073901251007,-11.1843183118439));
#10223=CARTESIAN_POINT('Ctrl Pts',(-51.6645560733828,-51.5172624290937,
-10.432254683895));
#10224=CARTESIAN_POINT('Ctrl Pts',(-51.6361786888826,-51.5270559958786,
-9.68019449303001));
#10225=CARTESIAN_POINT('Ctrl Pts',(-51.6512605711047,-51.168193191615,-11.9324868377932));
#10226=CARTESIAN_POINT('Ctrl Pts',(-51.623930899097,-51.1770934760755,-11.1803733478779));
#10227=CARTESIAN_POINT('Ctrl Pts',(-51.5965566580069,-51.185926431967,-10.4282616290954));
#10228=CARTESIAN_POINT('Ctrl Pts',(-51.5691374640967,-51.1946895478171,
-9.67615172776171));
#10229=CARTESIAN_POINT('Ctrl Pts',(-53.3431969335882,-52.5399736304576,
-11.9));
#10230=CARTESIAN_POINT('Ctrl Pts',(-53.3171568682277,-52.554358083599,-11.1512099153195));
#10231=CARTESIAN_POINT('Ctrl Pts',(-53.2910584977325,-52.5687425193238,
-10.4024218573913));
#10232=CARTESIAN_POINT('Ctrl Pts',(-53.264900026935,-52.5831269368942,-9.65363589911502));
#10233=CARTESIAN_POINT('Ctrl Pts',(-51.5695033903688,-51.1945725935619,
-9.6861891775646));
#10234=CARTESIAN_POINT('Ctrl Pts',(-51.5964054334447,-51.1859740229892,
-10.4241243835663));
#10235=CARTESIAN_POINT('Ctrl Pts',(-51.6232617114827,-51.1773087435455,
-11.1620614356939));
#10236=CARTESIAN_POINT('Ctrl Pts',(-51.6500755681408,-51.1685785418826,
-11.9000000863203));
#10237=CARTESIAN_POINT('Ctrl Pts',(-49.8052496316859,-49.7497939369061,
-9.72006458030138));
#10238=CARTESIAN_POINT('Ctrl Pts',(-49.8194234215112,-49.7356175345418,
-10.4582450875012));
#10239=CARTESIAN_POINT('Ctrl Pts',(-49.8335972113364,-49.7214411321775,
-11.196425594701));
#10240=CARTESIAN_POINT('Ctrl Pts',(-49.8477710011616,-49.7072647298132,
-11.9346061019008));
#10241=CARTESIAN_POINT('Ctrl Pts',(-50.1580358828568,-49.7497939369065,
-9.71329073822814));
#10242=CARTESIAN_POINT('Ctrl Pts',(-50.174984218393,-49.7356116834697,-10.4514179714287));
#10243=CARTESIAN_POINT('Ctrl Pts',(-50.1919434585471,-49.7214469832504,
-11.1895449952499));
#10244=CARTESIAN_POINT('Ctrl Pts',(-50.2088917940834,-49.7072647298136,
-11.9276722284505));
#10245=CARTESIAN_POINT('Ctrl Pts',(-50.9820611982628,-49.9985065106545,
-9.69746864387954));
#10246=CARTESIAN_POINT('Ctrl Pts',(-51.005496085618,-49.9862930012633,-10.4354713289225));
#10247=CARTESIAN_POINT('Ctrl Pts',(-51.028950078215,-49.9740659764106,-11.1734736471261));
#10248=CARTESIAN_POINT('Ctrl Pts',(-51.0523849655702,-49.9618524670194,
-11.911476332169));
#10249=CARTESIAN_POINT('Ctrl Pts',(-51.4767414478119,-50.7333767892525,
-9.68797029785252));
#10250=CARTESIAN_POINT('Ctrl Pts',(-51.5041042803778,-50.7269329188807,
-10.4258975624945));
#10251=CARTESIAN_POINT('Ctrl Pts',(-51.531393785252,-50.720532740674,-11.1638262351));
#10252=CARTESIAN_POINT('Ctrl Pts',(-51.558756617818,-50.7140888703022,-11.901753499742));
#10253=CARTESIAN_POINT('Ctrl Pts',(-51.5695033903688,-51.1945725935619,
-9.68618917756452));
#10254=CARTESIAN_POINT('Ctrl Pts',(-51.5975725877047,-51.1917767307334,
-10.42410287931));
#10255=CARTESIAN_POINT('Ctrl Pts',(-51.6256417850407,-51.1889808679049,
-11.1620165810555));
#10256=CARTESIAN_POINT('Ctrl Pts',(-51.6537109823766,-51.1861850050764,
-11.899930282801));
#10257=CARTESIAN_POINT('',(-49.8052496316859,-49.7497939369061,-9.72006458030147));
#10258=CARTESIAN_POINT('Ctrl Pts',(-70.8548786300264,-55.3668526542888,
-11.9));
#10259=CARTESIAN_POINT('Ctrl Pts',(-70.8248471587802,-55.3834530480033,
-11.0358576066102));
#10260=CARTESIAN_POINT('Ctrl Pts',(-70.7947383853232,-55.4000534186642,
-10.1717178983744));
#10261=CARTESIAN_POINT('Ctrl Pts',(-70.7645495607997,-55.4166537651412,
-9.30758098693905));
#10262=CARTESIAN_POINT('Ctrl Pts',(-70.4067946736673,-55.3667189248026,
-11.9155696567974));
#10263=CARTESIAN_POINT('Ctrl Pts',(-70.3755129615088,-55.383352478569,-11.0514981743695));
#10264=CARTESIAN_POINT('Ctrl Pts',(-70.3441843741234,-55.3998821431476,
-10.1874268038121));
#10265=CARTESIAN_POINT('Ctrl Pts',(-70.3127123170152,-55.4165173346706,
-9.32336340554912));
#10266=CARTESIAN_POINT('Ctrl Pts',(-69.6274268839863,-55.0453966351285,
-11.9364822806733));
#10267=CARTESIAN_POINT('Ctrl Pts',(-69.5940693300583,-55.0601302129641,
-11.0724928939448));
#10268=CARTESIAN_POINT('Ctrl Pts',(-69.5605810341441,-55.0748558002714,
-10.2085098137125));
#10269=CARTESIAN_POINT('Ctrl Pts',(-69.5269822152386,-55.089521814591,-9.34453138135654));
#10270=CARTESIAN_POINT('Ctrl Pts',(-69.2337043495265,-54.3263718430379,
-11.9363526403877));
#10271=CARTESIAN_POINT('Ctrl Pts',(-69.2012709424652,-54.3377845836238,
-11.0722909030457));
#10272=CARTESIAN_POINT('Ctrl Pts',(-69.1687819663682,-54.3491376040138,
-10.2082319065542));
#10273=CARTESIAN_POINT('Ctrl Pts',(-69.1361787095424,-54.3603895950547,
-9.34417732980382));
#10274=CARTESIAN_POINT('Ctrl Pts',(-69.1634672581783,-53.997546031164,-11.932476757458));
#10275=CARTESIAN_POINT('Ctrl Pts',(-69.1320829769512,-54.0077946952068,
-11.0683603393468));
#10276=CARTESIAN_POINT('Ctrl Pts',(-69.1006399412636,-54.0179549690865,
-10.2042462502546));
#10277=CARTESIAN_POINT('Ctrl Pts',(-69.069137566634,-54.0280230576723,-9.34013456026976));
#10278=CARTESIAN_POINT('Ctrl Pts',(-70.8548786300264,-55.3668526542888,
-11.9));
#10279=CARTESIAN_POINT('Ctrl Pts',(-70.8249634398021,-55.3833887717403,
-11.0392035419372));
#10280=CARTESIAN_POINT('Ctrl Pts',(-70.794971544832,-55.3999248663163,-10.178409748275));
#10281=CARTESIAN_POINT('Ctrl Pts',(-70.7649002280677,-55.4164609368997,
-9.31761872936788));
#10282=CARTESIAN_POINT('Ctrl Pts',(-69.069503492922,-54.0279061034482,-9.35017200971021));
#10283=CARTESIAN_POINT('Ctrl Pts',(-69.1004887799048,-54.0180024283625,
-10.20011237457));
#10284=CARTESIAN_POINT('Ctrl Pts',(-69.1314133580693,-54.0080102627097,
-11.0500551884143));
#10285=CARTESIAN_POINT('Ctrl Pts',(-69.162281740312,-53.9979324435627,-11.9000001142532));
#10286=CARTESIAN_POINT('Origin',(-84.8052496316845,-55.4164609369171,-9.04803024853098));
#10287=CARTESIAN_POINT('Ctrl Pts',(-50.4535094644675,-101.791817026549,
-11.9324875260493));
#10288=CARTESIAN_POINT('Ctrl Pts',(-50.4508028061981,-101.777515460589,
-11.187567032889));
#10289=CARTESIAN_POINT('Ctrl Pts',(-50.4481538353561,-101.763213911851,
-10.4426463291739));
#10290=CARTESIAN_POINT('Ctrl Pts',(-50.4455643181589,-101.748912381063,
-9.69772541892627));
#10291=CARTESIAN_POINT('Ctrl Pts',(-50.9023755168286,-101.791951123477,
-11.9308540029824));
#10292=CARTESIAN_POINT('Ctrl Pts',(-50.900751386559,-101.777620794183,-11.1859533624885));
#10293=CARTESIAN_POINT('Ctrl Pts',(-50.8991566480227,-101.76338036193,-10.4410512237372));
#10294=CARTESIAN_POINT('Ctrl Pts',(-50.8976742773961,-101.749048811464,
-9.69615116095886));
#10295=CARTESIAN_POINT('Ctrl Pts',(-51.682834178557,-102.114057280556,-11.9218341714647));
#10296=CARTESIAN_POINT('Ctrl Pts',(-51.6830058020813,-102.101371882068,
-11.1769356586026));
#10297=CARTESIAN_POINT('Ctrl Pts',(-51.6832762184036,-102.088689792434,
-10.4320381624404));
#10298=CARTESIAN_POINT('Ctrl Pts',(-51.6836275546252,-102.076054726614,
-9.68714090953672));
#10299=CARTESIAN_POINT('Ctrl Pts',(-52.0758790719272,-102.834454606971,
-11.9065752972672));
#10300=CARTESIAN_POINT('Ctrl Pts',(-52.075244437336,-102.824641097879,-11.16164494019));
#10301=CARTESIAN_POINT('Ctrl Pts',(-52.0746478420995,-102.814869967858,
-10.4167150780019));
#10302=CARTESIAN_POINT('Ctrl Pts',(-52.0741395969081,-102.805176150422,
-9.67178519863828));
#10303=CARTESIAN_POINT('Ctrl Pts',(-52.1454816717937,-103.163767022372,
-11.9));
#10304=CARTESIAN_POINT('Ctrl Pts',(-52.1439360238069,-103.154958747006,
-11.1550572143034));
#10305=CARTESIAN_POINT('Ctrl Pts',(-52.1424340799808,-103.146216460345,
-10.4101144865446));
#10306=CARTESIAN_POINT('Ctrl Pts',(-52.1409762137867,-103.137542598504,
-9.66517184748758));
#10307=CARTESIAN_POINT('Ctrl Pts',(-50.4533914580727,-101.791193305641,
-11.9000000000003));
#10308=CARTESIAN_POINT('Ctrl Pts',(-50.4507379578398,-101.777163923484,
-11.1692566145507));
#10309=CARTESIAN_POINT('Ctrl Pts',(-50.4481399948561,-101.76313455791,-10.4385130265408));
#10310=CARTESIAN_POINT('Ctrl Pts',(-50.4455992364034,-101.749105209606,
-9.70776923976742));
#10311=CARTESIAN_POINT('Ctrl Pts',(-52.1409958729697,-103.137659552938,
-9.67521596131751));
#10312=CARTESIAN_POINT('Ctrl Pts',(-52.1424475814062,-103.146295043587,
-10.4168105632261));
#10313=CARTESIAN_POINT('Ctrl Pts',(-52.1439429705003,-103.154998334538,
-11.158405252904));
#10314=CARTESIAN_POINT('Ctrl Pts',(-52.1454816717937,-103.163767022372,
-11.9));
#10315=CARTESIAN_POINT('Ctrl Pts',(-53.9052496316525,-104.582438209594,
-9.6413405585806));
#10316=CARTESIAN_POINT('Ctrl Pts',(-53.9197057905897,-104.596897033118,
-10.3942270390538));
#10317=CARTESIAN_POINT('Ctrl Pts',(-53.9341619495269,-104.611355856641,
-11.1471135195269));
#10318=CARTESIAN_POINT('Ctrl Pts',(-53.9486181084642,-104.625814680164,
-11.9000000000001));
#10319=CARTESIAN_POINT('Ctrl Pts',(-53.5524633804816,-104.582438209594,
-9.64811440065384));
#10320=CARTESIAN_POINT('Ctrl Pts',(-53.5640897194291,-104.596903000754,
-10.4010552164466));
#10321=CARTESIAN_POINT('Ctrl Pts',(-53.5757049365179,-104.611349889003,
-11.1539962457899));
#10322=CARTESIAN_POINT('Ctrl Pts',(-53.5873312754654,-104.625814680163,
-11.9069370615827));
#10323=CARTESIAN_POINT('Ctrl Pts',(-52.7284705173026,-104.333678984372,
-9.66393587188785));
#10324=CARTESIAN_POINT('Ctrl Pts',(-52.7334810798624,-104.346135810325,
-10.4170037170767));
#10325=CARTESIAN_POINT('Ctrl Pts',(-52.7384729366804,-104.358605296328,
-11.1700719214342));
#10326=CARTESIAN_POINT('Ctrl Pts',(-52.7434834992403,-104.371062122281,
-11.923139766623));
#10327=CARTESIAN_POINT('Ctrl Pts',(-52.2337578155265,-103.598855357248,
-9.67343484102946));
#10328=CARTESIAN_POINT('Ctrl Pts',(-52.234762180664,-103.605427601892,-10.4265796091385));
#10329=CARTESIAN_POINT('Ctrl Pts',(-52.2358413343216,-103.611955283939,
-11.1797229412347));
#10330=CARTESIAN_POINT('Ctrl Pts',(-52.2368456994591,-103.618527528583,
-11.9328677093437));
#10331=CARTESIAN_POINT('Ctrl Pts',(-52.1409958729696,-103.137659552938,
-9.67521596131746));
#10332=CARTESIAN_POINT('Ctrl Pts',(-52.1412798011944,-103.140511114723,
-10.4283745625219));
#10333=CARTESIAN_POINT('Ctrl Pts',(-52.1415637294192,-103.143362676509,
-11.1815331637264));
#10334=CARTESIAN_POINT('Ctrl Pts',(-52.141847657644,-103.146214238294,-11.9346917649309));
#10335=CARTESIAN_POINT('',(-53.9052496316525,-104.582438209594,-9.64134055858043));
#10336=CARTESIAN_POINT('Ctrl Pts',(-67.9547342486217,-104.631600954824,
-11.9324774525462));
#10337=CARTESIAN_POINT('Ctrl Pts',(-67.9516007180622,-104.615149073957,
-11.0755546669722));
#10338=CARTESIAN_POINT('Ctrl Pts',(-67.9485431817113,-104.598697215741,
-10.2186316021155));
#10339=CARTESIAN_POINT('Ctrl Pts',(-67.9455643181962,-104.582245381279,
-9.36170826404351));
#10340=CARTESIAN_POINT('Ctrl Pts',(-68.4031187224833,-104.631734707923,
-11.9308352661497));
#10341=CARTESIAN_POINT('Ctrl Pts',(-68.4012263186268,-104.615249949242,
-11.0739351520968));
#10342=CARTESIAN_POINT('Ctrl Pts',(-68.3993795295706,-104.598868179423,
-10.2170333621616));
#10343=CARTESIAN_POINT('Ctrl Pts',(-68.3976742774173,-104.582381811681,
-9.3601340060758));
#10344=CARTESIAN_POINT('Ctrl Pts',(-69.1827558248179,-104.953122711082,
-11.9218140871642));
#10345=CARTESIAN_POINT('Ctrl Pts',(-69.1829227410783,-104.938521526745,
-11.0649163079842));
#10346=CARTESIAN_POINT('Ctrl Pts',(-69.1832177715175,-104.923928397769,
-10.2080197853776));
#10347=CARTESIAN_POINT('Ctrl Pts',(-69.1836219328223,-104.909393589267,
-9.35112366164451));
#10348=CARTESIAN_POINT('Ctrl Pts',(-69.5761731597592,-105.672220459792,
-11.9065696614645));
#10349=CARTESIAN_POINT('Ctrl Pts',(-69.5754215080064,-105.660911211897,
-11.0496353813749));
#10350=CARTESIAN_POINT('Ctrl Pts',(-69.5747242592065,-105.649660479902,
-10.1927016994932));
#10351=CARTESIAN_POINT('Ctrl Pts',(-69.5741395969149,-105.63850915057,-9.33576804375565));
#10352=CARTESIAN_POINT('Ctrl Pts',(-69.6461818211303,-106.001077589646,
-11.9));
#10353=CARTESIAN_POINT('Ctrl Pts',(-69.6443886699327,-105.990922179201,
-11.0430514778275));
#10354=CARTESIAN_POINT('Ctrl Pts',(-69.642653277169,-105.980853617164,-10.1861030265171));
#10355=CARTESIAN_POINT('Ctrl Pts',(-69.6409762138073,-105.970875598638,
-9.32915469260514));
#10356=CARTESIAN_POINT('Ctrl Pts',(-67.9546155239171,-104.630977427036,
-11.9000000000004));
#10357=CARTESIAN_POINT('Ctrl Pts',(-67.9515357116498,-104.614797665624,
-11.0572509594167));
#10358=CARTESIAN_POINT('Ctrl Pts',(-67.9485294331789,-104.598617926132,
-10.2145016487869));
#10359=CARTESIAN_POINT('Ctrl Pts',(-67.9455992364023,-104.582438209611,
-9.37175207388219));
#10360=CARTESIAN_POINT('Ctrl Pts',(-69.6409958729689,-105.970992552943,
-9.33919879543218));
#10361=CARTESIAN_POINT('Ctrl Pts',(-69.642666838155,-105.980932292756,-10.1927990959832));
#10362=CARTESIAN_POINT('Ctrl Pts',(-69.6443956756428,-105.990961855645,
-11.0463995128369));
#10363=CARTESIAN_POINT('Ctrl Pts',(-69.6461818211303,-106.001077589646,
-11.9));
#10364=CARTESIAN_POINT('Origin',(-53.9052496316525,-104.582438209594,-9.64134055858043));
#10365=CARTESIAN_POINT('Origin',(6.27710609361592,-96.8122623308926,-10.7969008218435));
#10366=CARTESIAN_POINT('',(5.21594822364882,-100.772558238652,-10.7765255498421));
#10367=CARTESIAN_POINT('',(6.27710601928142,-96.8122623109673,-10.7969008204162));
#10368=CARTESIAN_POINT('Origin',(-11.2039877791035,-96.372780385067,-10.4612466721472));
#10369=CARTESIAN_POINT('',(-10.1428298763534,-92.4124844860948,-10.481621944778));
#10370=CARTESIAN_POINT('',(-11.2039876719864,-96.3727804137795,-10.4612466742038));
#10371=CARTESIAN_POINT('Origin',(1.74777311394462,-113.715964336302,-10.7099331857761));
#10372=CARTESIAN_POINT('',(0.686615223654519,-117.676260238654,-10.6895579133845));
#10373=CARTESIAN_POINT('',(1.74777301928662,-113.715964310929,-10.7099331839585));
#10374=CARTESIAN_POINT('Origin',(-15.7333207790978,-113.276482385068,-10.3742790356895));
#10375=CARTESIAN_POINT('',(-14.6721628763482,-109.316186486057,-10.3946543083203));
#10376=CARTESIAN_POINT('',(-15.7333206719805,-113.276482413781,-10.3742790377462));
#10377=CARTESIAN_POINT('Origin',(-15.2740556191655,-90.4658868310163,-10.383097377257));
#10378=CARTESIAN_POINT('',(-15.6313941398017,-94.5502849226506,-10.3762361271446));
#10379=CARTESIAN_POINT('',(-15.2740550926079,-90.4658868771011,-10.3830973873675));
#10380=CARTESIAN_POINT('Origin',(-32.5658836098846,-93.068685747668,-10.0510773181475));
#10381=CARTESIAN_POINT('',(-32.208544557275,-88.9842877025924,-10.0579385784742));
#10382=CARTESIAN_POINT('',(-32.565883604469,-93.068685748142,-10.0510773182513));
#10383=CARTESIAN_POINT('Origin',(-13.7488300827024,-73.0324788779681,-10.4123832036626));
#10384=CARTESIAN_POINT('',(-14.1061681398072,-77.1168779226701,-10.4055219624505));
#10385=CARTESIAN_POINT('',(-13.7488300926133,-73.0324788771006,-10.4123832034724));
#10386=CARTESIAN_POINT('Origin',(-31.0406581510595,-75.6352787003239,-10.0803631430623));
#10387=CARTESIAN_POINT('',(-30.6833195572804,-71.550879702592,-10.0872243945791));
#10388=CARTESIAN_POINT('',(-31.0406576044744,-75.6352787481615,-10.0803631535572));
#10389=CARTESIAN_POINT('Origin',(-91.4769551193065,-130.667150055716,-9.00000000000002));
#10390=CARTESIAN_POINT('',(-91.4769551193065,-130.667150055716,-9.00000000000002));
#10391=CARTESIAN_POINT('',(-91.4769551193065,-130.667150055716,-9.00000000000002));
#10392=CARTESIAN_POINT('',(-97.1400398266445,-118.522625709431,-9.00000000000002));
#10393=CARTESIAN_POINT('',(-94.8173499276745,-123.503650271957,-9.00000000000002));
#10394=CARTESIAN_POINT('',(-97.1400398266445,-118.522625709431,-9.00000000000002));
#10395=CARTESIAN_POINT('Origin',(-93.1079970365135,-131.427717392484,-9.00000000000002));
#10396=CARTESIAN_POINT('',(-92.3474296997455,-133.058759309691,-9.00000000000002));
#10397=CARTESIAN_POINT('',(-92.3474296997455,-133.058759309691,-9.00000000000002));
#10398=CARTESIAN_POINT('Origin',(-93.1079970365135,-131.427717392484,-9.00000000000002));
#10399=CARTESIAN_POINT('Origin',(-104.491954046032,-138.721844017029,-9.00000000000002));
#10400=CARTESIAN_POINT('',(-104.491954046032,-138.721844017029,-9.00000000000002));
#10401=CARTESIAN_POINT('',(-104.491954046032,-138.721844017029,-9.00000000000002));
#10402=CARTESIAN_POINT('',(-74.2844508854805,-124.635853959486,-9.00000000000002));
#10403=CARTESIAN_POINT('Origin',(-105.252521382799,-137.090802099823,-9.00000000000002));
#10404=CARTESIAN_POINT('',(-106.883563300005,-137.85136943659,-9.00000000000002));
#10405=CARTESIAN_POINT('',(-106.883563300005,-137.85136943659,-9.00000000000002));
#10406=CARTESIAN_POINT('Origin',(-105.252521382799,-137.090802099823,-9.00000000000002));
#10407=CARTESIAN_POINT('Origin',(-112.546648007344,-125.706845090305,-9.00000000000002));
#10408=CARTESIAN_POINT('',(-112.546648007344,-125.706845090305,-9.00000000000002));
#10409=CARTESIAN_POINT('',(-112.546648007344,-125.706845090305,-9.00000000000002));
#10410=CARTESIAN_POINT('',(-113.055500462042,-124.61560747969,-9.00000000000002));
#10411=CARTESIAN_POINT('Origin',(-110.915606090136,-124.946277753538,-9.00000000000002));
#10412=CARTESIAN_POINT('',(-111.676173426904,-123.315235836331,-9.00000000000002));
#10413=CARTESIAN_POINT('',(-111.676173426904,-123.315235836331,-9.00000000000002));
#10414=CARTESIAN_POINT('Origin',(-110.915606090136,-124.946277753538,-9.00000000000002));
#10415=CARTESIAN_POINT('Origin',(-99.5316490806195,-117.652151128992,-9.00000000000002));
#10416=CARTESIAN_POINT('',(-99.5316490806195,-117.652151128992,-9.00000000000002));
#10417=CARTESIAN_POINT('',(-99.5316490806195,-117.652151128992,-9.00000000000002));
#10418=CARTESIAN_POINT('',(-75.3964080932115,-106.397703425116,-9.00000000000002));
#10419=CARTESIAN_POINT('Origin',(-98.7710817438515,-119.283193046199,-9.00000000000002));
#10420=CARTESIAN_POINT('Origin',(-98.7710817438515,-119.283193046199,-9.00000000000002));
#10421=CARTESIAN_POINT('Origin',(-14.6721628763482,-109.316186486057,-10.3946543083203));
#10422=CARTESIAN_POINT('Origin',(5.21594822364882,-100.772558238652,-10.7765255498421));
#10423=CARTESIAN_POINT('Origin',(-14.1061681398072,-77.1168779226701,-10.4055219624505));
#10424=CARTESIAN_POINT('Origin',(-32.208544557275,-88.9842877025924,-10.0579385784742));
#10425=CARTESIAN_POINT('Origin',(-27.5658536411732,-56.5659189495169,-10.1470827981147));
#10426=CARTESIAN_POINT('',(-14.2168446867423,-57.7338059023188,-10.4033968641859));
#10427=CARTESIAN_POINT('',(-27.5658536411732,-56.5659189495169,-10.1470827981147));
#10428=CARTESIAN_POINT('Ctrl Pts',(-12.5809431398126,-59.6834699226697,
-10.4348077785554));
#10429=CARTESIAN_POINT('Ctrl Pts',(-12.5809796020363,-59.6843050454783,
-10.9338426795007));
#10430=CARTESIAN_POINT('Ctrl Pts',(-12.58101606426,-59.6851401682869,-11.4328775804459));
#10431=CARTESIAN_POINT('Ctrl Pts',(-12.5810525264837,-59.6859752910955,
-11.9319124813912));
#10432=CARTESIAN_POINT('Ctrl Pts',(-12.545744730732,-59.2811502658985,-10.4354836225361));
#10433=CARTESIAN_POINT('Ctrl Pts',(-12.5455868538121,-59.2798493383956,
-10.9345222549836));
#10434=CARTESIAN_POINT('Ctrl Pts',(-12.5454497925374,-59.2785305660128,
-11.4335604877502));
#10435=CARTESIAN_POINT('Ctrl Pts',(-12.5452919156174,-59.2772296385099,
-11.9325991201977));
#10436=CARTESIAN_POINT('Ctrl Pts',(-12.7908903818953,-58.3117106866,-10.4307765855685));
#10437=CARTESIAN_POINT('Ctrl Pts',(-12.7920518977264,-58.3052518780686,
-10.929789884381));
#10438=CARTESIAN_POINT('Ctrl Pts',(-12.7931924168885,-58.29876456527,-11.42880358635));
#10439=CARTESIAN_POINT('Ctrl Pts',(-12.7943539327195,-58.2923057567386,
-11.9278168851625));
#10440=CARTESIAN_POINT('Ctrl Pts',(-13.680477386614,-57.7807319605653,-10.4136956424751));
#10441=CARTESIAN_POINT('Ctrl Pts',(-13.6863513890104,-57.771408009888,-10.912618456923));
#10442=CARTESIAN_POINT('Ctrl Pts',(-13.692271388433,-57.7621738106109,-11.4115403881829));
#10443=CARTESIAN_POINT('Ctrl Pts',(-13.6981453908294,-57.7528498599336,
-11.9104632026307));
#10444=CARTESIAN_POINT('Ctrl Pts',(-14.2168446867423,-57.7338059023188,
-10.4033968641859));
#10445=CARTESIAN_POINT('Ctrl Pts',(-14.2255884649112,-57.7242621373341,
-10.9022645761239));
#10446=CARTESIAN_POINT('Ctrl Pts',(-14.2343322430801,-57.7147183723493,
-11.401132288062));
#10447=CARTESIAN_POINT('Ctrl Pts',(-14.243076021249,-57.7051746073646,-11.9));
#10448=CARTESIAN_POINT('',(-12.5809431398126,-59.6834699226697,-10.4348077785554));
#10449=CARTESIAN_POINT('Origin',(-12.5809431398126,-59.6834699226697,-10.4348077785554));
#10450=CARTESIAN_POINT('Origin',(-30.6833195572804,-71.550879702592,-10.0872243945791));
#10451=CARTESIAN_POINT('',(-29.5154326044799,-58.201870748161,-10.1096489696621));
#10452=CARTESIAN_POINT('Ctrl Pts',(-27.5658536411732,-56.5659189495169,
-10.1470827981146));
#10453=CARTESIAN_POINT('Ctrl Pts',(-27.57631779601,-56.5544974069528,-10.7441049183001));
#10454=CARTESIAN_POINT('Ctrl Pts',(-27.5867819508469,-56.5430758643887,
-11.3411270384855));
#10455=CARTESIAN_POINT('Ctrl Pts',(-27.5972461056837,-56.5316543218246,
-11.9381491586709));
#10456=CARTESIAN_POINT('Ctrl Pts',(-28.1022209413016,-56.5189928912703,
-10.1367840198253));
#10457=CARTESIAN_POINT('Ctrl Pts',(-28.1161130382804,-56.5072340831153,
-10.7337403201591));
#10458=CARTESIAN_POINT('Ctrl Pts',(-28.1299695118822,-56.4955904701448,
-11.3306973044967));
#10459=CARTESIAN_POINT('Ctrl Pts',(-28.1438616088609,-56.4838316619898,
-11.9276536048306));
#10460=CARTESIAN_POINT('Ctrl Pts',(-29.0704336221045,-56.8874858561103,
-10.1181933866266));
#10461=CARTESIAN_POINT('Ctrl Pts',(-29.090474466649,-56.8781242975694,-10.7150316249758));
#10462=CARTESIAN_POINT('Ctrl Pts',(-29.1105333380108,-56.8687259797872,
-11.3118695171924));
#10463=CARTESIAN_POINT('Ctrl Pts',(-29.1305741825553,-56.8593644212463,
-11.9087077555416));
#10464=CARTESIAN_POINT('Ctrl Pts',(-29.4802341953993,-57.7995510913897,
-10.1103248136428));
#10465=CARTESIAN_POINT('Ctrl Pts',(-29.5029017648714,-57.7959937498738,
-10.7071126162968));
#10466=CARTESIAN_POINT('Ctrl Pts',(-29.5255411518815,-57.792419783616,-11.3039009600817));
#10467=CARTESIAN_POINT('Ctrl Pts',(-29.5482087213536,-57.7888624421001,
-11.9006887627358));
#10468=CARTESIAN_POINT('Ctrl Pts',(-29.5154326044799,-58.201870748161,-10.1096489696621));
#10469=CARTESIAN_POINT('Ctrl Pts',(-29.5383150522815,-58.2008713112805,
-10.7064326464414));
#10470=CARTESIAN_POINT('Ctrl Pts',(-29.561197500083,-58.1998718744,-11.3032163232207));
#10471=CARTESIAN_POINT('Ctrl Pts',(-29.5840799478845,-58.1988724375195,
-11.9));
#10472=CARTESIAN_POINT('Origin',(-19.2014958763433,-126.219888486058,-10.3076866718627));
#10473=CARTESIAN_POINT('',(-19.2014958763433,-126.219888486058,-10.3076866718627));
#10474=CARTESIAN_POINT('Origin',(0.686615223654519,-117.676260238654,-10.6895579133845));
#10475=CARTESIAN_POINT('',(-2.78155998070808,-130.61966631093,-10.622965547501));
#10476=CARTESIAN_POINT('Ctrl Pts',(-4.98557658002568,-131.892203186457,
-10.5806462668572));
#10477=CARTESIAN_POINT('Ctrl Pts',(-4.99620705814528,-131.900362131888,
-11.0204308445715));
#10478=CARTESIAN_POINT('Ctrl Pts',(-5.00683753626498,-131.90852107732,-11.4602154222858));
#10479=CARTESIAN_POINT('Ctrl Pts',(-5.01746801438458,-131.916680022751,
-11.9000000000001));
#10480=CARTESIAN_POINT('Ctrl Pts',(-4.59552145925808,-131.99671814107,-10.588135707784));
#10481=CARTESIAN_POINT('Ctrl Pts',(-4.60432791957818,-132.005372474996,
-11.0279553084292));
#10482=CARTESIAN_POINT('Ctrl Pts',(-4.61311573277288,-132.014011872209,
-11.4677752671176));
#10483=CARTESIAN_POINT('Ctrl Pts',(-4.62192219309298,-132.022666206135,
-11.9075948677628));
#10484=CARTESIAN_POINT('Ctrl Pts',(-3.59849758211318,-131.923481963954,
-10.6072795442136));
#10485=CARTESIAN_POINT('Ctrl Pts',(-3.60262645315188,-131.931781145275,
-11.0471889591613));
#10486=CARTESIAN_POINT('Ctrl Pts',(-3.60673570653278,-131.940100449919,
-11.4870987507873));
#10487=CARTESIAN_POINT('Ctrl Pts',(-3.61086457757148,-131.948399631239,
-11.9270081657351));
#10488=CARTESIAN_POINT('Ctrl Pts',(-2.92092671250328,-131.139790034877,
-10.6202895695446));
#10489=CARTESIAN_POINT('Ctrl Pts',(-2.92184521065598,-131.144436151088,
-11.0602606268008));
#10490=CARTESIAN_POINT('Ctrl Pts',(-2.92283437394148,-131.149027954508,
-11.5002303272172));
#10491=CARTESIAN_POINT('Ctrl Pts',(-2.92375287209418,-131.15367407072,-11.9402013844734));
#10492=CARTESIAN_POINT('Ctrl Pts',(-2.78155998070808,-130.61966631093,-10.622965547501));
#10493=CARTESIAN_POINT('Ctrl Pts',(-2.78184784127378,-130.62185284274,-11.0629487136175));
#10494=CARTESIAN_POINT('Ctrl Pts',(-2.78213570183958,-130.62403937455,-11.502931879734));
#10495=CARTESIAN_POINT('Ctrl Pts',(-2.78242356240528,-130.626225906359,
-11.9429150458505));
#10496=CARTESIAN_POINT('',(-4.98557658002568,-131.892203186457,-10.5806462668571));
#10497=CARTESIAN_POINT('Origin',(-4.98557658002568,-131.892203186457,-10.5806462668571));
#10498=CARTESIAN_POINT('',(-17.9289826523018,-128.424027982092,-10.3321201739823));
#10499=CARTESIAN_POINT('Ctrl Pts',(-19.2014958763433,-126.219888486058,
-10.3076866718626));
#10500=CARTESIAN_POINT('Ctrl Pts',(-19.2215543430889,-126.217246781822,
-10.8388830917607));
#10501=CARTESIAN_POINT('Ctrl Pts',(-19.2416128098345,-126.214605077585,
-11.3700795116587));
#10502=CARTESIAN_POINT('Ctrl Pts',(-19.26167127658,-126.211963373349,-11.9012759315567));
#10503=CARTESIAN_POINT('Ctrl Pts',(-19.3408626081384,-126.740012210004,
-10.3050106939063));
#10504=CARTESIAN_POINT('Ctrl Pts',(-19.3617471440305,-126.740324869553,
-10.8361912524664));
#10505=CARTESIAN_POINT('Ctrl Pts',(-19.3825246021017,-126.740623613954,
-11.3673738670257));
#10506=CARTESIAN_POINT('Ctrl Pts',(-19.4034091379938,-126.740936273503,
-11.8985544255858));
#10507=CARTESIAN_POINT('Ctrl Pts',(-19.1458913754377,-127.757546398143,
-10.3087543328229));
#10508=CARTESIAN_POINT('Ctrl Pts',(-19.1656234172561,-127.763622431538,
-10.8399570203997));
#10509=CARTESIAN_POINT('Ctrl Pts',(-19.1853878713759,-127.769707465557,
-11.3711590856285));
#10510=CARTESIAN_POINT('Ctrl Pts',(-19.2051199131943,-127.775783498951,
-11.9023617732053));
#10511=CARTESIAN_POINT('Ctrl Pts',(-18.3190377730691,-128.319513027479,
-10.3246307330555));
#10512=CARTESIAN_POINT('Ctrl Pts',(-18.3340888876916,-128.328786955339,
-10.855923299026));
#10513=CARTESIAN_POINT('Ctrl Pts',(-18.3491506682464,-128.338033806553,
-11.3872156602002));
#10514=CARTESIAN_POINT('Ctrl Pts',(-18.3642017828689,-128.347307734412,
-11.9185082261707));
#10515=CARTESIAN_POINT('Ctrl Pts',(-17.9289826523018,-128.424027982092,
-10.3321201739823));
#10516=CARTESIAN_POINT('Ctrl Pts',(-17.9418260872602,-128.433885383029,
-10.8634551295679));
#10517=CARTESIAN_POINT('Ctrl Pts',(-17.9546695222185,-128.443742783966,
-11.3947900851535));
#10518=CARTESIAN_POINT('Ctrl Pts',(-17.9675129571769,-128.453600184903,
-11.9261250407391));
#10519=CARTESIAN_POINT('Ctrl Pts',(-67.3052496316851,-52.5831269369116,
-9.38404741441613));
#10520=CARTESIAN_POINT('Ctrl Pts',(-67.3215747483197,-52.5667988112015,
-10.2342704687966));
#10521=CARTESIAN_POINT('Ctrl Pts',(-67.3378998649541,-52.5504706854913,
-11.0844935231771));
#10522=CARTESIAN_POINT('Ctrl Pts',(-67.3542249815886,-52.5341425597812,
-11.9347165775575));
#10523=CARTESIAN_POINT('Ctrl Pts',(-67.6580359571469,-52.583126936912,-9.37727357091643));
#10524=CARTESIAN_POINT('Ctrl Pts',(-67.6775567463851,-52.5667920720347,
-10.2274352652483));
#10525=CARTESIAN_POINT('Ctrl Pts',(-67.6970900953781,-52.550477424659,-11.0775967184205));
#10526=CARTESIAN_POINT('Ctrl Pts',(-67.7166108846163,-52.5341425597817,
-11.9277584127523));
#10527=CARTESIAN_POINT('Ctrl Pts',(-68.4820470110545,-52.8318603704087,
-9.36145175040259));
#10528=CARTESIAN_POINT('Ctrl Pts',(-68.5090388957894,-52.8177930705643,
-10.2114699923724));
#10529=CARTESIAN_POINT('Ctrl Pts',(-68.5360523937431,-52.8037107688023,
-11.0614878193472));
#10530=CARTESIAN_POINT('Ctrl Pts',(-68.5630442784779,-52.7896434689579,
-11.9115060613171));
#10531=CARTESIAN_POINT('Ctrl Pts',(-68.9767416641089,-53.566710175206,-9.35195312781415));
#10532=CARTESIAN_POINT('Ctrl Pts',(-69.008257685357,-53.5592882445034,-10.2018845019252));
#10533=CARTESIAN_POINT('Ctrl Pts',(-69.0396892490038,-53.5519166376763,
-11.051817497705));
#10534=CARTESIAN_POINT('Ctrl Pts',(-69.0712052702519,-53.5444947069737,
-11.901748871816));
#10535=CARTESIAN_POINT('Ctrl Pts',(-69.069503492922,-54.0279061034482,-9.35017200971014));
#10536=CARTESIAN_POINT('Ctrl Pts',(-69.10183309137,-54.0246858834679,-10.2000877623409));
#10537=CARTESIAN_POINT('Ctrl Pts',(-69.1341626898179,-54.0214656634876,
-11.0500035149716));
#10538=CARTESIAN_POINT('Ctrl Pts',(-69.1664922882659,-54.0182454435074,
-11.8999192676023));
#10539=CARTESIAN_POINT('',(-67.3052496316851,-52.5831269369116,-9.38404741441623));
#10540=CARTESIAN_POINT('Origin',(-67.3052496316851,-52.5831269369116,-9.38404741441623));
#10541=CARTESIAN_POINT('Origin',(-34.6056608918234,-86.549449573237,-10.0119115935009));
#10542=CARTESIAN_POINT('',(-34.6056608918056,-99.9494495732366,-10.0119115935012));
#10543=CARTESIAN_POINT('',(-34.6056608918343,-51.5494495732368,-10.0119115935007));
#10544=CARTESIAN_POINT('Ctrl Pts',(-36.4052496316533,-101.749105209589,
-9.97735772446567));
#10545=CARTESIAN_POINT('Ctrl Pts',(-36.4175551708616,-101.761413016977,
-10.6182384829771));
#10546=CARTESIAN_POINT('Ctrl Pts',(-36.4298607100699,-101.773720824365,
-11.2591192414886));
#10547=CARTESIAN_POINT('Ctrl Pts',(-36.4421662492782,-101.786028631753,
-11.9));
#10548=CARTESIAN_POINT('Ctrl Pts',(-36.0014378715267,-101.749105209588,
-9.98511130636219));
#10549=CARTESIAN_POINT('Ctrl Pts',(-36.0109894848095,-101.761422383682,
-10.6260449429528));
#10550=CARTESIAN_POINT('Ctrl Pts',(-36.020520332899,-101.773711457659,-11.2669789782554));
#10551=CARTESIAN_POINT('Ctrl Pts',(-36.0300719461819,-101.786028631752,
-11.9079126148459));
#10552=CARTESIAN_POINT('Ctrl Pts',(-35.0573268923621,-101.420312580815,
-10.0032391632479));
#10553=CARTESIAN_POINT('Ctrl Pts',(-35.0604282229725,-101.430365797541,
-10.6442966515929));
#10554=CARTESIAN_POINT('Ctrl Pts',(-35.063494367543,-101.440439884038,-11.2853548155444));
#10555=CARTESIAN_POINT('Ctrl Pts',(-35.0665956981534,-101.450493100765,
-11.9264123038894));
#10556=CARTESIAN_POINT('Ctrl Pts',(-34.6056608918049,-100.487925299564,
-10.0119115935013));
#10557=CARTESIAN_POINT('Ctrl Pts',(-34.6056208295493,-100.491625058113,
-10.6530293996707));
#10558=CARTESIAN_POINT('Ctrl Pts',(-34.6057009540606,-100.495275039381,
-11.2941448981364));
#10559=CARTESIAN_POINT('Ctrl Pts',(-34.6056608918049,-100.49897479793,-11.9352627043058));
#10560=CARTESIAN_POINT('Ctrl Pts',(-34.6056608918056,-99.9494495732366,
-10.0119115935012));
#10561=CARTESIAN_POINT('Ctrl Pts',(-34.6056608918056,-99.9494495732366,
-10.6530286304361));
#10562=CARTESIAN_POINT('Ctrl Pts',(-34.6056608918056,-99.9494495732366,
-11.2941456673709));
#10563=CARTESIAN_POINT('Ctrl Pts',(-34.6056608918056,-99.9494495732365,
-11.9352627043058));
#10564=CARTESIAN_POINT('',(-36.4052496316533,-101.749105209589,-9.97735772446567));
#10565=CARTESIAN_POINT('Origin',(-36.4052496316533,-101.749105209589,-9.97735772446567));
#10566=CARTESIAN_POINT('Origin',(-15.6313941398017,-94.5502849226506,-10.3762361271446));
#10567=CARTESIAN_POINT('',(-16.7992810926024,-107.899293877082,-10.3538115520615));
#10568=CARTESIAN_POINT('Ctrl Pts',(-18.748860055909,-109.535245675725,-10.316377723609));
#10569=CARTESIAN_POINT('Ctrl Pts',(-18.7598793332173,-109.545345006404,
-10.8442518157393));
#10570=CARTESIAN_POINT('Ctrl Pts',(-18.7708986105255,-109.555444337083,
-11.3721259078697));
#10571=CARTESIAN_POINT('Ctrl Pts',(-18.7819178878338,-109.565543667761,
-11.9));
#10572=CARTESIAN_POINT('Ctrl Pts',(-18.3465845808128,-109.57044021941,-10.3241018073259));
#10573=CARTESIAN_POINT('Ctrl Pts',(-18.3553447408452,-109.580744935528,
-10.852019276724));
#10574=CARTESIAN_POINT('Ctrl Pts',(-18.3640858858262,-109.591028100383,
-11.3799371112296));
#10575=CARTESIAN_POINT('Ctrl Pts',(-18.3728460458586,-109.601332816501,
-11.9078545806277));
#10576=CARTESIAN_POINT('Ctrl Pts',(-17.37740011147,-109.325201396708,-10.3427110998179));
#10577=CARTESIAN_POINT('Ctrl Pts',(-17.3807051118276,-109.334111476284,
-10.8707333136327));
#10578=CARTESIAN_POINT('Ctrl Pts',(-17.3839824546732,-109.343041505022,
-11.3987560584988));
#10579=CARTESIAN_POINT('Ctrl Pts',(-17.3872874550308,-109.351951584598,
-11.9267782723136));
#10580=CARTESIAN_POINT('Ctrl Pts',(-16.8462123047101,-108.43572008611,-10.3529104267539));
#10581=CARTESIAN_POINT('Ctrl Pts',(-16.8464836426012,-108.439642570978,
-10.8809908898638));
#10582=CARTESIAN_POINT('Ctrl Pts',(-16.8468499597059,-108.44351557138,-11.4090695292796));
#10583=CARTESIAN_POINT('Ctrl Pts',(-16.8471212975969,-108.447438056248,
-11.9371499923895));
#10584=CARTESIAN_POINT('Ctrl Pts',(-16.7992810926024,-107.899293877082,
-10.3538115520615));
#10585=CARTESIAN_POINT('Ctrl Pts',(-16.7993196773805,-107.900177614414,
-10.8818964842595));
#10586=CARTESIAN_POINT('Ctrl Pts',(-16.7993582621586,-107.901061351745,
-11.4099814164575));
#10587=CARTESIAN_POINT('Ctrl Pts',(-16.7993968469367,-107.901945089077,
-11.9380663486555));
#10588=CARTESIAN_POINT('',(-18.748860055909,-109.535245675725,-10.316377723609));
#10589=CARTESIAN_POINT('Origin',(-18.748860055909,-109.535245675725,-10.316377723609));
#10590=CARTESIAN_POINT('',(-32.0978690103397,-108.367358722923,-10.0600636575378));
#10591=CARTESIAN_POINT('Ctrl Pts',(-33.7337705572694,-106.417694702573,
-10.0286527431682));
#10592=CARTESIAN_POINT('Ctrl Pts',(-33.7576908526507,-106.416649935615,
-10.6525039128987));
#10593=CARTESIAN_POINT('Ctrl Pts',(-33.781611148032,-106.415605168656,-11.2763550826291));
#10594=CARTESIAN_POINT('Ctrl Pts',(-33.8055314434133,-106.414560401697,
-11.9002062523596));
#10595=CARTESIAN_POINT('Ctrl Pts',(-33.76896896635,-106.820014359344,-10.0279768991875));
#10596=CARTESIAN_POINT('Ctrl Pts',(-33.7931323865914,-106.821641863774,
-10.6518234006821));
#10597=CARTESIAN_POINT('Ctrl Pts',(-33.8172697657546,-106.823291692754,
-11.275670402191));
#10598=CARTESIAN_POINT('Ctrl Pts',(-33.841433185996,-106.824919197185,-11.8995169036857));
#10599=CARTESIAN_POINT('Ctrl Pts',(-33.523655539159,-107.789284860294,-10.0326871576194));
#10600=CARTESIAN_POINT('Ctrl Pts',(-33.5461683543187,-107.797365048832,
-10.6565653523507));
#10601=CARTESIAN_POINT('Ctrl Pts',(-33.5687040900609,-107.805477516865,
-11.2804431069844));
#10602=CARTESIAN_POINT('Ctrl Pts',(-33.5912169052206,-107.813557705403,
-11.9043213017157));
#10603=CARTESIAN_POINT('Ctrl Pts',(-32.6342363104679,-108.320432664677,
-10.0497648792485));
#10604=CARTESIAN_POINT('Ctrl Pts',(-32.6508536450994,-108.332097243218,
-10.6737562729888));
#10605=CARTESIAN_POINT('Ctrl Pts',(-32.6674134358912,-108.343649539712,
-11.2977487716274));
#10606=CARTESIAN_POINT('Ctrl Pts',(-32.6840307705228,-108.355314118253,
-11.9217401653678));
#10607=CARTESIAN_POINT('Ctrl Pts',(-32.0978690103397,-108.367358722923,
-10.0600636575378));
#10608=CARTESIAN_POINT('Ctrl Pts',(-32.1108961581448,-108.379298296618,
-10.6841239863869));
#10609=CARTESIAN_POINT('Ctrl Pts',(-32.1239233059499,-108.391237870313,
-11.3081843152359));
#10610=CARTESIAN_POINT('Ctrl Pts',(-32.136950453755,-108.403177444008,-11.932244644085));
#10611=CARTESIAN_POINT('',(-33.7337705572695,-106.417694702573,-10.0286527431683));
#10612=CARTESIAN_POINT('Origin',(-33.7337705572695,-106.417694702573,-10.0286527431683));
#10613=CARTESIAN_POINT('Origin',(-10.1428298763534,-92.4124844860948,-10.481621944778));
#10614=CARTESIAN_POINT('',(-6.67465467199168,-79.4690784138181,-10.5482143106614));
#10615=CARTESIAN_POINT('Ctrl Pts',(-4.47063807267368,-78.1965415382917,
-10.5905335913052));
#10616=CARTESIAN_POINT('Ctrl Pts',(-4.47705334382288,-78.1881798519665,
-11.0413323441921));
#10617=CARTESIAN_POINT('Ctrl Pts',(-4.48346861497208,-78.1798181656414,
-11.492131097079));
#10618=CARTESIAN_POINT('Ctrl Pts',(-4.48988388612138,-78.1714564793162,
-11.9429298499659));
#10619=CARTESIAN_POINT('Ctrl Pts',(-4.99071156703048,-78.0571882654744,
-10.5805476700695));
#10620=CARTESIAN_POINT('Ctrl Pts',(-4.99963161603508,-78.048126366842,-11.0312983287646));
#10621=CARTESIAN_POINT('Ctrl Pts',(-5.00854018273008,-78.0391547221961,
-11.4820492079313));
#10622=CARTESIAN_POINT('Ctrl Pts',(-5.01746023173478,-78.0300928235638,
-11.9327998666264));
#10623=CARTESIAN_POINT('Ctrl Pts',(-6.00819153570878,-78.251948653012,-10.5610110566169));
#10624=CARTESIAN_POINT('Ctrl Pts',(-6.02199745331578,-78.2438631059605,
-11.0116679018422));
#10625=CARTESIAN_POINT('Ctrl Pts',(-6.03581202785198,-78.2357477700994,
-11.462324580846));
#10626=CARTESIAN_POINT('Ctrl Pts',(-6.04961794545898,-78.227662223048,-11.9129814260714));
#10627=CARTESIAN_POINT('Ctrl Pts',(-6.57012962314508,-79.078985620858,-10.5502212941287));
#10628=CARTESIAN_POINT('Ctrl Pts',(-6.58664936703208,-79.0748710232998,
-11.0008260312275));
#10629=CARTESIAN_POINT('Ctrl Pts',(-6.60314604429908,-79.0707477906201,
-11.4514312112279));
#10630=CARTESIAN_POINT('Ctrl Pts',(-6.61966578818608,-79.0666331930619,
-11.9020359483267));
#10631=CARTESIAN_POINT('Ctrl Pts',(-6.67465467199168,-79.4690784138181,
-10.5482143106614));
#10632=CARTESIAN_POINT('Ctrl Pts',(-6.69166956345868,-79.466837549078,-10.9988095404409));
#10633=CARTESIAN_POINT('Ctrl Pts',(-6.70868445492578,-79.4645966843379,
-11.4494047702205));
#10634=CARTESIAN_POINT('Ctrl Pts',(-6.72569934639278,-79.4623558195978,
-11.9));
#10635=CARTESIAN_POINT('',(-4.47063807267368,-78.1965415382917,-10.5905335913054));
#10636=CARTESIAN_POINT('Origin',(-4.47063807267368,-78.1965415382917,-10.5905335913054));
#10637=CARTESIAN_POINT('',(8.47276799960222,-81.6647167426565,-10.8390596841801));
#10638=CARTESIAN_POINT('Ctrl Pts',(9.74528122364372,-83.8688562386906,-10.8634931862997));
#10639=CARTESIAN_POINT('Ctrl Pts',(9.74504978865862,-83.870614172972,-11.2172321474527));
#10640=CARTESIAN_POINT('Ctrl Pts',(9.74481835367352,-83.8723721072533,-11.5709711086056));
#10641=CARTESIAN_POINT('Ctrl Pts',(9.74458691868852,-83.8741300415347,-11.9247100697585));
#10642=CARTESIAN_POINT('Ctrl Pts',(9.84980627249012,-83.4787634457309,-10.865500169767));
#10643=CARTESIAN_POINT('Ctrl Pts',(9.84997341760942,-83.4790542248394,-11.2192467840489));
#10644=CARTESIAN_POINT('Ctrl Pts',(9.85012823178002,-83.4793299255921,-11.5729931615645));
#10645=CARTESIAN_POINT('Ctrl Pts',(9.85029537689942,-83.4796207047005,-11.9267397758464));
#10646=CARTESIAN_POINT('Ctrl Pts',(9.77672368043932,-82.4814770733454,-10.8640969123124));
#10647=CARTESIAN_POINT('Ctrl Pts',(9.77660472930052,-82.4780046081019,-11.2178380332655));
#10648=CARTESIAN_POINT('Ctrl Pts',(9.77650388423512,-82.474514858402,-11.571579501873));
#10649=CARTESIAN_POINT('Ctrl Pts',(9.77638493309642,-82.4710423931585,-11.9253206228261));
#10650=CARTESIAN_POINT('Ctrl Pts',(8.99284149395862,-81.8040700154737,-10.8490456054158));
#10651=CARTESIAN_POINT('Ctrl Pts',(8.98978514571152,-81.7980170441247,-11.2027303254631));
#10652=CARTESIAN_POINT('Ctrl Pts',(8.98668561469772,-81.7920211517068,-11.556414216359));
#10653=CARTESIAN_POINT('Ctrl Pts',(8.98362926645062,-81.7859681803578,-11.9100989364063));
#10654=CARTESIAN_POINT('Ctrl Pts',(8.47276799960222,-81.6647167426565,-10.8390596841801));
#10655=CARTESIAN_POINT('Ctrl Pts',(8.46773528840122,-81.6581570896896,-11.19270645612));
#10656=CARTESIAN_POINT('Ctrl Pts',(8.46270257720022,-81.6515974367226,-11.54635322806));
#10657=CARTESIAN_POINT('Ctrl Pts',(8.45766986599922,-81.6450377837557,-11.9));
#10658=CARTESIAN_POINT('',(9.74528122364372,-83.8688562386906,-10.8634931862998));
#10659=CARTESIAN_POINT('Origin',(9.74528122364372,-83.8688562386906,-10.8634931862998));
#10660=CARTESIAN_POINT('Origin',(-49.8052496316859,-49.7497939369061,-9.72006458030147));
#10661=CARTESIAN_POINT('',(-36.4052496316858,-49.7497939368895,-9.97735772446503));
#10662=CARTESIAN_POINT('Ctrl Pts',(-34.6056608918343,-51.5494495732368,
-10.0119115935007));
#10663=CARTESIAN_POINT('Ctrl Pts',(-34.6056608918343,-51.5494495732368,
-10.6530286304358));
#10664=CARTESIAN_POINT('Ctrl Pts',(-34.6056608918343,-51.5494495732368,
-11.2941456673708));
#10665=CARTESIAN_POINT('Ctrl Pts',(-34.6056608918343,-51.5494495732367,
-11.9352627043059));
#10666=CARTESIAN_POINT('Ctrl Pts',(-34.6056608918349,-51.0109738469095,
-10.0119115935007));
#10667=CARTESIAN_POINT('Ctrl Pts',(-34.6056208295793,-51.0072740883601,
-10.6530293996704));
#10668=CARTESIAN_POINT('Ctrl Pts',(-34.6057009540906,-51.0036241070926,
-11.2941448981362));
#10669=CARTESIAN_POINT('Ctrl Pts',(-34.6056608918349,-50.9999243485432,
-11.9352627043059));
#10670=CARTESIAN_POINT('Ctrl Pts',(-35.0572011620297,-50.0784817776604,
-10.0032415773936));
#10671=CARTESIAN_POINT('Ctrl Pts',(-35.0603024926401,-50.0684285609336,
-10.6442990657388));
#10672=CARTESIAN_POINT('Ctrl Pts',(-35.0633660587388,-50.0583523210081,
-11.2853572791997));
#10673=CARTESIAN_POINT('Ctrl Pts',(-35.0664673893492,-50.0482991042813,
-11.9264147675449));
#10674=CARTESIAN_POINT('Ctrl Pts',(-36.0014378715593,-49.7497939368891,
-9.98511130636154));
#10675=CARTESIAN_POINT('Ctrl Pts',(-36.0109894848422,-49.7374767627957,
-10.6260449429523));
#10676=CARTESIAN_POINT('Ctrl Pts',(-36.0205203329317,-49.7251876888184,
-11.2669789782552));
#10677=CARTESIAN_POINT('Ctrl Pts',(-36.0300719462146,-49.712870514725,-11.9079126148459));
#10678=CARTESIAN_POINT('Ctrl Pts',(-36.4052496316858,-49.7497939368895,
-9.97735772446503));
#10679=CARTESIAN_POINT('Ctrl Pts',(-36.4175551708942,-49.7374861295015,
-10.6182384829767));
#10680=CARTESIAN_POINT('Ctrl Pts',(-36.4298607101025,-49.7251783221135,
-11.2591192414884));
#10681=CARTESIAN_POINT('Ctrl Pts',(-36.4421662493108,-49.7128705147255,
-11.9));
#10682=CARTESIAN_POINT('Ctrl Pts',(-86.6048383715035,-105.616115573269,
-9.01347637949594));
#10683=CARTESIAN_POINT('Ctrl Pts',(-86.6418013888935,-105.61611557327,-9.97565091966397));
#10684=CARTESIAN_POINT('Ctrl Pts',(-86.6787644062845,-105.61611557327,-10.937825459832));
#10685=CARTESIAN_POINT('Ctrl Pts',(-86.7157274236745,-105.61611557327,-11.9));
#10686=CARTESIAN_POINT('Ctrl Pts',(-86.6048383715035,-106.019972368015,
-9.01347637949595));
#10687=CARTESIAN_POINT('Ctrl Pts',(-86.6418157142445,-106.024110895411,
-9.97565064460319));
#10688=CARTESIAN_POINT('Ctrl Pts',(-86.6787500809325,-106.028280150164,
-10.9378257348928));
#10689=CARTESIAN_POINT('Ctrl Pts',(-86.7157274236745,-106.03241867756,-11.9));
#10690=CARTESIAN_POINT('Ctrl Pts',(-86.2759217196605,-106.964093935004,
-9.01979190184823));
#10691=CARTESIAN_POINT('Ctrl Pts',(-86.3094956777325,-106.977924388433,
-9.98203151527952));
#10692=CARTESIAN_POINT('Ctrl Pts',(-86.3430986625995,-106.991805259133,
-10.9442705713679));
#10693=CARTESIAN_POINT('Ctrl Pts',(-86.3766726206715,-107.005635712562,
-11.9065101847992));
#10694=CARTESIAN_POINT('Ctrl Pts',(-85.3436653118205,-107.415771209617,
-9.03769213933628));
#10695=CARTESIAN_POINT('Ctrl Pts',(-85.3676999061945,-107.434316167856,
-10.0001149179078));
#10696=CARTESIAN_POINT('Ctrl Pts',(-85.3916611497985,-107.452680997101,
-10.9625391048861));
#10697=CARTESIAN_POINT('Ctrl Pts',(-85.4156957441735,-107.47122595534,-11.9249618834576));
#10698=CARTESIAN_POINT('Ctrl Pts',(-84.8052496316515,-107.415771209616,
-9.04803024853163));
#10699=CARTESIAN_POINT('Ctrl Pts',(-84.8237311403465,-107.434256124857,
-10.0105596517953));
#10700=CARTESIAN_POINT('Ctrl Pts',(-84.8422126490415,-107.452741040098,
-10.9730890550589));
#10701=CARTESIAN_POINT('Ctrl Pts',(-84.8606941577365,-107.471225955339,
-11.9356184583225));
#10702=CARTESIAN_POINT('',(-84.8052496316515,-107.415771209616,-9.04803024853163));
#10703=CARTESIAN_POINT('Origin',(-71.4052496316516,-107.4157712096,-9.30532339269518));
#10704=CARTESIAN_POINT('',(-71.4052496316516,-107.4157712096,-9.30532339269518));
#10705=CARTESIAN_POINT('Ctrl Pts',(-71.4052496316516,-107.4157712096,-9.30532339269526));
#10706=CARTESIAN_POINT('Ctrl Pts',(-71.4218564103178,-107.432381049258,
-10.1702155951302));
#10707=CARTESIAN_POINT('Ctrl Pts',(-71.4384631889839,-107.448990888916,
-11.0351077975651));
#10708=CARTESIAN_POINT('Ctrl Pts',(-71.4550699676501,-107.465600728575,
-11.9));
#10709=CARTESIAN_POINT('Ctrl Pts',(-71.0524633804808,-107.415771209599,
-9.3120972347685));
#10710=CARTESIAN_POINT('Ctrl Pts',(-71.0658193513467,-107.432387904691,
-10.1770518559019));
#10711=CARTESIAN_POINT('Ctrl Pts',(-71.0791625457727,-107.448984033483,
-11.0420067223555));
#10712=CARTESIAN_POINT('Ctrl Pts',(-71.0925185166387,-107.465600728574,
-11.906961343489));
#10713=CARTESIAN_POINT('Ctrl Pts',(-70.2284785666612,-107.167000413077,
-9.32791855144691));
#10714=CARTESIAN_POINT('Ctrl Pts',(-70.2342345426286,-107.181310421176,
-10.1930190999373));
#10715=CARTESIAN_POINT('Ctrl Pts',(-70.2399692523141,-107.195634652283,
-11.0581200567611));
#10716=CARTESIAN_POINT('Ctrl Pts',(-70.2457252282816,-107.209944660383,
-11.9232206052515));
#10717=CARTESIAN_POINT('Ctrl Pts',(-69.7337578155256,-106.432188357253,
-9.33741767514412));
#10718=CARTESIAN_POINT('Ctrl Pts',(-69.7349115984641,-106.43973834426,-10.202606590255));
#10719=CARTESIAN_POINT('Ctrl Pts',(-69.7361512960918,-106.447237139164,
-11.0677938557195));
#10720=CARTESIAN_POINT('Ctrl Pts',(-69.7373050790302,-106.45478712617,-11.9329827708304));
#10721=CARTESIAN_POINT('Ctrl Pts',(-69.6409958729687,-105.970992552944,
-9.33919879543213));
#10722=CARTESIAN_POINT('Ctrl Pts',(-69.6413220407431,-105.974268337032,
-10.2044036015659));
#10723=CARTESIAN_POINT('Ctrl Pts',(-69.6416482085174,-105.97754412112,-11.0696084076998));
#10724=CARTESIAN_POINT('Ctrl Pts',(-69.6419743762918,-105.980819905207,
-11.9348132138336));
#10725=CARTESIAN_POINT('Origin',(-69.3052496316665,-111.583126936912,-9.34564545260112));
#10726=CARTESIAN_POINT('',(-55.9052496316664,-111.583126936896,-9.60293859676468));
#10727=CARTESIAN_POINT('',(-69.3052496316665,-111.583126936912,-9.34564545260112));
#10728=CARTESIAN_POINT('Ctrl Pts',(-54.1056608918148,-113.382782573243,
-9.63749246580036));
#10729=CARTESIAN_POINT('Ctrl Pts',(-54.1056608918148,-113.382782573243,
-10.4034618919591));
#10730=CARTESIAN_POINT('Ctrl Pts',(-54.1056608918149,-113.382782573243,
-11.1694313181179));
#10731=CARTESIAN_POINT('Ctrl Pts',(-54.1056608918149,-113.382782573243,
-11.9354007442767));
#10732=CARTESIAN_POINT('Ctrl Pts',(-54.1056608918154,-112.844306846916,
-9.63749246580034));
#10733=CARTESIAN_POINT('Ctrl Pts',(-54.1056130277576,-112.83988659013,-10.403462810996));
#10734=CARTESIAN_POINT('Ctrl Pts',(-54.1057087558734,-112.835525804352,
-11.169430399081));
#10735=CARTESIAN_POINT('Ctrl Pts',(-54.1056608918155,-112.831105547566,
-11.9354007442767));
#10736=CARTESIAN_POINT('Ctrl Pts',(-54.557372849482,-111.911957867897,-9.62881915312539));
#10737=CARTESIAN_POINT('Ctrl Pts',(-54.5610781392983,-111.899946868027,
-10.3947174340851));
#10738=CARTESIAN_POINT('Ctrl Pts',(-54.5647425169038,-111.887911874576,
-11.1606165005995));
#10739=CARTESIAN_POINT('Ctrl Pts',(-54.56844780672,-111.875900874706,-11.9265147815592));
#10740=CARTESIAN_POINT('Ctrl Pts',(-55.5014378715398,-111.583126936895,
-9.61069217866119));
#10741=CARTESIAN_POINT('Ctrl Pts',(-55.5128495847274,-111.568411092161,
-10.3764424887329));
#10742=CARTESIAN_POINT('Ctrl Pts',(-55.5242364888672,-111.553728819814,
-11.1421932751627));
#10743=CARTESIAN_POINT('Ctrl Pts',(-55.5356482020548,-111.539012975079,
-11.9079435852344));
#10744=CARTESIAN_POINT('Ctrl Pts',(-55.9052496316664,-111.583126936896,
-9.60293859676468));
#10745=CARTESIAN_POINT('Ctrl Pts',(-55.9199515757155,-111.568422282957,
-10.3686257311765));
#10746=CARTESIAN_POINT('Ctrl Pts',(-55.9346535197647,-111.553717629019,
-11.1343128655882));
#10747=CARTESIAN_POINT('Ctrl Pts',(-55.9493554638139,-111.53901297508,-11.9));
#10748=CARTESIAN_POINT('',(-54.1056608918148,-113.382782573243,-9.63749246580035));
#10749=CARTESIAN_POINT('Origin',(-54.1056608918148,-113.382782573243,-9.63749246580035));
#10750=CARTESIAN_POINT('',(-54.1056608917972,-126.782782573243,-9.63749246580077));
#10751=CARTESIAN_POINT('Ctrl Pts',(-55.9052496316448,-128.582438209595,
-9.6029385967652));
#10752=CARTESIAN_POINT('Ctrl Pts',(-55.9199515756939,-128.597142863534,
-10.3686257311768));
#10753=CARTESIAN_POINT('Ctrl Pts',(-55.934653519743,-128.611847517472,-11.1343128655884));
#10754=CARTESIAN_POINT('Ctrl Pts',(-55.9493554637921,-128.626552171411,
-11.9));
#10755=CARTESIAN_POINT('Ctrl Pts',(-55.5014378715181,-128.582438209594,
-9.61069217866171));
#10756=CARTESIAN_POINT('Ctrl Pts',(-55.5128495847057,-128.597154054329,
-10.3764424887333));
#10757=CARTESIAN_POINT('Ctrl Pts',(-55.5242364888454,-128.611836326676,
-11.1421932751629));
#10758=CARTESIAN_POINT('Ctrl Pts',(-55.535648202033,-128.62655217141,-11.9079435852345));
#10759=CARTESIAN_POINT('Ctrl Pts',(-54.557394108865,-128.253589560274,-9.62881874492448));
#10760=CARTESIAN_POINT('Ctrl Pts',(-54.5610993986812,-128.265600560144,
-10.3947170258841));
#10761=CARTESIAN_POINT('Ctrl Pts',(-54.5647642971783,-128.277635118568,
-11.1606160823966));
#10762=CARTESIAN_POINT('Ctrl Pts',(-54.5684695869946,-128.289646118438,
-11.9265143633562));
#10763=CARTESIAN_POINT('Ctrl Pts',(-54.1056608917965,-127.32125829957,-9.63749246580079));
#10764=CARTESIAN_POINT('Ctrl Pts',(-54.1056130277386,-127.325678556356,
-10.4034628109963));
#10765=CARTESIAN_POINT('Ctrl Pts',(-54.1057087558544,-127.330039342134,
-11.1694303990811));
#10766=CARTESIAN_POINT('Ctrl Pts',(-54.1056608917965,-127.33445959892,-11.9354007442766));
#10767=CARTESIAN_POINT('Ctrl Pts',(-54.1056608917972,-126.782782573243,
-9.63749246580077));
#10768=CARTESIAN_POINT('Ctrl Pts',(-54.1056608917972,-126.782782573243,
-10.4034618919594));
#10769=CARTESIAN_POINT('Ctrl Pts',(-54.1056608917972,-126.782782573243,
-11.169431318118));
#10770=CARTESIAN_POINT('Ctrl Pts',(-54.1056608917972,-126.782782573243,
-11.9354007442766));
#10771=CARTESIAN_POINT('',(-55.9052496316448,-128.582438209595,-9.60293859676512));
#10772=CARTESIAN_POINT('Origin',(-55.9052496316448,-128.582438209595,-9.60293859676512));
#10773=CARTESIAN_POINT('',(-69.3052496316448,-128.582438209611,-9.34564545260155));
#10774=CARTESIAN_POINT('Ctrl Pts',(-71.1048383714964,-126.782782573265,
-9.31109158356588));
#10775=CARTESIAN_POINT('Ctrl Pts',(-71.1379903145947,-126.782782573265,
-10.1740610557106));
#10776=CARTESIAN_POINT('Ctrl Pts',(-71.171142257693,-126.782782573265,-11.0370305278553));
#10777=CARTESIAN_POINT('Ctrl Pts',(-71.2042942007913,-126.782782573265,
-11.9));
#10778=CARTESIAN_POINT('Ctrl Pts',(-71.1048383714959,-127.18663936801,-9.3110915835659));
#10779=CARTESIAN_POINT('Ctrl Pts',(-71.1380031629289,-127.190351192272,
-10.17406080901));
#10780=CARTESIAN_POINT('Ctrl Pts',(-71.1711294093576,-127.194090575745,
-11.0370307745559));
#10781=CARTESIAN_POINT('Ctrl Pts',(-71.2042942007907,-127.197802400006,
-11.9));
#10782=CARTESIAN_POINT('Ctrl Pts',(-70.7759169846237,-128.130755247718,
-9.31740719683538));
#10783=CARTESIAN_POINT('Ctrl Pts',(-70.8060292975832,-128.143159711354,
-10.1804350328603));
#10784=CARTESIAN_POINT('Ctrl Pts',(-70.8361675138982,-128.15560923676,-11.0434623715155));
#10785=CARTESIAN_POINT('Ctrl Pts',(-70.8662798268577,-128.168013700396,
-11.9064902075405));
#10786=CARTESIAN_POINT('Ctrl Pts',(-69.8436653118135,-128.582438209612,
-9.33530734340621));
#10787=CARTESIAN_POINT('Ctrl Pts',(-69.8652218177848,-128.599071088736,
-10.1984994593178));
#10788=CARTESIAN_POINT('Ctrl Pts',(-69.8867125358217,-128.615542411077,
-11.0616928384223));
#10789=CARTESIAN_POINT('Ctrl Pts',(-69.9082690417931,-128.6321752902,-11.9248849543339));
#10790=CARTESIAN_POINT('Ctrl Pts',(-69.3052496316448,-128.582438209611,
-9.34564545260155));
#10791=CARTESIAN_POINT('Ctrl Pts',(-69.321825603194,-128.599017236474,-10.2089331996595));
#10792=CARTESIAN_POINT('Ctrl Pts',(-69.3384015747431,-128.615596263337,
-11.0722209467175));
#10793=CARTESIAN_POINT('Ctrl Pts',(-69.3549775462922,-128.6321752902,-11.9355086937754));
#10794=CARTESIAN_POINT('',(-71.1048383714964,-126.782782573265,-9.3110915835659));
#10795=CARTESIAN_POINT('Origin',(-71.1048383714964,-126.782782573265,-9.3110915835659));
#10796=CARTESIAN_POINT('',(-71.1048383715143,-113.382782573265,-9.31109158356545));
#10797=CARTESIAN_POINT('Ctrl Pts',(-69.3052496316665,-111.583126936912,
-9.34564545260104));
#10798=CARTESIAN_POINT('Ctrl Pts',(-69.3218256032157,-111.56654791005,-10.2089331996591));
#10799=CARTESIAN_POINT('Ctrl Pts',(-69.3384015747648,-111.549968883187,
-11.0722209467172));
#10800=CARTESIAN_POINT('Ctrl Pts',(-69.354977546314,-111.533389856324,-11.9355086937753));
#10801=CARTESIAN_POINT('Ctrl Pts',(-69.7090613917932,-111.583126936913,
-9.33789187070452));
#10802=CARTESIAN_POINT('Ctrl Pts',(-69.7293469933728,-111.566535292786,
-10.2011083892272));
#10803=CARTESIAN_POINT('Ctrl Pts',(-69.7496605663602,-111.549981500452,
-11.0643243706715));
#10804=CARTESIAN_POINT('Ctrl Pts',(-69.7699461679398,-111.533389856324,
-11.9275408891942));
#10805=CARTESIAN_POINT('Ctrl Pts',(-70.6531048153914,-111.911975868814,
-9.31976531095195));
#10806=CARTESIAN_POINT('Ctrl Pts',(-70.682079162767,-111.898433850734,-10.1828149970325));
#10807=CARTESIAN_POINT('Ctrl Pts',(-70.7110990406962,-111.88486527896,-11.0458638088818));
#10808=CARTESIAN_POINT('Ctrl Pts',(-70.7400733880718,-111.87132326088,-11.9089134949624));
#10809=CARTESIAN_POINT('Ctrl Pts',(-71.104838371515,-112.844306846937,-9.31109158356544));
#10810=CARTESIAN_POINT('Ctrl Pts',(-71.1380442798072,-112.83932314883,-10.1740600195256));
#10811=CARTESIAN_POINT('Ctrl Pts',(-71.1710882925177,-112.834406502382,
-11.0370315640398));
#10812=CARTESIAN_POINT('Ctrl Pts',(-71.2042942008099,-112.829422804275,
-11.9));
#10813=CARTESIAN_POINT('Ctrl Pts',(-71.1048383715143,-113.382782573265,
-9.31109158356545));
#10814=CARTESIAN_POINT('Ctrl Pts',(-71.1379903146126,-113.382782573265,
-10.1740610557103));
#10815=CARTESIAN_POINT('Ctrl Pts',(-71.1711422577109,-113.382782573265,
-11.0370305278552));
#10816=CARTESIAN_POINT('Ctrl Pts',(-71.2042942008092,-113.382782573265,
-11.9));
#10817=CARTESIAN_POINT('Origin',(-87.6066972798025,-90.23301,-13.6));
#10818=CARTESIAN_POINT('',(-87.3050742451725,-92.1595414804022,-9.80017862133271));
#10819=CARTESIAN_POINT('',(-87.3050742451725,-92.1595414804022,-13.6));
#10820=CARTESIAN_POINT('',(-87.3143769643175,-92.1609749460389,-9.80000000000002));
#10821=CARTESIAN_POINT('Origin',(-87.6066972798025,-90.23301,-9.79438716320344));
#10822=CARTESIAN_POINT('',(-87.3143769643165,-88.3050450539613,-9.80000000000002));
#10823=CARTESIAN_POINT('Origin',(-87.6066972798025,-90.23301,-9.80000000000002));
#10824=CARTESIAN_POINT('',(-87.3095043240475,-88.3057901508261,-9.80009355947278));
#10825=CARTESIAN_POINT('Origin',(-87.6066972798025,-90.23301,-9.79438716320344));
#10826=CARTESIAN_POINT('',(-87.3095043240475,-88.3057901508261,-13.6));
#10827=CARTESIAN_POINT('',(-85.6566972798025,-90.23301,-13.6));
#10828=CARTESIAN_POINT('',(-85.6566972798025,-90.23301,-13.6));
#10829=CARTESIAN_POINT('Origin',(-87.6066972798025,-90.23301,-13.6));
#10830=CARTESIAN_POINT('Origin',(5.35776559861972,-77.4460559995496,-3.60000000000001));
#10831=CARTESIAN_POINT('',(5.37617106530165,-55.7352092182019,-14.9));
#10832=CARTESIAN_POINT('',(5.35776559785402,-77.446055999549,-14.9));
#10833=CARTESIAN_POINT('',(5.35047746621142,-86.0430414996601,-14.9));
#10834=CARTESIAN_POINT('',(5.35776559861972,-77.4460559995496,-13.6));
#10835=CARTESIAN_POINT('',(5.35776559785402,-77.446055999549,-3.60000000000001));
#10836=CARTESIAN_POINT('',(5.37616736631952,-55.7352092150673,-13.6));
#10837=CARTESIAN_POINT('',(5.35967943844002,-75.187608421821,-13.6));
#10838=CARTESIAN_POINT('',(5.37617106481902,-55.7352092182015,-3.60000000000001));
#10839=CARTESIAN_POINT('Origin',(5.37785973622852,-131.036384593713,-3.60000000000001));
#10840=CARTESIAN_POINT('',(5.37159268750712,-108.611445811335,-14.9));
#10841=CARTESIAN_POINT('',(5.37785973622855,-131.036384593712,-14.9));
#10842=CARTESIAN_POINT('',(5.37276497362312,-112.80615460581,-14.9));
#10843=CARTESIAN_POINT('',(5.37785974351794,-131.036384593713,-13.6));
#10844=CARTESIAN_POINT('',(5.37785973622852,-131.036384593713,-3.60000000000001));
#10845=CARTESIAN_POINT('',(5.37159268782452,-108.611445811335,-13.6));
#10846=CARTESIAN_POINT('',(5.36963144625362,-101.593685201156,-13.6));
#10847=CARTESIAN_POINT('',(5.37159268750712,-108.611445811335,-3.60000000000001));
#10848=CARTESIAN_POINT('Origin',(-87.6030231142675,-55.2329389685755,-14.1));
#10849=CARTESIAN_POINT('',(-88.2277389812295,-53.3330100000176,-14.1));
#10850=CARTESIAN_POINT('',(-86.9783072473095,-53.3330100000163,-14.1));
#10851=CARTESIAN_POINT('',(-79.6226558798255,-53.3330100000086,-14.1));
#10852=CARTESIAN_POINT('Origin',(-87.6030231142675,-55.2329389685755,-14.1));
#10853=CARTESIAN_POINT('Origin',(-87.6030231142675,-55.2329389685755,-15.5));
#10854=CARTESIAN_POINT('',(-88.2277389812295,-53.3330100000176,-14.9));
#10855=CARTESIAN_POINT('',(-88.2277389812295,-53.3330100000176,-15.5));
#10856=CARTESIAN_POINT('',(-86.9783072473095,-53.3330100000163,-14.9));
#10857=CARTESIAN_POINT('Origin',(-87.6030231142675,-55.2329389685755,-14.9));
#10858=CARTESIAN_POINT('',(-86.9783072473095,-53.3330100000163,-15.5));
#10859=CARTESIAN_POINT('Origin',(-51.5183046784345,-94.591822417212,-13.6));
#10860=CARTESIAN_POINT('',(-106.506697279661,-97.462334,-13.6));
#10861=CARTESIAN_POINT('',(-106.506697279639,-103.802334,-13.6));
#10862=CARTESIAN_POINT('',(-106.506697279736,-75.1624128478938,-13.6));
#10863=CARTESIAN_POINT('',(-107.206697279942,-97.462334,-13.6));
#10864=CARTESIAN_POINT('',(-107.306697279988,-97.462334,-13.6));
#10865=CARTESIAN_POINT('',(-107.206697279639,-103.802334,-13.6));
#10866=CARTESIAN_POINT('',(-107.206697279736,-75.1624128478963,-13.6));
#10867=CARTESIAN_POINT('',(-107.306697279988,-103.802334,-13.6));
#10868=CARTESIAN_POINT('Origin',(-51.5183046784345,-94.591822417212,-14.9));
#10869=CARTESIAN_POINT('',(-30.9652255611286,-48.9420844810056,-14.9));
#10870=CARTESIAN_POINT('',(-30.9304047016133,-49.0807259253254,-14.9));
#10871=CARTESIAN_POINT('Origin',(-31.915212397273,-49.2543744282536,-14.9));
#10872=CARTESIAN_POINT('',(-30.4504829254755,-51.8024923077955,-14.9));
#10873=CARTESIAN_POINT('',(-27.1094105508615,-70.7506187333627,-14.9));
#10874=CARTESIAN_POINT('',(-30.0566132606569,-52.1330100009909,-14.9));
#10875=CARTESIAN_POINT('Origin',(-30.0566414315245,-51.73310241344,-14.9));
#10876=CARTESIAN_POINT('',(2.97621084211002,-52.13301,-14.9));
#10877=CARTESIAN_POINT('',(-24.2710469187991,-52.1330100008174,-14.9));
#10878=CARTESIAN_POINT('',(6.57616693533776,-55.7362261111524,-14.9));
#10879=CARTESIAN_POINT('Origin',(2.97600663413452,-55.73317528596,-14.9));
#10880=CARTESIAN_POINT('',(6.55776516915735,-77.4470728956358,-14.9));
#10881=CARTESIAN_POINT('',(6.55047997297762,-86.0440487117144,-14.9));
#10882=CARTESIAN_POINT('',(6.85429018988332,-77.8338218798642,-14.9));
#10883=CARTESIAN_POINT('Origin',(6.95787727062552,-77.44735132802,-14.9));
#10884=CARTESIAN_POINT('',(10.7779821160055,-78.8851724711731,-14.9));
#10885=CARTESIAN_POINT('',(-16.3199832844571,-71.6242910147632,-14.9));
#10886=CARTESIAN_POINT('',(13.3245073609569,-83.3561736887933,-14.9));
#10887=CARTESIAN_POINT('Origin',(9.85570168007452,-82.3711772853,-14.9));
#10888=CARTESIAN_POINT('',(6.59884437173692,-108.456687252906,-14.9));
#10889=CARTESIAN_POINT('',(6.37858239793402,-109.278716050655,-14.9));
#10890=CARTESIAN_POINT('',(6.57160736503462,-108.663796468047,-14.9));
#10891=CARTESIAN_POINT('Origin',(7.37095270164322,-108.663573076371,-14.9));
#10892=CARTESIAN_POINT('',(6.57785970282437,-131.036049231777,-14.9));
#10893=CARTESIAN_POINT('',(6.57276492906112,-112.805819230408,-14.9));
#10894=CARTESIAN_POINT('',(2.97784442016915,-134.636344003536,-14.9));
#10895=CARTESIAN_POINT('Origin',(2.97791071887852,-131.0363949986,-14.9));
#10896=CARTESIAN_POINT('',(-19.5700674077384,-134.636344001531,-14.9));
#10897=CARTESIAN_POINT('',(-35.5441860448442,-134.636344000129,-14.9));
#10898=CARTESIAN_POINT('',(-47.0312258964017,-133.029082924975,-14.9));
#10899=CARTESIAN_POINT('Origin',(-19.570067387073,100.763655998469,-14.9));
#10900=CARTESIAN_POINT('',(-82.7623372215125,-134.268313438946,-14.9));
#10901=CARTESIAN_POINT('Origin',(-60.8407483255405,-250.5975413291,-14.9));
#10902=CARTESIAN_POINT('',(-95.1637684517135,-138.181136533777,-14.9));
#10903=CARTESIAN_POINT('Origin',(-72.6512371572248,-187.923934351297,-14.9));
#10904=CARTESIAN_POINT('',(-104.47908040304,-142.397048404909,-14.9));
#10905=CARTESIAN_POINT('',(-73.5217840573695,-128.386435143239,-14.9));
#10906=CARTESIAN_POINT('',(-109.22612881251,-140.638735494749,-14.9));
#10907=CARTESIAN_POINT('Origin',(-105.963419194683,-139.1172918197,-14.9));
#10908=CARTESIAN_POINT('',(-116.160997297789,-125.766860720024,-14.9));
#10909=CARTESIAN_POINT('',(-116.358571324345,-125.343161815292,-14.9));
#10910=CARTESIAN_POINT('',(-114.398106142608,-120.972762891843,-14.9));
#10911=CARTESIAN_POINT('Origin',(-112.898180598812,-124.2454923276,-14.9));
#10912=CARTESIAN_POINT('',(-107.995032714804,-118.038378625227,-14.9));
#10913=CARTESIAN_POINT('',(-80.1903806902765,-105.296133145851,-14.9));
#10914=CARTESIAN_POINT('',(-107.706697279593,-117.5890615651,-14.9));
#10915=CARTESIAN_POINT('Origin',(-108.748967563469,-117.237390333198,-14.9));
#10916=CARTESIAN_POINT('',(-107.706697279802,-55.7330032783937,-14.9));
#10917=CARTESIAN_POINT('',(-107.706697279736,-75.162412847898,-14.9));
#10918=CARTESIAN_POINT('',(-104.106704001412,-52.13300999999,-14.9));
#10919=CARTESIAN_POINT('Origin',(-104.106674874182,-55.73303240561,-14.9));
#10920=CARTESIAN_POINT('',(-73.0281647728775,-52.1330099999997,-14.9));
#10921=CARTESIAN_POINT('',(-61.9158893790312,-52.1330100000032,-14.9));
#10922=CARTESIAN_POINT('',(-72.5526246441094,-51.7874819583974,-14.9));
#10923=CARTESIAN_POINT('Origin',(-73.0281647728775,-51.6330099999997,-14.9));
#10924=CARTESIAN_POINT('',(-69.1287375433904,-49.2996769999974,-14.9));
#10925=CARTESIAN_POINT('Origin',(-69.1287315071475,-52.8996814263601,-14.9));
#10926=CARTESIAN_POINT('',(-55.5281591051213,-49.2996769999998,-14.9));
#10927=CARTESIAN_POINT('',(-53.165889379034,-49.2996770000002,-14.9));
#10928=CARTESIAN_POINT('',(-55.0526203571073,-48.9541532089684,-14.9));
#10929=CARTESIAN_POINT('Origin',(-55.5281591051212,-48.7996769999998,-14.9));
#10930=CARTESIAN_POINT('',(-51.628749106112,-46.4663439999957,-14.9));
#10931=CARTESIAN_POINT('Origin',(-51.6286891908395,-50.06639886412,-14.9));
#10932=CARTESIAN_POINT('',(-34.3851777329057,-46.466344,-14.9));
#10933=CARTESIAN_POINT('',(-42.9517412056641,-46.4663439999979,-14.9));
#10934=CARTESIAN_POINT('Origin',(-34.3851564714315,-50.0663211577,-14.9));
#10935=CARTESIAN_POINT('',(-104.106704001413,-53.3330100000342,-14.9));
#10936=CARTESIAN_POINT('',(-61.5802966619295,-53.3330099999896,-14.9));
#10937=CARTESIAN_POINT('',(-106.506697279802,-55.7330032783896,-14.9));
#10938=CARTESIAN_POINT('Origin',(-104.106674874182,-55.73303240561,-14.9));
#10939=CARTESIAN_POINT('',(-106.506697279592,-117.749468426892,-14.9));
#10940=CARTESIAN_POINT('',(-106.506697279736,-75.1624128478938,-14.9));
#10941=CARTESIAN_POINT('',(-107.349266731134,-119.062448573354,-14.9));
#10942=CARTESIAN_POINT('Origin',(-108.748967563469,-117.237390333198,-14.9));
#10943=CARTESIAN_POINT('',(-113.898170855603,-122.063663762684,-14.9));
#10944=CARTESIAN_POINT('',(-79.6450154213045,-106.366214476807,-14.9));
#10945=CARTESIAN_POINT('',(-115.073427936166,-125.259718842775,-14.9));
#10946=CARTESIAN_POINT('Origin',(-112.898180598812,-124.2454923276,-14.9));
#10947=CARTESIAN_POINT('',(-108.138560187679,-140.131592037428,-14.9));
#10948=CARTESIAN_POINT('',(-115.271001962713,-124.836019938061,-14.9));
#10949=CARTESIAN_POINT('',(-104.973861310612,-141.303800101227,-14.9));
#10950=CARTESIAN_POINT('Origin',(-105.963419194683,-139.1172918197,-14.9));
#10951=CARTESIAN_POINT('',(-95.6585493592845,-137.087888230095,-14.9));
#10952=CARTESIAN_POINT('',(-74.0165649649405,-127.293186839558,-14.9));
#10953=CARTESIAN_POINT('',(-82.9845592009475,-133.08906902329,-14.9));
#10954=CARTESIAN_POINT('Origin',(-72.6512371572248,-187.923934351297,-14.9));
#10955=CARTESIAN_POINT('',(-46.8912369830152,-131.83727626946,-14.9));
#10956=CARTESIAN_POINT('Origin',(-60.8407483255405,-250.5975413291,-14.9));
#10957=CARTESIAN_POINT('',(-19.5700674076331,-133.436344001531,-14.9));
#10958=CARTESIAN_POINT('Origin',(-19.5700673870736,100.763655998463,-14.9));
#10959=CARTESIAN_POINT('',(2.97784442027428,-133.436344007283,-14.9));
#10960=CARTESIAN_POINT('',(-35.5441860445418,-133.436344000291,-14.9));
#10961=CARTESIAN_POINT('Origin',(2.97791071887852,-131.0363949986,-14.9));
#10962=CARTESIAN_POINT('',(5.42610443109618,-108.196968321473,-14.9));
#10963=CARTESIAN_POINT('Origin',(6.97093798365562,-108.6109669921,-14.9));
#10964=CARTESIAN_POINT('',(12.1679394703509,-83.0360998536674,-14.9));
#10965=CARTESIAN_POINT('',(5.21947141341552,-108.968133168825,-14.9));
#10966=CARTESIAN_POINT('',(10.4694143790767,-80.044823412006,-14.9));
#10967=CARTESIAN_POINT('Origin',(9.85570168007452,-82.3711772853,-14.9));
#10968=CARTESIAN_POINT('',(6.54370719556502,-78.9929328341658,-14.9));
#10969=CARTESIAN_POINT('',(-16.6298727331878,-72.7835878060229,-14.9));
#10970=CARTESIAN_POINT('Origin',(6.95787727062552,-77.44735132802,-14.9));
#10971=CARTESIAN_POINT('',(2.97621084214588,-53.3330100009652,-14.9));
#10972=CARTESIAN_POINT('Origin',(2.97600663413452,-55.73317528596,-14.9));
#10973=CARTESIAN_POINT('',(-30.0566132606209,-53.333010001239,-14.9));
#10974=CARTESIAN_POINT('',(-24.271046918466,-53.3330100011488,-14.9));
#10975=CARTESIAN_POINT('',(-31.6322521619807,-52.0108705116113,-14.9));
#10976=CARTESIAN_POINT('Origin',(-30.0566414315245,-51.73310241344,-14.9));
#10977=CARTESIAN_POINT('',(-32.1096352535117,-49.3035016871713,-14.9));
#10978=CARTESIAN_POINT('',(-28.2911797856533,-70.9589969368766,-14.9));
#10979=CARTESIAN_POINT('',(-34.385177732906,-47.666344,-14.9));
#10980=CARTESIAN_POINT('Origin',(-34.3851564714315,-50.0663211577,-14.9));
#10981=CARTESIAN_POINT('',(-51.6287491061123,-47.6663440001827,-14.9));
#10982=CARTESIAN_POINT('',(-42.9517412059189,-47.6663440000908,-14.9));
#10983=CARTESIAN_POINT('',(-53.9922132524831,-49.6492449782262,-14.9));
#10984=CARTESIAN_POINT('Origin',(-51.6286891908395,-50.06639886412,-14.9));
#10985=CARTESIAN_POINT('',(-54.1422886453812,-50.499677,-14.9));
#10986=CARTESIAN_POINT('',(-57.8005930713326,-71.2301856406669,-14.9));
#10987=CARTESIAN_POINT('',(-69.1287375433907,-50.4996769999994,-14.9));
#10988=CARTESIAN_POINT('',(-52.8302966619069,-50.4996770000001,-14.9));
#10989=CARTESIAN_POINT('',(-71.4922157704118,-52.4825922465694,-14.9));
#10990=CARTESIAN_POINT('Origin',(-69.1287315071475,-52.8996814263601,-14.9));
#10991=CARTESIAN_POINT('',(-71.6422886453813,-53.3330100000002,-14.9));
#10992=CARTESIAN_POINT('',(-74.7938871241415,-71.1921687491559,-14.9));
#10993=CARTESIAN_POINT('',(-61.5802966619295,-53.3330099999896,-14.9));
#10994=CARTESIAN_POINT('Origin',(-107.456697279801,-97.4623340000008,-12.065));
#10995=CARTESIAN_POINT('',(-107.206697279528,-95.9643353351141,-12.4));
#10996=CARTESIAN_POINT('',(-107.706697279667,-95.455097093205,-12.4));
#10997=CARTESIAN_POINT('Ctrl Pts',(-107.206697279529,-95.9643353351141,
-12.4));
#10998=CARTESIAN_POINT('Ctrl Pts',(-107.420377449473,-95.7453771554697,
-12.4));
#10999=CARTESIAN_POINT('Ctrl Pts',(-107.706697279667,-95.455097093205,-12.4));
#11000=CARTESIAN_POINT('',(-107.706697279661,-97.4623340000017,-14.1000000000011));
#11001=CARTESIAN_POINT('Origin',(-107.706697279661,-97.4623340000017,-12.065));
#11002=CARTESIAN_POINT('',(-107.206697279942,-97.462334,-13.6));
#11003=CARTESIAN_POINT('Origin',(-107.206697279942,-97.462334,-12.065));
#11004=CARTESIAN_POINT('Origin',(-107.456697279736,-75.1624128478971,-13.85));
#11005=CARTESIAN_POINT('',(-107.706697279639,-103.802334000002,-14.1));
#11006=CARTESIAN_POINT('',(-107.206697279639,-103.802334,-13.6));
#11007=CARTESIAN_POINT('',(-107.706697279736,-75.162412847898,-14.1));
#11008=CARTESIAN_POINT('Origin',(-107.456697279804,-103.802334000001,-12.065));
#11009=CARTESIAN_POINT('',(-107.706697279632,-105.809570906795,-12.4));
#11010=CARTESIAN_POINT('',(-107.206697279548,-105.300332664886,-12.4));
#11011=CARTESIAN_POINT('Ctrl Pts',(-107.706697280006,-105.809570907174,
-12.4));
#11012=CARTESIAN_POINT('Ctrl Pts',(-107.420377449605,-105.51929084467,-12.4));
#11013=CARTESIAN_POINT('Ctrl Pts',(-107.206697279548,-105.300332664886,
-12.4));
#11014=CARTESIAN_POINT('Origin',(-107.206697279969,-103.802334,-12.065));
#11015=CARTESIAN_POINT('Origin',(-107.706697279639,-103.802334000002,-12.065));
#11016=CARTESIAN_POINT('Origin',(-51.5183046784345,-94.591822417212,-12.4));
#11017=CARTESIAN_POINT('',(-53.0928960975326,-131.272103095737,-12.4));
#11018=CARTESIAN_POINT('',(-51.663193706292,-131.412185630327,-12.4000000000001));
#11019=CARTESIAN_POINT('',(-53.0928960975326,-131.272103095737,-12.3999999999999));
#11020=CARTESIAN_POINT('',(-51.663193706292,-132.577128635134,-12.4));
#11021=CARTESIAN_POINT('',(-51.663193706292,-115.232638392892,-12.4));
#11022=CARTESIAN_POINT('',(-47.0312258964017,-133.029082924975,-12.4));
#11023=CARTESIAN_POINT('Origin',(-60.8407483255405,-250.5975413291,-12.4));
#11024=CARTESIAN_POINT('',(-29.6631937062921,-134.419865535469,-12.4));
#11025=CARTESIAN_POINT('Origin',(-19.570067387073,100.763655998469,-12.4));
#11026=CARTESIAN_POINT('',(-29.6631937062921,-133.218755308672,-12.4));
#11027=CARTESIAN_POINT('',(-29.6631937062921,-111.545912151104,-12.4));
#11028=CARTESIAN_POINT('',(-46.8912369830152,-131.83727626946,-12.4));
#11029=CARTESIAN_POINT('Origin',(-19.570067387073,100.763655998469,-12.4));
#11030=CARTESIAN_POINT('Origin',(-60.8407483255405,-250.5975413291,-12.4));
#11031=CARTESIAN_POINT('Origin',(-107.456697279802,-111.7497339851,-11.6650000149012));
#11032=CARTESIAN_POINT('',(-107.206697279574,-110.801169268327,-12.4));
#11033=CARTESIAN_POINT('',(-107.706697279617,-110.216836394943,-12.4));
#11034=CARTESIAN_POINT('Ctrl Pts',(-107.206697279574,-110.801169268327,
-12.4));
#11035=CARTESIAN_POINT('Ctrl Pts',(-107.397827468165,-110.559376355063,
-12.4));
#11036=CARTESIAN_POINT('Ctrl Pts',(-107.706697279989,-110.216836394531,
-12.4));
#11037=CARTESIAN_POINT('',(-107.706697279612,-111.749733985101,-13.3650000149019));
#11038=CARTESIAN_POINT('Origin',(-107.706697279612,-111.749733985101,-11.6650000149012));
#11039=CARTESIAN_POINT('',(-107.206697279991,-111.749733985099,-12.8650000149012));
#11040=CARTESIAN_POINT('',(-107.206697279991,-111.749733985099,-12.8650000149012));
#11041=CARTESIAN_POINT('Origin',(-107.206697279991,-111.749733985099,-11.6650000149012));
#11042=CARTESIAN_POINT('Origin',(-107.456697279703,-84.8413686466507,-13.1150000149012));
#11043=CARTESIAN_POINT('',(-107.206697279605,-113.949734014901,-12.8650000149012));
#11044=CARTESIAN_POINT('',(-107.706697279605,-113.949734014903,-13.3650000149012));
#11045=CARTESIAN_POINT('',(-107.206697279605,-113.949734014901,-12.8650000149012));
#11046=CARTESIAN_POINT('',(-107.206697279703,-84.8413686466498,-12.8650000149012));
#11047=CARTESIAN_POINT('',(-107.706697279703,-84.8413686466515,-13.3650000149012));
#11048=CARTESIAN_POINT('Origin',(-107.456697279803,-113.949734014902,-11.6650000149012));
#11049=CARTESIAN_POINT('',(-107.7066972796,-115.482631605057,-12.4));
#11050=CARTESIAN_POINT('',(-107.206697279582,-114.898298731673,-12.4));
#11051=CARTESIAN_POINT('Ctrl Pts',(-107.7066972796,-115.482631605057,-12.4));
#11052=CARTESIAN_POINT('Ctrl Pts',(-107.650681292377,-115.420509269627,
-12.4));
#11053=CARTESIAN_POINT('Ctrl Pts',(-107.36432512508,-115.097708862838,-12.4));
#11054=CARTESIAN_POINT('Ctrl Pts',(-107.206697279582,-114.898298731673,
-12.4));
#11055=CARTESIAN_POINT('Origin',(-107.206697280002,-113.949734014901,-11.6650000149012));
#11056=CARTESIAN_POINT('Origin',(-107.706697279605,-113.949734014903,-11.6650000149012));
#11057=CARTESIAN_POINT('Origin',(-105.306697279988,-113.949734014901,-12.8650000149012));
#11058=CARTESIAN_POINT('',(-106.506697279605,-113.949734014901,-12.8650000149012));
#11059=CARTESIAN_POINT('',(-105.306697279988,-113.949734014901,-12.8650000149012));
#11060=CARTESIAN_POINT('',(-106.506697279612,-111.749733985099,-12.8650000149012));
#11061=CARTESIAN_POINT('',(-106.506697279598,-115.849601220898,-12.8650000149012));
#11062=CARTESIAN_POINT('',(-105.306697279988,-111.749733985099,-12.8650000149012));
#11063=CARTESIAN_POINT('Origin',(6.55776516813672,-77.4470728956351,-12.4));
#11064=CARTESIAN_POINT('',(6.57616816817093,-55.7362261121974,-12.4));
#11065=CARTESIAN_POINT('',(6.57616323733002,-55.7362261080187,-12.4));
#11066=CARTESIAN_POINT('',(6.55776516966762,-77.4470728956362,-12.4));
#11067=CARTESIAN_POINT('',(6.57617063395332,-55.7362261142867,-12.4));
#11068=CARTESIAN_POINT('',(6.55776516813672,-77.4470728956351,-12.4));
#11069=CARTESIAN_POINT('Origin',(10.7786102789858,-78.8853407870178,-12.4));
#11070=CARTESIAN_POINT('',(6.85429019004332,-77.8338218792673,-12.4));
#11071=CARTESIAN_POINT('',(6.85429018988332,-77.8338218798642,-12.4));
#11072=CARTESIAN_POINT('',(10.7779821160055,-78.8851724711731,-12.4));
#11073=CARTESIAN_POINT('',(6.85429019004332,-77.8338218792673,-12.4));
#11074=CARTESIAN_POINT('',(10.7779821160055,-78.8851724711731,-12.4));
#11075=CARTESIAN_POINT('Origin',(-51.5183046784345,-94.591822417212,-12.4));
#11076=CARTESIAN_POINT('',(-86.2905537435405,-53.3330099994581,-12.4));
#11077=CARTESIAN_POINT('',(-61.5802966619295,-53.3330099999896,-12.4));
#11078=CARTESIAN_POINT('',(-86.2905537239725,-53.7907447723808,-12.4));
#11079=CARTESIAN_POINT('Origin',(-32.4990201142675,-65.8890009685755,-12.1));
#11080=CARTESIAN_POINT('',(-33.3105201142675,-65.8890009685755,-13.6));
#11081=CARTESIAN_POINT('Origin',(-32.4990201142675,-65.8890009685755,-13.6));
#11082=CARTESIAN_POINT('',(-33.3105201142675,-65.8890009685755,-10.6));
#11083=CARTESIAN_POINT('',(-33.3105201142675,-65.8890009685755,-12.1));
#11084=CARTESIAN_POINT('Origin',(-32.4990201142675,-65.8890009685755,-10.6));
#11085=CARTESIAN_POINT('Origin',(-32.4990201142675,-65.8890009685755,-10.6));
#11086=CARTESIAN_POINT('Origin',(-87.6066972798025,-90.23301,-12.1));
#11087=CARTESIAN_POINT('',(-88.4181972798025,-90.23301,-13.6));
#11088=CARTESIAN_POINT('Origin',(-87.6066972798025,-90.23301,-13.6));
#11089=CARTESIAN_POINT('',(-88.4181972798025,-90.23301,-10.6));
#11090=CARTESIAN_POINT('',(-88.4181972798025,-90.23301,-12.1));
#11091=CARTESIAN_POINT('Origin',(-87.6066972798025,-90.23301,-10.6));
#11092=CARTESIAN_POINT('Origin',(-87.6066972798025,-90.23301,-10.6));
#11093=CARTESIAN_POINT('Origin',(-36.8623802798025,-105.013870999999,-12.25));
#11094=CARTESIAN_POINT('',(-37.6738802798025,-105.013870999999,-13.6));
#11095=CARTESIAN_POINT('Origin',(-36.8623802798025,-105.013870999999,-13.6));
#11096=CARTESIAN_POINT('',(-37.6738802798025,-105.013870999999,-10.9));
#11097=CARTESIAN_POINT('',(-37.6738802798025,-105.013870999999,-12.25));
#11098=CARTESIAN_POINT('Origin',(-36.8623802798025,-105.013870999999,-10.9));
#11099=CARTESIAN_POINT('Origin',(-36.8623802798025,-105.013870999999,-10.9));
#11100=CARTESIAN_POINT('Origin',(-22.5010242798025,-129.879859999999,-12.35));
#11101=CARTESIAN_POINT('',(-23.3125242798025,-129.879859999999,-13.6));
#11102=CARTESIAN_POINT('Origin',(-22.5010242798025,-129.879859999999,-13.6));
#11103=CARTESIAN_POINT('',(-23.3125242798025,-129.879859999999,-11.1));
#11104=CARTESIAN_POINT('',(-23.3125242798025,-129.879859999999,-12.35));
#11105=CARTESIAN_POINT('Origin',(-22.5010242798025,-129.879859999999,-11.1));
#11106=CARTESIAN_POINT('Origin',(-22.5010242798025,-129.879859999999,-11.1));
#11107=CARTESIAN_POINT('Origin',(-22.5010242798025,-129.879859999999,-13.6));
#11108=CARTESIAN_POINT('',(-24.5510242798025,-129.879859999999,-13.6));
#11109=CARTESIAN_POINT('',(-24.5510242798025,-129.879859999999,-13.6));
#11110=CARTESIAN_POINT('Origin',(-22.5010242798025,-129.879859999999,-13.6));
#11111=CARTESIAN_POINT('Origin',(-29.6817022798025,-117.446865499999,-13.6));
#11112=CARTESIAN_POINT('Origin',(-36.8623802798025,-105.013870999999,-13.6));
#11113=CARTESIAN_POINT('',(-38.9123802798025,-105.013870999999,-13.6));
#11114=CARTESIAN_POINT('',(-38.9123802798025,-105.013870999999,-13.6));
#11115=CARTESIAN_POINT('Origin',(-36.8623802798025,-105.013870999999,-13.6));
#11116=CARTESIAN_POINT('Origin',(-29.6817022798025,-117.446865499999,-13.6));
#11117=CARTESIAN_POINT('Origin',(-87.6066972798025,-90.23301,-13.6));
#11118=CARTESIAN_POINT('',(-89.2935080143305,-88.8999047736399,-9.80000000000002));
#11119=CARTESIAN_POINT('',(-89.2935080147255,-88.8999047736399,-13.6));
#11120=CARTESIAN_POINT('',(-89.2935080142945,-91.5661152263601,-9.80000000000002));
#11121=CARTESIAN_POINT('Origin',(-87.6066972798025,-90.23301,-9.80000000000002));
#11122=CARTESIAN_POINT('',(-89.2935080147255,-91.5661152263601,-13.6));
#11123=CARTESIAN_POINT('Origin',(-89.2935080147255,-59.8156876578151,-9.80000000000002));
#11124=CARTESIAN_POINT('',(-89.2935080143335,-92.9674627202591,-9.80000000000002));
#11125=CARTESIAN_POINT('',(-89.2935080147255,-59.815687657815,-9.80000000000002));
#11126=CARTESIAN_POINT('',(-89.2935080148125,-92.9674627202591,-9.80000000000002));
#11127=CARTESIAN_POINT('Origin',(-86.2905537239725,-53.7907447723808,-11.9));
#11128=CARTESIAN_POINT('',(-86.2905537435405,-53.3330099999956,-12.15));
#11129=CARTESIAN_POINT('Origin',(-89.5530231954915,-53.3330099999946,-11.9));
#11130=CARTESIAN_POINT('',(-89.5530231954915,-53.3330099999946,-9.80000000000002));
#11131=CARTESIAN_POINT('',(-89.5530231035155,-55.4844480681399,-9.80000000000002));
#11132=CARTESIAN_POINT('',(-89.5530231954915,-53.3330099999946,-12.4));
#11133=CARTESIAN_POINT('',(-89.5530231954915,-53.3330099999946,-12.15));
#11134=CARTESIAN_POINT('',(-89.5530231954915,-53.3330099999946,-12.4));
#11135=CARTESIAN_POINT('Origin',(-104.106704001413,-53.33300999999,-12.4));
#11136=CARTESIAN_POINT('',(-104.106704001413,-53.33300999999,-9.80000000000002));
#11137=CARTESIAN_POINT('',(-77.8125043399175,-53.3330099999982,-9.80000000000001));
#11138=CARTESIAN_POINT('',(-104.106704001413,-53.33300999999,-12.4));
#11139=CARTESIAN_POINT('',(-71.6422886453813,-53.3330100000002,-12.4));
#11140=CARTESIAN_POINT('',(-79.6226558798255,-53.3330100000086,-13.6));
#11141=CARTESIAN_POINT('',(-61.5802966619295,-53.3330099999896,-12.4));
#11142=CARTESIAN_POINT('Origin',(-89.7530231143215,-53.9068601758082,-7.50000000000002));
#11143=CARTESIAN_POINT('',(-89.7530231143215,-53.9000021276277,-9.80000000000002));
#11144=CARTESIAN_POINT('',(-89.7530231143215,-53.9000021276277,-8.65000000000002));
#11145=CARTESIAN_POINT('',(-89.7530231142675,-55.2329389686631,-9.80000000000002));
#11146=CARTESIAN_POINT('',(-89.7530231142605,-55.3931256653761,-9.80000000000002));
#11147=CARTESIAN_POINT('',(-89.7530231142675,-55.2329389686631,-13.6));
#11148=CARTESIAN_POINT('Origin',(-103.606704001414,-53.9000021276276,-9.80000000000002));
#11149=CARTESIAN_POINT('',(-103.606704001414,-53.9000021276276,-9.80000000000002));
#11150=CARTESIAN_POINT('',(-103.606704001414,-53.9000021276276,-9.80000000000002));
#11151=CARTESIAN_POINT('',(-89.2317772338355,-53.9000021276277,-9.80000000000002));
#11152=CARTESIAN_POINT('Origin',(-87.6030231142675,-55.2329389685755,-13.6));
#11153=CARTESIAN_POINT('',(-89.2935080147255,-56.5613819674745,-9.80000000000002));
#11154=CARTESIAN_POINT('Origin',(-87.6030231142675,-55.2329389685755,-9.80000000000002));
#11155=CARTESIAN_POINT('',(-89.2935080147255,-56.5613819674745,-13.6));
#11156=CARTESIAN_POINT('Origin',(-89.2935080147255,-59.8156876578151,-9.80000000000002));
#11157=CARTESIAN_POINT('',(-89.2935080147255,-59.815687657815,-9.80000000000002));
#11158=CARTESIAN_POINT('Origin',(-51.663193706292,-135.873454368572,-13.6));
#11159=CARTESIAN_POINT('',(-51.663193706292,-130.40739703528,-10.9));
#11160=CARTESIAN_POINT('',(-51.663193706292,-128.500001884997,-10.9));
#11161=CARTESIAN_POINT('',(-51.663193706292,-131.249563718993,-10.9));
#11162=CARTESIAN_POINT('',(-51.663193706292,-128.500001884997,-13.6));
#11163=CARTESIAN_POINT('',(-51.6631937052937,-131.572656394574,-9.68439023163125));
#11164=CARTESIAN_POINT('',(-51.663193706292,-129.233178625711,-9.68439023159802));
#11165=CARTESIAN_POINT('',(-51.6631937057136,-132.577128635179,-10.6860631744459));
#11166=CARTESIAN_POINT('Ctrl Pts',(-51.663193706292,-131.572656394574,-9.68439023159801));
#11167=CARTESIAN_POINT('Ctrl Pts',(-51.663193706292,-131.688507601762,-9.68439024857042));
#11168=CARTESIAN_POINT('Ctrl Pts',(-51.663193706292,-131.804385964186,-9.70517689710951));
#11169=CARTESIAN_POINT('Ctrl Pts',(-51.663193706292,-132.007433607679,-9.77814876489143));
#11170=CARTESIAN_POINT('Ctrl Pts',(-51.6631937062919,-132.113233480237,
-9.83157182477077));
#11171=CARTESIAN_POINT('Ctrl Pts',(-51.6631937062919,-132.309158135508,
-9.99464307013441));
#11172=CARTESIAN_POINT('Ctrl Pts',(-51.663193706292,-132.389023186182,-10.0926607774507));
#11173=CARTESIAN_POINT('Ctrl Pts',(-51.663193706292,-132.490240270082,-10.2752926636835));
#11174=CARTESIAN_POINT('Ctrl Pts',(-51.663193706292,-132.522196269563,-10.3541864760686));
#11175=CARTESIAN_POINT('Ctrl Pts',(-51.663193706292,-132.565654368763,-10.5173780261205));
#11176=CARTESIAN_POINT('Ctrl Pts',(-51.663193706292,-132.577128635134,-10.6016059119681));
#11177=CARTESIAN_POINT('Ctrl Pts',(-51.663193706292,-132.577128635134,-10.686063174407));
#11178=CARTESIAN_POINT('',(-51.663193706292,-132.577128635134,-15.5));
#11179=CARTESIAN_POINT('',(-51.663193706292,-131.411919681135,-11.9070180520965));
#11180=CARTESIAN_POINT('',(-51.663193706292,-131.412185630327,-12.4000000000001));
#11181=CARTESIAN_POINT('',(-51.663193706292,-131.411819407769,-11.721135662378));
#11182=CARTESIAN_POINT('',(-51.663193706292,-131.411919681135,-11.9070180520965));
#11183=CARTESIAN_POINT('',(-51.663193706292,-131.411152411002,-10.4845376890754));
#11184=CARTESIAN_POINT('',(-51.663193706292,-131.411819407769,-11.721135662378));
#11185=CARTESIAN_POINT('',(-51.663193706292,-131.411152411002,-12.75));
#11186=CARTESIAN_POINT('',(-51.663193706292,-130.40739703528,-13.6));
#11187=CARTESIAN_POINT('Origin',(-31.663193706292,-128.500001884997,-13.6));
#11188=CARTESIAN_POINT('',(-31.663193706292,-126.500001884997,-10.9));
#11189=CARTESIAN_POINT('',(-29.6631937062921,-128.500001884997,-10.9));
#11190=CARTESIAN_POINT('Origin',(-31.663193706292,-128.500001884997,-10.9));
#11191=CARTESIAN_POINT('',(-29.6631937062921,-128.500001884997,-13.6));
#11192=CARTESIAN_POINT('',(-31.663193706292,-126.500001884997,-13.6));
#11193=CARTESIAN_POINT('Origin',(-49.663193706292,-126.500001884997,-13.6));
#11194=CARTESIAN_POINT('',(-49.663193706292,-126.500001884997,-10.9));
#11195=CARTESIAN_POINT('',(-45.1550282820437,-126.500001884997,-10.9));
#11196=CARTESIAN_POINT('',(-49.663193706292,-126.500001884997,-13.6));
#11197=CARTESIAN_POINT('Origin',(-29.6631937062921,-128.500001884997,-13.6));
#11198=CARTESIAN_POINT('',(-29.6631937062921,-132.217821379249,-10.9));
#11199=CARTESIAN_POINT('',(-29.6631937062921,-127.562837477205,-10.9));
#11200=CARTESIAN_POINT('',(-29.6631937062921,-132.217821379249,-13.6));
#11201=CARTESIAN_POINT('',(-29.6631937062921,-133.218755308672,-12.4));
#11202=CARTESIAN_POINT('',(-29.663193706274,-134.419865535047,-11.1078194041272));
#11203=CARTESIAN_POINT('',(-29.6631937062921,-134.419865535469,-12.4));
#11204=CARTESIAN_POINT('Ctrl Pts',(-29.6631937062921,-134.419865534201,
-11.1078194041272));
#11205=CARTESIAN_POINT('Ctrl Pts',(-29.6631937062921,-134.419865521493,
-11.0234184927089));
#11206=CARTESIAN_POINT('Ctrl Pts',(-29.6631937062921,-134.408431214878,
-10.9392414244574));
#11207=CARTESIAN_POINT('Ctrl Pts',(-29.6631937062921,-134.365094442925,
-10.7760996590919));
#11208=CARTESIAN_POINT('Ctrl Pts',(-29.6631937062921,-134.333209507262,
-10.6972004023524));
#11209=CARTESIAN_POINT('Ctrl Pts',(-29.6631937062921,-134.232308160002,
-10.5147945644876));
#11210=CARTESIAN_POINT('Ctrl Pts',(-29.6631937062921,-134.152776009771,
-10.4169439029164));
#11211=CARTESIAN_POINT('Ctrl Pts',(-29.6631937062921,-133.957324368389,
-10.253852240381));
#11212=CARTESIAN_POINT('Ctrl Pts',(-29.6631937062921,-133.851751003946,
-10.2004977416237));
#11213=CARTESIAN_POINT('Ctrl Pts',(-29.6631937062921,-133.649373259884,
-10.12759928415));
#11214=CARTESIAN_POINT('Ctrl Pts',(-29.6631937062921,-133.533736767686,
-10.1068118115676));
#11215=CARTESIAN_POINT('Ctrl Pts',(-29.6631937062921,-133.418112950653,
-10.1068118115676));
#11216=CARTESIAN_POINT('Origin',(-49.6631937062921,-128.500001884997,-13.6));
#11217=CARTESIAN_POINT('Origin',(-49.6631937062921,-128.500001884997,-10.9));
#11218=CARTESIAN_POINT('Ctrl Pts',(-53.0797685718029,-131.27295619681,-11.7114957561736));
#11219=CARTESIAN_POINT('Ctrl Pts',(-52.6075769499659,-131.319243933796,
-11.7147090582417));
#11220=CARTESIAN_POINT('Ctrl Pts',(-52.135385328129,-131.365531670783,-11.7179223603099));
#11221=CARTESIAN_POINT('Ctrl Pts',(-51.663193706292,-131.411819407769,-11.721135662378));
#11222=CARTESIAN_POINT('Ctrl Pts',(-53.0785705256389,-131.273034118824,
-11.6486610082164));
#11223=CARTESIAN_POINT('Ctrl Pts',(-52.6063846943816,-131.319323333616,
-11.6521675486149));
#11224=CARTESIAN_POINT('Ctrl Pts',(-52.1341988599648,-131.365612506603,
-11.6556741603587));
#11225=CARTESIAN_POINT('Ctrl Pts',(-51.6620130287076,-131.411901721396,
-11.6591807007572));
#11226=CARTESIAN_POINT('Ctrl Pts',(-53.0638328287901,-131.273993473517,
-10.8756984021338));
#11227=CARTESIAN_POINT('Ctrl Pts',(-52.5917182076389,-131.320300649753,
-10.88281226001));
#11228=CARTESIAN_POINT('Ctrl Pts',(-52.1196035818424,-131.366607764565,
-10.8899262225543));
#11229=CARTESIAN_POINT('Ctrl Pts',(-51.6474889606912,-131.412914940801,
-10.8970400804305));
#11230=CARTESIAN_POINT('Ctrl Pts',(-53.0558650353057,-131.274513308987,
-10.4577970334746));
#11231=CARTESIAN_POINT('Ctrl Pts',(-52.5837889061031,-131.320830093884,
-10.4668613582187));
#11232=CARTESIAN_POINT('Ctrl Pts',(-52.1117127769004,-131.36714687878,-10.4759256829627));
#11233=CARTESIAN_POINT('Ctrl Pts',(-51.6396366476978,-131.413463663676,
-10.4849900077068));
#11234=CARTESIAN_POINT('',(-53.0797685718028,-131.27295619681,-11.711495756173));
#11235=CARTESIAN_POINT('',(-53.0797685718029,-131.27295619681,-11.7114957561736));
#11236=CARTESIAN_POINT('',(-53.0558650353057,-131.274513308987,-10.4577970334762));
#11237=CARTESIAN_POINT('',(-53.0797685718029,-131.27295619681,-11.7114957561736));
#11238=CARTESIAN_POINT('',(-49.0867597415919,-131.663933965418,-10.5340077484416));
#11239=CARTESIAN_POINT('Origin',(-43.1049576669524,-132.250826254274,-11.9));
#11240=CARTESIAN_POINT('',(-53.0558650353057,-131.274513308987,-11.9));
#11241=CARTESIAN_POINT('Origin',(-43.0391421387149,-131.252383383083,-13.6));
#11242=CARTESIAN_POINT('',(-52.9953828431752,-130.276868869424,-10.9));
#11243=CARTESIAN_POINT('Origin',(-40.6468628577954,-126.625673069413,-10.9));
#11244=CARTESIAN_POINT('',(-28.8571343235662,-121.000001788139,-10.9));
#11245=CARTESIAN_POINT('Origin',(-19.570067387073,100.763655998469,-10.9));
#11246=CARTESIAN_POINT('Origin',(-19.570067387073,100.763655998469,-13.6));
#11247=CARTESIAN_POINT('Origin',(-19.570067387073,100.763655998469,-12.4));
#11248=CARTESIAN_POINT('',(-19.5700674076331,-133.436344001531,-12.4));
#11249=CARTESIAN_POINT('',(-46.8912369830152,-131.83727626946,-12.4));
#11250=CARTESIAN_POINT('Origin',(-51.5183046784345,-94.591822417212,-12.4));
#11251=CARTESIAN_POINT('Origin',(-52.4365913920247,-121.000001788139,-13.6));
#11252=CARTESIAN_POINT('Origin',(-52.9340202264132,-130.291321161261,-9.65998911584816));
#11253=CARTESIAN_POINT('Origin',(-60.8215696129369,-250.6417047612,-9.50854043062645));
#11254=CARTESIAN_POINT('Origin',(-60.8407483255405,-250.5975413291,-12.4));
#11255=CARTESIAN_POINT('Origin',(-60.8407483255405,-250.5975413291,257.415624480367));
#11256=CARTESIAN_POINT('',(-82.9845592009475,-133.08906902329,-12.4));
#11257=CARTESIAN_POINT('Origin',(-87.6030231142675,-55.2329389685755,-12.1));
#11258=CARTESIAN_POINT('',(-88.4145231142675,-55.2329389685755,-13.6));
#11259=CARTESIAN_POINT('Origin',(-87.6030231142675,-55.2329389685755,-13.6));
#11260=CARTESIAN_POINT('',(-88.4145231142675,-55.2329389685755,-10.6));
#11261=CARTESIAN_POINT('',(-88.4145231142675,-55.2329389685755,-12.1));
#11262=CARTESIAN_POINT('Origin',(-87.6030231142675,-55.2329389685755,-10.6));
#11263=CARTESIAN_POINT('Origin',(-87.6030231142675,-55.2329389685755,-10.6));
#11264=CARTESIAN_POINT('Origin',(-87.6030231142675,-55.2329389685755,-13.6));
#11265=CARTESIAN_POINT('Origin',(-100.304908275182,-114.000001683832,-12.1));
#11266=CARTESIAN_POINT('',(-101.304908275182,-115.000001683831,-9.80000000000002));
#11267=CARTESIAN_POINT('',(-101.304908275182,-115.000001683831,-12.1));
#11268=CARTESIAN_POINT('',(-99.7049082751825,-113.400001683831,-9.80000000000002));
#11269=CARTESIAN_POINT('',(-83.0555625040215,-96.7506559126696,-9.80000000000002));
#11270=CARTESIAN_POINT('',(-99.7049082751825,-113.400001683831,-12.1));
#11271=CARTESIAN_POINT('Origin',(-101.304908275182,-113.400001683831,-12.1));
#11272=CARTESIAN_POINT('',(-87.3143769643245,-113.400001683835,-9.80000000000002));
#11273=CARTESIAN_POINT('',(-95.4308027774965,-113.400001683833,-9.80000000000002));
#11274=CARTESIAN_POINT('',(-87.3066972797275,-113.400001683835,-9.80014745747733));
#11275=CARTESIAN_POINT('',(-76.3849143561445,-113.400001683839,-10.0098564028714));
#11276=CARTESIAN_POINT('',(-87.3066972797275,-113.400001683835,-12.1));
#11277=CARTESIAN_POINT('Origin',(-95.1066972798025,-117.533009999999,-12.1));
#11278=CARTESIAN_POINT('',(-95.9181972798025,-117.533009999999,-13.6));
#11279=CARTESIAN_POINT('Origin',(-95.1066972798025,-117.533009999999,-13.6));
#11280=CARTESIAN_POINT('',(-95.9181972798025,-117.533009999999,-10.6));
#11281=CARTESIAN_POINT('',(-95.9181972798025,-117.533009999999,-12.1));
#11282=CARTESIAN_POINT('Origin',(-95.1066972798025,-117.533009999999,-10.6));
#11283=CARTESIAN_POINT('Origin',(-95.1066972798025,-117.533009999999,-10.6));
#11284=CARTESIAN_POINT('Origin',(-95.1066972798025,-117.533009999999,-13.6));
#11285=CARTESIAN_POINT('',(-97.0566972798025,-117.533009999999,-13.6));
#11286=CARTESIAN_POINT('',(-97.0566972798025,-117.533009999999,-13.6));
#11287=CARTESIAN_POINT('Origin',(-95.1066972798025,-117.533009999999,-13.6));
#11288=CARTESIAN_POINT('Origin',(-95.1066972798025,-117.533009999999,-13.6));
#11289=CARTESIAN_POINT('Origin',(-88.7935080145995,-52.1330099999883,-6.80000000000002));
#11290=CARTESIAN_POINT('',(-104.106704001412,-52.13300999999,-10.));
#11291=CARTESIAN_POINT('',(-88.7735080145995,-52.1330099999948,-10.));
#11292=CARTESIAN_POINT('',(-77.8125043399175,-52.1330099999982,-10.));
#11293=CARTESIAN_POINT('',(-87.3162968874619,-52.1330099999952,-9.99999999903703));
#11294=CARTESIAN_POINT('',(-77.8125043399175,-52.1330099999982,-10.));
#11295=CARTESIAN_POINT('',(-73.0281647728775,-52.1330099999997,-10.2743461519006));
#11296=CARTESIAN_POINT('',(-77.7862563326355,-52.1330099999982,-10.1829861267045));
#11297=CARTESIAN_POINT('',(-73.0281647728775,-52.1330099999997,-12.4));
#11298=CARTESIAN_POINT('',(-104.106704001412,-52.13300999999,-12.4));
#11299=CARTESIAN_POINT('Origin',(-34.3851564714315,-50.0663211577,-12.4));
#11300=CARTESIAN_POINT('',(-34.385177732906,-47.666344,-12.4));
#11301=CARTESIAN_POINT('',(-32.1096352535117,-49.3035016871713,-12.4));
#11302=CARTESIAN_POINT('Origin',(-51.6287491061123,-47.6663439999957,-12.4));
#11303=CARTESIAN_POINT('',(-51.6287491061123,-47.6663439999958,-12.4));
#11304=CARTESIAN_POINT('Origin',(-51.6286891908395,-50.06639886412,-12.4));
#11305=CARTESIAN_POINT('',(-53.9922132524831,-49.6492449782262,-12.4));
#11306=CARTESIAN_POINT('Origin',(-54.0256470984228,-49.8387045068611,-12.4));
#11307=CARTESIAN_POINT('',(-54.1422886453812,-50.499677,-12.4));
#11308=CARTESIAN_POINT('Origin',(-69.1287375433907,-50.4996769999974,-12.4));
#11309=CARTESIAN_POINT('',(-69.1287375433907,-50.4996769999974,-12.4));
#11310=CARTESIAN_POINT('Origin',(-69.1287315071475,-52.8996814263601,-12.4));
#11311=CARTESIAN_POINT('',(-71.4922157704118,-52.4825922465694,-12.4));
#11312=CARTESIAN_POINT('Origin',(-71.5256470984228,-52.6720375068612,-12.4));
#11313=CARTESIAN_POINT('Origin',(-104.106674874182,-55.73303240561,-12.4));
#11314=CARTESIAN_POINT('',(-106.506697279802,-55.7330032783896,-9.80000000000002));
#11315=CARTESIAN_POINT('',(-106.506697279802,-55.7330032783896,-12.4));
#11316=CARTESIAN_POINT('Origin',(-104.106674874182,-55.73303240561,-9.80000000000002));
#11317=CARTESIAN_POINT('Origin',(-51.5142225130682,-94.591822417212,-10.487398082112));
#11318=CARTESIAN_POINT('',(-87.3143769643165,-87.8021922354329,-9.80000000000002));
#11319=CARTESIAN_POINT('',(-87.2752034940235,-91.8508551557566,-9.80075216905522));
#11320=CARTESIAN_POINT('',(-87.3143769643185,-94.5918224172008,-9.80000000000002));
#11321=CARTESIAN_POINT('Origin',(-92.3155500495165,-117.398035751273,-9.00000000000002));
#11322=CARTESIAN_POINT('',(-92.3155500495165,-117.398035751273,-9.00000000000002));
#11323=CARTESIAN_POINT('',(-92.3155500495165,-117.398035751273,-12.1));
#11324=CARTESIAN_POINT('',(-89.5295333925425,-130.505213601102,-9.00000000000002));
#11325=CARTESIAN_POINT('',(-93.7528039182115,-110.636287925688,-9.00000000000002));
#11326=CARTESIAN_POINT('',(-89.5295333925425,-130.505213601102,-12.1));
#11327=CARTESIAN_POINT('Origin',(-87.7692045497015,-130.131044154857,-9.00000000000002));
#11328=CARTESIAN_POINT('',(-87.3950351034565,-131.891372997699,-9.00000000000002));
#11329=CARTESIAN_POINT('Origin',(-87.7692045497015,-130.131044154857,-9.00000000000002));
#11330=CARTESIAN_POINT('',(-87.3950351034565,-131.891372997699,-12.1));
#11331=CARTESIAN_POINT('Origin',(-87.3950351034565,-131.891372997699,-9.00000000000002));
#11332=CARTESIAN_POINT('',(-66.439322970642,-127.437098879376,-9.00000000000001));
#11333=CARTESIAN_POINT('',(-74.2878572536265,-129.105356340726,-9.00000000000002));
#11334=CARTESIAN_POINT('Origin',(-74.6620266998715,-127.345027497884,-9.00000000000002));
#11335=CARTESIAN_POINT('',(-72.9016978570292,-126.970858051639,-12.1));
#11336=CARTESIAN_POINT('Origin',(-107.306697279988,-95.927334,-11.505));
#11337=CARTESIAN_POINT('',(-107.206697279524,-95.927334,-11.505));
#11338=CARTESIAN_POINT('',(-107.206697279666,-95.927334,-12.065));
#11339=CARTESIAN_POINT('',(-107.206697279666,-95.927334,-11.9525));
#11340=CARTESIAN_POINT('',(-106.506697279666,-95.927334,-12.065));
#11341=CARTESIAN_POINT('',(-107.306697279988,-95.927334,-12.065));
#11342=CARTESIAN_POINT('',(-106.506697279666,-95.927334,-11.505));
#11343=CARTESIAN_POINT('',(-106.506697279666,-95.927334,-11.9525));
#11344=CARTESIAN_POINT('',(-107.306697279988,-95.927334,-11.505));
#11345=CARTESIAN_POINT('Origin',(-107.306697279988,-97.462334,-12.065));
#11346=CARTESIAN_POINT('Origin',(-107.206697279523,-97.462334,-12.065));
#11347=CARTESIAN_POINT('Origin',(-106.506697279592,-97.462334,-12.065));
#11348=CARTESIAN_POINT('Origin',(-32.4990201142675,-65.8890009685755,-13.6));
#11349=CARTESIAN_POINT('',(-30.5490201142675,-65.8890009685755,-13.6));
#11350=CARTESIAN_POINT('Origin',(-32.4990201142675,-65.8890009685755,-13.6));
#11351=CARTESIAN_POINT('Origin',(-32.4990201142675,-65.8890009685755,-13.6));
#11352=CARTESIAN_POINT('',(-30.5490201142675,-65.8890009685755,-13.6));
#11353=CARTESIAN_POINT('Origin',(-87.6066972798025,-90.23301,-13.6));
#11354=CARTESIAN_POINT('Origin',(2.97784442027442,-133.436344003511,-12.4));
#11355=CARTESIAN_POINT('',(2.97784442027442,-133.436344003511,-12.4));
#11356=CARTESIAN_POINT('Origin',(2.97791071887852,-131.0363949986,-12.4));
#11357=CARTESIAN_POINT('',(5.37785974716262,-131.036384593715,-12.4));
#11358=CARTESIAN_POINT('Origin',(5.37159268782452,-108.611445811335,-12.4));
#11359=CARTESIAN_POINT('',(5.37159268782452,-108.611445811335,-12.4));
#11360=CARTESIAN_POINT('Origin',(6.97093798365562,-108.6109669921,-12.4));
#11361=CARTESIAN_POINT('',(5.42610443181232,-108.196968321665,-12.4));
#11362=CARTESIAN_POINT('Origin',(12.166189064896,-83.0426324551276,-12.4));
#11363=CARTESIAN_POINT('',(12.1679394703509,-83.0360998536674,-12.4));
#11364=CARTESIAN_POINT('Origin',(9.85570168007452,-82.3711772853,-12.4));
#11365=CARTESIAN_POINT('',(10.4694143790767,-80.044823412006,-12.4));
#11366=CARTESIAN_POINT('Origin',(6.54370719564502,-78.9929328338673,-12.4));
#11367=CARTESIAN_POINT('',(6.54370719564502,-78.9929328338673,-12.4));
#11368=CARTESIAN_POINT('Origin',(6.95787727062552,-77.44735132802,-12.4));
#11369=CARTESIAN_POINT('',(5.35776559900252,-77.4460559995499,-12.4));
#11370=CARTESIAN_POINT('Origin',(5.37615783759772,-55.7420896743003,-12.4));
#11371=CARTESIAN_POINT('',(5.37616366819582,-55.7352092119335,-13.6));
#11372=CARTESIAN_POINT('Origin',(2.97600663413452,-55.73317528596,-12.4));
#11373=CARTESIAN_POINT('',(2.97621084214602,-53.33301,-12.4));
#11374=CARTESIAN_POINT('Origin',(-30.0566132606209,-53.3330100009909,-12.4));
#11375=CARTESIAN_POINT('',(-30.0566132606209,-53.3330100009909,-12.4));
#11376=CARTESIAN_POINT('Origin',(-30.0566414315245,-51.73310241344,-12.4));
#11377=CARTESIAN_POINT('',(-31.6322521610737,-52.0108705114514,-12.4));
#11378=CARTESIAN_POINT('Origin',(-32.1192508092058,-49.2489692662989,-12.4));
#11379=CARTESIAN_POINT('Origin',(-87.3050742451725,-88.7636483886257,-11.9));
#11380=CARTESIAN_POINT('',(-87.5627634242355,-62.1309141314653,-9.80000000000002));
#11381=CARTESIAN_POINT('',(-87.3605376648485,-83.0313839504923,-9.80000000000002));
#11382=CARTESIAN_POINT('',(-87.5627634242345,-62.1309141314651,-13.6));
#11383=CARTESIAN_POINT('Origin',(-105.306697279988,-111.749733985099,-11.6650000149012));
#11384=CARTESIAN_POINT('',(-107.206697279616,-110.549733985099,-11.6650000149013));
#11385=CARTESIAN_POINT('Origin',(-107.206697279572,-111.749733985099,-11.6650000149012));
#11386=CARTESIAN_POINT('',(-106.506697279616,-110.549733985099,-11.6650000149013));
#11387=CARTESIAN_POINT('Origin',(-106.506697279592,-111.749733985099,-11.6650000149012));
#11388=CARTESIAN_POINT('',(-107.706697279988,-110.549733985099,-11.6650000149013));
#11389=CARTESIAN_POINT('Origin',(-107.306697279988,-103.802334,-12.065));
#11390=CARTESIAN_POINT('',(-107.206697279548,-105.337334,-12.065));
#11391=CARTESIAN_POINT('Origin',(-107.206697279554,-103.802334,-12.065));
#11392=CARTESIAN_POINT('',(-106.506697279634,-105.337334,-12.065));
#11393=CARTESIAN_POINT('',(-107.306697279988,-105.337334,-12.065));
#11394=CARTESIAN_POINT('Origin',(-106.506697279592,-103.802334,-12.065));
#11395=CARTESIAN_POINT('Origin',(-107.306697279988,-105.337334,-12.065));
#11396=CARTESIAN_POINT('',(-107.206697279635,-105.337334,-11.505));
#11397=CARTESIAN_POINT('',(-107.206697279635,-105.337334,-12.2325000000002));
#11398=CARTESIAN_POINT('',(-106.506697279634,-105.337334,-11.505));
#11399=CARTESIAN_POINT('',(-107.306697279988,-105.337334,-11.505));
#11400=CARTESIAN_POINT('',(-106.506697279634,-105.337334,-12.2325000000002));
#11401=CARTESIAN_POINT('Origin',(-72.651237157225,-187.923934351297,-12.4));
#11402=CARTESIAN_POINT('',(-82.7623372215125,-134.268313438946,-10.083884759242));
#11403=CARTESIAN_POINT('',(-87.0525378511138,-135.257412363328,-9.9999999865327));
#11404=CARTESIAN_POINT('Origin',(-72.651237157225,-187.923934351297,-10.2815835318532));
#11405=CARTESIAN_POINT('',(-95.1637684517135,-138.181136533777,-10.));
#11406=CARTESIAN_POINT('Origin',(-72.651237157225,-187.923934351297,-10.));
#11407=CARTESIAN_POINT('',(-95.1637684517135,-138.181136533777,-12.4));
#11408=CARTESIAN_POINT('',(-82.7623372215125,-134.268313438946,-12.4));
#11409=CARTESIAN_POINT('Origin',(6.85429019004332,-77.8338218792673,-12.4));
#11410=CARTESIAN_POINT('',(6.85429019963711,-77.8338218818389,-11.8031973350551));
#11411=CARTESIAN_POINT('',(10.7779821846784,-78.8851724893417,-11.8785954072299));
#11412=CARTESIAN_POINT('',(-18.2780342673168,-71.0996325767436,-11.320632780645));
#11413=CARTESIAN_POINT('',(10.7779821160055,-78.8851724711731,-12.4));
#11414=CARTESIAN_POINT('',(6.85429019004332,-77.8338218792673,-12.4));
#11415=CARTESIAN_POINT('Origin',(6.95787727062552,-77.44735132802,-12.4));
#11416=CARTESIAN_POINT('',(6.55776516929933,-77.4470728956358,-11.7832730983867));
#11417=CARTESIAN_POINT('Origin',(6.95787727062552,-77.44735132802,-11.8101566180624));
#11418=CARTESIAN_POINT('',(6.55776517043312,-77.4470728956368,-12.4));
#11419=CARTESIAN_POINT('Origin',(6.57617063395332,-55.7362261142867,-12.4));
#11420=CARTESIAN_POINT('',(6.57617063322932,-55.7362261143849,-11.7836265021926));
#11421=CARTESIAN_POINT('',(6.55967976539582,-75.1886390067319,-11.783309861359));
#11422=CARTESIAN_POINT('',(6.57617063395332,-55.7362261142867,-12.4));
#11423=CARTESIAN_POINT('Origin',(2.97600663413452,-55.73317528596,-12.4));
#11424=CARTESIAN_POINT('',(2.97621084714353,-52.1330100000002,-11.7337041722708));
#11425=CARTESIAN_POINT('Ctrl Pts',(2.97621085721052,-52.1330100000008,-11.733703628082));
#11426=CARTESIAN_POINT('Ctrl Pts',(3.08669197958502,-52.1330162671561,-11.7352357383018));
#11427=CARTESIAN_POINT('Ctrl Pts',(3.19723736556882,-52.1381125130535,-11.7367682003655));
#11428=CARTESIAN_POINT('Ctrl Pts',(3.41742777414342,-52.1584644912534,-11.7398203160718));
#11429=CARTESIAN_POINT('Ctrl Pts',(3.52707272793712,-52.1737162621772,-11.741339974454));
#11430=CARTESIAN_POINT('Ctrl Pts',(3.74450681725142,-52.2142513480133,-11.7443539229133));
#11431=CARTESIAN_POINT('Ctrl Pts',(3.85229586938012,-52.2395328863674,-11.7458482172699));
#11432=CARTESIAN_POINT('Ctrl Pts',(4.06507999476272,-52.2999056478191,-11.7487988744471));
#11433=CARTESIAN_POINT('Ctrl Pts',(4.17007455037112,-52.3349972197299,-11.7502552354765));
#11434=CARTESIAN_POINT('Ctrl Pts',(4.37640022387492,-52.4146927227395,-11.7531180108054));
#11435=CARTESIAN_POINT('Ctrl Pts',(4.47772847097242,-52.4593028503115,-11.7545243910146));
#11436=CARTESIAN_POINT('Ctrl Pts',(4.67579113504532,-52.5576200196421,-11.7572737811394));
#11437=CARTESIAN_POINT('Ctrl Pts',(4.77252342291292,-52.6113303495117,-11.7586167664796));
#11438=CARTESIAN_POINT('Ctrl Pts',(4.96060613291872,-52.7273844511831,-11.7612272022951));
#11439=CARTESIAN_POINT('Ctrl Pts',(5.05195054192242,-52.7897368847499,-11.7624945729287));
#11440=CARTESIAN_POINT('Ctrl Pts',(5.16791544359252,-52.8769658412005,-11.7641016002834));
#11441=CARTESIAN_POINT('Ctrl Pts',(5.19536327107702,-52.8982412048522,-11.7644818138377));
#11442=CARTESIAN_POINT('Ctrl Pts',(5.31125584674612,-52.9907848746492,-11.7660863313634));
#11443=CARTESIAN_POINT('Ctrl Pts',(5.39671675731822,-53.0659137104721,-11.767265390135));
#11444=CARTESIAN_POINT('Ctrl Pts',(5.56016048075012,-53.2239421823018,-11.7695164248657));
#11445=CARTESIAN_POINT('Ctrl Pts',(5.63814873133512,-53.3068355454167,-11.7705884827178));
#11446=CARTESIAN_POINT('Ctrl Pts',(5.78593451200482,-53.4796420895206,-11.7726194311766));
#11447=CARTESIAN_POINT('Ctrl Pts',(5.85573762074172,-53.5695499329426,-11.7735784023466));
#11448=CARTESIAN_POINT('Ctrl Pts',(5.98653008185572,-53.75558545337,-11.7753772658077));
#11449=CARTESIAN_POINT('Ctrl Pts',(6.04752336925482,-53.8517098764124,-11.7762172142748));
#11450=CARTESIAN_POINT('Ctrl Pts',(6.16014266613122,-54.0493119630313,-11.7777719290044));
#11451=CARTESIAN_POINT('Ctrl Pts',(6.21177180138172,-54.1507874040106,-11.7784867395874));
#11452=CARTESIAN_POINT('Ctrl Pts',(6.30519528268732,-54.3581754846888,-11.779785030649));
#11453=CARTESIAN_POINT('Ctrl Pts',(6.34699179404742,-54.4640867405144,-11.7803685421304));
#11454=CARTESIAN_POINT('Ctrl Pts',(6.42037897809072,-54.6794072697102,-11.7813981196507));
#11455=CARTESIAN_POINT('Ctrl Pts',(6.45196905916112,-54.7888163599203,-11.7818441793599));
#11456=CARTESIAN_POINT('Ctrl Pts',(6.50464962666472,-55.0101220085872,-11.782592444954));
#11457=CARTESIAN_POINT('Ctrl Pts',(6.52574049777062,-55.1220181007232,-11.7828946572354));
#11458=CARTESIAN_POINT('Ctrl Pts',(6.55724098697272,-55.3473105013013,-11.783348968841));
#11459=CARTESIAN_POINT('Ctrl Pts',(6.56764745544622,-55.4607068738798,-11.7835010245387));
#11460=CARTESIAN_POINT('Ctrl Pts',(6.57504783470142,-55.628257643121,-11.7836097780675));
#11461=CARTESIAN_POINT('Ctrl Pts',(6.57621637711432,-55.6822455344126,-11.7836271365352));
#11462=CARTESIAN_POINT('Ctrl Pts',(6.57617063322932,-55.7362261143849,-11.7836265021926));
#11463=CARTESIAN_POINT('',(2.97621084211002,-52.13301,-12.4));
#11464=CARTESIAN_POINT('Origin',(-108.748967563469,-117.237390333198,-12.4));
#11465=CARTESIAN_POINT('',(-107.995032714804,-118.038378625227,-10.));
#11466=CARTESIAN_POINT('',(-107.706697279593,-117.5890615651,-10.));
#11467=CARTESIAN_POINT('Origin',(-108.748967563469,-117.237390333198,-10.));
#11468=CARTESIAN_POINT('',(-107.706697279593,-117.5890615651,-12.4));
#11469=CARTESIAN_POINT('',(-107.995032714804,-118.038378625227,-12.4));
#11470=CARTESIAN_POINT('Origin',(-114.398106142675,-120.972762891693,-12.4));
#11471=CARTESIAN_POINT('',(-114.398106142675,-120.972762891693,-10.));
#11472=CARTESIAN_POINT('',(-83.4194027692445,-106.775921203319,-10.));
#11473=CARTESIAN_POINT('',(-114.398106142675,-120.972762891693,-12.4));
#11474=CARTESIAN_POINT('Origin',(-112.898180598812,-124.2454923276,-12.4));
#11475=CARTESIAN_POINT('',(-116.160997297789,-125.766860720024,-10.));
#11476=CARTESIAN_POINT('Origin',(-112.898180598812,-124.2454923276,-10.));
#11477=CARTESIAN_POINT('',(-116.160997297789,-125.766860720024,-12.4));
#11478=CARTESIAN_POINT('Origin',(-109.226128811761,-140.638735496354,-12.4));
#11479=CARTESIAN_POINT('',(-109.226128811761,-140.638735496354,-10.));
#11480=CARTESIAN_POINT('',(-112.891137081327,-132.779099203464,-10.));
#11481=CARTESIAN_POINT('',(-109.226128811761,-140.638735496354,-12.4));
#11482=CARTESIAN_POINT('Origin',(-105.963419194683,-139.1172918197,-12.4));
#11483=CARTESIAN_POINT('',(-104.47908040304,-142.397048404909,-10.));
#11484=CARTESIAN_POINT('Origin',(-105.963419194683,-139.1172918197,-10.));
#11485=CARTESIAN_POINT('',(-104.47908040304,-142.397048404909,-12.4));
#11486=CARTESIAN_POINT('Origin',(-95.1637684517135,-138.181136533777,-12.4));
#11487=CARTESIAN_POINT('',(-68.8641280817052,-126.278479207673,-10.));
#11488=CARTESIAN_POINT('Origin',(2.97783613273792,-134.636344003425,-12.4));
#11489=CARTESIAN_POINT('',(2.97783613528456,-134.63634399964,-11.7337361235342));
#11490=CARTESIAN_POINT('',(-19.5700674077384,-134.636344001531,-11.300794058774));
#11491=CARTESIAN_POINT('',(-24.2637188315497,-134.636344001137,-11.2106713473979));
#11492=CARTESIAN_POINT('',(-19.5700674077384,-134.636344001531,-12.4));
#11493=CARTESIAN_POINT('',(2.97783613273792,-134.636344003425,-11.7337361235342));
#11494=CARTESIAN_POINT('Origin',(2.97791071887852,-131.0363949986,-12.4));
#11495=CARTESIAN_POINT('',(6.57785970030112,-131.036049231777,-11.7836589277925));
#11496=CARTESIAN_POINT('Ctrl Pts',(6.57785970030112,-131.036049231777,-11.7836589271312));
#11497=CARTESIAN_POINT('Ctrl Pts',(6.57787032155192,-131.146632313587,-11.7836590743638));
#11498=CARTESIAN_POINT('Ctrl Pts',(6.57278127650892,-131.257279177958,-11.7835858918187));
#11499=CARTESIAN_POINT('Ctrl Pts',(6.55242479778322,-131.477670232697,-11.7832972395313));
#11500=CARTESIAN_POINT('Ctrl Pts',(6.53716129484272,-131.587414353214,-11.783081824479));
#11501=CARTESIAN_POINT('Ctrl Pts',(6.49658430062262,-131.805042560932,-11.7825131210551));
#11502=CARTESIAN_POINT('Ctrl Pts',(6.47127257463852,-131.912926563984,-11.7821598559909));
#11503=CARTESIAN_POINT('Ctrl Pts',(6.41082152399642,-132.12589450642,-11.7813197413988));
#11504=CARTESIAN_POINT('Ctrl Pts',(6.37568185817602,-132.230977931471,-11.7808328856949));
#11505=CARTESIAN_POINT('Ctrl Pts',(6.29587305535562,-132.437472875871,-11.7797295428254));
#11506=CARTESIAN_POINT('Ctrl Pts',(6.25119779265832,-132.538881552979,-11.7791129702201));
#11507=CARTESIAN_POINT('Ctrl Pts',(6.15273378731372,-132.737095411794,-11.7777544480627));
#11508=CARTESIAN_POINT('Ctrl Pts',(6.09894179314682,-132.833898484067,-11.7770124509939));
#11509=CARTESIAN_POINT('Ctrl Pts',(5.98270902307192,-133.022110458996,-11.7754067464621));
#11510=CARTESIAN_POINT('Ctrl Pts',(5.92025970426452,-133.113513425258,-11.7745429153895));
#11511=CARTESIAN_POINT('Ctrl Pts',(5.83357570483582,-133.228640754828,-11.7733399314321));
#11512=CARTESIAN_POINT('Ctrl Pts',(5.81297454832582,-133.255218047787,-11.7730537664764));
#11513=CARTESIAN_POINT('Ctrl Pts',(5.72113062069212,-133.37033908179,-11.7717765543158));
#11514=CARTESIAN_POINT('Ctrl Pts',(5.64599856147012,-133.455875248302,-11.7707296786765));
#11515=CARTESIAN_POINT('Ctrl Pts',(5.48795335747282,-133.619463687267,-11.7685269637923));
#11516=CARTESIAN_POINT('Ctrl Pts',(5.40504635775732,-133.697521276454,-11.7673712073157));
#11517=CARTESIAN_POINT('Ctrl Pts',(5.23220280045312,-133.845439253561,-11.7649634418819));
#11518=CARTESIAN_POINT('Ctrl Pts',(5.14227145086482,-133.915305071366,-11.7637115006425));
#11519=CARTESIAN_POINT('Ctrl Pts',(4.95618073319142,-134.046214980456,-11.761123771372));
#11520=CARTESIAN_POINT('Ctrl Pts',(4.86002456213912,-134.10726292746,-11.7597880225146));
#11521=CARTESIAN_POINT('Ctrl Pts',(4.66235190003752,-134.219982794498,-11.7570451256789));
#11522=CARTESIAN_POINT('Ctrl Pts',(4.56083759556252,-134.271657778654,-11.7556380027014));
#11523=CARTESIAN_POINT('Ctrl Pts',(4.35336586181082,-134.365163524101,-11.7527647432411));
#11524=CARTESIAN_POINT('Ctrl Pts',(4.24740979724152,-134.406996409792,-11.7512986205212));
#11525=CARTESIAN_POINT('Ctrl Pts',(4.03199511899282,-134.480446254432,-11.7483194581797));
#11526=CARTESIAN_POINT('Ctrl Pts',(3.92253668757852,-134.512062621686,-11.7468064164013));
#11527=CARTESIAN_POINT('Ctrl Pts',(3.70112890857432,-134.564785271972,-11.7437460222805));
#11528=CARTESIAN_POINT('Ctrl Pts',(3.58918002899862,-134.585891949957,-11.7421986714987));
#11529=CARTESIAN_POINT('Ctrl Pts',(3.36378040677232,-134.617413103904,-11.7390816240916));
#11530=CARTESIAN_POINT('Ctrl Pts',(3.25032961049732,-134.627824514715,-11.7375119212823));
#11531=CARTESIAN_POINT('Ctrl Pts',(3.08374998246482,-134.635177584387,-11.735204586661));
#11532=CARTESIAN_POINT('Ctrl Pts',(3.03079012070592,-134.636345092991,-11.7344706507938));
#11533=CARTESIAN_POINT('Ctrl Pts',(2.97783613273932,-134.636343995855,-11.733736321981));
#11534=CARTESIAN_POINT('',(6.57785970030112,-131.036049231777,-12.4));
#11535=CARTESIAN_POINT('Origin',(6.57160736503462,-108.663796468047,-12.4));
#11536=CARTESIAN_POINT('',(6.57160736503462,-108.663796468048,-11.7835388768223));
#11537=CARTESIAN_POINT('',(6.56963876107772,-101.619691595561,-11.7835010776952));
#11538=CARTESIAN_POINT('',(6.57160736503462,-108.663796468047,-14.8));
#11539=CARTESIAN_POINT('Origin',(7.37095270164322,-108.663573076371,-12.4));
#11540=CARTESIAN_POINT('',(6.59884437173692,-108.456687252906,-11.7847161109971));
#11541=CARTESIAN_POINT('Origin',(7.37064031825172,-108.663724954261,-11.8180745670801));
#11542=CARTESIAN_POINT('',(6.59884437173692,-108.456687252906,-12.4));
#11543=CARTESIAN_POINT('Origin',(13.3245073609569,-83.3561736887933,-12.4));
#11544=CARTESIAN_POINT('',(13.3245073168337,-83.3561738441798,-11.9139314144188));
#11545=CARTESIAN_POINT('',(9.74784870334982,-96.7044442300559,-11.8451800830466));
#11546=CARTESIAN_POINT('',(13.3245073609569,-83.3561736887933,-12.4));
#11547=CARTESIAN_POINT('Origin',(9.85570168007452,-82.3711772853,-12.4));
#11548=CARTESIAN_POINT('Origin',(9.85570168007452,-82.3711772853,-11.8657976892222));
#11549=CARTESIAN_POINT('Origin',(-105.306697279988,-110.549733985099,-11.6650000149013));
#11550=CARTESIAN_POINT('',(-107.206697279572,-110.549733985099,-10.8));
#11551=CARTESIAN_POINT('',(-107.206697279616,-110.549733985099,-12.0325000074507));
#11552=CARTESIAN_POINT('',(-106.506697279616,-110.549733985099,-10.8));
#11553=CARTESIAN_POINT('',(-106.506697279616,-110.549733985099,-12.0325000074507));
#11554=CARTESIAN_POINT('',(-105.306697279988,-110.549733985099,-10.8));
#11555=CARTESIAN_POINT('Origin',(-105.306697279988,-114.149734014901,-10.8));
#11556=CARTESIAN_POINT('',(-107.206697279601,-115.149734014901,-10.8));
#11557=CARTESIAN_POINT('',(-107.206697279585,-114.995639184264,-10.2666666666661));
#11558=CARTESIAN_POINT('Origin',(-107.206697279585,-114.149734014901,-10.8));
#11559=CARTESIAN_POINT('',(-107.206697279602,-114.7497340149,-9.99999999999921));
#11560=CARTESIAN_POINT('Ctrl Pts',(-107.206697279593,-114.995639184264,
-10.2666666666662));
#11561=CARTESIAN_POINT('Ctrl Pts',(-107.206697279593,-114.963194151944,
-10.2152065031171));
#11562=CARTESIAN_POINT('Ctrl Pts',(-107.206742422828,-114.926120754259,
-10.1668138357114));
#11563=CARTESIAN_POINT('Ctrl Pts',(-107.206741127514,-114.884879046494,
-10.1220901368733));
#11564=CARTESIAN_POINT('Ctrl Pts',(-107.20673983221,-114.843637708727,-10.0773668392721));
#11565=CARTESIAN_POINT('Ctrl Pts',(-107.206697279593,-114.798401879918,
-10.0365008987627));
#11566=CARTESIAN_POINT('Ctrl Pts',(-107.206697279593,-114.7497340149,-9.99999999999926));
#11567=CARTESIAN_POINT('',(-107.186493176717,-114.149734014901,-9.80000000000002));
#11568=CARTESIAN_POINT('Ctrl Pts',(-107.206697279603,-114.7497340149,-9.99999999999924));
#11569=CARTESIAN_POINT('Ctrl Pts',(-107.206697279602,-114.731479709439,
-9.98630927090381));
#11570=CARTESIAN_POINT('Ctrl Pts',(-107.206408651552,-114.712779198179,
-9.97325919439291));
#11571=CARTESIAN_POINT('Ctrl Pts',(-107.205273488558,-114.673013574238,
-9.94748451515495));
#11572=CARTESIAN_POINT('Ctrl Pts',(-107.204311054981,-114.652085524218,
-9.93500325041188));
#11573=CARTESIAN_POINT('Ctrl Pts',(-107.201146194262,-114.584699548954,
-9.89800224108322));
#11574=CARTESIAN_POINT('Ctrl Pts',(-107.199047657713,-114.536399932816,
-9.87626374502109));
#11575=CARTESIAN_POINT('Ctrl Pts',(-107.191795432847,-114.372460635314,
-9.81761306064062));
#11576=CARTESIAN_POINT('Ctrl Pts',(-107.186493176717,-114.257982388088,
-9.80000000000002));
#11577=CARTESIAN_POINT('Ctrl Pts',(-107.186493176717,-114.149734014901,
-9.80000000000002));
#11578=CARTESIAN_POINT('',(-106.506697279604,-114.149734014901,-9.80000000000002));
#11579=CARTESIAN_POINT('',(-105.306697279988,-114.149734014901,-9.80000000000002));
#11580=CARTESIAN_POINT('',(-106.506697279601,-115.149734014901,-10.8));
#11581=CARTESIAN_POINT('Origin',(-106.506697279592,-114.149734014901,-10.8));
#11582=CARTESIAN_POINT('',(-105.306697279988,-115.149734014901,-10.8));
#11583=CARTESIAN_POINT('Origin',(-105.306697279988,-111.549733985099,-10.8));
#11584=CARTESIAN_POINT('',(-107.186493176726,-111.549733985099,-9.80000000000002));
#11585=CARTESIAN_POINT('',(-107.206697279615,-110.949733985098,-10.0000000000008));
#11586=CARTESIAN_POINT('Ctrl Pts',(-107.186493176727,-111.549733985099,
-9.80000000000002));
#11587=CARTESIAN_POINT('Ctrl Pts',(-107.186493176727,-111.441488549447,
-9.80000000000002));
#11588=CARTESIAN_POINT('Ctrl Pts',(-107.191795588342,-111.327003824389,
-9.81761432167596));
#11589=CARTESIAN_POINT('Ctrl Pts',(-107.199047657496,-111.163068034749,
-9.87626375904131));
#11590=CARTESIAN_POINT('Ctrl Pts',(-107.201146193657,-111.11476842648,-9.89800225339651));
#11591=CARTESIAN_POINT('Ctrl Pts',(-107.204311054938,-111.047382462574,
-9.93500325819785));
#11592=CARTESIAN_POINT('Ctrl Pts',(-107.205273488608,-111.026454415381,
-9.94748452161881));
#11593=CARTESIAN_POINT('Ctrl Pts',(-107.20640865161,-110.986688796873,-9.97325919784586));
#11594=CARTESIAN_POINT('Ctrl Pts',(-107.206697279615,-110.967988288158,
-9.98630927270593));
#11595=CARTESIAN_POINT('Ctrl Pts',(-107.206697279615,-110.949733985098,
-10.0000000000008));
#11596=CARTESIAN_POINT('',(-107.206697279568,-110.703828815735,-10.2666666666672));
#11597=CARTESIAN_POINT('Ctrl Pts',(-107.206697279593,-110.949733985098,
-10.0000000000008));
#11598=CARTESIAN_POINT('Ctrl Pts',(-107.206697279593,-110.90106612008,-10.0365008987643));
#11599=CARTESIAN_POINT('Ctrl Pts',(-107.20673983221,-110.855830291272,-10.0773668392731));
#11600=CARTESIAN_POINT('Ctrl Pts',(-107.206741127513,-110.814588953505,
-10.1220901368747));
#11601=CARTESIAN_POINT('Ctrl Pts',(-107.206742422827,-110.773347245742,
-10.1668138357106));
#11602=CARTESIAN_POINT('Ctrl Pts',(-107.206697279593,-110.736273848056,
-10.2152065031171));
#11603=CARTESIAN_POINT('Ctrl Pts',(-107.206697279593,-110.703828815735,
-10.2666666666675));
#11604=CARTESIAN_POINT('Origin',(-107.206697279568,-111.549733985099,-10.8));
#11605=CARTESIAN_POINT('',(-106.506697279613,-111.549733985099,-9.80000000000002));
#11606=CARTESIAN_POINT('Origin',(-106.506697279592,-111.549733985099,-10.8));
#11607=CARTESIAN_POINT('',(-105.306697279988,-111.549733985099,-9.80000000000002));
#11608=CARTESIAN_POINT('Origin',(-107.306697279988,-103.802334,-11.505));
#11609=CARTESIAN_POINT('',(-107.206697279544,-104.835531941102,-10.3697788697782));
#11610=CARTESIAN_POINT('Origin',(-107.206697279547,-103.802334,-11.505));
#11611=CARTESIAN_POINT('',(-107.206697279638,-104.104327377409,-9.99999999999971));
#11612=CARTESIAN_POINT('Ctrl Pts',(-107.20669727959,-104.835531941102,-10.369778869778));
#11613=CARTESIAN_POINT('Ctrl Pts',(-107.20669727959,-104.733149725374,-10.2765978218928));
#11614=CARTESIAN_POINT('Ctrl Pts',(-107.207023046684,-104.618628779039,
-10.197690122735));
#11615=CARTESIAN_POINT('Ctrl Pts',(-107.206990954717,-104.371511445261,
-10.0727174412175));
#11616=CARTESIAN_POINT('Ctrl Pts',(-107.206697279592,-104.240072485771,
-10.0272386204256));
#11617=CARTESIAN_POINT('Ctrl Pts',(-107.206697279593,-104.104327377409,
-9.99999999999967));
#11618=CARTESIAN_POINT('',(-107.206247178344,-103.802334,-9.97000000000004));
#11619=CARTESIAN_POINT('Ctrl Pts',(-107.206697279639,-104.104327377409,
-9.99999999999967));
#11620=CARTESIAN_POINT('Ctrl Pts',(-107.206697279638,-104.054635898331,
-9.99002890525206));
#11621=CARTESIAN_POINT('Ctrl Pts',(-107.206641303218,-104.004485336538,
-9.98252554268792));
#11622=CARTESIAN_POINT('Ctrl Pts',(-107.206417021435,-103.903617674515,
-9.9725068342908));
#11623=CARTESIAN_POINT('Ctrl Pts',(-107.206247178344,-103.852986038128,
-9.97000000000004));
#11624=CARTESIAN_POINT('Ctrl Pts',(-107.206247178344,-103.802334,-9.97000000000004));
#11625=CARTESIAN_POINT('',(-106.506697279639,-103.802334,-9.97000000000004));
#11626=CARTESIAN_POINT('',(-107.306697279988,-103.802334,-9.97000000000004));
#11627=CARTESIAN_POINT('Origin',(-106.506697279592,-103.802334,-11.505));
#11628=CARTESIAN_POINT('Origin',(-107.306697279988,-103.802334,-9.97000000000004));
#11629=CARTESIAN_POINT('',(-107.206247178365,-97.462334,-9.97000000000003));
#11630=CARTESIAN_POINT('',(-107.206247178336,-106.090441991249,-9.97000000000004));
#11631=CARTESIAN_POINT('',(-106.506697279661,-97.462334,-9.97000000000003));
#11632=CARTESIAN_POINT('',(-107.306697279988,-97.462334,-9.97000000000003));
#11633=CARTESIAN_POINT('',(-106.506697279616,-110.725930376326,-9.97000000000004));
#11634=CARTESIAN_POINT('Origin',(-107.306697279988,-97.462334,-11.505));
#11635=CARTESIAN_POINT('',(-107.206697279663,-97.1603406225876,-10.0000000000004));
#11636=CARTESIAN_POINT('Ctrl Pts',(-107.206247178365,-97.462334,-9.97000000000003));
#11637=CARTESIAN_POINT('Ctrl Pts',(-107.206247178365,-97.4116819618714,
-9.97000000000003));
#11638=CARTESIAN_POINT('Ctrl Pts',(-107.206417021457,-97.3610503254844,
-9.97250683429079));
#11639=CARTESIAN_POINT('Ctrl Pts',(-107.206641303241,-97.2601826634608,
-9.98252554268801));
#11640=CARTESIAN_POINT('Ctrl Pts',(-107.206697279662,-97.2100321016667,
-9.99002890525236));
#11641=CARTESIAN_POINT('Ctrl Pts',(-107.206697279663,-97.1603406225876,
-10.0000000000003));
#11642=CARTESIAN_POINT('',(-107.206697279519,-96.4291360588962,-10.3697788697796));
#11643=CARTESIAN_POINT('Ctrl Pts',(-107.206697279593,-97.1603406225876,
-10.0000000000003));
#11644=CARTESIAN_POINT('Ctrl Pts',(-107.206697279593,-97.0245955142258,
-10.0272386204265));
#11645=CARTESIAN_POINT('Ctrl Pts',(-107.206990954719,-96.8931565547356,
-10.0727174412187));
#11646=CARTESIAN_POINT('Ctrl Pts',(-107.207023046687,-96.6460392209591,
-10.1976901227361));
#11647=CARTESIAN_POINT('Ctrl Pts',(-107.206697279593,-96.5315182746242,
-10.2765978218941));
#11648=CARTESIAN_POINT('Ctrl Pts',(-107.206697279593,-96.4291360588962,
-10.3697788697796));
#11649=CARTESIAN_POINT('Origin',(-107.206697279519,-97.462334,-11.505));
#11650=CARTESIAN_POINT('Origin',(-106.506697279592,-97.462334,-11.505));
#11651=CARTESIAN_POINT('Origin',(-73.0281647728775,-51.6330099999997,-12.4));
#11652=CARTESIAN_POINT('',(-72.5526246441094,-51.7874819583974,-10.3017386627006));
#11653=CARTESIAN_POINT('Origin',(-73.0281647728775,-51.6330099999997,-10.2743461519006));
#11654=CARTESIAN_POINT('',(-72.5526246441094,-51.7874819583974,-14.8));
#11655=CARTESIAN_POINT('Origin',(-69.1287315071475,-52.89968142636,-12.4));
#11656=CARTESIAN_POINT('',(-69.1287375431871,-49.2996769999969,-10.3492189960398));
#11657=CARTESIAN_POINT('Origin',(-69.1287315071475,-52.89968142636,-10.3492190955869));
#11658=CARTESIAN_POINT('',(-69.1287375433904,-49.2996769999974,-12.4));
#11659=CARTESIAN_POINT('Origin',(-69.1287375433905,-49.2996769999968,-12.4));
#11660=CARTESIAN_POINT('',(-55.5281591051213,-49.2996769999997,-10.6103634266123));
#11661=CARTESIAN_POINT('',(-60.3037185248923,-49.2996769999987,-10.5186680013695));
#11662=CARTESIAN_POINT('',(-55.5281591051213,-49.2996769999998,-12.4));
#11663=CARTESIAN_POINT('Origin',(-55.5281591051212,-48.7996769999997,-12.4));
#11664=CARTESIAN_POINT('',(-55.0526203571073,-48.9541532089684,-10.6377558578767));
#11665=CARTESIAN_POINT('Origin',(-55.5281591051212,-48.7996769999997,-10.6103634266123));
#11666=CARTESIAN_POINT('',(-55.0526203571073,-48.9541532089684,-14.8));
#11667=CARTESIAN_POINT('Origin',(-51.6286891908395,-50.06639886412,-12.4));
#11668=CARTESIAN_POINT('',(-51.6287491041079,-46.466343999949,-10.6852360837046));
#11669=CARTESIAN_POINT('Origin',(-51.6286891908395,-50.06639886412,-10.6852370739866));
#11670=CARTESIAN_POINT('',(-51.628749106112,-46.4663439999957,-12.4));
#11671=CARTESIAN_POINT('Origin',(-51.628749106112,-46.4663439999334,-12.4));
#11672=CARTESIAN_POINT('',(-34.3851777327044,-46.466344,-11.0163294645342));
#11673=CARTESIAN_POINT('',(-51.556949044738,-46.4663439999337,-10.6866145551621));
#11674=CARTESIAN_POINT('',(-34.3851777329057,-46.466344,-12.4));
#11675=CARTESIAN_POINT('Origin',(-34.3851564714315,-50.0663211577,-12.4));
#11676=CARTESIAN_POINT('',(-30.9652255637602,-48.9420844730189,-11.0637551654884));
#11677=CARTESIAN_POINT('Ctrl Pts',(-34.3851777323018,-46.466344,-11.0163295216819));
#11678=CARTESIAN_POINT('Ctrl Pts',(-34.2728246935482,-46.4663433364615,
-11.0178875596117));
#11679=CARTESIAN_POINT('Ctrl Pts',(-34.1604382066254,-46.4716067187959,
-11.0194458117916));
#11680=CARTESIAN_POINT('Ctrl Pts',(-33.9366401893394,-46.4926259130588,
-11.0225487507094));
#11681=CARTESIAN_POINT('Ctrl Pts',(-33.8252288272908,-46.5083793553069,
-11.0240934403973));
#11682=CARTESIAN_POINT('Ctrl Pts',(-33.6043410347547,-46.5502435837078,
-11.0271562962428));
#11683=CARTESIAN_POINT('Ctrl Pts',(-33.4948653996586,-46.5763565208935,
-11.0286744566441));
#11684=CARTESIAN_POINT('Ctrl Pts',(-33.278857749635,-46.6387015816536,-11.0316703534961));
#11685=CARTESIAN_POINT('Ctrl Pts',(-33.1723262698609,-46.6749341770701,
-11.0331480876042));
#11686=CARTESIAN_POINT('Ctrl Pts',(-32.9631082535122,-46.7572038390172,
-11.0360502989372));
#11687=CARTESIAN_POINT('Ctrl Pts',(-32.8604245165159,-46.8032468776372,
-11.0374747422477));
#11688=CARTESIAN_POINT('Ctrl Pts',(-32.6864280450197,-46.8912645295442,
-11.0398877335516));
#11689=CARTESIAN_POINT('Ctrl Pts',(-32.6140044038235,-46.9310900864915,
-11.0408918750745));
#11690=CARTESIAN_POINT('Ctrl Pts',(-32.4447278342044,-47.0319065922132,
-11.0432375758465));
#11691=CARTESIAN_POINT('Ctrl Pts',(-32.3491601376199,-47.0951820209465,
-11.044559714236));
#11692=CARTESIAN_POINT('Ctrl Pts',(-32.1644826718238,-47.2305590964896,
-11.0471132808137));
#11693=CARTESIAN_POINT('Ctrl Pts',(-32.0753706859625,-47.3026570843351,
-11.0483447442558));
#11694=CARTESIAN_POINT('Ctrl Pts',(-31.9044188663069,-47.4550221808597,
-11.0507079670563));
#11695=CARTESIAN_POINT('Ctrl Pts',(-31.8225770728937,-47.535286539079,-11.0518397569926));
#11696=CARTESIAN_POINT('Ctrl Pts',(-31.6669129704477,-47.7032520125859,
-11.0539946241437));
#11697=CARTESIAN_POINT('Ctrl Pts',(-31.59308910716,-47.790951195405,-11.055017725756));
#11698=CARTESIAN_POINT('Ctrl Pts',(-31.454125356827,-47.9729972709432,-11.0569463098394));
#11699=CARTESIAN_POINT('Ctrl Pts',(-31.3889855752098,-48.0673437978648,
-11.0578517938455));
#11700=CARTESIAN_POINT('Ctrl Pts',(-31.2679973855822,-48.2618081894148,
-11.0595358868535));
#11701=CARTESIAN_POINT('Ctrl Pts',(-31.2121482073165,-48.3619251567998,
-11.060314508932));
#11702=CARTESIAN_POINT('Ctrl Pts',(-31.110239229895,-48.5670319650292,-11.061735913603));
#11703=CARTESIAN_POINT('Ctrl Pts',(-31.0641810256741,-48.6720222009008,
-11.062378676236));
#11704=CARTESIAN_POINT('Ctrl Pts',(-31.002592028374,-48.8328606222074,-11.0632362634272));
#11705=CARTESIAN_POINT('Ctrl Pts',(-30.983248884041,-48.8872574862905,-11.0635052299869));
#11706=CARTESIAN_POINT('Ctrl Pts',(-30.9652255653273,-48.9420844682583,
-11.0637551654971));
#11707=CARTESIAN_POINT('',(-30.9652255611286,-48.9420844810056,-12.4));
#11708=CARTESIAN_POINT('Origin',(-31.9152123972636,-49.2543744283074,-12.4));
#11709=CARTESIAN_POINT('',(-30.9304047016038,-49.0807259253791,-11.0637551655249));
#11710=CARTESIAN_POINT('Origin',(-31.9152123972636,-49.2543744283074,-11.0637551655047));
#11711=CARTESIAN_POINT('',(-30.9304047016133,-49.0807259253254,-14.8));
#11712=CARTESIAN_POINT('Origin',(-30.9418333190315,-49.0159111403181,-12.4));
#11713=CARTESIAN_POINT('',(-30.4504829250694,-51.8024923095099,-11.0729699072794));
#11714=CARTESIAN_POINT('',(-27.3548439695723,-69.3586993361722,-11.1324094388752));
#11715=CARTESIAN_POINT('',(-30.4504829262819,-51.8024923079375,-12.4));
#11716=CARTESIAN_POINT('Origin',(-30.0566414315245,-51.73310241344,-12.4));
#11717=CARTESIAN_POINT('',(-30.0566132731749,-52.1330100006197,-11.099442766959));
#11718=CARTESIAN_POINT('Ctrl Pts',(-30.4504829235519,-51.8024923128144,
-11.0729696819327));
#11719=CARTESIAN_POINT('Ctrl Pts',(-30.4467562379435,-51.8236441437518,
-11.0732201693098));
#11720=CARTESIAN_POINT('Ctrl Pts',(-30.4413186670015,-51.8445098558535,
-11.0735885290551));
#11721=CARTESIAN_POINT('Ctrl Pts',(-30.4271622773767,-51.8850961364671,
-11.0745436309689));
#11722=CARTESIAN_POINT('Ctrl Pts',(-30.4184451121676,-51.9048165610854,
-11.0751302774283));
#11723=CARTESIAN_POINT('Ctrl Pts',(-30.397955103007,-51.9426103868083,-11.0765055553364));
#11724=CARTESIAN_POINT('Ctrl Pts',(-30.3861794215075,-51.9606814615591,
-11.077294396399));
#11725=CARTESIAN_POINT('Ctrl Pts',(-30.363662675585,-51.989810894683,-11.0788045556913));
#11726=CARTESIAN_POINT('Ctrl Pts',(-30.3535901158179,-52.0013971499313,
-11.0794806462587));
#11727=CARTESIAN_POINT('Ctrl Pts',(-30.3275653706609,-52.0280741383449,
-11.0812328717256));
#11728=CARTESIAN_POINT('Ctrl Pts',(-30.310926300033,-52.0425348784483,-11.0823553387263));
#11729=CARTESIAN_POINT('Ctrl Pts',(-30.2754904319861,-52.0685332347845,
-11.0847436217018));
#11730=CARTESIAN_POINT('Ctrl Pts',(-30.256695293528,-52.0800720420771,-11.0860093596168));
#11731=CARTESIAN_POINT('Ctrl Pts',(-30.217465387559,-52.0999055193265,-11.0886474428168));
#11732=CARTESIAN_POINT('Ctrl Pts',(-30.197032206589,-52.1082019317233,-11.090019720583));
#11733=CARTESIAN_POINT('Ctrl Pts',(-30.1550717108341,-52.1213303608802,
-11.0928355934938));
#11734=CARTESIAN_POINT('Ctrl Pts',(-30.1335447164128,-52.1261613211147,
-11.0942792063177));
#11735=CARTESIAN_POINT('Ctrl Pts',(-30.0934988055657,-52.1317349524048,
-11.0969659592167));
#11736=CARTESIAN_POINT('Ctrl Pts',(-30.0750537906704,-52.1330112968495,
-11.0982039731693));
#11737=CARTESIAN_POINT('Ctrl Pts',(-30.0566133183373,-52.1330100004988,
-11.0994434407683));
#11738=CARTESIAN_POINT('',(-30.0566132606569,-52.1330100009909,-12.4));
#11739=CARTESIAN_POINT('Origin',(-30.056613260657,-52.1330100004948,-12.4));
#11740=CARTESIAN_POINT('',(-40.7748562392511,-52.1330100006553,-10.893641313266));
#11741=CARTESIAN_POINT('Origin',(-31.9152123972636,-49.2543744283074,-11.0637551655047));
#11742=CARTESIAN_POINT('Origin',(-31.9152123983174,-49.2543744197257,-11.0637551655047));
#11743=CARTESIAN_POINT('Origin',(-31.9152123972636,-49.2543744283074,-11.0637551655249));
#11744=CARTESIAN_POINT('Origin',(-72.651237157225,-187.923934351297,-10.));
#11745=CARTESIAN_POINT('Ctrl Pts',(-87.0525378559505,-135.257412364935,
-9.99999997971364));
#11746=CARTESIAN_POINT('Ctrl Pts',(-87.0525158767525,-135.257406355107,
-9.9975774815405));
#11747=CARTESIAN_POINT('Ctrl Pts',(-87.0524960376545,-135.257391174445,
-9.99515521403586));
#11748=CARTESIAN_POINT('Ctrl Pts',(-87.0521796468875,-135.256934868379,
-9.94918251125102));
#11749=CARTESIAN_POINT('Ctrl Pts',(-87.0526810803835,-135.253582813529,
-9.90585770534652));
#11750=CARTESIAN_POINT('Ctrl Pts',(-87.0552233220045,-135.241238150298,
-9.81884418691687));
#11751=CARTESIAN_POINT('Ctrl Pts',(-87.0573095839735,-135.23208026352,-9.77518203710572));
#11752=CARTESIAN_POINT('Ctrl Pts',(-87.0628187122585,-135.209020379897,
-9.69199636627131));
#11753=CARTESIAN_POINT('Ctrl Pts',(-87.0661508525805,-135.195447077109,
-9.65238343973735));
#11754=CARTESIAN_POINT('Ctrl Pts',(-87.0743610595225,-135.162617117881,
-9.57237693605667));
#11755=CARTESIAN_POINT('Ctrl Pts',(-87.0792980493515,-135.143158191761,
-9.53236994943635));
#11756=CARTESIAN_POINT('Ctrl Pts',(-87.0904447453785,-135.0997001091,-9.45569458569825));
#11757=CARTESIAN_POINT('Ctrl Pts',(-87.0966436438565,-135.075739553591,
-9.41900017900916));
#11758=CARTESIAN_POINT('Ctrl Pts',(-87.1097436366435,-135.025468340173,
-9.35185816712535));
#11759=CARTESIAN_POINT('Ctrl Pts',(-87.1165510931485,-134.99949093981,-9.321145779821));
#11760=CARTESIAN_POINT('Ctrl Pts',(-87.1303052069535,-134.947271982238,
-9.26665045663804));
#11761=CARTESIAN_POINT('Ctrl Pts',(-87.1371023898135,-134.921567947976,
-9.24261239554647));
#11762=CARTESIAN_POINT('Ctrl Pts',(-87.1530013727855,-134.86166966165,-9.19264396224648));
#11763=CARTESIAN_POINT('Ctrl Pts',(-87.1622765401365,-134.826870520697,
-9.16751326786997));
#11764=CARTESIAN_POINT('Ctrl Pts',(-87.1818135485175,-134.753827729615,
-9.12191415980889));
#11765=CARTESIAN_POINT('Ctrl Pts',(-87.1920857429585,-134.715548170843,
-9.1015018905795));
#11766=CARTESIAN_POINT('Ctrl Pts',(-87.2040201236805,-134.671205091337,
-9.08157007133974));
#11767=CARTESIAN_POINT('Ctrl Pts',(-87.2053155469825,-134.66639350557,-9.07945445661532));
#11768=CARTESIAN_POINT('Ctrl Pts',(-87.2173337404655,-134.621769610329,
-9.06026807322133));
#11769=CARTESIAN_POINT('Ctrl Pts',(-87.2283439563525,-134.580999565445,
-9.04591360474932));
#11770=CARTESIAN_POINT('Ctrl Pts',(-87.2506851201465,-134.498485211965,
-9.02295353324774));
#11771=CARTESIAN_POINT('Ctrl Pts',(-87.2620125346045,-134.456752036775,
-9.01429650096149));
#11772=CARTESIAN_POINT('Ctrl Pts',(-87.2842275506325,-134.37510989319,-9.00310360672306));
#11773=CARTESIAN_POINT('Ctrl Pts',(-87.2950993144055,-134.335246695502,
-9.00022269230844));
#11774=CARTESIAN_POINT('Ctrl Pts',(-87.3060296215795,-134.295266456071,
-9.00001281969154));
#11775=CARTESIAN_POINT('',(-95.5760858746895,-137.270096280709,-9.00000000000002));
#11776=CARTESIAN_POINT('Origin',(-72.651237157225,-187.923934351297,-9.00000000000002));
#11777=CARTESIAN_POINT('Origin',(-95.5760858746895,-137.270096280709,-10.));
#11778=CARTESIAN_POINT('Origin',(-69.2764455046812,-125.367438954605,-10.));
#11779=CARTESIAN_POINT('',(-104.89139570157,-141.486007190364,-9.00000000000002));
#11780=CARTESIAN_POINT('',(-69.2764455046812,-125.367438954605,-9.00000000000001));
#11781=CARTESIAN_POINT('Origin',(-104.89139570157,-141.486007190364,-10.));
#11782=CARTESIAN_POINT('Origin',(-105.963419194683,-139.1172918197,-10.));
#11783=CARTESIAN_POINT('',(-108.319821010409,-140.216117265313,-9.00000000000002));
#11784=CARTESIAN_POINT('Origin',(-105.963419194683,-139.1172918197,-9.00000000000002));
#11785=CARTESIAN_POINT('Origin',(-108.319821010409,-140.216117265313,-10.));
#11786=CARTESIAN_POINT('Origin',(-111.984829279975,-132.356480972423,-10.));
#11787=CARTESIAN_POINT('',(-115.254678018375,-125.344267104643,-9.00000000000002));
#11788=CARTESIAN_POINT('',(-111.984829279975,-132.356480972423,-9.00000000000002));
#11789=CARTESIAN_POINT('Origin',(-115.254678018375,-125.344267104643,-10.));
#11790=CARTESIAN_POINT('Origin',(-112.898180598812,-124.2454923276,-10.));
#11791=CARTESIAN_POINT('',(-113.981493403701,-121.88184695036,-9.00000000000002));
#11792=CARTESIAN_POINT('Origin',(-112.898180598812,-124.2454923276,-9.00000000000002));
#11793=CARTESIAN_POINT('Origin',(-113.981493403701,-121.88184695036,-10.));
#11794=CARTESIAN_POINT('Origin',(-83.0027900302685,-107.685005261987,-10.));
#11795=CARTESIAN_POINT('',(-107.453559955109,-118.890242149968,-9.00000000000002));
#11796=CARTESIAN_POINT('',(-83.0027900302685,-107.685005261987,-9.00000000000002));
#11797=CARTESIAN_POINT('Ctrl Pts',(-107.453559955109,-118.890242149969,
-9.00000000000002));
#11798=CARTESIAN_POINT('Ctrl Pts',(-107.454784957088,-118.888231653446,
-9.00000000000002));
#11799=CARTESIAN_POINT('Ctrl Pts',(-107.456010153653,-118.886221283621,
-9.00000819979919));
#11800=CARTESIAN_POINT('Ctrl Pts',(-107.525914396545,-118.771544130616,
-9.00094371455601));
#11801=CARTESIAN_POINT('Ctrl Pts',(-107.594519035578,-118.660459806565,
-9.02761024623622));
#11802=CARTESIAN_POINT('Ctrl Pts',(-107.723848998375,-118.454152560423,
-9.12935100204177));
#11803=CARTESIAN_POINT('Ctrl Pts',(-107.783403152323,-118.360812192068,
-9.20349677774722));
#11804=CARTESIAN_POINT('Ctrl Pts',(-107.884407107681,-118.20474212137,-9.38949917256556));
#11805=CARTESIAN_POINT('Ctrl Pts',(-107.925016745659,-118.143246537844,
-9.49938697155059));
#11806=CARTESIAN_POINT('Ctrl Pts',(-107.9803843688,-118.060035682961,-9.73996174487181));
#11807=CARTESIAN_POINT('Ctrl Pts',(-107.994845874207,-118.038656214761,
-9.86799762575025));
#11808=CARTESIAN_POINT('Ctrl Pts',(-107.995032113336,-118.038379518828,
-9.99831634565994));
#11809=CARTESIAN_POINT('Ctrl Pts',(-107.995032714804,-118.038378625227,
-9.99915820132593));
#11810=CARTESIAN_POINT('Ctrl Pts',(-107.995032714804,-118.038378625227,
-10.));
#11811=CARTESIAN_POINT('Ctrl Pts',(-34.3925326098822,-46.4663517244363,
-11.0162275290846));
#11812=CARTESIAN_POINT('Ctrl Pts',(-33.7455907257193,-46.464996461538,-11.0251988929661));
#11813=CARTESIAN_POINT('Ctrl Pts',(-32.2348474174803,-46.8777995690215,
-11.0461488860072));
#11814=CARTESIAN_POINT('Ctrl Pts',(-31.2303247743296,-48.1297901040519,
-11.0600789443162));
#11815=CARTESIAN_POINT('Ctrl Pts',(-30.9629386683315,-48.9490663051921,
-11.063786878678));
#11816=CARTESIAN_POINT('Ctrl Pts',(-34.3867951656217,-46.4663395912839,
-10.7170757143108));
#11817=CARTESIAN_POINT('Ctrl Pts',(-33.7392831785971,-46.46604923027,-10.7267184682426));
#11818=CARTESIAN_POINT('Ctrl Pts',(-32.2298804817795,-46.8809878390625,
-10.7491920568477));
#11819=CARTESIAN_POINT('Ctrl Pts',(-31.2291928140923,-48.131871968863,-10.7640915631064));
#11820=CARTESIAN_POINT('Ctrl Pts',(-30.962389920953,-48.9507474169784,-10.7680691683317));
#11821=CARTESIAN_POINT('Ctrl Pts',(-34.3763095433738,-46.7181143651817,
-10.1982696247807));
#11822=CARTESIAN_POINT('Ctrl Pts',(-33.7747847044846,-46.7184952518708,
-10.2089830161835));
#11823=CARTESIAN_POINT('Ctrl Pts',(-32.3721190931228,-47.106296276697,-10.2339735233179));
#11824=CARTESIAN_POINT('Ctrl Pts',(-31.4422837331771,-48.2698263308271,
-10.2505496952977));
#11825=CARTESIAN_POINT('Ctrl Pts',(-31.1949350743773,-49.0298749621104,
-10.254957999593));
#11826=CARTESIAN_POINT('Ctrl Pts',(-34.3717262177476,-47.244086281061,-10.0156576939814));
#11827=CARTESIAN_POINT('Ctrl Pts',(-33.8646456405517,-47.2435075729532,
-10.0254065605675));
#11828=CARTESIAN_POINT('Ctrl Pts',(-32.6810201171993,-47.5682912878053,
-10.0481432898521));
#11829=CARTESIAN_POINT('Ctrl Pts',(-31.8947697635572,-48.5495681518986,
-10.0632308231413));
#11830=CARTESIAN_POINT('Ctrl Pts',(-31.6855629281981,-49.1912280625986,
-10.0672528064477));
#11831=CARTESIAN_POINT('Ctrl Pts',(-34.3712797771938,-47.4695552591258,
-10.0164172794446));
#11832=CARTESIAN_POINT('Ctrl Pts',(-33.904619810133,-47.4685706886839,-10.0253774562094));
#11833=CARTESIAN_POINT('Ctrl Pts',(-32.8148647178204,-47.7663211841037,
-10.046301739698));
#11834=CARTESIAN_POINT('Ctrl Pts',(-32.0902542922008,-48.6694228876389,
-10.0602151399469));
#11835=CARTESIAN_POINT('Ctrl Pts',(-31.8973747165467,-49.2604003233751,
-10.0639185541767));
#11836=CARTESIAN_POINT('Origin',(-34.3851777329095,-47.466344,-11.0163294082724));
#11837=CARTESIAN_POINT('Origin',(-51.5569490447418,-47.4663439999337,-10.6866145551621));
#11838=CARTESIAN_POINT('Origin',(-51.6287324632344,-47.4663439997949,-10.6852362431142));
#11839=CARTESIAN_POINT('Ctrl Pts',(-55.0548824017426,-48.9611414823701,
-10.6377670395938));
#11840=CARTESIAN_POINT('Ctrl Pts',(-54.8557371939071,-48.3437120437198,
-10.6405286487319));
#11841=CARTESIAN_POINT('Ctrl Pts',(-53.9927820790259,-47.0311608371831,
-10.6524955198666));
#11842=CARTESIAN_POINT('Ctrl Pts',(-52.4856157779602,-46.4645226496687,
-10.6733958698653));
#11843=CARTESIAN_POINT('Ctrl Pts',(-51.621404794444,-46.4663517108751,-10.6853801533857));
#11844=CARTESIAN_POINT('Ctrl Pts',(-55.0543499614739,-48.9594456143044,
-10.3350781802585));
#11845=CARTESIAN_POINT('Ctrl Pts',(-54.8543933850922,-48.340587308485,-10.3380526822468));
#11846=CARTESIAN_POINT('Ctrl Pts',(-53.9890394592241,-47.0266599664681,
-10.3509155750853));
#11847=CARTESIAN_POINT('Ctrl Pts',(-52.4806188227995,-46.4631019784988,
-10.3733481308396));
#11848=CARTESIAN_POINT('Ctrl Pts',(-51.6156542529878,-46.4663502277356,
-10.3862292256863));
#11849=CARTESIAN_POINT('Ctrl Pts',(-54.8078089392521,-49.0357187139309,
-9.81043071830965));
#11850=CARTESIAN_POINT('Ctrl Pts',(-54.6216639365701,-48.4602526040437,
-9.81374379620275));
#11851=CARTESIAN_POINT('Ctrl Pts',(-53.8148185281177,-47.2378123455006,
-9.82810675019217));
#11852=CARTESIAN_POINT('Ctrl Pts',(-52.4097357488109,-46.7142549945929,
-9.85312916857542));
#11853=CARTESIAN_POINT('Ctrl Pts',(-51.6062107085636,-46.7181502818273,
-9.86744030555676));
#11854=CARTESIAN_POINT('Ctrl Pts',(-54.2979063217137,-49.1991104497771,
-9.63303748332705));
#11855=CARTESIAN_POINT('Ctrl Pts',(-54.1415245048454,-48.7147477694199,
-9.6360441728133));
#11856=CARTESIAN_POINT('Ctrl Pts',(-53.4637327617467,-47.6852745990842,
-9.64905937328022));
#11857=CARTESIAN_POINT('Ctrl Pts',(-52.2811438154261,-47.2420156798045,
-9.6717631020169));
#11858=CARTESIAN_POINT('Ctrl Pts',(-51.6037672213065,-47.2440966446105,
-9.68478600948123));
#11859=CARTESIAN_POINT('Ctrl Pts',(-54.0808943014473,-49.269148104512,-9.63797347428182));
#11860=CARTESIAN_POINT('Ctrl Pts',(-53.9372472990793,-48.8237783441156,
-9.64073158793403));
#11861=CARTESIAN_POINT('Ctrl Pts',(-53.3147845012431,-47.8769943667389,
-9.6526835039816));
#11862=CARTESIAN_POINT('Ctrl Pts',(-52.2276254604785,-47.4682440989104,
-9.67355812631765));
#11863=CARTESIAN_POINT('Ctrl Pts',(-51.604236752489,-47.469554282861,-9.68552759587643));
#11864=CARTESIAN_POINT('Origin',(-54.1015428610794,-49.2631056269058,-10.6377558578767));
#11865=CARTESIAN_POINT('Ctrl Pts',(-54.0823454186797,-49.2631056269057,
-9.6379401457551));
#11866=CARTESIAN_POINT('Ctrl Pts',(-54.1794109277149,-49.5619115786448,
-9.63607639276932));
#11867=CARTESIAN_POINT('Ctrl Pts',(-54.5675189101709,-50.0953692779135,
-9.62862433880805));
#11868=CARTESIAN_POINT('Ctrl Pts',(-55.1947854226289,-50.2996769999998,
-9.61658020647829));
#11869=CARTESIAN_POINT('Ctrl Pts',(-55.5089616627218,-50.2996769999998,
-9.6105477144906));
#11870=CARTESIAN_POINT('Ctrl Pts',(-54.3701568309472,-49.1695771658377,
-9.63241388432313));
#11871=CARTESIAN_POINT('Ctrl Pts',(-54.4473145691628,-49.4078818200224,
-9.63094245126194));
#11872=CARTESIAN_POINT('Ctrl Pts',(-54.7564725325991,-49.8344312770781,
-9.624979729038));
#11873=CARTESIAN_POINT('Ctrl Pts',(-55.2577006867472,-49.9996952102205,
-9.61534060536226));
#11874=CARTESIAN_POINT('Ctrl Pts',(-55.5089616627218,-50.0004776996579,
-9.6105477144906));
#11875=CARTESIAN_POINT('Ctrl Pts',(-54.8729461689201,-49.0077950880504,
-9.8803304825842));
#11876=CARTESIAN_POINT('Ctrl Pts',(-54.9159598718084,-49.1422580801086,
-9.87907453408548));
#11877=CARTESIAN_POINT('Ctrl Pts',(-55.0879023879182,-49.3836909114901,
-9.87406989042148));
#11878=CARTESIAN_POINT('Ctrl Pts',(-55.3706225669303,-49.480633685516,-9.86590558070295));
#11879=CARTESIAN_POINT('Ctrl Pts',(-55.5137856557643,-49.482661765493,-9.86178451670542));
#11880=CARTESIAN_POINT('Ctrl Pts',(-55.0522043123789,-48.9528724590681,
-10.41075190967));
#11881=CARTESIAN_POINT('Ctrl Pts',(-55.0839655372808,-49.0515679128,-10.4090692025682));
#11882=CARTESIAN_POINT('Ctrl Pts',(-55.2113877524917,-49.2287722636091,
-10.4023511042807));
#11883=CARTESIAN_POINT('Ctrl Pts',(-55.4192850939751,-49.2987661851364,
-10.3914684621943));
#11884=CARTESIAN_POINT('Ctrl Pts',(-55.5238512091206,-49.2996769999998,
-10.386005305459));
#11885=CARTESIAN_POINT('Ctrl Pts',(-55.0526203571073,-48.9541532089684,
-10.6377558578767));
#11886=CARTESIAN_POINT('Ctrl Pts',(-55.0849755267857,-49.0537551928814,
-10.635892104891));
#11887=CARTESIAN_POINT('Ctrl Pts',(-55.214344854271,-49.231574425971,-10.6284400509297));
#11888=CARTESIAN_POINT('Ctrl Pts',(-55.423433691757,-49.2996769999998,-10.6163959185999));
#11889=CARTESIAN_POINT('Ctrl Pts',(-55.5281591051213,-49.2996769999998,
-10.6103634266123));
#11890=CARTESIAN_POINT('Origin',(-55.5281591051215,-50.2996769999997,-10.6103634266123));
#11891=CARTESIAN_POINT('Origin',(-60.3037185248925,-50.2996769999987,-10.5186680013695));
#11892=CARTESIAN_POINT('Origin',(-69.1287358666583,-50.2996769999954,-10.34921901188));
#11893=CARTESIAN_POINT('Ctrl Pts',(-72.5548913669556,-51.7944849525674,
-10.3017500195053));
#11894=CARTESIAN_POINT('Ctrl Pts',(-72.3557519015753,-51.1770448022973,
-10.3045115339698));
#11895=CARTESIAN_POINT('Ctrl Pts',(-71.4927724118103,-49.8644943287004,
-10.3164786779566));
#11896=CARTESIAN_POINT('Ctrl Pts',(-69.9855983201377,-49.2978388551674,
-10.3373790221518));
#11897=CARTESIAN_POINT('Ctrl Pts',(-69.1213777913159,-49.2996848542643,
-10.3493633727562));
#11898=CARTESIAN_POINT('Ctrl Pts',(-72.5543590508555,-51.7927891361441,
-9.99906106235547));
#11899=CARTESIAN_POINT('Ctrl Pts',(-72.3544081957422,-51.1739201044983,
-10.0020354672772));
#11900=CARTESIAN_POINT('Ctrl Pts',(-71.4890355234343,-49.8599734857273,
-10.0148985197451));
#11901=CARTESIAN_POINT('Ctrl Pts',(-69.9806013280075,-49.2964182404779,
-10.0373312505993));
#11902=CARTESIAN_POINT('Ctrl Pts',(-69.1156272358683,-49.2996834061288,
-10.0502124345903));
#11903=CARTESIAN_POINT('Ctrl Pts',(-72.3078071797807,-51.8690623312175,
-9.47442252770674));
#11904=CARTESIAN_POINT('Ctrl Pts',(-72.1216677739637,-51.2935869519819,
-9.47773550493967));
#11905=CARTESIAN_POINT('Ctrl Pts',(-71.3148023830985,-50.0711569452114,
-9.49209868394185));
#11906=CARTESIAN_POINT('Ctrl Pts',(-69.909721482609,-49.5475824682453,-9.51712076145368));
#11907=CARTESIAN_POINT('Ctrl Pts',(-69.1061887304705,-49.551493570742,-9.53143203082217));
#11908=CARTESIAN_POINT('Ctrl Pts',(-71.7979077825602,-52.0324455298632,
-9.29701863010452));
#11909=CARTESIAN_POINT('Ctrl Pts',(-71.6415313328842,-51.5480770799759,
-9.30002521918323));
#11910=CARTESIAN_POINT('Ctrl Pts',(-70.963723361096,-50.5186131158726,-9.31304064653796));
#11911=CARTESIAN_POINT('Ctrl Pts',(-69.7811355400891,-50.0753400578718,
-9.33574446669244));
#11912=CARTESIAN_POINT('Ctrl Pts',(-69.103755194328,-50.0774343061967,-9.34876745627673));
#11913=CARTESIAN_POINT('Ctrl Pts',(-71.580892653542,-52.1024810227453,-9.30195636353332));
#11914=CARTESIAN_POINT('Ctrl Pts',(-71.4372509535027,-51.657107119104,-9.30471437524823));
#11915=CARTESIAN_POINT('Ctrl Pts',(-70.8147756185183,-50.710331236823,-9.3166665333543));
#11916=CARTESIAN_POINT('Ctrl Pts',(-69.7276197014714,-50.3015717975471,
-9.33754109443832));
#11917=CARTESIAN_POINT('Ctrl Pts',(-69.1042291058117,-50.3028941694264,
-9.34951059973241));
#11918=CARTESIAN_POINT('Origin',(-71.6015443865732,-52.0964258751927,-10.3017386627006));
#11919=CARTESIAN_POINT('Ctrl Pts',(-71.5823469441735,-52.0964258751927,
-9.30192295057898));
#11920=CARTESIAN_POINT('Ctrl Pts',(-71.6794104727194,-52.3952348198207,
-9.30005923562053));
#11921=CARTESIAN_POINT('Ctrl Pts',(-72.0675286850926,-52.9286844482379,
-9.29260698523482));
#11922=CARTESIAN_POINT('Ctrl Pts',(-72.6947888557804,-53.1330099999998,
-9.28056297467328));
#11923=CARTESIAN_POINT('Ctrl Pts',(-73.0089673304785,-53.1330099999998,
-9.27453043977899));
#11924=CARTESIAN_POINT('Ctrl Pts',(-71.8701592020003,-52.0028999844447,
-9.29639667291145));
#11925=CARTESIAN_POINT('Ctrl Pts',(-71.9473153645226,-52.2412070189611,
-9.29492526990057));
#11926=CARTESIAN_POINT('Ctrl Pts',(-72.2564871279304,-52.6677410950271,
-9.28896160825293));
#11927=CARTESIAN_POINT('Ctrl Pts',(-72.7577045673888,-52.833028204655,-9.27932336474047));
#11928=CARTESIAN_POINT('Ctrl Pts',(-73.0089673304785,-52.8338106996579,
-9.27453043977899));
#11929=CARTESIAN_POINT('Ctrl Pts',(-72.3729397197723,-51.8411257502386,
-9.54432243315467));
#11930=CARTESIAN_POINT('Ctrl Pts',(-72.4159525414163,-51.9755900721039,
-9.54306651033317));
#11931=CARTESIAN_POINT('Ctrl Pts',(-72.5879032912442,-52.2170264954366,
-9.53806169622101));
#11932=CARTESIAN_POINT('Ctrl Pts',(-72.8706273833671,-52.3139771049986,
-9.52989702964505));
#11933=CARTESIAN_POINT('Ctrl Pts',(-73.0137914904605,-52.3160051994004,
-9.52577593633612));
#11934=CARTESIAN_POINT('Ctrl Pts',(-72.5522086222622,-51.7862012399756,
-10.0747347066996));
#11935=CARTESIAN_POINT('Ctrl Pts',(-72.5839691975098,-51.8848976746569,
-10.0730520339464));
#11936=CARTESIAN_POINT('Ctrl Pts',(-72.7113984411707,-52.062094000779,-10.0663338628854));
#11937=CARTESIAN_POINT('Ctrl Pts',(-72.9192900179965,-52.1320991786581,
-10.0554512263399));
#11938=CARTESIAN_POINT('Ctrl Pts',(-73.0238568768765,-52.1330099999998,
-10.0499880307474));
#11939=CARTESIAN_POINT('Ctrl Pts',(-72.5526246441094,-51.7874819583974,
-10.3017386627006));
#11940=CARTESIAN_POINT('Ctrl Pts',(-72.5849791536247,-51.8870849399401,
-10.2998749477422));
#11941=CARTESIAN_POINT('Ctrl Pts',(-72.7143518910825,-52.0649014827458,
-10.2924226973565));
#11942=CARTESIAN_POINT('Ctrl Pts',(-72.9234386146455,-52.1330099999998,
-10.2803786867949));
#11943=CARTESIAN_POINT('Ctrl Pts',(-73.0281647728775,-52.1330099999998,
-10.2743461519006));
#11944=CARTESIAN_POINT('Origin',(-73.0281647728785,-53.1330099999997,-10.2743461519006));
#11945=CARTESIAN_POINT('Origin',(-77.7862563326355,-53.1330099999982,-10.1829861267045));
#11946=CARTESIAN_POINT('Origin',(-87.3162968854545,-53.1330099999953,-10.));
#11947=CARTESIAN_POINT('Origin',(-108.748967563469,-117.237390333198,-10.));
#11948=CARTESIAN_POINT('',(-106.706697279593,-117.726401670073,-9.00000000000002));
#11949=CARTESIAN_POINT('Origin',(-108.748967563469,-117.237390333198,-9.00000000000002));
#11950=CARTESIAN_POINT('Ctrl Pts',(-107.706697279593,-117.5890615651,-10.));
#11951=CARTESIAN_POINT('Ctrl Pts',(-107.706697279593,-117.5890615651,-9.87143296485594));
#11952=CARTESIAN_POINT('Ctrl Pts',(-107.68191224021,-117.593189000398,-9.74421361107292));
#11953=CARTESIAN_POINT('Ctrl Pts',(-107.585341816394,-117.608528543423,
-9.50531589393223));
#11954=CARTESIAN_POINT('Ctrl Pts',(-107.514149769579,-117.619589195688,
-9.3961451983821));
#11955=CARTESIAN_POINT('Ctrl Pts',(-107.333417876867,-117.645982694252,
-9.20988549658532));
#11956=CARTESIAN_POINT('Ctrl Pts',(-107.225066118015,-117.661098007387,
-9.13496336241263));
#11957=CARTESIAN_POINT('Ctrl Pts',(-107.043850338343,-117.684905951822,
-9.05615140413885));
#11958=CARTESIAN_POINT('Ctrl Pts',(-106.979637733379,-117.693115628594,
-9.03562218113251));
#11959=CARTESIAN_POINT('Ctrl Pts',(-106.848054442481,-117.709490029481,
-9.00775892767831));
#11960=CARTESIAN_POINT('Ctrl Pts',(-106.780999652593,-117.717615794392,
-9.00049658282621));
#11961=CARTESIAN_POINT('Ctrl Pts',(-106.711373462985,-117.725849394484,
-9.00000820012875));
#11962=CARTESIAN_POINT('Ctrl Pts',(-106.709035388342,-117.726125647118,
-9.00000000000002));
#11963=CARTESIAN_POINT('Ctrl Pts',(-106.706697279593,-117.726401670073,
-9.00000000000002));
#11964=CARTESIAN_POINT('Ctrl Pts',(-82.7623372215125,-134.268313438946,
-10.083884759242));
#11965=CARTESIAN_POINT('Ctrl Pts',(-84.2079080075035,-134.540723125362,
-10.0556200236252));
#11966=CARTESIAN_POINT('Ctrl Pts',(-85.6424630281805,-134.871583486285,
-10.0275706753815));
#11967=CARTESIAN_POINT('Ctrl Pts',(-87.0613211326065,-135.259814878715,
-9.99982824340372));
#11968=CARTESIAN_POINT('Ctrl Pts',(-82.7568028561045,-134.267270518904,
-9.78541574594266));
#11969=CARTESIAN_POINT('Ctrl Pts',(-84.2023487612805,-134.539516419668,
-9.7572493434626));
#11970=CARTESIAN_POINT('Ctrl Pts',(-85.6371368251355,-134.870285052855,
-9.72929129674996));
#11971=CARTESIAN_POINT('Ctrl Pts',(-87.0559945238035,-135.258357399108,
-9.70164514891546));
#11972=CARTESIAN_POINT('Ctrl Pts',(-82.7935409206695,-134.019682067973,
-9.268849070954));
#11973=CARTESIAN_POINT('Ctrl Pts',(-84.2458791219805,-134.293121562476,
-9.24083926696377));
#11974=CARTESIAN_POINT('Ctrl Pts',(-85.6871119930715,-134.625272656117,
-9.21304409558975));
#11975=CARTESIAN_POINT('Ctrl Pts',(-87.1126494231035,-135.015086374449,
-9.18555131176712));
#11976=CARTESIAN_POINT('Ctrl Pts',(-82.8868784171075,-133.50563025458,-9.08486485759692));
#11977=CARTESIAN_POINT('Ctrl Pts',(-84.3530246369665,-133.781844010031,
-9.05671471078076));
#11978=CARTESIAN_POINT('Ctrl Pts',(-85.8079686100935,-134.117331421076,
-9.02877579082052));
#11979=CARTESIAN_POINT('Ctrl Pts',(-87.2470329446715,-134.511018431692,
-9.00114561375845));
#11980=CARTESIAN_POINT('Ctrl Pts',(-82.9283247619755,-133.285609759233,
-9.08406904712042));
#11981=CARTESIAN_POINT('Ctrl Pts',(-84.4003712033875,-133.563008634044,
-9.05580431150359));
#11982=CARTESIAN_POINT('Ctrl Pts',(-85.8612001255415,-133.899928708537,
-9.02775496325986));
#11983=CARTESIAN_POINT('Ctrl Pts',(-87.3060446421365,-134.29527056603,-9.00001253128209));
#11984=CARTESIAN_POINT('Origin',(-82.9475222043755,-133.285609759233,-10.083884759242));
#11985=CARTESIAN_POINT('Ctrl Pts',(-53.1462330914642,-132.471169351645,
-10.6573468110077));
#11986=CARTESIAN_POINT('Ctrl Pts',(-63.0415297368503,-131.826609550908,
-10.4657423686349));
#11987=CARTESIAN_POINT('Ctrl Pts',(-73.0175850613305,-132.431969687482,
-10.2725741811588));
#11988=CARTESIAN_POINT('Ctrl Pts',(-82.7623372215125,-134.268313438946,
-10.083884759242));
#11989=CARTESIAN_POINT('Ctrl Pts',(-53.1405089500328,-132.471542210751,
-10.3579647766067));
#11990=CARTESIAN_POINT('Ctrl Pts',(-63.0354800520676,-131.826507333341,
-10.1666731909722));
#11991=CARTESIAN_POINT('Ctrl Pts',(-73.0121280569835,-132.431436020524,
-9.97379942402507));
#11992=CARTESIAN_POINT('Ctrl Pts',(-82.7568028561045,-134.267270518904,
-9.78541574594266));
#11993=CARTESIAN_POINT('Ctrl Pts',(-53.1142404027334,-132.220982519283,
-9.83988755032129));
#11994=CARTESIAN_POINT('Ctrl Pts',(-63.0305231721831,-131.574290637506,
-9.6490939026435));
#11995=CARTESIAN_POINT('Ctrl Pts',(-73.0277468985095,-132.180137175201,
-9.45674485925093));
#11996=CARTESIAN_POINT('Ctrl Pts',(-82.7935407499935,-134.019682873473,
-9.26884808745778));
#11997=CARTESIAN_POINT('Ctrl Pts',(-53.0766276427804,-131.697387089906,
-9.65725091356919));
#11998=CARTESIAN_POINT('Ctrl Pts',(-63.0367737370669,-131.048375391021,
-9.46601049072607));
#11999=CARTESIAN_POINT('Ctrl Pts',(-73.0781517692725,-131.657458642324,
-9.27319799250363));
#12000=CARTESIAN_POINT('Ctrl Pts',(-82.8868784171075,-133.50563025458,-9.08486485759692));
#12001=CARTESIAN_POINT('Ctrl Pts',(-53.0620354030277,-131.473284103726,
-9.65753109888608));
#12002=CARTESIAN_POINT('Ctrl Pts',(-63.0409236324176,-130.823279314661,
-9.46592665651326));
#12003=CARTESIAN_POINT('Ctrl Pts',(-73.1012527585395,-131.433753296179,
-9.27275846903719));
#12004=CARTESIAN_POINT('Ctrl Pts',(-82.9283247619755,-133.285609759233,
-9.08406904712042));
#12005=CARTESIAN_POINT('',(-53.1890337785931,-132.468389200857,-10.6565180534591));
#12006=CARTESIAN_POINT('Origin',(-60.8407483255405,-250.5975413291,-10.5083565024216));
#12007=CARTESIAN_POINT('Ctrl Pts',(-53.062035403028,-131.473284103726,-9.65753109888608));
#12008=CARTESIAN_POINT('Ctrl Pts',(-53.0668067861766,-131.517338240236,
-9.65743948364934));
#12009=CARTESIAN_POINT('Ctrl Pts',(-53.0716295096936,-131.561330522107,
-9.66039613312104));
#12010=CARTESIAN_POINT('Ctrl Pts',(-53.0790048175412,-131.627831407007,
-9.66934363280512));
#12011=CARTESIAN_POINT('Ctrl Pts',(-53.0815446928946,-131.65059337705,-9.6732196768362));
#12012=CARTESIAN_POINT('Ctrl Pts',(-53.0889654305875,-131.716693203545,
-9.68684380511105));
#12013=CARTESIAN_POINT('Ctrl Pts',(-53.0938300203805,-131.759515120797,
-9.69867822532092));
#12014=CARTESIAN_POINT('Ctrl Pts',(-53.1011189850665,-131.822907610143,
-9.72077093836559));
#12015=CARTESIAN_POINT('Ctrl Pts',(-53.1035800571513,-131.844175630756,
-9.72899970409083));
#12016=CARTESIAN_POINT('Ctrl Pts',(-53.1108290456303,-131.906407397263,
-9.75554602493161));
#12017=CARTESIAN_POINT('Ctrl Pts',(-53.1155422295944,-131.946329526619,
-9.77583543312429));
#12018=CARTESIAN_POINT('Ctrl Pts',(-53.124718558692,-132.022914990464,-9.82154977351713));
#12019=CARTESIAN_POINT('Ctrl Pts',(-53.1291817913775,-132.059579532737,
-9.84697512938748));
#12020=CARTESIAN_POINT('Ctrl Pts',(-53.1373210905523,-132.125214100824,
-9.89975882689058));
#12021=CARTESIAN_POINT('Ctrl Pts',(-53.1410298726907,-132.154586973468,
-9.92660256463447));
#12022=CARTESIAN_POINT('Ctrl Pts',(-53.1485259391989,-132.212880470646,
-9.98680828765618));
#12023=CARTESIAN_POINT('Ctrl Pts',(-53.1522571733953,-132.241252768988,
-10.0203523947325));
#12024=CARTESIAN_POINT('Ctrl Pts',(-53.1593385507704,-132.293837698104,
-10.0913453237356));
#12025=CARTESIAN_POINT('Ctrl Pts',(-53.1626821983283,-132.317982177649,
-10.1288461237286));
#12026=CARTESIAN_POINT('Ctrl Pts',(-53.1686125945912,-132.359448698832,
-10.2034139387822));
#12027=CARTESIAN_POINT('Ctrl Pts',(-53.1712398427937,-132.377180612314,
-10.240237687281));
#12028=CARTESIAN_POINT('Ctrl Pts',(-53.1762798348163,-132.409729806492,
-10.3195577881926));
#12029=CARTESIAN_POINT('Ctrl Pts',(-53.178631279564,-132.42400021931,-10.3619890399813));
#12030=CARTESIAN_POINT('Ctrl Pts',(-53.1826908349243,-132.446563424784,
-10.4472534738741));
#12031=CARTESIAN_POINT('Ctrl Pts',(-53.1844126985723,-132.454988051256,
-10.4900553052124));
#12032=CARTESIAN_POINT('Ctrl Pts',(-53.1871732696331,-132.465766036448,
-10.5740457905509));
#12033=CARTESIAN_POINT('Ctrl Pts',(-53.1882455467168,-132.468440276324,
-10.6151866961358));
#12034=CARTESIAN_POINT('Ctrl Pts',(-53.1890337785318,-132.468389227931,
-10.6565180534603));
#12035=CARTESIAN_POINT('Origin',(-24.2637188314658,-133.636344001137,-11.2106713473979));
#12036=CARTESIAN_POINT('Origin',(-19.5700674076544,-133.636344001531,-11.300794058774));
#12037=CARTESIAN_POINT('Origin',(2.97785685140562,-133.63634399608,-11.733736321981));
#12038=CARTESIAN_POINT('Ctrl Pts',(6.57783346956342,-131.022891012254,-11.7836753575117));
#12039=CARTESIAN_POINT('Ctrl Pts',(6.58099451053642,-131.835144940739,-11.78371919203));
#12040=CARTESIAN_POINT('Ctrl Pts',(5.92235171568812,-133.734274439033,-11.7745856327866));
#12041=CARTESIAN_POINT('Ctrl Pts',(4.04616701260712,-134.640651105521,-11.7485681273601));
#12042=CARTESIAN_POINT('Ctrl Pts',(2.96442290150452,-134.636316991969,-11.7335673207859));
#12043=CARTESIAN_POINT('Ctrl Pts',(6.57783887841682,-131.022901175528,-11.4881271961837));
#12044=CARTESIAN_POINT('Ctrl Pts',(6.58098665942272,-131.834564359301,-11.4881740834293));
#12045=CARTESIAN_POINT('Ctrl Pts',(5.92514243896792,-133.731000930937,-11.4784038596156));
#12046=CARTESIAN_POINT('Ctrl Pts',(4.05286601761782,-134.638892511378,-11.4505270030766));
#12047=CARTESIAN_POINT('Ctrl Pts',(2.97015505028242,-134.636344653012,-11.4344033721606));
#12048=CARTESIAN_POINT('Ctrl Pts',(6.33210305982422,-131.0238737895,-10.9744629661572));
#12049=CARTESIAN_POINT('Ctrl Pts',(6.33502460437462,-131.777009135791,-10.9745150508173));
#12050=CARTESIAN_POINT('Ctrl Pts',(5.72629714247822,-133.538341402847,-10.9636590846578));
#12051=CARTESIAN_POINT('Ctrl Pts',(3.98677919433242,-134.385410799812,-10.9326512601826));
#12052=CARTESIAN_POINT('Ctrl Pts',(2.98109303555682,-134.384129531827,-10.9147343694825));
#12053=CARTESIAN_POINT('Ctrl Pts',(5.81481615687212,-131.025826633913,-10.7866996843205));
#12054=CARTESIAN_POINT('Ctrl Pts',(5.81728752086602,-131.661502199664,-10.7867471197207));
#12055=CARTESIAN_POINT('Ctrl Pts',(5.30234684912212,-133.147997711196,-10.7768593272805));
#12056=CARTESIAN_POINT('Ctrl Pts',(3.83392282407632,-133.859414239104,-10.7486553792372));
#12057=CARTESIAN_POINT('Ctrl Pts',(2.98656923244972,-133.85682171241,-10.7323597852543));
#12058=CARTESIAN_POINT('Ctrl Pts',(5.59125828926072,-131.026663818719,-10.7837492158866));
#12059=CARTESIAN_POINT('Ctrl Pts',(5.59353622895952,-131.611986510021,-10.7837929340881));
#12060=CARTESIAN_POINT('Ctrl Pts',(5.11889438374472,-132.980522470668,-10.7746792256806));
#12061=CARTESIAN_POINT('Ctrl Pts',(3.76688979647382,-133.633616405283,-10.7487194474068));
#12062=CARTESIAN_POINT('Ctrl Pts',(2.98738878026512,-133.630472060411,-10.7337528249063));
#12063=CARTESIAN_POINT('Origin',(5.57785973935242,-131.036328700058,-11.7836589277925));
#12064=CARTESIAN_POINT('Origin',(5.56963880012902,-101.619971063842,-11.7835010776952));
#12065=CARTESIAN_POINT('Origin',(5.57160740408592,-108.66407593633,-11.7835388768223));
#12066=CARTESIAN_POINT('Ctrl Pts',(6.59884441788942,-108.456687080662,-11.784716113852));
#12067=CARTESIAN_POINT('Ctrl Pts',(6.58077091868542,-108.524138231253,-11.7839349433039));
#12068=CARTESIAN_POINT('Ctrl Pts',(6.57158784960502,-108.5939659002,-11.7835380336399));
#12069=CARTESIAN_POINT('Ctrl Pts',(6.57160736503462,-108.663796468048,-11.7835388768223));
#12070=CARTESIAN_POINT('Ctrl Pts',(6.59922470740602,-108.455267822268,-11.4890527385565));
#12071=CARTESIAN_POINT('Ctrl Pts',(6.58096794316952,-108.522892195095,-11.4883535741078));
#12072=CARTESIAN_POINT('Ctrl Pts',(6.57158764267062,-108.593735945384,-11.4879957067648));
#12073=CARTESIAN_POINT('Ctrl Pts',(6.57160736547772,-108.663798053363,-11.4879964566793));
#12074=CARTESIAN_POINT('Ctrl Pts',(6.36319938772112,-108.389390974097,-10.9770904403051));
#12075=CARTESIAN_POINT('Ctrl Pts',(6.33903248587672,-108.478792936732,-10.9765221132635));
#12076=CARTESIAN_POINT('Ctrl Pts',(6.32676691780212,-108.571233375195,-10.9762338726513));
#12077=CARTESIAN_POINT('Ctrl Pts',(6.32679302318722,-108.663869216346,-10.9762344731541));
#12078=CARTESIAN_POINT('Ctrl Pts',(5.86626832277472,-108.255270923156,-10.7890123800343));
#12079=CARTESIAN_POINT('Ctrl Pts',(5.83052975111282,-108.388411262816,-10.7883272169862));
#12080=CARTESIAN_POINT('Ctrl Pts',(5.81238222257902,-108.526153088167,-10.7879776850236));
#12081=CARTESIAN_POINT('Ctrl Pts',(5.81242080427362,-108.664013976894,-10.7879784084749));
#12082=CARTESIAN_POINT('Ctrl Pts',(5.65211614232592,-108.197867807143,-10.7849004481061));
#12083=CARTESIAN_POINT('Ctrl Pts',(5.61143225492122,-108.34970193796,-10.7841192635419));
#12084=CARTESIAN_POINT('Ctrl Pts',(5.59076093284232,-108.506885671105,-10.7837223377085));
#12085=CARTESIAN_POINT('Ctrl Pts',(5.59080484648502,-108.664075934353,-10.7837231647006));
#12086=CARTESIAN_POINT('Origin',(5.63291855170232,-108.197868184461,-11.7847161109971));
#12087=CARTESIAN_POINT('Origin',(-18.536853429329,-72.0655583717068,-11.320632780645));
#12088=CARTESIAN_POINT('Ctrl Pts',(10.5398859177919,-79.8515072766391,-10.8787503758614));
#12089=CARTESIAN_POINT('Ctrl Pts',(10.5971675460031,-79.6352686349562,-10.8798502947999));
#12090=CARTESIAN_POINT('Ctrl Pts',(10.6530939246066,-79.418742471279,-10.9588389610512));
#12091=CARTESIAN_POINT('Ctrl Pts',(10.7449237268768,-79.0513677616351,-11.2640366575496));
#12092=CARTESIAN_POINT('Ctrl Pts',(10.7753802665032,-78.9194604779119,-11.514272097053));
#12093=CARTESIAN_POINT('Ctrl Pts',(10.7786364862288,-78.8872805138864,-11.8103528196945));
#12094=CARTESIAN_POINT('Ctrl Pts',(10.7785488361007,-78.8853246767147,-11.8444236007313));
#12095=CARTESIAN_POINT('Ctrl Pts',(10.777983060408,-78.8851727712114,-11.878536813406));
#12096=CARTESIAN_POINT('Origin',(6.59539510676282,-78.7997273279802,-11.8031966049547));
#12097=CARTESIAN_POINT('Ctrl Pts',(6.55776538450702,-77.446852916266,-11.783301691329));
#12098=CARTESIAN_POINT('Ctrl Pts',(6.55767124358612,-77.5217738433504,-11.7832953659054));
#12099=CARTESIAN_POINT('Ctrl Pts',(6.60775790254072,-77.696793190103,-11.786660741303));
#12100=CARTESIAN_POINT('Ctrl Pts',(6.75797764701872,-77.8080545679071,-11.7967541534515));
#12101=CARTESIAN_POINT('Ctrl Pts',(6.85446024452172,-77.8338674179742,-11.8032369028139));
#12102=CARTESIAN_POINT('Ctrl Pts',(6.55777441109642,-77.4468471942632,-11.4877495425281));
#12103=CARTESIAN_POINT('Ctrl Pts',(6.55767774344692,-77.5222618470826,-11.4877440576508));
#12104=CARTESIAN_POINT('Ctrl Pts',(6.60961307993852,-77.699668146329,-11.4906736602997));
#12105=CARTESIAN_POINT('Ctrl Pts',(6.76334478872742,-77.8109549030251,-11.4994350997385));
#12106=CARTESIAN_POINT('Ctrl Pts',(6.85980474247652,-77.8352877987743,-11.5050241769172));
#12107=CARTESIAN_POINT('Ctrl Pts',(6.31287170857682,-77.446528207235,-10.9757239717638));
#12108=CARTESIAN_POINT('Ctrl Pts',(6.31271394298602,-77.570350606128,-10.9757198606059));
#12109=CARTESIAN_POINT('Ctrl Pts',(6.39670005153592,-77.8592893851262,-10.977906475504));
#12110=CARTESIAN_POINT('Ctrl Pts',(6.64605841111512,-78.0388484805173,-10.9844266544591));
#12111=CARTESIAN_POINT('Ctrl Pts',(6.80452268442422,-78.0789704297801,-10.9885917131344));
#12112=CARTESIAN_POINT('Ctrl Pts',(5.79812531955702,-77.4458826370668,-10.7875465575393));
#12113=CARTESIAN_POINT('Ctrl Pts',(5.79784722022042,-77.6667079426536,-10.7875412228584));
#12114=CARTESIAN_POINT('Ctrl Pts',(5.94579297017582,-78.1823876816956,-10.7903858190733));
#12115=CARTESIAN_POINT('Ctrl Pts',(6.38878136788272,-78.5089137328069,-10.7988974893296));
#12116=CARTESIAN_POINT('Ctrl Pts',(6.67286992892952,-78.5842407596718,-10.8043394636946));
#12117=CARTESIAN_POINT('Ctrl Pts',(5.57627896598072,-77.4456063817899,-10.7834444967337));
#12118=CARTESIAN_POINT('Ctrl Pts',(5.57594937900112,-77.707905264333,-10.7834381683261));
#12119=CARTESIAN_POINT('Ctrl Pts',(5.75130278178272,-78.320650647816,-10.7868051128486));
#12120=CARTESIAN_POINT('Ctrl Pts',(6.27722370664852,-78.7101819223765,-10.7969032900115));
#12121=CARTESIAN_POINT('Ctrl Pts',(6.61501087351672,-78.8005547343923,-10.8033891730016));
#12122=CARTESIAN_POINT('Origin',(5.55776552748032,-77.4462251415427,-11.7832730992136));
#12123=CARTESIAN_POINT('Origin',(5.55968012473942,-75.1877912526397,-11.783309861359));
#12124=CARTESIAN_POINT('Origin',(5.57617099232712,-55.7353787009531,-11.7836265021926));
#12125=CARTESIAN_POINT('Ctrl Pts',(2.96289845422625,-52.1330347823512,-11.7335303880562));
#12126=CARTESIAN_POINT('Ctrl Pts',(3.77559719827816,-52.1299621975869,-11.7448005537267));
#12127=CARTESIAN_POINT('Ctrl Pts',(5.67600319122956,-52.7890546104184,-11.7711545874854));
#12128=CARTESIAN_POINT('Ctrl Pts',(6.58135472259602,-54.6673596663067,-11.783709623574));
#12129=CARTESIAN_POINT('Ctrl Pts',(6.57613265726027,-55.7496175114718,-11.7836372064747));
#12130=CARTESIAN_POINT('Ctrl Pts',(2.96863066624515,-52.1330095659979,-11.4343687476028));
#12131=CARTESIAN_POINT('Ctrl Pts',(3.78205446229429,-52.1312752217898,-11.4464824042706));
#12132=CARTESIAN_POINT('Ctrl Pts',(5.68006646147245,-52.7930924526517,-11.4747452107401));
#12133=CARTESIAN_POINT('Ctrl Pts',(6.58133689891351,-54.6681318206477,-11.4881683907947));
#12134=CARTESIAN_POINT('Ctrl Pts',(6.57613635127838,-55.7496029155688,-11.4880909266682));
#12135=CARTESIAN_POINT('Ctrl Pts',(2.9795432750255,-52.385175535847,-10.9146287468154));
#12136=CARTESIAN_POINT('Ctrl Pts',(3.73510209019292,-52.3843818849243,-10.9280895896807));
#12137=CARTESIAN_POINT('Ctrl Pts',(5.49835955729163,-53.0020335775259,-10.959517302372));
#12138=CARTESIAN_POINT('Ctrl Pts',(6.33527705762448,-54.7449347693761,-10.9744447019964));
#12139=CARTESIAN_POINT('Ctrl Pts',(6.33044941400945,-55.7484215041495,-10.974358615742));
#12140=CARTESIAN_POINT('Ctrl Pts',(2.98496249502591,-52.9125505271482,-10.7323227519461));
#12141=CARTESIAN_POINT('Ctrl Pts',(3.62157312869595,-52.9107461962688,-10.7445655522064));
#12142=CARTESIAN_POINT('Ctrl Pts',(5.10928761539732,-53.4285278595927,-10.7731508926959));
#12143=CARTESIAN_POINT('Ctrl Pts',(5.81718197043637,-54.8990538098807,-10.7867390589114));
#12144=CARTESIAN_POINT('Ctrl Pts',(5.81309886454439,-55.7460435865585,-10.7866606740559));
#12145=CARTESIAN_POINT('Ctrl Pts',(2.98575806371648,-53.1389091614708,-10.7337216828198));
#12146=CARTESIAN_POINT('Ctrl Pts',(3.57139307145185,-53.1366790171839,-10.7449660337408));
#12147=CARTESIAN_POINT('Ctrl Pts',(4.94086034106736,-53.611584702014,-10.771260840563));
#12148=CARTESIAN_POINT('Ctrl Pts',(5.59329586530726,-54.9651226121387,-10.7837884887653));
#12149=CARTESIAN_POINT('Ctrl Pts',(5.58953263459627,-55.7450239436423,-10.7837162467943));
#12150=CARTESIAN_POINT('Origin',(2.97621084212502,-53.13301,-11.7337047169877));
#12151=CARTESIAN_POINT('Origin',(-40.7748562392361,-53.1330100006553,-10.893641313266));
#12152=CARTESIAN_POINT('Origin',(-30.0565428380504,-53.1330099980151,-11.0994434442452));
#12153=CARTESIAN_POINT('Ctrl Pts',(-30.4505152542382,-51.802308553089,-11.0729675088413));
#12154=CARTESIAN_POINT('Ctrl Pts',(-30.4366992427615,-51.8809459516079,
-11.0738961453754));
#12155=CARTESIAN_POINT('Ctrl Pts',(-30.3479058306089,-52.0546989630724,
-11.0798643523623));
#12156=CARTESIAN_POINT('Ctrl Pts',(-30.1628371090892,-52.1330807188474,
-11.0923036590508));
#12157=CARTESIAN_POINT('Ctrl Pts',(-30.0563879116098,-52.1330099176186,
-11.0994585913746));
#12158=CARTESIAN_POINT('Ctrl Pts',(-30.4503450445168,-51.8032773428149,
-10.7773715436903));
#12159=CARTESIAN_POINT('Ctrl Pts',(-30.4362422605288,-51.8823835381181,
-10.7781749235251));
#12160=CARTESIAN_POINT('Ctrl Pts',(-30.3445435152599,-52.0578158665618,
-10.7833631951561));
#12161=CARTESIAN_POINT('Ctrl Pts',(-30.1562594295862,-52.1346535460193,
-10.7941514549655));
#12162=CARTESIAN_POINT('Ctrl Pts',(-30.0506458098962,-52.1330061765054,
-10.8003120674334));
#12163=CARTESIAN_POINT('Ctrl Pts',(-30.6913927535835,-51.8473570365425,
-10.265219543267));
#12164=CARTESIAN_POINT('Ctrl Pts',(-30.6682496773233,-51.9772767610716,
-10.2658230038928));
#12165=CARTESIAN_POINT('Ctrl Pts',(-30.5195294617377,-52.263262231335,-10.2696980399567));
#12166=CARTESIAN_POINT('Ctrl Pts',(-30.2141651690781,-52.3869619837052,
-10.2777030887144));
#12167=CARTESIAN_POINT('Ctrl Pts',(-30.040537460974,-52.3844163295369,-10.2822801433076));
#12168=CARTESIAN_POINT('Ctrl Pts',(-31.1984904395658,-51.9370920382889,
-10.0771311928645));
#12169=CARTESIAN_POINT('Ctrl Pts',(-31.1576593121576,-52.168951225872,-10.0779133638905));
#12170=CARTESIAN_POINT('Ctrl Pts',(-30.8953144730719,-52.6808532166636,
-10.0829538573192));
#12171=CARTESIAN_POINT('Ctrl Pts',(-30.3498972573892,-52.9101308093448,
-10.0934344466617));
#12172=CARTESIAN_POINT('Ctrl Pts',(-30.0366941296623,-52.9092007998482,
-10.0994336373558));
#12173=CARTESIAN_POINT('Ctrl Pts',(-31.4170928535051,-51.9755155622783,
-10.0731356196297));
#12174=CARTESIAN_POINT('Ctrl Pts',(-31.3686989838706,-52.2509639596323,
-10.0740648294161));
#12175=CARTESIAN_POINT('Ctrl Pts',(-31.0576786007929,-52.8595816852668,
-10.0800366990164));
#12176=CARTESIAN_POINT('Ctrl Pts',(-30.4094251921058,-53.1341418559247,
-10.0924837789439));
#12177=CARTESIAN_POINT('Ctrl Pts',(-30.0365559697283,-53.1338967045846,
-10.0996432985182));
#12178=CARTESIAN_POINT('Origin',(-31.4352906219416,-51.976140810866,-11.0729701343701));
#12179=CARTESIAN_POINT('Origin',(-28.3396516652321,-69.5323478391004,-11.1324094388752));
#12180=CARTESIAN_POINT('Ctrl Pts',(10.7573428563024,-78.8797810246448,-11.8783554846857));
#12181=CARTESIAN_POINT('Ctrl Pts',(11.8226901546568,-79.1544717766666,-11.8931382508628));
#12182=CARTESIAN_POINT('Ctrl Pts',(13.4299480244382,-80.5456587460514,-11.9154405729222));
#12183=CARTESIAN_POINT('Ctrl Pts',(13.5487939697976,-82.5912072999335,-11.9170896804879));
#12184=CARTESIAN_POINT('Ctrl Pts',(13.3163488869813,-83.3844577507413,-11.913864271321));
#12185=CARTESIAN_POINT('Ctrl Pts',(10.7626991177991,-78.881147849228,-11.5801058171787));
#12186=CARTESIAN_POINT('Ctrl Pts',(11.8281171259721,-79.1576736726366,-11.5959840917001));
#12187=CARTESIAN_POINT('Ctrl Pts',(13.4307416575314,-80.5483519295231,-11.6198657011434));
#12188=CARTESIAN_POINT('Ctrl Pts',(13.5487300271524,-82.5901076444137,-11.621622187024));
#12189=CARTESIAN_POINT('Ctrl Pts',(13.3168069970329,-83.3829463271576,-11.6181630028637));
#12190=CARTESIAN_POINT('Ctrl Pts',(10.7093111119532,-79.1265537942975,-11.0610988632344));
#12191=CARTESIAN_POINT('Ctrl Pts',(11.698396176796,-79.3843681680564,-11.0787304883584));
#12192=CARTESIAN_POINT('Ctrl Pts',(13.1864220319763,-80.6791485499939,-11.105272223774));
#12193=CARTESIAN_POINT('Ctrl Pts',(13.2961549504991,-82.5752718637012,-11.1072312228754));
#12194=CARTESIAN_POINT('Ctrl Pts',(13.0811664473438,-83.3110353313573,-11.1033968694662));
#12195=CARTESIAN_POINT('Ctrl Pts',(10.5810658960186,-79.6367875240126,-10.8776195622199));
#12196=CARTESIAN_POINT('Ctrl Pts',(11.4150722136968,-79.8526382390929,-10.8936626551178));
#12197=CARTESIAN_POINT('Ctrl Pts',(12.6722218082297,-80.9428157181688,-10.9178163747528));
#12198=CARTESIAN_POINT('Ctrl Pts',(12.7651126171326,-82.5434340169076,-10.9195965156343));
#12199=CARTESIAN_POINT('Ctrl Pts',(12.5833796516279,-83.1642318887491,-10.9161008891504));
#12200=CARTESIAN_POINT('Ctrl Pts',(10.5244190213847,-79.8560645919659,-10.8784893125151));
#12201=CARTESIAN_POINT('Ctrl Pts',(11.2918814201389,-80.0539176203681,-10.8932245178611));
#12202=CARTESIAN_POINT('Ctrl Pts',(12.449770290977,-81.0560692812171,-10.9154569581896));
#12203=CARTESIAN_POINT('Ctrl Pts',(12.5353909170628,-82.5296837261978,-10.9171011171768));
#12204=CARTESIAN_POINT('Ctrl Pts',(12.3679315379264,-83.1011385622184,-10.9138859049827));
#12205=CARTESIAN_POINT('Ctrl Pts',(12.3797040228676,-83.0901702756531,-10.9140766881706));
#12206=CARTESIAN_POINT('Ctrl Pts',(12.4224689433204,-83.1018532831052,-10.9148978165918));
#12207=CARTESIAN_POINT('Ctrl Pts',(12.4651769451011,-83.1135362307196,-10.9186716772045));
#12208=CARTESIAN_POINT('Ctrl Pts',(12.5497228489775,-83.1366990138202,-10.9320579891746));
#12209=CARTESIAN_POINT('Ctrl Pts',(12.5915603433619,-83.1481787385399,-10.9416701449869));
#12210=CARTESIAN_POINT('Ctrl Pts',(12.6736253952881,-83.1707359611377,-10.9665626477755));
#12211=CARTESIAN_POINT('Ctrl Pts',(12.7138525811528,-83.1818133577309,-10.9818426654654));
#12212=CARTESIAN_POINT('Ctrl Pts',(12.7919857298082,-83.2033739450005,-11.0178004786633));
#12213=CARTESIAN_POINT('Ctrl Pts',(12.8298913584775,-83.2138570443037,-11.0384779154471));
#12214=CARTESIAN_POINT('Ctrl Pts',(12.9027222991795,-83.2340506564916,-11.0848720071554));
#12215=CARTESIAN_POINT('Ctrl Pts',(12.9376464016459,-83.2437608512084,-11.1105898155395));
#12216=CARTESIAN_POINT('Ctrl Pts',(13.0038810270286,-83.2622365179349,-11.166603748468));
#12217=CARTESIAN_POINT('Ctrl Pts',(13.0351915624373,-83.2710019894482,-11.1968991259627));
#12218=CARTESIAN_POINT('Ctrl Pts',(13.0936462881553,-83.2874373411018,-11.2615320109726));
#12219=CARTESIAN_POINT('Ctrl Pts',(13.1207905288642,-83.295107231235,-11.295868835947));
#12220=CARTESIAN_POINT('Ctrl Pts',(13.1704335184911,-83.3092199126127,-11.3679774929071));
#12221=CARTESIAN_POINT('Ctrl Pts',(13.1929323404636,-83.3156627202328,-11.4057487030158));
#12222=CARTESIAN_POINT('Ctrl Pts',(13.232892905942,-83.3272129984339,-11.4840696959122));
#12223=CARTESIAN_POINT('Ctrl Pts',(13.2503533211443,-83.3323201141598,-11.5246196852217));
#12224=CARTESIAN_POINT('Ctrl Pts',(13.2799182204454,-83.3411097222318,-11.6077668883446));
#12225=CARTESIAN_POINT('Ctrl Pts',(13.2920234896658,-83.3447924208646,-11.6503633079719));
#12226=CARTESIAN_POINT('Ctrl Pts',(13.3106687229914,-83.3506733431068,-11.7368622322049));
#12227=CARTESIAN_POINT('Ctrl Pts',(13.3172079690543,-83.3528713727426,-11.7807644307671));
#12228=CARTESIAN_POINT('Ctrl Pts',(13.3233799710965,-83.3552717000191,-11.8544931072632));
#12229=CARTESIAN_POINT('Ctrl Pts',(13.324582349176,-83.3558938289768,-11.8841742569079));
#12230=CARTESIAN_POINT('Ctrl Pts',(13.3245073609569,-83.3561736887933,-11.9138554376446));
#12231=CARTESIAN_POINT('Origin',(8.78192288331522,-96.4456251616116,-11.8451800830466));
#12232=CARTESIAN_POINT('Origin',(-105.306697279988,-113.949734014901,-11.6650000149012));
#12233=CARTESIAN_POINT('',(-107.206697279582,-115.149734014901,-11.6650000149012));
#12234=CARTESIAN_POINT('Origin',(-107.206697279587,-113.949734014901,-11.6650000149012));
#12235=CARTESIAN_POINT('',(-106.506697279601,-115.149734014901,-11.6650000149012));
#12236=CARTESIAN_POINT('',(-107.706697279988,-115.149734014901,-11.6650000149012));
#12237=CARTESIAN_POINT('Origin',(-106.506697279592,-113.949734014901,-11.6650000149012));
#12238=CARTESIAN_POINT('Origin',(-105.306697279988,-115.149734014901,-10.6649999850989));
#12239=CARTESIAN_POINT('',(-107.206697279601,-115.149734014901,-11.5324999925494));
#12240=CARTESIAN_POINT('',(-106.506697279601,-115.149734014901,-11.5324999925494));
#12241=CARTESIAN_POINT('Ctrl Pts',(-107.625510857284,-110.653715142218,
-9.60530820949501));
#12242=CARTESIAN_POINT('Ctrl Pts',(-107.669804594773,-110.504083662496,
-9.70842078590909));
#12243=CARTESIAN_POINT('Ctrl Pts',(-107.706697279617,-110.378145290642,
-9.84572424939129));
#12244=CARTESIAN_POINT('Ctrl Pts',(-107.706697279617,-110.280876231053,
-10.0000000000008));
#12245=CARTESIAN_POINT('Ctrl Pts',(-107.485906331387,-110.752388089844,
-9.73687213966362));
#12246=CARTESIAN_POINT('Ctrl Pts',(-107.515435489712,-110.620210750167,
-9.82993112217018));
#12247=CARTESIAN_POINT('Ctrl Pts',(-107.540030612942,-110.508321812248,
-9.95175488834782));
#12248=CARTESIAN_POINT('Ctrl Pts',(-107.540030612942,-110.421860425947,
-10.0888888888896));
#12249=CARTESIAN_POINT('Ctrl Pts',(-107.34630180549,-110.851061037471,-9.86843606983222));
#12250=CARTESIAN_POINT('Ctrl Pts',(-107.361066384653,-110.736337837838,
-9.95144145843128));
#12251=CARTESIAN_POINT('Ctrl Pts',(-107.373363946267,-110.638498333854,
-10.0577855273043));
#12252=CARTESIAN_POINT('Ctrl Pts',(-107.373363946267,-110.562844620841,
-10.1777777777784));
#12253=CARTESIAN_POINT('Ctrl Pts',(-107.206697279593,-110.949733985098,
-10.0000000000008));
#12254=CARTESIAN_POINT('Ctrl Pts',(-107.206697279593,-110.852464925509,
-10.0729517946924));
#12255=CARTESIAN_POINT('Ctrl Pts',(-107.206697279593,-110.768674855461,
-10.1638161662609));
#12256=CARTESIAN_POINT('Ctrl Pts',(-107.206697279593,-110.703828815735,
-10.2666666666672));
#12257=CARTESIAN_POINT('',(-107.706697279617,-110.280876231054,-10.));
#12258=CARTESIAN_POINT('',(-107.706697279617,-110.280876231054,-10.));
#12259=CARTESIAN_POINT('',(-107.625510857285,-110.653715142221,-9.60530820949678));
#12260=CARTESIAN_POINT('',(-107.206697279615,-110.949733985098,-10.0000000000008));
#12261=CARTESIAN_POINT('Ctrl Pts',(-107.706697279617,-110.280876231053,
-10.0000000000008));
#12262=CARTESIAN_POINT('Ctrl Pts',(-107.706697279617,-110.378145290642,
-9.84572424939129));
#12263=CARTESIAN_POINT('Ctrl Pts',(-107.669804594773,-110.504083662496,
-9.70842078590909));
#12264=CARTESIAN_POINT('Ctrl Pts',(-107.625510857284,-110.653715142218,
-9.60530820949501));
#12265=CARTESIAN_POINT('Origin',(-107.456697279593,-111.7497339851,-11.6650000149012));
#12266=CARTESIAN_POINT('',(-107.706697279619,-110.049733985099,-11.6650000149013));
#12267=CARTESIAN_POINT('',(-107.206697279616,-110.549733985099,-11.6650000149013));
#12268=CARTESIAN_POINT('Origin',(-107.706697279612,-111.749733985101,-11.6650000149012));
#12269=CARTESIAN_POINT('Origin',(-107.456697279617,-110.299733985099,-12.0325000074507));
#12270=CARTESIAN_POINT('',(-107.706697279619,-110.049733985099,-10.8));
#12271=CARTESIAN_POINT('',(-107.206697279572,-110.549733985099,-10.8));
#12272=CARTESIAN_POINT('',(-107.706697279619,-110.049733985099,-12.0325000074507));
#12273=CARTESIAN_POINT('Origin',(-107.45669727959,-111.5497339851,-10.8));
#12274=CARTESIAN_POINT('Origin',(-107.706697279613,-111.549733985101,-10.8));
#12275=CARTESIAN_POINT('Ctrl Pts',(-107.7066972796,-115.418591768946,-9.99999999999923));
#12276=CARTESIAN_POINT('Ctrl Pts',(-107.7066972796,-115.321322709357,-9.8457242493892));
#12277=CARTESIAN_POINT('Ctrl Pts',(-107.669804594755,-115.195384337501,
-9.70842078590758));
#12278=CARTESIAN_POINT('Ctrl Pts',(-107.625510857269,-115.045752857778,
-9.60530820949458));
#12279=CARTESIAN_POINT('Ctrl Pts',(-107.540030612931,-115.277607574052,
-10.0888888888882));
#12280=CARTESIAN_POINT('Ctrl Pts',(-107.540030612931,-115.19114618775,-9.95175488834596));
#12281=CARTESIAN_POINT('Ctrl Pts',(-107.515435489701,-115.07925724983,-9.82993112216865));
#12282=CARTESIAN_POINT('Ctrl Pts',(-107.485906331377,-114.947079910152,
-9.73687213966279));
#12283=CARTESIAN_POINT('Ctrl Pts',(-107.373363946262,-115.136623379158,
-10.1777777777772));
#12284=CARTESIAN_POINT('Ctrl Pts',(-107.373363946262,-115.060969666144,
-10.0577855273027));
#12285=CARTESIAN_POINT('Ctrl Pts',(-107.361066384647,-114.96313016216,-9.95144145842971));
#12286=CARTESIAN_POINT('Ctrl Pts',(-107.346301805485,-114.848406962526,
-9.868436069831));
#12287=CARTESIAN_POINT('Ctrl Pts',(-107.206697279593,-114.995639184264,
-10.2666666666662));
#12288=CARTESIAN_POINT('Ctrl Pts',(-107.206697279593,-114.930793144538,
-10.1638161662595));
#12289=CARTESIAN_POINT('Ctrl Pts',(-107.206697279593,-114.847003074489,
-10.0729517946908));
#12290=CARTESIAN_POINT('Ctrl Pts',(-107.206697279593,-114.7497340149,-9.99999999999922));
#12291=CARTESIAN_POINT('',(-107.62551085727,-115.045752857778,-9.60530820949679));
#12292=CARTESIAN_POINT('',(-107.62551085727,-115.045752857778,-9.60530820949679));
#12293=CARTESIAN_POINT('',(-107.7066972796,-115.418591768946,-10.));
#12294=CARTESIAN_POINT('',(-107.206697279585,-114.995639184264,-10.2666666666661));
#12295=CARTESIAN_POINT('Ctrl Pts',(-107.625510857269,-115.045752857778,
-9.60530820949458));
#12296=CARTESIAN_POINT('Ctrl Pts',(-107.669804594755,-115.195384337501,
-9.70842078590758));
#12297=CARTESIAN_POINT('Ctrl Pts',(-107.7066972796,-115.321322709357,-9.8457242493892));
#12298=CARTESIAN_POINT('Ctrl Pts',(-107.7066972796,-115.418591768946,-9.99999999999923));
#12299=CARTESIAN_POINT('Ctrl Pts',(-107.467499759942,-111.574132291303,
-9.35056866516834));
#12300=CARTESIAN_POINT('Ctrl Pts',(-107.464333095965,-111.323855831561,
-9.3474155745134));
#12301=CARTESIAN_POINT('Ctrl Pts',(-107.510481735582,-111.063615410324,
-9.39263400131334));
#12302=CARTESIAN_POINT('Ctrl Pts',(-107.592394490253,-110.766083452239,
-9.53323109371731));
#12303=CARTESIAN_POINT('Ctrl Pts',(-107.612624621047,-110.697792065814,
-9.57302150638459));
#12304=CARTESIAN_POINT('Ctrl Pts',(-107.631683310724,-110.633487545453,
-9.61921359094383));
#12305=CARTESIAN_POINT('Ctrl Pts',(-107.373660771177,-111.57202243153,-9.50073947444741));
#12306=CARTESIAN_POINT('Ctrl Pts',(-107.371604383874,-111.343349214952,
-9.49678452157329));
#12307=CARTESIAN_POINT('Ctrl Pts',(-107.406237861706,-111.106706298754,
-9.5457508604073));
#12308=CARTESIAN_POINT('Ctrl Pts',(-107.463307657768,-110.848384703115,
-9.67419831555274));
#12309=CARTESIAN_POINT('Ctrl Pts',(-107.477237123823,-110.789725218045,
-9.70937553392036));
#12310=CARTESIAN_POINT('Ctrl Pts',(-107.489754308386,-110.735481520034,
-9.74912430346375));
#12311=CARTESIAN_POINT('Ctrl Pts',(-107.279912698253,-111.569835969268,
-9.65074794742098));
#12312=CARTESIAN_POINT('Ctrl Pts',(-107.277987387516,-111.363588796717,
-9.64775192915289));
#12313=CARTESIAN_POINT('Ctrl Pts',(-107.301541998339,-111.150244744467,
-9.69930618256656));
#12314=CARTESIAN_POINT('Ctrl Pts',(-107.33434051459,-110.930565589293,-9.81504808012028));
#12315=CARTESIAN_POINT('Ctrl Pts',(-107.341645546915,-110.881854599485,
-9.84593109414638));
#12316=CARTESIAN_POINT('Ctrl Pts',(-107.347891140509,-110.837412404566,
-9.87896997575532));
#12317=CARTESIAN_POINT('Ctrl Pts',(-107.186073510958,-111.56772627677,-9.80091911119041));
#12318=CARTESIAN_POINT('Ctrl Pts',(-107.185260615151,-111.383080550651,
-9.79711738568836));
#12319=CARTESIAN_POINT('Ctrl Pts',(-107.197299111461,-111.193334655575,
-9.85242208419799));
#12320=CARTESIAN_POINT('Ctrl Pts',(-107.205253420744,-111.012867103006,
-9.95601555844465));
#12321=CARTESIAN_POINT('Ctrl Pts',(-107.206258495336,-110.973787323215,
-9.98228468159949));
#12322=CARTESIAN_POINT('Ctrl Pts',(-107.20596199441,-110.939406516915,-10.0088808303022));
#12323=CARTESIAN_POINT('',(-107.467194105932,-111.5497339851,-9.35065835097477));
#12324=CARTESIAN_POINT('',(-107.186493176726,-111.549733985099,-9.80000000000002));
#12325=CARTESIAN_POINT('Ctrl Pts',(-107.625510857285,-110.653715142221,
-9.60530820949693));
#12326=CARTESIAN_POINT('Ctrl Pts',(-107.61669802927,-110.683486314657,-9.5847925914038));
#12327=CARTESIAN_POINT('Ctrl Pts',(-107.607641395553,-110.714131828058,
-9.56560126065854));
#12328=CARTESIAN_POINT('Ctrl Pts',(-107.589218735527,-110.777767896741,
-9.52927393117403));
#12329=CARTESIAN_POINT('Ctrl Pts',(-107.58007138168,-110.810038991432,-9.51265227331056));
#12330=CARTESIAN_POINT('Ctrl Pts',(-107.55376115947,-110.906439140983,-9.46733332993759));
#12331=CARTESIAN_POINT('Ctrl Pts',(-107.537000359583,-110.97464056655,-9.44212371678706));
#12332=CARTESIAN_POINT('Ctrl Pts',(-107.489211136621,-111.204505787526,
-9.37471290748287));
#12333=CARTESIAN_POINT('Ctrl Pts',(-107.467194105932,-111.378970017244,
-9.35065835097447));
#12334=CARTESIAN_POINT('Ctrl Pts',(-107.467194105932,-111.5497339851,-9.35065835097493));
#12335=CARTESIAN_POINT('Origin',(-107.326843641348,-106.09044199125,-9.57532917548739));
#12336=CARTESIAN_POINT('',(-107.186493176745,-106.090441991249,-9.80000000000002));
#12337=CARTESIAN_POINT('',(-107.467194105923,-114.149734014903,-9.35065835097477));
#12338=CARTESIAN_POINT('',(-107.186493176717,-114.149734014901,-9.80000000000002));
#12339=CARTESIAN_POINT('',(-107.46719410595,-106.09044199125,-9.35065835097477));
#12340=CARTESIAN_POINT('Ctrl Pts',(-107.631683314592,-115.065980469575,
-9.61921360278188));
#12341=CARTESIAN_POINT('Ctrl Pts',(-107.612624623593,-115.001675944729,
-9.57302151349913));
#12342=CARTESIAN_POINT('Ctrl Pts',(-107.592394491151,-114.933384553073,
-9.53323109715173));
#12343=CARTESIAN_POINT('Ctrl Pts',(-107.510481736029,-114.635852582792,
-9.39263399931965));
#12344=CARTESIAN_POINT('Ctrl Pts',(-107.464333092973,-114.375612155231,
-9.34741557299491));
#12345=CARTESIAN_POINT('Ctrl Pts',(-107.467499759702,-114.125335689701,
-9.35056866617712));
#12346=CARTESIAN_POINT('Ctrl Pts',(-107.489754310736,-114.963986492606,
-9.74912431368598));
#12347=CARTESIAN_POINT('Ctrl Pts',(-107.477237125413,-114.909742790984,
-9.70937554023171));
#12348=CARTESIAN_POINT('Ctrl Pts',(-107.463307658247,-114.851083301477,
-9.6741983186907));
#12349=CARTESIAN_POINT('Ctrl Pts',(-107.406237862674,-114.592761695136,
-9.54575085857931));
#12350=CARTESIAN_POINT('Ctrl Pts',(-107.371604381499,-114.356118773039,
-9.4967845198054));
#12351=CARTESIAN_POINT('Ctrl Pts',(-107.373660770894,-114.127445551113,
-9.50073947545106));
#12352=CARTESIAN_POINT('Ctrl Pts',(-107.347891141403,-114.862055605745,
-9.8789699842988));
#12353=CARTESIAN_POINT('Ctrl Pts',(-107.341645547503,-114.817613407984,
-9.84593109970029));
#12354=CARTESIAN_POINT('Ctrl Pts',(-107.334340514656,-114.768902414589,
-9.81504808293969));
#12355=CARTESIAN_POINT('Ctrl Pts',(-107.30154199814,-114.549223248665,-9.69930618332472));
#12356=CARTESIAN_POINT('Ctrl Pts',(-107.277987385856,-114.335879192562,
-9.64775192702495));
#12357=CARTESIAN_POINT('Ctrl Pts',(-107.279912697995,-114.129632015071,
-9.65074794829463));
#12358=CARTESIAN_POINT('Ctrl Pts',(-107.205961993784,-114.760061491007,
-10.0088808372304));
#12359=CARTESIAN_POINT('Ctrl Pts',(-107.206258494967,-114.725680682741,
-9.98228468634887));
#12360=CARTESIAN_POINT('Ctrl Pts',(-107.205253420387,-114.686600900156,
-9.95601556096836));
#12361=CARTESIAN_POINT('Ctrl Pts',(-107.197299111793,-114.506133338336,
-9.85242208511396));
#12362=CARTESIAN_POINT('Ctrl Pts',(-107.185260614118,-114.316387439832,
-9.7971173833017));
#12363=CARTESIAN_POINT('Ctrl Pts',(-107.186073510655,-114.131741709207,
-9.80091911206016));
#12364=CARTESIAN_POINT('Ctrl Pts',(-107.467194105924,-114.149734014903,
-9.35065835097527));
#12365=CARTESIAN_POINT('Ctrl Pts',(-107.467194105923,-114.320494789836,
-9.3506583509757));
#12366=CARTESIAN_POINT('Ctrl Pts',(-107.489211785781,-114.494965327862,
-9.37471382352595));
#12367=CARTESIAN_POINT('Ctrl Pts',(-107.537000357811,-114.724827422575,
-9.44212371415925));
#12368=CARTESIAN_POINT('Ctrl Pts',(-107.553761157937,-114.793028850416,
-9.46733332750453));
#12369=CARTESIAN_POINT('Ctrl Pts',(-107.580071380952,-114.889429005335,
-9.5126522719929));
#12370=CARTESIAN_POINT('Ctrl Pts',(-107.589218734978,-114.921700100978,
-9.52927393019462));
#12371=CARTESIAN_POINT('Ctrl Pts',(-107.60764220786,-114.985338977895,-9.56560286238681));
#12372=CARTESIAN_POINT('Ctrl Pts',(-107.616697240761,-115.015979021682,
-9.58479075584877));
#12373=CARTESIAN_POINT('Ctrl Pts',(-107.62551085727,-115.045752857778,-9.60530820949667));
#12374=CARTESIAN_POINT('Origin',(-107.456697279595,-114.149734014902,-10.8));
#12375=CARTESIAN_POINT('',(-107.706697279599,-115.649734014901,-10.8));
#12376=CARTESIAN_POINT('',(-107.206697279601,-115.149734014901,-10.8));
#12377=CARTESIAN_POINT('Origin',(-107.706697279604,-114.149734014903,-10.8));
#12378=CARTESIAN_POINT('Origin',(-107.4566972796,-115.399734014901,-11.5324999925494));
#12379=CARTESIAN_POINT('',(-107.706697279599,-115.649734014901,-11.6650000149012));
#12380=CARTESIAN_POINT('',(-107.206697279582,-115.149734014901,-11.6650000149012));
#12381=CARTESIAN_POINT('',(-107.706697279599,-115.649734014901,-11.5324999925494));
#12382=CARTESIAN_POINT('Origin',(-107.456697279595,-113.949734014902,-11.6650000149012));
#12383=CARTESIAN_POINT('Origin',(-107.706697279605,-113.949734014903,-11.6650000149012));
#12384=CARTESIAN_POINT('Origin',(-106.706697279631,-106.090441991248,-10.));
#12385=CARTESIAN_POINT('',(-106.706697279668,-95.1811678374371,-9.00000000000002));
#12386=CARTESIAN_POINT('',(-107.706677815853,-93.8417957512186,-9.99331273483413));
#12387=CARTESIAN_POINT('Ctrl Pts',(-106.706697279668,-95.1811678374369,
-9.00000000000002));
#12388=CARTESIAN_POINT('Ctrl Pts',(-106.82446218844,-95.1471940381203,-8.9999999999999));
#12389=CARTESIAN_POINT('Ctrl Pts',(-107.052794794923,-95.0337666194997,
-9.04185024985723));
#12390=CARTESIAN_POINT('Ctrl Pts',(-107.528508613458,-94.6158823317328,
-9.31100159261645));
#12391=CARTESIAN_POINT('Ctrl Pts',(-107.705022391526,-94.1696917631773,
-9.70314106612885));
#12392=CARTESIAN_POINT('Ctrl Pts',(-107.706677815851,-93.8417957516838,
-9.99331273442258));
#12393=CARTESIAN_POINT('',(-107.706697279674,-93.8342367135379,-10.));
#12394=CARTESIAN_POINT('',(-107.706677815851,-93.8417957516838,-9.99331273442258));
#12395=CARTESIAN_POINT('',(-107.706697279665,-96.0925894982769,-10.));
#12396=CARTESIAN_POINT('',(-107.706697279631,-106.090441991251,-10.));
#12397=CARTESIAN_POINT('',(-107.586254785168,-97.0648680557818,-9.52420740389597));
#12398=CARTESIAN_POINT('Ctrl Pts',(-107.706697279665,-96.0925894982772,
-10.0000000000003));
#12399=CARTESIAN_POINT('Ctrl Pts',(-107.706697279665,-96.2202552408488,
-9.88380767511977));
#12400=CARTESIAN_POINT('Ctrl Pts',(-107.68624162068,-96.370076102848,-9.78109501370507));
#12401=CARTESIAN_POINT('Ctrl Pts',(-107.634342052988,-96.7021114553365,
-9.61671757143985));
#12402=CARTESIAN_POINT('Ctrl Pts',(-107.603757728882,-96.881538495209,-9.55656361464122));
#12403=CARTESIAN_POINT('Ctrl Pts',(-107.58625478516,-97.0648680557771,-9.52420740388142));
#12404=CARTESIAN_POINT('',(-107.566779753479,-97.4623340000012,-9.48984498607685));
#12405=CARTESIAN_POINT('Ctrl Pts',(-107.586254785168,-97.0648680557818,
-9.5242074038961));
#12406=CARTESIAN_POINT('Ctrl Pts',(-107.581750565632,-97.112046210585,-9.51588083443714));
#12407=CARTESIAN_POINT('Ctrl Pts',(-107.577940921767,-97.159707094238,-9.50911171248272));
#12408=CARTESIAN_POINT('Ctrl Pts',(-107.574931312762,-97.2075271460022,
-9.50384512119093));
#12409=CARTESIAN_POINT('Ctrl Pts',(-107.573725882174,-97.2266803825313,
-9.50173570756647));
#12410=CARTESIAN_POINT('Ctrl Pts',(-107.572648255891,-97.2458591531467,
-9.49986756242426));
#12411=CARTESIAN_POINT('Ctrl Pts',(-107.571703084096,-97.2650426679577,
-9.49823814583576));
#12412=CARTESIAN_POINT('Ctrl Pts',(-107.569333844319,-97.3131295306923,
-9.49415372582197));
#12413=CARTESIAN_POINT('Ctrl Pts',(-107.567785401032,-97.3615470896277,
-9.4915426447064));
#12414=CARTESIAN_POINT('Ctrl Pts',(-107.567133860578,-97.4099301465296,
-9.49044245641912));
#12415=CARTESIAN_POINT('Ctrl Pts',(-107.566898494106,-97.4274083389064,
-9.49004501765095));
#12416=CARTESIAN_POINT('Ctrl Pts',(-107.566779753479,-97.4448820288102,
-9.4898449860775));
#12417=CARTESIAN_POINT('Ctrl Pts',(-107.566779753479,-97.4623340000012,
-9.48984498607756));
#12418=CARTESIAN_POINT('',(-107.566779753457,-103.802334000002,-9.48984498607685));
#12419=CARTESIAN_POINT('',(-107.566779753449,-106.09044199125,-9.48984498607685));
#12420=CARTESIAN_POINT('',(-107.586254785144,-104.199799944217,-9.52420740389598));
#12421=CARTESIAN_POINT('Ctrl Pts',(-107.566779753457,-103.802334000002,
-9.48984498607701));
#12422=CARTESIAN_POINT('Ctrl Pts',(-107.566779753457,-103.850644471532,
-9.48984498607719));
#12423=CARTESIAN_POINT('Ctrl Pts',(-107.56769302368,-103.899121371546,-9.49137583712986));
#12424=CARTESIAN_POINT('Ctrl Pts',(-107.569459787619,-103.947399501811,
-9.49439061042698));
#12425=CARTESIAN_POINT('Ctrl Pts',(-107.570098024265,-103.964839789843,
-9.49547968563277));
#12426=CARTESIAN_POINT('Ctrl Pts',(-107.570847205358,-103.982254138667,
-9.49676266488644));
#12427=CARTESIAN_POINT('Ctrl Pts',(-107.571703084073,-103.999625332044,
-9.49823814583603));
#12428=CARTESIAN_POINT('Ctrl Pts',(-107.574062902691,-104.047520979852,
-9.50230632436461));
#12429=CARTESIAN_POINT('Ctrl Pts',(-107.577251666644,-104.095387054459,
-9.50786104752934));
#12430=CARTESIAN_POINT('Ctrl Pts',(-107.581182955386,-104.142899995128,
-9.51494865950918));
#12431=CARTESIAN_POINT('Ctrl Pts',(-107.582757543877,-104.161930225284,
-9.51778744164595));
#12432=CARTESIAN_POINT('Ctrl Pts',(-107.584450722225,-104.180903804944,
-9.52087238545765));
#12433=CARTESIAN_POINT('Ctrl Pts',(-107.586254785144,-104.199799944217,
-9.52420740389621));
#12434=CARTESIAN_POINT('',(-107.706697279635,-105.172078501723,-10.));
#12435=CARTESIAN_POINT('Ctrl Pts',(-107.586254785139,-104.199799944219,
-9.5242074038865));
#12436=CARTESIAN_POINT('Ctrl Pts',(-107.60375772886,-104.383129504796,-9.55656361464708));
#12437=CARTESIAN_POINT('Ctrl Pts',(-107.634342052966,-104.562556544679,
-9.61671757144895));
#12438=CARTESIAN_POINT('Ctrl Pts',(-107.686241620655,-104.894591897175,
-9.78109501371999));
#12439=CARTESIAN_POINT('Ctrl Pts',(-107.706697279635,-105.044412759165,
-9.88380767513116));
#12440=CARTESIAN_POINT('Ctrl Pts',(-107.706697279635,-105.172078501723,
-10.));
#12441=CARTESIAN_POINT('',(-107.706697279631,-106.090441991251,-10.));
#12442=CARTESIAN_POINT('',(-107.706697279631,-106.090441991251,-10.));
#12443=CARTESIAN_POINT('',(-106.706697279631,-106.090441991248,-9.00000000000002));
#12444=CARTESIAN_POINT('Origin',(-107.706697279593,-117.5890615651,-12.4));
#12445=CARTESIAN_POINT('',(-107.706697279632,-105.837334,-12.065));
#12446=CARTESIAN_POINT('Origin',(-107.706697279639,-103.802334000002,-12.065));
#12447=CARTESIAN_POINT('',(-107.706697279667,-95.427334,-12.065));
#12448=CARTESIAN_POINT('Origin',(-107.706697279661,-97.4623340000017,-12.065));
#12449=CARTESIAN_POINT('',(-107.706697279667,-95.4273340000004,-11.505));
#12450=CARTESIAN_POINT('',(-107.706697279667,-95.427334,-11.9525));
#12451=CARTESIAN_POINT('Origin',(-107.706697279661,-97.4623340000017,-11.505));
#12452=CARTESIAN_POINT('',(-107.706697279802,-55.7330032783937,-10.));
#12453=CARTESIAN_POINT('',(-107.706697279631,-106.090441991251,-10.));
#12454=CARTESIAN_POINT('',(-107.706697279802,-55.7330032783937,-12.4));
#12455=CARTESIAN_POINT('',(-107.706697279632,-105.837334,-11.505));
#12456=CARTESIAN_POINT('Origin',(-107.706697279639,-103.802334000002,-11.505));
#12457=CARTESIAN_POINT('',(-107.706697279632,-105.837334,-12.2325000000002));
#12458=CARTESIAN_POINT('Ctrl Pts',(-107.58625478516,-97.0648680557771,-9.52420740388143));
#12459=CARTESIAN_POINT('Ctrl Pts',(-107.62047662528,-96.7064212132988,-9.58747042347011));
#12460=CARTESIAN_POINT('Ctrl Pts',(-107.706697279665,-96.363666646125,-9.75328476225395));
#12461=CARTESIAN_POINT('Ctrl Pts',(-107.706697279665,-96.0925894982761,
-10.000000000001));
#12462=CARTESIAN_POINT('Ctrl Pts',(-107.459735616639,-97.0966922447139,
-9.68280493592107));
#12463=CARTESIAN_POINT('Ctrl Pts',(-107.482550176718,-96.7673686337787,
-9.74311173379044));
#12464=CARTESIAN_POINT('Ctrl Pts',(-107.540030612975,-96.4536475923883,
-9.89675038369097));
#12465=CARTESIAN_POINT('Ctrl Pts',(-107.540030612975,-96.2047716851495,
-10.1232596232605));
#12466=CARTESIAN_POINT('Ctrl Pts',(-107.333216448116,-97.1285164336507,
-9.84140246796071));
#12467=CARTESIAN_POINT('Ctrl Pts',(-107.344623728155,-96.8283160542586,
-9.89875304411077));
#12468=CARTESIAN_POINT('Ctrl Pts',(-107.373363946283,-96.5436285386516,
-10.040216005128));
#12469=CARTESIAN_POINT('Ctrl Pts',(-107.373363946283,-96.3169538720228,
-10.2465192465201));
#12470=CARTESIAN_POINT('Ctrl Pts',(-107.206697279593,-97.1603406225876,
-10.0000000000004));
#12471=CARTESIAN_POINT('Ctrl Pts',(-107.206697279593,-96.8892634747385,
-10.0543943544311));
#12472=CARTESIAN_POINT('Ctrl Pts',(-107.206697279593,-96.6336094849149,
-10.183681626565));
#12473=CARTESIAN_POINT('Ctrl Pts',(-107.206697279593,-96.4291360588962,
-10.3697788697796));
#12474=CARTESIAN_POINT('',(-107.706697279665,-96.0925894982769,-10.));
#12475=CARTESIAN_POINT('',(-107.206697279663,-97.1603406225876,-10.0000000000004));
#12476=CARTESIAN_POINT('Origin',(-107.456697279593,-97.4623340000009,-12.065));
#12477=CARTESIAN_POINT('',(-107.206697279666,-95.927334,-12.065));
#12478=CARTESIAN_POINT('Origin',(-107.456697279667,-95.677334,-11.9525));
#12479=CARTESIAN_POINT('',(-107.206697279524,-95.927334,-11.505));
#12480=CARTESIAN_POINT('Origin',(-107.45669727959,-97.4623340000009,-11.505));
#12481=CARTESIAN_POINT('Ctrl Pts',(-107.706697279635,-105.172078501723,
-10.0000000000002));
#12482=CARTESIAN_POINT('Ctrl Pts',(-107.706697279636,-104.901001353874,
-9.75328476225306));
#12483=CARTESIAN_POINT('Ctrl Pts',(-107.620476625255,-104.558246786697,
-9.58747042347322));
#12484=CARTESIAN_POINT('Ctrl Pts',(-107.586254785139,-104.199799944219,
-9.52420740388596));
#12485=CARTESIAN_POINT('Ctrl Pts',(-107.540030612954,-105.059896314849,
-10.1232596232595));
#12486=CARTESIAN_POINT('Ctrl Pts',(-107.540030612954,-104.81102040761,-9.89675038368989));
#12487=CARTESIAN_POINT('Ctrl Pts',(-107.4825501767,-104.497299366218,-9.74311173379212));
#12488=CARTESIAN_POINT('Ctrl Pts',(-107.459735616624,-104.167975755283,
-9.68280493592387));
#12489=CARTESIAN_POINT('Ctrl Pts',(-107.373363946271,-104.947714127976,
-10.2465192465188));
#12490=CARTESIAN_POINT('Ctrl Pts',(-107.373363946272,-104.721039461346,
-10.0402160051267));
#12491=CARTESIAN_POINT('Ctrl Pts',(-107.344623728145,-104.436351945738,
-9.89875304411103));
#12492=CARTESIAN_POINT('Ctrl Pts',(-107.333216448107,-104.136151566346,
-9.84140246796179));
#12493=CARTESIAN_POINT('Ctrl Pts',(-107.206697279589,-104.835531941102,
-10.3697788697782));
#12494=CARTESIAN_POINT('Ctrl Pts',(-107.20669727959,-104.631058515083,-10.1836816265635));
#12495=CARTESIAN_POINT('Ctrl Pts',(-107.206697279591,-104.375404525259,
-10.0543943544299));
#12496=CARTESIAN_POINT('Ctrl Pts',(-107.206697279592,-104.104327377409,
-9.99999999999971));
#12497=CARTESIAN_POINT('',(-107.586254785144,-104.199799944217,-9.52420740389598));
#12498=CARTESIAN_POINT('',(-107.206697279544,-104.835531941102,-10.3697788697782));
#12499=CARTESIAN_POINT('Ctrl Pts',(-107.566779753479,-97.4623340000018,
-9.48984498607684));
#12500=CARTESIAN_POINT('Ctrl Pts',(-107.566779753479,-97.3326885592525,
-9.48984498607672));
#12501=CARTESIAN_POINT('Ctrl Pts',(-107.573510791844,-97.1983513562746,
-9.50064866197784));
#12502=CARTESIAN_POINT('Ctrl Pts',(-107.586254785168,-97.0648680557818,
-9.52420740389597));
#12503=CARTESIAN_POINT('Ctrl Pts',(-107.446602228441,-97.4623340000012,
-9.64989665738457));
#12504=CARTESIAN_POINT('Ctrl Pts',(-107.446602228441,-97.3427326012146,
-9.64989665738449));
#12505=CARTESIAN_POINT('Ctrl Pts',(-107.451239621116,-97.2187963255861,
-9.66045420746606));
#12506=CARTESIAN_POINT('Ctrl Pts',(-107.459735616667,-97.096692244717,-9.68280493593077));
#12507=CARTESIAN_POINT('Ctrl Pts',(-107.326424703403,-97.4623340000006,
-9.8099483286923));
#12508=CARTESIAN_POINT('Ctrl Pts',(-107.326424703403,-97.3527766431767,
-9.80994832869226));
#12509=CARTESIAN_POINT('Ctrl Pts',(-107.32896845039,-97.2392412948977,-9.82025975295428));
#12510=CARTESIAN_POINT('Ctrl Pts',(-107.333216448164,-97.1285164336523,
-9.84140246796556));
#12511=CARTESIAN_POINT('Ctrl Pts',(-107.206247178365,-97.4623340000001,
-9.97000000000003));
#12512=CARTESIAN_POINT('Ctrl Pts',(-107.206247178365,-97.3628206851387,
-9.97000000000003));
#12513=CARTESIAN_POINT('Ctrl Pts',(-107.206697279661,-97.2596862642093,
-9.9800652984425));
#12514=CARTESIAN_POINT('Ctrl Pts',(-107.206697279663,-97.1603406225876,
-10.0000000000004));
#12515=CARTESIAN_POINT('',(-107.206247178365,-97.462334,-9.97000000000003));
#12516=CARTESIAN_POINT('Origin',(-107.386513465894,-106.09044199125,-9.72992249303845));
#12517=CARTESIAN_POINT('',(-107.206247178344,-103.802334,-9.97000000000004));
#12518=CARTESIAN_POINT('Ctrl Pts',(-107.586254785144,-104.199799944217,
-9.52420740389598));
#12519=CARTESIAN_POINT('Ctrl Pts',(-107.573510791821,-104.066316643726,
-9.50064866197817));
#12520=CARTESIAN_POINT('Ctrl Pts',(-107.566779753457,-103.93197944075,-9.48984498607697));
#12521=CARTESIAN_POINT('Ctrl Pts',(-107.566779753457,-103.802334000002,
-9.48984498607685));
#12522=CARTESIAN_POINT('Ctrl Pts',(-107.459735616642,-104.167975755281,
-9.68280493593056));
#12523=CARTESIAN_POINT('Ctrl Pts',(-107.451239621093,-104.045871674414,
-9.66045420746623));
#12524=CARTESIAN_POINT('Ctrl Pts',(-107.446602228419,-103.921935398787,
-9.64989665738466));
#12525=CARTESIAN_POINT('Ctrl Pts',(-107.446602228419,-103.802334000001,
-9.64989665738458));
#12526=CARTESIAN_POINT('Ctrl Pts',(-107.33321644814,-104.136151566345,-9.84140246796513));
#12527=CARTESIAN_POINT('Ctrl Pts',(-107.328968450366,-104.025426705101,
-9.82025975295428));
#12528=CARTESIAN_POINT('Ctrl Pts',(-107.326424703381,-103.911891356823,
-9.80994832869235));
#12529=CARTESIAN_POINT('Ctrl Pts',(-107.326424703381,-103.802334000001,
-9.80994832869231));
#12530=CARTESIAN_POINT('Ctrl Pts',(-107.206697279638,-104.104327377409,
-9.99999999999971));
#12531=CARTESIAN_POINT('Ctrl Pts',(-107.206697279638,-104.004981735789,
-9.98006529844234));
#12532=CARTESIAN_POINT('Ctrl Pts',(-107.206247178343,-103.90184731486,-9.97000000000004));
#12533=CARTESIAN_POINT('Ctrl Pts',(-107.206247178344,-103.802334,-9.97000000000004));
#12534=CARTESIAN_POINT('Origin',(-107.456697279593,-103.802334000001,-11.505));
#12535=CARTESIAN_POINT('',(-107.206697279635,-105.337334,-11.505));
#12536=CARTESIAN_POINT('Origin',(-107.456697279633,-105.587334,-12.2325000000002));
#12537=CARTESIAN_POINT('',(-107.206697279548,-105.337334,-12.065));
#12538=CARTESIAN_POINT('Origin',(-107.456697279597,-103.802334000001,-12.065));
#12539=CARTESIAN_POINT('Origin',(-87.3050742451725,-107.232928425257,-11.9));
#12540=CARTESIAN_POINT('',(-87.3050742451725,-107.052771209583,-9.8001786213328));
#12541=CARTESIAN_POINT('',(-87.3050742451725,-107.052771209583,-12.));
#12542=CARTESIAN_POINT('',(-87.3050742451725,-100.912375421234,-9.80017862133276));
#12543=CARTESIAN_POINT('Origin',(-51.5142225130682,-94.591822417212,-10.487398082112));
#12544=CARTESIAN_POINT('',(-87.3143769643185,-94.5918224172008,-9.80000000000002));
#12545=CARTESIAN_POINT('',(-87.3066972797255,-107.052771209583,-9.80014745747733));
#12546=CARTESIAN_POINT('',(-69.3883883213079,-107.052771209565,-10.1441965656866));
#12547=CARTESIAN_POINT('',(-87.3066972797245,-103.795912050518,-9.80014745747733));
#12548=CARTESIAN_POINT('Origin',(-101.304908275182,-116.764468152398,-12.1));
#12549=CARTESIAN_POINT('',(-101.304908275182,-116.764468152398,-9.80000000000002));
#12550=CARTESIAN_POINT('',(-101.304908275182,-116.764468152398,-12.1));
#12551=CARTESIAN_POINT('',(-101.304908275185,-105.678145284814,-9.80000000000002));
#12552=CARTESIAN_POINT('Origin',(-87.3066972797275,-113.000001683836,-12.1));
#12553=CARTESIAN_POINT('',(-87.3066972797255,-107.052771209583,-12.1));
#12554=CARTESIAN_POINT('Origin',(-84.8052496316855,-107.052771209581,-9.00000000000002));
#12555=CARTESIAN_POINT('Origin',(-90.5552212066745,-117.023866305028,-9.00000000000002));
#12556=CARTESIAN_POINT('',(-90.9293906529195,-115.263537462186,-9.00000000000002));
#12557=CARTESIAN_POINT('',(-90.9293906529195,-115.263537462186,-12.1));
#12558=CARTESIAN_POINT('Origin',(-90.5552212066745,-117.023866305028,-9.00000000000002));
#12559=CARTESIAN_POINT('Origin',(-77.8222128030895,-112.477520805213,-9.00000000000002));
#12560=CARTESIAN_POINT('',(-77.8222128030895,-112.477520805213,-12.1));
#12561=CARTESIAN_POINT('',(-63.4200895951905,-109.416255015376,-9.00000000000001));
#12562=CARTESIAN_POINT('Origin',(-77.4480433568445,-114.237849648054,-9.00000000000002));
#12563=CARTESIAN_POINT('',(-75.6877145140035,-113.86368020181,-12.1));
#12564=CARTESIAN_POINT('Origin',(-72.9016978570292,-126.970858051639,-9.00000000000002));
#12565=CARTESIAN_POINT('Origin',(-106.506697279592,-117.649526752655,-12.4));
#12566=CARTESIAN_POINT('',(-106.506697279595,-116.764468152402,-9.80000000000002));
#12567=CARTESIAN_POINT('',(-106.506697279631,-106.120674585027,-9.80000000000002));
#12568=CARTESIAN_POINT('',(-106.506697279595,-116.764468152402,-12.25));
#12569=CARTESIAN_POINT('',(-106.506697279592,-117.749468426892,-12.1));
#12570=CARTESIAN_POINT('',(-106.506697279631,-106.120674585027,-9.80000000000002));
#12571=CARTESIAN_POINT('Origin',(-108.748967563469,-117.237390333198,-12.4));
#12572=CARTESIAN_POINT('',(-107.349266731134,-119.062448573353,-12.1));
#12573=CARTESIAN_POINT('Origin',(-113.89817085581,-122.063663762233,-12.4));
#12574=CARTESIAN_POINT('',(-113.89817085581,-122.063663762233,-12.1));
#12575=CARTESIAN_POINT('Origin',(-112.898180598812,-124.2454923276,-12.4));
#12576=CARTESIAN_POINT('',(-115.073427935716,-125.259718842565,-12.1));
#12577=CARTESIAN_POINT('Origin',(-108.138560187687,-140.131592037432,-12.4));
#12578=CARTESIAN_POINT('',(-108.138560187687,-140.131592037432,-12.1));
#12579=CARTESIAN_POINT('Origin',(-105.963419194683,-139.1172918197,-12.4));
#12580=CARTESIAN_POINT('',(-104.973861310613,-141.303800101224,-12.1));
#12581=CARTESIAN_POINT('Origin',(-90.5853604176875,-134.791870920624,-12.4));
#12582=CARTESIAN_POINT('',(-95.6585493592845,-137.087888230095,-12.1));
#12583=CARTESIAN_POINT('Origin',(-72.6512371572248,-187.923934351297,-12.4));
#12584=CARTESIAN_POINT('Origin',(-106.106500279798,-116.7644681524,-12.1));
#12585=CARTESIAN_POINT('',(-79.0125009789775,-116.764468152309,-9.80000000000001));
#12586=CARTESIAN_POINT('Origin',(-104.106674874182,-55.73303240561,-10.8));
#12587=CARTESIAN_POINT('Origin',(-104.106674874182,-55.73303240561,-10.));
#12588=CARTESIAN_POINT('Ctrl Pts',(-107.706697182893,-55.7338682272613,
-10.));
#12589=CARTESIAN_POINT('Ctrl Pts',(-107.707043446415,-54.2424538813033,
-10.000000000007));
#12590=CARTESIAN_POINT('Ctrl Pts',(-106.652580916899,-53.1877379740212,
-10.0000000000072));
#12591=CARTESIAN_POINT('Ctrl Pts',(-105.598118387382,-52.1330220667392,
-10.0000000000075));
#12592=CARTESIAN_POINT('Ctrl Pts',(-104.106704001277,-52.1330099999903,
-10.0000000000009));
#12593=CARTESIAN_POINT('Ctrl Pts',(-107.706697182894,-55.7338682272464,
-6.79999999999276));
#12594=CARTESIAN_POINT('Ctrl Pts',(-107.707043446415,-54.242453881294,-6.79999999999972));
#12595=CARTESIAN_POINT('Ctrl Pts',(-106.652580916903,-53.1877379740159,
-6.79999999999999));
#12596=CARTESIAN_POINT('Ctrl Pts',(-105.598118387391,-52.1330220667378,
-6.80000000000026));
#12597=CARTESIAN_POINT('Ctrl Pts',(-104.106704001291,-52.1330099999889,
-6.79999999999368));
#12598=CARTESIAN_POINT('Ctrl Pts',(-104.506697269132,-55.7331252792906,
-6.79999999999946));
#12599=CARTESIAN_POINT('Ctrl Pts',(-104.506735744772,-55.5674043233214,
-6.80000000000023));
#12600=CARTESIAN_POINT('Ctrl Pts',(-104.389567407953,-55.4502078320148,
-6.80000000000026));
#12601=CARTESIAN_POINT('Ctrl Pts',(-104.272399071133,-55.3330113407081,
-6.80000000000029));
#12602=CARTESIAN_POINT('Ctrl Pts',(-104.106678110702,-55.3330099998914,
-6.79999999999956));
#12603=CARTESIAN_POINT('',(-104.506697279814,-55.7330032783937,-6.80000000000002));
#12604=CARTESIAN_POINT('Origin',(-104.506697279814,-55.7330032783937,-10.));
#12605=CARTESIAN_POINT('',(-104.106678110702,-55.3330099998853,-6.80000000000002));
#12606=CARTESIAN_POINT('Origin',(-104.106674874182,-55.73303240561,-6.80000000000002));
#12607=CARTESIAN_POINT('Origin',(-104.106678110702,-55.3330099998853,-10.));
#12608=CARTESIAN_POINT('Origin',(-87.9935080145995,-92.6142367135379,-6.80000000000002));
#12609=CARTESIAN_POINT('',(-87.9935080145995,-91.4142367135379,-8.40000000000002));
#12610=CARTESIAN_POINT('',(-87.9935080145995,-53.5174109253025,-8.40000000000002));
#12611=CARTESIAN_POINT('',(-87.9935080145995,-93.603029565375,-8.40000000000002));
#12612=CARTESIAN_POINT('',(-87.9935080145995,-55.3330099999883,-7.58000000000002));
#12613=CARTESIAN_POINT('Origin',(-87.9935080145995,-55.3330099999883,-10.));
#12614=CARTESIAN_POINT('',(-87.9935080145995,-91.4142367135379,-7.58000000000002));
#12615=CARTESIAN_POINT('',(-87.9935080145995,-82.4939300351505,-7.58000000000002));
#12616=CARTESIAN_POINT('',(-87.9935080145995,-91.4142367135379,-6.80000000000002));
#12617=CARTESIAN_POINT('Origin',(-107.706697279814,-94.6142367135379,-6.80000000000002));
#12618=CARTESIAN_POINT('',(-106.322296354501,-94.6142367135379,-8.40000000000002));
#12619=CARTESIAN_POINT('',(-91.1935080145995,-94.6142367135379,-8.40000000000002));
#12620=CARTESIAN_POINT('',(-79.6125009791245,-94.6142367135379,-8.40000000000002));
#12621=CARTESIAN_POINT('',(-91.1935080145995,-94.6142367135379,-7.58000000000002));
#12622=CARTESIAN_POINT('',(-91.1935080145995,-94.6142367135379,-6.80000000000002));
#12623=CARTESIAN_POINT('',(-104.506697279814,-94.6142367135379,-7.58000000000002));
#12624=CARTESIAN_POINT('',(-102.97839996351,-94.6142367135379,-7.58000000000002));
#12625=CARTESIAN_POINT('Origin',(-104.506697279814,-94.6142367135379,-10.));
#12626=CARTESIAN_POINT('Origin',(-91.1935080145995,-91.4142367135379,-6.80000000000002));
#12627=CARTESIAN_POINT('Origin',(-91.1935080145995,-91.4142367135379,-8.40000000000002));
#12628=CARTESIAN_POINT('Origin',(-91.1935080145995,-91.4142367135379,-7.58000000000002));
#12629=CARTESIAN_POINT('Origin',(-104.506697279814,-62.2533166783757,-10.));
#12630=CARTESIAN_POINT('',(-104.506697279814,-93.8342367135379,-6.80000000000002));
#12631=CARTESIAN_POINT('Origin',(-104.506697279814,-93.8342367135379,-10.));
#12632=CARTESIAN_POINT('',(-104.506697279814,-62.2533166783757,-6.80000000000002));
#12633=CARTESIAN_POINT('Origin',(-98.2501026472075,-72.3736233567631,-6.80000000000002));
#12634=CARTESIAN_POINT('',(-88.7735080145995,-91.4142367135379,-6.80000000000002));
#12635=CARTESIAN_POINT('',(-88.7735080145995,-55.3330099999883,-6.80000000000002));
#12636=CARTESIAN_POINT('',(-88.7735080145995,-82.4939300351505,-6.80000000000002));
#12637=CARTESIAN_POINT('',(-88.7935080145995,-55.3330099999883,-6.80000000000002));
#12638=CARTESIAN_POINT('',(-91.1935080145995,-93.8342367135379,-6.80000000000002));
#12639=CARTESIAN_POINT('',(-102.97839996351,-93.8342367135379,-6.80000000000002));
#12640=CARTESIAN_POINT('Origin',(-91.1935080145995,-91.4142367135379,-6.80000000000002));
#12641=CARTESIAN_POINT('Origin',(-93.5218053309035,-55.3330099999883,-10.));
#12642=CARTESIAN_POINT('Origin',(-88.7735080145995,-55.3330099999883,-10.));
#12643=CARTESIAN_POINT('Origin',(-88.7735080145995,-55.3330099999883,-10.));
#12644=CARTESIAN_POINT('',(-88.0121991184975,-53.2386007286838,-8.47679325722736));
#12645=CARTESIAN_POINT('Ctrl Pts',(-87.9935080145995,-53.5174109253025,
-8.40000000000002));
#12646=CARTESIAN_POINT('Ctrl Pts',(-87.9935080145995,-53.4745502568199,
-8.41223872482734));
#12647=CARTESIAN_POINT('Ctrl Pts',(-87.9946226085985,-53.4325572735606,
-8.4240814318263));
#12648=CARTESIAN_POINT('Ctrl Pts',(-87.9993555357855,-53.3498916774243,
-8.44698469173583));
#12649=CARTESIAN_POINT('Ctrl Pts',(-88.0029947602935,-53.3092327842112,
-8.45803821940348));
#12650=CARTESIAN_POINT('Ctrl Pts',(-88.0093151711815,-53.2590881256817,
-8.47138567837912));
#12651=CARTESIAN_POINT('Ctrl Pts',(-88.0107098622365,-53.2488157251489,
-8.47410464420735));
#12652=CARTESIAN_POINT('Ctrl Pts',(-88.0121991184965,-53.2386007286837,
-8.47679325722732));
#12653=CARTESIAN_POINT('Ctrl Pts',(-88.0121991184975,-53.2386007286839,
-8.47679325722733));
#12654=CARTESIAN_POINT('Ctrl Pts',(-88.0506032455565,-52.9751819789829,
-8.54612574134146));
#12655=CARTESIAN_POINT('Ctrl Pts',(-88.1815225080525,-52.6141818479303,
-8.7819231192442));
#12656=CARTESIAN_POINT('Ctrl Pts',(-88.4585477726785,-52.2301652837399,
-9.33784296955278));
#12657=CARTESIAN_POINT('Ctrl Pts',(-88.6467080732155,-52.133974915886,-9.73274065692421));
#12658=CARTESIAN_POINT('Ctrl Pts',(-88.7716706973115,-52.1330131766241,
-9.99612579469188));
#12659=CARTESIAN_POINT('Ctrl Pts',(-88.7725891857575,-52.1330099999883,
-9.99806275114024));
#12660=CARTESIAN_POINT('Ctrl Pts',(-88.7735080145995,-52.1330099999883,
-9.99999999999994));
#12661=CARTESIAN_POINT('Origin',(-88.7735080145995,-55.3330099999883,-7.58000000000002));
#12662=CARTESIAN_POINT('Origin',(-88.7735080145995,-82.4939300351505,-7.58000000000002));
#12663=CARTESIAN_POINT('Origin',(-88.7735080145995,-91.4142367135379,-7.58000000000002));
#12664=CARTESIAN_POINT('Origin',(-91.1935080145995,-91.4142367135379,-7.58000000000002));
#12665=CARTESIAN_POINT('Origin',(-91.1935080145995,-93.8342367135379,-7.58000000000002));
#12666=CARTESIAN_POINT('Origin',(-102.97839996351,-93.8342367135379,-7.58000000000002));
#12667=CARTESIAN_POINT('Origin',(-104.506697279814,-93.8342367135379,-7.58000000000002));
#12668=CARTESIAN_POINT('Origin',(-104.506697279814,-93.8342367135379,-10.));
#12669=CARTESIAN_POINT('',(-107.706675661845,-93.8384921908409,-9.99102527422566));
#12670=CARTESIAN_POINT('',(-107.706697279674,-93.8342367135405,-10.));
#12671=CARTESIAN_POINT('',(-106.601106551022,-94.5955456096547,-8.47679325720172));
#12672=CARTESIAN_POINT('Ctrl Pts',(-107.706675661843,-93.8384921910996,
-9.99102527368008));
#12673=CARTESIAN_POINT('Ctrl Pts',(-107.704823578483,-94.0238301678062,
-9.60000261400736));
#12674=CARTESIAN_POINT('Ctrl Pts',(-107.513273497419,-94.2760320767273,
-9.07206190504865));
#12675=CARTESIAN_POINT('Ctrl Pts',(-106.987590289234,-94.5122318777846,
-8.62490656612945));
#12676=CARTESIAN_POINT('Ctrl Pts',(-106.732819483708,-94.5763430274325,
-8.5114604356916));
#12677=CARTESIAN_POINT('Ctrl Pts',(-106.601106551022,-94.5955456096547,
-8.47679325720172));
#12678=CARTESIAN_POINT('Ctrl Pts',(-106.601106551022,-94.5955456096547,
-8.47679325720172));
#12679=CARTESIAN_POINT('Ctrl Pts',(-106.561364661218,-94.6013396261651,
-8.46633309084396));
#12680=CARTESIAN_POINT('Ctrl Pts',(-106.52070778,-94.6057062981888,-8.45539362487257));
#12681=CARTESIAN_POINT('Ctrl Pts',(-106.438047608334,-94.611768365028,-8.43270275746067));
#12682=CARTESIAN_POINT('Ctrl Pts',(-106.39606021455,-94.6134882042701,-8.42095946141414));
#12683=CARTESIAN_POINT('Ctrl Pts',(-106.342972278894,-94.6141716162579,
-8.40589519496442));
#12684=CARTESIAN_POINT('Ctrl Pts',(-106.332658491646,-94.6142367135379,
-8.40295887464265));
#12685=CARTESIAN_POINT('Ctrl Pts',(-106.322296354501,-94.6142367135379,
-8.40000000000002));
#12686=CARTESIAN_POINT('Origin',(-77.8125043399175,-53.1330099999982,-10.));
#12687=CARTESIAN_POINT('',(-87.4265768907255,-53.1330099999961,-9.00000000000002));
#12688=CARTESIAN_POINT('Ctrl Pts',(-88.7735080145995,-52.1330099999883,
-9.99999999999997));
#12689=CARTESIAN_POINT('Ctrl Pts',(-88.7718823953995,-52.1330099999883,
-9.99856219961012));
#12690=CARTESIAN_POINT('Ctrl Pts',(-88.7702573763205,-52.1330130006949,
-9.99712453397201));
#12691=CARTESIAN_POINT('Ctrl Pts',(-88.5491696567645,-52.1338768916128,
-9.80165973214206));
#12692=CARTESIAN_POINT('Ctrl Pts',(-88.2162706635075,-52.222153081403,-9.50873937834255));
#12693=CARTESIAN_POINT('Ctrl Pts',(-87.7261490414775,-52.572119558073,-9.12694098690509));
#12694=CARTESIAN_POINT('Ctrl Pts',(-87.4945226539845,-52.8974865445885,
-8.9999999999998));
#12695=CARTESIAN_POINT('Ctrl Pts',(-87.4265768907255,-53.1330099999962,
-9.00000000000004));
#12696=CARTESIAN_POINT('',(-77.8125043399175,-53.1330099999982,-9.00000000000002));
#12697=CARTESIAN_POINT('Ctrl Pts',(-87.3935080225075,-53.5176073328544,
-9.00000000000002));
#12698=CARTESIAN_POINT('Ctrl Pts',(-87.3934976391285,-53.3886679433003,
-9.00000000000002));
#12699=CARTESIAN_POINT('Ctrl Pts',(-87.4037114909325,-53.2597515782507,
-9.00000000000002));
#12700=CARTESIAN_POINT('Ctrl Pts',(-87.4266117638695,-53.1328166441901,
-9.00000000000002));
#12701=CARTESIAN_POINT('Ctrl Pts',(-87.5505947840955,-53.5175947262429,
-9.00000023047729));
#12702=CARTESIAN_POINT('Ctrl Pts',(-87.5459044506305,-53.3969312503422,
-8.99984872087908));
#12703=CARTESIAN_POINT('Ctrl Pts',(-87.5512440635235,-53.2766587844391,
-9.00009876470383));
#12704=CARTESIAN_POINT('Ctrl Pts',(-87.5685597657315,-53.1584253943671,
-8.99999984959689));
#12705=CARTESIAN_POINT('Ctrl Pts',(-87.8633277548995,-53.5175697337723,
-8.86977789788177));
#12706=CARTESIAN_POINT('Ctrl Pts',(-87.8496989580025,-53.4133130633884,
-8.87791238247881));
#12707=CARTESIAN_POINT('Ctrl Pts',(-87.8451381117715,-53.3103811771377,
-8.88490236065614));
#12708=CARTESIAN_POINT('Ctrl Pts',(-87.8515509126315,-53.2094795627416,
-8.89112460243195));
#12709=CARTESIAN_POINT('Ctrl Pts',(-87.9935244746425,-53.5175591675256,
-8.55703202766973));
#12710=CARTESIAN_POINT('Ctrl Pts',(-87.9860725951445,-53.420238234645,-8.58022108615168));
#12711=CARTESIAN_POINT('Ctrl Pts',(-87.9860324256465,-53.3259873765367,
-8.60113964730877));
#12712=CARTESIAN_POINT('Ctrl Pts',(-87.9940480817785,-53.2351874880718,
-8.61987035733163));
#12713=CARTESIAN_POINT('Ctrl Pts',(-87.9935080174315,-53.5175592700947,
-8.39993912817194));
#12714=CARTESIAN_POINT('Ctrl Pts',(-87.9935030260855,-53.4201703203972,
-8.42774962323197));
#12715=CARTESIAN_POINT('Ctrl Pts',(-87.9992767578505,-53.3271934609033,
-8.45345931662211));
#12716=CARTESIAN_POINT('Ctrl Pts',(-88.0122209711415,-53.2384659567888,
-8.47681197232034));
#12717=CARTESIAN_POINT('Origin',(-87.4265768907255,-53.1330099999966,-8.40000000000002));
#12718=CARTESIAN_POINT('',(-87.3935080145995,-53.5174109253025,-9.00000000000002));
#12719=CARTESIAN_POINT('Origin',(-87.3935080145995,-53.5174109253025,-8.40000000000002));
#12720=CARTESIAN_POINT('Origin',(-96.6904700665325,-58.2634759536079,-9.00000000000002));
#12721=CARTESIAN_POINT('Ctrl Pts',(-88.7735080145995,-52.1330099999883,
-9.99999999999995));
#12722=CARTESIAN_POINT('Ctrl Pts',(-88.7725891857575,-52.1330099999883,
-9.99806275114024));
#12723=CARTESIAN_POINT('Ctrl Pts',(-88.7716706973115,-52.1330131766241,
-9.99612579469188));
#12724=CARTESIAN_POINT('Ctrl Pts',(-88.6467080732155,-52.133974915886,-9.73274065692421));
#12725=CARTESIAN_POINT('Ctrl Pts',(-88.4585477726785,-52.2301652837399,
-9.33784296955278));
#12726=CARTESIAN_POINT('Ctrl Pts',(-88.1815225080525,-52.6141818479303,
-8.7819231192442));
#12727=CARTESIAN_POINT('Ctrl Pts',(-88.0506032455565,-52.9751819789829,
-8.54612574134146));
#12728=CARTESIAN_POINT('Ctrl Pts',(-88.0121991184975,-53.2386007286839,
-8.47679325722733));
#12729=CARTESIAN_POINT('Ctrl Pts',(-88.7735080145995,-52.1330099999883,
-9.99999999999995));
#12730=CARTESIAN_POINT('Ctrl Pts',(-88.7723515848455,-52.1330099999883,
-9.99822433485538));
#12731=CARTESIAN_POINT('Ctrl Pts',(-88.7712020187165,-52.1330199772134,
-9.99646415556493));
#12732=CARTESIAN_POINT('Ctrl Pts',(-88.6139148274455,-52.1332852971189,
-9.75530865344959));
#12733=CARTESIAN_POINT('Ctrl Pts',(-88.3782423862675,-52.2478437176893,
-9.39595708995956));
#12734=CARTESIAN_POINT('Ctrl Pts',(-88.0715020413885,-52.6676958033121,
-8.93975377374372));
#12735=CARTESIAN_POINT('Ctrl Pts',(-87.9714584675565,-53.0233543302351,
-8.79246427303377));
#12736=CARTESIAN_POINT('Ctrl Pts',(-87.9758614430415,-53.2320488571046,
-8.76291170225983));
#12737=CARTESIAN_POINT('Ctrl Pts',(-88.7735080145995,-52.1330099999883,
-9.99999999999995));
#12738=CARTESIAN_POINT('Ctrl Pts',(-88.7721161649025,-52.1330099999883,
-9.99839071848841));
#12739=CARTESIAN_POINT('Ctrl Pts',(-88.7707301315905,-52.1330203877853,
-9.99679761467952));
#12740=CARTESIAN_POINT('Ctrl Pts',(-88.5817180966155,-52.133207126829,-9.77805471264037));
#12741=CARTESIAN_POINT('Ctrl Pts',(-88.2969780922325,-52.2452235699493,
-9.45302637272538));
#12742=CARTESIAN_POINT('Ctrl Pts',(-87.8994851283415,-52.6520508113499,
-9.0698049407951));
#12743=CARTESIAN_POINT('Ctrl Pts',(-87.7361291458215,-52.9908937358689,
-8.98327344146936));
#12744=CARTESIAN_POINT('Ctrl Pts',(-87.7104899068005,-53.1842009910984,
-9.00000000000009));
#12745=CARTESIAN_POINT('Ctrl Pts',(-88.7735080145995,-52.1330099999883,
-9.99999999999995));
#12746=CARTESIAN_POINT('Ctrl Pts',(-88.7718823953995,-52.1330099999883,
-9.99856219961012));
#12747=CARTESIAN_POINT('Ctrl Pts',(-88.7702573763205,-52.1330130006949,
-9.99712453397201));
#12748=CARTESIAN_POINT('Ctrl Pts',(-88.5491696567645,-52.1338768916128,
-9.80165973214206));
#12749=CARTESIAN_POINT('Ctrl Pts',(-88.2162706635075,-52.222153081403,-9.50873937834255));
#12750=CARTESIAN_POINT('Ctrl Pts',(-87.7261490414775,-52.572119558073,-9.12694098690509));
#12751=CARTESIAN_POINT('Ctrl Pts',(-87.4945226539845,-52.8974865445885,
-8.9999999999998));
#12752=CARTESIAN_POINT('Ctrl Pts',(-87.4265768907255,-53.1330099999962,
-9.00000000000004));
#12753=CARTESIAN_POINT('Ctrl Pts',(-106.706847016846,-95.1811408329769,
-9.00000000000002));
#12754=CARTESIAN_POINT('Ctrl Pts',(-106.58005690011,-95.2040120277043,-9.00000000000002));
#12755=CARTESIAN_POINT('Ctrl Pts',(-106.450954361663,-95.2142447719145,
-9.00000000000002));
#12756=CARTESIAN_POINT('Ctrl Pts',(-106.322144232674,-95.2142367087767,
-9.00000000000002));
#12757=CARTESIAN_POINT('Ctrl Pts',(-106.68124125678,-95.039190912117,-8.99999988357299));
#12758=CARTESIAN_POINT('Ctrl Pts',(-106.563142712978,-95.0564840881588,
-9.00009860610991));
#12759=CARTESIAN_POINT('Ctrl Pts',(-106.442696425014,-95.0618349198963,
-8.99984891205689));
#12760=CARTESIAN_POINT('Ctrl Pts',(-106.322153996812,-95.0571515545808,
-9.00000017845567));
#12761=CARTESIAN_POINT('Ctrl Pts',(-106.630194952846,-94.7562066041739,
-8.89111215995201));
#12762=CARTESIAN_POINT('Ctrl Pts',(-106.52940827719,-94.7626096275658,-8.88489689612198));
#12763=CARTESIAN_POINT('Ctrl Pts',(-106.426325283351,-94.7580501331207,
-8.87789325446984));
#12764=CARTESIAN_POINT('Ctrl Pts',(-106.322173354052,-94.7444370831698,
-8.86976722260538));
#12765=CARTESIAN_POINT('Ctrl Pts',(-106.604488817454,-94.6137006613762,
-8.61986632197691));
#12766=CARTESIAN_POINT('Ctrl Pts',(-106.513791971988,-94.6217053077202,
-8.60115666352969));
#12767=CARTESIAN_POINT('Ctrl Pts',(-106.419404277988,-94.6216667532109,
-8.58020792640009));
#12768=CARTESIAN_POINT('Ctrl Pts',(-106.322181538082,-94.6142239645632,
-8.5570427605498));
#12769=CARTESIAN_POINT('Ctrl Pts',(-106.601210920415,-94.5955286872175,
-8.47680774604383));
#12770=CARTESIAN_POINT('Ctrl Pts',(-106.512583941728,-94.6084563336411,
-8.45348140488927));
#12771=CARTESIAN_POINT('Ctrl Pts',(-106.419471780511,-94.6142405901776,
-8.42773486972645));
#12772=CARTESIAN_POINT('Ctrl Pts',(-106.322181458894,-94.6142367118296,
-8.39995285098114));
#12773=CARTESIAN_POINT('',(-106.322296354501,-95.2142367135379,-9.00000000000002));
#12774=CARTESIAN_POINT('Origin',(-106.322296354501,-95.2142367135379,-8.40000000000002));
#12775=CARTESIAN_POINT('Origin',(-106.706697279668,-95.1811678374369,-8.40000000000002));
#12776=CARTESIAN_POINT('Origin',(-104.815253919141,-92.0069697984106,-9.00000000000002));
#12777=CARTESIAN_POINT('Origin',(-91.1935080145995,-91.4142367135379,-8.40000000000002));
#12778=CARTESIAN_POINT('',(-87.3935080145995,-91.4142367135379,-9.00000000000002));
#12779=CARTESIAN_POINT('Origin',(-87.3935080145995,-91.4142367135379,-8.40000000000002));
#12780=CARTESIAN_POINT('',(-91.1935080145995,-95.2142367135379,-9.00000000000002));
#12781=CARTESIAN_POINT('Origin',(-91.1935080145995,-95.2142367135379,-8.40000000000002));
#12782=CARTESIAN_POINT('Origin',(-91.1935080145995,-91.4142367135379,-9.00000000000002));
#12783=CARTESIAN_POINT('Origin',(-79.6125009791245,-95.2142367135379,-8.40000000000002));
#12784=CARTESIAN_POINT('',(-79.6125009791245,-95.2142367135379,-9.00000000000002));
#12785=CARTESIAN_POINT('Ctrl Pts',(-107.706697279674,-93.8342367135405,
-10.));
#12786=CARTESIAN_POINT('Ctrl Pts',(-107.706697279674,-93.8358623878907,
-9.99856223185856));
#12787=CARTESIAN_POINT('Ctrl Pts',(-107.706693116757,-93.8374889296277,
-9.9971241817176));
#12788=CARTESIAN_POINT('Ctrl Pts',(-107.705743012183,-94.1678690054201,
-9.70474613193577));
#12789=CARTESIAN_POINT('Ctrl Pts',(-107.529288043191,-94.6152032861671,
-9.3114441716008));
#12790=CARTESIAN_POINT('Ctrl Pts',(-107.0527782123,-95.0337917371152,-9.04184015096337));
#12791=CARTESIAN_POINT('Ctrl Pts',(-106.824417358117,-95.1472269371298,
-8.99999154685714));
#12792=CARTESIAN_POINT('Ctrl Pts',(-106.706625794612,-95.1811990565827,
-9.00000000246005));
#12793=CARTESIAN_POINT('Ctrl Pts',(-107.706697279674,-93.8342367135405,
-10.));
#12794=CARTESIAN_POINT('Ctrl Pts',(-107.706697279674,-93.8356277649584,
-9.99837329581027));
#12795=CARTESIAN_POINT('Ctrl Pts',(-107.706647545997,-93.837017104006,-9.99681432310988));
#12796=CARTESIAN_POINT('Ctrl Pts',(-107.708857585684,-94.1192874013047,
-9.66889410510893));
#12797=CARTESIAN_POINT('Ctrl Pts',(-107.476702426713,-94.5026352638696,
-9.23688656899371));
#12798=CARTESIAN_POINT('Ctrl Pts',(-106.962893462616,-94.8154264711791,
-9.01118369875706));
#12799=CARTESIAN_POINT('Ctrl Pts',(-106.752727305323,-94.8832946809,-8.99353689469762));
#12800=CARTESIAN_POINT('Ctrl Pts',(-106.655446275673,-94.8972664383851,
-9.00000963513136));
#12801=CARTESIAN_POINT('Ctrl Pts',(-107.706697279674,-93.8342367135405,
-10.));
#12802=CARTESIAN_POINT('Ctrl Pts',(-107.706697279674,-93.8353894899898,
-9.99820423277802));
#12803=CARTESIAN_POINT('Ctrl Pts',(-107.706649649911,-93.8365475963132,
-9.99648358313684));
#12804=CARTESIAN_POINT('Ctrl Pts',(-107.70865595758,-94.0712453091752,-9.63481032095708));
#12805=CARTESIAN_POINT('Ctrl Pts',(-107.472504220848,-94.3884698019445,
-9.15766829401061));
#12806=CARTESIAN_POINT('Ctrl Pts',(-106.936639455121,-94.6023783591694,
-8.84139432691623));
#12807=CARTESIAN_POINT('Ctrl Pts',(-106.712639385285,-94.632595085955,-8.77934906076928));
#12808=CARTESIAN_POINT('Ctrl Pts',(-106.607591995814,-94.6318769918871,
-8.76289923901668));
#12809=CARTESIAN_POINT('Ctrl Pts',(-107.706697279674,-93.8342367135405,
-10.));
#12810=CARTESIAN_POINT('Ctrl Pts',(-107.706697279674,-93.8351555831169,
-9.99806274977071));
#12811=CARTESIAN_POINT('Ctrl Pts',(-107.706692942949,-93.836074896395,-9.99612533953437));
#12812=CARTESIAN_POINT('Ctrl Pts',(-107.705596777878,-94.0228087940034,
-9.60213607882739));
#12813=CARTESIAN_POINT('Ctrl Pts',(-107.514124552426,-94.2756463409198,
-9.07278155873303));
#12814=CARTESIAN_POINT('Ctrl Pts',(-106.987570247785,-94.5122384960905,
-8.6248802979627));
#12815=CARTESIAN_POINT('Ctrl Pts',(-106.732767338227,-94.5763543328836,
-8.51142739137389));
#12816=CARTESIAN_POINT('Ctrl Pts',(-106.60102433492,-94.5955562713347,-8.47676152814811));
#12817=CARTESIAN_POINT('Origin',(-105.939734279396,-90.6759674945083,-9.80000000000002));
#12818=CARTESIAN_POINT('',(-105.939734279396,-90.6759674945083,-9.80000000000002));
#12819=CARTESIAN_POINT('',(-105.939734279396,-90.6759674945083,-9.80000000000002));
#12820=CARTESIAN_POINT('',(-105.939734279396,-56.23303240561,-9.80000000000002));
#12821=CARTESIAN_POINT('',(-105.939734279396,-55.73303240561,-9.80000000000002));
#12822=CARTESIAN_POINT('',(-105.939734279396,-56.23303240561,-9.80000000000002));
#12823=CARTESIAN_POINT('Origin',(-103.606704001414,-56.23303240561,-9.80000000000002));
#12824=CARTESIAN_POINT('Origin',(-103.606704001414,-56.23303240561,-9.80000000000002));
#12825=CARTESIAN_POINT('Origin',(-89.7317772338355,-90.6759674945083,-9.80000000000002));
#12826=CARTESIAN_POINT('',(-89.7317772338355,-93.0089977724906,-9.80000000000002));
#12827=CARTESIAN_POINT('Origin',(-89.7317772338355,-90.6759674945083,-9.80000000000002));
#12828=CARTESIAN_POINT('',(-89.7317772338355,-93.0089977724906,-9.80000000000002));
#12829=CARTESIAN_POINT('Origin',(-89.7317772338355,-93.0089977724906,-9.80000000000002));
#12830=CARTESIAN_POINT('',(-103.606704001414,-93.0089977724906,-9.80000000000002));
#12831=CARTESIAN_POINT('',(-104.106704001413,-93.0089977724906,-9.80000000000002));
#12832=CARTESIAN_POINT('',(-103.606704001414,-93.0089977724906,-9.80000000000002));
#12833=CARTESIAN_POINT('Origin',(-103.606704001414,-90.6759674945083,-9.80000000000002));
#12834=CARTESIAN_POINT('Origin',(-103.606704001414,-90.6759674945083,-9.80000000000002));
#12835=CARTESIAN_POINT('Origin',(-87.3935080145995,-93.603029565375,-8.40000000000002));
#12836=CARTESIAN_POINT('',(-87.3935080145995,-93.603029565375,-9.00000000000002));
#12837=CARTESIAN_POINT('Origin',(-87.5627634242345,-59.3351058685349,-11.9));
#12838=CARTESIAN_POINT('',(-87.5627634242355,-59.3351058685347,-9.80000000000002));
#12839=CARTESIAN_POINT('Origin',(-51.5183046784345,-94.591822417212,-9.00000000000001));
#12840=CARTESIAN_POINT('Origin',(-60.8407483255405,-250.5975413291,-11.9));
#12841=CARTESIAN_POINT('',(-53.0797685717048,-131.272956196816,-11.9));
#12842=CARTESIAN_POINT('Origin',(-53.0797685718028,-131.27295619681,-11.9));
#12843=CARTESIAN_POINT('',(-53.0833627161422,-131.272722484745,-11.9));
#12844=CARTESIAN_POINT('Ctrl Pts',(-51.6631937037056,-132.577128635335,
-10.6860631744571));
#12845=CARTESIAN_POINT('Ctrl Pts',(-52.1715681080783,-132.53759620397,-10.6762194276997));
#12846=CARTESIAN_POINT('Ctrl Pts',(-52.6801979454332,-132.501348561995,
-10.6663707349467));
#12847=CARTESIAN_POINT('Ctrl Pts',(-53.1890407482834,-132.468388735866,
-10.6565179185037));
#12848=CARTESIAN_POINT('Ctrl Pts',(-51.65747895072,-132.57757302844,-10.3866352388207));
#12849=CARTESIAN_POINT('Ctrl Pts',(-52.1658359916306,-132.538016423593,
-10.3768075713775));
#12850=CARTESIAN_POINT('Ctrl Pts',(-52.674490281714,-132.501743790112,-10.3669739374611));
#12851=CARTESIAN_POINT('Ctrl Pts',(-53.1833163626926,-132.468759527695,
-10.3571372087755));
#12852=CARTESIAN_POINT('Ctrl Pts',(-51.6280668965077,-132.327286700147,
-9.86847525373322));
#12853=CARTESIAN_POINT('Ctrl Pts',(-52.1375184854664,-132.287631157611,
-9.85867317711577));
#12854=CARTESIAN_POINT('Ctrl Pts',(-52.6472168213509,-132.251267490991,
-9.84886641988787));
#12855=CARTESIAN_POINT('Ctrl Pts',(-53.1571388156699,-132.218198419456,
-9.83905529625061));
#12856=CARTESIAN_POINT('Ctrl Pts',(-51.5838752940707,-131.804074784448,
-9.6859132229167));
#12857=CARTESIAN_POINT('Ctrl Pts',(-52.0955810686937,-131.764271587248,
-9.67608818355955));
#12858=CARTESIAN_POINT('Ctrl Pts',(-52.6075381305998,-131.727774809642,
-9.66625767882567));
#12859=CARTESIAN_POINT('Ctrl Pts',(-53.1197156752343,-131.6945872682,-9.65642358108073));
#12860=CARTESIAN_POINT('Ctrl Pts',(-51.5664678803374,-131.580138489875,
-9.68624746233545));
#12861=CARTESIAN_POINT('Ctrl Pts',(-52.0791368322361,-131.540272104039,
-9.67640371557806));
#12862=CARTESIAN_POINT('Ctrl Pts',(-52.5920633749148,-131.503718256205,
-9.66655502282508));
#12863=CARTESIAN_POINT('Ctrl Pts',(-53.1052046821377,-131.470479998395,
-9.65670220638213));
#12864=CARTESIAN_POINT('Origin',(-60.8407616979471,-250.641999158806,-10.5083562436973));
#12865=CARTESIAN_POINT('Origin',(-19.570067387073,100.763655998469,-12.4));
#12866=CARTESIAN_POINT('',(-47.0312258964017,-133.029082924975,-14.8));
#12867=CARTESIAN_POINT('Origin',(-19.570067387073,100.763655998469,-11.3007940591678));
#12868=CARTESIAN_POINT('Origin',(-60.8407483255405,-250.5975413291,-15.5));
#12869=CARTESIAN_POINT('Ctrl Pts',(-19.5700674077403,-134.636344001531,
-11.300794058774));
#12870=CARTESIAN_POINT('Ctrl Pts',(-22.9562733659368,-134.636344001234,
-11.236051787052));
#12871=CARTESIAN_POINT('Ctrl Pts',(-26.3424791284064,-134.563267301856,
-11.1713095190721));
#12872=CARTESIAN_POINT('Ctrl Pts',(-29.7255324616679,-134.417181930812,
-11.1066275236896));
#12873=CARTESIAN_POINT('Ctrl Pts',(-19.5643235464059,-134.636344001532,
-11.0016498972361));
#12874=CARTESIAN_POINT('Ctrl Pts',(-22.9505744448063,-134.636429151662,
-10.9368538947181));
#12875=CARTESIAN_POINT('Ctrl Pts',(-26.3366906894818,-134.563432057289,
-10.8720612829094));
#12876=CARTESIAN_POINT('Ctrl Pts',(-29.7197962658687,-134.417429628442,
-10.8073255356294));
#12877=CARTESIAN_POINT('Ctrl Pts',(-19.5543832605956,-134.385041103744,
-10.4839531276749));
#12878=CARTESIAN_POINT('Ctrl Pts',(-22.936960721565,-134.38517240287,-10.4190715948382));
#12879=CARTESIAN_POINT('Ctrl Pts',(-26.3195762723323,-134.312306411148,
-10.3541891214603));
#12880=CARTESIAN_POINT('Ctrl Pts',(-29.6990158125171,-134.166508443357,
-10.2893678190435));
#12881=CARTESIAN_POINT('Ctrl Pts',(-19.5508699652725,-133.860743476788,
-10.300978346652));
#12882=CARTESIAN_POINT('Ctrl Pts',(-22.9259111819379,-133.860782585153,
-10.2361735324786));
#12883=CARTESIAN_POINT('Ctrl Pts',(-26.3009737725738,-133.787986534561,
-10.1713704454037));
#12884=CARTESIAN_POINT('Ctrl Pts',(-29.6728761321654,-133.642421787031,
-10.1066258994933));
#12885=CARTESIAN_POINT('Ctrl Pts',(-19.5508699652528,-133.636344001531,
-10.3009783466524));
#12886=CARTESIAN_POINT('Ctrl Pts',(-22.9226910213329,-133.636344001235,
-10.2362360749302));
#12887=CARTESIAN_POINT('Ctrl Pts',(-26.2945118825176,-133.563577738134,
-10.1714938069502));
#12888=CARTESIAN_POINT('Ctrl Pts',(-29.663193706292,-133.418112950653,-10.1068118115676));
#12889=CARTESIAN_POINT('Ctrl Pts',(-53.0833627161422,-131.272722484745,
-11.9));
#12890=CARTESIAN_POINT('Ctrl Pts',(-52.6099730461921,-131.319121550208,
-11.9023393506988));
#12891=CARTESIAN_POINT('Ctrl Pts',(-52.1365833762421,-131.365520615672,
-11.9046787013976));
#12892=CARTESIAN_POINT('Ctrl Pts',(-51.663193706292,-131.411919681135,-11.9070180520965));
#12893=CARTESIAN_POINT('Ctrl Pts',(-53.0821646680291,-131.272800388766,
-11.8371652520577));
#12894=CARTESIAN_POINT('Ctrl Pts',(-52.6087808022456,-131.319200923325,
-11.839798597853));
#12895=CARTESIAN_POINT('Ctrl Pts',(-52.1353969364622,-131.365601457884,
-11.8424319436483));
#12896=CARTESIAN_POINT('Ctrl Pts',(-51.6620130706788,-131.412001992443,
-11.8450652894436));
#12897=CARTESIAN_POINT('Ctrl Pts',(-53.080966619916,-131.272878292788,-11.7743305041154));
#12898=CARTESIAN_POINT('Ctrl Pts',(-52.6075885582633,-131.319280296088,
-11.7772578451406));
#12899=CARTESIAN_POINT('Ctrl Pts',(-52.1342104966107,-131.365682299388,
-11.7801851861659));
#12900=CARTESIAN_POINT('Ctrl Pts',(-51.660832434958,-131.412084302688,-11.7831125271912));
#12901=CARTESIAN_POINT('Ctrl Pts',(-53.0797685718028,-131.27295619681,-11.711495756173));
#12902=CARTESIAN_POINT('Ctrl Pts',(-52.6063963142451,-131.319359668496,
-11.714717092562));
#12903=CARTESIAN_POINT('Ctrl Pts',(-52.1330240566874,-131.365763140183,
-11.7179384289509));
#12904=CARTESIAN_POINT('Ctrl Pts',(-51.6596517991297,-131.41216661187,-11.7211597653399));
#12905=CARTESIAN_POINT('',(-53.0833627161422,-131.272722484745,-11.9));
#12906=CARTESIAN_POINT('Ctrl Pts',(-53.0928960975326,-131.272103095737,
-12.3999999999999));
#12907=CARTESIAN_POINT('Ctrl Pts',(-52.6163286337858,-131.318797273934,
-12.4));
#12908=CARTESIAN_POINT('Ctrl Pts',(-52.1397611700389,-131.36549145213,-12.4000000000001));
#12909=CARTESIAN_POINT('Ctrl Pts',(-51.663193706292,-131.412185630327,-12.4000000000001));
#12910=CARTESIAN_POINT('Ctrl Pts',(-53.0897182954899,-131.272309431796,
-12.2333336201982));
#12911=CARTESIAN_POINT('Ctrl Pts',(-52.6131663303918,-131.319007554357,
-12.2341185430074));
#12912=CARTESIAN_POINT('Ctrl Pts',(-52.1366143647545,-131.365705669781,
-12.2349034780119));
#12913=CARTESIAN_POINT('Ctrl Pts',(-51.6600623996564,-131.412403792343,
-12.2356884008212));
#12914=CARTESIAN_POINT('Ctrl Pts',(-53.0845607662045,-131.272644598715,
-11.9628347479279));
#12915=CARTESIAN_POINT('Ctrl Pts',(-52.6080339534035,-131.319349099247,
-11.9648936297149));
#12916=CARTESIAN_POINT('Ctrl Pts',(-52.1315071401911,-131.366053594333,
-11.9669525207984));
#12917=CARTESIAN_POINT('Ctrl Pts',(-51.6549803273901,-131.412758094864,
-11.9690114025854));
#12918=CARTESIAN_POINT('Ctrl Pts',(-53.0833627161422,-131.272722484745,
-11.9000000000023));
#12919=CARTESIAN_POINT('Ctrl Pts',(-52.6068417458565,-131.319428463135,
-11.9023548246545));
#12920=CARTESIAN_POINT('Ctrl Pts',(-52.1303207755708,-131.366134441526,
-11.9047096493068));
#12921=CARTESIAN_POINT('Ctrl Pts',(-51.653799805285,-131.412840419916,-11.907064473959));
#12922=CARTESIAN_POINT('Origin',(-89.5566972798025,-90.2330100000795,-9.80000000000002));
#12923=UNCERTAINTY_MEASURE_WITH_UNIT(LENGTH_MEASURE(0.01),#12927,
'DISTANCE_ACCURACY_VALUE',
'Maximum model space distance between geometric entities at asserted c
onnectivities');
#12924=UNCERTAINTY_MEASURE_WITH_UNIT(LENGTH_MEASURE(0.01),#12927,
'DISTANCE_ACCURACY_VALUE',
'Maximum model space distance between geometric entities at asserted c
onnectivities');
#12925=(
GEOMETRIC_REPRESENTATION_CONTEXT(3)
GLOBAL_UNCERTAINTY_ASSIGNED_CONTEXT((#12923))
GLOBAL_UNIT_ASSIGNED_CONTEXT((#12927,#12929,#12930))
REPRESENTATION_CONTEXT('','3D')
);
#12926=(
GEOMETRIC_REPRESENTATION_CONTEXT(3)
GLOBAL_UNCERTAINTY_ASSIGNED_CONTEXT((#12924))
GLOBAL_UNIT_ASSIGNED_CONTEXT((#12927,#12929,#12930))
REPRESENTATION_CONTEXT('','3D')
);
#12927=(
LENGTH_UNIT()
NAMED_UNIT(*)
SI_UNIT(.MILLI.,.METRE.)
);
#12928=(
LENGTH_UNIT()
NAMED_UNIT(*)
SI_UNIT($,.METRE.)
);
#12929=(
NAMED_UNIT(*)
PLANE_ANGLE_UNIT()
SI_UNIT($,.RADIAN.)
);
#12930=(
NAMED_UNIT(*)
SI_UNIT($,.STERADIAN.)
SOLID_ANGLE_UNIT()
);
#12931=SHAPE_DEFINITION_REPRESENTATION(#12932,#12933);
#12932=PRODUCT_DEFINITION_SHAPE('',$,#12935);
#12933=SHAPE_REPRESENTATION('',(#6210),#12925);
#12934=PRODUCT_DEFINITION_CONTEXT('part definition',#12939,'design');
#12935=PRODUCT_DEFINITION('duad_r2g_pg1316 1','(Nicht gespeichert)',#12936,
#12934);
#12936=PRODUCT_DEFINITION_FORMATION('',$,#12941);
#12937=PRODUCT_RELATED_PRODUCT_CATEGORY('(Nicht gespeichert)',
'(Nicht gespeichert)',(#12941));
#12938=APPLICATION_PROTOCOL_DEFINITION('international standard',
'automotive_design',2009,#12939);
#12939=APPLICATION_CONTEXT(
'Core Data for Automotive Mechanical Design Process');
#12940=PRODUCT_CONTEXT('part definition',#12939,'mechanical');
#12941=PRODUCT('duad_r2g_pg1316 1','(Nicht gespeichert)',
'KiCad electronic assembly',(#12940));
#12942=PRESENTATION_STYLE_ASSIGNMENT((#12944));
#12943=PRESENTATION_STYLE_ASSIGNMENT((#12945));
#12944=SURFACE_STYLE_USAGE(.BOTH.,#12946);
#12945=SURFACE_STYLE_USAGE(.BOTH.,#12947);
#12946=SURFACE_SIDE_STYLE('',(#12948));
#12947=SURFACE_SIDE_STYLE('',(#12949));
#12948=SURFACE_STYLE_FILL_AREA(#12950);
#12949=SURFACE_STYLE_FILL_AREA(#12951);
#12950=FILL_AREA_STYLE('Stahl - satiniert',(#12952));
#12951=FILL_AREA_STYLE('Opaque(160,160,160)',(#12953));
#12952=FILL_AREA_STYLE_COLOUR('Stahl - satiniert',#12954);
#12953=FILL_AREA_STYLE_COLOUR('Opaque(160,160,160)',#12955);
#12954=COLOUR_RGB('Stahl - satiniert',0.627450980392157,0.627450980392157,
0.627450980392157);
#12955=COLOUR_RGB('Opaque(160,160,160)',0.627450980392157,0.627450980392157,
0.627450980392157);
ENDSEC;
END-ISO-10303-21;
