ISO-10303-21;
HEADER;
/* Generated by software containing ST-Developer
 * from STEP Tools, Inc. (www.steptools.com) 
 */

FILE_DESCRIPTION(
/* description */ ('KiCad electronic assembly'),
/* implementation_level */ '2;1');

FILE_NAME(
/* name */ 'wafer_r2g_pg1316_new.step',
/* time_stamp */ '2025-12-19T14:28:35+01:00',
/* author */ (''),
/* organization */ (''),
/* preprocessor_version */ 'ST-DEVELOPER v20.1',
/* originating_system */ 'Autodesk Translation Framework v14.21.0.0',
/* authorisation */ '');

FILE_SCHEMA (('AUTOMOTIVE_DESIGN { 1 0 10303 214 3 1 1 }'));
ENDSEC;

DATA;
#10=MECHANICAL_DESIGN_GEOMETRIC_PRESENTATION_REPRESENTATION('',(#13),#13225);
#11=SHAPE_REPRESENTATION_RELATIONSHIP('SRR','None',#13231,#12);
#12=ADVANCED_BREP_SHAPE_REPRESENTATION('',(#14),#13224);
#13=STYLED_ITEM('',(#13241),#14);
#14=MANIFOLD_SOLID_BREP('K\X\F6rper2',#6190);
#15=TOROIDAL_SURFACE('',#6566,55.5999999999997,1.);
#16=TOROIDAL_SURFACE('',#6571,2.60000901479337,1.);
#17=TOROIDAL_SURFACE('',#6576,2.60007424876083,1.);
#18=TOROIDAL_SURFACE('',#6591,2.09999999999994,1.);
#19=TOROIDAL_SURFACE('',#6678,2.42,0.78);
#20=TOROIDAL_SURFACE('',#6682,2.42,0.78);
#21=TOROIDAL_SURFACE('',#6686,2.42,0.78);
#22=TOROIDAL_SURFACE('',#6694,3.8,0.6);
#23=SPHERICAL_SURFACE('',#6563,1.);
#24=(
BOUNDED_CURVE()
B_SPLINE_CURVE(2,(#11207,#11208,#11209),.UNSPECIFIED.,.F.,.F.)
B_SPLINE_CURVE_WITH_KNOTS((3,3),(2.75258508064031,2.82388994078649),
 .UNSPECIFIED.)
CURVE()
GEOMETRIC_REPRESENTATION_ITEM()
RATIONAL_B_SPLINE_CURVE((5.96874736132322,5.35665584718251,4.70951796019728))
REPRESENTATION_ITEM('')
);
#25=(
BOUNDED_CURVE()
B_SPLINE_CURVE(2,(#11221,#11222,#11223),.UNSPECIFIED.,.F.,.F.)
B_SPLINE_CURVE_WITH_KNOTS((3,3),(0.,0.053031748326419),.UNSPECIFIED.)
CURVE()
GEOMETRIC_REPRESENTATION_ITEM()
RATIONAL_B_SPLINE_CURVE((1.,1.03356446643069,1.04651945105388))
REPRESENTATION_ITEM('')
);
#26=(
BOUNDED_CURVE()
B_SPLINE_CURVE(2,(#11244,#11245,#11246),.UNSPECIFIED.,.F.,.F.)
B_SPLINE_CURVE_WITH_KNOTS((3,3),(0.32218591083008,0.362270619995587),
 .UNSPECIFIED.)
CURVE()
GEOMETRIC_REPRESENTATION_ITEM()
RATIONAL_B_SPLINE_CURVE((1.25839793499926,1.14527323661761,1.))
REPRESENTATION_ITEM('')
);
#27=(
BOUNDED_CURVE()
B_SPLINE_CURVE(2,(#11261,#11262,#11263,#11264),.UNSPECIFIED.,.F.,.F.)
B_SPLINE_CURVE_WITH_KNOTS((3,1,3),(0.464602270046591,0.499258629816451,
0.67842215030913),.UNSPECIFIED.)
CURVE()
GEOMETRIC_REPRESENTATION_ITEM()
RATIONAL_B_SPLINE_CURVE((4.61049594312395,4.71905551395828,5.36481326907499,
5.80183857324989))
REPRESENTATION_ITEM('')
);
#28=CONICAL_SURFACE('',#6374,1.78500000000052,0.785398163680054);
#29=CONICAL_SURFACE('',#6378,1.78499999999949,0.785398163721038);
#30=CONICAL_SURFACE('',#6386,1.45000000000037,0.78539816377682);
#31=CONICAL_SURFACE('',#6390,1.44999999999962,0.785398163789427);
#32=CONICAL_SURFACE('',#6617,1.4500000000008,0.785398163357965);
#33=CONICAL_SURFACE('',#6620,1.25000000000075,0.785398163356988);
#34=CONICAL_SURFACE('',#6623,1.24999999999924,0.785398163373845);
#35=CONICAL_SURFACE('',#6626,1.44999999999919,0.785398163372639);
#36=CONICAL_SURFACE('',#6634,1.78500000000082,0.785398163261341);
#37=CONICAL_SURFACE('',#6636,1.78500000000065,0.785398163262569);
#38=CONICAL_SURFACE('',#6638,1.78499999999933,0.785398163304235);
#39=CONICAL_SURFACE('',#6640,1.78499999999917,0.785398163304214);
#40=CYLINDRICAL_SURFACE('',#6235,1.95000000000001);
#41=CYLINDRICAL_SURFACE('',#6290,1.7996556363499);
#42=CYLINDRICAL_SURFACE('',#6293,1.79965563634841);
#43=CYLINDRICAL_SURFACE('',#6296,1.79965563634996);
#44=CYLINDRICAL_SURFACE('',#6299,1.7996556363493);
#45=CYLINDRICAL_SURFACE('',#6326,1.95);
#46=CYLINDRICAL_SURFACE('',#6335,1.99999999999999);
#47=CYLINDRICAL_SURFACE('',#6397,0.8115);
#48=CYLINDRICAL_SURFACE('',#6401,0.8115);
#49=CYLINDRICAL_SURFACE('',#6405,0.8115);
#50=CYLINDRICAL_SURFACE('',#6409,0.8115);
#51=CYLINDRICAL_SURFACE('',#6413,2.05);
#52=CYLINDRICAL_SURFACE('',#6416,2.05);
#53=CYLINDRICAL_SURFACE('',#6419,2.15);
#54=CYLINDRICAL_SURFACE('',#6427,2.15000000000001);
#55=CYLINDRICAL_SURFACE('',#6431,1.99999999999998);
#56=CYLINDRICAL_SURFACE('',#6435,1.99999999999998);
#57=CYLINDRICAL_SURFACE('',#6441,233.2);
#58=CYLINDRICAL_SURFACE('',#6442,234.2);
#59=CYLINDRICAL_SURFACE('',#6447,119.57670936989);
#60=CYLINDRICAL_SURFACE('',#6449,0.8115);
#61=CYLINDRICAL_SURFACE('',#6456,0.8115);
#62=CYLINDRICAL_SURFACE('',#6460,1.95000000000001);
#63=CYLINDRICAL_SURFACE('',#6464,2.3999771577706);
#64=CYLINDRICAL_SURFACE('',#6466,2.40005486468514);
#65=CYLINDRICAL_SURFACE('',#6469,2.40000442636833);
#66=CYLINDRICAL_SURFACE('',#6471,2.40002240575253);
#67=CYLINDRICAL_SURFACE('',#6475,1.79965563634901);
#68=CYLINDRICAL_SURFACE('',#6478,1.79965563634994);
#69=CYLINDRICAL_SURFACE('',#6480,1.53499999999999);
#70=CYLINDRICAL_SURFACE('',#6485,1.95);
#71=CYLINDRICAL_SURFACE('',#6488,2.39994900559742);
#72=CYLINDRICAL_SURFACE('',#6490,1.59934536782406);
#73=CYLINDRICAL_SURFACE('',#6492,2.40594381079582);
#74=CYLINDRICAL_SURFACE('',#6494,1.600112197071);
#75=CYLINDRICAL_SURFACE('',#6496,2.40016529247543);
#76=CYLINDRICAL_SURFACE('',#6498,1.599907588047);
#77=CYLINDRICAL_SURFACE('',#6501,1.2);
#78=CYLINDRICAL_SURFACE('',#6504,1.53500000000001);
#79=CYLINDRICAL_SURFACE('',#6508,54.5999999999997);
#80=CYLINDRICAL_SURFACE('',#6512,0.400112197070994);
#81=CYLINDRICAL_SURFACE('',#6515,3.60016529175154);
#82=CYLINDRICAL_SURFACE('',#6516,1.09999999999994);
#83=CYLINDRICAL_SURFACE('',#6519,3.60007424876083);
#84=CYLINDRICAL_SURFACE('',#6522,3.60000901479337);
#85=CYLINDRICAL_SURFACE('',#6526,3.5999489980277);
#86=CYLINDRICAL_SURFACE('',#6528,0.799345367824066);
#87=CYLINDRICAL_SURFACE('',#6531,3.60594381079585);
#88=CYLINDRICAL_SURFACE('',#6534,0.999999999999996);
#89=CYLINDRICAL_SURFACE('',#6537,0.999999999999996);
#90=CYLINDRICAL_SURFACE('',#6540,1.53499999999998);
#91=CYLINDRICAL_SURFACE('',#6544,1.53499999999999);
#92=CYLINDRICAL_SURFACE('',#6547,0.5);
#93=CYLINDRICAL_SURFACE('',#6549,3.60000442636831);
#94=CYLINDRICAL_SURFACE('',#6552,0.5);
#95=CYLINDRICAL_SURFACE('',#6554,3.60005486468514);
#96=CYLINDRICAL_SURFACE('',#6557,3.59997715776275);
#97=CYLINDRICAL_SURFACE('',#6558,1.);
#98=CYLINDRICAL_SURFACE('',#6561,0.399907588046984);
#99=CYLINDRICAL_SURFACE('',#6569,1.);
#100=CYLINDRICAL_SURFACE('',#6574,1.);
#101=CYLINDRICAL_SURFACE('',#6579,1.);
#102=CYLINDRICAL_SURFACE('',#6581,1.);
#103=CYLINDRICAL_SURFACE('',#6585,1.);
#104=CYLINDRICAL_SURFACE('',#6589,1.);
#105=CYLINDRICAL_SURFACE('',#6595,1.);
#106=CYLINDRICAL_SURFACE('',#6599,1.);
#107=CYLINDRICAL_SURFACE('',#6602,1.);
#108=CYLINDRICAL_SURFACE('',#6605,1.);
#109=CYLINDRICAL_SURFACE('',#6608,1.);
#110=CYLINDRICAL_SURFACE('',#6611,1.);
#111=CYLINDRICAL_SURFACE('',#6612,1.);
#112=CYLINDRICAL_SURFACE('',#6613,1.19999999999999);
#113=CYLINDRICAL_SURFACE('',#6628,1.);
#114=CYLINDRICAL_SURFACE('',#6646,1.79965563634982);
#115=CYLINDRICAL_SURFACE('',#6649,1.79965563634924);
#116=CYLINDRICAL_SURFACE('',#6652,2.30000000000001);
#117=CYLINDRICAL_SURFACE('',#6654,2.40007424892679);
#118=CYLINDRICAL_SURFACE('',#6656,2.40000901479462);
#119=CYLINDRICAL_SURFACE('',#6658,55.8);
#120=CYLINDRICAL_SURFACE('',#6660,3.60002240573778);
#121=CYLINDRICAL_SURFACE('',#6669,3.2);
#122=CYLINDRICAL_SURFACE('',#6672,3.2);
#123=CYLINDRICAL_SURFACE('',#6676,3.2);
#124=CYLINDRICAL_SURFACE('',#6680,0.78);
#125=CYLINDRICAL_SURFACE('',#6684,0.78);
#126=CYLINDRICAL_SURFACE('',#6687,1.);
#127=CYLINDRICAL_SURFACE('',#6698,0.6);
#128=CYLINDRICAL_SURFACE('',#6700,2.33303027798235);
#129=CYLINDRICAL_SURFACE('',#6702,2.33303027798232);
#130=CYLINDRICAL_SURFACE('',#6705,2.33303027798238);
#131=CYLINDRICAL_SURFACE('',#6707,0.6);
#132=CYLINDRICAL_SURFACE('',#6710,119.57670936989);
#133=CYLINDRICAL_SURFACE('',#6713,235.4);
#134=CYLINDRICAL_SURFACE('',#6715,118.37670936989);
#135=(
BOUNDED_SURFACE()
B_SPLINE_SURFACE(1,2,((#9699,#9700,#9701),(#9702,#9703,#9704)),
 .UNSPECIFIED.,.F.,.F.,.F.)
B_SPLINE_SURFACE_WITH_KNOTS((2,2),(3,3),(-1.05891799649252E-11,1.53817801864873),
(-2.97951615575342,-2.05074448974669),.UNSPECIFIED.)
GEOMETRIC_REPRESENTATION_ITEM()
RATIONAL_B_SPLINE_SURFACE(((1.,0.89409680349936,1.),(1.,0.89409680349936,
1.)))
REPRESENTATION_ITEM('')
SURFACE()
);
#136=(
BOUNDED_SURFACE()
B_SPLINE_SURFACE(1,2,((#9826,#9827,#9828,#9829,#9830),(#9831,#9832,#9833,
#9834,#9835)),.UNSPECIFIED.,.F.,.F.,.F.)
B_SPLINE_SURFACE_WITH_KNOTS((2,2),(3,2,3),(1.3503890001657E-14,1.53817801864871),
(2.04504898516479,3.14159265358974,4.23813632201368),.UNSPECIFIED.)
GEOMETRIC_REPRESENTATION_ITEM()
RATIONAL_B_SPLINE_SURFACE(((1.,0.853426538740412,1.,0.853426538740412,1.),
(1.,0.853426538740412,1.,0.853426538740412,1.)))
REPRESENTATION_ITEM('')
SURFACE()
);
#137=(
BOUNDED_SURFACE()
B_SPLINE_SURFACE(2,2,((#12878,#12879,#12880,#12881,#12882),(#12883,#12884,
#12885,#12886,#12887),(#12888,#12889,#12890,#12891,#12892)),
 .UNSPECIFIED.,.F.,.F.,.F.)
B_SPLINE_SURFACE_WITH_KNOTS((3,3),(3,2,3),(5.96852957294972E-13,1.57079632679591),
(-0.000232171349477021,0.785278032302487,1.57078823595445),
 .UNSPECIFIED.)
GEOMETRIC_REPRESENTATION_ITEM()
RATIONAL_B_SPLINE_SURFACE(((1.,0.923858093087033,1.,0.923858093087033,1.),
(0.707106781186405,0.653266322475782,0.707106781186405,0.653266322475782,
0.707106781186405),(1.,0.923858093087033,1.,0.923858093087033,1.)))
REPRESENTATION_ITEM('')
SURFACE()
);
#138=B_SPLINE_SURFACE_WITH_KNOTS('',3,1,((#9665,#9666),(#9667,#9668),(#9669,
#9670),(#9671,#9672)),.UNSPECIFIED.,.F.,.F.,.F.,(4,4),(2,2),(0.136908264514915,
1.11603393350387),(0.,0.3),.UNSPECIFIED.);
#139=B_SPLINE_SURFACE_WITH_KNOTS('',3,1,((#9679,#9680),(#9681,#9682),(#9683,
#9684),(#9685,#9686)),.UNSPECIFIED.,.F.,.F.,.F.,(4,4),(2,2),(0.136908264514915,
1.11603393350387),(0.,0.3),.UNSPECIFIED.);
#140=B_SPLINE_SURFACE_WITH_KNOTS('',3,3,((#9725,#9726,#9727,#9728),(#9729,
#9730,#9731,#9732),(#9733,#9734,#9735,#9736),(#9737,#9738,#9739,#9740)),
 .UNSPECIFIED.,.F.,.F.,.F.,(4,4),(4,4),(-1.57079632679443,-1.09222623342412),
(0.,0.286817094524456),.UNSPECIFIED.);
#141=B_SPLINE_SURFACE_WITH_KNOTS('',3,3,((#9747,#9748,#9749,#9750),(#9751,
#9752,#9753,#9754),(#9755,#9756,#9757,#9758),(#9759,#9760,#9761,#9762)),
 .UNSPECIFIED.,.F.,.F.,.F.,(4,4),(4,4),(-0.160717524461486,2.4497450566137E-16),
(0.,0.288812045538266),.UNSPECIFIED.);
#142=B_SPLINE_SURFACE_WITH_KNOTS('',3,3,((#10350,#10351,#10352,#10353),
(#10354,#10355,#10356,#10357),(#10358,#10359,#10360,#10361),(#10362,#10363,
#10364,#10365),(#10366,#10367,#10368,#10369)),.UNSPECIFIED.,.F.,.F.,.F.,
(4,1,4),(4,4),(0.,0.571428571428571,1.),(-0.00317485660307181,0.222643956090081),
 .UNSPECIFIED.);
#143=B_SPLINE_SURFACE_WITH_KNOTS('',3,3,((#10378,#10379,#10380,#10381),
(#10382,#10383,#10384,#10385),(#10386,#10387,#10388,#10389),(#10390,#10391,
#10392,#10393),(#10394,#10395,#10396,#10397)),.UNSPECIFIED.,.F.,.F.,.F.,
(4,1,4),(4,4),(-1.57079632679494,-0.982663012285411,-0.198485259606042),
(0.,0.221494970998213),.UNSPECIFIED.);
#144=B_SPLINE_SURFACE_WITH_KNOTS('',3,3,((#10399,#10400,#10401,#10402),
(#10403,#10404,#10405,#10406),(#10407,#10408,#10409,#10410),(#10411,#10412,
#10413,#10414),(#10415,#10416,#10417,#10418)),.UNSPECIFIED.,.F.,.F.,.F.,
(4,1,4),(4,4),(0.,0.571428571428571,1.),(-0.00317249963125599,0.256274524727433),
 .UNSPECIFIED.);
#145=B_SPLINE_SURFACE_WITH_KNOTS('',3,3,((#10428,#10429,#10430,#10431),
(#10432,#10433,#10434,#10435),(#10436,#10437,#10438,#10439),(#10440,#10441,
#10442,#10443),(#10444,#10445,#10446,#10447)),.UNSPECIFIED.,.F.,.F.,.F.,
(4,1,4),(4,4),(0.,0.571428571428571,1.),(0.0034626180528691,0.226981423013446),
 .UNSPECIFIED.);
#146=B_SPLINE_SURFACE_WITH_KNOTS('',3,3,((#10456,#10457,#10458,#10459),
(#10460,#10461,#10462,#10463),(#10464,#10465,#10466,#10467),(#10468,#10469,
#10470,#10471),(#10472,#10473,#10474,#10475)),.UNSPECIFIED.,.F.,.F.,.F.,
(4,1,4),(4,4),(-1.57079632679485,-0.982663012285327,-0.198485259605962),
(0.,0.225907576169862),.UNSPECIFIED.);
#147=B_SPLINE_SURFACE_WITH_KNOTS('',3,3,((#10477,#10478,#10479,#10480),
(#10481,#10482,#10483,#10484),(#10485,#10486,#10487,#10488),(#10489,#10490,
#10491,#10492),(#10493,#10494,#10495,#10496)),.UNSPECIFIED.,.F.,.F.,.F.,
(4,1,4),(4,4),(0.,0.571428571428571,1.),(0.00347366198226117,0.260599590162792),
 .UNSPECIFIED.);
#148=B_SPLINE_SURFACE_WITH_KNOTS('',3,3,((#10596,#10597,#10598,#10599),
(#10600,#10601,#10602,#10603),(#10604,#10605,#10606,#10607),(#10608,#10609,
#10610,#10611),(#10612,#10613,#10614,#10615)),.UNSPECIFIED.,.F.,.F.,.F.,
(4,1,4),(4,4),(-0.0872664625984865,0.585931963170785,1.48352986419648),
(0.,0.149683090453077),.UNSPECIFIED.);
#149=B_SPLINE_SURFACE_WITH_KNOTS('',3,3,((#10623,#10624,#10625,#10626),
(#10627,#10628,#10629,#10630),(#10631,#10632,#10633,#10634),(#10635,#10636,
#10637,#10638),(#10639,#10640,#10641,#10642)),.UNSPECIFIED.,.F.,.F.,.F.,
(4,1,4),(4,4),(-1.65806278939333,-0.760464888367648,-0.0872664625983832),
(0.,0.179133894376594),.UNSPECIFIED.);
#150=B_SPLINE_SURFACE_WITH_KNOTS('',3,3,((#10650,#10651,#10652,#10653),
(#10654,#10655,#10656,#10657),(#10658,#10659,#10660,#10661),(#10662,#10663,
#10664,#10665),(#10666,#10667,#10668,#10669)),.UNSPECIFIED.,.F.,.F.,.F.,
(4,1,4),(4,4),(-1.83259571459324,-1.15939728882383,-0.261799387797958),
(0.,0.131972282621676),.UNSPECIFIED.);
#151=B_SPLINE_SURFACE_WITH_KNOTS('',3,3,((#10676,#10677,#10678,#10679),
(#10680,#10681,#10682,#10683),(#10684,#10685,#10686,#10687),(#10688,#10689,
#10690,#10691),(#10692,#10693,#10694,#10695)),.UNSPECIFIED.,.F.,.F.,.F.,
(4,1,4),(4,4),(-0.261799387798101,0.635798513227398,1.30899693899652),(0.,
0.159445079429029),.UNSPECIFIED.);
#152=B_SPLINE_SURFACE_WITH_KNOTS('',3,3,((#10696,#10697,#10698,#10699),
(#10700,#10701,#10702,#10703),(#10704,#10705,#10706,#10707),(#10708,#10709,
#10710,#10711),(#10712,#10713,#10714,#10715)),.UNSPECIFIED.,.F.,.F.,.F.,
(4,1,4),(4,4),(-1.57079632679488,-0.982662888434296,-0.198484970620189),
(0.,0.255113930719172),.UNSPECIFIED.);
#153=B_SPLINE_SURFACE_WITH_KNOTS('',3,3,((#10724,#10725,#10726,#10727),
(#10728,#10729,#10730,#10731),(#10732,#10733,#10734,#10735),(#10736,#10737,
#10738,#10739),(#10740,#10741,#10742,#10743)),.UNSPECIFIED.,.F.,.F.,.F.,
(4,1,4),(4,4),(-1.57079632679485,-0.89759790102563,0.),(0.,0.192299666050899),
 .UNSPECIFIED.);
#154=B_SPLINE_SURFACE_WITH_KNOTS('',3,3,((#10751,#10752,#10753,#10754),
(#10755,#10756,#10757,#10758),(#10759,#10760,#10761,#10762),(#10763,#10764,
#10765,#10766),(#10767,#10768,#10769,#10770)),.UNSPECIFIED.,.F.,.F.,.F.,
(4,1,4),(4,4),(-1.65806278939331,-0.984864363624282,-0.0872664625989146),
(0.,0.158396505982584),.UNSPECIFIED.);
#155=B_SPLINE_SURFACE_WITH_KNOTS('',3,3,((#10777,#10778,#10779,#10780),
(#10781,#10782,#10783,#10784),(#10785,#10786,#10787,#10788),(#10789,#10790,
#10791,#10792),(#10793,#10794,#10795,#10796)),.UNSPECIFIED.,.F.,.F.,.F.,
(4,1,4),(4,4),(-0.0872664625982246,0.585931963171009,1.48352986419665),
(0.,0.187258623004422),.UNSPECIFIED.);
#156=B_SPLINE_SURFACE_WITH_KNOTS('',3,3,((#10804,#10805,#10806,#10807),
(#10808,#10809,#10810,#10811),(#10812,#10813,#10814,#10815),(#10816,#10817,
#10818,#10819),(#10820,#10821,#10822,#10823)),.UNSPECIFIED.,.F.,.F.,.F.,
(4,1,4),(4,4),(-1.83259571459334,-0.934997813567653,-0.26179938779839),
(0.,0.135251649881854),.UNSPECIFIED.);
#157=B_SPLINE_SURFACE_WITH_KNOTS('',3,3,((#10830,#10831,#10832,#10833),
(#10834,#10835,#10836,#10837),(#10838,#10839,#10840,#10841),(#10842,#10843,
#10844,#10845),(#10846,#10847,#10848,#10849)),.UNSPECIFIED.,.F.,.F.,.F.,
(4,1,4),(4,4),(-0.261799387798225,0.411399037970975,1.30899693899657),(0.,
0.106103464293026),.UNSPECIFIED.);
#158=B_SPLINE_SURFACE_WITH_KNOTS('',3,3,((#10857,#10858,#10859,#10860),
(#10861,#10862,#10863,#10864),(#10865,#10866,#10867,#10868),(#10869,#10870,
#10871,#10872),(#10873,#10874,#10875,#10876)),.UNSPECIFIED.,.F.,.F.,.F.,
(4,1,4),(4,4),(-3.14159265358979,-2.24399475256413,-1.57079632679488),(0.,
0.192299666050963),.UNSPECIFIED.);
#159=B_SPLINE_SURFACE_WITH_KNOTS('',3,3,((#10877,#10878,#10879,#10880),
(#10881,#10882,#10883,#10884),(#10885,#10886,#10887,#10888),(#10889,#10890,
#10891,#10892),(#10893,#10894,#10895,#10896)),.UNSPECIFIED.,.F.,.F.,.F.,
(4,1,4),(4,4),(-3.14159265358979,-2.46839422782039,-1.57079632679452),(0.,
0.288812045538205),.UNSPECIFIED.);
#160=B_SPLINE_SURFACE_WITH_KNOTS('',3,3,((#10903,#10904,#10905,#10906),
(#10907,#10908,#10909,#10910),(#10911,#10912,#10913,#10914),(#10915,#10916,
#10917,#10918),(#10919,#10920,#10921,#10922)),.UNSPECIFIED.,.F.,.F.,.F.,
(4,1,4),(4,4),(-1.57079632679489,-0.982663012285359,-0.198485259605986),
(0.,0.259515486288845),.UNSPECIFIED.);
#161=B_SPLINE_SURFACE_WITH_KNOTS('',3,3,((#10929,#10930,#10931,#10932),
(#10933,#10934,#10935,#10936),(#10937,#10938,#10939,#10940),(#10941,#10942,
#10943,#10944),(#10945,#10946,#10947,#10948)),.UNSPECIFIED.,.F.,.F.,.F.,
(4,1,4),(4,4),(-3.14159265358979,-2.24399475256412,-1.57079632679486),(0.,
0.229748480183502),.UNSPECIFIED.);
#162=B_SPLINE_SURFACE_WITH_KNOTS('',3,3,((#10955,#10956,#10957,#10958),
(#10959,#10960,#10961,#10962),(#10963,#10964,#10965,#10966),(#10967,#10968,
#10969,#10970),(#10971,#10972,#10973,#10974)),.UNSPECIFIED.,.F.,.F.,.F.,
(4,1,4),(4,4),(-1.57079632679475,-0.897597901025573,0.),(0.,0.229748480183452),
 .UNSPECIFIED.);
#163=B_SPLINE_SURFACE_WITH_KNOTS('',3,3,((#10981,#10982,#10983,#10984),
(#10985,#10986,#10987,#10988),(#10989,#10990,#10991,#10992),(#10993,#10994,
#10995,#10996),(#10997,#10998,#10999,#11000)),.UNSPECIFIED.,.F.,.F.,.F.,
(4,1,4),(4,4),(-3.14159265358979,-2.46839422782054,-1.57079632679488),(0.,
0.259034060954902),.UNSPECIFIED.);
#164=B_SPLINE_SURFACE_WITH_KNOTS('',3,3,((#11007,#11008,#11009,#11010),
(#11011,#11012,#11013,#11014),(#11015,#11016,#11017,#11018),(#11019,#11020,
#11021,#11022),(#11023,#11024,#11025,#11026)),.UNSPECIFIED.,.F.,.F.,.F.,
(4,1,4),(4,4),(-1.57079632679491,-0.897597901025665,0.),(0.,0.259034060954945),
 .UNSPECIFIED.);
#165=B_SPLINE_SURFACE_WITH_KNOTS('',3,3,((#11428,#11429,#11430,#11431),
(#11432,#11433,#11434,#11435),(#11436,#11437,#11438,#11439),(#11440,#11441,
#11442,#11443)),.UNSPECIFIED.,.F.,.F.,.F.,(4,4),(4,4),(0.,1.),(0.,0.142321532618416),
 .UNSPECIFIED.);
#166=B_SPLINE_SURFACE_WITH_KNOTS('',3,3,((#12114,#12115,#12116,#12117,#12118),
(#12119,#12120,#12121,#12122,#12123),(#12124,#12125,#12126,#12127,#12128),
(#12129,#12130,#12131,#12132,#12133),(#12134,#12135,#12136,#12137,#12138)),
 .UNSPECIFIED.,.F.,.F.,.F.,(4,1,4),(4,1,4),(0.,0.571428571428571,1.00204077030814),
(-1.57283937084053,-1.03371336070524,-0.315555908546723),.UNSPECIFIED.);
#167=B_SPLINE_SURFACE_WITH_KNOTS('',3,3,((#12142,#12143,#12144,#12145,#12146),
(#12147,#12148,#12149,#12150,#12151),(#12152,#12153,#12154,#12155,#12156),
(#12157,#12158,#12159,#12160,#12161),(#12162,#12163,#12164,#12165,#12166)),
 .UNSPECIFIED.,.F.,.F.,.F.,(4,1,4),(4,1,4),(-2.67768211225602E-5,0.571428571428571,
1.00204025519541),(0.312051111227416,0.852672073920305,1.57281993911235),
 .UNSPECIFIED.);
#168=B_SPLINE_SURFACE_WITH_KNOTS('',3,3,((#12168,#12169,#12170,#12171,#12172),
(#12173,#12174,#12175,#12176,#12177),(#12178,#12179,#12180,#12181,#12182),
(#12183,#12184,#12185,#12186,#12187),(#12188,#12189,#12190,#12191,#12192)),
 .UNSPECIFIED.,.F.,.F.,.F.,(4,1,4),(4,1,4),(0.,0.571428571428571,1.),(0.314091366422763,
0.94244384660873,1.5707963267947),.UNSPECIFIED.);
#169=B_SPLINE_SURFACE_WITH_KNOTS('',3,3,((#12196,#12197,#12198,#12199,#12200),
(#12201,#12202,#12203,#12204,#12205),(#12206,#12207,#12208,#12209,#12210),
(#12211,#12212,#12213,#12214,#12215),(#12216,#12217,#12218,#12219,#12220)),
 .UNSPECIFIED.,.F.,.F.,.F.,(4,1,4),(4,1,4),(-2.69277202626556E-5,0.571428571428571,
1.00204457389432),(0.312037854108881,0.852673380314291,1.57283922395672),
 .UNSPECIFIED.);
#170=B_SPLINE_SURFACE_WITH_KNOTS('',3,3,((#12222,#12223,#12224,#12225,#12226),
(#12227,#12228,#12229,#12230,#12231),(#12232,#12233,#12234,#12235,#12236),
(#12237,#12238,#12239,#12240,#12241),(#12242,#12243,#12244,#12245,#12246)),
 .UNSPECIFIED.,.F.,.F.,.F.,(4,1,4),(4,1,4),(0.,0.571428571428571,1.),(0.314082428003198,
0.942439377399,1.5707963267948),.UNSPECIFIED.);
#171=B_SPLINE_SURFACE_WITH_KNOTS('',3,3,((#12267,#12268,#12269,#12270),
(#12271,#12272,#12273,#12274),(#12275,#12276,#12277,#12278),(#12279,#12280,
#12281,#12282),(#12283,#12284,#12285,#12286)),.UNSPECIFIED.,.F.,.F.,.F.,
(4,1,4),(4,4),(0.,0.571428571428571,1.),(-1.38453622910183,-1.30371128878369),
 .UNSPECIFIED.);
#172=B_SPLINE_SURFACE_WITH_KNOTS('',3,3,((#12288,#12289,#12290,#12291),
(#12292,#12293,#12294,#12295),(#12296,#12297,#12298,#12299),(#12300,#12301,
#12302,#12303),(#12304,#12305,#12306,#12307)),.UNSPECIFIED.,.F.,.F.,.F.,
(4,1,4),(4,4),(0.,0.571428571428571,1.),(-1.63584243142743,-1.38453622910181),
 .UNSPECIFIED.);
#173=B_SPLINE_SURFACE_WITH_KNOTS('',3,3,((#12341,#12342,#12343,#12344,#12345),
(#12346,#12347,#12348,#12349,#12350),(#12351,#12352,#12353,#12354,#12355),
(#12356,#12357,#12358,#12359,#12360),(#12361,#12362,#12363,#12364,#12365)),
 .UNSPECIFIED.,.F.,.F.,.F.,(4,1,4),(4,1,4),(-1.08237570032726E-5,0.571428571428571,
1.00372569914517),(-0.00365515113401935,0.673248450515386,1.57463875690839),
 .UNSPECIFIED.);
#174=B_SPLINE_SURFACE_WITH_KNOTS('',3,3,((#12369,#12370,#12371,#12372),
(#12373,#12374,#12375,#12376),(#12377,#12378,#12379,#12380),(#12381,#12382,
#12383,#12384),(#12385,#12386,#12387,#12388)),.UNSPECIFIED.,.F.,.F.,.F.,
(4,1,4),(4,4),(0.,0.571428571428571,1.),(-0.262079096417323,1.05015995899294E-12),
 .UNSPECIFIED.);
#175=B_SPLINE_SURFACE_WITH_KNOTS('',3,3,((#12400,#12401,#12402,#12403,#12404),
(#12405,#12406,#12407,#12408,#12409),(#12410,#12411,#12412,#12413,#12414),
(#12415,#12416,#12417,#12418,#12419),(#12420,#12421,#12422,#12423,#12424)),
 .UNSPECIFIED.,.F.,.F.,.F.,(4,1,4),(4,1,4),(-1.84196579469029E-5,0.571428571428571,
1.00044132747137),(-0.00124568200921424,0.560505319257498,1.30935954512266),
 .UNSPECIFIED.);
#176=B_SPLINE_SURFACE_WITH_KNOTS('',3,3,((#12428,#12429,#12430,#12431,#12432),
(#12433,#12434,#12435,#12436,#12437),(#12438,#12439,#12440,#12441,#12442),
(#12443,#12444,#12445,#12446,#12447),(#12448,#12449,#12450,#12451,#12452)),
 .UNSPECIFIED.,.F.,.F.,.F.,(4,1,4),(4,1,4),(-7.23828770781832E-6,0.571428571428571,
1.00371787607447),(-1.57449236725758,-0.897259020469354,0.00450856762003294),
 .UNSPECIFIED.);
#177=B_SPLINE_SURFACE_WITH_KNOTS('',3,3,((#12456,#12457,#12458,#12459,#12460),
(#12461,#12462,#12463,#12464,#12465),(#12466,#12467,#12468,#12469,#12470),
(#12471,#12472,#12473,#12474,#12475),(#12476,#12477,#12478,#12479,#12480)),
 .UNSPECIFIED.,.F.,.F.,.F.,(4,1,4),(4,1,4),(0.,0.571428571428571,1.00056351502601),
(0.173860521362105,0.772813893515733,1.57135985289781),.UNSPECIFIED.);
#178=B_SPLINE_SURFACE_WITH_KNOTS('',3,3,((#12483,#12484,#12485,#12486,#12487),
(#12488,#12489,#12490,#12491,#12492),(#12493,#12494,#12495,#12496,#12497),
(#12498,#12499,#12500,#12501,#12502),(#12503,#12504,#12505,#12506,#12507)),
 .UNSPECIFIED.,.F.,.F.,.F.,(4,1,4),(4,1,4),(-2.78797558629502E-5,0.571428571428571,
1.00530908145922),(-1.31807075564652,-0.402880731057915,0.284839057748385),
 .UNSPECIFIED.);
#179=B_SPLINE_SURFACE_WITH_KNOTS('',3,3,((#12544,#12545,#12546,#12547),
(#12548,#12549,#12550,#12551),(#12552,#12553,#12554,#12555),(#12556,#12557,
#12558,#12559)),.UNSPECIFIED.,.F.,.F.,.F.,(4,4),(4,4),(0.,1.),(-0.927295218000269,
-0.562536244543211),.UNSPECIFIED.);
#180=B_SPLINE_SURFACE_WITH_KNOTS('',3,3,((#12578,#12579,#12580,#12581),
(#12582,#12583,#12584,#12585),(#12586,#12587,#12588,#12589),(#12590,#12591,
#12592,#12593)),.UNSPECIFIED.,.F.,.F.,.F.,(4,4),(4,4),(0.,1.),(0.56253624454448,
0.927295218002956),.UNSPECIFIED.);
#181=B_SPLINE_SURFACE_WITH_KNOTS('',3,3,((#12602,#12603,#12604,#12605,#12606,
#12607),(#12608,#12609,#12610,#12611,#12612,#12613),(#12614,#12615,#12616,
#12617,#12618,#12619),(#12620,#12621,#12622,#12623,#12624,#12625)),
 .UNSPECIFIED.,.F.,.F.,.F.,(4,4),(4,2,4),(-0.000541625597714178,1.00163464775772),
(-0.00163464775788191,0.0487316373557383,0.0645457520513538),
 .UNSPECIFIED.);
#182=B_SPLINE_SURFACE_WITH_KNOTS('',3,3,((#12641,#12642,#12643,#12644,#12645,
#12646),(#12647,#12648,#12649,#12650,#12651,#12652),(#12653,#12654,#12655,
#12656,#12657,#12658),(#12659,#12660,#12661,#12662,#12663,#12664)),
 .UNSPECIFIED.,.F.,.F.,.F.,(4,4),(4,2,4),(-0.000541623885656358,1.00163464903269),
(-0.0645457533262994,-0.0487316373557318,0.0016346490325338),
 .UNSPECIFIED.);
#183=B_SPLINE_SURFACE_WITH_KNOTS('',3,3,((#12748,#12749,#12750,#12751),
(#12752,#12753,#12754,#12755),(#12756,#12757,#12758,#12759),(#12760,#12761,
#12762,#12763)),.UNSPECIFIED.,.F.,.F.,.F.,(4,4),(4,4),(0.,1.),(-1.37276618273671,
-0.832413064100607),.UNSPECIFIED.);
#184=B_SPLINE_SURFACE_WITH_KNOTS('',3,3,((#12771,#12772,#12773,#12774),
(#12775,#12776,#12777,#12778),(#12779,#12780,#12781,#12782),(#12783,#12784,
#12785,#12786)),.UNSPECIFIED.,.F.,.F.,.F.,(4,4),(4,4),(0.,1.),(-0.738383262693686,
-0.198030144057101),.UNSPECIFIED.);
#185=B_SPLINE_SURFACE_WITH_KNOTS('',3,3,((#12789,#12790,#12791,#12792),
(#12793,#12794,#12795,#12796),(#12797,#12798,#12799,#12800),(#12801,#12802,
#12803,#12804)),.UNSPECIFIED.,.F.,.F.,.F.,(4,4),(4,4),(0.,1.),(-1.6736698832398E-13,
0.0295649559968707),.UNSPECIFIED.);
#186=B_SPLINE_SURFACE_WITH_KNOTS('',3,3,((#12808,#12809,#12810,#12811),
(#12812,#12813,#12814,#12815),(#12816,#12817,#12818,#12819),(#12820,#12821,
#12822,#12823)),.UNSPECIFIED.,.F.,.F.,.F.,(4,4),(4,4),(0.,1.),(-0.0295649559968686,
-1.6736698832398E-13),.UNSPECIFIED.);
#187=B_SPLINE_SURFACE_WITH_KNOTS('',3,3,((#12996,#12997,#12998,#12999),
(#13000,#13001,#13002,#13003),(#13004,#13005,#13006,#13007),(#13008,#13009,
#13010,#13011),(#13012,#13013,#13014,#13015)),.UNSPECIFIED.,.F.,.F.,.F.,
(4,1,4),(4,4),(0.,0.5,1.00001964075335),(-1.96407533515908E-5,0.0386621689469605),
 .UNSPECIFIED.);
#188=B_SPLINE_SURFACE_WITH_KNOTS('',3,3,((#13020,#13021,#13022,#13023,#13024,
#13025,#13026,#13027),(#13028,#13029,#13030,#13031,#13032,#13033,#13034,
#13035),(#13036,#13037,#13038,#13039,#13040,#13041,#13042,#13043),(#13044,
#13045,#13046,#13047,#13048,#13049,#13050,#13051)),.UNSPECIFIED.,.F.,.F.,
 .F.,(4,4),(4,2,1,1,4),(0.,1.),(-0.321244612133685,-0.320399543624454,-0.206375865727861,
-0.149364026779565,-0.035340348882972),.UNSPECIFIED.);
#189=B_SPLINE_SURFACE_WITH_KNOTS('',3,3,((#13052,#13053,#13054,#13055),
(#13056,#13057,#13058,#13059),(#13060,#13061,#13062,#13063),(#13064,#13065,
#13066,#13067),(#13068,#13069,#13070,#13071)),.UNSPECIFIED.,.F.,.F.,.F.,
(4,1,4),(4,4),(0.,0.5,1.00001521527792),(-1.52152779168135E-5,0.0386357208058722),
 .UNSPECIFIED.);
#190=B_SPLINE_SURFACE_WITH_KNOTS('',3,3,((#13084,#13085,#13086,#13087,#13088,
#13089,#13090,#13091),(#13092,#13093,#13094,#13095,#13096,#13097,#13098,
#13099),(#13100,#13101,#13102,#13103,#13104,#13105,#13106,#13107),(#13108,
#13109,#13110,#13111,#13112,#13113,#13114,#13115)),.UNSPECIFIED.,.F.,.F.,
 .F.,(4,4),(4,2,1,1,4),(-1.18290012305107E-5,1.00001182900123),(-0.00084507071227115,
0.,0.171040136982358,0.228053515976478,0.285078723971724),.UNSPECIFIED.);
#191=B_SPLINE_SURFACE_WITH_KNOTS('',3,3,((#13143,#13144,#13145,#13146),
(#13147,#13148,#13149,#13150),(#13151,#13152,#13153,#13154),(#13155,#13156,
#13157,#13158),(#13159,#13160,#13161,#13162)),.UNSPECIFIED.,.F.,.F.,.F.,
(4,1,4),(4,4),(0.,0.571428571428571,1.),(-1.64840258458017,-1.63548004704359),
 .UNSPECIFIED.);
#192=B_SPLINE_SURFACE_WITH_KNOTS('',3,3,((#13168,#13169,#13170,#13171),
(#13172,#13173,#13174,#13175),(#13176,#13177,#13178,#13179),(#13180,#13181,
#13182,#13183),(#13184,#13185,#13186,#13187)),.UNSPECIFIED.,.F.,.F.,.F.,
(4,1,4),(4,4),(0.,0.571428571428571,1.),(-1.57079632679486,-1.52764162044571),
 .UNSPECIFIED.);
#193=B_SPLINE_SURFACE_WITH_KNOTS('',3,3,((#13188,#13189,#13190,#13191),
(#13192,#13193,#13194,#13195),(#13196,#13197,#13198,#13199),(#13200,#13201,
#13202,#13203)),.UNSPECIFIED.,.F.,.F.,.F.,(4,4),(4,4),(0.,1.),(0.,0.142677383670136),
 .UNSPECIFIED.);
#194=B_SPLINE_SURFACE_WITH_KNOTS('',3,3,((#13205,#13206,#13207,#13208),
(#13209,#13210,#13211,#13212),(#13213,#13214,#13215,#13216),(#13217,#13218,
#13219,#13220)),.UNSPECIFIED.,.F.,.F.,.F.,(4,4),(4,4),(0.,1.),(0.,0.143621142623363),
 .UNSPECIFIED.);
#195=FACE_BOUND('',#933,.T.);
#196=FACE_BOUND('',#934,.T.);
#197=FACE_BOUND('',#935,.T.);
#198=FACE_BOUND('',#936,.T.);
#199=FACE_BOUND('',#937,.T.);
#200=FACE_BOUND('',#938,.T.);
#201=FACE_BOUND('',#939,.T.);
#202=FACE_BOUND('',#940,.T.);
#203=FACE_BOUND('',#941,.T.);
#204=FACE_BOUND('',#955,.T.);
#205=FACE_BOUND('',#956,.T.);
#206=FACE_BOUND('',#957,.T.);
#207=FACE_BOUND('',#958,.T.);
#208=FACE_BOUND('',#963,.T.);
#209=FACE_BOUND('',#1040,.T.);
#210=FACE_BOUND('',#1062,.T.);
#211=FACE_BOUND('',#1065,.T.);
#212=FACE_BOUND('',#1093,.T.);
#213=FACE_BOUND('',#1100,.T.);
#214=FACE_BOUND('',#1118,.T.);
#215=FACE_BOUND('',#1121,.T.);
#216=FACE_BOUND('',#1240,.T.);
#217=FACE_BOUND('',#1256,.T.);
#218=FACE_BOUND('',#1278,.T.);
#219=FACE_BOUND('',#1288,.T.);
#220=ELLIPSE('',#6214,1.95071892145226,1.95000000000001);
#221=ELLIPSE('',#6229,1.95035942760095,1.95000000000001);
#222=ELLIPSE('',#6230,1.95035942760095,1.95000000000001);
#223=ELLIPSE('',#6231,1.95071892145226,1.95000000000001);
#224=ELLIPSE('',#6241,101.576030775379,1.95);
#225=ELLIPSE('',#6243,101.594753456946,1.95);
#226=ELLIPSE('',#6244,1.95035942760094,1.95);
#227=ELLIPSE('',#6245,1.95035942760094,1.95);
#228=ELLIPSE('',#6246,101.594753456946,1.95);
#229=ELLIPSE('',#6247,1.95035942760094,1.95);
#230=ELLIPSE('',#6249,119.398713105407,119.37670936989);
#231=ELLIPSE('',#6250,55.6102482946727,55.5999999999997);
#232=ELLIPSE('',#6251,1.79998735220014,1.79965563634994);
#233=ELLIPSE('',#6252,1.79998735219944,1.79965563634924);
#234=ELLIPSE('',#6253,1.50027648276996,1.5);
#235=ELLIPSE('',#6254,2.60048366398545,2.60000442636831);
#236=ELLIPSE('',#6255,1.50027648276996,1.5);
#237=ELLIPSE('',#6256,2.60053411159916,2.60005486468514);
#238=ELLIPSE('',#6257,2.60045639035366,2.59997715776276);
#239=ELLIPSE('',#6258,1.40016562159745,1.39990758804826);
#240=ELLIPSE('',#6259,2.60064455901814,2.60016529175308);
#241=ELLIPSE('',#6260,1.40037026833666,1.40011219707099);
#242=ELLIPSE('',#6261,2.60642414317129,2.60594381079585);
#243=ELLIPSE('',#6262,1.7996770264591,1.79934536784997);
#244=ELLIPSE('',#6263,2.60042822542376,2.59994899803212);
#245=ELLIPSE('',#6264,234.443205040852,234.4);
#246=ELLIPSE('',#6265,2.00036864369325,1.99999999999997);
#247=ELLIPSE('',#6266,2.00036864369325,1.99999999999997);
#248=ELLIPSE('',#6327,1.95035942760095,1.95);
#249=ELLIPSE('',#6329,1.95035942760095,1.95);
#250=ELLIPSE('',#6448,6265.22347541036,119.57670936989);
#251=ELLIPSE('',#6509,54.6104359568311,54.5999999999997);
#252=ELLIPSE('',#6513,0.401014331787901,0.400112197070994);
#253=ELLIPSE('',#6532,3.60629095272385,3.60594381079585);
#254=ELLIPSE('',#6548,0.500828837780533,0.499999999999998);
#255=ELLIPSE('',#6550,3.60035055784736,3.60000442636832);
#256=ELLIPSE('',#6553,0.500828837780524,0.499999999999998);
#257=ELLIPSE('',#6555,3.60040100474393,3.60005486468514);
#258=ELLIPSE('',#6590,1.00004607515377,1.);
#259=ELLIPSE('',#6594,118.398898949642,118.37670936989);
#260=ELLIPSE('',#6689,10.7014045541233,4.13700262605533);
#261=ELLIPSE('',#6692,3.87455229275862,2.31144609946321);
#262=ELLIPSE('',#6714,235.44302153563,235.4);
#263=B_SPLINE_CURVE_WITH_KNOTS('',3,(#8425,#8426,#8427,#8428),
 .UNSPECIFIED.,.F.,.F.,(4,4),(0.181991864885598,0.182298289252857),
 .UNSPECIFIED.);
#264=B_SPLINE_CURVE_WITH_KNOTS('',3,(#8432,#8433,#8434,#8435,#8436,#8437,
#8438,#8439),.UNSPECIFIED.,.F.,.F.,(4,2,2,4),(0.207536877548198,0.217295085596005,
0.254724941702826,0.292152256208293),.UNSPECIFIED.);
#265=B_SPLINE_CURVE_WITH_KNOTS('',3,(#8443,#8444,#8445,#8446,#8447,#8448,
#8449,#8450,#8451,#8452,#8453,#8454,#8455,#8456,#8457,#8458,#8459,#8460,
#8461,#8462,#8463,#8464,#8465,#8466,#8467,#8468,#8469,#8470,#8471,#8472,
#8473,#8474,#8475,#8476,#8477,#8478,#8479,#8480,#8481,#8482,#8483,#8484,
#8485),.UNSPECIFIED.,.F.,.F.,(4,3,3,3,3,3,3,3,3,3,3,3,3,3,4),(0.,0.0199231165704194,
0.0401009848638331,0.0601692588620383,0.0675456382119518,0.0877292241688954,
0.101211508284472,0.121442828187343,0.13508008549932,0.155208734510487,
0.175426332554988,0.18556793460298,0.205805282979294,0.225666822173386,
0.236058282303367),.UNSPECIFIED.);
#266=B_SPLINE_CURVE_WITH_KNOTS('',3,(#8487,#8488,#8489,#8490,#8491,#8492,
#8493,#8494,#8495,#8496,#8497,#8498,#8499,#8500,#8501,#8502,#8503,#8504,
#8505,#8506,#8507,#8508,#8509,#8510,#8511,#8512,#8513,#8514,#8515,#8516,
#8517,#8518,#8519,#8520,#8521,#8522,#8523,#8524,#8525,#8526,#8527,#8528,
#8529),.UNSPECIFIED.,.F.,.F.,(4,3,3,3,3,3,3,3,3,3,3,3,3,3,4),(0.0388957251758086,
0.060136628412693,0.0721665104027636,0.0932805004010523,0.11459749438326,
0.135722943268651,0.144341438590757,0.165606969312105,0.182244084587551,
0.203456469429153,0.216538975743481,0.237713625053937,0.253838596731729,
0.274928961447116,0.291135692787341),.UNSPECIFIED.);
#267=B_SPLINE_CURVE_WITH_KNOTS('',3,(#8533,#8534,#8535,#8536,#8537,#8538,
#8539,#8540,#8541,#8542,#8543,#8544,#8545,#8546,#8547,#8548,#8549,#8550,
#8551,#8552,#8553,#8554,#8555,#8556,#8557,#8558,#8559,#8560,#8561,#8562,
#8563,#8564,#8565,#8566,#8567,#8568,#8569,#8570,#8571,#8572,#8573,#8574,
#8575),.UNSPECIFIED.,.F.,.F.,(4,3,3,3,3,3,3,3,3,3,3,3,3,3,4),(0.,0.0199229713922449,
0.0401009141204939,0.0601694832261768,0.0675460571288017,0.0877296790104931,
0.101320430882243,0.121551709231855,0.135080098667538,0.155207872801732,
0.175426426849887,0.18569560281762,0.205933649847664,0.225795731686548,
0.236312670783848),.UNSPECIFIED.);
#268=B_SPLINE_CURVE_WITH_KNOTS('',3,(#8577,#8578,#8579,#8580,#8581,#8582,
#8583,#8584,#8585,#8586,#8587,#8588,#8589,#8590,#8591,#8592,#8593,#8594,
#8595,#8596,#8597,#8598,#8599,#8600,#8601,#8602,#8603,#8604,#8605,#8606,
#8607,#8608,#8609,#8610,#8611,#8612,#8613,#8614,#8615,#8616,#8617,#8618,
#8619),.UNSPECIFIED.,.F.,.F.,(4,3,3,3,3,3,3,3,3,3,3,3,3,3,4),(0.0384892157907071,
0.0596732961477188,0.0719144807669978,0.0929733573580701,0.114234585335317,
0.135304001705945,0.143837387521213,0.165046994331904,0.181607699923965,
0.202764448531534,0.215782865554474,0.236902032256821,0.252952251609533,
0.273987650756786,0.29011912936402),.UNSPECIFIED.);
#269=B_SPLINE_CURVE_WITH_KNOTS('',3,(#8623,#8624,#8625,#8626,#8627,#8628,
#8629,#8630,#8631,#8632,#8633,#8634,#8635,#8636,#8637,#8638,#8639,#8640,
#8641,#8642,#8643,#8644,#8645,#8646,#8647,#8648,#8649,#8650,#8651,#8652,
#8653,#8654,#8655,#8656,#8657,#8658,#8659,#8660,#8661,#8662,#8663,#8664,
#8665,#8666,#8667,#8668,#8669,#8670,#8671),.UNSPECIFIED.,.F.,.F.,(4,3,3,
3,3,3,3,3,3,3,3,3,3,3,3,3,4),(0.,0.0207905639035238,0.0418944479102973,
0.0629601940381951,0.0717863880638356,0.0929218640940741,0.113852887764812,
0.124064429073094,0.143563121954995,0.164454263688791,0.185650575040787,
0.206826463430306,0.215317075917675,0.236434052044217,0.25226316317005,
0.273105887192742,0.289208632110866),.UNSPECIFIED.);
#270=B_SPLINE_CURVE_WITH_KNOTS('',3,(#8675,#8676,#8677,#8678,#8679,#8680,
#8681,#8682,#8683,#8684,#8685,#8686,#8687,#8688,#8689,#8690,#8691,#8692,
#8693,#8694,#8695,#8696,#8697,#8698,#8699,#8700,#8701,#8702,#8703,#8704,
#8705,#8706,#8707,#8708,#8709,#8710,#8711,#8712,#8713,#8714,#8715,#8716,
#8717,#8718,#8719,#8720,#8721,#8722,#8723),.UNSPECIFIED.,.F.,.F.,(4,3,3,
3,3,3,3,3,3,3,3,3,3,3,3,3,4),(0.,0.0205947440237072,0.0416052296171782,
0.0628460801133086,0.0717228194694935,0.0929256055552487,0.11417040810795,
0.134999660149799,0.143457867939117,0.165314232005064,0.186210765579609,
0.207351898842711,0.215218495280771,0.236317177020157,0.252210316707083,
0.273179646095874,0.289205018507498),.UNSPECIFIED.);
#271=B_SPLINE_CURVE_WITH_KNOTS('',3,(#8727,#8728,#8729,#8730,#8731,#8732,
#8733,#8734,#8735,#8736,#8737,#8738,#8739,#8740,#8741,#8742,#8743,#8744,
#8745,#8746,#8747,#8748,#8749,#8750,#8751,#8752,#8753,#8754,#8755,#8756,
#8757,#8758,#8759,#8760,#8761,#8762,#8763,#8764,#8765,#8766,#8767,#8768,
#8769),.UNSPECIFIED.,.F.,.F.,(4,3,3,3,3,3,3,3,3,3,3,3,3,3,4),(0.,0.0199246535534917,
0.0401044144494447,0.0601749928854181,0.0676099961280538,0.0877911946260245,
0.101322392393313,0.121556783154574,0.135213790417127,0.155344624348517,
0.175554273818083,0.185748498088978,0.205974567197285,0.22581696265729,
0.236284926686977),.UNSPECIFIED.);
#272=B_SPLINE_CURVE_WITH_KNOTS('',3,(#8771,#8772,#8773,#8774,#8775,#8776,
#8777,#8778,#8779,#8780,#8781,#8782,#8783,#8784,#8785,#8786,#8787,#8788,
#8789,#8790,#8791,#8792,#8793,#8794,#8795,#8796,#8797,#8798,#8799,#8800,
#8801,#8802,#8803,#8804,#8805,#8806,#8807,#8808,#8809,#8810,#8811,#8812,
#8813),.UNSPECIFIED.,.F.,.F.,(4,3,3,3,3,3,3,3,3,3,3,3,3,3,4),(0.0385002574386275,
0.0596850615296332,0.0719748538188213,0.0930363774819013,0.114301015566661,
0.135376030259883,0.143961941812458,0.16518008708237,0.181643215714629,
0.20280579360342,0.215974656991406,0.237102633424752,0.253096439743445,
0.274143525406212,0.290221105175491),.UNSPECIFIED.);
#273=B_SPLINE_CURVE_WITH_KNOTS('',3,(#8817,#8818,#8819,#8820,#8821,#8822,
#8823,#8824,#8825,#8826,#8827,#8828,#8829,#8830,#8831,#8832,#8833,#8834,
#8835,#8836,#8837,#8838,#8839,#8840,#8841,#8842,#8843,#8844,#8845,#8846,
#8847,#8848,#8849,#8850,#8851,#8852,#8853,#8854,#8855,#8856,#8857,#8858,
#8859),.UNSPECIFIED.,.F.,.F.,(4,3,3,3,3,3,3,3,3,3,3,3,3,3,4),(0.,0.0199249158329718,
0.0401046557773249,0.0601748552963452,0.0676098709863107,0.0877910411497149,
0.101213554158772,0.121447924449423,0.135213258247239,0.155344844511514,
0.175553527155881,0.185621404146271,0.20584678577379,0.225688730765648,
0.236030775728886),.UNSPECIFIED.);
#274=B_SPLINE_CURVE_WITH_KNOTS('',3,(#8861,#8862,#8863,#8864,#8865,#8866,
#8867,#8868,#8869,#8870,#8871,#8872,#8873,#8874,#8875,#8876,#8877,#8878,
#8879,#8880,#8881,#8882,#8883,#8884,#8885,#8886,#8887,#8888,#8889,#8890,
#8891,#8892,#8893,#8894,#8895,#8896,#8897,#8898,#8899,#8900,#8901,#8902,
#8903),.UNSPECIFIED.,.F.,.F.,(4,3,3,3,3,3,3,3,3,3,3,3,3,3,4),(0.0389065706611007,
0.0601482082241788,0.0722268881352325,0.0933435765635754,0.114663948138635,
0.135794810900886,0.144466015513466,0.165739973980582,0.182279225752359,
0.203497391590831,0.216730818366781,0.237914266889874,0.253982562629419,
0.275084745123519,0.291237191841447),.UNSPECIFIED.);
#275=B_SPLINE_CURVE_WITH_KNOTS('',3,(#8907,#8908,#8909,#8910,#8911,#8912,
#8913,#8914,#8915,#8916,#8917,#8918,#8919,#8920,#8921,#8922,#8923,#8924,
#8925,#8926,#8927,#8928,#8929,#8930,#8931,#8932,#8933,#8934,#8935,#8936,
#8937,#8938,#8939,#8940,#8941,#8942,#8943,#8944,#8945,#8946,#8947,#8948,
#8949,#8950,#8951,#8952,#8953,#8954,#8955),.UNSPECIFIED.,.F.,.F.,(4,3,3,
3,3,3,3,3,3,3,3,3,3,3,3,3,4),(0.,0.0207649846857747,0.0419484817353444,
0.0633639558535224,0.0724941509202018,0.093867956058768,0.115281080924798,
0.13627162632937,0.144977393745119,0.167022597425555,0.18808012968964,0.209376988130964,
0.217435122081127,0.238683312585767,0.254795392658452,0.275908060248165,
0.292156169610042),.UNSPECIFIED.);
#276=B_SPLINE_CURVE_WITH_KNOTS('',3,(#8969,#8970,#8971,#8972,#8973,#8974,
#8975,#8976,#8977,#8978,#8979,#8980,#8981,#8982,#8983,#8984,#8985,#8986,
#8987,#8988,#8989,#8990,#8991,#8992,#8993,#8994,#8995,#8996,#8997,#8998,
#8999,#9000,#9001,#9002,#9003,#9004,#9005,#9006,#9007,#9008,#9009,#9010,
#9011,#9012,#9013,#9014,#9015,#9016,#9017),.UNSPECIFIED.,.F.,.F.,(4,3,3,
3,3,3,3,3,3,3,3,3,3,3,3,3,4),(0.,0.0207532997315942,0.0418222128862269,
0.0628574713582696,0.0715966615249814,0.0927055655106098,0.113616145830108,
0.123883589208094,0.143205789658237,0.16407606018077,0.185255471327511,
0.206421013228456,0.214838875170947,0.235949151273494,0.251837631926944,
0.272673177075939,0.288833777141667),.UNSPECIFIED.);
#277=B_SPLINE_CURVE_WITH_KNOTS('',3,(#9021,#9022,#9023,#9024,#9025,#9026,
#9027,#9028,#9029,#9030,#9031,#9032,#9033,#9034,#9035,#9036,#9037,#9038,
#9039,#9040,#9041,#9042,#9043,#9044,#9045,#9046,#9047,#9048,#9049,#9050,
#9051,#9052,#9053,#9054,#9055,#9056,#9057,#9058,#9059,#9060,#9061,#9062,
#9063,#9064,#9065,#9066,#9067,#9068,#9069),.UNSPECIFIED.,.F.,.F.,(4,3,3,
3,3,3,3,3,3,3,3,3,3,3,3,3,4),(0.,0.0205491932348581,0.0415110342285717,
0.0626954711844316,0.07146836228872,0.0926099555142496,0.113786343012104,
0.134539105975443,0.142923253802404,0.164625942350314,0.185449042867821,
0.206512208337078,0.214354223361051,0.23536803898651,0.251137370432614,
0.272019114852215,0.28792021505374),.UNSPECIFIED.);
#278=B_SPLINE_CURVE_WITH_KNOTS('',3,(#9081,#9082,#9083,#9084,#9085,#9086,
#9087,#9088,#9089,#9090,#9091,#9092,#9093,#9094,#9095,#9096,#9097,#9098,
#9099,#9100,#9101,#9102,#9103,#9104,#9105,#9106,#9107,#9108,#9109,#9110,
#9111,#9112,#9113,#9114,#9115,#9116,#9117,#9118,#9119,#9120,#9121,#9122,
#9123,#9124,#9125,#9126,#9127,#9128,#9129),.UNSPECIFIED.,.F.,.F.,(4,3,3,
3,3,3,3,3,3,3,3,3,3,3,3,3,4),(0.,0.0205395471356478,0.0414941964621297,
0.0626785881968635,0.0714673685832699,0.0926145531075249,0.113803594161546,
0.134577734090048,0.142950860566934,0.164727734305335,0.185569585382978,
0.20665551442668,0.214461071318649,0.235504344220014,0.251319370190815,
0.272233071932578,0.288180495151541),.UNSPECIFIED.);
#279=B_SPLINE_CURVE_WITH_KNOTS('',3,(#9133,#9134,#9135,#9136,#9137,#9138,
#9139,#9140,#9141,#9142,#9143,#9144,#9145,#9146,#9147,#9148,#9149,#9150,
#9151,#9152,#9153,#9154,#9155,#9156,#9157,#9158,#9159,#9160,#9161,#9162,
#9163,#9164,#9165,#9166,#9167,#9168,#9169,#9170,#9171,#9172,#9173,#9174,
#9175,#9176,#9177,#9178,#9179,#9180,#9181),.UNSPECIFIED.,.F.,.F.,(4,3,3,
3,3,3,3,3,3,3,3,3,3,3,3,3,4),(0.,0.0206021338892691,0.0416199040038686,
0.0628655396541582,0.0717315862610107,0.0929361513733384,0.114178661952548,
0.13499967745241,0.143448117692831,0.165269422977573,0.186159057870989,
0.207287373073942,0.215137825858635,0.236218300969167,0.252112439981255,
0.273059657767282,0.289087379201928),.UNSPECIFIED.);
#280=B_SPLINE_CURVE_WITH_KNOTS('',3,(#9209,#9210,#9211,#9212,#9213,#9214,
#9215,#9216,#9217,#9218,#9219,#9220,#9221,#9222,#9223,#9224,#9225,#9226,
#9227,#9228,#9229,#9230,#9231,#9232,#9233,#9234,#9235,#9236,#9237,#9238,
#9239,#9240,#9241,#9242,#9243,#9244,#9245,#9246,#9247,#9248,#9249,#9250,
#9251,#9252,#9253,#9254,#9255,#9256,#9257),.UNSPECIFIED.,.F.,.F.,(4,3,3,
3,3,3,3,3,3,3,3,3,3,3,3,3,4),(0.,0.0204961584963209,0.0414072731656469,
0.062548452271575,0.0712699028363743,0.0923749924169568,0.113522087983752,
0.134255026638817,0.142562249693193,0.164272039650204,0.185073146005084,
0.206116932335756,0.213881286773298,0.234881556049359,0.250631308572981,
0.271500134287912,0.287383982201076),.UNSPECIFIED.);
#281=B_SPLINE_CURVE_WITH_KNOTS('',3,(#9261,#9262,#9263,#9264,#9265,#9266,
#9267,#9268,#9269,#9270,#9271,#9272,#9273,#9274,#9275,#9276,#9277,#9278,
#9279,#9280,#9281,#9282,#9283,#9284,#9285,#9286,#9287,#9288,#9289,#9290,
#9291,#9292,#9293,#9294,#9295,#9296,#9297,#9298,#9299,#9300,#9301,#9302,
#9303,#9304,#9305,#9306,#9307,#9308,#9309),.UNSPECIFIED.,.F.,.F.,(4,3,3,
3,3,3,3,3,3,3,3,3,3,3,3,3,4),(0.,0.0207292606855326,0.0417727065270949,
0.0627807281163316,0.0715183553573925,0.0925971245557486,0.113475381041667,
0.123627419488955,0.143014815861331,0.163852678113564,0.184996178564538,
0.20611977837086,0.214483966996155,0.235552363283435,0.251366468317224,
0.272162199414034,0.288248995647079),.UNSPECIFIED.);
#282=B_SPLINE_CURVE_WITH_KNOTS('',3,(#9321,#9322,#9323,#9324,#9325,#9326,
#9327,#9328,#9329,#9330,#9331,#9332,#9333,#9334,#9335,#9336,#9337,#9338,
#9339,#9340,#9341,#9342,#9343,#9344,#9345,#9346,#9347,#9348,#9349,#9350,
#9351,#9352,#9353,#9354,#9355,#9356,#9357,#9358,#9359,#9360,#9361,#9362,
#9363,#9364,#9365,#9366,#9367,#9368,#9369),.UNSPECIFIED.,.F.,.F.,(4,3,3,
3,3,3,3,3,3,3,3,3,3,3,3,3,4),(0.,0.0206823256631217,0.0416796728206569,
0.0626434420569908,0.0712720021735215,0.092309889072902,0.113149832781829,
0.123315870580029,0.142563131720839,0.163363676430802,0.184472001961918,
0.205565001721281,0.21387871607672,0.234915601183764,0.250692480450379,
0.271453799100016,0.287503458390973),.UNSPECIFIED.);
#283=B_SPLINE_CURVE_WITH_KNOTS('',3,(#9373,#9374,#9375,#9376,#9377,#9378,
#9379,#9380,#9381,#9382,#9383,#9384,#9385,#9386,#9387,#9388,#9389,#9390,
#9391,#9392,#9393,#9394,#9395,#9396,#9397,#9398,#9399,#9400,#9401,#9402,
#9403,#9404,#9405,#9406,#9407,#9408,#9409,#9410,#9411,#9412,#9413,#9414,
#9415,#9416,#9417,#9418,#9419,#9420,#9421),.UNSPECIFIED.,.F.,.F.,(4,3,3,
3,3,3,3,3,3,3,3,3,3,3,3,3,4),(0.,0.0204774302467238,0.0413661340527836,
0.0624756914544022,0.0711418041816238,0.0922087656562443,0.113310336994974,
0.133989427272362,0.142263937032631,0.163869332291837,0.184619417690953,
0.205609554947469,0.213362130702801,0.234304325975001,0.249983042994495,
0.270794982175824,0.286604311871451),.UNSPECIFIED.);
#284=B_SPLINE_CURVE_WITH_KNOTS('',3,(#9427,#9428,#9429,#9430,#9431,#9432,
#9433,#9434,#9435,#9436,#9437,#9438,#9439,#9440,#9441,#9442,#9443,#9444,
#9445,#9446,#9447,#9448,#9449,#9450,#9451,#9452,#9453,#9454,#9455,#9456,
#9457,#9458,#9459,#9460,#9461,#9462,#9463,#9464,#9465,#9466,#9467,#9468,
#9469,#9470,#9471,#9472,#9473,#9474,#9475),.UNSPECIFIED.,.F.,.F.,(4,3,3,
3,3,3,3,3,3,3,3,3,3,3,3,3,4),(0.,0.0207168682474824,0.0418515552111403,
0.0632174499967078,0.0722707706255108,0.0935951242976785,0.114958668477241,
0.13590029328098,0.144530633501633,0.166507911045048,0.187516854540347,
0.208764440462807,0.216765024050491,0.237964088796546,0.254010151983315,
0.275073967897537,0.291255776993346),.UNSPECIFIED.);
#285=B_SPLINE_CURVE_WITH_KNOTS('',3,(#9479,#9480,#9481,#9482,#9483,#9484,
#9485,#9486,#9487,#9488,#9489,#9490,#9491,#9492,#9493,#9494,#9495,#9496,
#9497,#9498,#9499,#9500,#9501,#9502,#9503,#9504,#9505,#9506,#9507,#9508,
#9509,#9510,#9511,#9512,#9513,#9514,#9515,#9516,#9517,#9518,#9519,#9520,
#9521,#9522,#9523,#9524,#9525,#9526,#9527),.UNSPECIFIED.,.F.,.F.,(4,3,3,
3,3,3,3,3,3,3,3,3,3,3,3,3,4),(0.,0.0207074780946175,0.041832994599031,0.0631907685777531,
0.0721953137875856,0.0935124476321758,0.114872051410822,0.135813997389388,
0.144399044416221,0.166513281274839,0.187523781275901,0.208776210397951,
0.216625388315068,0.237832424888361,0.253939893307492,0.275012685656051,
0.291251871464151),.UNSPECIFIED.);
#286=B_SPLINE_CURVE_WITH_KNOTS('',3,(#9531,#9532,#9533,#9534,#9535,#9536,
#9537,#9538,#9539,#9540,#9541,#9542,#9543,#9544,#9545,#9546,#9547,#9548,
#9549,#9550,#9551,#9552,#9553,#9554,#9555,#9556,#9557,#9558,#9559,#9560,
#9561,#9562,#9563,#9564,#9565,#9566,#9567,#9568,#9569,#9570,#9571,#9572,
#9573,#9574,#9575,#9576,#9577,#9578,#9579),.UNSPECIFIED.,.F.,.F.,(4,3,3,
3,3,3,3,3,3,3,3,3,3,3,3,3,4),(0.,0.0208492591881425,0.0420133725955662,
0.0631424442307645,0.0720673747720106,0.0932641607737546,0.114259121929635,
0.124550053225818,0.144125099606848,0.165080183380915,0.186339939201469,
0.207577525103628,0.216160001611867,0.237338173680668,0.253250732218472,
0.274152882881204,0.290340851790458),.UNSPECIFIED.);
#287=B_SPLINE_CURVE_WITH_KNOTS('',3,(#9582,#9583,#9584,#9585,#9586,#9587,
#9588,#9589,#9590,#9591,#9592,#9593,#9594,#9595,#9596,#9597,#9598,#9599,
#9600,#9601,#9602,#9603,#9604,#9605,#9606,#9607,#9608,#9609,#9610,#9611,
#9612,#9613,#9614,#9615,#9616,#9617,#9618,#9619,#9620,#9621,#9622,#9623,
#9624,#9625,#9626,#9627,#9628,#9629,#9630),.UNSPECIFIED.,.F.,.F.,(4,3,3,
3,3,3,3,3,3,3,3,3,3,3,3,3,4),(0.,0.0206543225469266,0.0417255217349651,
0.0630288721467752,0.072003657742392,0.093268462156222,0.114576062926816,
0.135468078512795,0.144019550244269,0.165961496274037,0.186920351661038,
0.20812338268385,0.216061075451456,0.2372215091129,0.253197710938205,0.274227890167071,
0.290337229366213),.UNSPECIFIED.);
#288=B_SPLINE_CURVE_WITH_KNOTS('',3,(#9674,#9675,#9676,#9677),
 .UNSPECIFIED.,.F.,.F.,(4,4),(0.,0.0131810537667939),.UNSPECIFIED.);
#289=B_SPLINE_CURVE_WITH_KNOTS('',3,(#9689,#9690,#9691,#9692),
 .UNSPECIFIED.,.F.,.F.,(4,4),(0.,0.000122143909781913),.UNSPECIFIED.);
#290=B_SPLINE_CURVE_WITH_KNOTS('',3,(#9695,#9696,#9697,#9698),
 .UNSPECIFIED.,.F.,.F.,(4,4),(0.209948883383128,0.221166084343836),
 .UNSPECIFIED.);
#291=B_SPLINE_CURVE_WITH_KNOTS('',3,(#9707,#9708,#9709,#9710,#9711,#9712,
#9713),.UNSPECIFIED.,.F.,.F.,(4,3,4),(-0.299972426390181,-0.149958809649653,
-0.0112239660191294),.UNSPECIFIED.);
#292=B_SPLINE_CURVE_WITH_KNOTS('',3,(#9716,#9717,#9718,#9719,#9720,#9721,
#9722),.UNSPECIFIED.,.F.,.F.,(4,3,4),(-0.286781657845302,-0.149941506189763,
0.),.UNSPECIFIED.);
#293=B_SPLINE_CURVE_WITH_KNOTS('',3,(#9742,#9743,#9744,#9745),
 .UNSPECIFIED.,.F.,.F.,(4,4),(-1.57079632679443,-1.09222623342412),
 .UNSPECIFIED.);
#294=B_SPLINE_CURVE_WITH_KNOTS('',3,(#9764,#9765,#9766,#9767,#9768,#9769,
#9770),.UNSPECIFIED.,.F.,.F.,(4,3,4),(0.,0.0211012489424927,0.0256175983496536),
 .UNSPECIFIED.);
#295=B_SPLINE_CURVE_WITH_KNOTS('',3,(#9772,#9773,#9774,#9775),
 .UNSPECIFIED.,.F.,.F.,(4,4),(0.,0.288812045538266),.UNSPECIFIED.);
#296=B_SPLINE_CURVE_WITH_KNOTS('',3,(#9776,#9777,#9778,#9779),
 .UNSPECIFIED.,.F.,.F.,(4,4),(-0.160717524461486,2.4497450566137E-16),
 .UNSPECIFIED.);
#297=B_SPLINE_CURVE_WITH_KNOTS('',3,(#9857,#9858,#9859,#9860),
 .UNSPECIFIED.,.F.,.F.,(4,4),(9.79125447741609,9.79173497170211),
 .UNSPECIFIED.);
#298=B_SPLINE_CURVE_WITH_KNOTS('',3,(#9930,#9931,#9932,#9933,#9934),
 .UNSPECIFIED.,.F.,.F.,(4,1,4),(-3.14159265358979,-2.46839422782039,-1.57079632679452),
 .UNSPECIFIED.);
#299=B_SPLINE_CURVE_WITH_KNOTS('',3,(#9938,#9939,#9940,#9941,#9942),
 .UNSPECIFIED.,.F.,.F.,(4,1,4),(-1.57079632679489,-0.982663012285359,-0.198485259605986),
 .UNSPECIFIED.);
#300=B_SPLINE_CURVE_WITH_KNOTS('',3,(#9944,#9945,#9946,#9947,#9948,#9949,
#9950,#9951,#9952,#9953,#9954,#9955,#9956,#9957,#9958,#9959,#9960,#9961,
#9962,#9963,#9964,#9965,#9966,#9967,#9968,#9969,#9970,#9971,#9972,#9973,
#9974,#9975,#9976,#9977,#9978,#9979,#9980,#9981,#9982,#9983,#9984,#9985,
#9986,#9987,#9988,#9989),.UNSPECIFIED.,.F.,.F.,(4,3,3,3,3,3,3,3,3,3,3,3,
3,3,3,4),(0.,0.0197818523279906,0.0399228167253409,0.0601826751063364,0.067586480917781,
0.0878504344652074,0.108086363953648,0.127851449974882,0.135152473743232,
0.136064298616326,0.155921544599543,0.1760873748787,0.186565220668995,0.206719659412903,
0.226690590888379,0.237975755018733),.UNSPECIFIED.);
#301=B_SPLINE_CURVE_WITH_KNOTS('',3,(#9993,#9994,#9995,#9996,#9997),
 .UNSPECIFIED.,.F.,.F.,(4,1,4),(-1.57079632679485,-0.982663012285327,-0.198485259605962),
 .UNSPECIFIED.);
#302=B_SPLINE_CURVE_WITH_KNOTS('',3,(#9999,#10000,#10001,#10002,#10003,
#10004,#10005,#10006,#10007,#10008,#10009,#10010,#10011,#10012,#10013,#10014,
#10015,#10016,#10017,#10018,#10019,#10020,#10021,#10022,#10023,#10024,#10025,
#10026,#10027,#10028,#10029,#10030,#10031,#10032,#10033,#10034,#10035,#10036,
#10037,#10038,#10039,#10040,#10041,#10042,#10043,#10044),.UNSPECIFIED.,
 .F.,.F.,(4,3,3,3,3,3,3,3,3,3,3,3,3,3,3,4),(0.,0.0197819447217183,0.0399229680497406,
0.0601827838281191,0.0675871659846273,0.0878511298602885,0.108086986957632,
0.127851897962112,0.135153443219784,0.136064307508817,0.155921385912585,
0.17608722751283,0.186565955087491,0.206720384618549,0.226691448463471,
0.237975758832057),.UNSPECIFIED.);
#303=B_SPLINE_CURVE_WITH_KNOTS('',3,(#10048,#10049,#10050,#10051,#10052),
 .UNSPECIFIED.,.F.,.F.,(4,1,4),(-1.57079632679485,-0.89759790102563,0.),
 .UNSPECIFIED.);
#304=B_SPLINE_CURVE_WITH_KNOTS('',3,(#10056,#10057,#10058,#10059,#10060),
 .UNSPECIFIED.,.F.,.F.,(4,1,4),(-3.14159265358979,-2.24399475256413,-1.57079632679488),
 .UNSPECIFIED.);
#305=B_SPLINE_CURVE_WITH_KNOTS('',3,(#10064,#10065,#10066,#10067,#10068),
 .UNSPECIFIED.,.F.,.F.,(4,1,4),(-1.57079632679494,-0.982663012285411,-0.198485259606042),
 .UNSPECIFIED.);
#306=B_SPLINE_CURVE_WITH_KNOTS('',3,(#10070,#10071,#10072,#10073,#10074,
#10075,#10076,#10077,#10078,#10079,#10080,#10081,#10082,#10083,#10084,#10085,
#10086,#10087,#10088,#10089,#10090,#10091,#10092,#10093,#10094,#10095,#10096,
#10097,#10098,#10099,#10100,#10101,#10102,#10103,#10104,#10105,#10106,#10107,
#10108,#10109,#10110,#10111,#10112,#10113,#10114,#10115),.UNSPECIFIED.,
 .F.,.F.,(4,3,3,3,3,3,3,3,3,3,3,3,3,3,3,4),(0.,0.0197822838878781,0.0399235206811599,
0.0601831856362954,0.067586209711935,0.0878501999470957,0.108085811909233,
0.127850148208216,0.135152089944236,0.136064295096077,0.155920828332414,
0.176086711322441,0.186564929926734,0.206719326713545,0.226690884470325,
0.237975753509054),.UNSPECIFIED.);
#307=B_SPLINE_CURVE_WITH_KNOTS('',3,(#10119,#10120,#10121,#10122,#10123),
 .UNSPECIFIED.,.F.,.F.,(4,1,4),(-1.57079632679488,-0.982662888434296,-0.198484970620189),
 .UNSPECIFIED.);
#308=B_SPLINE_CURVE_WITH_KNOTS('',3,(#10125,#10126,#10127,#10128,#10129,
#10130,#10131,#10132,#10133,#10134,#10135,#10136,#10137,#10138,#10139,#10140,
#10141,#10142,#10143,#10144,#10145,#10146,#10147,#10148,#10149,#10150,#10151,
#10152,#10153,#10154,#10155,#10156,#10157,#10158,#10159,#10160,#10161,#10162,
#10163,#10164,#10165,#10166,#10167,#10168,#10169,#10170),.UNSPECIFIED.,
 .F.,.F.,(4,3,3,3,3,3,3,3,3,3,3,3,3,3,3,4),(0.,0.0197821217022724,0.0399232558552376,
0.0601829947592619,0.0675858829042974,0.0878498578817368,0.108085592285754,
0.127850220017642,0.135151627456893,0.136064319432191,0.15592113040873,
0.176086993563898,0.186564604710229,0.206719017574523,0.226690340435673,
0.237975801961567),.UNSPECIFIED.);
#309=B_SPLINE_CURVE_WITH_KNOTS('',3,(#10176,#10177,#10178,#10179,#10180),
 .UNSPECIFIED.,.F.,.F.,(4,1,4),(-1.57079632679475,-0.897597901025573,0.),
 .UNSPECIFIED.);
#310=B_SPLINE_CURVE_WITH_KNOTS('',3,(#10184,#10185,#10186,#10187,#10188),
 .UNSPECIFIED.,.F.,.F.,(4,1,4),(-3.14159265358979,-2.24399475256412,-1.57079632679486),
 .UNSPECIFIED.);
#311=B_SPLINE_CURVE_WITH_KNOTS('',3,(#10192,#10193,#10194,#10195,#10196),
 .UNSPECIFIED.,.F.,.F.,(4,1,4),(-1.57079632679491,-0.897597901025665,0.),
 .UNSPECIFIED.);
#312=B_SPLINE_CURVE_WITH_KNOTS('',3,(#10199,#10200,#10201,#10202,#10203),
 .UNSPECIFIED.,.F.,.F.,(4,1,4),(-3.14159265358979,-2.46839422782054,-1.57079632679488),
 .UNSPECIFIED.);
#313=B_SPLINE_CURVE_WITH_KNOTS('',3,(#10210,#10211,#10212,#10213,#10214),
 .UNSPECIFIED.,.F.,.F.,(4,1,4),(-0.0872664625982246,0.585931963171009,1.48352986419665),
 .UNSPECIFIED.);
#314=B_SPLINE_CURVE_WITH_KNOTS('',3,(#10218,#10219,#10220,#10221,#10222),
 .UNSPECIFIED.,.F.,.F.,(4,1,4),(-1.65806278939331,-0.984864363624282,-0.0872664625989146),
 .UNSPECIFIED.);
#315=B_SPLINE_CURVE_WITH_KNOTS('',3,(#10234,#10235,#10236,#10237,#10238),
 .UNSPECIFIED.,.F.,.F.,(4,1,4),(-0.0872664625984865,0.585931963170785,1.48352986419648),
 .UNSPECIFIED.);
#316=B_SPLINE_CURVE_WITH_KNOTS('',3,(#10242,#10243,#10244,#10245,#10246),
 .UNSPECIFIED.,.F.,.F.,(4,1,4),(-1.65806278939333,-0.760464888367648,-0.0872664625983832),
 .UNSPECIFIED.);
#317=B_SPLINE_CURVE_WITH_KNOTS('',3,(#10258,#10259,#10260,#10261,#10262),
 .UNSPECIFIED.,.F.,.F.,(4,1,4),(-0.261799387798225,0.411399037970975,1.30899693899657),
 .UNSPECIFIED.);
#318=B_SPLINE_CURVE_WITH_KNOTS('',3,(#10266,#10267,#10268,#10269,#10270),
 .UNSPECIFIED.,.F.,.F.,(4,1,4),(-1.83259571459334,-0.934997813567653,-0.26179938779839),
 .UNSPECIFIED.);
#319=B_SPLINE_CURVE_WITH_KNOTS('',3,(#10282,#10283,#10284,#10285,#10286),
 .UNSPECIFIED.,.F.,.F.,(4,1,4),(-0.261799387798101,0.635798513227398,1.30899693899652),
 .UNSPECIFIED.);
#320=B_SPLINE_CURVE_WITH_KNOTS('',3,(#10290,#10291,#10292,#10293,#10294),
 .UNSPECIFIED.,.F.,.F.,(4,1,4),(-1.83259571459324,-1.15939728882383,-0.261799387797958),
 .UNSPECIFIED.);
#321=B_SPLINE_CURVE_WITH_KNOTS('',3,(#10370,#10371,#10372,#10373),
 .UNSPECIFIED.,.F.,.F.,(4,4),(-0.221639384387386,-7.64875473378418E-5),
 .UNSPECIFIED.);
#322=B_SPLINE_CURVE_WITH_KNOTS('',3,(#10374,#10375,#10376,#10377),
 .UNSPECIFIED.,.F.,.F.,(4,4),(-0.00317485660307181,0.22163938438737),
 .UNSPECIFIED.);
#323=B_SPLINE_CURVE_WITH_KNOTS('',3,(#10419,#10420,#10421,#10422),
 .UNSPECIFIED.,.F.,.F.,(4,4),(-0.255269953060883,-7.78333838981006E-5),
 .UNSPECIFIED.);
#324=B_SPLINE_CURVE_WITH_KNOTS('',3,(#10423,#10424,#10425,#10426),
 .UNSPECIFIED.,.F.,.F.,(4,4),(-0.00317249963125599,0.25526995306086),
 .UNSPECIFIED.);
#325=B_SPLINE_CURVE_WITH_KNOTS('',3,(#10448,#10449,#10450,#10451),
 .UNSPECIFIED.,.F.,.F.,(4,4),(-0.225976849774629,-0.0034626180528691),
 .UNSPECIFIED.);
#326=B_SPLINE_CURVE_WITH_KNOTS('',3,(#10452,#10453,#10454,#10455),
 .UNSPECIFIED.,.F.,.F.,(4,4),(0.00671199076464381,0.225976849774612),
 .UNSPECIFIED.);
#327=B_SPLINE_CURVE_WITH_KNOTS('',3,(#10497,#10498,#10499,#10500),
 .UNSPECIFIED.,.F.,.F.,(4,4),(-0.259595018024442,-0.00347366198226117),
 .UNSPECIFIED.);
#328=B_SPLINE_CURVE_WITH_KNOTS('',3,(#10501,#10502,#10503,#10504),
 .UNSPECIFIED.,.F.,.F.,(4,4),(0.00672202742699639,0.259595018024414),
 .UNSPECIFIED.);
#329=B_SPLINE_CURVE_WITH_KNOTS('',3,(#10507,#10508,#10509,#10510),
 .UNSPECIFIED.,.F.,.F.,(4,4),(0.,0.110290974669724),.UNSPECIFIED.);
#330=B_SPLINE_CURVE_WITH_KNOTS('',3,(#10513,#10514,#10515,#10516),
 .UNSPECIFIED.,.F.,.F.,(4,4),(0.,0.143953115217663),.UNSPECIFIED.);
#331=B_SPLINE_CURVE_WITH_KNOTS('',3,(#10519,#10520,#10521,#10522),
 .UNSPECIFIED.,.F.,.F.,(4,4),(0.,0.118986244838681),.UNSPECIFIED.);
#332=B_SPLINE_CURVE_WITH_KNOTS('',3,(#10525,#10526,#10527,#10528),
 .UNSPECIFIED.,.F.,.F.,(4,4),(0.,0.152654580553461),.UNSPECIFIED.);
#333=B_SPLINE_CURVE_WITH_KNOTS('',3,(#10531,#10532,#10533,#10534),
 .UNSPECIFIED.,.F.,.F.,(4,4),(0.,0.151662519358264),.UNSPECIFIED.);
#334=B_SPLINE_CURVE_WITH_KNOTS('',3,(#10537,#10538,#10539,#10540),
 .UNSPECIFIED.,.F.,.F.,(4,4),(0.,0.184994291493974),.UNSPECIFIED.);
#335=B_SPLINE_CURVE_WITH_KNOTS('',3,(#10543,#10544,#10545,#10546),
 .UNSPECIFIED.,.F.,.F.,(4,4),(0.,0.148734473342032),.UNSPECIFIED.);
#336=B_SPLINE_CURVE_WITH_KNOTS('',3,(#10549,#10550,#10551,#10552),
 .UNSPECIFIED.,.F.,.F.,(4,4),(0.,0.182064091974701),.UNSPECIFIED.);
#337=B_SPLINE_CURVE_WITH_KNOTS('',3,(#10592,#10593,#10594,#10595),
 .UNSPECIFIED.,.F.,.F.,(4,4),(0.,0.149683090453077),.UNSPECIFIED.);
#338=B_SPLINE_CURVE_WITH_KNOTS('',3,(#10619,#10620,#10621,#10622),
 .UNSPECIFIED.,.F.,.F.,(4,4),(0.,0.179133894376594),.UNSPECIFIED.);
#339=B_SPLINE_CURVE_WITH_KNOTS('',3,(#10646,#10647,#10648,#10649),
 .UNSPECIFIED.,.F.,.F.,(4,4),(0.,0.127681515007627),.UNSPECIFIED.);
#340=B_SPLINE_CURVE_WITH_KNOTS('',3,(#10672,#10673,#10674,#10675),
 .UNSPECIFIED.,.F.,.F.,(4,4),(0.,0.156831844499446),.UNSPECIFIED.);
#341=B_SPLINE_CURVE_WITH_KNOTS('',3,(#10720,#10721,#10722,#10723),
 .UNSPECIFIED.,.F.,.F.,(4,4),(0.,0.188774045469217),.UNSPECIFIED.);
#342=B_SPLINE_CURVE_WITH_KNOTS('',3,(#10747,#10748,#10749,#10750),
 .UNSPECIFIED.,.F.,.F.,(4,4),(0.,0.15459056729425),.UNSPECIFIED.);
#343=B_SPLINE_CURVE_WITH_KNOTS('',3,(#10773,#10774,#10775,#10776),
 .UNSPECIFIED.,.F.,.F.,(4,4),(0.,0.18403346064351),.UNSPECIFIED.);
#344=B_SPLINE_CURVE_WITH_KNOTS('',3,(#10800,#10801,#10802,#10803),
 .UNSPECIFIED.,.F.,.F.,(4,4),(0.,0.135251649881854),.UNSPECIFIED.);
#345=B_SPLINE_CURVE_WITH_KNOTS('',3,(#10826,#10827,#10828,#10829),
 .UNSPECIFIED.,.F.,.F.,(4,4),(0.,0.106103464293026),.UNSPECIFIED.);
#346=B_SPLINE_CURVE_WITH_KNOTS('',3,(#10853,#10854,#10855,#10856),
 .UNSPECIFIED.,.F.,.F.,(4,4),(0.,0.192299666050963),.UNSPECIFIED.);
#347=B_SPLINE_CURVE_WITH_KNOTS('',3,(#10897,#10898,#10899,#10900),
 .UNSPECIFIED.,.F.,.F.,(4,4),(0.,0.285249543179953),.UNSPECIFIED.);
#348=B_SPLINE_CURVE_WITH_KNOTS('',3,(#10925,#10926,#10927,#10928),
 .UNSPECIFIED.,.F.,.F.,(4,4),(0.,0.229748480183502),.UNSPECIFIED.);
#349=B_SPLINE_CURVE_WITH_KNOTS('',3,(#10951,#10952,#10953,#10954),
 .UNSPECIFIED.,.F.,.F.,(4,4),(0.,0.226209058148599),.UNSPECIFIED.);
#350=B_SPLINE_CURVE_WITH_KNOTS('',3,(#10977,#10978,#10979,#10980),
 .UNSPECIFIED.,.F.,.F.,(4,4),(0.,0.25548253707456),.UNSPECIFIED.);
#351=B_SPLINE_CURVE_WITH_KNOTS('',3,(#11003,#11004,#11005,#11006),
 .UNSPECIFIED.,.F.,.F.,(4,4),(0.,0.259034060954945),.UNSPECIFIED.);
#352=B_SPLINE_CURVE_WITH_KNOTS('',3,(#11383,#11384,#11385,#11386,#11387,
#11388,#11389,#11390,#11391,#11392,#11393,#11394),.UNSPECIFIED.,.F.,.F.,
(4,2,2,2,2,4),(0.,0.0402955817714355,0.0734186033219429,0.102291501119793,
0.11735573317247,0.132424195434801),.UNSPECIFIED.);
#353=B_SPLINE_CURVE_WITH_KNOTS('',3,(#11411,#11412,#11413,#11414,#11415,
#11416,#11417,#11418,#11419,#11420,#11421,#11422),.UNSPECIFIED.,.F.,.F.,
(4,2,2,2,2,4),(0.,0.0201040472488931,0.0402085572883012,0.0785968883530207,
0.122667825697773,0.176226819367168),.UNSPECIFIED.);
#354=B_SPLINE_CURVE_WITH_KNOTS('',3,(#11637,#11638,#11639,#11640,#11641,
#11642,#11643,#11644,#11645,#11646,#11647,#11648,#11649,#11650,#11651,#11652,
#11653,#11654,#11655,#11656,#11657,#11658,#11659,#11660,#11661,#11662,#11663,
#11664,#11665,#11666,#11667,#11668,#11669,#11670,#11671,#11672,#11673,#11674,
#11675,#11676,#11677,#11678,#11679,#11680,#11681,#11682,#11683,#11684,#11685,
#11686,#11687,#11688,#11689,#11690,#11691),.UNSPECIFIED.,.F.,.F.,(4,3,3,
3,3,3,3,3,3,3,3,3,3,3,3,3,3,3,4),(-1.57079630169613,-1.47873292660704,-1.38670527577227,
-1.29469330955538,-1.20267700624058,-1.11059910122181,-1.01848579010742,
-0.926276877823435,-0.897259020469354,-0.802300693764743,-0.707415609749351,
-0.61259853582252,-0.517826363529821,-0.423087825224689,-0.328371680312184,
-0.233651174224034,-0.138934880419209,-0.0441910757995051,0.000790691699908116),
 .UNSPECIFIED.);
#355=B_SPLINE_CURVE_WITH_KNOTS('',3,(#11727,#11728,#11729,#11730,#11731,
#11732,#11733,#11734,#11735,#11736,#11737,#11738,#11739,#11740,#11741,#11742,
#11743,#11744,#11745,#11746,#11747,#11748,#11749,#11750,#11751,#11752,#11753,
#11754,#11755,#11756,#11757,#11758,#11759,#11760,#11761,#11762,#11763,#11764,
#11765,#11766,#11767,#11768,#11769,#11770,#11771,#11772,#11773,#11774,#11775,
#11776,#11777,#11778,#11779,#11780,#11781),.UNSPECIFIED.,.F.,.F.,(4,3,3,
3,3,3,3,3,3,3,3,3,3,3,3,3,3,3,4),(-5.32777103069332E-16,0.0921538741554583,
0.184272334670514,0.276375226614062,0.368482377262928,0.460650386618886,
0.552853392223522,0.645150626745401,0.673248450515386,0.768254922458169,
0.863189746978712,0.958058335770237,1.05288290641132,1.14767448840643,1.24244408513589,
1.33721804470257,1.43198770201191,1.5267841092426,1.57091305776329),
 .UNSPECIFIED.);
#356=B_SPLINE_CURVE_WITH_KNOTS('',3,(#11814,#11815,#11816,#11817,#11818,
#11819,#11820,#11821,#11822,#11823,#11824,#11825,#11826,#11827,#11828,#11829,
#11830,#11831,#11832,#11833,#11834,#11835,#11836,#11837,#11838,#11839,#11840,
#11841),.UNSPECIFIED.,.F.,.F.,(4,3,3,3,3,3,3,3,3,4),(-0.0629111042936123,
-0.0539149189274166,-0.0487316373557318,-0.0408388871472095,-0.0330989479404891,
-0.0254642058928252,-0.0179168315923194,-0.0103994639374602,-0.00288973003125488,
-1.53344351105922E-13),.UNSPECIFIED.);
#357=B_SPLINE_CURVE_WITH_KNOTS('',3,(#11842,#11843,#11844,#11845,#11846,
#11847),.UNSPECIFIED.,.F.,.F.,(4,2,4),(-0.0365010624982993,-0.0182504493818222,
0.),.UNSPECIFIED.);
#358=B_SPLINE_CURVE_WITH_KNOTS('',3,(#11851,#11852,#11853,#11854,#11855,
#11856,#11857,#11858,#11859,#11860,#11861,#11862,#11863,#11864,#11865,#11866,
#11867,#11868,#11869,#11870,#11871,#11872,#11873,#11874,#11875,#11876,#11877,
#11878),.UNSPECIFIED.,.F.,.F.,(4,3,3,3,3,3,3,3,3,4),(-1.58352210730479E-13,
0.00751073464342142,0.0150269031530001,0.0225712486712898,0.0302125248266112,
0.0379357025775226,0.0458449352600447,0.0487316373557383,0.0577278221343988,
0.0629111042936306),.UNSPECIFIED.);
#359=B_SPLINE_CURVE_WITH_KNOTS('',3,(#11884,#11885,#11886,#11887,#11888,
#11889),.UNSPECIFIED.,.F.,.F.,(4,2,4),(-0.0365004976295324,-0.0182503306802734,
0.),.UNSPECIFIED.);
#360=B_SPLINE_CURVE_WITH_KNOTS('',3,(#11898,#11899,#11900,#11901,#11902,
#11903),.UNSPECIFIED.,.F.,.F.,(4,2,4),(-0.0303911633978214,-0.0151298610095408,
0.),.UNSPECIFIED.);
#361=B_SPLINE_CURVE_WITH_KNOTS('',3,(#11904,#11905,#11906,#11907,#11908,
#11909),.UNSPECIFIED.,.F.,.F.,(4,2,4),(-0.0830705833667662,-0.0415340560320497,
0.),.UNSPECIFIED.);
#362=B_SPLINE_CURVE_WITH_KNOTS('',3,(#11918,#11919,#11920,#11921,#11922,
#11923),.UNSPECIFIED.,.F.,.F.,(4,2,4),(-0.0304092927973916,-0.0152704062926615,
0.),.UNSPECIFIED.);
#363=B_SPLINE_CURVE_WITH_KNOTS('',3,(#11927,#11928,#11929,#11930,#11931,
#11932),.UNSPECIFIED.,.F.,.F.,(4,2,4),(-0.0830622606085229,-0.0415323658317583,
0.),.UNSPECIFIED.);
#364=B_SPLINE_CURVE_WITH_KNOTS('',3,(#11959,#11960,#11961,#11962,#11963,
#11964,#11965,#11966,#11967,#11968,#11969,#11970,#11971,#11972,#11973,#11974,
#11975,#11976,#11977,#11978,#11979,#11980,#11981,#11982,#11983,#11984,#11985,
#11986,#11987,#11988,#11989,#11990,#11991,#11992,#11993,#11994,#11995,#11996,
#11997,#11998,#11999,#12000,#12001),.UNSPECIFIED.,.F.,.F.,(4,3,3,3,3,3,
3,3,3,3,3,3,3,3,4),(-1.57079632880379,-1.47716820367782,-1.38356097430293,
-1.28993367977705,-1.19630097150744,-1.10260965491952,-1.03371336070524,
-0.938215067898162,-0.842754102460914,-0.747322525484202,-0.651912415721763,
-0.556503551238818,-0.461104527506726,-0.365691498153824,-0.317596682603638),
 .UNSPECIFIED.);
#365=B_SPLINE_CURVE_WITH_KNOTS('',3,(#12013,#12014,#12015,#12016,#12017,
#12018,#12019,#12020,#12021,#12022,#12023,#12024,#12025,#12026,#12027,#12028,
#12029,#12030,#12031,#12032,#12033,#12034,#12035,#12036,#12037,#12038,#12039,
#12040),.UNSPECIFIED.,.F.,.F.,(4,3,3,3,3,3,3,3,3,4),(0.174327085016832,
0.335446455704079,0.496495265734115,0.657711714047397,0.772813893515733,
0.937834284890292,1.10276519542448,1.26759242232454,1.43246070580567,1.57079620852222),
 .UNSPECIFIED.);
#366=B_SPLINE_CURVE_WITH_KNOTS('',3,(#12051,#12052,#12053,#12054,#12055,
#12056,#12057,#12058,#12059,#12060,#12061,#12062,#12063,#12064,#12065,#12066,
#12067,#12068,#12069,#12070,#12071,#12072,#12073,#12074,#12075,#12076,#12077,
#12078,#12079,#12080),.UNSPECIFIED.,.F.,.F.,(4,2,2,2,2,2,2,2,2,2,2,2,2,
2,4),(-0.000726782606506376,0.,0.0130683985555094,0.0265260001186906,0.0391488255565238,
0.0525956869569627,0.0659304891276793,0.0782144153347433,0.0890156463907459,
0.102259510935955,0.1156549022164,0.117278230068527,0.130653365232129,0.143906761420034,
0.156341178408264),.UNSPECIFIED.);
#367=B_SPLINE_CURVE_WITH_KNOTS('',3,(#12100,#12101,#12102,#12103,#12104,
#12105,#12106,#12107,#12108,#12109,#12110,#12111,#12112,#12113),
 .UNSPECIFIED.,.F.,.F.,(4,2,2,2,2,2,4),(-0.31580589127068,-0.315099619131504,
-0.275514848991699,-0.235931343653553,-0.196609920785565,-0.157755996218045,
-0.157503352243185),.UNSPECIFIED.);
#368=B_SPLINE_CURVE_WITH_KNOTS('',3,(#12252,#12253,#12254,#12255,#12256,
#12257,#12258,#12259,#12260,#12261,#12262,#12263,#12264,#12265),
 .UNSPECIFIED.,.F.,.F.,(4,2,2,2,2,2,4),(-0.157502582951328,-0.118921780124264,
-0.0800403461603344,-0.0406481908478564,-0.0203276054310297,0.,0.000706303551787398),
 .UNSPECIFIED.);
#369=B_SPLINE_CURVE_WITH_KNOTS('',3,(#12310,#12311,#12312,#12313,#12314,
#12315,#12316,#12317,#12318,#12319,#12320,#12321,#12322,#12323,#12324,#12325,
#12326,#12327,#12328,#12329,#12330,#12331,#12332,#12333,#12334,#12335,#12336,
#12337),.UNSPECIFIED.,.F.,.F.,(4,2,2,2,2,2,2,2,2,2,2,2,2,4),(-0.157676171018259,
-0.1443830660323,-0.137420928504598,-0.124042227905895,-0.117167087158055,
-0.103644812228633,-0.0901225372992119,-0.0780796954903093,-0.0648065704794499,
-0.0513343782559084,-0.0390302129789046,-0.0255590063085872,-0.0124016715780525,
0.),.UNSPECIFIED.);
#370=B_SPLINE_CURVE_WITH_KNOTS('',3,(#12391,#12392,#12393,#12394,#12395,
#12396,#12397,#12398),.UNSPECIFIED.,.F.,.F.,(4,2,2,4),(1.52608663812538E-7,
0.428571507283405,0.934596880405832,0.999962759779016),.UNSPECIFIED.);
#371=B_SPLINE_CURVE_WITH_KNOTS('',3,(#12508,#12509,#12510,#12511,#12512,
#12513,#12514,#12515,#12516,#12517,#12518,#12519,#12520,#12521,#12522,#12523,
#12524,#12525,#12526,#12527,#12528,#12529,#12530,#12531,#12532,#12533),
 .UNSPECIFIED.,.F.,.F.,(4,2,2,2,2,2,2,2,2,2,2,2,4),(0.,0.133018976191795,
0.26603281674006,0.399041981976232,0.532046932060679,0.665088701143185,
0.79811727780478,0.931134505671242,1.06414222669157,1.19717943201517,1.33019331353618,
1.46322199400653,1.55226977843748),.UNSPECIFIED.);
#372=B_SPLINE_CURVE_WITH_KNOTS('',3,(#12563,#12564,#12565,#12566),
 .UNSPECIFIED.,.F.,.F.,(4,4),(0.562536244543211,0.927295218000269),
 .UNSPECIFIED.);
#373=B_SPLINE_CURVE_WITH_KNOTS('',3,(#12597,#12598,#12599,#12600),
 .UNSPECIFIED.,.F.,.F.,(4,4),(-0.927295218002956,-0.56253624454448),
 .UNSPECIFIED.);
#374=B_SPLINE_CURVE_WITH_KNOTS('',3,(#12627,#12628,#12629,#12630,#12631,
#12632,#12633,#12634),.UNSPECIFIED.,.F.,.F.,(4,2,2,4),(0.,0.0305491288113493,
0.0391464230987073,0.072851674800312),.UNSPECIFIED.);
#375=B_SPLINE_CURVE_WITH_KNOTS('',3,(#12665,#12666,#12667,#12668,#12669,
#12670,#12671,#12672),.UNSPECIFIED.,.F.,.F.,(4,2,2,4),(0.,0.0474701268462121,
0.0595784669257192,0.102603540381634),.UNSPECIFIED.);
#376=B_SPLINE_CURVE_WITH_KNOTS('',3,(#12686,#12687,#12688,#12689,#12690,
#12691),.UNSPECIFIED.,.F.,.F.,(4,1,1,4),(-0.285066894970597,-0.228053515976478,
-0.171040136982358,-0.00046518714784128),.UNSPECIFIED.);
#377=B_SPLINE_CURVE_WITH_KNOTS('',3,(#12697,#12698,#12699,#12700,#12701,
#12702),.UNSPECIFIED.,.F.,.F.,(4,2,4),(0.,0.0549729445097539,0.112221418075636),
 .UNSPECIFIED.);
#378=B_SPLINE_CURVE_WITH_KNOTS('',3,(#12704,#12705,#12706,#12707,#12708,
#12709),.UNSPECIFIED.,.F.,.F.,(4,2,4),(0.,0.0197287328155712,0.039946059077605),
 .UNSPECIFIED.);
#379=B_SPLINE_CURVE_WITH_KNOTS('',3,(#12713,#12714,#12715,#12716,#12717,
#12718),.UNSPECIFIED.,.F.,.F.,(4,2,4),(0.,0.0202174168902732,0.0399462381438865),
 .UNSPECIFIED.);
#380=B_SPLINE_CURVE_WITH_KNOTS('',3,(#12720,#12721,#12722,#12723,#12724,
#12725),.UNSPECIFIED.,.F.,.F.,(4,2,4),(0.,0.0528773258061978,0.103652868219547),
 .UNSPECIFIED.);
#381=B_SPLINE_CURVE_WITH_KNOTS('',3,(#12728,#12729,#12730,#12731,#12732,
#12733),.UNSPECIFIED.,.F.,.F.,(4,2,4),(-0.00046518714784128,0.,0.00084507071227115),
 .UNSPECIFIED.);
#382=B_SPLINE_CURVE_WITH_KNOTS('',3,(#12935,#12936,#12937,#12938,#12939,
#12940,#12941,#12942,#12943,#12944),.UNSPECIFIED.,.F.,.F.,(4,3,3,4),(0.,
0.0170245663207854,0.034189407938136,0.0386425281934932),.UNSPECIFIED.);
#383=B_SPLINE_CURVE_WITH_KNOTS('',3,(#12946,#12947,#12948,#12949,#12950,
#12951,#12952,#12953),.UNSPECIFIED.,.F.,.F.,(4,1,1,2,4),(0.035340348882972,
0.149364026779565,0.206375865727861,0.320399543624454,0.321244612133685),
 .UNSPECIFIED.);
#384=B_SPLINE_CURVE_WITH_KNOTS('',3,(#12962,#12963,#12964,#12965,#12966,
#12967),.UNSPECIFIED.,.F.,.F.,(4,2,4),(-0.00084507071227115,0.,0.000459964871349557),
 .UNSPECIFIED.);
#385=B_SPLINE_CURVE_WITH_KNOTS('',3,(#12969,#12970,#12971,#12972,#12973,
#12974,#12975,#12976,#12977,#12978),.UNSPECIFIED.,.F.,.F.,(4,3,3,4),(0.,
0.017331029353173,0.0345037561824707,0.0386205055279554),.UNSPECIFIED.);
#386=B_SPLINE_CURVE_WITH_KNOTS('',3,(#12979,#12980,#12981,#12982,#12983,
#12984),.UNSPECIFIED.,.F.,.F.,(4,1,1,4),(0.000459964871349557,0.171040136982358,
0.228053515976478,0.285066894970597),.UNSPECIFIED.);
#387=B_SPLINE_CURVE_WITH_KNOTS('',3,(#12987,#12988,#12989,#12990,#12991,
#12992,#12993,#12994),.UNSPECIFIED.,.F.,.F.,(4,2,1,1,4),(-0.321244612133685,
-0.320399543624454,-0.206375865727861,-0.149364026779565,-0.035340348882972),
 .UNSPECIFIED.);
#388=CIRCLE('',#6195,1.95);
#389=CIRCLE('',#6196,2.30000000000002);
#390=CIRCLE('',#6197,2.4000742494232);
#391=CIRCLE('',#6198,2.40000901480474);
#392=CIRCLE('',#6199,55.8000000000023);
#393=CIRCLE('',#6200,119.57670936989);
#394=CIRCLE('',#6201,119.57670936989);
#395=CIRCLE('',#6202,233.2);
#396=CIRCLE('',#6203,234.2);
#397=CIRCLE('',#6204,2.39994900559742);
#398=CIRCLE('',#6205,1.59934536782406);
#399=CIRCLE('',#6206,2.40594381079582);
#400=CIRCLE('',#6207,1.600112197071);
#401=CIRCLE('',#6208,2.40016529247543);
#402=CIRCLE('',#6209,1.599907588047);
#403=CIRCLE('',#6210,2.3999771577706);
#404=CIRCLE('',#6211,2.40005486468514);
#405=CIRCLE('',#6212,2.40000442636833);
#406=CIRCLE('',#6213,1.95000000000001);
#407=CIRCLE('',#6215,1.79965563634996);
#408=CIRCLE('',#6216,1.7996556363493);
#409=CIRCLE('',#6217,1.7996556363499);
#410=CIRCLE('',#6218,1.79965563634841);
#411=CIRCLE('',#6219,2.05);
#412=CIRCLE('',#6220,2.05);
#413=CIRCLE('',#6221,1.79965563634924);
#414=CIRCLE('',#6222,1.79965563634994);
#415=CIRCLE('',#6223,1.79965563634901);
#416=CIRCLE('',#6224,1.79965563634982);
#417=CIRCLE('',#6225,1.95);
#418=CIRCLE('',#6226,1.95000000000001);
#419=CIRCLE('',#6233,1.95000000000001);
#420=CIRCLE('',#6234,1.95);
#421=CIRCLE('',#6236,1.95000000000001);
#422=CIRCLE('',#6237,1.95000000000001);
#423=CIRCLE('',#6238,1.95000000000001);
#424=CIRCLE('',#6239,1.95000000000001);
#425=CIRCLE('',#6271,2.15);
#426=CIRCLE('',#6272,2.15000000000001);
#427=CIRCLE('',#6273,2.33303027798235);
#428=CIRCLE('',#6274,2.33303027798238);
#429=CIRCLE('',#6275,2.33303027798232);
#430=CIRCLE('',#6291,1.7996556363499);
#431=CIRCLE('',#6294,1.79965563634841);
#432=CIRCLE('',#6297,1.79965563634996);
#433=CIRCLE('',#6300,1.7996556363493);
#434=CIRCLE('',#6328,1.95);
#435=CIRCLE('',#6330,1.95);
#436=CIRCLE('',#6334,1.99999999999999);
#437=CIRCLE('',#6336,1.99999999999999);
#438=CIRCLE('',#6339,1.);
#439=CIRCLE('',#6340,3.59997715777061);
#440=CIRCLE('',#6341,3.60005486468514);
#441=CIRCLE('',#6342,0.5);
#442=CIRCLE('',#6343,3.60000442636833);
#443=CIRCLE('',#6344,0.5);
#444=CIRCLE('',#6345,3.60002240575253);
#445=CIRCLE('',#6346,1.10000000000001);
#446=CIRCLE('',#6347,3.60007424892679);
#447=CIRCLE('',#6348,3.60000901479462);
#448=CIRCLE('',#6349,54.6);
#449=CIRCLE('',#6350,118.37670936989);
#450=CIRCLE('',#6351,235.4);
#451=CIRCLE('',#6352,3.59994900559742);
#452=CIRCLE('',#6353,0.799345367824064);
#453=CIRCLE('',#6354,3.60594381079582);
#454=CIRCLE('',#6355,0.400112197070999);
#455=CIRCLE('',#6356,3.60016529247543);
#456=CIRCLE('',#6357,0.399907588046995);
#457=CIRCLE('',#6358,2.40000442637018);
#458=CIRCLE('',#6359,2.40005486489052);
#459=CIRCLE('',#6360,2.39997715779417);
#460=CIRCLE('',#6361,1.599907588047);
#461=CIRCLE('',#6362,2.40016529392319);
#462=CIRCLE('',#6363,1.600112197071);
#463=CIRCLE('',#6364,2.40594381079582);
#464=CIRCLE('',#6365,1.59934536782406);
#465=CIRCLE('',#6366,2.3999490173726);
#466=CIRCLE('',#6367,234.199999999994);
#467=CIRCLE('',#6368,119.57670936989);
#468=CIRCLE('',#6369,55.8);
#469=CIRCLE('',#6370,2.40000901479789);
#470=CIRCLE('',#6371,2.40007424942434);
#471=CIRCLE('',#6372,2.30000000000001);
#472=CIRCLE('',#6373,2.40002240579672);
#473=CIRCLE('',#6375,1.53499999999999);
#474=CIRCLE('',#6376,2.03500000000105);
#475=CIRCLE('',#6379,2.03499999999896);
#476=CIRCLE('',#6380,1.53500000000001);
#477=CIRCLE('',#6382,119.57670936989);
#478=CIRCLE('',#6383,234.2);
#479=CIRCLE('',#6384,235.4);
#480=CIRCLE('',#6385,118.37670936989);
#481=CIRCLE('',#6387,1.2);
#482=CIRCLE('',#6388,1.70000000000075);
#483=CIRCLE('',#6391,1.69999999999924);
#484=CIRCLE('',#6392,1.19999999999999);
#485=CIRCLE('',#6398,0.8115);
#486=CIRCLE('',#6399,0.8115);
#487=CIRCLE('',#6402,0.8115);
#488=CIRCLE('',#6403,0.8115);
#489=CIRCLE('',#6406,0.8115);
#490=CIRCLE('',#6407,0.8115);
#491=CIRCLE('',#6410,0.8115);
#492=CIRCLE('',#6411,0.8115);
#493=CIRCLE('',#6414,2.05);
#494=CIRCLE('',#6417,2.05);
#495=CIRCLE('',#6420,2.15);
#496=CIRCLE('',#6428,2.15000000000001);
#497=CIRCLE('',#6432,1.99999999999998);
#498=CIRCLE('',#6436,1.99999999999998);
#499=CIRCLE('',#6440,233.2);
#500=CIRCLE('',#6446,119.420873599828);
#501=CIRCLE('',#6450,0.8115);
#502=CIRCLE('',#6451,0.8115);
#503=CIRCLE('',#6457,0.8115);
#504=CIRCLE('',#6458,0.8115);
#505=CIRCLE('',#6461,1.95000000000001);
#506=CIRCLE('',#6472,2.40002240575253);
#507=CIRCLE('',#6476,1.79965563634901);
#508=CIRCLE('',#6481,1.53499999999999);
#509=CIRCLE('',#6482,1.53499999999999);
#510=CIRCLE('',#6484,1.95);
#511=CIRCLE('',#6502,1.2);
#512=CIRCLE('',#6503,1.2);
#513=CIRCLE('',#6505,1.53500000000001);
#514=CIRCLE('',#6506,1.53500000000001);
#515=CIRCLE('',#6510,54.5999999999997);
#516=CIRCLE('',#6517,1.09999999999994);
#517=CIRCLE('',#6520,3.60007424876083);
#518=CIRCLE('',#6523,3.60000901479337);
#519=CIRCLE('',#6529,0.799778956571136);
#520=CIRCLE('',#6535,0.999999999999996);
#521=CIRCLE('',#6536,0.999999999999996);
#522=CIRCLE('',#6538,0.999999999999996);
#523=CIRCLE('',#6539,0.999999999999996);
#524=CIRCLE('',#6541,1.53499999999998);
#525=CIRCLE('',#6542,1.53499999999998);
#526=CIRCLE('',#6545,1.53499999999999);
#527=CIRCLE('',#6546,1.53499999999999);
#528=CIRCLE('',#6559,0.999999999999999);
#529=CIRCLE('',#6564,0.999999998321119);
#530=CIRCLE('',#6565,1.);
#531=CIRCLE('',#6567,1.);
#532=CIRCLE('',#6568,55.5999999999997);
#533=CIRCLE('',#6570,1.);
#534=CIRCLE('',#6572,1.);
#535=CIRCLE('',#6573,2.60000901479337);
#536=CIRCLE('',#6575,1.);
#537=CIRCLE('',#6577,1.);
#538=CIRCLE('',#6578,2.60007424876083);
#539=CIRCLE('',#6580,0.999999999999996);
#540=CIRCLE('',#6582,0.999999999999995);
#541=CIRCLE('',#6583,0.999999999999994);
#542=CIRCLE('',#6584,0.999999999999988);
#543=CIRCLE('',#6586,0.999999999999999);
#544=CIRCLE('',#6587,0.999999999999986);
#545=CIRCLE('',#6588,0.999999999999988);
#546=CIRCLE('',#6592,2.09999999999994);
#547=CIRCLE('',#6593,0.999999999999971);
#548=CIRCLE('',#6596,0.999999999999979);
#549=CIRCLE('',#6597,0.999999999989244);
#550=CIRCLE('',#6598,1.);
#551=CIRCLE('',#6600,1.);
#552=CIRCLE('',#6601,0.999999999999992);
#553=CIRCLE('',#6603,0.999999999999999);
#554=CIRCLE('',#6604,1.00000000229638);
#555=CIRCLE('',#6606,0.99999999995702);
#556=CIRCLE('',#6607,1.00000000000001);
#557=CIRCLE('',#6609,0.999999999999998);
#558=CIRCLE('',#6610,1.00000000184235);
#559=CIRCLE('',#6614,1.19999999999999);
#560=CIRCLE('',#6615,1.19999999999999);
#561=CIRCLE('',#6618,1.70000000000159);
#562=CIRCLE('',#6621,1.50000000000151);
#563=CIRCLE('',#6624,1.49999999999849);
#564=CIRCLE('',#6627,1.6999999999984);
#565=CIRCLE('',#6630,2.03499999999832);
#566=CIRCLE('',#6631,2.03499999999867);
#567=CIRCLE('',#6632,2.03500000000131);
#568=CIRCLE('',#6633,2.03500000000165);
#569=CIRCLE('',#6647,1.79965563634982);
#570=CIRCLE('',#6661,3.60002240573778);
#571=CIRCLE('',#6662,3.1999999999878);
#572=CIRCLE('',#6663,3.2);
#573=CIRCLE('',#6664,0.400022405737781);
#574=CIRCLE('',#6666,2.42);
#575=CIRCLE('',#6668,2.42);
#576=CIRCLE('',#6670,3.2);
#577=CIRCLE('',#6671,3.2);
#578=CIRCLE('',#6673,3.2);
#579=CIRCLE('',#6675,2.42);
#580=CIRCLE('',#6677,3.2);
#581=CIRCLE('',#6679,0.78);
#582=CIRCLE('',#6681,0.78);
#583=CIRCLE('',#6683,0.78);
#584=CIRCLE('',#6685,0.78);
#585=CIRCLE('',#6688,0.599999999999999);
#586=CIRCLE('',#6690,0.600000000000005);
#587=CIRCLE('',#6691,0.6);
#588=CIRCLE('',#6693,0.599999999999998);
#589=CIRCLE('',#6695,0.599999999999987);
#590=CIRCLE('',#6696,3.8);
#591=CIRCLE('',#6697,0.600000000000005);
#592=CIRCLE('',#6701,2.33303027798234);
#593=CIRCLE('',#6703,2.33303027798234);
#594=CIRCLE('',#6706,2.33303027798234);
#595=CIRCLE('',#6712,118.421167811191);
#596=FACE_OUTER_BOUND('',#930,.T.);
#597=FACE_OUTER_BOUND('',#931,.T.);
#598=FACE_OUTER_BOUND('',#932,.T.);
#599=FACE_OUTER_BOUND('',#942,.T.);
#600=FACE_OUTER_BOUND('',#943,.T.);
#601=FACE_OUTER_BOUND('',#944,.T.);
#602=FACE_OUTER_BOUND('',#945,.T.);
#603=FACE_OUTER_BOUND('',#946,.T.);
#604=FACE_OUTER_BOUND('',#947,.T.);
#605=FACE_OUTER_BOUND('',#948,.T.);
#606=FACE_OUTER_BOUND('',#949,.T.);
#607=FACE_OUTER_BOUND('',#950,.T.);
#608=FACE_OUTER_BOUND('',#951,.T.);
#609=FACE_OUTER_BOUND('',#952,.T.);
#610=FACE_OUTER_BOUND('',#953,.T.);
#611=FACE_OUTER_BOUND('',#954,.T.);
#612=FACE_OUTER_BOUND('',#959,.T.);
#613=FACE_OUTER_BOUND('',#960,.T.);
#614=FACE_OUTER_BOUND('',#961,.T.);
#615=FACE_OUTER_BOUND('',#962,.T.);
#616=FACE_OUTER_BOUND('',#964,.T.);
#617=FACE_OUTER_BOUND('',#965,.T.);
#618=FACE_OUTER_BOUND('',#966,.T.);
#619=FACE_OUTER_BOUND('',#967,.T.);
#620=FACE_OUTER_BOUND('',#968,.T.);
#621=FACE_OUTER_BOUND('',#969,.T.);
#622=FACE_OUTER_BOUND('',#970,.T.);
#623=FACE_OUTER_BOUND('',#971,.T.);
#624=FACE_OUTER_BOUND('',#972,.T.);
#625=FACE_OUTER_BOUND('',#973,.T.);
#626=FACE_OUTER_BOUND('',#974,.T.);
#627=FACE_OUTER_BOUND('',#975,.T.);
#628=FACE_OUTER_BOUND('',#976,.T.);
#629=FACE_OUTER_BOUND('',#977,.T.);
#630=FACE_OUTER_BOUND('',#978,.T.);
#631=FACE_OUTER_BOUND('',#979,.T.);
#632=FACE_OUTER_BOUND('',#980,.T.);
#633=FACE_OUTER_BOUND('',#981,.T.);
#634=FACE_OUTER_BOUND('',#982,.T.);
#635=FACE_OUTER_BOUND('',#983,.T.);
#636=FACE_OUTER_BOUND('',#984,.T.);
#637=FACE_OUTER_BOUND('',#985,.T.);
#638=FACE_OUTER_BOUND('',#986,.T.);
#639=FACE_OUTER_BOUND('',#987,.T.);
#640=FACE_OUTER_BOUND('',#988,.T.);
#641=FACE_OUTER_BOUND('',#989,.T.);
#642=FACE_OUTER_BOUND('',#990,.T.);
#643=FACE_OUTER_BOUND('',#991,.T.);
#644=FACE_OUTER_BOUND('',#992,.T.);
#645=FACE_OUTER_BOUND('',#993,.T.);
#646=FACE_OUTER_BOUND('',#994,.T.);
#647=FACE_OUTER_BOUND('',#995,.T.);
#648=FACE_OUTER_BOUND('',#996,.T.);
#649=FACE_OUTER_BOUND('',#997,.T.);
#650=FACE_OUTER_BOUND('',#998,.T.);
#651=FACE_OUTER_BOUND('',#999,.T.);
#652=FACE_OUTER_BOUND('',#1000,.T.);
#653=FACE_OUTER_BOUND('',#1001,.T.);
#654=FACE_OUTER_BOUND('',#1002,.T.);
#655=FACE_OUTER_BOUND('',#1003,.T.);
#656=FACE_OUTER_BOUND('',#1004,.T.);
#657=FACE_OUTER_BOUND('',#1005,.T.);
#658=FACE_OUTER_BOUND('',#1006,.T.);
#659=FACE_OUTER_BOUND('',#1007,.T.);
#660=FACE_OUTER_BOUND('',#1008,.T.);
#661=FACE_OUTER_BOUND('',#1009,.T.);
#662=FACE_OUTER_BOUND('',#1010,.T.);
#663=FACE_OUTER_BOUND('',#1011,.T.);
#664=FACE_OUTER_BOUND('',#1012,.T.);
#665=FACE_OUTER_BOUND('',#1013,.T.);
#666=FACE_OUTER_BOUND('',#1014,.T.);
#667=FACE_OUTER_BOUND('',#1015,.T.);
#668=FACE_OUTER_BOUND('',#1016,.T.);
#669=FACE_OUTER_BOUND('',#1017,.T.);
#670=FACE_OUTER_BOUND('',#1018,.T.);
#671=FACE_OUTER_BOUND('',#1019,.T.);
#672=FACE_OUTER_BOUND('',#1020,.T.);
#673=FACE_OUTER_BOUND('',#1021,.T.);
#674=FACE_OUTER_BOUND('',#1022,.T.);
#675=FACE_OUTER_BOUND('',#1023,.T.);
#676=FACE_OUTER_BOUND('',#1024,.T.);
#677=FACE_OUTER_BOUND('',#1025,.T.);
#678=FACE_OUTER_BOUND('',#1026,.T.);
#679=FACE_OUTER_BOUND('',#1027,.T.);
#680=FACE_OUTER_BOUND('',#1028,.T.);
#681=FACE_OUTER_BOUND('',#1029,.T.);
#682=FACE_OUTER_BOUND('',#1030,.T.);
#683=FACE_OUTER_BOUND('',#1031,.T.);
#684=FACE_OUTER_BOUND('',#1032,.T.);
#685=FACE_OUTER_BOUND('',#1033,.T.);
#686=FACE_OUTER_BOUND('',#1034,.T.);
#687=FACE_OUTER_BOUND('',#1035,.T.);
#688=FACE_OUTER_BOUND('',#1036,.T.);
#689=FACE_OUTER_BOUND('',#1037,.T.);
#690=FACE_OUTER_BOUND('',#1038,.T.);
#691=FACE_OUTER_BOUND('',#1039,.T.);
#692=FACE_OUTER_BOUND('',#1041,.T.);
#693=FACE_OUTER_BOUND('',#1042,.T.);
#694=FACE_OUTER_BOUND('',#1043,.T.);
#695=FACE_OUTER_BOUND('',#1044,.T.);
#696=FACE_OUTER_BOUND('',#1045,.T.);
#697=FACE_OUTER_BOUND('',#1046,.T.);
#698=FACE_OUTER_BOUND('',#1047,.T.);
#699=FACE_OUTER_BOUND('',#1048,.T.);
#700=FACE_OUTER_BOUND('',#1049,.T.);
#701=FACE_OUTER_BOUND('',#1050,.T.);
#702=FACE_OUTER_BOUND('',#1051,.T.);
#703=FACE_OUTER_BOUND('',#1052,.T.);
#704=FACE_OUTER_BOUND('',#1053,.T.);
#705=FACE_OUTER_BOUND('',#1054,.T.);
#706=FACE_OUTER_BOUND('',#1055,.T.);
#707=FACE_OUTER_BOUND('',#1056,.T.);
#708=FACE_OUTER_BOUND('',#1057,.T.);
#709=FACE_OUTER_BOUND('',#1058,.T.);
#710=FACE_OUTER_BOUND('',#1059,.T.);
#711=FACE_OUTER_BOUND('',#1060,.T.);
#712=FACE_OUTER_BOUND('',#1061,.T.);
#713=FACE_OUTER_BOUND('',#1063,.T.);
#714=FACE_OUTER_BOUND('',#1064,.T.);
#715=FACE_OUTER_BOUND('',#1066,.T.);
#716=FACE_OUTER_BOUND('',#1067,.T.);
#717=FACE_OUTER_BOUND('',#1068,.T.);
#718=FACE_OUTER_BOUND('',#1069,.T.);
#719=FACE_OUTER_BOUND('',#1070,.T.);
#720=FACE_OUTER_BOUND('',#1071,.T.);
#721=FACE_OUTER_BOUND('',#1072,.T.);
#722=FACE_OUTER_BOUND('',#1073,.T.);
#723=FACE_OUTER_BOUND('',#1074,.T.);
#724=FACE_OUTER_BOUND('',#1075,.T.);
#725=FACE_OUTER_BOUND('',#1076,.T.);
#726=FACE_OUTER_BOUND('',#1077,.T.);
#727=FACE_OUTER_BOUND('',#1078,.T.);
#728=FACE_OUTER_BOUND('',#1079,.T.);
#729=FACE_OUTER_BOUND('',#1080,.T.);
#730=FACE_OUTER_BOUND('',#1081,.T.);
#731=FACE_OUTER_BOUND('',#1082,.T.);
#732=FACE_OUTER_BOUND('',#1083,.T.);
#733=FACE_OUTER_BOUND('',#1084,.T.);
#734=FACE_OUTER_BOUND('',#1085,.T.);
#735=FACE_OUTER_BOUND('',#1086,.T.);
#736=FACE_OUTER_BOUND('',#1087,.T.);
#737=FACE_OUTER_BOUND('',#1088,.T.);
#738=FACE_OUTER_BOUND('',#1089,.T.);
#739=FACE_OUTER_BOUND('',#1090,.T.);
#740=FACE_OUTER_BOUND('',#1091,.T.);
#741=FACE_OUTER_BOUND('',#1092,.T.);
#742=FACE_OUTER_BOUND('',#1094,.T.);
#743=FACE_OUTER_BOUND('',#1095,.T.);
#744=FACE_OUTER_BOUND('',#1096,.T.);
#745=FACE_OUTER_BOUND('',#1097,.T.);
#746=FACE_OUTER_BOUND('',#1098,.T.);
#747=FACE_OUTER_BOUND('',#1099,.T.);
#748=FACE_OUTER_BOUND('',#1101,.T.);
#749=FACE_OUTER_BOUND('',#1102,.T.);
#750=FACE_OUTER_BOUND('',#1103,.T.);
#751=FACE_OUTER_BOUND('',#1104,.T.);
#752=FACE_OUTER_BOUND('',#1105,.T.);
#753=FACE_OUTER_BOUND('',#1106,.T.);
#754=FACE_OUTER_BOUND('',#1107,.T.);
#755=FACE_OUTER_BOUND('',#1108,.T.);
#756=FACE_OUTER_BOUND('',#1109,.T.);
#757=FACE_OUTER_BOUND('',#1110,.T.);
#758=FACE_OUTER_BOUND('',#1111,.T.);
#759=FACE_OUTER_BOUND('',#1112,.T.);
#760=FACE_OUTER_BOUND('',#1113,.T.);
#761=FACE_OUTER_BOUND('',#1114,.T.);
#762=FACE_OUTER_BOUND('',#1115,.T.);
#763=FACE_OUTER_BOUND('',#1116,.T.);
#764=FACE_OUTER_BOUND('',#1117,.T.);
#765=FACE_OUTER_BOUND('',#1119,.T.);
#766=FACE_OUTER_BOUND('',#1120,.T.);
#767=FACE_OUTER_BOUND('',#1122,.T.);
#768=FACE_OUTER_BOUND('',#1123,.T.);
#769=FACE_OUTER_BOUND('',#1124,.T.);
#770=FACE_OUTER_BOUND('',#1125,.T.);
#771=FACE_OUTER_BOUND('',#1126,.T.);
#772=FACE_OUTER_BOUND('',#1127,.T.);
#773=FACE_OUTER_BOUND('',#1128,.T.);
#774=FACE_OUTER_BOUND('',#1129,.T.);
#775=FACE_OUTER_BOUND('',#1130,.T.);
#776=FACE_OUTER_BOUND('',#1131,.T.);
#777=FACE_OUTER_BOUND('',#1132,.T.);
#778=FACE_OUTER_BOUND('',#1133,.T.);
#779=FACE_OUTER_BOUND('',#1134,.T.);
#780=FACE_OUTER_BOUND('',#1135,.T.);
#781=FACE_OUTER_BOUND('',#1136,.T.);
#782=FACE_OUTER_BOUND('',#1137,.T.);
#783=FACE_OUTER_BOUND('',#1138,.T.);
#784=FACE_OUTER_BOUND('',#1139,.T.);
#785=FACE_OUTER_BOUND('',#1140,.T.);
#786=FACE_OUTER_BOUND('',#1141,.T.);
#787=FACE_OUTER_BOUND('',#1142,.T.);
#788=FACE_OUTER_BOUND('',#1143,.T.);
#789=FACE_OUTER_BOUND('',#1144,.T.);
#790=FACE_OUTER_BOUND('',#1145,.T.);
#791=FACE_OUTER_BOUND('',#1146,.T.);
#792=FACE_OUTER_BOUND('',#1147,.T.);
#793=FACE_OUTER_BOUND('',#1148,.T.);
#794=FACE_OUTER_BOUND('',#1149,.T.);
#795=FACE_OUTER_BOUND('',#1150,.T.);
#796=FACE_OUTER_BOUND('',#1151,.T.);
#797=FACE_OUTER_BOUND('',#1152,.T.);
#798=FACE_OUTER_BOUND('',#1153,.T.);
#799=FACE_OUTER_BOUND('',#1154,.T.);
#800=FACE_OUTER_BOUND('',#1155,.T.);
#801=FACE_OUTER_BOUND('',#1156,.T.);
#802=FACE_OUTER_BOUND('',#1157,.T.);
#803=FACE_OUTER_BOUND('',#1158,.T.);
#804=FACE_OUTER_BOUND('',#1159,.T.);
#805=FACE_OUTER_BOUND('',#1160,.T.);
#806=FACE_OUTER_BOUND('',#1161,.T.);
#807=FACE_OUTER_BOUND('',#1162,.T.);
#808=FACE_OUTER_BOUND('',#1163,.T.);
#809=FACE_OUTER_BOUND('',#1164,.T.);
#810=FACE_OUTER_BOUND('',#1165,.T.);
#811=FACE_OUTER_BOUND('',#1166,.T.);
#812=FACE_OUTER_BOUND('',#1167,.T.);
#813=FACE_OUTER_BOUND('',#1168,.T.);
#814=FACE_OUTER_BOUND('',#1169,.T.);
#815=FACE_OUTER_BOUND('',#1170,.T.);
#816=FACE_OUTER_BOUND('',#1171,.T.);
#817=FACE_OUTER_BOUND('',#1172,.T.);
#818=FACE_OUTER_BOUND('',#1173,.T.);
#819=FACE_OUTER_BOUND('',#1174,.T.);
#820=FACE_OUTER_BOUND('',#1175,.T.);
#821=FACE_OUTER_BOUND('',#1176,.T.);
#822=FACE_OUTER_BOUND('',#1177,.T.);
#823=FACE_OUTER_BOUND('',#1178,.T.);
#824=FACE_OUTER_BOUND('',#1179,.T.);
#825=FACE_OUTER_BOUND('',#1180,.T.);
#826=FACE_OUTER_BOUND('',#1181,.T.);
#827=FACE_OUTER_BOUND('',#1182,.T.);
#828=FACE_OUTER_BOUND('',#1183,.T.);
#829=FACE_OUTER_BOUND('',#1184,.T.);
#830=FACE_OUTER_BOUND('',#1185,.T.);
#831=FACE_OUTER_BOUND('',#1186,.T.);
#832=FACE_OUTER_BOUND('',#1187,.T.);
#833=FACE_OUTER_BOUND('',#1188,.T.);
#834=FACE_OUTER_BOUND('',#1189,.T.);
#835=FACE_OUTER_BOUND('',#1190,.T.);
#836=FACE_OUTER_BOUND('',#1191,.T.);
#837=FACE_OUTER_BOUND('',#1192,.T.);
#838=FACE_OUTER_BOUND('',#1193,.T.);
#839=FACE_OUTER_BOUND('',#1194,.T.);
#840=FACE_OUTER_BOUND('',#1195,.T.);
#841=FACE_OUTER_BOUND('',#1196,.T.);
#842=FACE_OUTER_BOUND('',#1197,.T.);
#843=FACE_OUTER_BOUND('',#1198,.T.);
#844=FACE_OUTER_BOUND('',#1199,.T.);
#845=FACE_OUTER_BOUND('',#1200,.T.);
#846=FACE_OUTER_BOUND('',#1201,.T.);
#847=FACE_OUTER_BOUND('',#1202,.T.);
#848=FACE_OUTER_BOUND('',#1203,.T.);
#849=FACE_OUTER_BOUND('',#1204,.T.);
#850=FACE_OUTER_BOUND('',#1205,.T.);
#851=FACE_OUTER_BOUND('',#1206,.T.);
#852=FACE_OUTER_BOUND('',#1207,.T.);
#853=FACE_OUTER_BOUND('',#1208,.T.);
#854=FACE_OUTER_BOUND('',#1209,.T.);
#855=FACE_OUTER_BOUND('',#1210,.T.);
#856=FACE_OUTER_BOUND('',#1211,.T.);
#857=FACE_OUTER_BOUND('',#1212,.T.);
#858=FACE_OUTER_BOUND('',#1213,.T.);
#859=FACE_OUTER_BOUND('',#1214,.T.);
#860=FACE_OUTER_BOUND('',#1215,.T.);
#861=FACE_OUTER_BOUND('',#1216,.T.);
#862=FACE_OUTER_BOUND('',#1217,.T.);
#863=FACE_OUTER_BOUND('',#1218,.T.);
#864=FACE_OUTER_BOUND('',#1219,.T.);
#865=FACE_OUTER_BOUND('',#1220,.T.);
#866=FACE_OUTER_BOUND('',#1221,.T.);
#867=FACE_OUTER_BOUND('',#1222,.T.);
#868=FACE_OUTER_BOUND('',#1223,.T.);
#869=FACE_OUTER_BOUND('',#1224,.T.);
#870=FACE_OUTER_BOUND('',#1225,.T.);
#871=FACE_OUTER_BOUND('',#1226,.T.);
#872=FACE_OUTER_BOUND('',#1227,.T.);
#873=FACE_OUTER_BOUND('',#1228,.T.);
#874=FACE_OUTER_BOUND('',#1229,.T.);
#875=FACE_OUTER_BOUND('',#1230,.T.);
#876=FACE_OUTER_BOUND('',#1231,.T.);
#877=FACE_OUTER_BOUND('',#1232,.T.);
#878=FACE_OUTER_BOUND('',#1233,.T.);
#879=FACE_OUTER_BOUND('',#1234,.T.);
#880=FACE_OUTER_BOUND('',#1235,.T.);
#881=FACE_OUTER_BOUND('',#1236,.T.);
#882=FACE_OUTER_BOUND('',#1237,.T.);
#883=FACE_OUTER_BOUND('',#1238,.T.);
#884=FACE_OUTER_BOUND('',#1239,.T.);
#885=FACE_OUTER_BOUND('',#1241,.T.);
#886=FACE_OUTER_BOUND('',#1242,.T.);
#887=FACE_OUTER_BOUND('',#1243,.T.);
#888=FACE_OUTER_BOUND('',#1244,.T.);
#889=FACE_OUTER_BOUND('',#1245,.T.);
#890=FACE_OUTER_BOUND('',#1246,.T.);
#891=FACE_OUTER_BOUND('',#1247,.T.);
#892=FACE_OUTER_BOUND('',#1248,.T.);
#893=FACE_OUTER_BOUND('',#1249,.T.);
#894=FACE_OUTER_BOUND('',#1250,.T.);
#895=FACE_OUTER_BOUND('',#1251,.T.);
#896=FACE_OUTER_BOUND('',#1252,.T.);
#897=FACE_OUTER_BOUND('',#1253,.T.);
#898=FACE_OUTER_BOUND('',#1254,.T.);
#899=FACE_OUTER_BOUND('',#1255,.T.);
#900=FACE_OUTER_BOUND('',#1257,.T.);
#901=FACE_OUTER_BOUND('',#1258,.T.);
#902=FACE_OUTER_BOUND('',#1259,.T.);
#903=FACE_OUTER_BOUND('',#1260,.T.);
#904=FACE_OUTER_BOUND('',#1261,.T.);
#905=FACE_OUTER_BOUND('',#1262,.T.);
#906=FACE_OUTER_BOUND('',#1263,.T.);
#907=FACE_OUTER_BOUND('',#1264,.T.);
#908=FACE_OUTER_BOUND('',#1265,.T.);
#909=FACE_OUTER_BOUND('',#1266,.T.);
#910=FACE_OUTER_BOUND('',#1267,.T.);
#911=FACE_OUTER_BOUND('',#1268,.T.);
#912=FACE_OUTER_BOUND('',#1269,.T.);
#913=FACE_OUTER_BOUND('',#1270,.T.);
#914=FACE_OUTER_BOUND('',#1271,.T.);
#915=FACE_OUTER_BOUND('',#1272,.T.);
#916=FACE_OUTER_BOUND('',#1273,.T.);
#917=FACE_OUTER_BOUND('',#1274,.T.);
#918=FACE_OUTER_BOUND('',#1275,.T.);
#919=FACE_OUTER_BOUND('',#1276,.T.);
#920=FACE_OUTER_BOUND('',#1277,.T.);
#921=FACE_OUTER_BOUND('',#1279,.T.);
#922=FACE_OUTER_BOUND('',#1280,.T.);
#923=FACE_OUTER_BOUND('',#1281,.T.);
#924=FACE_OUTER_BOUND('',#1282,.T.);
#925=FACE_OUTER_BOUND('',#1283,.T.);
#926=FACE_OUTER_BOUND('',#1284,.T.);
#927=FACE_OUTER_BOUND('',#1285,.T.);
#928=FACE_OUTER_BOUND('',#1286,.T.);
#929=FACE_OUTER_BOUND('',#1287,.T.);
#930=EDGE_LOOP('',(#3866,#3867,#3868,#3869));
#931=EDGE_LOOP('',(#3870,#3871,#3872,#3873));
#932=EDGE_LOOP('',(#3874,#3875,#3876,#3877,#3878,#3879,#3880,#3881,#3882,
#3883,#3884,#3885,#3886,#3887,#3888,#3889,#3890,#3891,#3892,#3893,#3894,
#3895,#3896,#3897,#3898,#3899,#3900,#3901,#3902,#3903,#3904,#3905,#3906,
#3907,#3908,#3909,#3910,#3911,#3912,#3913,#3914,#3915,#3916,#3917,#3918,
#3919,#3920,#3921,#3922,#3923,#3924,#3925,#3926,#3927,#3928,#3929,#3930,
#3931,#3932,#3933,#3934,#3935,#3936,#3937,#3938,#3939,#3940,#3941,#3942,
#3943,#3944,#3945,#3946,#3947,#3948,#3949));
#933=EDGE_LOOP('',(#3950,#3951,#3952,#3953,#3954,#3955,#3956,#3957,#3958,
#3959,#3960,#3961,#3962,#3963,#3964,#3965));
#934=EDGE_LOOP('',(#3966,#3967,#3968,#3969,#3970,#3971,#3972,#3973));
#935=EDGE_LOOP('',(#3974,#3975,#3976,#3977,#3978,#3979,#3980,#3981,#3982,
#3983,#3984,#3985,#3986,#3987,#3988,#3989));
#936=EDGE_LOOP('',(#3990,#3991,#3992,#3993,#3994,#3995,#3996,#3997));
#937=EDGE_LOOP('',(#3998));
#938=EDGE_LOOP('',(#3999));
#939=EDGE_LOOP('',(#4000,#4001,#4002,#4003,#4004,#4005,#4006,#4007));
#940=EDGE_LOOP('',(#4008));
#941=EDGE_LOOP('',(#4009));
#942=EDGE_LOOP('',(#4010,#4011,#4012,#4013));
#943=EDGE_LOOP('',(#4014,#4015,#4016,#4017));
#944=EDGE_LOOP('',(#4018,#4019,#4020));
#945=EDGE_LOOP('',(#4021,#4022,#4023));
#946=EDGE_LOOP('',(#4024,#4025,#4026,#4027,#4028,#4029,#4030,#4031));
#947=EDGE_LOOP('',(#4032,#4033,#4034,#4035));
#948=EDGE_LOOP('',(#4036,#4037,#4038,#4039));
#949=EDGE_LOOP('',(#4040,#4041,#4042,#4043,#4044,#4045,#4046,#4047,#4048));
#950=EDGE_LOOP('',(#4049,#4050,#4051,#4052,#4053,#4054,#4055,#4056,#4057,
#4058,#4059,#4060,#4061,#4062));
#951=EDGE_LOOP('',(#4063,#4064,#4065,#4066,#4067));
#952=EDGE_LOOP('',(#4068,#4069,#4070,#4071,#4072));
#953=EDGE_LOOP('',(#4073,#4074,#4075,#4076,#4077,#4078,#4079));
#954=EDGE_LOOP('',(#4080,#4081,#4082,#4083,#4084,#4085,#4086,#4087,#4088,
#4089,#4090,#4091,#4092,#4093,#4094,#4095,#4096,#4097,#4098,#4099,#4100,
#4101,#4102,#4103,#4104,#4105,#4106,#4107,#4108,#4109,#4110,#4111,#4112,
#4113,#4114,#4115,#4116,#4117,#4118));
#955=EDGE_LOOP('',(#4119,#4120,#4121,#4122,#4123,#4124,#4125,#4126,#4127,
#4128,#4129,#4130,#4131,#4132,#4133,#4134,#4135,#4136,#4137,#4138,#4139,
#4140,#4141,#4142));
#956=EDGE_LOOP('',(#4143,#4144,#4145,#4146,#4147,#4148,#4149,#4150));
#957=EDGE_LOOP('',(#4151,#4152,#4153,#4154,#4155,#4156,#4157,#4158,#4159,
#4160,#4161,#4162,#4163,#4164,#4165,#4166));
#958=EDGE_LOOP('',(#4167,#4168,#4169,#4170,#4171,#4172,#4173,#4174,#4175,
#4176,#4177,#4178,#4179,#4180,#4181,#4182));
#959=EDGE_LOOP('',(#4183,#4184,#4185,#4186,#4187));
#960=EDGE_LOOP('',(#4188,#4189,#4190,#4191,#4192));
#961=EDGE_LOOP('',(#4193,#4194,#4195,#4196));
#962=EDGE_LOOP('',(#4197,#4198,#4199,#4200,#4201,#4202,#4203,#4204,#4205,
#4206,#4207));
#963=EDGE_LOOP('',(#4208,#4209,#4210,#4211));
#964=EDGE_LOOP('',(#4212,#4213,#4214,#4215));
#965=EDGE_LOOP('',(#4216,#4217,#4218,#4219));
#966=EDGE_LOOP('',(#4220,#4221,#4222,#4223));
#967=EDGE_LOOP('',(#4224,#4225,#4226,#4227));
#968=EDGE_LOOP('',(#4228,#4229,#4230,#4231));
#969=EDGE_LOOP('',(#4232,#4233,#4234,#4235));
#970=EDGE_LOOP('',(#4236,#4237,#4238,#4239));
#971=EDGE_LOOP('',(#4240,#4241,#4242,#4243));
#972=EDGE_LOOP('',(#4244,#4245,#4246,#4247));
#973=EDGE_LOOP('',(#4248,#4249,#4250,#4251));
#974=EDGE_LOOP('',(#4252,#4253,#4254,#4255));
#975=EDGE_LOOP('',(#4256,#4257,#4258,#4259));
#976=EDGE_LOOP('',(#4260,#4261,#4262,#4263));
#977=EDGE_LOOP('',(#4264,#4265,#4266,#4267));
#978=EDGE_LOOP('',(#4268,#4269,#4270,#4271));
#979=EDGE_LOOP('',(#4272,#4273,#4274,#4275));
#980=EDGE_LOOP('',(#4276,#4277,#4278,#4279));
#981=EDGE_LOOP('',(#4280,#4281,#4282,#4283));
#982=EDGE_LOOP('',(#4284,#4285,#4286,#4287));
#983=EDGE_LOOP('',(#4288,#4289,#4290,#4291));
#984=EDGE_LOOP('',(#4292,#4293,#4294,#4295));
#985=EDGE_LOOP('',(#4296,#4297,#4298,#4299));
#986=EDGE_LOOP('',(#4300,#4301,#4302,#4303));
#987=EDGE_LOOP('',(#4304,#4305,#4306,#4307));
#988=EDGE_LOOP('',(#4308,#4309,#4310,#4311));
#989=EDGE_LOOP('',(#4312,#4313,#4314,#4315));
#990=EDGE_LOOP('',(#4316,#4317,#4318,#4319));
#991=EDGE_LOOP('',(#4320,#4321,#4322,#4323));
#992=EDGE_LOOP('',(#4324,#4325,#4326,#4327));
#993=EDGE_LOOP('',(#4328,#4329,#4330,#4331));
#994=EDGE_LOOP('',(#4332,#4333,#4334,#4335));
#995=EDGE_LOOP('',(#4336,#4337,#4338,#4339));
#996=EDGE_LOOP('',(#4340,#4341,#4342,#4343));
#997=EDGE_LOOP('',(#4344,#4345,#4346,#4347));
#998=EDGE_LOOP('',(#4348,#4349,#4350,#4351));
#999=EDGE_LOOP('',(#4352,#4353,#4354,#4355));
#1000=EDGE_LOOP('',(#4356,#4357,#4358,#4359));
#1001=EDGE_LOOP('',(#4360,#4361,#4362,#4363));
#1002=EDGE_LOOP('',(#4364,#4365,#4366,#4367));
#1003=EDGE_LOOP('',(#4368,#4369,#4370,#4371));
#1004=EDGE_LOOP('',(#4372,#4373,#4374,#4375));
#1005=EDGE_LOOP('',(#4376,#4377,#4378,#4379));
#1006=EDGE_LOOP('',(#4380,#4381,#4382,#4383));
#1007=EDGE_LOOP('',(#4384,#4385,#4386,#4387));
#1008=EDGE_LOOP('',(#4388,#4389,#4390,#4391));
#1009=EDGE_LOOP('',(#4392,#4393,#4394,#4395));
#1010=EDGE_LOOP('',(#4396,#4397,#4398,#4399));
#1011=EDGE_LOOP('',(#4400,#4401,#4402,#4403));
#1012=EDGE_LOOP('',(#4404,#4405,#4406,#4407));
#1013=EDGE_LOOP('',(#4408,#4409,#4410,#4411));
#1014=EDGE_LOOP('',(#4412,#4413,#4414,#4415));
#1015=EDGE_LOOP('',(#4416,#4417,#4418,#4419));
#1016=EDGE_LOOP('',(#4420,#4421,#4422,#4423));
#1017=EDGE_LOOP('',(#4424,#4425,#4426,#4427));
#1018=EDGE_LOOP('',(#4428,#4429,#4430,#4431));
#1019=EDGE_LOOP('',(#4432,#4433,#4434,#4435));
#1020=EDGE_LOOP('',(#4436,#4437,#4438,#4439));
#1021=EDGE_LOOP('',(#4440,#4441,#4442,#4443));
#1022=EDGE_LOOP('',(#4444,#4445,#4446,#4447));
#1023=EDGE_LOOP('',(#4448,#4449,#4450,#4451));
#1024=EDGE_LOOP('',(#4452,#4453,#4454,#4455));
#1025=EDGE_LOOP('',(#4456,#4457,#4458,#4459));
#1026=EDGE_LOOP('',(#4460,#4461,#4462,#4463));
#1027=EDGE_LOOP('',(#4464,#4465,#4466,#4467));
#1028=EDGE_LOOP('',(#4468,#4469,#4470,#4471));
#1029=EDGE_LOOP('',(#4472,#4473,#4474,#4475));
#1030=EDGE_LOOP('',(#4476,#4477,#4478,#4479));
#1031=EDGE_LOOP('',(#4480,#4481,#4482,#4483));
#1032=EDGE_LOOP('',(#4484,#4485,#4486,#4487));
#1033=EDGE_LOOP('',(#4488,#4489,#4490,#4491,#4492,#4493,#4494,#4495,#4496,
#4497,#4498,#4499,#4500,#4501,#4502,#4503));
#1034=EDGE_LOOP('',(#4504,#4505,#4506,#4507));
#1035=EDGE_LOOP('',(#4508,#4509,#4510,#4511));
#1036=EDGE_LOOP('',(#4512,#4513));
#1037=EDGE_LOOP('',(#4514,#4515,#4516,#4517));
#1038=EDGE_LOOP('',(#4518,#4519,#4520,#4521));
#1039=EDGE_LOOP('',(#4522,#4523,#4524,#4525,#4526,#4527,#4528,#4529,#4530,
#4531,#4532,#4533,#4534,#4535,#4536,#4537,#4538,#4539,#4540,#4541,#4542,
#4543,#4544,#4545,#4546,#4547,#4548,#4549,#4550,#4551,#4552,#4553,#4554));
#1040=EDGE_LOOP('',(#4555,#4556,#4557,#4558,#4559,#4560,#4561,#4562,#4563,
#4564,#4565,#4566,#4567,#4568,#4569,#4570,#4571,#4572,#4573,#4574,#4575,
#4576,#4577,#4578,#4579,#4580,#4581,#4582,#4583,#4584,#4585,#4586,#4587,
#4588));
#1041=EDGE_LOOP('',(#4589,#4590,#4591,#4592));
#1042=EDGE_LOOP('',(#4593,#4594,#4595,#4596));
#1043=EDGE_LOOP('',(#4597,#4598,#4599,#4600));
#1044=EDGE_LOOP('',(#4601,#4602,#4603,#4604,#4605,#4606,#4607));
#1045=EDGE_LOOP('',(#4608,#4609,#4610,#4611));
#1046=EDGE_LOOP('',(#4612,#4613,#4614,#4615));
#1047=EDGE_LOOP('',(#4616,#4617,#4618,#4619));
#1048=EDGE_LOOP('',(#4620,#4621,#4622,#4623));
#1049=EDGE_LOOP('',(#4624,#4625,#4626,#4627));
#1050=EDGE_LOOP('',(#4628,#4629,#4630,#4631));
#1051=EDGE_LOOP('',(#4632,#4633,#4634));
#1052=EDGE_LOOP('',(#4635,#4636,#4637,#4638));
#1053=EDGE_LOOP('',(#4639));
#1054=EDGE_LOOP('',(#4640,#4641,#4642,#4643));
#1055=EDGE_LOOP('',(#4644));
#1056=EDGE_LOOP('',(#4645,#4646,#4647,#4648));
#1057=EDGE_LOOP('',(#4649));
#1058=EDGE_LOOP('',(#4650,#4651,#4652,#4653));
#1059=EDGE_LOOP('',(#4654));
#1060=EDGE_LOOP('',(#4655,#4656,#4657,#4658));
#1061=EDGE_LOOP('',(#4659));
#1062=EDGE_LOOP('',(#4660));
#1063=EDGE_LOOP('',(#4661,#4662,#4663,#4664));
#1064=EDGE_LOOP('',(#4665));
#1065=EDGE_LOOP('',(#4666));
#1066=EDGE_LOOP('',(#4667,#4668,#4669,#4670));
#1067=EDGE_LOOP('',(#4671,#4672,#4673,#4674));
#1068=EDGE_LOOP('',(#4675,#4676,#4677,#4678));
#1069=EDGE_LOOP('',(#4679,#4680,#4681,#4682));
#1070=EDGE_LOOP('',(#4683,#4684,#4685,#4686,#4687,#4688,#4689,#4690,#4691,
#4692,#4693,#4694,#4695,#4696,#4697,#4698));
#1071=EDGE_LOOP('',(#4699,#4700,#4701,#4702));
#1072=EDGE_LOOP('',(#4703,#4704,#4705,#4706));
#1073=EDGE_LOOP('',(#4707,#4708,#4709,#4710));
#1074=EDGE_LOOP('',(#4711,#4712,#4713,#4714));
#1075=EDGE_LOOP('',(#4715,#4716,#4717,#4718,#4719,#4720,#4721,#4722,#4723,
#4724,#4725,#4726,#4727));
#1076=EDGE_LOOP('',(#4728,#4729,#4730,#4731));
#1077=EDGE_LOOP('',(#4732,#4733,#4734,#4735));
#1078=EDGE_LOOP('',(#4736,#4737,#4738,#4739,#4740,#4741,#4742,#4743,#4744));
#1079=EDGE_LOOP('',(#4745,#4746,#4747,#4748));
#1080=EDGE_LOOP('',(#4749,#4750,#4751,#4752));
#1081=EDGE_LOOP('',(#4753,#4754,#4755,#4756));
#1082=EDGE_LOOP('',(#4757,#4758,#4759,#4760));
#1083=EDGE_LOOP('',(#4761,#4762,#4763,#4764,#4765,#4766,#4767,#4768,#4769,
#4770,#4771,#4772));
#1084=EDGE_LOOP('',(#4773,#4774,#4775,#4776));
#1085=EDGE_LOOP('',(#4777,#4778,#4779,#4780,#4781,#4782));
#1086=EDGE_LOOP('',(#4783,#4784,#4785));
#1087=EDGE_LOOP('',(#4786,#4787,#4788,#4789));
#1088=EDGE_LOOP('',(#4790,#4791,#4792,#4793));
#1089=EDGE_LOOP('',(#4794,#4795,#4796,#4797,#4798,#4799));
#1090=EDGE_LOOP('',(#4800,#4801,#4802,#4803));
#1091=EDGE_LOOP('',(#4804));
#1092=EDGE_LOOP('',(#4805,#4806));
#1093=EDGE_LOOP('',(#4807));
#1094=EDGE_LOOP('',(#4808,#4809,#4810,#4811));
#1095=EDGE_LOOP('',(#4812,#4813,#4814,#4815,#4816));
#1096=EDGE_LOOP('',(#4817,#4818,#4819,#4820));
#1097=EDGE_LOOP('',(#4821));
#1098=EDGE_LOOP('',(#4822,#4823,#4824,#4825));
#1099=EDGE_LOOP('',(#4826));
#1100=EDGE_LOOP('',(#4827));
#1101=EDGE_LOOP('',(#4828,#4829,#4830,#4831,#4832,#4833));
#1102=EDGE_LOOP('',(#4834,#4835,#4836,#4837));
#1103=EDGE_LOOP('',(#4838,#4839,#4840,#4841));
#1104=EDGE_LOOP('',(#4842,#4843,#4844,#4845));
#1105=EDGE_LOOP('',(#4846,#4847,#4848,#4849));
#1106=EDGE_LOOP('',(#4850,#4851,#4852,#4853));
#1107=EDGE_LOOP('',(#4854,#4855,#4856,#4857));
#1108=EDGE_LOOP('',(#4858,#4859,#4860,#4861));
#1109=EDGE_LOOP('',(#4862,#4863,#4864,#4865));
#1110=EDGE_LOOP('',(#4866,#4867,#4868));
#1111=EDGE_LOOP('',(#4869,#4870,#4871,#4872));
#1112=EDGE_LOOP('',(#4873,#4874,#4875,#4876));
#1113=EDGE_LOOP('',(#4877,#4878,#4879,#4880,#4881));
#1114=EDGE_LOOP('',(#4882,#4883,#4884,#4885));
#1115=EDGE_LOOP('',(#4886,#4887,#4888,#4889));
#1116=EDGE_LOOP('',(#4890,#4891,#4892,#4893,#4894));
#1117=EDGE_LOOP('',(#4895));
#1118=EDGE_LOOP('',(#4896));
#1119=EDGE_LOOP('',(#4897,#4898,#4899,#4900));
#1120=EDGE_LOOP('',(#4901));
#1121=EDGE_LOOP('',(#4902));
#1122=EDGE_LOOP('',(#4903,#4904,#4905,#4906));
#1123=EDGE_LOOP('',(#4907,#4908,#4909,#4910,#4911));
#1124=EDGE_LOOP('',(#4912,#4913,#4914,#4915));
#1125=EDGE_LOOP('',(#4916,#4917,#4918,#4919,#4920));
#1126=EDGE_LOOP('',(#4921,#4922,#4923,#4924));
#1127=EDGE_LOOP('',(#4925,#4926,#4927,#4928));
#1128=EDGE_LOOP('',(#4929,#4930,#4931,#4932));
#1129=EDGE_LOOP('',(#4933,#4934,#4935,#4936,#4937));
#1130=EDGE_LOOP('',(#4938,#4939,#4940,#4941,#4942));
#1131=EDGE_LOOP('',(#4943,#4944,#4945,#4946,#4947,#4948));
#1132=EDGE_LOOP('',(#4949,#4950,#4951,#4952));
#1133=EDGE_LOOP('',(#4953,#4954,#4955,#4956));
#1134=EDGE_LOOP('',(#4957,#4958,#4959,#4960));
#1135=EDGE_LOOP('',(#4961,#4962,#4963,#4964,#4965));
#1136=EDGE_LOOP('',(#4966,#4967,#4968,#4969,#4970));
#1137=EDGE_LOOP('',(#4971,#4972,#4973,#4974,#4975));
#1138=EDGE_LOOP('',(#4976,#4977,#4978,#4979));
#1139=EDGE_LOOP('',(#4980,#4981,#4982,#4983,#4984));
#1140=EDGE_LOOP('',(#4985,#4986,#4987,#4988));
#1141=EDGE_LOOP('',(#4989,#4990,#4991,#4992,#4993,#4994));
#1142=EDGE_LOOP('',(#4995,#4996,#4997,#4998));
#1143=EDGE_LOOP('',(#4999,#5000,#5001,#5002,#5003));
#1144=EDGE_LOOP('',(#5004,#5005,#5006,#5007));
#1145=EDGE_LOOP('',(#5008,#5009,#5010,#5011));
#1146=EDGE_LOOP('',(#5012,#5013,#5014,#5015));
#1147=EDGE_LOOP('',(#5016,#5017,#5018,#5019));
#1148=EDGE_LOOP('',(#5020,#5021,#5022,#5023));
#1149=EDGE_LOOP('',(#5024,#5025,#5026,#5027));
#1150=EDGE_LOOP('',(#5028,#5029,#5030,#5031,#5032));
#1151=EDGE_LOOP('',(#5033,#5034,#5035,#5036,#5037));
#1152=EDGE_LOOP('',(#5038,#5039,#5040,#5041));
#1153=EDGE_LOOP('',(#5042,#5043,#5044,#5045));
#1154=EDGE_LOOP('',(#5046,#5047,#5048,#5049));
#1155=EDGE_LOOP('',(#5050,#5051,#5052,#5053,#5054));
#1156=EDGE_LOOP('',(#5055,#5056,#5057,#5058));
#1157=EDGE_LOOP('',(#5059,#5060,#5061,#5062,#5063,#5064));
#1158=EDGE_LOOP('',(#5065,#5066,#5067,#5068,#5069,#5070));
#1159=EDGE_LOOP('',(#5071,#5072,#5073,#5074,#5075,#5076));
#1160=EDGE_LOOP('',(#5077,#5078,#5079,#5080));
#1161=EDGE_LOOP('',(#5081,#5082,#5083,#5084,#5085,#5086));
#1162=EDGE_LOOP('',(#5087,#5088,#5089,#5090));
#1163=EDGE_LOOP('',(#5091,#5092,#5093,#5094));
#1164=EDGE_LOOP('',(#5095,#5096,#5097,#5098));
#1165=EDGE_LOOP('',(#5099,#5100,#5101,#5102));
#1166=EDGE_LOOP('',(#5103,#5104,#5105,#5106));
#1167=EDGE_LOOP('',(#5107,#5108,#5109,#5110));
#1168=EDGE_LOOP('',(#5111,#5112,#5113,#5114));
#1169=EDGE_LOOP('',(#5115,#5116,#5117,#5118));
#1170=EDGE_LOOP('',(#5119,#5120,#5121,#5122));
#1171=EDGE_LOOP('',(#5123,#5124,#5125,#5126));
#1172=EDGE_LOOP('',(#5127,#5128,#5129,#5130));
#1173=EDGE_LOOP('',(#5131,#5132,#5133));
#1174=EDGE_LOOP('',(#5134,#5135,#5136,#5137,#5138));
#1175=EDGE_LOOP('',(#5139,#5140,#5141,#5142));
#1176=EDGE_LOOP('',(#5143,#5144,#5145,#5146));
#1177=EDGE_LOOP('',(#5147,#5148,#5149,#5150));
#1178=EDGE_LOOP('',(#5151,#5152,#5153,#5154));
#1179=EDGE_LOOP('',(#5155,#5156,#5157,#5158));
#1180=EDGE_LOOP('',(#5159,#5160,#5161,#5162));
#1181=EDGE_LOOP('',(#5163,#5164,#5165,#5166));
#1182=EDGE_LOOP('',(#5167,#5168,#5169,#5170));
#1183=EDGE_LOOP('',(#5171,#5172,#5173,#5174));
#1184=EDGE_LOOP('',(#5175,#5176,#5177,#5178));
#1185=EDGE_LOOP('',(#5179,#5180,#5181,#5182));
#1186=EDGE_LOOP('',(#5183,#5184,#5185,#5186));
#1187=EDGE_LOOP('',(#5187,#5188,#5189,#5190));
#1188=EDGE_LOOP('',(#5191,#5192,#5193,#5194));
#1189=EDGE_LOOP('',(#5195,#5196,#5197,#5198));
#1190=EDGE_LOOP('',(#5199,#5200,#5201,#5202));
#1191=EDGE_LOOP('',(#5203,#5204,#5205,#5206));
#1192=EDGE_LOOP('',(#5207,#5208,#5209,#5210));
#1193=EDGE_LOOP('',(#5211,#5212,#5213,#5214));
#1194=EDGE_LOOP('',(#5215,#5216,#5217,#5218));
#1195=EDGE_LOOP('',(#5219,#5220,#5221,#5222));
#1196=EDGE_LOOP('',(#5223,#5224,#5225,#5226));
#1197=EDGE_LOOP('',(#5227,#5228,#5229,#5230));
#1198=EDGE_LOOP('',(#5231,#5232,#5233,#5234));
#1199=EDGE_LOOP('',(#5235,#5236,#5237,#5238));
#1200=EDGE_LOOP('',(#5239,#5240,#5241,#5242));
#1201=EDGE_LOOP('',(#5243,#5244,#5245,#5246));
#1202=EDGE_LOOP('',(#5247,#5248,#5249,#5250));
#1203=EDGE_LOOP('',(#5251,#5252,#5253,#5254));
#1204=EDGE_LOOP('',(#5255,#5256,#5257,#5258,#5259));
#1205=EDGE_LOOP('',(#5260,#5261,#5262,#5263));
#1206=EDGE_LOOP('',(#5264,#5265,#5266,#5267));
#1207=EDGE_LOOP('',(#5268,#5269,#5270,#5271));
#1208=EDGE_LOOP('',(#5272,#5273,#5274,#5275));
#1209=EDGE_LOOP('',(#5276,#5277,#5278,#5279));
#1210=EDGE_LOOP('',(#5280,#5281,#5282,#5283));
#1211=EDGE_LOOP('',(#5284,#5285,#5286,#5287));
#1212=EDGE_LOOP('',(#5288,#5289,#5290,#5291));
#1213=EDGE_LOOP('',(#5292,#5293,#5294,#5295));
#1214=EDGE_LOOP('',(#5296,#5297,#5298,#5299));
#1215=EDGE_LOOP('',(#5300,#5301,#5302,#5303));
#1216=EDGE_LOOP('',(#5304,#5305,#5306,#5307));
#1217=EDGE_LOOP('',(#5308,#5309,#5310,#5311,#5312,#5313,#5314,#5315,#5316,
#5317,#5318,#5319,#5320,#5321,#5322,#5323,#5324));
#1218=EDGE_LOOP('',(#5325,#5326,#5327,#5328,#5329,#5330,#5331,#5332,#5333,
#5334,#5335,#5336,#5337,#5338,#5339,#5340,#5341,#5342,#5343,#5344,#5345,
#5346,#5347,#5348,#5349));
#1219=EDGE_LOOP('',(#5350,#5351,#5352,#5353));
#1220=EDGE_LOOP('',(#5354,#5355,#5356,#5357));
#1221=EDGE_LOOP('',(#5358,#5359,#5360,#5361));
#1222=EDGE_LOOP('',(#5362,#5363,#5364,#5365));
#1223=EDGE_LOOP('',(#5366,#5367,#5368,#5369));
#1224=EDGE_LOOP('',(#5370,#5371,#5372,#5373));
#1225=EDGE_LOOP('',(#5374,#5375,#5376,#5377));
#1226=EDGE_LOOP('',(#5378,#5379,#5380,#5381));
#1227=EDGE_LOOP('',(#5382,#5383,#5384,#5385));
#1228=EDGE_LOOP('',(#5386,#5387,#5388,#5389));
#1229=EDGE_LOOP('',(#5390,#5391,#5392,#5393));
#1230=EDGE_LOOP('',(#5394,#5395,#5396,#5397));
#1231=EDGE_LOOP('',(#5398,#5399,#5400,#5401,#5402,#5403));
#1232=EDGE_LOOP('',(#5404,#5405,#5406,#5407));
#1233=EDGE_LOOP('',(#5408,#5409,#5410,#5411));
#1234=EDGE_LOOP('',(#5412,#5413,#5414,#5415));
#1235=EDGE_LOOP('',(#5416,#5417,#5418,#5419));
#1236=EDGE_LOOP('',(#5420,#5421,#5422,#5423,#5424));
#1237=EDGE_LOOP('',(#5425,#5426,#5427,#5428));
#1238=EDGE_LOOP('',(#5429,#5430,#5431,#5432));
#1239=EDGE_LOOP('',(#5433,#5434,#5435,#5436,#5437,#5438,#5439,#5440,#5441,
#5442,#5443,#5444,#5445,#5446));
#1240=EDGE_LOOP('',(#5447,#5448,#5449,#5450,#5451,#5452,#5453,#5454));
#1241=EDGE_LOOP('',(#5455,#5456,#5457,#5458));
#1242=EDGE_LOOP('',(#5459,#5460,#5461,#5462));
#1243=EDGE_LOOP('',(#5463,#5464,#5465,#5466));
#1244=EDGE_LOOP('',(#5467,#5468,#5469,#5470));
#1245=EDGE_LOOP('',(#5471,#5472,#5473,#5474));
#1246=EDGE_LOOP('',(#5475,#5476,#5477,#5478));
#1247=EDGE_LOOP('',(#5479,#5480,#5481,#5482));
#1248=EDGE_LOOP('',(#5483,#5484,#5485,#5486));
#1249=EDGE_LOOP('',(#5487,#5488,#5489,#5490));
#1250=EDGE_LOOP('',(#5491,#5492,#5493,#5494));
#1251=EDGE_LOOP('',(#5495,#5496,#5497,#5498));
#1252=EDGE_LOOP('',(#5499,#5500,#5501,#5502));
#1253=EDGE_LOOP('',(#5503,#5504,#5505,#5506));
#1254=EDGE_LOOP('',(#5507,#5508,#5509,#5510));
#1255=EDGE_LOOP('',(#5511,#5512,#5513,#5514,#5515,#5516));
#1256=EDGE_LOOP('',(#5517,#5518,#5519,#5520));
#1257=EDGE_LOOP('',(#5521,#5522,#5523,#5524));
#1258=EDGE_LOOP('',(#5525,#5526,#5527,#5528,#5529));
#1259=EDGE_LOOP('',(#5530,#5531,#5532,#5533));
#1260=EDGE_LOOP('',(#5534,#5535,#5536,#5537));
#1261=EDGE_LOOP('',(#5538,#5539,#5540,#5541));
#1262=EDGE_LOOP('',(#5542,#5543,#5544,#5545,#5546,#5547));
#1263=EDGE_LOOP('',(#5548,#5549,#5550,#5551));
#1264=EDGE_LOOP('',(#5552,#5553,#5554,#5555));
#1265=EDGE_LOOP('',(#5556,#5557,#5558));
#1266=EDGE_LOOP('',(#5559,#5560,#5561,#5562));
#1267=EDGE_LOOP('',(#5563,#5564,#5565,#5566));
#1268=EDGE_LOOP('',(#5567,#5568,#5569,#5570));
#1269=EDGE_LOOP('',(#5571,#5572,#5573,#5574,#5575));
#1270=EDGE_LOOP('',(#5576,#5577,#5578,#5579));
#1271=EDGE_LOOP('',(#5580,#5581,#5582,#5583));
#1272=EDGE_LOOP('',(#5584,#5585,#5586,#5587));
#1273=EDGE_LOOP('',(#5588,#5589,#5590,#5591));
#1274=EDGE_LOOP('',(#5592,#5593,#5594,#5595));
#1275=EDGE_LOOP('',(#5596,#5597,#5598,#5599));
#1276=EDGE_LOOP('',(#5600,#5601,#5602,#5603));
#1277=EDGE_LOOP('',(#5604,#5605,#5606,#5607,#5608,#5609,#5610,#5611,#5612,
#5613,#5614,#5615,#5616,#5617,#5618,#5619,#5620,#5621,#5622,#5623,#5624));
#1278=EDGE_LOOP('',(#5625,#5626,#5627,#5628,#5629,#5630,#5631,#5632));
#1279=EDGE_LOOP('',(#5633,#5634,#5635,#5636));
#1280=EDGE_LOOP('',(#5637,#5638,#5639));
#1281=EDGE_LOOP('',(#5640,#5641,#5642,#5643));
#1282=EDGE_LOOP('',(#5644,#5645,#5646,#5647,#5648,#5649));
#1283=EDGE_LOOP('',(#5650,#5651,#5652,#5653,#5654,#5655,#5656));
#1284=EDGE_LOOP('',(#5657,#5658,#5659,#5660));
#1285=EDGE_LOOP('',(#5661,#5662,#5663,#5664));
#1286=EDGE_LOOP('',(#5665,#5666,#5667,#5668));
#1287=EDGE_LOOP('',(#5669,#5670,#5671,#5672,#5673,#5674,#5675,#5676,#5677,
#5678,#5679,#5680,#5681,#5682,#5683,#5684,#5685,#5686));
#1288=EDGE_LOOP('',(#5687,#5688,#5689,#5690,#5691,#5692,#5693,#5694,#5695,
#5696,#5697));
#1289=LINE('',#8309,#1825);
#1290=LINE('',#8311,#1826);
#1291=LINE('',#8313,#1827);
#1292=LINE('',#8314,#1828);
#1293=LINE('',#8317,#1829);
#1294=LINE('',#8319,#1830);
#1295=LINE('',#8320,#1831);
#1296=LINE('',#8326,#1832);
#1297=LINE('',#8328,#1833);
#1298=LINE('',#8330,#1834);
#1299=LINE('',#8332,#1835);
#1300=LINE('',#8334,#1836);
#1301=LINE('',#8336,#1837);
#1302=LINE('',#8338,#1838);
#1303=LINE('',#8340,#1839);
#1304=LINE('',#8344,#1840);
#1305=LINE('',#8348,#1841);
#1306=LINE('',#8352,#1842);
#1307=LINE('',#8358,#1843);
#1308=LINE('',#8362,#1844);
#1309=LINE('',#8364,#1845);
#1310=LINE('',#8366,#1846);
#1311=LINE('',#8368,#1847);
#1312=LINE('',#8370,#1848);
#1313=LINE('',#8371,#1849);
#1314=LINE('',#8375,#1850);
#1315=LINE('',#8379,#1851);
#1316=LINE('',#8383,#1852);
#1317=LINE('',#8387,#1853);
#1318=LINE('',#8391,#1854);
#1319=LINE('',#8395,#1855);
#1320=LINE('',#8399,#1856);
#1321=LINE('',#8403,#1857);
#1322=LINE('',#8407,#1858);
#1323=LINE('',#8411,#1859);
#1324=LINE('',#8413,#1860);
#1325=LINE('',#8417,#1861);
#1326=LINE('',#8419,#1862);
#1327=LINE('',#8421,#1863);
#1328=LINE('',#8441,#1864);
#1329=LINE('',#8531,#1865);
#1330=LINE('',#8621,#1866);
#1331=LINE('',#8673,#1867);
#1332=LINE('',#8725,#1868);
#1333=LINE('',#8815,#1869);
#1334=LINE('',#8905,#1870);
#1335=LINE('',#8957,#1871);
#1336=LINE('',#8958,#1872);
#1337=LINE('',#8961,#1873);
#1338=LINE('',#8963,#1874);
#1339=LINE('',#8965,#1875);
#1340=LINE('',#8967,#1876);
#1341=LINE('',#9019,#1877);
#1342=LINE('',#9071,#1878);
#1343=LINE('',#9073,#1879);
#1344=LINE('',#9075,#1880);
#1345=LINE('',#9077,#1881);
#1346=LINE('',#9079,#1882);
#1347=LINE('',#9131,#1883);
#1348=LINE('',#9182,#1884);
#1349=LINE('',#9185,#1885);
#1350=LINE('',#9189,#1886);
#1351=LINE('',#9193,#1887);
#1352=LINE('',#9197,#1888);
#1353=LINE('',#9201,#1889);
#1354=LINE('',#9203,#1890);
#1355=LINE('',#9205,#1891);
#1356=LINE('',#9207,#1892);
#1357=LINE('',#9259,#1893);
#1358=LINE('',#9311,#1894);
#1359=LINE('',#9313,#1895);
#1360=LINE('',#9315,#1896);
#1361=LINE('',#9317,#1897);
#1362=LINE('',#9319,#1898);
#1363=LINE('',#9371,#1899);
#1364=LINE('',#9422,#1900);
#1365=LINE('',#9425,#1901);
#1366=LINE('',#9477,#1902);
#1367=LINE('',#9529,#1903);
#1368=LINE('',#9581,#1904);
#1369=LINE('',#9639,#1905);
#1370=LINE('',#9643,#1906);
#1371=LINE('',#9647,#1907);
#1372=LINE('',#9650,#1908);
#1373=LINE('',#9657,#1909);
#1374=LINE('',#9659,#1910);
#1375=LINE('',#9660,#1911);
#1376=LINE('',#9663,#1912);
#1377=LINE('',#9664,#1913);
#1378=LINE('',#9678,#1914);
#1379=LINE('',#9694,#1915);
#1380=LINE('',#9746,#1916);
#1381=LINE('',#9783,#1917);
#1382=LINE('',#9784,#1918);
#1383=LINE('',#9788,#1919);
#1384=LINE('',#9790,#1920);
#1385=LINE('',#9794,#1921);
#1386=LINE('',#9798,#1922);
#1387=LINE('',#9802,#1923);
#1388=LINE('',#9806,#1924);
#1389=LINE('',#9809,#1925);
#1390=LINE('',#9812,#1926);
#1391=LINE('',#9816,#1927);
#1392=LINE('',#9817,#1928);
#1393=LINE('',#9821,#1929);
#1394=LINE('',#9822,#1930);
#1395=LINE('',#9824,#1931);
#1396=LINE('',#9825,#1932);
#1397=LINE('',#9847,#1933);
#1398=LINE('',#9849,#1934);
#1399=LINE('',#9851,#1935);
#1400=LINE('',#9862,#1936);
#1401=LINE('',#9864,#1937);
#1402=LINE('',#9868,#1938);
#1403=LINE('',#9872,#1939);
#1404=LINE('',#9874,#1940);
#1405=LINE('',#9876,#1941);
#1406=LINE('',#9882,#1942);
#1407=LINE('',#9888,#1943);
#1408=LINE('',#9892,#1944);
#1409=LINE('',#9896,#1945);
#1410=LINE('',#9900,#1946);
#1411=LINE('',#9904,#1947);
#1412=LINE('',#9908,#1948);
#1413=LINE('',#9912,#1949);
#1414=LINE('',#9916,#1950);
#1415=LINE('',#9920,#1951);
#1416=LINE('',#9924,#1952);
#1417=LINE('',#9926,#1953);
#1418=LINE('',#9928,#1954);
#1419=LINE('',#9936,#1955);
#1420=LINE('',#9991,#1956);
#1421=LINE('',#10046,#1957);
#1422=LINE('',#10054,#1958);
#1423=LINE('',#10062,#1959);
#1424=LINE('',#10117,#1960);
#1425=LINE('',#10171,#1961);
#1426=LINE('',#10174,#1962);
#1427=LINE('',#10182,#1963);
#1428=LINE('',#10190,#1964);
#1429=LINE('',#10198,#1965);
#1430=LINE('',#10206,#1966);
#1431=LINE('',#10208,#1967);
#1432=LINE('',#10216,#1968);
#1433=LINE('',#10224,#1969);
#1434=LINE('',#10226,#1970);
#1435=LINE('',#10228,#1971);
#1436=LINE('',#10230,#1972);
#1437=LINE('',#10232,#1973);
#1438=LINE('',#10240,#1974);
#1439=LINE('',#10248,#1975);
#1440=LINE('',#10250,#1976);
#1441=LINE('',#10251,#1977);
#1442=LINE('',#10254,#1978);
#1443=LINE('',#10256,#1979);
#1444=LINE('',#10264,#1980);
#1445=LINE('',#10272,#1981);
#1446=LINE('',#10274,#1982);
#1447=LINE('',#10276,#1983);
#1448=LINE('',#10278,#1984);
#1449=LINE('',#10280,#1985);
#1450=LINE('',#10288,#1986);
#1451=LINE('',#10296,#1987);
#1452=LINE('',#10298,#1988);
#1453=LINE('',#10299,#1989);
#1454=LINE('',#10301,#1990);
#1455=LINE('',#10306,#1991);
#1456=LINE('',#10308,#1992);
#1457=LINE('',#10310,#1993);
#1458=LINE('',#10311,#1994);
#1459=LINE('',#10317,#1995);
#1460=LINE('',#10321,#1996);
#1461=LINE('',#10323,#1997);
#1462=LINE('',#10327,#1998);
#1463=LINE('',#10331,#1999);
#1464=LINE('',#10334,#2000);
#1465=LINE('',#10336,#2001);
#1466=LINE('',#10338,#2002);
#1467=LINE('',#10339,#2003);
#1468=LINE('',#10343,#2004);
#1469=LINE('',#10344,#2005);
#1470=LINE('',#10345,#2006);
#1471=LINE('',#10347,#2007);
#1472=LINE('',#10349,#2008);
#1473=LINE('',#10398,#2009);
#1474=LINE('',#10476,#2010);
#1475=LINE('',#10511,#2011);
#1476=LINE('',#10517,#2012);
#1477=LINE('',#10523,#2013);
#1478=LINE('',#10529,#2014);
#1479=LINE('',#10535,#2015);
#1480=LINE('',#10541,#2016);
#1481=LINE('',#10547,#2017);
#1482=LINE('',#10553,#2018);
#1483=LINE('',#10556,#2019);
#1484=LINE('',#10558,#2020);
#1485=LINE('',#10559,#2021);
#1486=LINE('',#10563,#2022);
#1487=LINE('',#10566,#2023);
#1488=LINE('',#10567,#2024);
#1489=LINE('',#10571,#2025);
#1490=LINE('',#10574,#2026);
#1491=LINE('',#10575,#2027);
#1492=LINE('',#10579,#2028);
#1493=LINE('',#10582,#2029);
#1494=LINE('',#10583,#2030);
#1495=LINE('',#10591,#2031);
#1496=LINE('',#10616,#2032);
#1497=LINE('',#10644,#2033);
#1498=LINE('',#10670,#2034);
#1499=LINE('',#10716,#2035);
#1500=LINE('',#10719,#2036);
#1501=LINE('',#10744,#2037);
#1502=LINE('',#10771,#2038);
#1503=LINE('',#10797,#2039);
#1504=LINE('',#10824,#2040);
#1505=LINE('',#10850,#2041);
#1506=LINE('',#10902,#2042);
#1507=LINE('',#10924,#2043);
#1508=LINE('',#10949,#2044);
#1509=LINE('',#10975,#2045);
#1510=LINE('',#11001,#2046);
#1511=LINE('',#11029,#2047);
#1512=LINE('',#11036,#2048);
#1513=LINE('',#11038,#2049);
#1514=LINE('',#11043,#2050);
#1515=LINE('',#11045,#2051);
#1516=LINE('',#11047,#2052);
#1517=LINE('',#11048,#2053);
#1518=LINE('',#11052,#2054);
#1519=LINE('',#11054,#2055);
#1520=LINE('',#11056,#2056);
#1521=LINE('',#11057,#2057);
#1522=LINE('',#11061,#2058);
#1523=LINE('',#11065,#2059);
#1524=LINE('',#11067,#2060);
#1525=LINE('',#11072,#2061);
#1526=LINE('',#11074,#2062);
#1527=LINE('',#11076,#2063);
#1528=LINE('',#11077,#2064);
#1529=LINE('',#11085,#2065);
#1530=LINE('',#11091,#2066);
#1531=LINE('',#11097,#2067);
#1532=LINE('',#11101,#2068);
#1533=LINE('',#11105,#2069);
#1534=LINE('',#11109,#2070);
#1535=LINE('',#11113,#2071);
#1536=LINE('',#11121,#2072);
#1537=LINE('',#11125,#2073);
#1538=LINE('',#11129,#2074);
#1539=LINE('',#11133,#2075);
#1540=LINE('',#11137,#2076);
#1541=LINE('',#11141,#2077);
#1542=LINE('',#11144,#2078);
#1543=LINE('',#11146,#2079);
#1544=LINE('',#11148,#2080);
#1545=LINE('',#11150,#2081);
#1546=LINE('',#11154,#2082);
#1547=LINE('',#11156,#2083);
#1548=LINE('',#11160,#2084);
#1549=LINE('',#11164,#2085);
#1550=LINE('',#11168,#2086);
#1551=LINE('',#11173,#2087);
#1552=LINE('',#11177,#2088);
#1553=LINE('',#11182,#2089);
#1554=LINE('',#11190,#2090);
#1555=LINE('',#11194,#2091);
#1556=LINE('',#11198,#2092);
#1557=LINE('',#11202,#2093);
#1558=LINE('',#11212,#2094);
#1559=LINE('',#11216,#2095);
#1560=LINE('',#11217,#2096);
#1561=LINE('',#11229,#2097);
#1562=LINE('',#11235,#2098);
#1563=LINE('',#11240,#2099);
#1564=LINE('',#11250,#2100);
#1565=LINE('',#11255,#2101);
#1566=LINE('',#11256,#2102);
#1567=LINE('',#11257,#2103);
#1568=LINE('',#11269,#2104);
#1569=LINE('',#11271,#2105);
#1570=LINE('',#11272,#2106);
#1571=LINE('',#11275,#2107);
#1572=LINE('',#11277,#2108);
#1573=LINE('',#11278,#2109);
#1574=LINE('',#11281,#2110);
#1575=LINE('',#11283,#2111);
#1576=LINE('',#11284,#2112);
#1577=LINE('',#11287,#2113);
#1578=LINE('',#11288,#2114);
#1579=LINE('',#11293,#2115);
#1580=LINE('',#11300,#2116);
#1581=LINE('',#11307,#2117);
#1582=LINE('',#11314,#2118);
#1583=LINE('',#11319,#2119);
#1584=LINE('',#11324,#2120);
#1585=LINE('',#11329,#2121);
#1586=LINE('',#11332,#2122);
#1587=LINE('',#11335,#2123);
#1588=LINE('',#11336,#2124);
#1589=LINE('',#11338,#2125);
#1590=LINE('',#11341,#2126);
#1591=LINE('',#11343,#2127);
#1592=LINE('',#11344,#2128);
#1593=LINE('',#11346,#2129);
#1594=LINE('',#11347,#2130);
#1595=LINE('',#11348,#2131);
#1596=LINE('',#11350,#2132);
#1597=LINE('',#11351,#2133);
#1598=LINE('',#11354,#2134);
#1599=LINE('',#11356,#2135);
#1600=LINE('',#11357,#2136);
#1601=LINE('',#11360,#2137);
#1602=LINE('',#11361,#2138);
#1603=LINE('',#11364,#2139);
#1604=LINE('',#11367,#2140);
#1605=LINE('',#11371,#2141);
#1606=LINE('',#11372,#2142);
#1607=LINE('',#11374,#2143);
#1608=LINE('',#11376,#2144);
#1609=LINE('',#11378,#2145);
#1610=LINE('',#11379,#2146);
#1611=LINE('',#11381,#2147);
#1612=LINE('',#11395,#2148);
#1613=LINE('',#11396,#2149);
#1614=LINE('',#11401,#2150);
#1615=LINE('',#11402,#2151);
#1616=LINE('',#11405,#2152);
#1617=LINE('',#11406,#2153);
#1618=LINE('',#11409,#2154);
#1619=LINE('',#11423,#2155);
#1620=LINE('',#11424,#2156);
#1621=LINE('',#11425,#2157);
#1622=LINE('',#11445,#2158);
#1623=LINE('',#11447,#2159);
#1624=LINE('',#11448,#2160);
#1625=LINE('',#11450,#2161);
#1626=LINE('',#11452,#2162);
#1627=LINE('',#11455,#2163);
#1628=LINE('',#11458,#2164);
#1629=LINE('',#11459,#2165);
#1630=LINE('',#11465,#2166);
#1631=LINE('',#11471,#2167);
#1632=LINE('',#11477,#2168);
#1633=LINE('',#11479,#2169);
#1634=LINE('',#11480,#2170);
#1635=LINE('',#11483,#2171);
#1636=LINE('',#11485,#2172);
#1637=LINE('',#11486,#2173);
#1638=LINE('',#11491,#2174);
#1639=LINE('',#11496,#2175);
#1640=LINE('',#11502,#2176);
#1641=LINE('',#11503,#2177);
#1642=LINE('',#11505,#2178);
#1643=LINE('',#11507,#2179);
#1644=LINE('',#11508,#2180);
#1645=LINE('',#11510,#2181);
#1646=LINE('',#11511,#2182);
#1647=LINE('',#11513,#2183);
#1648=LINE('',#11515,#2184);
#1649=LINE('',#11517,#2185);
#1650=LINE('',#11519,#2186);
#1651=LINE('',#11521,#2187);
#1652=LINE('',#11525,#2188);
#1653=LINE('',#11529,#2189);
#1654=LINE('',#11530,#2190);
#1655=LINE('',#11533,#2191);
#1656=LINE('',#11535,#2192);
#1657=LINE('',#11536,#2193);
#1658=LINE('',#11539,#2194);
#1659=LINE('',#11542,#2195);
#1660=LINE('',#11543,#2196);
#1661=LINE('',#11545,#2197);
#1662=LINE('',#11549,#2198);
#1663=LINE('',#11551,#2199);
#1664=LINE('',#11553,#2200);
#1665=LINE('',#11554,#2201);
#1666=LINE('',#11562,#2202);
#1667=LINE('',#11565,#2203);
#1668=LINE('',#11567,#2204);
#1669=LINE('',#11569,#2205);
#1670=LINE('',#11571,#2206);
#1671=LINE('',#11573,#2207);
#1672=LINE('',#11575,#2208);
#1673=LINE('',#11577,#2209);
#1674=LINE('',#11579,#2210);
#1675=LINE('',#11582,#2211);
#1676=LINE('',#11583,#2212);
#1677=LINE('',#11585,#2213);
#1678=LINE('',#11587,#2214);
#1679=LINE('',#11589,#2215);
#1680=LINE('',#11593,#2216);
#1681=LINE('',#11594,#2217);
#1682=LINE('',#11599,#2218);
#1683=LINE('',#11606,#2219);
#1684=LINE('',#11609,#2220);
#1685=LINE('',#11611,#2221);
#1686=LINE('',#11612,#2222);
#1687=LINE('',#11617,#2223);
#1688=LINE('',#11619,#2224);
#1689=LINE('',#11624,#2225);
#1690=LINE('',#11625,#2226);
#1691=LINE('',#11626,#2227);
#1692=LINE('',#11630,#2228);
#1693=LINE('',#11633,#2229);
#1694=LINE('',#11634,#2230);
#1695=LINE('',#11692,#2231);
#1696=LINE('',#11697,#2232);
#1697=LINE('',#11698,#2233);
#1698=LINE('',#11701,#2234);
#1699=LINE('',#11702,#2235);
#1700=LINE('',#11706,#2236);
#1701=LINE('',#11709,#2237);
#1702=LINE('',#11710,#2238);
#1703=LINE('',#11714,#2239);
#1704=LINE('',#11716,#2240);
#1705=LINE('',#11720,#2241);
#1706=LINE('',#11722,#2242);
#1707=LINE('',#11723,#2243);
#1708=LINE('',#11724,#2244);
#1709=LINE('',#11782,#2245);
#1710=LINE('',#11785,#2246);
#1711=LINE('',#11786,#2247);
#1712=LINE('',#11790,#2248);
#1713=LINE('',#11793,#2249);
#1714=LINE('',#11794,#2250);
#1715=LINE('',#11799,#2251);
#1716=LINE('',#11801,#2252);
#1717=LINE('',#11802,#2253);
#1718=LINE('',#11808,#2254);
#1719=LINE('',#11812,#2255);
#1720=LINE('',#11880,#2256);
#1721=LINE('',#11896,#2257);
#1722=LINE('',#11912,#2258);
#1723=LINE('',#11914,#2259);
#1724=LINE('',#11915,#2260);
#1725=LINE('',#11936,#2261);
#1726=LINE('',#11940,#2262);
#1727=LINE('',#11943,#2263);
#1728=LINE('',#11944,#2264);
#1729=LINE('',#11948,#2265);
#1730=LINE('',#11952,#2266);
#1731=LINE('',#11955,#2267);
#1732=LINE('',#11956,#2268);
#1733=LINE('',#12002,#2269);
#1734=LINE('',#12006,#2270);
#1735=LINE('',#12009,#2271);
#1736=LINE('',#12010,#2272);
#1737=LINE('',#12041,#2273);
#1738=LINE('',#12043,#2274);
#1739=LINE('',#12084,#2275);
#1740=LINE('',#12092,#2276);
#1741=LINE('',#12099,#2277);
#1742=LINE('',#12540,#2278);
#1743=LINE('',#12542,#2279);
#1744=LINE('',#12543,#2280);
#1745=LINE('',#12561,#2281);
#1746=LINE('',#12567,#2282);
#1747=LINE('',#12571,#2283);
#1748=LINE('',#12574,#2284);
#1749=LINE('',#12575,#2285);
#1750=LINE('',#12595,#2286);
#1751=LINE('',#12601,#2287);
#1752=LINE('',#12635,#2288);
#1753=LINE('',#12638,#2289);
#1754=LINE('',#12639,#2290);
#1755=LINE('',#12640,#2291);
#1756=LINE('',#12676,#2292);
#1757=LINE('',#12679,#2293);
#1758=LINE('',#12680,#2294);
#1759=LINE('',#12692,#2295);
#1760=LINE('',#12693,#2296);
#1761=LINE('',#12695,#2297);
#1762=LINE('',#12711,#2298);
#1763=LINE('',#12727,#2299);
#1764=LINE('',#12738,#2300);
#1765=LINE('',#12741,#2301);
#1766=LINE('',#12742,#2302);
#1767=LINE('',#12746,#2303);
#1768=LINE('',#12764,#2304);
#1769=LINE('',#12765,#2305);
#1770=LINE('',#12767,#2306);
#1771=LINE('',#12769,#2307);
#1772=LINE('',#12787,#2308);
#1773=LINE('',#12788,#2309);
#1774=LINE('',#12805,#2310);
#1775=LINE('',#12807,#2311);
#1776=LINE('',#12825,#2312);
#1777=LINE('',#12827,#2313);
#1778=LINE('',#12831,#2314);
#1779=LINE('',#12832,#2315);
#1780=LINE('',#12835,#2316);
#1781=LINE('',#12836,#2317);
#1782=LINE('',#12837,#2318);
#1783=LINE('',#12840,#2319);
#1784=LINE('',#12841,#2320);
#1785=LINE('',#12843,#2321);
#1786=LINE('',#12848,#2322);
#1787=LINE('',#12850,#2323);
#1788=LINE('',#12851,#2324);
#1789=LINE('',#12853,#2325);
#1790=LINE('',#12856,#2326);
#1791=LINE('',#12857,#2327);
#1792=LINE('',#12859,#2328);
#1793=LINE('',#12860,#2329);
#1794=LINE('',#12862,#2330);
#1795=LINE('',#12864,#2331);
#1796=LINE('',#12866,#2332);
#1797=LINE('',#12868,#2333);
#1798=LINE('',#12870,#2334);
#1799=LINE('',#12872,#2335);
#1800=LINE('',#12875,#2336);
#1801=LINE('',#12901,#2337);
#1802=LINE('',#12903,#2338);
#1803=LINE('',#12905,#2339);
#1804=LINE('',#12910,#2340);
#1805=LINE('',#12914,#2341);
#1806=LINE('',#12915,#2342);
#1807=LINE('',#12922,#2343);
#1808=LINE('',#12926,#2344);
#1809=LINE('',#12929,#2345);
#1810=LINE('',#12930,#2346);
#1811=LINE('',#12995,#2347);
#1812=LINE('',#13083,#2348);
#1813=LINE('',#13118,#2349);
#1814=LINE('',#13120,#2350);
#1815=LINE('',#13121,#2351);
#1816=LINE('',#13126,#2352);
#1817=LINE('',#13130,#2353);
#1818=LINE('',#13131,#2354);
#1819=LINE('',#13135,#2355);
#1820=LINE('',#13137,#2356);
#1821=LINE('',#13140,#2357);
#1822=LINE('',#13142,#2358);
#1823=LINE('',#13166,#2359);
#1824=LINE('',#13204,#2360);
#1825=VECTOR('',#6721,10.);
#1826=VECTOR('',#6722,10.);
#1827=VECTOR('',#6723,10.);
#1828=VECTOR('',#6724,10.);
#1829=VECTOR('',#6727,10.);
#1830=VECTOR('',#6728,10.);
#1831=VECTOR('',#6729,10.);
#1832=VECTOR('',#6734,10.);
#1833=VECTOR('',#6735,10.);
#1834=VECTOR('',#6736,10.);
#1835=VECTOR('',#6737,10.);
#1836=VECTOR('',#6738,10.);
#1837=VECTOR('',#6739,10.);
#1838=VECTOR('',#6740,10.);
#1839=VECTOR('',#6741,10.);
#1840=VECTOR('',#6744,10.);
#1841=VECTOR('',#6747,10.);
#1842=VECTOR('',#6750,10.);
#1843=VECTOR('',#6755,10.);
#1844=VECTOR('',#6758,10.);
#1845=VECTOR('',#6759,10.);
#1846=VECTOR('',#6760,10.);
#1847=VECTOR('',#6761,10.);
#1848=VECTOR('',#6762,10.);
#1849=VECTOR('',#6763,10.);
#1850=VECTOR('',#6766,10.);
#1851=VECTOR('',#6769,10.);
#1852=VECTOR('',#6772,10.);
#1853=VECTOR('',#6775,10.);
#1854=VECTOR('',#6778,10.);
#1855=VECTOR('',#6781,10.);
#1856=VECTOR('',#6784,10.);
#1857=VECTOR('',#6787,10.);
#1858=VECTOR('',#6790,10.);
#1859=VECTOR('',#6793,10.);
#1860=VECTOR('',#6794,10.);
#1861=VECTOR('',#6797,10.);
#1862=VECTOR('',#6798,10.);
#1863=VECTOR('',#6799,10.);
#1864=VECTOR('',#6804,10.);
#1865=VECTOR('',#6805,10.);
#1866=VECTOR('',#6806,10.);
#1867=VECTOR('',#6807,10.);
#1868=VECTOR('',#6808,10.);
#1869=VECTOR('',#6809,10.);
#1870=VECTOR('',#6810,10.);
#1871=VECTOR('',#6811,10.);
#1872=VECTOR('',#6812,10.);
#1873=VECTOR('',#6813,10.);
#1874=VECTOR('',#6814,10.);
#1875=VECTOR('',#6815,10.);
#1876=VECTOR('',#6816,10.);
#1877=VECTOR('',#6817,10.);
#1878=VECTOR('',#6818,10.);
#1879=VECTOR('',#6819,10.);
#1880=VECTOR('',#6820,10.);
#1881=VECTOR('',#6821,10.);
#1882=VECTOR('',#6822,10.);
#1883=VECTOR('',#6823,10.);
#1884=VECTOR('',#6824,10.);
#1885=VECTOR('',#6825,10.);
#1886=VECTOR('',#6828,10.);
#1887=VECTOR('',#6831,10.);
#1888=VECTOR('',#6834,10.);
#1889=VECTOR('',#6837,10.);
#1890=VECTOR('',#6838,10.);
#1891=VECTOR('',#6839,10.);
#1892=VECTOR('',#6840,10.);
#1893=VECTOR('',#6841,10.);
#1894=VECTOR('',#6842,10.);
#1895=VECTOR('',#6843,10.);
#1896=VECTOR('',#6844,10.);
#1897=VECTOR('',#6845,10.);
#1898=VECTOR('',#6846,10.);
#1899=VECTOR('',#6847,10.);
#1900=VECTOR('',#6848,10.);
#1901=VECTOR('',#6849,10.);
#1902=VECTOR('',#6850,10.);
#1903=VECTOR('',#6851,10.);
#1904=VECTOR('',#6852,10.);
#1905=VECTOR('',#6859,10.);
#1906=VECTOR('',#6862,10.);
#1907=VECTOR('',#6865,10.);
#1908=VECTOR('',#6868,10.);
#1909=VECTOR('',#6875,10.);
#1910=VECTOR('',#6876,10.);
#1911=VECTOR('',#6877,10.);
#1912=VECTOR('',#6880,10.);
#1913=VECTOR('',#6881,10.);
#1914=VECTOR('',#6882,10.);
#1915=VECTOR('',#6883,10.);
#1916=VECTOR('',#6890,10.);
#1917=VECTOR('',#6893,10.);
#1918=VECTOR('',#6894,10.);
#1919=VECTOR('',#6897,10.);
#1920=VECTOR('',#6898,10.);
#1921=VECTOR('',#6903,10.);
#1922=VECTOR('',#6906,10.);
#1923=VECTOR('',#6909,10.);
#1924=VECTOR('',#6912,10.);
#1925=VECTOR('',#6915,10.);
#1926=VECTOR('',#6918,10.);
#1927=VECTOR('',#6921,10.);
#1928=VECTOR('',#6922,10.);
#1929=VECTOR('',#6925,10.);
#1930=VECTOR('',#6926,10.);
#1931=VECTOR('',#6927,10.);
#1932=VECTOR('',#6928,10.);
#1933=VECTOR('',#6941,10.);
#1934=VECTOR('',#6942,10.);
#1935=VECTOR('',#6943,10.);
#1936=VECTOR('',#6948,10.);
#1937=VECTOR('',#6949,10.);
#1938=VECTOR('',#6952,10.);
#1939=VECTOR('',#6955,10.);
#1940=VECTOR('',#6956,10.);
#1941=VECTOR('',#6957,10.);
#1942=VECTOR('',#6962,10.);
#1943=VECTOR('',#6967,10.);
#1944=VECTOR('',#6970,10.);
#1945=VECTOR('',#6973,10.);
#1946=VECTOR('',#6976,10.);
#1947=VECTOR('',#6979,10.);
#1948=VECTOR('',#6982,10.);
#1949=VECTOR('',#6985,10.);
#1950=VECTOR('',#6988,10.);
#1951=VECTOR('',#6991,10.);
#1952=VECTOR('',#6994,10.);
#1953=VECTOR('',#6997,10.);
#1954=VECTOR('',#6998,10.);
#1955=VECTOR('',#6999,10.);
#1956=VECTOR('',#7000,10.);
#1957=VECTOR('',#7001,10.);
#1958=VECTOR('',#7002,10.);
#1959=VECTOR('',#7003,10.);
#1960=VECTOR('',#7004,10.);
#1961=VECTOR('',#7005,10.);
#1962=VECTOR('',#7006,10.);
#1963=VECTOR('',#7007,10.);
#1964=VECTOR('',#7008,10.);
#1965=VECTOR('',#7009,10.);
#1966=VECTOR('',#7010,10.);
#1967=VECTOR('',#7011,10.);
#1968=VECTOR('',#7012,10.);
#1969=VECTOR('',#7013,10.);
#1970=VECTOR('',#7014,10.);
#1971=VECTOR('',#7015,10.);
#1972=VECTOR('',#7016,10.);
#1973=VECTOR('',#7017,10.);
#1974=VECTOR('',#7018,10.);
#1975=VECTOR('',#7019,10.);
#1976=VECTOR('',#7020,10.);
#1977=VECTOR('',#7021,10.);
#1978=VECTOR('',#7022,10.);
#1979=VECTOR('',#7023,10.);
#1980=VECTOR('',#7024,10.);
#1981=VECTOR('',#7025,10.);
#1982=VECTOR('',#7026,10.);
#1983=VECTOR('',#7027,10.);
#1984=VECTOR('',#7028,10.);
#1985=VECTOR('',#7029,10.);
#1986=VECTOR('',#7030,10.);
#1987=VECTOR('',#7031,10.);
#1988=VECTOR('',#7032,10.);
#1989=VECTOR('',#7033,10.);
#1990=VECTOR('',#7036,10.);
#1991=VECTOR('',#7041,10.);
#1992=VECTOR('',#7042,10.);
#1993=VECTOR('',#7043,10.);
#1994=VECTOR('',#7044,10.);
#1995=VECTOR('',#7049,10.);
#1996=VECTOR('',#7052,10.);
#1997=VECTOR('',#7053,10.);
#1998=VECTOR('',#7056,10.);
#1999=VECTOR('',#7059,10.);
#2000=VECTOR('',#7062,10.);
#2001=VECTOR('',#7063,10.);
#2002=VECTOR('',#7064,10.);
#2003=VECTOR('',#7065,10.);
#2004=VECTOR('',#7068,10.);
#2005=VECTOR('',#7069,10.);
#2006=VECTOR('',#7070,10.);
#2007=VECTOR('',#7073,10.);
#2008=VECTOR('',#7076,10.);
#2009=VECTOR('',#7077,10.);
#2010=VECTOR('',#7080,10.);
#2011=VECTOR('',#7085,10.);
#2012=VECTOR('',#7088,10.);
#2013=VECTOR('',#7091,10.);
#2014=VECTOR('',#7094,10.);
#2015=VECTOR('',#7097,10.);
#2016=VECTOR('',#7100,10.);
#2017=VECTOR('',#7103,10.);
#2018=VECTOR('',#7106,10.);
#2019=VECTOR('',#7109,10.);
#2020=VECTOR('',#7110,10.);
#2021=VECTOR('',#7111,10.);
#2022=VECTOR('',#7116,10.);
#2023=VECTOR('',#7119,10.);
#2024=VECTOR('',#7120,10.);
#2025=VECTOR('',#7125,10.);
#2026=VECTOR('',#7128,10.);
#2027=VECTOR('',#7129,10.);
#2028=VECTOR('',#7134,10.);
#2029=VECTOR('',#7137,10.);
#2030=VECTOR('',#7138,10.);
#2031=VECTOR('',#7153,10.);
#2032=VECTOR('',#7154,10.);
#2033=VECTOR('',#7161,10.);
#2034=VECTOR('',#7164,10.);
#2035=VECTOR('',#7167,10.);
#2036=VECTOR('',#7172,10.);
#2037=VECTOR('',#7173,10.);
#2038=VECTOR('',#7178,10.);
#2039=VECTOR('',#7181,10.);
#2040=VECTOR('',#7186,10.);
#2041=VECTOR('',#7189,10.);
#2042=VECTOR('',#7196,10.);
#2043=VECTOR('',#7199,10.);
#2044=VECTOR('',#7200,10.);
#2045=VECTOR('',#7203,10.);
#2046=VECTOR('',#7206,10.);
#2047=VECTOR('',#7211,10.);
#2048=VECTOR('',#7218,10.);
#2049=VECTOR('',#7219,1.95);
#2050=VECTOR('',#7224,10.);
#2051=VECTOR('',#7225,10.);
#2052=VECTOR('',#7226,10.);
#2053=VECTOR('',#7227,10.);
#2054=VECTOR('',#7230,10.);
#2055=VECTOR('',#7231,10.);
#2056=VECTOR('',#7232,10.);
#2057=VECTOR('',#7233,10.);
#2058=VECTOR('',#7236,10.);
#2059=VECTOR('',#7241,10.);
#2060=VECTOR('',#7242,10.);
#2061=VECTOR('',#7247,10.);
#2062=VECTOR('',#7248,10.);
#2063=VECTOR('',#7249,10.);
#2064=VECTOR('',#7250,10.);
#2065=VECTOR('',#7257,10.);
#2066=VECTOR('',#7262,10.);
#2067=VECTOR('',#7267,10.);
#2068=VECTOR('',#7270,10.);
#2069=VECTOR('',#7273,10.);
#2070=VECTOR('',#7276,10.);
#2071=VECTOR('',#7279,10.);
#2072=VECTOR('',#7286,10.);
#2073=VECTOR('',#7289,10.);
#2074=VECTOR('',#7292,10.);
#2075=VECTOR('',#7295,10.);
#2076=VECTOR('',#7298,10.);
#2077=VECTOR('',#7301,10.);
#2078=VECTOR('',#7304,10.);
#2079=VECTOR('',#7305,10.);
#2080=VECTOR('',#7306,10.);
#2081=VECTOR('',#7307,10.);
#2082=VECTOR('',#7310,10.);
#2083=VECTOR('',#7311,10.);
#2084=VECTOR('',#7314,10.);
#2085=VECTOR('',#7317,10.);
#2086=VECTOR('',#7320,10.);
#2087=VECTOR('',#7325,10.);
#2088=VECTOR('',#7328,10.);
#2089=VECTOR('',#7333,10.);
#2090=VECTOR('',#7340,10.);
#2091=VECTOR('',#7343,10.);
#2092=VECTOR('',#7346,10.);
#2093=VECTOR('',#7349,10.);
#2094=VECTOR('',#7356,10.);
#2095=VECTOR('',#7361,10.);
#2096=VECTOR('',#7362,10.);
#2097=VECTOR('',#7371,10.0023480581671);
#2098=VECTOR('',#7376,10.);
#2099=VECTOR('',#7381,10.);
#2100=VECTOR('',#7386,10.);
#2101=VECTOR('',#7391,9.99999999999999);
#2102=VECTOR('',#7392,10.);
#2103=VECTOR('',#7393,10.);
#2104=VECTOR('',#7402,10.);
#2105=VECTOR('',#7403,10.);
#2106=VECTOR('',#7404,10.);
#2107=VECTOR('',#7407,10.);
#2108=VECTOR('',#7408,10.);
#2109=VECTOR('',#7409,10.);
#2110=VECTOR('',#7412,10.);
#2111=VECTOR('',#7413,10.);
#2112=VECTOR('',#7414,10.);
#2113=VECTOR('',#7417,10.);
#2114=VECTOR('',#7418,10.);
#2115=VECTOR('',#7423,0.8115);
#2116=VECTOR('',#7432,0.8115);
#2117=VECTOR('',#7441,0.8115);
#2118=VECTOR('',#7450,0.8115);
#2119=VECTOR('',#7457,2.05);
#2120=VECTOR('',#7464,2.05);
#2121=VECTOR('',#7471,10.);
#2122=VECTOR('',#7474,10.);
#2123=VECTOR('',#7477,10.);
#2124=VECTOR('',#7478,10.);
#2125=VECTOR('',#7481,10.);
#2126=VECTOR('',#7484,10.);
#2127=VECTOR('',#7485,10.);
#2128=VECTOR('',#7486,10.);
#2129=VECTOR('',#7489,10.);
#2130=VECTOR('',#7490,10.);
#2131=VECTOR('',#7491,10.);
#2132=VECTOR('',#7492,10.);
#2133=VECTOR('',#7493,10.);
#2134=VECTOR('',#7496,10.);
#2135=VECTOR('',#7497,10.);
#2136=VECTOR('',#7498,10.);
#2137=VECTOR('',#7501,2.);
#2138=VECTOR('',#7502,10.);
#2139=VECTOR('',#7505,10.);
#2140=VECTOR('',#7510,10.);
#2141=VECTOR('',#7513,10.);
#2142=VECTOR('',#7514,10.);
#2143=VECTOR('',#7515,10.);
#2144=VECTOR('',#7516,10.);
#2145=VECTOR('',#7517,10.);
#2146=VECTOR('',#7518,10.);
#2147=VECTOR('',#7519,10.);
#2148=VECTOR('',#7520,10.);
#2149=VECTOR('',#7521,10.);
#2150=VECTOR('',#7526,10.);
#2151=VECTOR('',#7527,10.);
#2152=VECTOR('',#7530,10.);
#2153=VECTOR('',#7531,10.);
#2154=VECTOR('',#7534,10.);
#2155=VECTOR('',#7535,10.);
#2156=VECTOR('',#7536,10.);
#2157=VECTOR('',#7537,10.);
#2158=VECTOR('',#7542,10.);
#2159=VECTOR('',#7543,10.);
#2160=VECTOR('',#7544,10.0012795857377);
#2161=VECTOR('',#7547,10.);
#2162=VECTOR('',#7550,10.);
#2163=VECTOR('',#7555,10.);
#2164=VECTOR('',#7560,10.);
#2165=VECTOR('',#7561,10.);
#2166=VECTOR('',#7572,10.);
#2167=VECTOR('',#7579,0.8115);
#2168=VECTOR('',#7588,10.);
#2169=VECTOR('',#7589,10.);
#2170=VECTOR('',#7590,10.);
#2171=VECTOR('',#7593,10.);
#2172=VECTOR('',#7594,10.);
#2173=VECTOR('',#7595,10.);
#2174=VECTOR('',#7600,0.8115);
#2175=VECTOR('',#7607,1.95000000000001);
#2176=VECTOR('',#7614,10.);
#2177=VECTOR('',#7615,10.);
#2178=VECTOR('',#7616,10.);
#2179=VECTOR('',#7617,10.);
#2180=VECTOR('',#7618,10.);
#2181=VECTOR('',#7621,10.);
#2182=VECTOR('',#7622,10.);
#2183=VECTOR('',#7625,10.);
#2184=VECTOR('',#7628,10.);
#2185=VECTOR('',#7631,10.);
#2186=VECTOR('',#7634,10.);
#2187=VECTOR('',#7637,10.);
#2188=VECTOR('',#7642,10.);
#2189=VECTOR('',#7647,10.);
#2190=VECTOR('',#7648,10.);
#2191=VECTOR('',#7651,10.);
#2192=VECTOR('',#7652,10.);
#2193=VECTOR('',#7653,10.);
#2194=VECTOR('',#7656,10.);
#2195=VECTOR('',#7661,10.);
#2196=VECTOR('',#7662,10.);
#2197=VECTOR('',#7665,10.);
#2198=VECTOR('',#7668,10.);
#2199=VECTOR('',#7669,10.);
#2200=VECTOR('',#7670,10.);
#2201=VECTOR('',#7671,10.);
#2202=VECTOR('',#7684,1.95);
#2203=VECTOR('',#7689,10.);
#2204=VECTOR('',#7692,10.);
#2205=VECTOR('',#7695,10.);
#2206=VECTOR('',#7698,10.);
#2207=VECTOR('',#7701,10.);
#2208=VECTOR('',#7704,10.);
#2209=VECTOR('',#7707,10.);
#2210=VECTOR('',#7710,10.);
#2211=VECTOR('',#7713,10.);
#2212=VECTOR('',#7714,10.);
#2213=VECTOR('',#7717,10.);
#2214=VECTOR('',#7720,10.);
#2215=VECTOR('',#7723,10.);
#2216=VECTOR('',#7728,10.);
#2217=VECTOR('',#7729,10.);
#2218=VECTOR('',#7734,10.);
#2219=VECTOR('',#7743,10.);
#2220=VECTOR('',#7746,10.);
#2221=VECTOR('',#7747,10.);
#2222=VECTOR('',#7748,10.);
#2223=VECTOR('',#7753,10.);
#2224=VECTOR('',#7754,10.);
#2225=VECTOR('',#7759,10.);
#2226=VECTOR('',#7760,10.);
#2227=VECTOR('',#7761,10.);
#2228=VECTOR('',#7766,10.);
#2229=VECTOR('',#7769,10.);
#2230=VECTOR('',#7770,10.);
#2231=VECTOR('',#7773,10.);
#2232=VECTOR('',#7778,10.);
#2233=VECTOR('',#7779,10.);
#2234=VECTOR('',#7782,10.);
#2235=VECTOR('',#7783,10.);
#2236=VECTOR('',#7788,10.);
#2237=VECTOR('',#7791,10.);
#2238=VECTOR('',#7792,10.);
#2239=VECTOR('',#7797,10.);
#2240=VECTOR('',#7800,10.);
#2241=VECTOR('',#7803,10.);
#2242=VECTOR('',#7804,10.);
#2243=VECTOR('',#7805,10.);
#2244=VECTOR('',#7806,10.);
#2245=VECTOR('',#7809,10.);
#2246=VECTOR('',#7812,10.);
#2247=VECTOR('',#7813,10.);
#2248=VECTOR('',#7818,10.);
#2249=VECTOR('',#7821,10.);
#2250=VECTOR('',#7822,10.);
#2251=VECTOR('',#7829,10.);
#2252=VECTOR('',#7830,1.);
#2253=VECTOR('',#7831,10.);
#2254=VECTOR('',#7836,1.);
#2255=VECTOR('',#7839,1.);
#2256=VECTOR('',#7842,1.);
#2257=VECTOR('',#7853,10.);
#2258=VECTOR('',#7856,10.);
#2259=VECTOR('',#7857,10.);
#2260=VECTOR('',#7858,10.);
#2261=VECTOR('',#7869,10.);
#2262=VECTOR('',#7874,10.);
#2263=VECTOR('',#7877,10.);
#2264=VECTOR('',#7878,10.);
#2265=VECTOR('',#7883,10.);
#2266=VECTOR('',#7888,10.);
#2267=VECTOR('',#7891,10.);
#2268=VECTOR('',#7892,10.);
#2269=VECTOR('',#7895,10.);
#2270=VECTOR('',#7900,10.);
#2271=VECTOR('',#7903,10.);
#2272=VECTOR('',#7904,10.);
#2273=VECTOR('',#7907,10.);
#2274=VECTOR('',#7910,10.);
#2275=VECTOR('',#7927,10.);
#2276=VECTOR('',#7938,10.);
#2277=VECTOR('',#7947,10.);
#2278=VECTOR('',#8020,10.);
#2279=VECTOR('',#8023,10.);
#2280=VECTOR('',#8024,10.);
#2281=VECTOR('',#8025,10.);
#2282=VECTOR('',#8026,10.);
#2283=VECTOR('',#8031,10.);
#2284=VECTOR('',#8034,10.);
#2285=VECTOR('',#8035,10.);
#2286=VECTOR('',#8040,10.);
#2287=VECTOR('',#8041,10.);
#2288=VECTOR('',#8042,10.);
#2289=VECTOR('',#8045,10.);
#2290=VECTOR('',#8046,10.);
#2291=VECTOR('',#8047,10.);
#2292=VECTOR('',#8052,10.);
#2293=VECTOR('',#8055,10.);
#2294=VECTOR('',#8056,10.);
#2295=VECTOR('',#8063,10.);
#2296=VECTOR('',#8064,10.);
#2297=VECTOR('',#8065,10.);
#2298=VECTOR('',#8066,10.);
#2299=VECTOR('',#8067,10.);
#2300=VECTOR('',#8072,10.);
#2301=VECTOR('',#8075,10.);
#2302=VECTOR('',#8076,10.);
#2303=VECTOR('',#8079,10.);
#2304=VECTOR('',#8082,10.);
#2305=VECTOR('',#8083,10.);
#2306=VECTOR('',#8086,10.);
#2307=VECTOR('',#8089,9.99999999999999);
#2308=VECTOR('',#8092,10.);
#2309=VECTOR('',#8093,10.);
#2310=VECTOR('',#8094,10.);
#2311=VECTOR('',#8097,10.);
#2312=VECTOR('',#8100,10.);
#2313=VECTOR('',#8103,10.);
#2314=VECTOR('',#8108,10.);
#2315=VECTOR('',#8109,10.);
#2316=VECTOR('',#8112,10.);
#2317=VECTOR('',#8113,10.);
#2318=VECTOR('',#8114,10.);
#2319=VECTOR('',#8117,10.);
#2320=VECTOR('',#8118,10.);
#2321=VECTOR('',#8121,10.);
#2322=VECTOR('',#8128,10.);
#2323=VECTOR('',#8131,10.);
#2324=VECTOR('',#8132,10.);
#2325=VECTOR('',#8135,10.);
#2326=VECTOR('',#8140,10.);
#2327=VECTOR('',#8141,10.);
#2328=VECTOR('',#8142,10.);
#2329=VECTOR('',#8143,10.);
#2330=VECTOR('',#8146,10.);
#2331=VECTOR('',#8149,10.);
#2332=VECTOR('',#8152,10.);
#2333=VECTOR('',#8155,10.);
#2334=VECTOR('',#8158,10.);
#2335=VECTOR('',#8161,10.);
#2336=VECTOR('',#8166,10.);
#2337=VECTOR('',#8179,10.);
#2338=VECTOR('',#8180,10.);
#2339=VECTOR('',#8181,10.);
#2340=VECTOR('',#8186,10.);
#2341=VECTOR('',#8189,10.);
#2342=VECTOR('',#8190,10.);
#2343=VECTOR('',#8201,10.);
#2344=VECTOR('',#8204,10.);
#2345=VECTOR('',#8207,10.);
#2346=VECTOR('',#8208,10.);
#2347=VECTOR('',#8233,10.);
#2348=VECTOR('',#8256,10.);
#2349=VECTOR('',#8259,10.);
#2350=VECTOR('',#8260,2.);
#2351=VECTOR('',#8261,10.);
#2352=VECTOR('',#8268,10.);
#2353=VECTOR('',#8273,10.);
#2354=VECTOR('',#8274,2.);
#2355=VECTOR('',#8281,10.);
#2356=VECTOR('',#8284,10.);
#2357=VECTOR('',#8289,10.);
#2358=VECTOR('',#8292,10.);
#2359=VECTOR('',#8299,10.);
#2360=VECTOR('',#8302,10.0015265155909);
#2361=VERTEX_POINT('',#8307);
#2362=VERTEX_POINT('',#8308);
#2363=VERTEX_POINT('',#8310);
#2364=VERTEX_POINT('',#8312);
#2365=VERTEX_POINT('',#8316);
#2366=VERTEX_POINT('',#8318);
#2367=VERTEX_POINT('',#8322);
#2368=VERTEX_POINT('',#8323);
#2369=VERTEX_POINT('',#8325);
#2370=VERTEX_POINT('',#8327);
#2371=VERTEX_POINT('',#8329);
#2372=VERTEX_POINT('',#8331);
#2373=VERTEX_POINT('',#8333);
#2374=VERTEX_POINT('',#8335);
#2375=VERTEX_POINT('',#8337);
#2376=VERTEX_POINT('',#8339);
#2377=VERTEX_POINT('',#8341);
#2378=VERTEX_POINT('',#8343);
#2379=VERTEX_POINT('',#8345);
#2380=VERTEX_POINT('',#8347);
#2381=VERTEX_POINT('',#8349);
#2382=VERTEX_POINT('',#8351);
#2383=VERTEX_POINT('',#8353);
#2384=VERTEX_POINT('',#8355);
#2385=VERTEX_POINT('',#8357);
#2386=VERTEX_POINT('',#8359);
#2387=VERTEX_POINT('',#8361);
#2388=VERTEX_POINT('',#8363);
#2389=VERTEX_POINT('',#8365);
#2390=VERTEX_POINT('',#8367);
#2391=VERTEX_POINT('',#8369);
#2392=VERTEX_POINT('',#8372);
#2393=VERTEX_POINT('',#8374);
#2394=VERTEX_POINT('',#8376);
#2395=VERTEX_POINT('',#8378);
#2396=VERTEX_POINT('',#8380);
#2397=VERTEX_POINT('',#8382);
#2398=VERTEX_POINT('',#8384);
#2399=VERTEX_POINT('',#8386);
#2400=VERTEX_POINT('',#8388);
#2401=VERTEX_POINT('',#8390);
#2402=VERTEX_POINT('',#8392);
#2403=VERTEX_POINT('',#8394);
#2404=VERTEX_POINT('',#8396);
#2405=VERTEX_POINT('',#8398);
#2406=VERTEX_POINT('',#8400);
#2407=VERTEX_POINT('',#8402);
#2408=VERTEX_POINT('',#8404);
#2409=VERTEX_POINT('',#8406);
#2410=VERTEX_POINT('',#8408);
#2411=VERTEX_POINT('',#8410);
#2412=VERTEX_POINT('',#8412);
#2413=VERTEX_POINT('',#8414);
#2414=VERTEX_POINT('',#8416);
#2415=VERTEX_POINT('',#8418);
#2416=VERTEX_POINT('',#8420);
#2417=VERTEX_POINT('',#8422);
#2418=VERTEX_POINT('',#8424);
#2419=VERTEX_POINT('',#8429);
#2420=VERTEX_POINT('',#8431);
#2421=VERTEX_POINT('',#8440);
#2422=VERTEX_POINT('',#8442);
#2423=VERTEX_POINT('',#8486);
#2424=VERTEX_POINT('',#8530);
#2425=VERTEX_POINT('',#8532);
#2426=VERTEX_POINT('',#8576);
#2427=VERTEX_POINT('',#8620);
#2428=VERTEX_POINT('',#8622);
#2429=VERTEX_POINT('',#8672);
#2430=VERTEX_POINT('',#8674);
#2431=VERTEX_POINT('',#8724);
#2432=VERTEX_POINT('',#8726);
#2433=VERTEX_POINT('',#8770);
#2434=VERTEX_POINT('',#8814);
#2435=VERTEX_POINT('',#8816);
#2436=VERTEX_POINT('',#8860);
#2437=VERTEX_POINT('',#8904);
#2438=VERTEX_POINT('',#8906);
#2439=VERTEX_POINT('',#8956);
#2440=VERTEX_POINT('',#8959);
#2441=VERTEX_POINT('',#8960);
#2442=VERTEX_POINT('',#8962);
#2443=VERTEX_POINT('',#8964);
#2444=VERTEX_POINT('',#8966);
#2445=VERTEX_POINT('',#8968);
#2446=VERTEX_POINT('',#9018);
#2447=VERTEX_POINT('',#9020);
#2448=VERTEX_POINT('',#9070);
#2449=VERTEX_POINT('',#9072);
#2450=VERTEX_POINT('',#9074);
#2451=VERTEX_POINT('',#9076);
#2452=VERTEX_POINT('',#9078);
#2453=VERTEX_POINT('',#9080);
#2454=VERTEX_POINT('',#9130);
#2455=VERTEX_POINT('',#9132);
#2456=VERTEX_POINT('',#9183);
#2457=VERTEX_POINT('',#9184);
#2458=VERTEX_POINT('',#9186);
#2459=VERTEX_POINT('',#9188);
#2460=VERTEX_POINT('',#9190);
#2461=VERTEX_POINT('',#9192);
#2462=VERTEX_POINT('',#9194);
#2463=VERTEX_POINT('',#9196);
#2464=VERTEX_POINT('',#9199);
#2465=VERTEX_POINT('',#9200);
#2466=VERTEX_POINT('',#9202);
#2467=VERTEX_POINT('',#9204);
#2468=VERTEX_POINT('',#9206);
#2469=VERTEX_POINT('',#9208);
#2470=VERTEX_POINT('',#9258);
#2471=VERTEX_POINT('',#9260);
#2472=VERTEX_POINT('',#9310);
#2473=VERTEX_POINT('',#9312);
#2474=VERTEX_POINT('',#9314);
#2475=VERTEX_POINT('',#9316);
#2476=VERTEX_POINT('',#9318);
#2477=VERTEX_POINT('',#9320);
#2478=VERTEX_POINT('',#9370);
#2479=VERTEX_POINT('',#9372);
#2480=VERTEX_POINT('',#9423);
#2481=VERTEX_POINT('',#9424);
#2482=VERTEX_POINT('',#9426);
#2483=VERTEX_POINT('',#9476);
#2484=VERTEX_POINT('',#9478);
#2485=VERTEX_POINT('',#9528);
#2486=VERTEX_POINT('',#9530);
#2487=VERTEX_POINT('',#9580);
#2488=VERTEX_POINT('',#9631);
#2489=VERTEX_POINT('',#9633);
#2490=VERTEX_POINT('',#9635);
#2491=VERTEX_POINT('',#9636);
#2492=VERTEX_POINT('',#9638);
#2493=VERTEX_POINT('',#9640);
#2494=VERTEX_POINT('',#9642);
#2495=VERTEX_POINT('',#9644);
#2496=VERTEX_POINT('',#9646);
#2497=VERTEX_POINT('',#9648);
#2498=VERTEX_POINT('',#9651);
#2499=VERTEX_POINT('',#9653);
#2500=VERTEX_POINT('',#9656);
#2501=VERTEX_POINT('',#9658);
#2502=VERTEX_POINT('',#9662);
#2503=VERTEX_POINT('',#9673);
#2504=VERTEX_POINT('',#9687);
#2505=VERTEX_POINT('',#9688);
#2506=VERTEX_POINT('',#9693);
#2507=VERTEX_POINT('',#9705);
#2508=VERTEX_POINT('',#9706);
#2509=VERTEX_POINT('',#9714);
#2510=VERTEX_POINT('',#9741);
#2511=VERTEX_POINT('',#9763);
#2512=VERTEX_POINT('',#9771);
#2513=VERTEX_POINT('',#9781);
#2514=VERTEX_POINT('',#9782);
#2515=VERTEX_POINT('',#9785);
#2516=VERTEX_POINT('',#9787);
#2517=VERTEX_POINT('',#9789);
#2518=VERTEX_POINT('',#9793);
#2519=VERTEX_POINT('',#9795);
#2520=VERTEX_POINT('',#9797);
#2521=VERTEX_POINT('',#9799);
#2522=VERTEX_POINT('',#9801);
#2523=VERTEX_POINT('',#9803);
#2524=VERTEX_POINT('',#9805);
#2525=VERTEX_POINT('',#9807);
#2526=VERTEX_POINT('',#9811);
#2527=VERTEX_POINT('',#9813);
#2528=VERTEX_POINT('',#9815);
#2529=VERTEX_POINT('',#9819);
#2530=VERTEX_POINT('',#9820);
#2531=VERTEX_POINT('',#9823);
#2532=VERTEX_POINT('',#9836);
#2533=VERTEX_POINT('',#9838);
#2534=VERTEX_POINT('',#9841);
#2535=VERTEX_POINT('',#9845);
#2536=VERTEX_POINT('',#9846);
#2537=VERTEX_POINT('',#9848);
#2538=VERTEX_POINT('',#9850);
#2539=VERTEX_POINT('',#9852);
#2540=VERTEX_POINT('',#9854);
#2541=VERTEX_POINT('',#9856);
#2542=VERTEX_POINT('',#9861);
#2543=VERTEX_POINT('',#9863);
#2544=VERTEX_POINT('',#9865);
#2545=VERTEX_POINT('',#9867);
#2546=VERTEX_POINT('',#9869);
#2547=VERTEX_POINT('',#9871);
#2548=VERTEX_POINT('',#9873);
#2549=VERTEX_POINT('',#9875);
#2550=VERTEX_POINT('',#9877);
#2551=VERTEX_POINT('',#9879);
#2552=VERTEX_POINT('',#9881);
#2553=VERTEX_POINT('',#9883);
#2554=VERTEX_POINT('',#9885);
#2555=VERTEX_POINT('',#9887);
#2556=VERTEX_POINT('',#9889);
#2557=VERTEX_POINT('',#9891);
#2558=VERTEX_POINT('',#9893);
#2559=VERTEX_POINT('',#9895);
#2560=VERTEX_POINT('',#9897);
#2561=VERTEX_POINT('',#9899);
#2562=VERTEX_POINT('',#9901);
#2563=VERTEX_POINT('',#9903);
#2564=VERTEX_POINT('',#9905);
#2565=VERTEX_POINT('',#9907);
#2566=VERTEX_POINT('',#9909);
#2567=VERTEX_POINT('',#9911);
#2568=VERTEX_POINT('',#9913);
#2569=VERTEX_POINT('',#9915);
#2570=VERTEX_POINT('',#9917);
#2571=VERTEX_POINT('',#9919);
#2572=VERTEX_POINT('',#9921);
#2573=VERTEX_POINT('',#9923);
#2574=VERTEX_POINT('',#9927);
#2575=VERTEX_POINT('',#9929);
#2576=VERTEX_POINT('',#9935);
#2577=VERTEX_POINT('',#9937);
#2578=VERTEX_POINT('',#9943);
#2579=VERTEX_POINT('',#9990);
#2580=VERTEX_POINT('',#9992);
#2581=VERTEX_POINT('',#9998);
#2582=VERTEX_POINT('',#10045);
#2583=VERTEX_POINT('',#10047);
#2584=VERTEX_POINT('',#10053);
#2585=VERTEX_POINT('',#10055);
#2586=VERTEX_POINT('',#10061);
#2587=VERTEX_POINT('',#10063);
#2588=VERTEX_POINT('',#10069);
#2589=VERTEX_POINT('',#10116);
#2590=VERTEX_POINT('',#10118);
#2591=VERTEX_POINT('',#10124);
#2592=VERTEX_POINT('',#10172);
#2593=VERTEX_POINT('',#10173);
#2594=VERTEX_POINT('',#10175);
#2595=VERTEX_POINT('',#10181);
#2596=VERTEX_POINT('',#10183);
#2597=VERTEX_POINT('',#10189);
#2598=VERTEX_POINT('',#10191);
#2599=VERTEX_POINT('',#10197);
#2600=VERTEX_POINT('',#10204);
#2601=VERTEX_POINT('',#10205);
#2602=VERTEX_POINT('',#10207);
#2603=VERTEX_POINT('',#10209);
#2604=VERTEX_POINT('',#10215);
#2605=VERTEX_POINT('',#10217);
#2606=VERTEX_POINT('',#10223);
#2607=VERTEX_POINT('',#10225);
#2608=VERTEX_POINT('',#10227);
#2609=VERTEX_POINT('',#10229);
#2610=VERTEX_POINT('',#10231);
#2611=VERTEX_POINT('',#10233);
#2612=VERTEX_POINT('',#10239);
#2613=VERTEX_POINT('',#10241);
#2614=VERTEX_POINT('',#10247);
#2615=VERTEX_POINT('',#10249);
#2616=VERTEX_POINT('',#10252);
#2617=VERTEX_POINT('',#10253);
#2618=VERTEX_POINT('',#10255);
#2619=VERTEX_POINT('',#10257);
#2620=VERTEX_POINT('',#10263);
#2621=VERTEX_POINT('',#10265);
#2622=VERTEX_POINT('',#10271);
#2623=VERTEX_POINT('',#10273);
#2624=VERTEX_POINT('',#10275);
#2625=VERTEX_POINT('',#10277);
#2626=VERTEX_POINT('',#10279);
#2627=VERTEX_POINT('',#10281);
#2628=VERTEX_POINT('',#10287);
#2629=VERTEX_POINT('',#10289);
#2630=VERTEX_POINT('',#10295);
#2631=VERTEX_POINT('',#10297);
#2632=VERTEX_POINT('',#10304);
#2633=VERTEX_POINT('',#10305);
#2634=VERTEX_POINT('',#10307);
#2635=VERTEX_POINT('',#10309);
#2636=VERTEX_POINT('',#10313);
#2637=VERTEX_POINT('',#10314);
#2638=VERTEX_POINT('',#10316);
#2639=VERTEX_POINT('',#10318);
#2640=VERTEX_POINT('',#10320);
#2641=VERTEX_POINT('',#10322);
#2642=VERTEX_POINT('',#10324);
#2643=VERTEX_POINT('',#10326);
#2644=VERTEX_POINT('',#10328);
#2645=VERTEX_POINT('',#10330);
#2646=VERTEX_POINT('',#10332);
#2647=VERTEX_POINT('',#10335);
#2648=VERTEX_POINT('',#10337);
#2649=VERTEX_POINT('',#10341);
#2650=VERTEX_POINT('',#10342);
#2651=VERTEX_POINT('',#10555);
#2652=VERTEX_POINT('',#10557);
#2653=VERTEX_POINT('',#10561);
#2654=VERTEX_POINT('',#10565);
#2655=VERTEX_POINT('',#10569);
#2656=VERTEX_POINT('',#10573);
#2657=VERTEX_POINT('',#10577);
#2658=VERTEX_POINT('',#10581);
#2659=VERTEX_POINT('',#11028);
#2660=VERTEX_POINT('',#11030);
#2661=VERTEX_POINT('',#11032);
#2662=VERTEX_POINT('',#11034);
#2663=VERTEX_POINT('',#11037);
#2664=VERTEX_POINT('',#11041);
#2665=VERTEX_POINT('',#11042);
#2666=VERTEX_POINT('',#11044);
#2667=VERTEX_POINT('',#11046);
#2668=VERTEX_POINT('',#11050);
#2669=VERTEX_POINT('',#11051);
#2670=VERTEX_POINT('',#11053);
#2671=VERTEX_POINT('',#11055);
#2672=VERTEX_POINT('',#11059);
#2673=VERTEX_POINT('',#11060);
#2674=VERTEX_POINT('',#11064);
#2675=VERTEX_POINT('',#11066);
#2676=VERTEX_POINT('',#11070);
#2677=VERTEX_POINT('',#11071);
#2678=VERTEX_POINT('',#11073);
#2679=VERTEX_POINT('',#11075);
#2680=VERTEX_POINT('',#11079);
#2681=VERTEX_POINT('',#11080);
#2682=VERTEX_POINT('',#11082);
#2683=VERTEX_POINT('',#11084);
#2684=VERTEX_POINT('',#11086);
#2685=VERTEX_POINT('',#11088);
#2686=VERTEX_POINT('',#11090);
#2687=VERTEX_POINT('',#11092);
#2688=VERTEX_POINT('',#11094);
#2689=VERTEX_POINT('',#11096);
#2690=VERTEX_POINT('',#11098);
#2691=VERTEX_POINT('',#11100);
#2692=VERTEX_POINT('',#11102);
#2693=VERTEX_POINT('',#11104);
#2694=VERTEX_POINT('',#11106);
#2695=VERTEX_POINT('',#11108);
#2696=VERTEX_POINT('',#11110);
#2697=VERTEX_POINT('',#11112);
#2698=VERTEX_POINT('',#11114);
#2699=VERTEX_POINT('',#11116);
#2700=VERTEX_POINT('',#11118);
#2701=VERTEX_POINT('',#11120);
#2702=VERTEX_POINT('',#11122);
#2703=VERTEX_POINT('',#11124);
#2704=VERTEX_POINT('',#11126);
#2705=VERTEX_POINT('',#11128);
#2706=VERTEX_POINT('',#11130);
#2707=VERTEX_POINT('',#11132);
#2708=VERTEX_POINT('',#11134);
#2709=VERTEX_POINT('',#11136);
#2710=VERTEX_POINT('',#11138);
#2711=VERTEX_POINT('',#11140);
#2712=VERTEX_POINT('',#11142);
#2713=VERTEX_POINT('',#11145);
#2714=VERTEX_POINT('',#11147);
#2715=VERTEX_POINT('',#11149);
#2716=VERTEX_POINT('',#11151);
#2717=VERTEX_POINT('',#11153);
#2718=VERTEX_POINT('',#11155);
#2719=VERTEX_POINT('',#11157);
#2720=VERTEX_POINT('',#11159);
#2721=VERTEX_POINT('',#11161);
#2722=VERTEX_POINT('',#11163);
#2723=VERTEX_POINT('',#11165);
#2724=VERTEX_POINT('',#11167);
#2725=VERTEX_POINT('',#11170);
#2726=VERTEX_POINT('',#11172);
#2727=VERTEX_POINT('',#11174);
#2728=VERTEX_POINT('',#11176);
#2729=VERTEX_POINT('',#11179);
#2730=VERTEX_POINT('',#11181);
#2731=VERTEX_POINT('',#11183);
#2732=VERTEX_POINT('',#11185);
#2733=VERTEX_POINT('',#11187);
#2734=VERTEX_POINT('',#11189);
#2735=VERTEX_POINT('',#11191);
#2736=VERTEX_POINT('',#11193);
#2737=VERTEX_POINT('',#11195);
#2738=VERTEX_POINT('',#11197);
#2739=VERTEX_POINT('',#11199);
#2740=VERTEX_POINT('',#11201);
#2741=VERTEX_POINT('',#11205);
#2742=VERTEX_POINT('',#11206);
#2743=VERTEX_POINT('',#11211);
#2744=VERTEX_POINT('',#11215);
#2745=VERTEX_POINT('',#11219);
#2746=VERTEX_POINT('',#11220);
#2747=VERTEX_POINT('',#11227);
#2748=VERTEX_POINT('',#11228);
#2749=VERTEX_POINT('',#11230);
#2750=VERTEX_POINT('',#11232);
#2751=VERTEX_POINT('',#11234);
#2752=VERTEX_POINT('',#11236);
#2753=VERTEX_POINT('',#11238);
#2754=VERTEX_POINT('',#11242);
#2755=VERTEX_POINT('',#11243);
#2756=VERTEX_POINT('',#11247);
#2757=VERTEX_POINT('',#11249);
#2758=VERTEX_POINT('',#11253);
#2759=VERTEX_POINT('',#11254);
#2760=VERTEX_POINT('',#11259);
#2761=VERTEX_POINT('',#11260);
#2762=VERTEX_POINT('',#11268);
#2763=VERTEX_POINT('',#11270);
#2764=VERTEX_POINT('',#11274);
#2765=VERTEX_POINT('',#11276);
#2766=VERTEX_POINT('',#11280);
#2767=VERTEX_POINT('',#11282);
#2768=VERTEX_POINT('',#11286);
#2769=VERTEX_POINT('',#11290);
#2770=VERTEX_POINT('',#11292);
#2771=VERTEX_POINT('',#11297);
#2772=VERTEX_POINT('',#11299);
#2773=VERTEX_POINT('',#11304);
#2774=VERTEX_POINT('',#11306);
#2775=VERTEX_POINT('',#11311);
#2776=VERTEX_POINT('',#11313);
#2777=VERTEX_POINT('',#11318);
#2778=VERTEX_POINT('',#11323);
#2779=VERTEX_POINT('',#11328);
#2780=VERTEX_POINT('',#11330);
#2781=VERTEX_POINT('',#11334);
#2782=VERTEX_POINT('',#11340);
#2783=VERTEX_POINT('',#11342);
#2784=VERTEX_POINT('',#11349);
#2785=VERTEX_POINT('',#11353);
#2786=VERTEX_POINT('',#11355);
#2787=VERTEX_POINT('',#11359);
#2788=VERTEX_POINT('',#11363);
#2789=VERTEX_POINT('',#11369);
#2790=VERTEX_POINT('',#11370);
#2791=VERTEX_POINT('',#11373);
#2792=VERTEX_POINT('',#11375);
#2793=VERTEX_POINT('',#11377);
#2794=VERTEX_POINT('',#11380);
#2795=VERTEX_POINT('',#11382);
#2796=VERTEX_POINT('',#11398);
#2797=VERTEX_POINT('',#11399);
#2798=VERTEX_POINT('',#11404);
#2799=VERTEX_POINT('',#11408);
#2800=VERTEX_POINT('',#11410);
#2801=VERTEX_POINT('',#11444);
#2802=VERTEX_POINT('',#11446);
#2803=VERTEX_POINT('',#11468);
#2804=VERTEX_POINT('',#11470);
#2805=VERTEX_POINT('',#11476);
#2806=VERTEX_POINT('',#11478);
#2807=VERTEX_POINT('',#11482);
#2808=VERTEX_POINT('',#11484);
#2809=VERTEX_POINT('',#11488);
#2810=VERTEX_POINT('',#11490);
#2811=VERTEX_POINT('',#11495);
#2812=VERTEX_POINT('',#11500);
#2813=VERTEX_POINT('',#11501);
#2814=VERTEX_POINT('',#11504);
#2815=VERTEX_POINT('',#11506);
#2816=VERTEX_POINT('',#11524);
#2817=VERTEX_POINT('',#11528);
#2818=VERTEX_POINT('',#11532);
#2819=VERTEX_POINT('',#11534);
#2820=VERTEX_POINT('',#11538);
#2821=VERTEX_POINT('',#11547);
#2822=VERTEX_POINT('',#11548);
#2823=VERTEX_POINT('',#11550);
#2824=VERTEX_POINT('',#11552);
#2825=VERTEX_POINT('',#11559);
#2826=VERTEX_POINT('',#11581);
#2827=VERTEX_POINT('',#11592);
#2828=VERTEX_POINT('',#11596);
#2829=VERTEX_POINT('',#11598);
#2830=VERTEX_POINT('',#11602);
#2831=VERTEX_POINT('',#11604);
#2832=VERTEX_POINT('',#11608);
#2833=VERTEX_POINT('',#11610);
#2834=VERTEX_POINT('',#11614);
#2835=VERTEX_POINT('',#11615);
#2836=VERTEX_POINT('',#11618);
#2837=VERTEX_POINT('',#11622);
#2838=VERTEX_POINT('',#11623);
#2839=VERTEX_POINT('',#11628);
#2840=VERTEX_POINT('',#11632);
#2841=VERTEX_POINT('',#11636);
#2842=VERTEX_POINT('',#11694);
#2843=VERTEX_POINT('',#11695);
#2844=VERTEX_POINT('',#11700);
#2845=VERTEX_POINT('',#11704);
#2846=VERTEX_POINT('',#11708);
#2847=VERTEX_POINT('',#11712);
#2848=VERTEX_POINT('',#11718);
#2849=VERTEX_POINT('',#11719);
#2850=VERTEX_POINT('',#11721);
#2851=VERTEX_POINT('',#11726);
#2852=VERTEX_POINT('',#11784);
#2853=VERTEX_POINT('',#11788);
#2854=VERTEX_POINT('',#11792);
#2855=VERTEX_POINT('',#11798);
#2856=VERTEX_POINT('',#11800);
#2857=VERTEX_POINT('',#11804);
#2858=VERTEX_POINT('',#11805);
#2859=VERTEX_POINT('',#11807);
#2860=VERTEX_POINT('',#11809);
#2861=VERTEX_POINT('',#11811);
#2862=VERTEX_POINT('',#11813);
#2863=VERTEX_POINT('',#11849);
#2864=VERTEX_POINT('',#11850);
#2865=VERTEX_POINT('',#11879);
#2866=VERTEX_POINT('',#11882);
#2867=VERTEX_POINT('',#11891);
#2868=VERTEX_POINT('',#11893);
#2869=VERTEX_POINT('',#11895);
#2870=VERTEX_POINT('',#11897);
#2871=VERTEX_POINT('',#11911);
#2872=VERTEX_POINT('',#11913);
#2873=VERTEX_POINT('',#11917);
#2874=VERTEX_POINT('',#11925);
#2875=VERTEX_POINT('',#11934);
#2876=VERTEX_POINT('',#11938);
#2877=VERTEX_POINT('',#11942);
#2878=VERTEX_POINT('',#11946);
#2879=VERTEX_POINT('',#11950);
#2880=VERTEX_POINT('',#11954);
#2881=VERTEX_POINT('',#11958);
#2882=VERTEX_POINT('',#12004);
#2883=VERTEX_POINT('',#12008);
#2884=VERTEX_POINT('',#12012);
#2885=VERTEX_POINT('',#12048);
#2886=VERTEX_POINT('',#12082);
#2887=VERTEX_POINT('',#12086);
#2888=VERTEX_POINT('',#12090);
#2889=VERTEX_POINT('',#12094);
#2890=VERTEX_POINT('',#12098);
#2891=VERTEX_POINT('',#12251);
#2892=VERTEX_POINT('',#12308);
#2893=VERTEX_POINT('',#12536);
#2894=VERTEX_POINT('',#12538);
#2895=VERTEX_POINT('',#12560);
#2896=VERTEX_POINT('',#12562);
#2897=VERTEX_POINT('',#12569);
#2898=VERTEX_POINT('',#12573);
#2899=VERTEX_POINT('',#12594);
#2900=VERTEX_POINT('',#12596);
#2901=VERTEX_POINT('',#12626);
#2902=VERTEX_POINT('',#12637);
#2903=VERTEX_POINT('',#12674);
#2904=VERTEX_POINT('',#12678);
#2905=VERTEX_POINT('',#12684);
#2906=VERTEX_POINT('',#12685);
#2907=VERTEX_POINT('',#12694);
#2908=VERTEX_POINT('',#12696);
#2909=VERTEX_POINT('',#12703);
#2910=VERTEX_POINT('',#12710);
#2911=VERTEX_POINT('',#12712);
#2912=VERTEX_POINT('',#12719);
#2913=VERTEX_POINT('',#12726);
#2914=VERTEX_POINT('',#12735);
#2915=VERTEX_POINT('',#12737);
#2916=VERTEX_POINT('',#12740);
#2917=VERTEX_POINT('',#12743);
#2918=VERTEX_POINT('',#12745);
#2919=VERTEX_POINT('',#12830);
#2920=VERTEX_POINT('',#12834);
#2921=VERTEX_POINT('',#12839);
#2922=VERTEX_POINT('',#12846);
#2923=VERTEX_POINT('',#12858);
#2924=VERTEX_POINT('',#12893);
#2925=VERTEX_POINT('',#12895);
#2926=VERTEX_POINT('',#12899);
#2927=VERTEX_POINT('',#12900);
#2928=VERTEX_POINT('',#12902);
#2929=VERTEX_POINT('',#12904);
#2930=VERTEX_POINT('',#12908);
#2931=VERTEX_POINT('',#12909);
#2932=VERTEX_POINT('',#12911);
#2933=VERTEX_POINT('',#12913);
#2934=VERTEX_POINT('',#12920);
#2935=VERTEX_POINT('',#12924);
#2936=VERTEX_POINT('',#12925);
#2937=VERTEX_POINT('',#12927);
#2938=VERTEX_POINT('',#12934);
#2939=VERTEX_POINT('',#12961);
#2940=VERTEX_POINT('',#12968);
#2941=VERTEX_POINT('',#12986);
#2942=VERTEX_POINT('',#13017);
#2943=VERTEX_POINT('',#13072);
#2944=VERTEX_POINT('',#13077);
#2945=VERTEX_POINT('',#13079);
#2946=VERTEX_POINT('',#13117);
#2947=VERTEX_POINT('',#13119);
#2948=VERTEX_POINT('',#13125);
#2949=VERTEX_POINT('',#13129);
#2950=EDGE_CURVE('',#2361,#2362,#1289,.T.);
#2951=EDGE_CURVE('',#2363,#2361,#1290,.T.);
#2952=EDGE_CURVE('',#2363,#2364,#1291,.T.);
#2953=EDGE_CURVE('',#2362,#2364,#1292,.T.);
#2954=EDGE_CURVE('',#2365,#2363,#1293,.T.);
#2955=EDGE_CURVE('',#2366,#2365,#1294,.T.);
#2956=EDGE_CURVE('',#2364,#2366,#1295,.T.);
#2957=EDGE_CURVE('',#2367,#2368,#388,.F.);
#2958=EDGE_CURVE('',#2367,#2369,#1296,.T.);
#2959=EDGE_CURVE('',#2370,#2369,#1297,.T.);
#2960=EDGE_CURVE('',#2371,#2370,#1298,.T.);
#2961=EDGE_CURVE('',#2372,#2371,#1299,.T.);
#2962=EDGE_CURVE('',#2373,#2372,#1300,.T.);
#2963=EDGE_CURVE('',#2374,#2373,#1301,.T.);
#2964=EDGE_CURVE('',#2375,#2374,#1302,.T.);
#2965=EDGE_CURVE('',#2376,#2375,#1303,.T.);
#2966=EDGE_CURVE('',#2377,#2376,#389,.T.);
#2967=EDGE_CURVE('',#2378,#2377,#1304,.T.);
#2968=EDGE_CURVE('',#2379,#2378,#390,.T.);
#2969=EDGE_CURVE('',#2380,#2379,#1305,.T.);
#2970=EDGE_CURVE('',#2381,#2380,#391,.T.);
#2971=EDGE_CURVE('',#2382,#2381,#1306,.T.);
#2972=EDGE_CURVE('',#2383,#2382,#392,.T.);
#2973=EDGE_CURVE('',#2384,#2383,#393,.T.);
#2974=EDGE_CURVE('',#2384,#2385,#1307,.T.);
#2975=EDGE_CURVE('',#2386,#2385,#394,.T.);
#2976=EDGE_CURVE('',#2386,#2387,#1308,.T.);
#2977=EDGE_CURVE('',#2387,#2388,#1309,.T.);
#2978=EDGE_CURVE('',#2388,#2389,#1310,.T.);
#2979=EDGE_CURVE('',#2389,#2390,#1311,.T.);
#2980=EDGE_CURVE('',#2390,#2391,#1312,.T.);
#2981=EDGE_CURVE('',#2391,#2365,#1313,.T.);
#2982=EDGE_CURVE('',#2361,#2392,#395,.T.);
#2983=EDGE_CURVE('',#2392,#2393,#1314,.T.);
#2984=EDGE_CURVE('',#2393,#2394,#396,.T.);
#2985=EDGE_CURVE('',#2395,#2394,#1315,.T.);
#2986=EDGE_CURVE('',#2396,#2395,#397,.T.);
#2987=EDGE_CURVE('',#2397,#2396,#1316,.T.);
#2988=EDGE_CURVE('',#2398,#2397,#398,.T.);
#2989=EDGE_CURVE('',#2399,#2398,#1317,.T.);
#2990=EDGE_CURVE('',#2400,#2399,#399,.T.);
#2991=EDGE_CURVE('',#2401,#2400,#1318,.T.);
#2992=EDGE_CURVE('',#2402,#2401,#400,.T.);
#2993=EDGE_CURVE('',#2403,#2402,#1319,.T.);
#2994=EDGE_CURVE('',#2404,#2403,#401,.T.);
#2995=EDGE_CURVE('',#2405,#2404,#1320,.T.);
#2996=EDGE_CURVE('',#2406,#2405,#402,.T.);
#2997=EDGE_CURVE('',#2407,#2406,#1321,.T.);
#2998=EDGE_CURVE('',#2408,#2407,#403,.T.);
#2999=EDGE_CURVE('',#2409,#2408,#1322,.T.);
#3000=EDGE_CURVE('',#2410,#2409,#404,.T.);
#3001=EDGE_CURVE('',#2411,#2410,#1323,.T.);
#3002=EDGE_CURVE('',#2412,#2411,#1324,.T.);
#3003=EDGE_CURVE('',#2413,#2412,#405,.T.);
#3004=EDGE_CURVE('',#2414,#2413,#1325,.T.);
#3005=EDGE_CURVE('',#2415,#2414,#1326,.T.);
#3006=EDGE_CURVE('',#2415,#2416,#1327,.T.);
#3007=EDGE_CURVE('',#2416,#2417,#406,.T.);
#3008=EDGE_CURVE('',#2417,#2418,#263,.T.);
#3009=EDGE_CURVE('',#2418,#2419,#220,.T.);
#3010=EDGE_CURVE('',#2419,#2420,#264,.T.);
#3011=EDGE_CURVE('',#2420,#2421,#1328,.T.);
#3012=EDGE_CURVE('',#2422,#2421,#265,.T.);
#3013=EDGE_CURVE('',#2422,#2423,#266,.T.);
#3014=EDGE_CURVE('',#2423,#2424,#1329,.T.);
#3015=EDGE_CURVE('',#2425,#2424,#267,.T.);
#3016=EDGE_CURVE('',#2425,#2426,#268,.T.);
#3017=EDGE_CURVE('',#2426,#2427,#1330,.T.);
#3018=EDGE_CURVE('',#2427,#2428,#269,.T.);
#3019=EDGE_CURVE('',#2428,#2429,#1331,.T.);
#3020=EDGE_CURVE('',#2429,#2430,#270,.T.);
#3021=EDGE_CURVE('',#2430,#2431,#1332,.T.);
#3022=EDGE_CURVE('',#2432,#2431,#271,.T.);
#3023=EDGE_CURVE('',#2432,#2433,#272,.T.);
#3024=EDGE_CURVE('',#2433,#2434,#1333,.T.);
#3025=EDGE_CURVE('',#2435,#2434,#273,.T.);
#3026=EDGE_CURVE('',#2435,#2436,#274,.T.);
#3027=EDGE_CURVE('',#2436,#2437,#1334,.T.);
#3028=EDGE_CURVE('',#2437,#2438,#275,.T.);
#3029=EDGE_CURVE('',#2438,#2439,#1335,.T.);
#3030=EDGE_CURVE('',#2439,#2368,#1336,.T.);
#3031=EDGE_CURVE('',#2440,#2441,#1337,.T.);
#3032=EDGE_CURVE('',#2441,#2442,#1338,.T.);
#3033=EDGE_CURVE('',#2442,#2443,#1339,.T.);
#3034=EDGE_CURVE('',#2443,#2444,#1340,.T.);
#3035=EDGE_CURVE('',#2444,#2445,#276,.T.);
#3036=EDGE_CURVE('',#2445,#2446,#1341,.T.);
#3037=EDGE_CURVE('',#2446,#2447,#277,.T.);
#3038=EDGE_CURVE('',#2447,#2448,#1342,.T.);
#3039=EDGE_CURVE('',#2448,#2449,#1343,.T.);
#3040=EDGE_CURVE('',#2449,#2450,#1344,.T.);
#3041=EDGE_CURVE('',#2450,#2451,#1345,.T.);
#3042=EDGE_CURVE('',#2451,#2452,#1346,.T.);
#3043=EDGE_CURVE('',#2452,#2453,#278,.T.);
#3044=EDGE_CURVE('',#2453,#2454,#1347,.T.);
#3045=EDGE_CURVE('',#2454,#2455,#279,.T.);
#3046=EDGE_CURVE('',#2455,#2440,#1348,.T.);
#3047=EDGE_CURVE('',#2456,#2457,#1349,.T.);
#3048=EDGE_CURVE('',#2457,#2458,#407,.T.);
#3049=EDGE_CURVE('',#2458,#2459,#1350,.T.);
#3050=EDGE_CURVE('',#2459,#2460,#408,.T.);
#3051=EDGE_CURVE('',#2460,#2461,#1351,.T.);
#3052=EDGE_CURVE('',#2461,#2462,#409,.T.);
#3053=EDGE_CURVE('',#2462,#2463,#1352,.T.);
#3054=EDGE_CURVE('',#2463,#2456,#410,.T.);
#3055=EDGE_CURVE('',#2464,#2465,#1353,.T.);
#3056=EDGE_CURVE('',#2465,#2466,#1354,.T.);
#3057=EDGE_CURVE('',#2466,#2467,#1355,.T.);
#3058=EDGE_CURVE('',#2467,#2468,#1356,.T.);
#3059=EDGE_CURVE('',#2468,#2469,#280,.T.);
#3060=EDGE_CURVE('',#2469,#2470,#1357,.T.);
#3061=EDGE_CURVE('',#2470,#2471,#281,.T.);
#3062=EDGE_CURVE('',#2471,#2472,#1358,.T.);
#3063=EDGE_CURVE('',#2472,#2473,#1359,.T.);
#3064=EDGE_CURVE('',#2473,#2474,#1360,.T.);
#3065=EDGE_CURVE('',#2474,#2475,#1361,.T.);
#3066=EDGE_CURVE('',#2475,#2476,#1362,.T.);
#3067=EDGE_CURVE('',#2476,#2477,#282,.T.);
#3068=EDGE_CURVE('',#2477,#2478,#1363,.T.);
#3069=EDGE_CURVE('',#2478,#2479,#283,.T.);
#3070=EDGE_CURVE('',#2479,#2464,#1364,.T.);
#3071=EDGE_CURVE('',#2480,#2481,#1365,.T.);
#3072=EDGE_CURVE('',#2481,#2482,#284,.T.);
#3073=EDGE_CURVE('',#2482,#2483,#1366,.T.);
#3074=EDGE_CURVE('',#2483,#2484,#285,.T.);
#3075=EDGE_CURVE('',#2484,#2485,#1367,.T.);
#3076=EDGE_CURVE('',#2485,#2486,#286,.T.);
#3077=EDGE_CURVE('',#2486,#2487,#1368,.T.);
#3078=EDGE_CURVE('',#2487,#2480,#287,.T.);
#3079=EDGE_CURVE('',#2488,#2488,#411,.T.);
#3080=EDGE_CURVE('',#2489,#2489,#412,.T.);
#3081=EDGE_CURVE('',#2490,#2491,#413,.F.);
#3082=EDGE_CURVE('',#2492,#2490,#1369,.F.);
#3083=EDGE_CURVE('',#2493,#2492,#414,.F.);
#3084=EDGE_CURVE('',#2494,#2493,#1370,.F.);
#3085=EDGE_CURVE('',#2495,#2494,#415,.F.);
#3086=EDGE_CURVE('',#2496,#2495,#1371,.F.);
#3087=EDGE_CURVE('',#2497,#2496,#416,.F.);
#3088=EDGE_CURVE('',#2491,#2497,#1372,.F.);
#3089=EDGE_CURVE('',#2498,#2498,#417,.F.);
#3090=EDGE_CURVE('',#2499,#2499,#418,.T.);
#3091=EDGE_CURVE('',#2389,#2500,#1373,.T.);
#3092=EDGE_CURVE('',#2500,#2501,#1374,.T.);
#3093=EDGE_CURVE('',#2501,#2390,#1375,.T.);
#3094=EDGE_CURVE('',#2502,#2501,#1376,.T.);
#3095=EDGE_CURVE('',#2391,#2502,#1377,.T.);
#3096=EDGE_CURVE('',#2503,#2417,#288,.T.);
#3097=EDGE_CURVE('',#2503,#2418,#1378,.T.);
#3098=EDGE_CURVE('',#2504,#2505,#289,.T.);
#3099=EDGE_CURVE('',#2506,#2504,#1379,.T.);
#3100=EDGE_CURVE('',#2505,#2506,#290,.T.);
#3101=EDGE_CURVE('',#2507,#2508,#291,.T.);
#3102=EDGE_CURVE('',#2509,#2507,#221,.T.);
#3103=EDGE_CURVE('',#2419,#2509,#292,.T.);
#3104=EDGE_CURVE('',#2506,#2503,#222,.T.);
#3105=EDGE_CURVE('',#2508,#2504,#223,.T.);
#3106=EDGE_CURVE('',#2510,#2509,#293,.T.);
#3107=EDGE_CURVE('',#2510,#2420,#1380,.T.);
#3108=EDGE_CURVE('',#2511,#2508,#294,.T.);
#3109=EDGE_CURVE('',#2512,#2511,#295,.T.);
#3110=EDGE_CURVE('',#2507,#2512,#296,.T.);
#3111=EDGE_CURVE('',#2513,#2514,#1381,.T.);
#3112=EDGE_CURVE('',#2514,#2511,#1382,.T.);
#3113=EDGE_CURVE('',#2505,#2515,#419,.T.);
#3114=EDGE_CURVE('',#2516,#2515,#1383,.T.);
#3115=EDGE_CURVE('',#2517,#2516,#1384,.T.);
#3116=EDGE_CURVE('',#2513,#2517,#420,.F.);
#3117=EDGE_CURVE('',#2416,#2518,#1385,.T.);
#3118=EDGE_CURVE('',#2518,#2519,#421,.T.);
#3119=EDGE_CURVE('',#2519,#2520,#1386,.T.);
#3120=EDGE_CURVE('',#2520,#2521,#422,.F.);
#3121=EDGE_CURVE('',#2521,#2522,#1387,.T.);
#3122=EDGE_CURVE('',#2522,#2523,#423,.T.);
#3123=EDGE_CURVE('',#2523,#2524,#1388,.T.);
#3124=EDGE_CURVE('',#2525,#2524,#424,.T.);
#3125=EDGE_CURVE('',#2515,#2525,#1389,.T.);
#3126=EDGE_CURVE('',#2514,#2526,#1390,.T.);
#3127=EDGE_CURVE('',#2527,#2513,#224,.T.);
#3128=EDGE_CURVE('',#2528,#2527,#1391,.T.);
#3129=EDGE_CURVE('',#2528,#2526,#1392,.T.);
#3130=EDGE_CURVE('',#2529,#2530,#1393,.T.);
#3131=EDGE_CURVE('',#2529,#2368,#1394,.T.);
#3132=EDGE_CURVE('',#2531,#2439,#1395,.T.);
#3133=EDGE_CURVE('',#2530,#2531,#1396,.T.);
#3134=EDGE_CURVE('',#2526,#2532,#225,.T.);
#3135=EDGE_CURVE('',#2533,#2528,#226,.T.);
#3136=EDGE_CURVE('',#2530,#2533,#227,.T.);
#3137=EDGE_CURVE('',#2534,#2531,#228,.T.);
#3138=EDGE_CURVE('',#2532,#2534,#229,.T.);
#3139=EDGE_CURVE('',#2535,#2536,#1397,.T.);
#3140=EDGE_CURVE('',#2537,#2536,#1398,.T.);
#3141=EDGE_CURVE('',#2537,#2538,#1399,.T.);
#3142=EDGE_CURVE('',#2539,#2538,#230,.T.);
#3143=EDGE_CURVE('',#2540,#2539,#231,.T.);
#3144=EDGE_CURVE('',#2541,#2540,#297,.T.);
#3145=EDGE_CURVE('',#2541,#2542,#1400,.T.);
#3146=EDGE_CURVE('',#2542,#2543,#1401,.T.);
#3147=EDGE_CURVE('',#2543,#2544,#232,.T.);
#3148=EDGE_CURVE('',#2544,#2545,#1402,.T.);
#3149=EDGE_CURVE('',#2545,#2546,#233,.T.);
#3150=EDGE_CURVE('',#2546,#2547,#1403,.T.);
#3151=EDGE_CURVE('',#2547,#2548,#1404,.T.);
#3152=EDGE_CURVE('',#2549,#2548,#1405,.T.);
#3153=EDGE_CURVE('',#2550,#2549,#234,.T.);
#3154=EDGE_CURVE('',#2551,#2550,#235,.T.);
#3155=EDGE_CURVE('',#2552,#2551,#1406,.T.);
#3156=EDGE_CURVE('',#2553,#2552,#236,.T.);
#3157=EDGE_CURVE('',#2554,#2553,#237,.T.);
#3158=EDGE_CURVE('',#2555,#2554,#1407,.T.);
#3159=EDGE_CURVE('',#2556,#2555,#238,.T.);
#3160=EDGE_CURVE('',#2557,#2556,#1408,.T.);
#3161=EDGE_CURVE('',#2558,#2557,#239,.T.);
#3162=EDGE_CURVE('',#2559,#2558,#1409,.T.);
#3163=EDGE_CURVE('',#2560,#2559,#240,.T.);
#3164=EDGE_CURVE('',#2561,#2560,#1410,.T.);
#3165=EDGE_CURVE('',#2562,#2561,#241,.T.);
#3166=EDGE_CURVE('',#2563,#2562,#1411,.T.);
#3167=EDGE_CURVE('',#2564,#2563,#242,.T.);
#3168=EDGE_CURVE('',#2565,#2564,#1412,.T.);
#3169=EDGE_CURVE('',#2566,#2565,#243,.T.);
#3170=EDGE_CURVE('',#2567,#2566,#1413,.T.);
#3171=EDGE_CURVE('',#2568,#2567,#244,.T.);
#3172=EDGE_CURVE('',#2569,#2568,#1414,.T.);
#3173=EDGE_CURVE('',#2570,#2569,#245,.T.);
#3174=EDGE_CURVE('',#2570,#2571,#1415,.T.);
#3175=EDGE_CURVE('',#2571,#2572,#246,.T.);
#3176=EDGE_CURVE('',#2572,#2573,#1416,.T.);
#3177=EDGE_CURVE('',#2573,#2535,#247,.T.);
#3178=EDGE_CURVE('',#2512,#2532,#1417,.T.);
#3179=EDGE_CURVE('',#2534,#2574,#1418,.T.);
#3180=EDGE_CURVE('',#2574,#2575,#298,.T.);
#3181=EDGE_CURVE('',#2575,#2576,#1419,.T.);
#3182=EDGE_CURVE('',#2576,#2577,#299,.T.);
#3183=EDGE_CURVE('',#2578,#2577,#300,.T.);
#3184=EDGE_CURVE('',#2578,#2579,#1420,.T.);
#3185=EDGE_CURVE('',#2579,#2580,#301,.T.);
#3186=EDGE_CURVE('',#2581,#2580,#302,.T.);
#3187=EDGE_CURVE('',#2581,#2582,#1421,.T.);
#3188=EDGE_CURVE('',#2582,#2583,#303,.T.);
#3189=EDGE_CURVE('',#2583,#2584,#1422,.T.);
#3190=EDGE_CURVE('',#2584,#2585,#304,.T.);
#3191=EDGE_CURVE('',#2585,#2586,#1423,.T.);
#3192=EDGE_CURVE('',#2586,#2587,#305,.T.);
#3193=EDGE_CURVE('',#2588,#2587,#306,.T.);
#3194=EDGE_CURVE('',#2588,#2589,#1424,.T.);
#3195=EDGE_CURVE('',#2589,#2590,#307,.T.);
#3196=EDGE_CURVE('',#2591,#2590,#308,.T.);
#3197=EDGE_CURVE('',#2591,#2510,#1425,.T.);
#3198=EDGE_CURVE('',#2592,#2593,#1426,.T.);
#3199=EDGE_CURVE('',#2593,#2594,#309,.T.);
#3200=EDGE_CURVE('',#2594,#2595,#1427,.T.);
#3201=EDGE_CURVE('',#2595,#2596,#310,.T.);
#3202=EDGE_CURVE('',#2596,#2597,#1428,.T.);
#3203=EDGE_CURVE('',#2597,#2598,#311,.T.);
#3204=EDGE_CURVE('',#2598,#2599,#1429,.T.);
#3205=EDGE_CURVE('',#2599,#2592,#312,.T.);
#3206=EDGE_CURVE('',#2600,#2601,#1430,.T.);
#3207=EDGE_CURVE('',#2601,#2602,#1431,.T.);
#3208=EDGE_CURVE('',#2602,#2603,#313,.T.);
#3209=EDGE_CURVE('',#2603,#2604,#1432,.T.);
#3210=EDGE_CURVE('',#2604,#2605,#314,.T.);
#3211=EDGE_CURVE('',#2605,#2606,#1433,.T.);
#3212=EDGE_CURVE('',#2606,#2607,#1434,.T.);
#3213=EDGE_CURVE('',#2607,#2608,#1435,.T.);
#3214=EDGE_CURVE('',#2608,#2609,#1436,.T.);
#3215=EDGE_CURVE('',#2609,#2610,#1437,.T.);
#3216=EDGE_CURVE('',#2610,#2611,#315,.T.);
#3217=EDGE_CURVE('',#2611,#2612,#1438,.T.);
#3218=EDGE_CURVE('',#2612,#2613,#316,.T.);
#3219=EDGE_CURVE('',#2613,#2614,#1439,.T.);
#3220=EDGE_CURVE('',#2614,#2615,#1440,.T.);
#3221=EDGE_CURVE('',#2615,#2600,#1441,.T.);
#3222=EDGE_CURVE('',#2616,#2617,#1442,.T.);
#3223=EDGE_CURVE('',#2617,#2618,#1443,.T.);
#3224=EDGE_CURVE('',#2618,#2619,#317,.T.);
#3225=EDGE_CURVE('',#2619,#2620,#1444,.T.);
#3226=EDGE_CURVE('',#2620,#2621,#318,.T.);
#3227=EDGE_CURVE('',#2621,#2622,#1445,.T.);
#3228=EDGE_CURVE('',#2622,#2623,#1446,.T.);
#3229=EDGE_CURVE('',#2623,#2624,#1447,.T.);
#3230=EDGE_CURVE('',#2624,#2625,#1448,.T.);
#3231=EDGE_CURVE('',#2625,#2626,#1449,.T.);
#3232=EDGE_CURVE('',#2626,#2627,#319,.T.);
#3233=EDGE_CURVE('',#2627,#2628,#1450,.T.);
#3234=EDGE_CURVE('',#2628,#2629,#320,.T.);
#3235=EDGE_CURVE('',#2629,#2630,#1451,.T.);
#3236=EDGE_CURVE('',#2630,#2631,#1452,.T.);
#3237=EDGE_CURVE('',#2631,#2616,#1453,.T.);
#3238=EDGE_CURVE('',#2574,#2438,#1454,.T.);
#3239=EDGE_CURVE('',#2632,#2633,#1455,.T.);
#3240=EDGE_CURVE('',#2634,#2632,#1456,.T.);
#3241=EDGE_CURVE('',#2635,#2634,#1457,.T.);
#3242=EDGE_CURVE('',#2633,#2635,#1458,.T.);
#3243=EDGE_CURVE('',#2636,#2637,#425,.F.);
#3244=EDGE_CURVE('',#2637,#2638,#1459,.T.);
#3245=EDGE_CURVE('',#2638,#2639,#426,.F.);
#3246=EDGE_CURVE('',#2639,#2640,#1460,.F.);
#3247=EDGE_CURVE('',#2641,#2640,#1461,.T.);
#3248=EDGE_CURVE('',#2642,#2641,#427,.T.);
#3249=EDGE_CURVE('',#2643,#2642,#1462,.T.);
#3250=EDGE_CURVE('',#2644,#2643,#428,.T.);
#3251=EDGE_CURVE('',#2645,#2644,#1463,.T.);
#3252=EDGE_CURVE('',#2646,#2645,#429,.T.);
#3253=EDGE_CURVE('',#2646,#2636,#1464,.T.);
#3254=EDGE_CURVE('',#2647,#2632,#1465,.T.);
#3255=EDGE_CURVE('',#2633,#2648,#1466,.T.);
#3256=EDGE_CURVE('',#2648,#2647,#1467,.T.);
#3257=EDGE_CURVE('',#2649,#2650,#1468,.T.);
#3258=EDGE_CURVE('',#2647,#2649,#1469,.T.);
#3259=EDGE_CURVE('',#2650,#2648,#1470,.T.);
#3260=EDGE_CURVE('',#2650,#2635,#1471,.T.);
#3261=EDGE_CURVE('',#2634,#2649,#1472,.T.);
#3262=EDGE_CURVE('',#2587,#2425,#321,.T.);
#3263=EDGE_CURVE('',#2424,#2588,#322,.T.);
#3264=EDGE_CURVE('',#2586,#2426,#1473,.T.);
#3265=EDGE_CURVE('',#2590,#2422,#323,.T.);
#3266=EDGE_CURVE('',#2421,#2591,#324,.T.);
#3267=EDGE_CURVE('',#2580,#2432,#325,.T.);
#3268=EDGE_CURVE('',#2431,#2581,#326,.T.);
#3269=EDGE_CURVE('',#2579,#2433,#1474,.T.);
#3270=EDGE_CURVE('',#2577,#2435,#327,.T.);
#3271=EDGE_CURVE('',#2434,#2578,#328,.T.);
#3272=EDGE_CURVE('',#2617,#2464,#329,.T.);
#3273=EDGE_CURVE('',#2616,#2465,#1475,.T.);
#3274=EDGE_CURVE('',#2623,#2474,#330,.T.);
#3275=EDGE_CURVE('',#2622,#2475,#1476,.T.);
#3276=EDGE_CURVE('',#2631,#2466,#331,.T.);
#3277=EDGE_CURVE('',#2630,#2467,#1477,.T.);
#3278=EDGE_CURVE('',#2625,#2472,#332,.T.);
#3279=EDGE_CURVE('',#2624,#2473,#1478,.T.);
#3280=EDGE_CURVE('',#2607,#2450,#333,.T.);
#3281=EDGE_CURVE('',#2606,#2451,#1479,.T.);
#3282=EDGE_CURVE('',#2601,#2440,#334,.T.);
#3283=EDGE_CURVE('',#2600,#2441,#1480,.T.);
#3284=EDGE_CURVE('',#2609,#2448,#335,.T.);
#3285=EDGE_CURVE('',#2608,#2449,#1481,.T.);
#3286=EDGE_CURVE('',#2615,#2442,#336,.T.);
#3287=EDGE_CURVE('',#2614,#2443,#1482,.T.);
#3288=EDGE_CURVE('',#2651,#2460,#1483,.T.);
#3289=EDGE_CURVE('',#2652,#2651,#1484,.T.);
#3290=EDGE_CURVE('',#2652,#2461,#1485,.T.);
#3291=EDGE_CURVE('',#2653,#2652,#430,.T.);
#3292=EDGE_CURVE('',#2653,#2462,#1486,.T.);
#3293=EDGE_CURVE('',#2654,#2653,#1487,.T.);
#3294=EDGE_CURVE('',#2654,#2463,#1488,.T.);
#3295=EDGE_CURVE('',#2655,#2654,#431,.T.);
#3296=EDGE_CURVE('',#2655,#2456,#1489,.T.);
#3297=EDGE_CURVE('',#2656,#2655,#1490,.T.);
#3298=EDGE_CURVE('',#2656,#2457,#1491,.T.);
#3299=EDGE_CURVE('',#2657,#2656,#432,.T.);
#3300=EDGE_CURVE('',#2657,#2458,#1492,.T.);
#3301=EDGE_CURVE('',#2658,#2657,#1493,.T.);
#3302=EDGE_CURVE('',#2658,#2459,#1494,.T.);
#3303=EDGE_CURVE('',#2651,#2658,#433,.T.);
#3304=EDGE_CURVE('',#2612,#2445,#1495,.T.);
#3305=EDGE_CURVE('',#2611,#2446,#337,.T.);
#3306=EDGE_CURVE('',#2610,#2447,#1496,.T.);
#3307=EDGE_CURVE('',#2613,#2444,#338,.T.);
#3308=EDGE_CURVE('',#2626,#2471,#1497,.T.);
#3309=EDGE_CURVE('',#2629,#2468,#339,.T.);
#3310=EDGE_CURVE('',#2628,#2469,#1498,.T.);
#3311=EDGE_CURVE('',#2627,#2470,#340,.T.);
#3312=EDGE_CURVE('',#2589,#2423,#1499,.T.);
#3313=EDGE_CURVE('',#2584,#2428,#1500,.T.);
#3314=EDGE_CURVE('',#2583,#2429,#341,.T.);
#3315=EDGE_CURVE('',#2582,#2430,#1501,.T.);
#3316=EDGE_CURVE('',#2605,#2452,#342,.T.);
#3317=EDGE_CURVE('',#2604,#2453,#1502,.T.);
#3318=EDGE_CURVE('',#2603,#2454,#343,.T.);
#3319=EDGE_CURVE('',#2602,#2455,#1503,.T.);
#3320=EDGE_CURVE('',#2621,#2476,#344,.T.);
#3321=EDGE_CURVE('',#2620,#2477,#1504,.T.);
#3322=EDGE_CURVE('',#2619,#2478,#345,.T.);
#3323=EDGE_CURVE('',#2618,#2479,#1505,.T.);
#3324=EDGE_CURVE('',#2585,#2427,#346,.T.);
#3325=EDGE_CURVE('',#2575,#2437,#347,.T.);
#3326=EDGE_CURVE('',#2576,#2436,#1506,.T.);
#3327=EDGE_CURVE('',#2597,#2484,#1507,.T.);
#3328=EDGE_CURVE('',#2596,#2485,#348,.T.);
#3329=EDGE_CURVE('',#2595,#2486,#1508,.T.);
#3330=EDGE_CURVE('',#2594,#2487,#349,.T.);
#3331=EDGE_CURVE('',#2593,#2480,#1509,.T.);
#3332=EDGE_CURVE('',#2592,#2481,#350,.T.);
#3333=EDGE_CURVE('',#2599,#2482,#1510,.T.);
#3334=EDGE_CURVE('',#2598,#2483,#351,.T.);
#3335=EDGE_CURVE('',#2517,#2659,#1511,.F.);
#3336=EDGE_CURVE('',#2660,#2659,#248,.F.);
#3337=EDGE_CURVE('',#2660,#2661,#434,.T.);
#3338=EDGE_CURVE('',#2662,#2661,#249,.F.);
#3339=EDGE_CURVE('',#2662,#2367,#1512,.F.);
#3340=EDGE_CURVE('',#2533,#2663,#1513,.T.);
#3341=EDGE_CURVE('',#2663,#2663,#435,.F.);
#3342=EDGE_CURVE('',#2664,#2665,#1514,.T.);
#3343=EDGE_CURVE('',#2666,#2664,#1515,.T.);
#3344=EDGE_CURVE('',#2667,#2666,#1516,.T.);
#3345=EDGE_CURVE('',#2667,#2665,#1517,.T.);
#3346=EDGE_CURVE('',#2668,#2669,#1518,.T.);
#3347=EDGE_CURVE('',#2670,#2668,#1519,.T.);
#3348=EDGE_CURVE('',#2671,#2670,#1520,.T.);
#3349=EDGE_CURVE('',#2671,#2669,#1521,.T.);
#3350=EDGE_CURVE('',#2672,#2673,#1522,.T.);
#3351=EDGE_CURVE('',#2672,#2673,#436,.T.);
#3352=EDGE_CURVE('',#2674,#2672,#1523,.T.);
#3353=EDGE_CURVE('',#2673,#2675,#1524,.T.);
#3354=EDGE_CURVE('',#2675,#2674,#437,.T.);
#3355=EDGE_CURVE('',#2676,#2677,#1525,.T.);
#3356=EDGE_CURVE('',#2678,#2677,#1526,.T.);
#3357=EDGE_CURVE('',#2679,#2678,#1527,.T.);
#3358=EDGE_CURVE('',#2679,#2676,#1528,.T.);
#3359=EDGE_CURVE('',#2680,#2681,#438,.T.);
#3360=EDGE_CURVE('',#2682,#2680,#439,.T.);
#3361=EDGE_CURVE('',#2683,#2682,#1529,.T.);
#3362=EDGE_CURVE('',#2684,#2683,#440,.T.);
#3363=EDGE_CURVE('',#2685,#2684,#441,.T.);
#3364=EDGE_CURVE('',#2686,#2685,#1530,.T.);
#3365=EDGE_CURVE('',#2687,#2686,#442,.T.);
#3366=EDGE_CURVE('',#2688,#2687,#443,.T.);
#3367=EDGE_CURVE('',#2689,#2688,#1531,.T.);
#3368=EDGE_CURVE('',#2690,#2689,#444,.T.);
#3369=EDGE_CURVE('',#2691,#2690,#1532,.T.);
#3370=EDGE_CURVE('',#2692,#2691,#445,.T.);
#3371=EDGE_CURVE('',#2693,#2692,#1533,.T.);
#3372=EDGE_CURVE('',#2694,#2693,#446,.T.);
#3373=EDGE_CURVE('',#2695,#2694,#1534,.T.);
#3374=EDGE_CURVE('',#2696,#2695,#447,.T.);
#3375=EDGE_CURVE('',#2697,#2696,#1535,.T.);
#3376=EDGE_CURVE('',#2698,#2697,#448,.T.);
#3377=EDGE_CURVE('',#2699,#2698,#449,.T.);
#3378=EDGE_CURVE('',#2700,#2699,#450,.T.);
#3379=EDGE_CURVE('',#2701,#2700,#1536,.T.);
#3380=EDGE_CURVE('',#2702,#2701,#451,.T.);
#3381=EDGE_CURVE('',#2703,#2702,#1537,.T.);
#3382=EDGE_CURVE('',#2704,#2703,#452,.T.);
#3383=EDGE_CURVE('',#2705,#2704,#1538,.T.);
#3384=EDGE_CURVE('',#2706,#2705,#453,.T.);
#3385=EDGE_CURVE('',#2707,#2706,#1539,.T.);
#3386=EDGE_CURVE('',#2708,#2707,#454,.T.);
#3387=EDGE_CURVE('',#2709,#2708,#1540,.T.);
#3388=EDGE_CURVE('',#2710,#2709,#455,.T.);
#3389=EDGE_CURVE('',#2711,#2710,#1541,.T.);
#3390=EDGE_CURVE('',#2712,#2711,#456,.T.);
#3391=EDGE_CURVE('',#2681,#2712,#1542,.T.);
#3392=EDGE_CURVE('',#2713,#2674,#1543,.T.);
#3393=EDGE_CURVE('',#2675,#2714,#1544,.T.);
#3394=EDGE_CURVE('',#2714,#2715,#1545,.T.);
#3395=EDGE_CURVE('',#2715,#2716,#457,.T.);
#3396=EDGE_CURVE('',#2716,#2717,#1546,.T.);
#3397=EDGE_CURVE('',#2717,#2718,#1547,.T.);
#3398=EDGE_CURVE('',#2718,#2719,#458,.T.);
#3399=EDGE_CURVE('',#2719,#2720,#1548,.T.);
#3400=EDGE_CURVE('',#2720,#2721,#459,.T.);
#3401=EDGE_CURVE('',#2721,#2722,#1549,.T.);
#3402=EDGE_CURVE('',#2722,#2723,#460,.T.);
#3403=EDGE_CURVE('',#2723,#2724,#1550,.T.);
#3404=EDGE_CURVE('',#2724,#2664,#461,.T.);
#3405=EDGE_CURVE('',#2665,#2725,#462,.T.);
#3406=EDGE_CURVE('',#2725,#2726,#1551,.T.);
#3407=EDGE_CURVE('',#2726,#2727,#463,.T.);
#3408=EDGE_CURVE('',#2727,#2728,#1552,.T.);
#3409=EDGE_CURVE('',#2728,#2668,#464,.T.);
#3410=EDGE_CURVE('',#2669,#2729,#465,.T.);
#3411=EDGE_CURVE('',#2729,#2730,#1553,.T.);
#3412=EDGE_CURVE('',#2730,#2731,#466,.T.);
#3413=EDGE_CURVE('',#2731,#2732,#467,.T.);
#3414=EDGE_CURVE('',#2732,#2733,#468,.T.);
#3415=EDGE_CURVE('',#2733,#2734,#1554,.T.);
#3416=EDGE_CURVE('',#2734,#2735,#469,.T.);
#3417=EDGE_CURVE('',#2735,#2736,#1555,.T.);
#3418=EDGE_CURVE('',#2736,#2737,#470,.T.);
#3419=EDGE_CURVE('',#2737,#2738,#1556,.T.);
#3420=EDGE_CURVE('',#2738,#2739,#471,.T.);
#3421=EDGE_CURVE('',#2739,#2740,#1557,.T.);
#3422=EDGE_CURVE('',#2740,#2713,#472,.T.);
#3423=EDGE_CURVE('',#2741,#2742,#24,.T.);
#3424=EDGE_CURVE('',#2741,#2679,#473,.T.);
#3425=EDGE_CURVE('',#2679,#2743,#1558,.T.);
#3426=EDGE_CURVE('',#2743,#2742,#474,.T.);
#3427=EDGE_CURVE('',#2678,#2744,#1559,.T.);
#3428=EDGE_CURVE('',#2744,#2743,#1560,.T.);
#3429=EDGE_CURVE('',#2745,#2746,#25,.T.);
#3430=EDGE_CURVE('',#2745,#2744,#475,.T.);
#3431=EDGE_CURVE('',#2678,#2746,#476,.T.);
#3432=EDGE_CURVE('',#2747,#2748,#1561,.T.);
#3433=EDGE_CURVE('',#2749,#2747,#477,.T.);
#3434=EDGE_CURVE('',#2750,#2749,#478,.T.);
#3435=EDGE_CURVE('',#2750,#2751,#1562,.T.);
#3436=EDGE_CURVE('',#2751,#2752,#479,.T.);
#3437=EDGE_CURVE('',#2752,#2753,#480,.T.);
#3438=EDGE_CURVE('',#2753,#2748,#1563,.T.);
#3439=EDGE_CURVE('',#2754,#2755,#26,.T.);
#3440=EDGE_CURVE('',#2754,#2756,#481,.T.);
#3441=EDGE_CURVE('',#2756,#2757,#1564,.T.);
#3442=EDGE_CURVE('',#2757,#2755,#482,.T.);
#3443=EDGE_CURVE('',#2758,#2759,#1565,.T.);
#3444=EDGE_CURVE('',#2759,#2757,#1566,.T.);
#3445=EDGE_CURVE('',#2756,#2758,#1567,.T.);
#3446=EDGE_CURVE('',#2760,#2761,#27,.T.);
#3447=EDGE_CURVE('',#2760,#2759,#483,.T.);
#3448=EDGE_CURVE('',#2758,#2761,#484,.T.);
#3449=EDGE_CURVE('',#2762,#2756,#1568,.T.);
#3450=EDGE_CURVE('',#2763,#2762,#1569,.T.);
#3451=EDGE_CURVE('',#2763,#2758,#1570,.T.);
#3452=EDGE_CURVE('',#2764,#2708,#1571,.T.);
#3453=EDGE_CURVE('',#2765,#2764,#1572,.T.);
#3454=EDGE_CURVE('',#2765,#2709,#1573,.T.);
#3455=EDGE_CURVE('',#2766,#2706,#1574,.F.);
#3456=EDGE_CURVE('',#2767,#2766,#1575,.T.);
#3457=EDGE_CURVE('',#2767,#2707,#1576,.T.);
#3458=EDGE_CURVE('',#2768,#2519,#1577,.T.);
#3459=EDGE_CURVE('',#2518,#2768,#1578,.T.);
#3460=EDGE_CURVE('',#2769,#2769,#485,.T.);
#3461=EDGE_CURVE('',#2769,#2770,#1579,.T.);
#3462=EDGE_CURVE('',#2770,#2770,#486,.T.);
#3463=EDGE_CURVE('',#2771,#2771,#487,.T.);
#3464=EDGE_CURVE('',#2771,#2772,#1580,.T.);
#3465=EDGE_CURVE('',#2772,#2772,#488,.T.);
#3466=EDGE_CURVE('',#2773,#2773,#489,.T.);
#3467=EDGE_CURVE('',#2773,#2774,#1581,.T.);
#3468=EDGE_CURVE('',#2774,#2774,#490,.T.);
#3469=EDGE_CURVE('',#2775,#2775,#491,.T.);
#3470=EDGE_CURVE('',#2775,#2776,#1582,.T.);
#3471=EDGE_CURVE('',#2776,#2776,#492,.T.);
#3472=EDGE_CURVE('',#2488,#2777,#1583,.T.);
#3473=EDGE_CURVE('',#2777,#2777,#493,.T.);
#3474=EDGE_CURVE('',#2489,#2778,#1584,.T.);
#3475=EDGE_CURVE('',#2778,#2778,#494,.T.);
#3476=EDGE_CURVE('',#2779,#2636,#1585,.T.);
#3477=EDGE_CURVE('',#2780,#2779,#495,.T.);
#3478=EDGE_CURVE('',#2637,#2780,#1586,.T.);
#3479=EDGE_CURVE('',#2781,#2646,#1587,.T.);
#3480=EDGE_CURVE('',#2779,#2781,#1588,.T.);
#3481=EDGE_CURVE('',#2768,#2415,#1589,.T.);
#3482=EDGE_CURVE('',#2782,#2523,#1590,.T.);
#3483=EDGE_CURVE('',#2783,#2782,#1591,.T.);
#3484=EDGE_CURVE('',#2524,#2783,#1592,.T.);
#3485=EDGE_CURVE('',#2522,#2782,#1593,.T.);
#3486=EDGE_CURVE('',#2520,#2521,#1594,.T.);
#3487=EDGE_CURVE('',#2714,#2414,#1595,.F.);
#3488=EDGE_CURVE('',#2713,#2784,#1596,.T.);
#3489=EDGE_CURVE('',#2784,#2783,#1597,.F.);
#3490=EDGE_CURVE('',#2785,#2639,#1598,.T.);
#3491=EDGE_CURVE('',#2786,#2785,#1599,.F.);
#3492=EDGE_CURVE('',#2640,#2786,#1600,.T.);
#3493=EDGE_CURVE('',#2787,#2786,#1601,.T.);
#3494=EDGE_CURVE('',#2787,#2641,#1602,.T.);
#3495=EDGE_CURVE('',#2788,#2638,#1603,.T.);
#3496=EDGE_CURVE('',#2785,#2788,#496,.T.);
#3497=EDGE_CURVE('',#2788,#2780,#1604,.T.);
#3498=EDGE_CURVE('',#2789,#2790,#1605,.T.);
#3499=EDGE_CURVE('',#2388,#2789,#1606,.T.);
#3500=EDGE_CURVE('',#2791,#2387,#1607,.T.);
#3501=EDGE_CURVE('',#2792,#2791,#1608,.T.);
#3502=EDGE_CURVE('',#2793,#2792,#1609,.T.);
#3503=EDGE_CURVE('',#2748,#2793,#1610,.T.);
#3504=EDGE_CURVE('',#2794,#2753,#1611,.T.);
#3505=EDGE_CURVE('',#2795,#2794,#352,.T.);
#3506=EDGE_CURVE('',#2536,#2795,#1612,.T.);
#3507=EDGE_CURVE('',#2790,#2535,#1613,.T.);
#3508=EDGE_CURVE('',#2796,#2797,#497,.T.);
#3509=EDGE_CURVE('',#2796,#2572,#1614,.T.);
#3510=EDGE_CURVE('',#2571,#2797,#1615,.T.);
#3511=EDGE_CURVE('',#2798,#2796,#1616,.T.);
#3512=EDGE_CURVE('',#2798,#2573,#1617,.T.);
#3513=EDGE_CURVE('',#2797,#2799,#1618,.T.);
#3514=EDGE_CURVE('',#2800,#2570,#353,.T.);
#3515=EDGE_CURVE('',#2751,#2800,#1619,.T.);
#3516=EDGE_CURVE('',#2393,#2750,#1620,.T.);
#3517=EDGE_CURVE('',#2799,#2392,#1621,.T.);
#3518=EDGE_CURVE('',#2790,#2798,#498,.T.);
#3519=EDGE_CURVE('',#2791,#2801,#1622,.T.);
#3520=EDGE_CURVE('',#2802,#2801,#1623,.T.);
#3521=EDGE_CURVE('',#2802,#2792,#1624,.T.);
#3522=EDGE_CURVE('',#2386,#2801,#1625,.T.);
#3523=EDGE_CURVE('',#2789,#2500,#1626,.T.);
#3524=EDGE_CURVE('',#2362,#2799,#499,.T.);
#3525=EDGE_CURVE('',#2502,#2366,#1627,.T.);
#3526=EDGE_CURVE('',#2749,#2731,#1628,.T.);
#3527=EDGE_CURVE('',#2394,#2730,#1629,.T.);
#3528=EDGE_CURVE('',#2795,#2538,#500,.T.);
#3529=EDGE_CURVE('',#2383,#2732,#1630,.T.);
#3530=EDGE_CURVE('',#2747,#2384,#250,.T.);
#3531=EDGE_CURVE('',#2803,#2803,#501,.T.);
#3532=EDGE_CURVE('',#2803,#2804,#1631,.T.);
#3533=EDGE_CURVE('',#2804,#2804,#502,.T.);
#3534=EDGE_CURVE('',#2372,#2805,#1632,.F.);
#3535=EDGE_CURVE('',#2805,#2806,#1633,.F.);
#3536=EDGE_CURVE('',#2806,#2373,#1634,.T.);
#3537=EDGE_CURVE('',#2371,#2807,#1635,.F.);
#3538=EDGE_CURVE('',#2808,#2807,#1636,.F.);
#3539=EDGE_CURVE('',#2805,#2808,#1637,.T.);
#3540=EDGE_CURVE('',#2809,#2809,#503,.T.);
#3541=EDGE_CURVE('',#2809,#2810,#1638,.T.);
#3542=EDGE_CURVE('',#2810,#2810,#504,.T.);
#3543=EDGE_CURVE('',#2499,#2811,#1639,.T.);
#3544=EDGE_CURVE('',#2811,#2811,#505,.F.);
#3545=EDGE_CURVE('',#2812,#2813,#1640,.T.);
#3546=EDGE_CURVE('',#2812,#2689,#1641,.T.);
#3547=EDGE_CURVE('',#2814,#2688,#1642,.T.);
#3548=EDGE_CURVE('',#2815,#2814,#1643,.T.);
#3549=EDGE_CURVE('',#2813,#2815,#1644,.T.);
#3550=EDGE_CURVE('',#2407,#2721,#1645,.T.);
#3551=EDGE_CURVE('',#2408,#2720,#1646,.T.);
#3552=EDGE_CURVE('',#2409,#2719,#1647,.T.);
#3553=EDGE_CURVE('',#2410,#2718,#1648,.T.);
#3554=EDGE_CURVE('',#2411,#2717,#1649,.T.);
#3555=EDGE_CURVE('',#2412,#2716,#1650,.T.);
#3556=EDGE_CURVE('',#2413,#2715,#1651,.T.);
#3557=EDGE_CURVE('',#2816,#2740,#1652,.T.);
#3558=EDGE_CURVE('',#2816,#2784,#506,.F.);
#3559=EDGE_CURVE('',#2659,#2817,#1653,.T.);
#3560=EDGE_CURVE('',#2660,#2817,#1654,.T.);
#3561=EDGE_CURVE('',#2495,#2818,#1655,.T.);
#3562=EDGE_CURVE('',#2819,#2818,#1656,.F.);
#3563=EDGE_CURVE('',#2496,#2819,#1657,.T.);
#3564=EDGE_CURVE('',#2494,#2820,#1658,.T.);
#3565=EDGE_CURVE('',#2818,#2820,#507,.F.);
#3566=EDGE_CURVE('',#2543,#2493,#1659,.T.);
#3567=EDGE_CURVE('',#2820,#2542,#1660,.F.);
#3568=EDGE_CURVE('',#2492,#2544,#1661,.T.);
#3569=EDGE_CURVE('',#2821,#2822,#1662,.T.);
#3570=EDGE_CURVE('',#2821,#2823,#1663,.T.);
#3571=EDGE_CURVE('',#2824,#2823,#1664,.T.);
#3572=EDGE_CURVE('',#2822,#2824,#1665,.T.);
#3573=EDGE_CURVE('',#2822,#2741,#508,.T.);
#3574=EDGE_CURVE('',#2676,#2824,#509,.T.);
#3575=EDGE_CURVE('',#2825,#2825,#510,.F.);
#3576=EDGE_CURVE('',#2498,#2825,#1666,.T.);
#3577=EDGE_CURVE('',#2395,#2729,#1667,.T.);
#3578=EDGE_CURVE('',#2396,#2671,#1668,.T.);
#3579=EDGE_CURVE('',#2397,#2670,#1669,.T.);
#3580=EDGE_CURVE('',#2398,#2728,#1670,.T.);
#3581=EDGE_CURVE('',#2399,#2727,#1671,.T.);
#3582=EDGE_CURVE('',#2400,#2726,#1672,.T.);
#3583=EDGE_CURVE('',#2401,#2725,#1673,.T.);
#3584=EDGE_CURVE('',#2402,#2667,#1674,.T.);
#3585=EDGE_CURVE('',#2826,#2666,#1675,.T.);
#3586=EDGE_CURVE('',#2826,#2403,#1676,.T.);
#3587=EDGE_CURVE('',#2404,#2724,#1677,.T.);
#3588=EDGE_CURVE('',#2405,#2723,#1678,.T.);
#3589=EDGE_CURVE('',#2406,#2722,#1679,.T.);
#3590=EDGE_CURVE('',#2827,#2817,#1680,.T.);
#3591=EDGE_CURVE('',#2827,#2516,#1681,.T.);
#3592=EDGE_CURVE('',#2828,#2754,#511,.T.);
#3593=EDGE_CURVE('',#2828,#2829,#1682,.T.);
#3594=EDGE_CURVE('',#2762,#2829,#512,.T.);
#3595=EDGE_CURVE('',#2746,#2830,#513,.T.);
#3596=EDGE_CURVE('',#2831,#2677,#514,.T.);
#3597=EDGE_CURVE('',#2830,#2831,#1683,.T.);
#3598=EDGE_CURVE('',#2830,#2832,#1684,.T.);
#3599=EDGE_CURVE('',#2833,#2831,#1685,.T.);
#3600=EDGE_CURVE('',#2832,#2833,#1686,.T.);
#3601=EDGE_CURVE('',#2834,#2835,#251,.T.);
#3602=EDGE_CURVE('',#2698,#2834,#1687,.T.);
#3603=EDGE_CURVE('',#2697,#2836,#1688,.T.);
#3604=EDGE_CURVE('',#2835,#2836,#515,.T.);
#3605=EDGE_CURVE('',#2837,#2838,#1689,.T.);
#3606=EDGE_CURVE('',#2767,#2837,#1690,.T.);
#3607=EDGE_CURVE('',#2766,#2838,#1691,.T.);
#3608=EDGE_CURVE('',#2839,#2837,#252,.T.);
#3609=EDGE_CURVE('',#2764,#2839,#1692,.T.);
#3610=EDGE_CURVE('',#2840,#2839,#1693,.T.);
#3611=EDGE_CURVE('',#2765,#2840,#1694,.T.);
#3612=EDGE_CURVE('',#2841,#2840,#354,.T.);
#3613=EDGE_CURVE('',#2841,#2710,#1695,.T.);
#3614=EDGE_CURVE('',#2842,#2843,#516,.T.);
#3615=EDGE_CURVE('',#2692,#2842,#1696,.T.);
#3616=EDGE_CURVE('',#2691,#2843,#1697,.T.);
#3617=EDGE_CURVE('',#2844,#2842,#1698,.T.);
#3618=EDGE_CURVE('',#2693,#2844,#1699,.T.);
#3619=EDGE_CURVE('',#2845,#2844,#517,.T.);
#3620=EDGE_CURVE('',#2694,#2845,#1700,.T.);
#3621=EDGE_CURVE('',#2846,#2845,#1701,.T.);
#3622=EDGE_CURVE('',#2695,#2846,#1702,.T.);
#3623=EDGE_CURVE('',#2847,#2846,#518,.T.);
#3624=EDGE_CURVE('',#2696,#2847,#1703,.T.);
#3625=EDGE_CURVE('',#2836,#2847,#1704,.T.);
#3626=EDGE_CURVE('',#2848,#2849,#1705,.T.);
#3627=EDGE_CURVE('',#2850,#2848,#1706,.T.);
#3628=EDGE_CURVE('',#2850,#2701,#1707,.T.);
#3629=EDGE_CURVE('',#2849,#2700,#1708,.T.);
#3630=EDGE_CURVE('',#2851,#2848,#355,.T.);
#3631=EDGE_CURVE('',#2851,#2702,#1709,.T.);
#3632=EDGE_CURVE('',#2852,#2851,#1710,.T.);
#3633=EDGE_CURVE('',#2852,#2703,#1711,.T.);
#3634=EDGE_CURVE('',#2853,#2852,#519,.T.);
#3635=EDGE_CURVE('',#2853,#2704,#1712,.T.);
#3636=EDGE_CURVE('',#2854,#2853,#1713,.T.);
#3637=EDGE_CURVE('',#2854,#2705,#1714,.F.);
#3638=EDGE_CURVE('',#2838,#2854,#253,.T.);
#3639=EDGE_CURVE('',#2855,#2828,#1715,.T.);
#3640=EDGE_CURVE('',#2856,#2855,#1716,.T.);
#3641=EDGE_CURVE('',#2829,#2856,#1717,.T.);
#3642=EDGE_CURVE('',#2857,#2858,#520,.T.);
#3643=EDGE_CURVE('',#2857,#2859,#1718,.T.);
#3644=EDGE_CURVE('',#2860,#2859,#521,.F.);
#3645=EDGE_CURVE('',#2860,#2861,#1719,.T.);
#3646=EDGE_CURVE('',#2862,#2861,#356,.T.);
#3647=EDGE_CURVE('',#2858,#2862,#357,.T.);
#3648=EDGE_CURVE('',#2863,#2864,#358,.T.);
#3649=EDGE_CURVE('',#2863,#2865,#1720,.T.);
#3650=EDGE_CURVE('',#2865,#2856,#522,.T.);
#3651=EDGE_CURVE('',#2866,#2855,#523,.T.);
#3652=EDGE_CURVE('',#2864,#2866,#359,.T.);
#3653=EDGE_CURVE('',#2832,#2867,#524,.T.);
#3654=EDGE_CURVE('',#2868,#2833,#525,.T.);
#3655=EDGE_CURVE('',#2869,#2868,#1721,.T.);
#3656=EDGE_CURVE('',#2870,#2869,#360,.T.);
#3657=EDGE_CURVE('',#2867,#2870,#361,.T.);
#3658=EDGE_CURVE('',#2869,#2871,#1722,.T.);
#3659=EDGE_CURVE('',#2872,#2868,#1723,.T.);
#3660=EDGE_CURVE('',#2871,#2872,#1724,.T.);
#3661=EDGE_CURVE('',#2871,#2873,#362,.T.);
#3662=EDGE_CURVE('',#2823,#2872,#526,.T.);
#3663=EDGE_CURVE('',#2874,#2821,#527,.T.);
#3664=EDGE_CURVE('',#2873,#2874,#363,.T.);
#3665=EDGE_CURVE('',#2814,#2875,#254,.T.);
#3666=EDGE_CURVE('',#2875,#2687,#1725,.T.);
#3667=EDGE_CURVE('',#2875,#2876,#255,.T.);
#3668=EDGE_CURVE('',#2876,#2686,#1726,.T.);
#3669=EDGE_CURVE('',#2876,#2877,#1727,.T.);
#3670=EDGE_CURVE('',#2877,#2685,#1728,.T.);
#3671=EDGE_CURVE('',#2877,#2878,#256,.T.);
#3672=EDGE_CURVE('',#2878,#2684,#1729,.T.);
#3673=EDGE_CURVE('',#2878,#2879,#257,.T.);
#3674=EDGE_CURVE('',#2879,#2683,#1730,.T.);
#3675=EDGE_CURVE('',#2879,#2880,#1731,.T.);
#3676=EDGE_CURVE('',#2880,#2682,#1732,.T.);
#3677=EDGE_CURVE('',#2880,#2881,#364,.T.);
#3678=EDGE_CURVE('',#2881,#2680,#1733,.T.);
#3679=EDGE_CURVE('',#2881,#2882,#528,.T.);
#3680=EDGE_CURVE('',#2882,#2681,#1734,.T.);
#3681=EDGE_CURVE('',#2882,#2883,#1735,.T.);
#3682=EDGE_CURVE('',#2883,#2712,#1736,.T.);
#3683=EDGE_CURVE('',#2883,#2884,#365,.T.);
#3684=EDGE_CURVE('',#2884,#2711,#1737,.T.);
#3685=EDGE_CURVE('',#2884,#2841,#1738,.T.);
#3686=EDGE_CURVE('',#2881,#2556,#529,.T.);
#3687=EDGE_CURVE('',#2556,#2882,#530,.T.);
#3688=EDGE_CURVE('',#2885,#2836,#531,.T.);
#3689=EDGE_CURVE('',#2885,#2541,#532,.T.);
#3690=EDGE_CURVE('',#2835,#2540,#366,.T.);
#3691=EDGE_CURVE('',#2886,#2847,#533,.T.);
#3692=EDGE_CURVE('',#2886,#2885,#1739,.T.);
#3693=EDGE_CURVE('',#2887,#2846,#534,.T.);
#3694=EDGE_CURVE('',#2887,#2886,#535,.T.);
#3695=EDGE_CURVE('',#2888,#2845,#536,.T.);
#3696=EDGE_CURVE('',#2888,#2887,#1740,.T.);
#3697=EDGE_CURVE('',#2889,#2844,#537,.T.);
#3698=EDGE_CURVE('',#2889,#2888,#538,.T.);
#3699=EDGE_CURVE('',#2890,#2889,#1741,.T.);
#3700=EDGE_CURVE('',#2890,#2842,#367,.T.);
#3701=EDGE_CURVE('',#2880,#2555,#539,.T.);
#3702=EDGE_CURVE('',#2879,#2554,#540,.T.);
#3703=EDGE_CURVE('',#2878,#2553,#541,.T.);
#3704=EDGE_CURVE('',#2877,#2552,#542,.T.);
#3705=EDGE_CURVE('',#2876,#2551,#543,.T.);
#3706=EDGE_CURVE('',#2875,#2550,#544,.T.);
#3707=EDGE_CURVE('',#2814,#2549,#545,.T.);
#3708=EDGE_CURVE('',#2548,#2815,#258,.T.);
#3709=EDGE_CURVE('',#2843,#2891,#368,.T.);
#3710=EDGE_CURVE('',#2891,#2890,#546,.T.);
#3711=EDGE_CURVE('',#2834,#2539,#547,.T.);
#3712=EDGE_CURVE('',#2892,#2834,#259,.T.);
#3713=EDGE_CURVE('',#2538,#2892,#369,.T.);
#3714=EDGE_CURVE('',#2849,#2569,#548,.T.);
#3715=EDGE_CURVE('',#2848,#2568,#549,.T.);
#3716=EDGE_CURVE('',#2851,#2567,#550,.T.);
#3717=EDGE_CURVE('',#2852,#2566,#551,.T.);
#3718=EDGE_CURVE('',#2853,#2565,#552,.T.);
#3719=EDGE_CURVE('',#2563,#2838,#370,.T.);
#3720=EDGE_CURVE('',#2837,#2562,#553,.T.);
#3721=EDGE_CURVE('',#2839,#2561,#554,.T.);
#3722=EDGE_CURVE('',#2840,#2560,#555,.T.);
#3723=EDGE_CURVE('',#2841,#2559,#556,.T.);
#3724=EDGE_CURVE('',#2884,#2558,#557,.T.);
#3725=EDGE_CURVE('',#2883,#2557,#558,.T.);
#3726=EDGE_CURVE('',#2564,#2854,#371,.T.);
#3727=EDGE_CURVE('',#2761,#2893,#559,.T.);
#3728=EDGE_CURVE('',#2894,#2763,#560,.T.);
#3729=EDGE_CURVE('',#2893,#2894,#1742,.T.);
#3730=EDGE_CURVE('',#2893,#2857,#1743,.T.);
#3731=EDGE_CURVE('',#2859,#2894,#1744,.T.);
#3732=EDGE_CURVE('',#2895,#2866,#1745,.T.);
#3733=EDGE_CURVE('',#2895,#2896,#372,.T.);
#3734=EDGE_CURVE('',#2864,#2896,#1746,.T.);
#3735=EDGE_CURVE('',#2755,#2897,#561,.T.);
#3736=EDGE_CURVE('',#2828,#2897,#1747,.T.);
#3737=EDGE_CURVE('',#2897,#2898,#1748,.T.);
#3738=EDGE_CURVE('',#2855,#2898,#1749,.T.);
#3739=EDGE_CURVE('',#2898,#2895,#562,.T.);
#3740=EDGE_CURVE('',#2899,#2862,#1750,.T.);
#3741=EDGE_CURVE('',#2899,#2900,#373,.T.);
#3742=EDGE_CURVE('',#2858,#2900,#1751,.T.);
#3743=EDGE_CURVE('',#2896,#2901,#374,.T.);
#3744=EDGE_CURVE('',#2863,#2901,#1752,.T.);
#3745=EDGE_CURVE('',#2901,#2902,#1753,.T.);
#3746=EDGE_CURVE('',#2861,#2902,#1754,.T.);
#3747=EDGE_CURVE('',#2861,#2863,#1755,.T.);
#3748=EDGE_CURVE('',#2902,#2899,#375,.T.);
#3749=EDGE_CURVE('',#2900,#2903,#563,.T.);
#3750=EDGE_CURVE('',#2857,#2903,#1756,.T.);
#3751=EDGE_CURVE('',#2903,#2904,#1757,.T.);
#3752=EDGE_CURVE('',#2893,#2904,#1758,.T.);
#3753=EDGE_CURVE('',#2904,#2760,#564,.T.);
#3754=EDGE_CURVE('',#2905,#2906,#376,.T.);
#3755=EDGE_CURVE('',#2905,#2891,#1759,.T.);
#3756=EDGE_CURVE('',#2843,#2900,#1760,.T.);
#3757=EDGE_CURVE('',#2895,#2907,#1761,.T.);
#3758=EDGE_CURVE('',#2908,#2907,#377,.T.);
#3759=EDGE_CURVE('',#2909,#2908,#378,.T.);
#3760=EDGE_CURVE('',#2910,#2909,#1762,.T.);
#3761=EDGE_CURVE('',#2911,#2910,#379,.T.);
#3762=EDGE_CURVE('',#2912,#2911,#380,.T.);
#3763=EDGE_CURVE('',#2912,#2913,#1763,.T.);
#3764=EDGE_CURVE('',#2906,#2913,#381,.T.);
#3765=EDGE_CURVE('',#2914,#2745,#565,.T.);
#3766=EDGE_CURVE('',#2915,#2914,#1764,.T.);
#3767=EDGE_CURVE('',#2907,#2915,#566,.T.);
#3768=EDGE_CURVE('',#2916,#2690,#1765,.T.);
#3769=EDGE_CURVE('',#2913,#2916,#1766,.T.);
#3770=EDGE_CURVE('',#2917,#2912,#567,.T.);
#3771=EDGE_CURVE('',#2918,#2917,#1767,.T.);
#3772=EDGE_CURVE('',#2742,#2918,#568,.T.);
#3773=EDGE_CURVE('',#2912,#2874,#1768,.T.);
#3774=EDGE_CURVE('',#2873,#2911,#1769,.T.);
#3775=EDGE_CURVE('',#2822,#2918,#1770,.T.);
#3776=EDGE_CURVE('',#2821,#2917,#1771,.T.);
#3777=EDGE_CURVE('',#2908,#2870,#1772,.T.);
#3778=EDGE_CURVE('',#2867,#2907,#1773,.T.);
#3779=EDGE_CURVE('',#2871,#2910,#1774,.T.);
#3780=EDGE_CURVE('',#2869,#2909,#1775,.T.);
#3781=EDGE_CURVE('',#2832,#2915,#1776,.T.);
#3782=EDGE_CURVE('',#2830,#2914,#1777,.T.);
#3783=EDGE_CURVE('',#2919,#2369,#1778,.T.);
#3784=EDGE_CURVE('',#2919,#2662,#1779,.T.);
#3785=EDGE_CURVE('',#2807,#2920,#1780,.T.);
#3786=EDGE_CURVE('',#2920,#2919,#1781,.T.);
#3787=EDGE_CURVE('',#2808,#2661,#1782,.T.);
#3788=EDGE_CURVE('',#2921,#2806,#1783,.T.);
#3789=EDGE_CURVE('',#2374,#2921,#1784,.T.);
#3790=EDGE_CURVE('',#2370,#2920,#1785,.T.);
#3791=EDGE_CURVE('',#2922,#2819,#569,.F.);
#3792=EDGE_CURVE('',#2497,#2922,#1786,.T.);
#3793=EDGE_CURVE('',#2547,#2922,#1787,.F.);
#3794=EDGE_CURVE('',#2491,#2546,#1788,.T.);
#3795=EDGE_CURVE('',#2490,#2545,#1789,.T.);
#3796=EDGE_CURVE('',#2865,#2816,#1790,.F.);
#3797=EDGE_CURVE('',#2739,#2376,#1791,.T.);
#3798=EDGE_CURVE('',#2375,#2923,#1792,.T.);
#3799=EDGE_CURVE('',#2923,#2860,#1793,.F.);
#3800=EDGE_CURVE('',#2738,#2377,#1794,.T.);
#3801=EDGE_CURVE('',#2737,#2378,#1795,.T.);
#3802=EDGE_CURVE('',#2736,#2379,#1796,.T.);
#3803=EDGE_CURVE('',#2735,#2380,#1797,.T.);
#3804=EDGE_CURVE('',#2734,#2381,#1798,.T.);
#3805=EDGE_CURVE('',#2733,#2382,#1799,.T.);
#3806=EDGE_CURVE('',#2923,#2921,#1800,.T.);
#3807=EDGE_CURVE('',#2916,#2812,#570,.T.);
#3808=EDGE_CURVE('',#2916,#2924,#571,.T.);
#3809=EDGE_CURVE('',#2812,#2925,#572,.T.);
#3810=EDGE_CURVE('',#2925,#2924,#573,.T.);
#3811=EDGE_CURVE('',#2926,#2927,#1801,.T.);
#3812=EDGE_CURVE('',#2928,#2926,#1802,.T.);
#3813=EDGE_CURVE('',#2929,#2928,#1803,.T.);
#3814=EDGE_CURVE('',#2927,#2929,#574,.T.);
#3815=EDGE_CURVE('',#2930,#2931,#1804,.T.);
#3816=EDGE_CURVE('',#2932,#2930,#575,.T.);
#3817=EDGE_CURVE('',#2933,#2932,#1805,.T.);
#3818=EDGE_CURVE('',#2931,#2933,#1806,.T.);
#3819=EDGE_CURVE('',#2931,#2926,#576,.T.);
#3820=EDGE_CURVE('',#2928,#2933,#577,.T.);
#3821=EDGE_CURVE('',#2913,#2934,#578,.T.);
#3822=EDGE_CURVE('',#2924,#2934,#1807,.T.);
#3823=EDGE_CURVE('',#2935,#2936,#1808,.T.);
#3824=EDGE_CURVE('',#2937,#2935,#579,.T.);
#3825=EDGE_CURVE('',#2934,#2937,#1809,.T.);
#3826=EDGE_CURVE('',#2925,#2936,#1810,.T.);
#3827=EDGE_CURVE('',#2936,#2813,#580,.T.);
#3828=EDGE_CURVE('',#2927,#2938,#382,.T.);
#3829=EDGE_CURVE('',#2936,#2929,#581,.T.);
#3830=EDGE_CURVE('',#2938,#2813,#383,.T.);
#3831=EDGE_CURVE('',#2935,#2928,#582,.T.);
#3832=EDGE_CURVE('',#2937,#2933,#583,.T.);
#3833=EDGE_CURVE('',#2934,#2932,#584,.T.);
#3834=EDGE_CURVE('',#2913,#2939,#384,.T.);
#3835=EDGE_CURVE('',#2940,#2930,#385,.T.);
#3836=EDGE_CURVE('',#2939,#2940,#386,.T.);
#3837=EDGE_CURVE('',#2813,#2941,#387,.T.);
#3838=EDGE_CURVE('',#2548,#2941,#1811,.T.);
#3839=EDGE_CURVE('',#2941,#2938,#585,.T.);
#3840=EDGE_CURVE('',#2941,#2942,#260,.T.);
#3841=EDGE_CURVE('',#2927,#2942,#586,.T.);
#3842=EDGE_CURVE('',#2943,#2930,#587,.T.);
#3843=EDGE_CURVE('',#2943,#2905,#261,.T.);
#3844=EDGE_CURVE('',#2940,#2905,#588,.T.);
#3845=EDGE_CURVE('',#2926,#2944,#589,.T.);
#3846=EDGE_CURVE('',#2944,#2945,#590,.T.);
#3847=EDGE_CURVE('',#2931,#2945,#591,.T.);
#3848=EDGE_CURVE('',#2945,#2943,#1812,.T.);
#3849=EDGE_CURVE('',#2946,#2642,#1813,.T.);
#3850=EDGE_CURVE('',#2947,#2946,#1814,.T.);
#3851=EDGE_CURVE('',#2947,#2643,#1815,.T.);
#3852=EDGE_CURVE('',#2946,#2787,#592,.T.);
#3853=EDGE_CURVE('',#2948,#2645,#1816,.T.);
#3854=EDGE_CURVE('',#2781,#2948,#593,.T.);
#3855=EDGE_CURVE('',#2949,#2644,#1817,.T.);
#3856=EDGE_CURVE('',#2948,#2949,#1818,.T.);
#3857=EDGE_CURVE('',#2949,#2947,#594,.T.);
#3858=EDGE_CURVE('',#2942,#2944,#1819,.T.);
#3859=EDGE_CURVE('',#2827,#2525,#1820,.T.);
#3860=EDGE_CURVE('',#2385,#2802,#1821,.T.);
#3861=EDGE_CURVE('',#2384,#2802,#1822,.T.);
#3862=EDGE_CURVE('',#2794,#2892,#595,.T.);
#3863=EDGE_CURVE('',#2849,#2800,#262,.T.);
#3864=EDGE_CURVE('',#2752,#2699,#1823,.T.);
#3865=EDGE_CURVE('',#2384,#2793,#1824,.T.);
#3866=ORIENTED_EDGE('',*,*,#2950,.F.);
#3867=ORIENTED_EDGE('',*,*,#2951,.F.);
#3868=ORIENTED_EDGE('',*,*,#2952,.T.);
#3869=ORIENTED_EDGE('',*,*,#2953,.F.);
#3870=ORIENTED_EDGE('',*,*,#2954,.F.);
#3871=ORIENTED_EDGE('',*,*,#2955,.F.);
#3872=ORIENTED_EDGE('',*,*,#2956,.F.);
#3873=ORIENTED_EDGE('',*,*,#2952,.F.);
#3874=ORIENTED_EDGE('',*,*,#2957,.F.);
#3875=ORIENTED_EDGE('',*,*,#2958,.T.);
#3876=ORIENTED_EDGE('',*,*,#2959,.F.);
#3877=ORIENTED_EDGE('',*,*,#2960,.F.);
#3878=ORIENTED_EDGE('',*,*,#2961,.F.);
#3879=ORIENTED_EDGE('',*,*,#2962,.F.);
#3880=ORIENTED_EDGE('',*,*,#2963,.F.);
#3881=ORIENTED_EDGE('',*,*,#2964,.F.);
#3882=ORIENTED_EDGE('',*,*,#2965,.F.);
#3883=ORIENTED_EDGE('',*,*,#2966,.F.);
#3884=ORIENTED_EDGE('',*,*,#2967,.F.);
#3885=ORIENTED_EDGE('',*,*,#2968,.F.);
#3886=ORIENTED_EDGE('',*,*,#2969,.F.);
#3887=ORIENTED_EDGE('',*,*,#2970,.F.);
#3888=ORIENTED_EDGE('',*,*,#2971,.F.);
#3889=ORIENTED_EDGE('',*,*,#2972,.F.);
#3890=ORIENTED_EDGE('',*,*,#2973,.F.);
#3891=ORIENTED_EDGE('',*,*,#2974,.T.);
#3892=ORIENTED_EDGE('',*,*,#2975,.F.);
#3893=ORIENTED_EDGE('',*,*,#2976,.T.);
#3894=ORIENTED_EDGE('',*,*,#2977,.T.);
#3895=ORIENTED_EDGE('',*,*,#2978,.T.);
#3896=ORIENTED_EDGE('',*,*,#2979,.T.);
#3897=ORIENTED_EDGE('',*,*,#2980,.T.);
#3898=ORIENTED_EDGE('',*,*,#2981,.T.);
#3899=ORIENTED_EDGE('',*,*,#2954,.T.);
#3900=ORIENTED_EDGE('',*,*,#2951,.T.);
#3901=ORIENTED_EDGE('',*,*,#2982,.T.);
#3902=ORIENTED_EDGE('',*,*,#2983,.T.);
#3903=ORIENTED_EDGE('',*,*,#2984,.T.);
#3904=ORIENTED_EDGE('',*,*,#2985,.F.);
#3905=ORIENTED_EDGE('',*,*,#2986,.F.);
#3906=ORIENTED_EDGE('',*,*,#2987,.F.);
#3907=ORIENTED_EDGE('',*,*,#2988,.F.);
#3908=ORIENTED_EDGE('',*,*,#2989,.F.);
#3909=ORIENTED_EDGE('',*,*,#2990,.F.);
#3910=ORIENTED_EDGE('',*,*,#2991,.F.);
#3911=ORIENTED_EDGE('',*,*,#2992,.F.);
#3912=ORIENTED_EDGE('',*,*,#2993,.F.);
#3913=ORIENTED_EDGE('',*,*,#2994,.F.);
#3914=ORIENTED_EDGE('',*,*,#2995,.F.);
#3915=ORIENTED_EDGE('',*,*,#2996,.F.);
#3916=ORIENTED_EDGE('',*,*,#2997,.F.);
#3917=ORIENTED_EDGE('',*,*,#2998,.F.);
#3918=ORIENTED_EDGE('',*,*,#2999,.F.);
#3919=ORIENTED_EDGE('',*,*,#3000,.F.);
#3920=ORIENTED_EDGE('',*,*,#3001,.F.);
#3921=ORIENTED_EDGE('',*,*,#3002,.F.);
#3922=ORIENTED_EDGE('',*,*,#3003,.F.);
#3923=ORIENTED_EDGE('',*,*,#3004,.F.);
#3924=ORIENTED_EDGE('',*,*,#3005,.F.);
#3925=ORIENTED_EDGE('',*,*,#3006,.T.);
#3926=ORIENTED_EDGE('',*,*,#3007,.T.);
#3927=ORIENTED_EDGE('',*,*,#3008,.T.);
#3928=ORIENTED_EDGE('',*,*,#3009,.T.);
#3929=ORIENTED_EDGE('',*,*,#3010,.T.);
#3930=ORIENTED_EDGE('',*,*,#3011,.T.);
#3931=ORIENTED_EDGE('',*,*,#3012,.F.);
#3932=ORIENTED_EDGE('',*,*,#3013,.T.);
#3933=ORIENTED_EDGE('',*,*,#3014,.T.);
#3934=ORIENTED_EDGE('',*,*,#3015,.F.);
#3935=ORIENTED_EDGE('',*,*,#3016,.T.);
#3936=ORIENTED_EDGE('',*,*,#3017,.T.);
#3937=ORIENTED_EDGE('',*,*,#3018,.T.);
#3938=ORIENTED_EDGE('',*,*,#3019,.T.);
#3939=ORIENTED_EDGE('',*,*,#3020,.T.);
#3940=ORIENTED_EDGE('',*,*,#3021,.T.);
#3941=ORIENTED_EDGE('',*,*,#3022,.F.);
#3942=ORIENTED_EDGE('',*,*,#3023,.T.);
#3943=ORIENTED_EDGE('',*,*,#3024,.T.);
#3944=ORIENTED_EDGE('',*,*,#3025,.F.);
#3945=ORIENTED_EDGE('',*,*,#3026,.T.);
#3946=ORIENTED_EDGE('',*,*,#3027,.T.);
#3947=ORIENTED_EDGE('',*,*,#3028,.T.);
#3948=ORIENTED_EDGE('',*,*,#3029,.T.);
#3949=ORIENTED_EDGE('',*,*,#3030,.T.);
#3950=ORIENTED_EDGE('',*,*,#3031,.T.);
#3951=ORIENTED_EDGE('',*,*,#3032,.T.);
#3952=ORIENTED_EDGE('',*,*,#3033,.T.);
#3953=ORIENTED_EDGE('',*,*,#3034,.T.);
#3954=ORIENTED_EDGE('',*,*,#3035,.T.);
#3955=ORIENTED_EDGE('',*,*,#3036,.T.);
#3956=ORIENTED_EDGE('',*,*,#3037,.T.);
#3957=ORIENTED_EDGE('',*,*,#3038,.T.);
#3958=ORIENTED_EDGE('',*,*,#3039,.T.);
#3959=ORIENTED_EDGE('',*,*,#3040,.T.);
#3960=ORIENTED_EDGE('',*,*,#3041,.T.);
#3961=ORIENTED_EDGE('',*,*,#3042,.T.);
#3962=ORIENTED_EDGE('',*,*,#3043,.T.);
#3963=ORIENTED_EDGE('',*,*,#3044,.T.);
#3964=ORIENTED_EDGE('',*,*,#3045,.T.);
#3965=ORIENTED_EDGE('',*,*,#3046,.T.);
#3966=ORIENTED_EDGE('',*,*,#3047,.T.);
#3967=ORIENTED_EDGE('',*,*,#3048,.T.);
#3968=ORIENTED_EDGE('',*,*,#3049,.T.);
#3969=ORIENTED_EDGE('',*,*,#3050,.T.);
#3970=ORIENTED_EDGE('',*,*,#3051,.T.);
#3971=ORIENTED_EDGE('',*,*,#3052,.T.);
#3972=ORIENTED_EDGE('',*,*,#3053,.T.);
#3973=ORIENTED_EDGE('',*,*,#3054,.T.);
#3974=ORIENTED_EDGE('',*,*,#3055,.T.);
#3975=ORIENTED_EDGE('',*,*,#3056,.T.);
#3976=ORIENTED_EDGE('',*,*,#3057,.T.);
#3977=ORIENTED_EDGE('',*,*,#3058,.T.);
#3978=ORIENTED_EDGE('',*,*,#3059,.T.);
#3979=ORIENTED_EDGE('',*,*,#3060,.T.);
#3980=ORIENTED_EDGE('',*,*,#3061,.T.);
#3981=ORIENTED_EDGE('',*,*,#3062,.T.);
#3982=ORIENTED_EDGE('',*,*,#3063,.T.);
#3983=ORIENTED_EDGE('',*,*,#3064,.T.);
#3984=ORIENTED_EDGE('',*,*,#3065,.T.);
#3985=ORIENTED_EDGE('',*,*,#3066,.T.);
#3986=ORIENTED_EDGE('',*,*,#3067,.T.);
#3987=ORIENTED_EDGE('',*,*,#3068,.T.);
#3988=ORIENTED_EDGE('',*,*,#3069,.T.);
#3989=ORIENTED_EDGE('',*,*,#3070,.T.);
#3990=ORIENTED_EDGE('',*,*,#3071,.T.);
#3991=ORIENTED_EDGE('',*,*,#3072,.T.);
#3992=ORIENTED_EDGE('',*,*,#3073,.T.);
#3993=ORIENTED_EDGE('',*,*,#3074,.T.);
#3994=ORIENTED_EDGE('',*,*,#3075,.T.);
#3995=ORIENTED_EDGE('',*,*,#3076,.T.);
#3996=ORIENTED_EDGE('',*,*,#3077,.T.);
#3997=ORIENTED_EDGE('',*,*,#3078,.T.);
#3998=ORIENTED_EDGE('',*,*,#3079,.T.);
#3999=ORIENTED_EDGE('',*,*,#3080,.T.);
#4000=ORIENTED_EDGE('',*,*,#3081,.F.);
#4001=ORIENTED_EDGE('',*,*,#3082,.F.);
#4002=ORIENTED_EDGE('',*,*,#3083,.F.);
#4003=ORIENTED_EDGE('',*,*,#3084,.F.);
#4004=ORIENTED_EDGE('',*,*,#3085,.F.);
#4005=ORIENTED_EDGE('',*,*,#3086,.F.);
#4006=ORIENTED_EDGE('',*,*,#3087,.F.);
#4007=ORIENTED_EDGE('',*,*,#3088,.F.);
#4008=ORIENTED_EDGE('',*,*,#3089,.F.);
#4009=ORIENTED_EDGE('',*,*,#3090,.T.);
#4010=ORIENTED_EDGE('',*,*,#3091,.T.);
#4011=ORIENTED_EDGE('',*,*,#3092,.T.);
#4012=ORIENTED_EDGE('',*,*,#3093,.T.);
#4013=ORIENTED_EDGE('',*,*,#2979,.F.);
#4014=ORIENTED_EDGE('',*,*,#2980,.F.);
#4015=ORIENTED_EDGE('',*,*,#3093,.F.);
#4016=ORIENTED_EDGE('',*,*,#3094,.F.);
#4017=ORIENTED_EDGE('',*,*,#3095,.F.);
#4018=ORIENTED_EDGE('',*,*,#3008,.F.);
#4019=ORIENTED_EDGE('',*,*,#3096,.F.);
#4020=ORIENTED_EDGE('',*,*,#3097,.T.);
#4021=ORIENTED_EDGE('',*,*,#3098,.F.);
#4022=ORIENTED_EDGE('',*,*,#3099,.F.);
#4023=ORIENTED_EDGE('',*,*,#3100,.F.);
#4024=ORIENTED_EDGE('',*,*,#3101,.F.);
#4025=ORIENTED_EDGE('',*,*,#3102,.F.);
#4026=ORIENTED_EDGE('',*,*,#3103,.F.);
#4027=ORIENTED_EDGE('',*,*,#3009,.F.);
#4028=ORIENTED_EDGE('',*,*,#3097,.F.);
#4029=ORIENTED_EDGE('',*,*,#3104,.F.);
#4030=ORIENTED_EDGE('',*,*,#3099,.T.);
#4031=ORIENTED_EDGE('',*,*,#3105,.F.);
#4032=ORIENTED_EDGE('',*,*,#3103,.T.);
#4033=ORIENTED_EDGE('',*,*,#3106,.F.);
#4034=ORIENTED_EDGE('',*,*,#3107,.T.);
#4035=ORIENTED_EDGE('',*,*,#3010,.F.);
#4036=ORIENTED_EDGE('',*,*,#3101,.T.);
#4037=ORIENTED_EDGE('',*,*,#3108,.F.);
#4038=ORIENTED_EDGE('',*,*,#3109,.F.);
#4039=ORIENTED_EDGE('',*,*,#3110,.F.);
#4040=ORIENTED_EDGE('',*,*,#3111,.T.);
#4041=ORIENTED_EDGE('',*,*,#3112,.T.);
#4042=ORIENTED_EDGE('',*,*,#3108,.T.);
#4043=ORIENTED_EDGE('',*,*,#3105,.T.);
#4044=ORIENTED_EDGE('',*,*,#3098,.T.);
#4045=ORIENTED_EDGE('',*,*,#3113,.T.);
#4046=ORIENTED_EDGE('',*,*,#3114,.F.);
#4047=ORIENTED_EDGE('',*,*,#3115,.F.);
#4048=ORIENTED_EDGE('',*,*,#3116,.F.);
#4049=ORIENTED_EDGE('',*,*,#3100,.T.);
#4050=ORIENTED_EDGE('',*,*,#3104,.T.);
#4051=ORIENTED_EDGE('',*,*,#3096,.T.);
#4052=ORIENTED_EDGE('',*,*,#3007,.F.);
#4053=ORIENTED_EDGE('',*,*,#3117,.T.);
#4054=ORIENTED_EDGE('',*,*,#3118,.T.);
#4055=ORIENTED_EDGE('',*,*,#3119,.T.);
#4056=ORIENTED_EDGE('',*,*,#3120,.T.);
#4057=ORIENTED_EDGE('',*,*,#3121,.T.);
#4058=ORIENTED_EDGE('',*,*,#3122,.T.);
#4059=ORIENTED_EDGE('',*,*,#3123,.T.);
#4060=ORIENTED_EDGE('',*,*,#3124,.F.);
#4061=ORIENTED_EDGE('',*,*,#3125,.F.);
#4062=ORIENTED_EDGE('',*,*,#3113,.F.);
#4063=ORIENTED_EDGE('',*,*,#3126,.F.);
#4064=ORIENTED_EDGE('',*,*,#3111,.F.);
#4065=ORIENTED_EDGE('',*,*,#3127,.F.);
#4066=ORIENTED_EDGE('',*,*,#3128,.F.);
#4067=ORIENTED_EDGE('',*,*,#3129,.T.);
#4068=ORIENTED_EDGE('',*,*,#3130,.F.);
#4069=ORIENTED_EDGE('',*,*,#3131,.T.);
#4070=ORIENTED_EDGE('',*,*,#3030,.F.);
#4071=ORIENTED_EDGE('',*,*,#3132,.F.);
#4072=ORIENTED_EDGE('',*,*,#3133,.F.);
#4073=ORIENTED_EDGE('',*,*,#3134,.F.);
#4074=ORIENTED_EDGE('',*,*,#3129,.F.);
#4075=ORIENTED_EDGE('',*,*,#3135,.F.);
#4076=ORIENTED_EDGE('',*,*,#3136,.F.);
#4077=ORIENTED_EDGE('',*,*,#3133,.T.);
#4078=ORIENTED_EDGE('',*,*,#3137,.F.);
#4079=ORIENTED_EDGE('',*,*,#3138,.F.);
#4080=ORIENTED_EDGE('',*,*,#3139,.T.);
#4081=ORIENTED_EDGE('',*,*,#3140,.F.);
#4082=ORIENTED_EDGE('',*,*,#3141,.T.);
#4083=ORIENTED_EDGE('',*,*,#3142,.F.);
#4084=ORIENTED_EDGE('',*,*,#3143,.F.);
#4085=ORIENTED_EDGE('',*,*,#3144,.F.);
#4086=ORIENTED_EDGE('',*,*,#3145,.T.);
#4087=ORIENTED_EDGE('',*,*,#3146,.T.);
#4088=ORIENTED_EDGE('',*,*,#3147,.T.);
#4089=ORIENTED_EDGE('',*,*,#3148,.T.);
#4090=ORIENTED_EDGE('',*,*,#3149,.T.);
#4091=ORIENTED_EDGE('',*,*,#3150,.T.);
#4092=ORIENTED_EDGE('',*,*,#3151,.T.);
#4093=ORIENTED_EDGE('',*,*,#3152,.F.);
#4094=ORIENTED_EDGE('',*,*,#3153,.F.);
#4095=ORIENTED_EDGE('',*,*,#3154,.F.);
#4096=ORIENTED_EDGE('',*,*,#3155,.F.);
#4097=ORIENTED_EDGE('',*,*,#3156,.F.);
#4098=ORIENTED_EDGE('',*,*,#3157,.F.);
#4099=ORIENTED_EDGE('',*,*,#3158,.F.);
#4100=ORIENTED_EDGE('',*,*,#3159,.F.);
#4101=ORIENTED_EDGE('',*,*,#3160,.F.);
#4102=ORIENTED_EDGE('',*,*,#3161,.F.);
#4103=ORIENTED_EDGE('',*,*,#3162,.F.);
#4104=ORIENTED_EDGE('',*,*,#3163,.F.);
#4105=ORIENTED_EDGE('',*,*,#3164,.F.);
#4106=ORIENTED_EDGE('',*,*,#3165,.F.);
#4107=ORIENTED_EDGE('',*,*,#3166,.F.);
#4108=ORIENTED_EDGE('',*,*,#3167,.F.);
#4109=ORIENTED_EDGE('',*,*,#3168,.F.);
#4110=ORIENTED_EDGE('',*,*,#3169,.F.);
#4111=ORIENTED_EDGE('',*,*,#3170,.F.);
#4112=ORIENTED_EDGE('',*,*,#3171,.F.);
#4113=ORIENTED_EDGE('',*,*,#3172,.F.);
#4114=ORIENTED_EDGE('',*,*,#3173,.F.);
#4115=ORIENTED_EDGE('',*,*,#3174,.T.);
#4116=ORIENTED_EDGE('',*,*,#3175,.T.);
#4117=ORIENTED_EDGE('',*,*,#3176,.T.);
#4118=ORIENTED_EDGE('',*,*,#3177,.T.);
#4119=ORIENTED_EDGE('',*,*,#3110,.T.);
#4120=ORIENTED_EDGE('',*,*,#3178,.T.);
#4121=ORIENTED_EDGE('',*,*,#3138,.T.);
#4122=ORIENTED_EDGE('',*,*,#3179,.T.);
#4123=ORIENTED_EDGE('',*,*,#3180,.T.);
#4124=ORIENTED_EDGE('',*,*,#3181,.T.);
#4125=ORIENTED_EDGE('',*,*,#3182,.T.);
#4126=ORIENTED_EDGE('',*,*,#3183,.F.);
#4127=ORIENTED_EDGE('',*,*,#3184,.T.);
#4128=ORIENTED_EDGE('',*,*,#3185,.T.);
#4129=ORIENTED_EDGE('',*,*,#3186,.F.);
#4130=ORIENTED_EDGE('',*,*,#3187,.T.);
#4131=ORIENTED_EDGE('',*,*,#3188,.T.);
#4132=ORIENTED_EDGE('',*,*,#3189,.T.);
#4133=ORIENTED_EDGE('',*,*,#3190,.T.);
#4134=ORIENTED_EDGE('',*,*,#3191,.T.);
#4135=ORIENTED_EDGE('',*,*,#3192,.T.);
#4136=ORIENTED_EDGE('',*,*,#3193,.F.);
#4137=ORIENTED_EDGE('',*,*,#3194,.T.);
#4138=ORIENTED_EDGE('',*,*,#3195,.T.);
#4139=ORIENTED_EDGE('',*,*,#3196,.F.);
#4140=ORIENTED_EDGE('',*,*,#3197,.T.);
#4141=ORIENTED_EDGE('',*,*,#3106,.T.);
#4142=ORIENTED_EDGE('',*,*,#3102,.T.);
#4143=ORIENTED_EDGE('',*,*,#3198,.T.);
#4144=ORIENTED_EDGE('',*,*,#3199,.T.);
#4145=ORIENTED_EDGE('',*,*,#3200,.T.);
#4146=ORIENTED_EDGE('',*,*,#3201,.T.);
#4147=ORIENTED_EDGE('',*,*,#3202,.T.);
#4148=ORIENTED_EDGE('',*,*,#3203,.T.);
#4149=ORIENTED_EDGE('',*,*,#3204,.T.);
#4150=ORIENTED_EDGE('',*,*,#3205,.T.);
#4151=ORIENTED_EDGE('',*,*,#3206,.T.);
#4152=ORIENTED_EDGE('',*,*,#3207,.T.);
#4153=ORIENTED_EDGE('',*,*,#3208,.T.);
#4154=ORIENTED_EDGE('',*,*,#3209,.T.);
#4155=ORIENTED_EDGE('',*,*,#3210,.T.);
#4156=ORIENTED_EDGE('',*,*,#3211,.T.);
#4157=ORIENTED_EDGE('',*,*,#3212,.T.);
#4158=ORIENTED_EDGE('',*,*,#3213,.T.);
#4159=ORIENTED_EDGE('',*,*,#3214,.T.);
#4160=ORIENTED_EDGE('',*,*,#3215,.T.);
#4161=ORIENTED_EDGE('',*,*,#3216,.T.);
#4162=ORIENTED_EDGE('',*,*,#3217,.T.);
#4163=ORIENTED_EDGE('',*,*,#3218,.T.);
#4164=ORIENTED_EDGE('',*,*,#3219,.T.);
#4165=ORIENTED_EDGE('',*,*,#3220,.T.);
#4166=ORIENTED_EDGE('',*,*,#3221,.T.);
#4167=ORIENTED_EDGE('',*,*,#3222,.T.);
#4168=ORIENTED_EDGE('',*,*,#3223,.T.);
#4169=ORIENTED_EDGE('',*,*,#3224,.T.);
#4170=ORIENTED_EDGE('',*,*,#3225,.T.);
#4171=ORIENTED_EDGE('',*,*,#3226,.T.);
#4172=ORIENTED_EDGE('',*,*,#3227,.T.);
#4173=ORIENTED_EDGE('',*,*,#3228,.T.);
#4174=ORIENTED_EDGE('',*,*,#3229,.T.);
#4175=ORIENTED_EDGE('',*,*,#3230,.T.);
#4176=ORIENTED_EDGE('',*,*,#3231,.T.);
#4177=ORIENTED_EDGE('',*,*,#3232,.T.);
#4178=ORIENTED_EDGE('',*,*,#3233,.T.);
#4179=ORIENTED_EDGE('',*,*,#3234,.T.);
#4180=ORIENTED_EDGE('',*,*,#3235,.T.);
#4181=ORIENTED_EDGE('',*,*,#3236,.T.);
#4182=ORIENTED_EDGE('',*,*,#3237,.T.);
#4183=ORIENTED_EDGE('',*,*,#3137,.T.);
#4184=ORIENTED_EDGE('',*,*,#3132,.T.);
#4185=ORIENTED_EDGE('',*,*,#3029,.F.);
#4186=ORIENTED_EDGE('',*,*,#3238,.F.);
#4187=ORIENTED_EDGE('',*,*,#3179,.F.);
#4188=ORIENTED_EDGE('',*,*,#3126,.T.);
#4189=ORIENTED_EDGE('',*,*,#3134,.T.);
#4190=ORIENTED_EDGE('',*,*,#3178,.F.);
#4191=ORIENTED_EDGE('',*,*,#3109,.T.);
#4192=ORIENTED_EDGE('',*,*,#3112,.F.);
#4193=ORIENTED_EDGE('',*,*,#3239,.F.);
#4194=ORIENTED_EDGE('',*,*,#3240,.F.);
#4195=ORIENTED_EDGE('',*,*,#3241,.F.);
#4196=ORIENTED_EDGE('',*,*,#3242,.F.);
#4197=ORIENTED_EDGE('',*,*,#3243,.T.);
#4198=ORIENTED_EDGE('',*,*,#3244,.T.);
#4199=ORIENTED_EDGE('',*,*,#3245,.T.);
#4200=ORIENTED_EDGE('',*,*,#3246,.T.);
#4201=ORIENTED_EDGE('',*,*,#3247,.F.);
#4202=ORIENTED_EDGE('',*,*,#3248,.F.);
#4203=ORIENTED_EDGE('',*,*,#3249,.F.);
#4204=ORIENTED_EDGE('',*,*,#3250,.F.);
#4205=ORIENTED_EDGE('',*,*,#3251,.F.);
#4206=ORIENTED_EDGE('',*,*,#3252,.F.);
#4207=ORIENTED_EDGE('',*,*,#3253,.T.);
#4208=ORIENTED_EDGE('',*,*,#3254,.T.);
#4209=ORIENTED_EDGE('',*,*,#3239,.T.);
#4210=ORIENTED_EDGE('',*,*,#3255,.T.);
#4211=ORIENTED_EDGE('',*,*,#3256,.T.);
#4212=ORIENTED_EDGE('',*,*,#3257,.F.);
#4213=ORIENTED_EDGE('',*,*,#3258,.F.);
#4214=ORIENTED_EDGE('',*,*,#3256,.F.);
#4215=ORIENTED_EDGE('',*,*,#3259,.F.);
#4216=ORIENTED_EDGE('',*,*,#3260,.F.);
#4217=ORIENTED_EDGE('',*,*,#3259,.T.);
#4218=ORIENTED_EDGE('',*,*,#3255,.F.);
#4219=ORIENTED_EDGE('',*,*,#3242,.T.);
#4220=ORIENTED_EDGE('',*,*,#3261,.F.);
#4221=ORIENTED_EDGE('',*,*,#3240,.T.);
#4222=ORIENTED_EDGE('',*,*,#3254,.F.);
#4223=ORIENTED_EDGE('',*,*,#3258,.T.);
#4224=ORIENTED_EDGE('',*,*,#3193,.T.);
#4225=ORIENTED_EDGE('',*,*,#3262,.T.);
#4226=ORIENTED_EDGE('',*,*,#3015,.T.);
#4227=ORIENTED_EDGE('',*,*,#3263,.T.);
#4228=ORIENTED_EDGE('',*,*,#3262,.F.);
#4229=ORIENTED_EDGE('',*,*,#3192,.F.);
#4230=ORIENTED_EDGE('',*,*,#3264,.T.);
#4231=ORIENTED_EDGE('',*,*,#3016,.F.);
#4232=ORIENTED_EDGE('',*,*,#3196,.T.);
#4233=ORIENTED_EDGE('',*,*,#3265,.T.);
#4234=ORIENTED_EDGE('',*,*,#3012,.T.);
#4235=ORIENTED_EDGE('',*,*,#3266,.T.);
#4236=ORIENTED_EDGE('',*,*,#3266,.F.);
#4237=ORIENTED_EDGE('',*,*,#3011,.F.);
#4238=ORIENTED_EDGE('',*,*,#3107,.F.);
#4239=ORIENTED_EDGE('',*,*,#3197,.F.);
#4240=ORIENTED_EDGE('',*,*,#3186,.T.);
#4241=ORIENTED_EDGE('',*,*,#3267,.T.);
#4242=ORIENTED_EDGE('',*,*,#3022,.T.);
#4243=ORIENTED_EDGE('',*,*,#3268,.T.);
#4244=ORIENTED_EDGE('',*,*,#3267,.F.);
#4245=ORIENTED_EDGE('',*,*,#3185,.F.);
#4246=ORIENTED_EDGE('',*,*,#3269,.T.);
#4247=ORIENTED_EDGE('',*,*,#3023,.F.);
#4248=ORIENTED_EDGE('',*,*,#3183,.T.);
#4249=ORIENTED_EDGE('',*,*,#3270,.T.);
#4250=ORIENTED_EDGE('',*,*,#3025,.T.);
#4251=ORIENTED_EDGE('',*,*,#3271,.T.);
#4252=ORIENTED_EDGE('',*,*,#3271,.F.);
#4253=ORIENTED_EDGE('',*,*,#3024,.F.);
#4254=ORIENTED_EDGE('',*,*,#3269,.F.);
#4255=ORIENTED_EDGE('',*,*,#3184,.F.);
#4256=ORIENTED_EDGE('',*,*,#3055,.F.);
#4257=ORIENTED_EDGE('',*,*,#3272,.F.);
#4258=ORIENTED_EDGE('',*,*,#3222,.F.);
#4259=ORIENTED_EDGE('',*,*,#3273,.T.);
#4260=ORIENTED_EDGE('',*,*,#3065,.F.);
#4261=ORIENTED_EDGE('',*,*,#3274,.F.);
#4262=ORIENTED_EDGE('',*,*,#3228,.F.);
#4263=ORIENTED_EDGE('',*,*,#3275,.T.);
#4264=ORIENTED_EDGE('',*,*,#3057,.F.);
#4265=ORIENTED_EDGE('',*,*,#3276,.F.);
#4266=ORIENTED_EDGE('',*,*,#3236,.F.);
#4267=ORIENTED_EDGE('',*,*,#3277,.T.);
#4268=ORIENTED_EDGE('',*,*,#3063,.F.);
#4269=ORIENTED_EDGE('',*,*,#3278,.F.);
#4270=ORIENTED_EDGE('',*,*,#3230,.F.);
#4271=ORIENTED_EDGE('',*,*,#3279,.T.);
#4272=ORIENTED_EDGE('',*,*,#3041,.F.);
#4273=ORIENTED_EDGE('',*,*,#3280,.F.);
#4274=ORIENTED_EDGE('',*,*,#3212,.F.);
#4275=ORIENTED_EDGE('',*,*,#3281,.T.);
#4276=ORIENTED_EDGE('',*,*,#3031,.F.);
#4277=ORIENTED_EDGE('',*,*,#3282,.F.);
#4278=ORIENTED_EDGE('',*,*,#3206,.F.);
#4279=ORIENTED_EDGE('',*,*,#3283,.T.);
#4280=ORIENTED_EDGE('',*,*,#3039,.F.);
#4281=ORIENTED_EDGE('',*,*,#3284,.F.);
#4282=ORIENTED_EDGE('',*,*,#3214,.F.);
#4283=ORIENTED_EDGE('',*,*,#3285,.T.);
#4284=ORIENTED_EDGE('',*,*,#3033,.F.);
#4285=ORIENTED_EDGE('',*,*,#3286,.F.);
#4286=ORIENTED_EDGE('',*,*,#3220,.F.);
#4287=ORIENTED_EDGE('',*,*,#3287,.T.);
#4288=ORIENTED_EDGE('',*,*,#3051,.F.);
#4289=ORIENTED_EDGE('',*,*,#3288,.F.);
#4290=ORIENTED_EDGE('',*,*,#3289,.F.);
#4291=ORIENTED_EDGE('',*,*,#3290,.T.);
#4292=ORIENTED_EDGE('',*,*,#3052,.F.);
#4293=ORIENTED_EDGE('',*,*,#3290,.F.);
#4294=ORIENTED_EDGE('',*,*,#3291,.F.);
#4295=ORIENTED_EDGE('',*,*,#3292,.T.);
#4296=ORIENTED_EDGE('',*,*,#3053,.F.);
#4297=ORIENTED_EDGE('',*,*,#3292,.F.);
#4298=ORIENTED_EDGE('',*,*,#3293,.F.);
#4299=ORIENTED_EDGE('',*,*,#3294,.T.);
#4300=ORIENTED_EDGE('',*,*,#3054,.F.);
#4301=ORIENTED_EDGE('',*,*,#3294,.F.);
#4302=ORIENTED_EDGE('',*,*,#3295,.F.);
#4303=ORIENTED_EDGE('',*,*,#3296,.T.);
#4304=ORIENTED_EDGE('',*,*,#3047,.F.);
#4305=ORIENTED_EDGE('',*,*,#3296,.F.);
#4306=ORIENTED_EDGE('',*,*,#3297,.F.);
#4307=ORIENTED_EDGE('',*,*,#3298,.T.);
#4308=ORIENTED_EDGE('',*,*,#3048,.F.);
#4309=ORIENTED_EDGE('',*,*,#3298,.F.);
#4310=ORIENTED_EDGE('',*,*,#3299,.F.);
#4311=ORIENTED_EDGE('',*,*,#3300,.T.);
#4312=ORIENTED_EDGE('',*,*,#3049,.F.);
#4313=ORIENTED_EDGE('',*,*,#3300,.F.);
#4314=ORIENTED_EDGE('',*,*,#3301,.F.);
#4315=ORIENTED_EDGE('',*,*,#3302,.T.);
#4316=ORIENTED_EDGE('',*,*,#3050,.F.);
#4317=ORIENTED_EDGE('',*,*,#3302,.F.);
#4318=ORIENTED_EDGE('',*,*,#3303,.F.);
#4319=ORIENTED_EDGE('',*,*,#3288,.T.);
#4320=ORIENTED_EDGE('',*,*,#3064,.F.);
#4321=ORIENTED_EDGE('',*,*,#3279,.F.);
#4322=ORIENTED_EDGE('',*,*,#3229,.F.);
#4323=ORIENTED_EDGE('',*,*,#3274,.T.);
#4324=ORIENTED_EDGE('',*,*,#3056,.F.);
#4325=ORIENTED_EDGE('',*,*,#3273,.F.);
#4326=ORIENTED_EDGE('',*,*,#3237,.F.);
#4327=ORIENTED_EDGE('',*,*,#3276,.T.);
#4328=ORIENTED_EDGE('',*,*,#3040,.F.);
#4329=ORIENTED_EDGE('',*,*,#3285,.F.);
#4330=ORIENTED_EDGE('',*,*,#3213,.F.);
#4331=ORIENTED_EDGE('',*,*,#3280,.T.);
#4332=ORIENTED_EDGE('',*,*,#3032,.F.);
#4333=ORIENTED_EDGE('',*,*,#3283,.F.);
#4334=ORIENTED_EDGE('',*,*,#3221,.F.);
#4335=ORIENTED_EDGE('',*,*,#3286,.T.);
#4336=ORIENTED_EDGE('',*,*,#3036,.F.);
#4337=ORIENTED_EDGE('',*,*,#3304,.F.);
#4338=ORIENTED_EDGE('',*,*,#3217,.F.);
#4339=ORIENTED_EDGE('',*,*,#3305,.T.);
#4340=ORIENTED_EDGE('',*,*,#3037,.F.);
#4341=ORIENTED_EDGE('',*,*,#3305,.F.);
#4342=ORIENTED_EDGE('',*,*,#3216,.F.);
#4343=ORIENTED_EDGE('',*,*,#3306,.T.);
#4344=ORIENTED_EDGE('',*,*,#3038,.F.);
#4345=ORIENTED_EDGE('',*,*,#3306,.F.);
#4346=ORIENTED_EDGE('',*,*,#3215,.F.);
#4347=ORIENTED_EDGE('',*,*,#3284,.T.);
#4348=ORIENTED_EDGE('',*,*,#3034,.F.);
#4349=ORIENTED_EDGE('',*,*,#3287,.F.);
#4350=ORIENTED_EDGE('',*,*,#3219,.F.);
#4351=ORIENTED_EDGE('',*,*,#3307,.T.);
#4352=ORIENTED_EDGE('',*,*,#3035,.F.);
#4353=ORIENTED_EDGE('',*,*,#3307,.F.);
#4354=ORIENTED_EDGE('',*,*,#3218,.F.);
#4355=ORIENTED_EDGE('',*,*,#3304,.T.);
#4356=ORIENTED_EDGE('',*,*,#3062,.F.);
#4357=ORIENTED_EDGE('',*,*,#3308,.F.);
#4358=ORIENTED_EDGE('',*,*,#3231,.F.);
#4359=ORIENTED_EDGE('',*,*,#3278,.T.);
#4360=ORIENTED_EDGE('',*,*,#3058,.F.);
#4361=ORIENTED_EDGE('',*,*,#3277,.F.);
#4362=ORIENTED_EDGE('',*,*,#3235,.F.);
#4363=ORIENTED_EDGE('',*,*,#3309,.T.);
#4364=ORIENTED_EDGE('',*,*,#3059,.F.);
#4365=ORIENTED_EDGE('',*,*,#3309,.F.);
#4366=ORIENTED_EDGE('',*,*,#3234,.F.);
#4367=ORIENTED_EDGE('',*,*,#3310,.T.);
#4368=ORIENTED_EDGE('',*,*,#3060,.F.);
#4369=ORIENTED_EDGE('',*,*,#3310,.F.);
#4370=ORIENTED_EDGE('',*,*,#3233,.F.);
#4371=ORIENTED_EDGE('',*,*,#3311,.T.);
#4372=ORIENTED_EDGE('',*,*,#3061,.F.);
#4373=ORIENTED_EDGE('',*,*,#3311,.F.);
#4374=ORIENTED_EDGE('',*,*,#3232,.F.);
#4375=ORIENTED_EDGE('',*,*,#3308,.T.);
#4376=ORIENTED_EDGE('',*,*,#3265,.F.);
#4377=ORIENTED_EDGE('',*,*,#3195,.F.);
#4378=ORIENTED_EDGE('',*,*,#3312,.T.);
#4379=ORIENTED_EDGE('',*,*,#3013,.F.);
#4380=ORIENTED_EDGE('',*,*,#3263,.F.);
#4381=ORIENTED_EDGE('',*,*,#3014,.F.);
#4382=ORIENTED_EDGE('',*,*,#3312,.F.);
#4383=ORIENTED_EDGE('',*,*,#3194,.F.);
#4384=ORIENTED_EDGE('',*,*,#3019,.F.);
#4385=ORIENTED_EDGE('',*,*,#3313,.F.);
#4386=ORIENTED_EDGE('',*,*,#3189,.F.);
#4387=ORIENTED_EDGE('',*,*,#3314,.T.);
#4388=ORIENTED_EDGE('',*,*,#3020,.F.);
#4389=ORIENTED_EDGE('',*,*,#3314,.F.);
#4390=ORIENTED_EDGE('',*,*,#3188,.F.);
#4391=ORIENTED_EDGE('',*,*,#3315,.T.);
#4392=ORIENTED_EDGE('',*,*,#3268,.F.);
#4393=ORIENTED_EDGE('',*,*,#3021,.F.);
#4394=ORIENTED_EDGE('',*,*,#3315,.F.);
#4395=ORIENTED_EDGE('',*,*,#3187,.F.);
#4396=ORIENTED_EDGE('',*,*,#3042,.F.);
#4397=ORIENTED_EDGE('',*,*,#3281,.F.);
#4398=ORIENTED_EDGE('',*,*,#3211,.F.);
#4399=ORIENTED_EDGE('',*,*,#3316,.T.);
#4400=ORIENTED_EDGE('',*,*,#3043,.F.);
#4401=ORIENTED_EDGE('',*,*,#3316,.F.);
#4402=ORIENTED_EDGE('',*,*,#3210,.F.);
#4403=ORIENTED_EDGE('',*,*,#3317,.T.);
#4404=ORIENTED_EDGE('',*,*,#3044,.F.);
#4405=ORIENTED_EDGE('',*,*,#3317,.F.);
#4406=ORIENTED_EDGE('',*,*,#3209,.F.);
#4407=ORIENTED_EDGE('',*,*,#3318,.T.);
#4408=ORIENTED_EDGE('',*,*,#3045,.F.);
#4409=ORIENTED_EDGE('',*,*,#3318,.F.);
#4410=ORIENTED_EDGE('',*,*,#3208,.F.);
#4411=ORIENTED_EDGE('',*,*,#3319,.T.);
#4412=ORIENTED_EDGE('',*,*,#3046,.F.);
#4413=ORIENTED_EDGE('',*,*,#3319,.F.);
#4414=ORIENTED_EDGE('',*,*,#3207,.F.);
#4415=ORIENTED_EDGE('',*,*,#3282,.T.);
#4416=ORIENTED_EDGE('',*,*,#3066,.F.);
#4417=ORIENTED_EDGE('',*,*,#3275,.F.);
#4418=ORIENTED_EDGE('',*,*,#3227,.F.);
#4419=ORIENTED_EDGE('',*,*,#3320,.T.);
#4420=ORIENTED_EDGE('',*,*,#3067,.F.);
#4421=ORIENTED_EDGE('',*,*,#3320,.F.);
#4422=ORIENTED_EDGE('',*,*,#3226,.F.);
#4423=ORIENTED_EDGE('',*,*,#3321,.T.);
#4424=ORIENTED_EDGE('',*,*,#3068,.F.);
#4425=ORIENTED_EDGE('',*,*,#3321,.F.);
#4426=ORIENTED_EDGE('',*,*,#3225,.F.);
#4427=ORIENTED_EDGE('',*,*,#3322,.T.);
#4428=ORIENTED_EDGE('',*,*,#3069,.F.);
#4429=ORIENTED_EDGE('',*,*,#3322,.F.);
#4430=ORIENTED_EDGE('',*,*,#3224,.F.);
#4431=ORIENTED_EDGE('',*,*,#3323,.T.);
#4432=ORIENTED_EDGE('',*,*,#3070,.F.);
#4433=ORIENTED_EDGE('',*,*,#3323,.F.);
#4434=ORIENTED_EDGE('',*,*,#3223,.F.);
#4435=ORIENTED_EDGE('',*,*,#3272,.T.);
#4436=ORIENTED_EDGE('',*,*,#3017,.F.);
#4437=ORIENTED_EDGE('',*,*,#3264,.F.);
#4438=ORIENTED_EDGE('',*,*,#3191,.F.);
#4439=ORIENTED_EDGE('',*,*,#3324,.T.);
#4440=ORIENTED_EDGE('',*,*,#3018,.F.);
#4441=ORIENTED_EDGE('',*,*,#3324,.F.);
#4442=ORIENTED_EDGE('',*,*,#3190,.F.);
#4443=ORIENTED_EDGE('',*,*,#3313,.T.);
#4444=ORIENTED_EDGE('',*,*,#3028,.F.);
#4445=ORIENTED_EDGE('',*,*,#3325,.F.);
#4446=ORIENTED_EDGE('',*,*,#3180,.F.);
#4447=ORIENTED_EDGE('',*,*,#3238,.T.);
#4448=ORIENTED_EDGE('',*,*,#3027,.F.);
#4449=ORIENTED_EDGE('',*,*,#3326,.F.);
#4450=ORIENTED_EDGE('',*,*,#3181,.F.);
#4451=ORIENTED_EDGE('',*,*,#3325,.T.);
#4452=ORIENTED_EDGE('',*,*,#3270,.F.);
#4453=ORIENTED_EDGE('',*,*,#3182,.F.);
#4454=ORIENTED_EDGE('',*,*,#3326,.T.);
#4455=ORIENTED_EDGE('',*,*,#3026,.F.);
#4456=ORIENTED_EDGE('',*,*,#3075,.F.);
#4457=ORIENTED_EDGE('',*,*,#3327,.F.);
#4458=ORIENTED_EDGE('',*,*,#3202,.F.);
#4459=ORIENTED_EDGE('',*,*,#3328,.T.);
#4460=ORIENTED_EDGE('',*,*,#3076,.F.);
#4461=ORIENTED_EDGE('',*,*,#3328,.F.);
#4462=ORIENTED_EDGE('',*,*,#3201,.F.);
#4463=ORIENTED_EDGE('',*,*,#3329,.T.);
#4464=ORIENTED_EDGE('',*,*,#3077,.F.);
#4465=ORIENTED_EDGE('',*,*,#3329,.F.);
#4466=ORIENTED_EDGE('',*,*,#3200,.F.);
#4467=ORIENTED_EDGE('',*,*,#3330,.T.);
#4468=ORIENTED_EDGE('',*,*,#3078,.F.);
#4469=ORIENTED_EDGE('',*,*,#3330,.F.);
#4470=ORIENTED_EDGE('',*,*,#3199,.F.);
#4471=ORIENTED_EDGE('',*,*,#3331,.T.);
#4472=ORIENTED_EDGE('',*,*,#3071,.F.);
#4473=ORIENTED_EDGE('',*,*,#3331,.F.);
#4474=ORIENTED_EDGE('',*,*,#3198,.F.);
#4475=ORIENTED_EDGE('',*,*,#3332,.T.);
#4476=ORIENTED_EDGE('',*,*,#3072,.F.);
#4477=ORIENTED_EDGE('',*,*,#3332,.F.);
#4478=ORIENTED_EDGE('',*,*,#3205,.F.);
#4479=ORIENTED_EDGE('',*,*,#3333,.T.);
#4480=ORIENTED_EDGE('',*,*,#3073,.F.);
#4481=ORIENTED_EDGE('',*,*,#3333,.F.);
#4482=ORIENTED_EDGE('',*,*,#3204,.F.);
#4483=ORIENTED_EDGE('',*,*,#3334,.T.);
#4484=ORIENTED_EDGE('',*,*,#3074,.F.);
#4485=ORIENTED_EDGE('',*,*,#3334,.F.);
#4486=ORIENTED_EDGE('',*,*,#3203,.F.);
#4487=ORIENTED_EDGE('',*,*,#3327,.T.);
#4488=ORIENTED_EDGE('',*,*,#3127,.T.);
#4489=ORIENTED_EDGE('',*,*,#3116,.T.);
#4490=ORIENTED_EDGE('',*,*,#3335,.T.);
#4491=ORIENTED_EDGE('',*,*,#3336,.F.);
#4492=ORIENTED_EDGE('',*,*,#3337,.T.);
#4493=ORIENTED_EDGE('',*,*,#3338,.F.);
#4494=ORIENTED_EDGE('',*,*,#3339,.T.);
#4495=ORIENTED_EDGE('',*,*,#2957,.T.);
#4496=ORIENTED_EDGE('',*,*,#3131,.F.);
#4497=ORIENTED_EDGE('',*,*,#3130,.T.);
#4498=ORIENTED_EDGE('',*,*,#3136,.T.);
#4499=ORIENTED_EDGE('',*,*,#3340,.T.);
#4500=ORIENTED_EDGE('',*,*,#3341,.T.);
#4501=ORIENTED_EDGE('',*,*,#3340,.F.);
#4502=ORIENTED_EDGE('',*,*,#3135,.T.);
#4503=ORIENTED_EDGE('',*,*,#3128,.T.);
#4504=ORIENTED_EDGE('',*,*,#3342,.F.);
#4505=ORIENTED_EDGE('',*,*,#3343,.F.);
#4506=ORIENTED_EDGE('',*,*,#3344,.F.);
#4507=ORIENTED_EDGE('',*,*,#3345,.T.);
#4508=ORIENTED_EDGE('',*,*,#3346,.F.);
#4509=ORIENTED_EDGE('',*,*,#3347,.F.);
#4510=ORIENTED_EDGE('',*,*,#3348,.F.);
#4511=ORIENTED_EDGE('',*,*,#3349,.T.);
#4512=ORIENTED_EDGE('',*,*,#3350,.T.);
#4513=ORIENTED_EDGE('',*,*,#3351,.F.);
#4514=ORIENTED_EDGE('',*,*,#3352,.T.);
#4515=ORIENTED_EDGE('',*,*,#3351,.T.);
#4516=ORIENTED_EDGE('',*,*,#3353,.T.);
#4517=ORIENTED_EDGE('',*,*,#3354,.T.);
#4518=ORIENTED_EDGE('',*,*,#3355,.T.);
#4519=ORIENTED_EDGE('',*,*,#3356,.F.);
#4520=ORIENTED_EDGE('',*,*,#3357,.F.);
#4521=ORIENTED_EDGE('',*,*,#3358,.T.);
#4522=ORIENTED_EDGE('',*,*,#3359,.F.);
#4523=ORIENTED_EDGE('',*,*,#3360,.F.);
#4524=ORIENTED_EDGE('',*,*,#3361,.F.);
#4525=ORIENTED_EDGE('',*,*,#3362,.F.);
#4526=ORIENTED_EDGE('',*,*,#3363,.F.);
#4527=ORIENTED_EDGE('',*,*,#3364,.F.);
#4528=ORIENTED_EDGE('',*,*,#3365,.F.);
#4529=ORIENTED_EDGE('',*,*,#3366,.F.);
#4530=ORIENTED_EDGE('',*,*,#3367,.F.);
#4531=ORIENTED_EDGE('',*,*,#3368,.F.);
#4532=ORIENTED_EDGE('',*,*,#3369,.F.);
#4533=ORIENTED_EDGE('',*,*,#3370,.F.);
#4534=ORIENTED_EDGE('',*,*,#3371,.F.);
#4535=ORIENTED_EDGE('',*,*,#3372,.F.);
#4536=ORIENTED_EDGE('',*,*,#3373,.F.);
#4537=ORIENTED_EDGE('',*,*,#3374,.F.);
#4538=ORIENTED_EDGE('',*,*,#3375,.F.);
#4539=ORIENTED_EDGE('',*,*,#3376,.F.);
#4540=ORIENTED_EDGE('',*,*,#3377,.F.);
#4541=ORIENTED_EDGE('',*,*,#3378,.F.);
#4542=ORIENTED_EDGE('',*,*,#3379,.F.);
#4543=ORIENTED_EDGE('',*,*,#3380,.F.);
#4544=ORIENTED_EDGE('',*,*,#3381,.F.);
#4545=ORIENTED_EDGE('',*,*,#3382,.F.);
#4546=ORIENTED_EDGE('',*,*,#3383,.F.);
#4547=ORIENTED_EDGE('',*,*,#3384,.F.);
#4548=ORIENTED_EDGE('',*,*,#3385,.F.);
#4549=ORIENTED_EDGE('',*,*,#3386,.F.);
#4550=ORIENTED_EDGE('',*,*,#3387,.F.);
#4551=ORIENTED_EDGE('',*,*,#3388,.F.);
#4552=ORIENTED_EDGE('',*,*,#3389,.F.);
#4553=ORIENTED_EDGE('',*,*,#3390,.F.);
#4554=ORIENTED_EDGE('',*,*,#3391,.F.);
#4555=ORIENTED_EDGE('',*,*,#3392,.T.);
#4556=ORIENTED_EDGE('',*,*,#3354,.F.);
#4557=ORIENTED_EDGE('',*,*,#3393,.T.);
#4558=ORIENTED_EDGE('',*,*,#3394,.T.);
#4559=ORIENTED_EDGE('',*,*,#3395,.T.);
#4560=ORIENTED_EDGE('',*,*,#3396,.T.);
#4561=ORIENTED_EDGE('',*,*,#3397,.T.);
#4562=ORIENTED_EDGE('',*,*,#3398,.T.);
#4563=ORIENTED_EDGE('',*,*,#3399,.T.);
#4564=ORIENTED_EDGE('',*,*,#3400,.T.);
#4565=ORIENTED_EDGE('',*,*,#3401,.T.);
#4566=ORIENTED_EDGE('',*,*,#3402,.T.);
#4567=ORIENTED_EDGE('',*,*,#3403,.T.);
#4568=ORIENTED_EDGE('',*,*,#3404,.T.);
#4569=ORIENTED_EDGE('',*,*,#3342,.T.);
#4570=ORIENTED_EDGE('',*,*,#3405,.T.);
#4571=ORIENTED_EDGE('',*,*,#3406,.T.);
#4572=ORIENTED_EDGE('',*,*,#3407,.T.);
#4573=ORIENTED_EDGE('',*,*,#3408,.T.);
#4574=ORIENTED_EDGE('',*,*,#3409,.T.);
#4575=ORIENTED_EDGE('',*,*,#3346,.T.);
#4576=ORIENTED_EDGE('',*,*,#3410,.T.);
#4577=ORIENTED_EDGE('',*,*,#3411,.T.);
#4578=ORIENTED_EDGE('',*,*,#3412,.T.);
#4579=ORIENTED_EDGE('',*,*,#3413,.T.);
#4580=ORIENTED_EDGE('',*,*,#3414,.T.);
#4581=ORIENTED_EDGE('',*,*,#3415,.T.);
#4582=ORIENTED_EDGE('',*,*,#3416,.T.);
#4583=ORIENTED_EDGE('',*,*,#3417,.T.);
#4584=ORIENTED_EDGE('',*,*,#3418,.T.);
#4585=ORIENTED_EDGE('',*,*,#3419,.T.);
#4586=ORIENTED_EDGE('',*,*,#3420,.T.);
#4587=ORIENTED_EDGE('',*,*,#3421,.T.);
#4588=ORIENTED_EDGE('',*,*,#3422,.T.);
#4589=ORIENTED_EDGE('',*,*,#3423,.F.);
#4590=ORIENTED_EDGE('',*,*,#3424,.T.);
#4591=ORIENTED_EDGE('',*,*,#3425,.T.);
#4592=ORIENTED_EDGE('',*,*,#3426,.T.);
#4593=ORIENTED_EDGE('',*,*,#3427,.T.);
#4594=ORIENTED_EDGE('',*,*,#3428,.T.);
#4595=ORIENTED_EDGE('',*,*,#3425,.F.);
#4596=ORIENTED_EDGE('',*,*,#3357,.T.);
#4597=ORIENTED_EDGE('',*,*,#3429,.F.);
#4598=ORIENTED_EDGE('',*,*,#3430,.T.);
#4599=ORIENTED_EDGE('',*,*,#3427,.F.);
#4600=ORIENTED_EDGE('',*,*,#3431,.T.);
#4601=ORIENTED_EDGE('',*,*,#3432,.F.);
#4602=ORIENTED_EDGE('',*,*,#3433,.F.);
#4603=ORIENTED_EDGE('',*,*,#3434,.F.);
#4604=ORIENTED_EDGE('',*,*,#3435,.T.);
#4605=ORIENTED_EDGE('',*,*,#3436,.T.);
#4606=ORIENTED_EDGE('',*,*,#3437,.T.);
#4607=ORIENTED_EDGE('',*,*,#3438,.T.);
#4608=ORIENTED_EDGE('',*,*,#3439,.F.);
#4609=ORIENTED_EDGE('',*,*,#3440,.T.);
#4610=ORIENTED_EDGE('',*,*,#3441,.T.);
#4611=ORIENTED_EDGE('',*,*,#3442,.T.);
#4612=ORIENTED_EDGE('',*,*,#3443,.T.);
#4613=ORIENTED_EDGE('',*,*,#3444,.T.);
#4614=ORIENTED_EDGE('',*,*,#3441,.F.);
#4615=ORIENTED_EDGE('',*,*,#3445,.T.);
#4616=ORIENTED_EDGE('',*,*,#3446,.F.);
#4617=ORIENTED_EDGE('',*,*,#3447,.T.);
#4618=ORIENTED_EDGE('',*,*,#3443,.F.);
#4619=ORIENTED_EDGE('',*,*,#3448,.T.);
#4620=ORIENTED_EDGE('',*,*,#3445,.F.);
#4621=ORIENTED_EDGE('',*,*,#3449,.F.);
#4622=ORIENTED_EDGE('',*,*,#3450,.F.);
#4623=ORIENTED_EDGE('',*,*,#3451,.T.);
#4624=ORIENTED_EDGE('',*,*,#3387,.T.);
#4625=ORIENTED_EDGE('',*,*,#3452,.F.);
#4626=ORIENTED_EDGE('',*,*,#3453,.F.);
#4627=ORIENTED_EDGE('',*,*,#3454,.T.);
#4628=ORIENTED_EDGE('',*,*,#3385,.T.);
#4629=ORIENTED_EDGE('',*,*,#3455,.F.);
#4630=ORIENTED_EDGE('',*,*,#3456,.F.);
#4631=ORIENTED_EDGE('',*,*,#3457,.T.);
#4632=ORIENTED_EDGE('',*,*,#3458,.T.);
#4633=ORIENTED_EDGE('',*,*,#3118,.F.);
#4634=ORIENTED_EDGE('',*,*,#3459,.T.);
#4635=ORIENTED_EDGE('',*,*,#3460,.F.);
#4636=ORIENTED_EDGE('',*,*,#3461,.T.);
#4637=ORIENTED_EDGE('',*,*,#3462,.T.);
#4638=ORIENTED_EDGE('',*,*,#3461,.F.);
#4639=ORIENTED_EDGE('',*,*,#3462,.F.);
#4640=ORIENTED_EDGE('',*,*,#3463,.F.);
#4641=ORIENTED_EDGE('',*,*,#3464,.T.);
#4642=ORIENTED_EDGE('',*,*,#3465,.T.);
#4643=ORIENTED_EDGE('',*,*,#3464,.F.);
#4644=ORIENTED_EDGE('',*,*,#3465,.F.);
#4645=ORIENTED_EDGE('',*,*,#3466,.F.);
#4646=ORIENTED_EDGE('',*,*,#3467,.T.);
#4647=ORIENTED_EDGE('',*,*,#3468,.T.);
#4648=ORIENTED_EDGE('',*,*,#3467,.F.);
#4649=ORIENTED_EDGE('',*,*,#3468,.F.);
#4650=ORIENTED_EDGE('',*,*,#3469,.F.);
#4651=ORIENTED_EDGE('',*,*,#3470,.T.);
#4652=ORIENTED_EDGE('',*,*,#3471,.T.);
#4653=ORIENTED_EDGE('',*,*,#3470,.F.);
#4654=ORIENTED_EDGE('',*,*,#3471,.F.);
#4655=ORIENTED_EDGE('',*,*,#3079,.F.);
#4656=ORIENTED_EDGE('',*,*,#3472,.T.);
#4657=ORIENTED_EDGE('',*,*,#3473,.F.);
#4658=ORIENTED_EDGE('',*,*,#3472,.F.);
#4659=ORIENTED_EDGE('',*,*,#3473,.T.);
#4660=ORIENTED_EDGE('',*,*,#3469,.T.);
#4661=ORIENTED_EDGE('',*,*,#3080,.F.);
#4662=ORIENTED_EDGE('',*,*,#3474,.T.);
#4663=ORIENTED_EDGE('',*,*,#3475,.F.);
#4664=ORIENTED_EDGE('',*,*,#3474,.F.);
#4665=ORIENTED_EDGE('',*,*,#3475,.T.);
#4666=ORIENTED_EDGE('',*,*,#3466,.T.);
#4667=ORIENTED_EDGE('',*,*,#3243,.F.);
#4668=ORIENTED_EDGE('',*,*,#3476,.F.);
#4669=ORIENTED_EDGE('',*,*,#3477,.F.);
#4670=ORIENTED_EDGE('',*,*,#3478,.F.);
#4671=ORIENTED_EDGE('',*,*,#3253,.F.);
#4672=ORIENTED_EDGE('',*,*,#3479,.F.);
#4673=ORIENTED_EDGE('',*,*,#3480,.F.);
#4674=ORIENTED_EDGE('',*,*,#3476,.T.);
#4675=ORIENTED_EDGE('',*,*,#3006,.F.);
#4676=ORIENTED_EDGE('',*,*,#3481,.F.);
#4677=ORIENTED_EDGE('',*,*,#3459,.F.);
#4678=ORIENTED_EDGE('',*,*,#3117,.F.);
#4679=ORIENTED_EDGE('',*,*,#3123,.F.);
#4680=ORIENTED_EDGE('',*,*,#3482,.F.);
#4681=ORIENTED_EDGE('',*,*,#3483,.F.);
#4682=ORIENTED_EDGE('',*,*,#3484,.F.);
#4683=ORIENTED_EDGE('',*,*,#3483,.T.);
#4684=ORIENTED_EDGE('',*,*,#3485,.F.);
#4685=ORIENTED_EDGE('',*,*,#3121,.F.);
#4686=ORIENTED_EDGE('',*,*,#3486,.F.);
#4687=ORIENTED_EDGE('',*,*,#3119,.F.);
#4688=ORIENTED_EDGE('',*,*,#3458,.F.);
#4689=ORIENTED_EDGE('',*,*,#3481,.T.);
#4690=ORIENTED_EDGE('',*,*,#3005,.T.);
#4691=ORIENTED_EDGE('',*,*,#3487,.F.);
#4692=ORIENTED_EDGE('',*,*,#3393,.F.);
#4693=ORIENTED_EDGE('',*,*,#3353,.F.);
#4694=ORIENTED_EDGE('',*,*,#3350,.F.);
#4695=ORIENTED_EDGE('',*,*,#3352,.F.);
#4696=ORIENTED_EDGE('',*,*,#3392,.F.);
#4697=ORIENTED_EDGE('',*,*,#3488,.T.);
#4698=ORIENTED_EDGE('',*,*,#3489,.T.);
#4699=ORIENTED_EDGE('',*,*,#3246,.F.);
#4700=ORIENTED_EDGE('',*,*,#3490,.F.);
#4701=ORIENTED_EDGE('',*,*,#3491,.F.);
#4702=ORIENTED_EDGE('',*,*,#3492,.F.);
#4703=ORIENTED_EDGE('',*,*,#3492,.T.);
#4704=ORIENTED_EDGE('',*,*,#3493,.F.);
#4705=ORIENTED_EDGE('',*,*,#3494,.T.);
#4706=ORIENTED_EDGE('',*,*,#3247,.T.);
#4707=ORIENTED_EDGE('',*,*,#3245,.F.);
#4708=ORIENTED_EDGE('',*,*,#3495,.F.);
#4709=ORIENTED_EDGE('',*,*,#3496,.F.);
#4710=ORIENTED_EDGE('',*,*,#3490,.T.);
#4711=ORIENTED_EDGE('',*,*,#3478,.T.);
#4712=ORIENTED_EDGE('',*,*,#3497,.F.);
#4713=ORIENTED_EDGE('',*,*,#3495,.T.);
#4714=ORIENTED_EDGE('',*,*,#3244,.F.);
#4715=ORIENTED_EDGE('',*,*,#3498,.F.);
#4716=ORIENTED_EDGE('',*,*,#3499,.F.);
#4717=ORIENTED_EDGE('',*,*,#2977,.F.);
#4718=ORIENTED_EDGE('',*,*,#3500,.F.);
#4719=ORIENTED_EDGE('',*,*,#3501,.F.);
#4720=ORIENTED_EDGE('',*,*,#3502,.F.);
#4721=ORIENTED_EDGE('',*,*,#3503,.F.);
#4722=ORIENTED_EDGE('',*,*,#3438,.F.);
#4723=ORIENTED_EDGE('',*,*,#3504,.F.);
#4724=ORIENTED_EDGE('',*,*,#3505,.F.);
#4725=ORIENTED_EDGE('',*,*,#3506,.F.);
#4726=ORIENTED_EDGE('',*,*,#3139,.F.);
#4727=ORIENTED_EDGE('',*,*,#3507,.F.);
#4728=ORIENTED_EDGE('',*,*,#3508,.F.);
#4729=ORIENTED_EDGE('',*,*,#3509,.T.);
#4730=ORIENTED_EDGE('',*,*,#3175,.F.);
#4731=ORIENTED_EDGE('',*,*,#3510,.T.);
#4732=ORIENTED_EDGE('',*,*,#3511,.F.);
#4733=ORIENTED_EDGE('',*,*,#3512,.T.);
#4734=ORIENTED_EDGE('',*,*,#3176,.F.);
#4735=ORIENTED_EDGE('',*,*,#3509,.F.);
#4736=ORIENTED_EDGE('',*,*,#3513,.F.);
#4737=ORIENTED_EDGE('',*,*,#3510,.F.);
#4738=ORIENTED_EDGE('',*,*,#3174,.F.);
#4739=ORIENTED_EDGE('',*,*,#3514,.F.);
#4740=ORIENTED_EDGE('',*,*,#3515,.F.);
#4741=ORIENTED_EDGE('',*,*,#3435,.F.);
#4742=ORIENTED_EDGE('',*,*,#3516,.F.);
#4743=ORIENTED_EDGE('',*,*,#2983,.F.);
#4744=ORIENTED_EDGE('',*,*,#3517,.F.);
#4745=ORIENTED_EDGE('',*,*,#3518,.F.);
#4746=ORIENTED_EDGE('',*,*,#3507,.T.);
#4747=ORIENTED_EDGE('',*,*,#3177,.F.);
#4748=ORIENTED_EDGE('',*,*,#3512,.F.);
#4749=ORIENTED_EDGE('',*,*,#3501,.T.);
#4750=ORIENTED_EDGE('',*,*,#3519,.T.);
#4751=ORIENTED_EDGE('',*,*,#3520,.F.);
#4752=ORIENTED_EDGE('',*,*,#3521,.T.);
#4753=ORIENTED_EDGE('',*,*,#3500,.T.);
#4754=ORIENTED_EDGE('',*,*,#2976,.F.);
#4755=ORIENTED_EDGE('',*,*,#3522,.T.);
#4756=ORIENTED_EDGE('',*,*,#3519,.F.);
#4757=ORIENTED_EDGE('',*,*,#3499,.T.);
#4758=ORIENTED_EDGE('',*,*,#3523,.T.);
#4759=ORIENTED_EDGE('',*,*,#3091,.F.);
#4760=ORIENTED_EDGE('',*,*,#2978,.F.);
#4761=ORIENTED_EDGE('',*,*,#3498,.T.);
#4762=ORIENTED_EDGE('',*,*,#3518,.T.);
#4763=ORIENTED_EDGE('',*,*,#3511,.T.);
#4764=ORIENTED_EDGE('',*,*,#3508,.T.);
#4765=ORIENTED_EDGE('',*,*,#3513,.T.);
#4766=ORIENTED_EDGE('',*,*,#3524,.F.);
#4767=ORIENTED_EDGE('',*,*,#2953,.T.);
#4768=ORIENTED_EDGE('',*,*,#2956,.T.);
#4769=ORIENTED_EDGE('',*,*,#3525,.F.);
#4770=ORIENTED_EDGE('',*,*,#3094,.T.);
#4771=ORIENTED_EDGE('',*,*,#3092,.F.);
#4772=ORIENTED_EDGE('',*,*,#3523,.F.);
#4773=ORIENTED_EDGE('',*,*,#3517,.T.);
#4774=ORIENTED_EDGE('',*,*,#2982,.F.);
#4775=ORIENTED_EDGE('',*,*,#2950,.T.);
#4776=ORIENTED_EDGE('',*,*,#3524,.T.);
#4777=ORIENTED_EDGE('',*,*,#3516,.T.);
#4778=ORIENTED_EDGE('',*,*,#3434,.T.);
#4779=ORIENTED_EDGE('',*,*,#3526,.T.);
#4780=ORIENTED_EDGE('',*,*,#3412,.F.);
#4781=ORIENTED_EDGE('',*,*,#3527,.F.);
#4782=ORIENTED_EDGE('',*,*,#2984,.F.);
#4783=ORIENTED_EDGE('',*,*,#3485,.T.);
#4784=ORIENTED_EDGE('',*,*,#3482,.T.);
#4785=ORIENTED_EDGE('',*,*,#3122,.F.);
#4786=ORIENTED_EDGE('',*,*,#2981,.F.);
#4787=ORIENTED_EDGE('',*,*,#3095,.T.);
#4788=ORIENTED_EDGE('',*,*,#3525,.T.);
#4789=ORIENTED_EDGE('',*,*,#2955,.T.);
#4790=ORIENTED_EDGE('',*,*,#3506,.T.);
#4791=ORIENTED_EDGE('',*,*,#3528,.T.);
#4792=ORIENTED_EDGE('',*,*,#3141,.F.);
#4793=ORIENTED_EDGE('',*,*,#3140,.T.);
#4794=ORIENTED_EDGE('',*,*,#2973,.T.);
#4795=ORIENTED_EDGE('',*,*,#3529,.T.);
#4796=ORIENTED_EDGE('',*,*,#3413,.F.);
#4797=ORIENTED_EDGE('',*,*,#3526,.F.);
#4798=ORIENTED_EDGE('',*,*,#3433,.T.);
#4799=ORIENTED_EDGE('',*,*,#3530,.T.);
#4800=ORIENTED_EDGE('',*,*,#3531,.F.);
#4801=ORIENTED_EDGE('',*,*,#3532,.T.);
#4802=ORIENTED_EDGE('',*,*,#3533,.T.);
#4803=ORIENTED_EDGE('',*,*,#3532,.F.);
#4804=ORIENTED_EDGE('',*,*,#3533,.F.);
#4805=ORIENTED_EDGE('',*,*,#3486,.T.);
#4806=ORIENTED_EDGE('',*,*,#3120,.F.);
#4807=ORIENTED_EDGE('',*,*,#3531,.T.);
#4808=ORIENTED_EDGE('',*,*,#2962,.T.);
#4809=ORIENTED_EDGE('',*,*,#3534,.T.);
#4810=ORIENTED_EDGE('',*,*,#3535,.T.);
#4811=ORIENTED_EDGE('',*,*,#3536,.T.);
#4812=ORIENTED_EDGE('',*,*,#3534,.F.);
#4813=ORIENTED_EDGE('',*,*,#2961,.T.);
#4814=ORIENTED_EDGE('',*,*,#3537,.T.);
#4815=ORIENTED_EDGE('',*,*,#3538,.F.);
#4816=ORIENTED_EDGE('',*,*,#3539,.F.);
#4817=ORIENTED_EDGE('',*,*,#3540,.F.);
#4818=ORIENTED_EDGE('',*,*,#3541,.T.);
#4819=ORIENTED_EDGE('',*,*,#3542,.T.);
#4820=ORIENTED_EDGE('',*,*,#3541,.F.);
#4821=ORIENTED_EDGE('',*,*,#3542,.F.);
#4822=ORIENTED_EDGE('',*,*,#3090,.F.);
#4823=ORIENTED_EDGE('',*,*,#3543,.T.);
#4824=ORIENTED_EDGE('',*,*,#3544,.F.);
#4825=ORIENTED_EDGE('',*,*,#3543,.F.);
#4826=ORIENTED_EDGE('',*,*,#3544,.T.);
#4827=ORIENTED_EDGE('',*,*,#3540,.T.);
#4828=ORIENTED_EDGE('',*,*,#3545,.F.);
#4829=ORIENTED_EDGE('',*,*,#3546,.T.);
#4830=ORIENTED_EDGE('',*,*,#3367,.T.);
#4831=ORIENTED_EDGE('',*,*,#3547,.F.);
#4832=ORIENTED_EDGE('',*,*,#3548,.F.);
#4833=ORIENTED_EDGE('',*,*,#3549,.F.);
#4834=ORIENTED_EDGE('',*,*,#2998,.T.);
#4835=ORIENTED_EDGE('',*,*,#3550,.T.);
#4836=ORIENTED_EDGE('',*,*,#3400,.F.);
#4837=ORIENTED_EDGE('',*,*,#3551,.F.);
#4838=ORIENTED_EDGE('',*,*,#2999,.T.);
#4839=ORIENTED_EDGE('',*,*,#3551,.T.);
#4840=ORIENTED_EDGE('',*,*,#3399,.F.);
#4841=ORIENTED_EDGE('',*,*,#3552,.F.);
#4842=ORIENTED_EDGE('',*,*,#3000,.T.);
#4843=ORIENTED_EDGE('',*,*,#3552,.T.);
#4844=ORIENTED_EDGE('',*,*,#3398,.F.);
#4845=ORIENTED_EDGE('',*,*,#3553,.F.);
#4846=ORIENTED_EDGE('',*,*,#3001,.T.);
#4847=ORIENTED_EDGE('',*,*,#3553,.T.);
#4848=ORIENTED_EDGE('',*,*,#3397,.F.);
#4849=ORIENTED_EDGE('',*,*,#3554,.F.);
#4850=ORIENTED_EDGE('',*,*,#3002,.T.);
#4851=ORIENTED_EDGE('',*,*,#3554,.T.);
#4852=ORIENTED_EDGE('',*,*,#3396,.F.);
#4853=ORIENTED_EDGE('',*,*,#3555,.F.);
#4854=ORIENTED_EDGE('',*,*,#3003,.T.);
#4855=ORIENTED_EDGE('',*,*,#3555,.T.);
#4856=ORIENTED_EDGE('',*,*,#3395,.F.);
#4857=ORIENTED_EDGE('',*,*,#3556,.F.);
#4858=ORIENTED_EDGE('',*,*,#3004,.T.);
#4859=ORIENTED_EDGE('',*,*,#3556,.T.);
#4860=ORIENTED_EDGE('',*,*,#3394,.F.);
#4861=ORIENTED_EDGE('',*,*,#3487,.T.);
#4862=ORIENTED_EDGE('',*,*,#3557,.F.);
#4863=ORIENTED_EDGE('',*,*,#3558,.T.);
#4864=ORIENTED_EDGE('',*,*,#3488,.F.);
#4865=ORIENTED_EDGE('',*,*,#3422,.F.);
#4866=ORIENTED_EDGE('',*,*,#3559,.T.);
#4867=ORIENTED_EDGE('',*,*,#3560,.F.);
#4868=ORIENTED_EDGE('',*,*,#3336,.T.);
#4869=ORIENTED_EDGE('',*,*,#3086,.T.);
#4870=ORIENTED_EDGE('',*,*,#3561,.T.);
#4871=ORIENTED_EDGE('',*,*,#3562,.F.);
#4872=ORIENTED_EDGE('',*,*,#3563,.F.);
#4873=ORIENTED_EDGE('',*,*,#3085,.T.);
#4874=ORIENTED_EDGE('',*,*,#3564,.T.);
#4875=ORIENTED_EDGE('',*,*,#3565,.F.);
#4876=ORIENTED_EDGE('',*,*,#3561,.F.);
#4877=ORIENTED_EDGE('',*,*,#3084,.T.);
#4878=ORIENTED_EDGE('',*,*,#3566,.F.);
#4879=ORIENTED_EDGE('',*,*,#3146,.F.);
#4880=ORIENTED_EDGE('',*,*,#3567,.F.);
#4881=ORIENTED_EDGE('',*,*,#3564,.F.);
#4882=ORIENTED_EDGE('',*,*,#3083,.T.);
#4883=ORIENTED_EDGE('',*,*,#3568,.T.);
#4884=ORIENTED_EDGE('',*,*,#3147,.F.);
#4885=ORIENTED_EDGE('',*,*,#3566,.T.);
#4886=ORIENTED_EDGE('',*,*,#3569,.F.);
#4887=ORIENTED_EDGE('',*,*,#3570,.T.);
#4888=ORIENTED_EDGE('',*,*,#3571,.F.);
#4889=ORIENTED_EDGE('',*,*,#3572,.F.);
#4890=ORIENTED_EDGE('',*,*,#3573,.F.);
#4891=ORIENTED_EDGE('',*,*,#3572,.T.);
#4892=ORIENTED_EDGE('',*,*,#3574,.F.);
#4893=ORIENTED_EDGE('',*,*,#3358,.F.);
#4894=ORIENTED_EDGE('',*,*,#3424,.F.);
#4895=ORIENTED_EDGE('',*,*,#3575,.F.);
#4896=ORIENTED_EDGE('',*,*,#3460,.T.);
#4897=ORIENTED_EDGE('',*,*,#3089,.T.);
#4898=ORIENTED_EDGE('',*,*,#3576,.T.);
#4899=ORIENTED_EDGE('',*,*,#3575,.T.);
#4900=ORIENTED_EDGE('',*,*,#3576,.F.);
#4901=ORIENTED_EDGE('',*,*,#3341,.F.);
#4902=ORIENTED_EDGE('',*,*,#3463,.T.);
#4903=ORIENTED_EDGE('',*,*,#2985,.T.);
#4904=ORIENTED_EDGE('',*,*,#3527,.T.);
#4905=ORIENTED_EDGE('',*,*,#3411,.F.);
#4906=ORIENTED_EDGE('',*,*,#3577,.F.);
#4907=ORIENTED_EDGE('',*,*,#2986,.T.);
#4908=ORIENTED_EDGE('',*,*,#3577,.T.);
#4909=ORIENTED_EDGE('',*,*,#3410,.F.);
#4910=ORIENTED_EDGE('',*,*,#3349,.F.);
#4911=ORIENTED_EDGE('',*,*,#3578,.F.);
#4912=ORIENTED_EDGE('',*,*,#2987,.T.);
#4913=ORIENTED_EDGE('',*,*,#3578,.T.);
#4914=ORIENTED_EDGE('',*,*,#3348,.T.);
#4915=ORIENTED_EDGE('',*,*,#3579,.F.);
#4916=ORIENTED_EDGE('',*,*,#2988,.T.);
#4917=ORIENTED_EDGE('',*,*,#3579,.T.);
#4918=ORIENTED_EDGE('',*,*,#3347,.T.);
#4919=ORIENTED_EDGE('',*,*,#3409,.F.);
#4920=ORIENTED_EDGE('',*,*,#3580,.F.);
#4921=ORIENTED_EDGE('',*,*,#2989,.T.);
#4922=ORIENTED_EDGE('',*,*,#3580,.T.);
#4923=ORIENTED_EDGE('',*,*,#3408,.F.);
#4924=ORIENTED_EDGE('',*,*,#3581,.F.);
#4925=ORIENTED_EDGE('',*,*,#2990,.T.);
#4926=ORIENTED_EDGE('',*,*,#3581,.T.);
#4927=ORIENTED_EDGE('',*,*,#3407,.F.);
#4928=ORIENTED_EDGE('',*,*,#3582,.F.);
#4929=ORIENTED_EDGE('',*,*,#2991,.T.);
#4930=ORIENTED_EDGE('',*,*,#3582,.T.);
#4931=ORIENTED_EDGE('',*,*,#3406,.F.);
#4932=ORIENTED_EDGE('',*,*,#3583,.F.);
#4933=ORIENTED_EDGE('',*,*,#2992,.T.);
#4934=ORIENTED_EDGE('',*,*,#3583,.T.);
#4935=ORIENTED_EDGE('',*,*,#3405,.F.);
#4936=ORIENTED_EDGE('',*,*,#3345,.F.);
#4937=ORIENTED_EDGE('',*,*,#3584,.F.);
#4938=ORIENTED_EDGE('',*,*,#2993,.T.);
#4939=ORIENTED_EDGE('',*,*,#3584,.T.);
#4940=ORIENTED_EDGE('',*,*,#3344,.T.);
#4941=ORIENTED_EDGE('',*,*,#3585,.F.);
#4942=ORIENTED_EDGE('',*,*,#3586,.T.);
#4943=ORIENTED_EDGE('',*,*,#2994,.T.);
#4944=ORIENTED_EDGE('',*,*,#3586,.F.);
#4945=ORIENTED_EDGE('',*,*,#3585,.T.);
#4946=ORIENTED_EDGE('',*,*,#3343,.T.);
#4947=ORIENTED_EDGE('',*,*,#3404,.F.);
#4948=ORIENTED_EDGE('',*,*,#3587,.F.);
#4949=ORIENTED_EDGE('',*,*,#2995,.T.);
#4950=ORIENTED_EDGE('',*,*,#3587,.T.);
#4951=ORIENTED_EDGE('',*,*,#3403,.F.);
#4952=ORIENTED_EDGE('',*,*,#3588,.F.);
#4953=ORIENTED_EDGE('',*,*,#2996,.T.);
#4954=ORIENTED_EDGE('',*,*,#3588,.T.);
#4955=ORIENTED_EDGE('',*,*,#3402,.F.);
#4956=ORIENTED_EDGE('',*,*,#3589,.F.);
#4957=ORIENTED_EDGE('',*,*,#2997,.T.);
#4958=ORIENTED_EDGE('',*,*,#3589,.T.);
#4959=ORIENTED_EDGE('',*,*,#3401,.F.);
#4960=ORIENTED_EDGE('',*,*,#3550,.F.);
#4961=ORIENTED_EDGE('',*,*,#3590,.T.);
#4962=ORIENTED_EDGE('',*,*,#3559,.F.);
#4963=ORIENTED_EDGE('',*,*,#3335,.F.);
#4964=ORIENTED_EDGE('',*,*,#3115,.T.);
#4965=ORIENTED_EDGE('',*,*,#3591,.F.);
#4966=ORIENTED_EDGE('',*,*,#3592,.F.);
#4967=ORIENTED_EDGE('',*,*,#3593,.T.);
#4968=ORIENTED_EDGE('',*,*,#3594,.F.);
#4969=ORIENTED_EDGE('',*,*,#3449,.T.);
#4970=ORIENTED_EDGE('',*,*,#3440,.F.);
#4971=ORIENTED_EDGE('',*,*,#3595,.F.);
#4972=ORIENTED_EDGE('',*,*,#3431,.F.);
#4973=ORIENTED_EDGE('',*,*,#3356,.T.);
#4974=ORIENTED_EDGE('',*,*,#3596,.F.);
#4975=ORIENTED_EDGE('',*,*,#3597,.F.);
#4976=ORIENTED_EDGE('',*,*,#3598,.F.);
#4977=ORIENTED_EDGE('',*,*,#3597,.T.);
#4978=ORIENTED_EDGE('',*,*,#3599,.F.);
#4979=ORIENTED_EDGE('',*,*,#3600,.F.);
#4980=ORIENTED_EDGE('',*,*,#3601,.F.);
#4981=ORIENTED_EDGE('',*,*,#3602,.F.);
#4982=ORIENTED_EDGE('',*,*,#3376,.T.);
#4983=ORIENTED_EDGE('',*,*,#3603,.T.);
#4984=ORIENTED_EDGE('',*,*,#3604,.F.);
#4985=ORIENTED_EDGE('',*,*,#3605,.F.);
#4986=ORIENTED_EDGE('',*,*,#3606,.F.);
#4987=ORIENTED_EDGE('',*,*,#3456,.T.);
#4988=ORIENTED_EDGE('',*,*,#3607,.T.);
#4989=ORIENTED_EDGE('',*,*,#3608,.F.);
#4990=ORIENTED_EDGE('',*,*,#3609,.F.);
#4991=ORIENTED_EDGE('',*,*,#3452,.T.);
#4992=ORIENTED_EDGE('',*,*,#3386,.T.);
#4993=ORIENTED_EDGE('',*,*,#3457,.F.);
#4994=ORIENTED_EDGE('',*,*,#3606,.T.);
#4995=ORIENTED_EDGE('',*,*,#3610,.F.);
#4996=ORIENTED_EDGE('',*,*,#3611,.F.);
#4997=ORIENTED_EDGE('',*,*,#3453,.T.);
#4998=ORIENTED_EDGE('',*,*,#3609,.T.);
#4999=ORIENTED_EDGE('',*,*,#3612,.F.);
#5000=ORIENTED_EDGE('',*,*,#3613,.T.);
#5001=ORIENTED_EDGE('',*,*,#3388,.T.);
#5002=ORIENTED_EDGE('',*,*,#3454,.F.);
#5003=ORIENTED_EDGE('',*,*,#3611,.T.);
#5004=ORIENTED_EDGE('',*,*,#3614,.F.);
#5005=ORIENTED_EDGE('',*,*,#3615,.F.);
#5006=ORIENTED_EDGE('',*,*,#3370,.T.);
#5007=ORIENTED_EDGE('',*,*,#3616,.T.);
#5008=ORIENTED_EDGE('',*,*,#3617,.F.);
#5009=ORIENTED_EDGE('',*,*,#3618,.F.);
#5010=ORIENTED_EDGE('',*,*,#3371,.T.);
#5011=ORIENTED_EDGE('',*,*,#3615,.T.);
#5012=ORIENTED_EDGE('',*,*,#3619,.F.);
#5013=ORIENTED_EDGE('',*,*,#3620,.F.);
#5014=ORIENTED_EDGE('',*,*,#3372,.T.);
#5015=ORIENTED_EDGE('',*,*,#3618,.T.);
#5016=ORIENTED_EDGE('',*,*,#3621,.F.);
#5017=ORIENTED_EDGE('',*,*,#3622,.F.);
#5018=ORIENTED_EDGE('',*,*,#3373,.T.);
#5019=ORIENTED_EDGE('',*,*,#3620,.T.);
#5020=ORIENTED_EDGE('',*,*,#3623,.F.);
#5021=ORIENTED_EDGE('',*,*,#3624,.F.);
#5022=ORIENTED_EDGE('',*,*,#3374,.T.);
#5023=ORIENTED_EDGE('',*,*,#3622,.T.);
#5024=ORIENTED_EDGE('',*,*,#3625,.F.);
#5025=ORIENTED_EDGE('',*,*,#3603,.F.);
#5026=ORIENTED_EDGE('',*,*,#3375,.T.);
#5027=ORIENTED_EDGE('',*,*,#3624,.T.);
#5028=ORIENTED_EDGE('',*,*,#3626,.F.);
#5029=ORIENTED_EDGE('',*,*,#3627,.F.);
#5030=ORIENTED_EDGE('',*,*,#3628,.T.);
#5031=ORIENTED_EDGE('',*,*,#3379,.T.);
#5032=ORIENTED_EDGE('',*,*,#3629,.F.);
#5033=ORIENTED_EDGE('',*,*,#3630,.F.);
#5034=ORIENTED_EDGE('',*,*,#3631,.T.);
#5035=ORIENTED_EDGE('',*,*,#3380,.T.);
#5036=ORIENTED_EDGE('',*,*,#3628,.F.);
#5037=ORIENTED_EDGE('',*,*,#3627,.T.);
#5038=ORIENTED_EDGE('',*,*,#3632,.F.);
#5039=ORIENTED_EDGE('',*,*,#3633,.T.);
#5040=ORIENTED_EDGE('',*,*,#3381,.T.);
#5041=ORIENTED_EDGE('',*,*,#3631,.F.);
#5042=ORIENTED_EDGE('',*,*,#3634,.F.);
#5043=ORIENTED_EDGE('',*,*,#3635,.T.);
#5044=ORIENTED_EDGE('',*,*,#3382,.T.);
#5045=ORIENTED_EDGE('',*,*,#3633,.F.);
#5046=ORIENTED_EDGE('',*,*,#3636,.F.);
#5047=ORIENTED_EDGE('',*,*,#3637,.T.);
#5048=ORIENTED_EDGE('',*,*,#3383,.T.);
#5049=ORIENTED_EDGE('',*,*,#3635,.F.);
#5050=ORIENTED_EDGE('',*,*,#3638,.F.);
#5051=ORIENTED_EDGE('',*,*,#3607,.F.);
#5052=ORIENTED_EDGE('',*,*,#3455,.T.);
#5053=ORIENTED_EDGE('',*,*,#3384,.T.);
#5054=ORIENTED_EDGE('',*,*,#3637,.F.);
#5055=ORIENTED_EDGE('',*,*,#3639,.F.);
#5056=ORIENTED_EDGE('',*,*,#3640,.F.);
#5057=ORIENTED_EDGE('',*,*,#3641,.F.);
#5058=ORIENTED_EDGE('',*,*,#3593,.F.);
#5059=ORIENTED_EDGE('',*,*,#3642,.F.);
#5060=ORIENTED_EDGE('',*,*,#3643,.T.);
#5061=ORIENTED_EDGE('',*,*,#3644,.F.);
#5062=ORIENTED_EDGE('',*,*,#3645,.T.);
#5063=ORIENTED_EDGE('',*,*,#3646,.F.);
#5064=ORIENTED_EDGE('',*,*,#3647,.F.);
#5065=ORIENTED_EDGE('',*,*,#3648,.F.);
#5066=ORIENTED_EDGE('',*,*,#3649,.T.);
#5067=ORIENTED_EDGE('',*,*,#3650,.T.);
#5068=ORIENTED_EDGE('',*,*,#3640,.T.);
#5069=ORIENTED_EDGE('',*,*,#3651,.F.);
#5070=ORIENTED_EDGE('',*,*,#3652,.F.);
#5071=ORIENTED_EDGE('',*,*,#3653,.F.);
#5072=ORIENTED_EDGE('',*,*,#3600,.T.);
#5073=ORIENTED_EDGE('',*,*,#3654,.F.);
#5074=ORIENTED_EDGE('',*,*,#3655,.F.);
#5075=ORIENTED_EDGE('',*,*,#3656,.F.);
#5076=ORIENTED_EDGE('',*,*,#3657,.F.);
#5077=ORIENTED_EDGE('',*,*,#3658,.F.);
#5078=ORIENTED_EDGE('',*,*,#3655,.T.);
#5079=ORIENTED_EDGE('',*,*,#3659,.F.);
#5080=ORIENTED_EDGE('',*,*,#3660,.F.);
#5081=ORIENTED_EDGE('',*,*,#3661,.F.);
#5082=ORIENTED_EDGE('',*,*,#3660,.T.);
#5083=ORIENTED_EDGE('',*,*,#3662,.F.);
#5084=ORIENTED_EDGE('',*,*,#3570,.F.);
#5085=ORIENTED_EDGE('',*,*,#3663,.F.);
#5086=ORIENTED_EDGE('',*,*,#3664,.F.);
#5087=ORIENTED_EDGE('',*,*,#3665,.F.);
#5088=ORIENTED_EDGE('',*,*,#3547,.T.);
#5089=ORIENTED_EDGE('',*,*,#3366,.T.);
#5090=ORIENTED_EDGE('',*,*,#3666,.F.);
#5091=ORIENTED_EDGE('',*,*,#3667,.F.);
#5092=ORIENTED_EDGE('',*,*,#3666,.T.);
#5093=ORIENTED_EDGE('',*,*,#3365,.T.);
#5094=ORIENTED_EDGE('',*,*,#3668,.F.);
#5095=ORIENTED_EDGE('',*,*,#3669,.F.);
#5096=ORIENTED_EDGE('',*,*,#3668,.T.);
#5097=ORIENTED_EDGE('',*,*,#3364,.T.);
#5098=ORIENTED_EDGE('',*,*,#3670,.F.);
#5099=ORIENTED_EDGE('',*,*,#3671,.F.);
#5100=ORIENTED_EDGE('',*,*,#3670,.T.);
#5101=ORIENTED_EDGE('',*,*,#3363,.T.);
#5102=ORIENTED_EDGE('',*,*,#3672,.F.);
#5103=ORIENTED_EDGE('',*,*,#3673,.F.);
#5104=ORIENTED_EDGE('',*,*,#3672,.T.);
#5105=ORIENTED_EDGE('',*,*,#3362,.T.);
#5106=ORIENTED_EDGE('',*,*,#3674,.F.);
#5107=ORIENTED_EDGE('',*,*,#3675,.F.);
#5108=ORIENTED_EDGE('',*,*,#3674,.T.);
#5109=ORIENTED_EDGE('',*,*,#3361,.T.);
#5110=ORIENTED_EDGE('',*,*,#3676,.F.);
#5111=ORIENTED_EDGE('',*,*,#3677,.F.);
#5112=ORIENTED_EDGE('',*,*,#3676,.T.);
#5113=ORIENTED_EDGE('',*,*,#3360,.T.);
#5114=ORIENTED_EDGE('',*,*,#3678,.F.);
#5115=ORIENTED_EDGE('',*,*,#3679,.F.);
#5116=ORIENTED_EDGE('',*,*,#3678,.T.);
#5117=ORIENTED_EDGE('',*,*,#3359,.T.);
#5118=ORIENTED_EDGE('',*,*,#3680,.F.);
#5119=ORIENTED_EDGE('',*,*,#3681,.F.);
#5120=ORIENTED_EDGE('',*,*,#3680,.T.);
#5121=ORIENTED_EDGE('',*,*,#3391,.T.);
#5122=ORIENTED_EDGE('',*,*,#3682,.F.);
#5123=ORIENTED_EDGE('',*,*,#3683,.F.);
#5124=ORIENTED_EDGE('',*,*,#3682,.T.);
#5125=ORIENTED_EDGE('',*,*,#3390,.T.);
#5126=ORIENTED_EDGE('',*,*,#3684,.F.);
#5127=ORIENTED_EDGE('',*,*,#3685,.F.);
#5128=ORIENTED_EDGE('',*,*,#3684,.T.);
#5129=ORIENTED_EDGE('',*,*,#3389,.T.);
#5130=ORIENTED_EDGE('',*,*,#3613,.F.);
#5131=ORIENTED_EDGE('',*,*,#3686,.F.);
#5132=ORIENTED_EDGE('',*,*,#3679,.T.);
#5133=ORIENTED_EDGE('',*,*,#3687,.F.);
#5134=ORIENTED_EDGE('',*,*,#3604,.T.);
#5135=ORIENTED_EDGE('',*,*,#3688,.F.);
#5136=ORIENTED_EDGE('',*,*,#3689,.T.);
#5137=ORIENTED_EDGE('',*,*,#3144,.T.);
#5138=ORIENTED_EDGE('',*,*,#3690,.F.);
#5139=ORIENTED_EDGE('',*,*,#3688,.T.);
#5140=ORIENTED_EDGE('',*,*,#3625,.T.);
#5141=ORIENTED_EDGE('',*,*,#3691,.F.);
#5142=ORIENTED_EDGE('',*,*,#3692,.T.);
#5143=ORIENTED_EDGE('',*,*,#3691,.T.);
#5144=ORIENTED_EDGE('',*,*,#3623,.T.);
#5145=ORIENTED_EDGE('',*,*,#3693,.F.);
#5146=ORIENTED_EDGE('',*,*,#3694,.T.);
#5147=ORIENTED_EDGE('',*,*,#3693,.T.);
#5148=ORIENTED_EDGE('',*,*,#3621,.T.);
#5149=ORIENTED_EDGE('',*,*,#3695,.F.);
#5150=ORIENTED_EDGE('',*,*,#3696,.T.);
#5151=ORIENTED_EDGE('',*,*,#3695,.T.);
#5152=ORIENTED_EDGE('',*,*,#3619,.T.);
#5153=ORIENTED_EDGE('',*,*,#3697,.F.);
#5154=ORIENTED_EDGE('',*,*,#3698,.T.);
#5155=ORIENTED_EDGE('',*,*,#3699,.T.);
#5156=ORIENTED_EDGE('',*,*,#3697,.T.);
#5157=ORIENTED_EDGE('',*,*,#3617,.T.);
#5158=ORIENTED_EDGE('',*,*,#3700,.F.);
#5159=ORIENTED_EDGE('',*,*,#3686,.T.);
#5160=ORIENTED_EDGE('',*,*,#3159,.T.);
#5161=ORIENTED_EDGE('',*,*,#3701,.F.);
#5162=ORIENTED_EDGE('',*,*,#3677,.T.);
#5163=ORIENTED_EDGE('',*,*,#3701,.T.);
#5164=ORIENTED_EDGE('',*,*,#3158,.T.);
#5165=ORIENTED_EDGE('',*,*,#3702,.F.);
#5166=ORIENTED_EDGE('',*,*,#3675,.T.);
#5167=ORIENTED_EDGE('',*,*,#3702,.T.);
#5168=ORIENTED_EDGE('',*,*,#3157,.T.);
#5169=ORIENTED_EDGE('',*,*,#3703,.F.);
#5170=ORIENTED_EDGE('',*,*,#3673,.T.);
#5171=ORIENTED_EDGE('',*,*,#3703,.T.);
#5172=ORIENTED_EDGE('',*,*,#3156,.T.);
#5173=ORIENTED_EDGE('',*,*,#3704,.F.);
#5174=ORIENTED_EDGE('',*,*,#3671,.T.);
#5175=ORIENTED_EDGE('',*,*,#3704,.T.);
#5176=ORIENTED_EDGE('',*,*,#3155,.T.);
#5177=ORIENTED_EDGE('',*,*,#3705,.F.);
#5178=ORIENTED_EDGE('',*,*,#3669,.T.);
#5179=ORIENTED_EDGE('',*,*,#3705,.T.);
#5180=ORIENTED_EDGE('',*,*,#3154,.T.);
#5181=ORIENTED_EDGE('',*,*,#3706,.F.);
#5182=ORIENTED_EDGE('',*,*,#3667,.T.);
#5183=ORIENTED_EDGE('',*,*,#3706,.T.);
#5184=ORIENTED_EDGE('',*,*,#3153,.T.);
#5185=ORIENTED_EDGE('',*,*,#3707,.F.);
#5186=ORIENTED_EDGE('',*,*,#3665,.T.);
#5187=ORIENTED_EDGE('',*,*,#3548,.T.);
#5188=ORIENTED_EDGE('',*,*,#3707,.T.);
#5189=ORIENTED_EDGE('',*,*,#3152,.T.);
#5190=ORIENTED_EDGE('',*,*,#3708,.T.);
#5191=ORIENTED_EDGE('',*,*,#3614,.T.);
#5192=ORIENTED_EDGE('',*,*,#3709,.T.);
#5193=ORIENTED_EDGE('',*,*,#3710,.T.);
#5194=ORIENTED_EDGE('',*,*,#3700,.T.);
#5195=ORIENTED_EDGE('',*,*,#3143,.T.);
#5196=ORIENTED_EDGE('',*,*,#3711,.F.);
#5197=ORIENTED_EDGE('',*,*,#3601,.T.);
#5198=ORIENTED_EDGE('',*,*,#3690,.T.);
#5199=ORIENTED_EDGE('',*,*,#3712,.T.);
#5200=ORIENTED_EDGE('',*,*,#3711,.T.);
#5201=ORIENTED_EDGE('',*,*,#3142,.T.);
#5202=ORIENTED_EDGE('',*,*,#3713,.T.);
#5203=ORIENTED_EDGE('',*,*,#3714,.T.);
#5204=ORIENTED_EDGE('',*,*,#3172,.T.);
#5205=ORIENTED_EDGE('',*,*,#3715,.F.);
#5206=ORIENTED_EDGE('',*,*,#3626,.T.);
#5207=ORIENTED_EDGE('',*,*,#3715,.T.);
#5208=ORIENTED_EDGE('',*,*,#3171,.T.);
#5209=ORIENTED_EDGE('',*,*,#3716,.F.);
#5210=ORIENTED_EDGE('',*,*,#3630,.T.);
#5211=ORIENTED_EDGE('',*,*,#3716,.T.);
#5212=ORIENTED_EDGE('',*,*,#3170,.T.);
#5213=ORIENTED_EDGE('',*,*,#3717,.F.);
#5214=ORIENTED_EDGE('',*,*,#3632,.T.);
#5215=ORIENTED_EDGE('',*,*,#3717,.T.);
#5216=ORIENTED_EDGE('',*,*,#3169,.T.);
#5217=ORIENTED_EDGE('',*,*,#3718,.F.);
#5218=ORIENTED_EDGE('',*,*,#3634,.T.);
#5219=ORIENTED_EDGE('',*,*,#3719,.F.);
#5220=ORIENTED_EDGE('',*,*,#3166,.T.);
#5221=ORIENTED_EDGE('',*,*,#3720,.F.);
#5222=ORIENTED_EDGE('',*,*,#3605,.T.);
#5223=ORIENTED_EDGE('',*,*,#3720,.T.);
#5224=ORIENTED_EDGE('',*,*,#3165,.T.);
#5225=ORIENTED_EDGE('',*,*,#3721,.F.);
#5226=ORIENTED_EDGE('',*,*,#3608,.T.);
#5227=ORIENTED_EDGE('',*,*,#3721,.T.);
#5228=ORIENTED_EDGE('',*,*,#3164,.T.);
#5229=ORIENTED_EDGE('',*,*,#3722,.F.);
#5230=ORIENTED_EDGE('',*,*,#3610,.T.);
#5231=ORIENTED_EDGE('',*,*,#3722,.T.);
#5232=ORIENTED_EDGE('',*,*,#3163,.T.);
#5233=ORIENTED_EDGE('',*,*,#3723,.F.);
#5234=ORIENTED_EDGE('',*,*,#3612,.T.);
#5235=ORIENTED_EDGE('',*,*,#3723,.T.);
#5236=ORIENTED_EDGE('',*,*,#3162,.T.);
#5237=ORIENTED_EDGE('',*,*,#3724,.F.);
#5238=ORIENTED_EDGE('',*,*,#3685,.T.);
#5239=ORIENTED_EDGE('',*,*,#3724,.T.);
#5240=ORIENTED_EDGE('',*,*,#3161,.T.);
#5241=ORIENTED_EDGE('',*,*,#3725,.F.);
#5242=ORIENTED_EDGE('',*,*,#3683,.T.);
#5243=ORIENTED_EDGE('',*,*,#3687,.T.);
#5244=ORIENTED_EDGE('',*,*,#3681,.T.);
#5245=ORIENTED_EDGE('',*,*,#3725,.T.);
#5246=ORIENTED_EDGE('',*,*,#3160,.T.);
#5247=ORIENTED_EDGE('',*,*,#3726,.F.);
#5248=ORIENTED_EDGE('',*,*,#3167,.T.);
#5249=ORIENTED_EDGE('',*,*,#3719,.T.);
#5250=ORIENTED_EDGE('',*,*,#3638,.T.);
#5251=ORIENTED_EDGE('',*,*,#3726,.T.);
#5252=ORIENTED_EDGE('',*,*,#3636,.T.);
#5253=ORIENTED_EDGE('',*,*,#3718,.T.);
#5254=ORIENTED_EDGE('',*,*,#3168,.T.);
#5255=ORIENTED_EDGE('',*,*,#3727,.F.);
#5256=ORIENTED_EDGE('',*,*,#3448,.F.);
#5257=ORIENTED_EDGE('',*,*,#3451,.F.);
#5258=ORIENTED_EDGE('',*,*,#3728,.F.);
#5259=ORIENTED_EDGE('',*,*,#3729,.F.);
#5260=ORIENTED_EDGE('',*,*,#3730,.F.);
#5261=ORIENTED_EDGE('',*,*,#3729,.T.);
#5262=ORIENTED_EDGE('',*,*,#3731,.F.);
#5263=ORIENTED_EDGE('',*,*,#3643,.F.);
#5264=ORIENTED_EDGE('',*,*,#3732,.F.);
#5265=ORIENTED_EDGE('',*,*,#3733,.T.);
#5266=ORIENTED_EDGE('',*,*,#3734,.F.);
#5267=ORIENTED_EDGE('',*,*,#3652,.T.);
#5268=ORIENTED_EDGE('',*,*,#3439,.T.);
#5269=ORIENTED_EDGE('',*,*,#3735,.T.);
#5270=ORIENTED_EDGE('',*,*,#3736,.F.);
#5271=ORIENTED_EDGE('',*,*,#3592,.T.);
#5272=ORIENTED_EDGE('',*,*,#3736,.T.);
#5273=ORIENTED_EDGE('',*,*,#3737,.T.);
#5274=ORIENTED_EDGE('',*,*,#3738,.F.);
#5275=ORIENTED_EDGE('',*,*,#3639,.T.);
#5276=ORIENTED_EDGE('',*,*,#3732,.T.);
#5277=ORIENTED_EDGE('',*,*,#3651,.T.);
#5278=ORIENTED_EDGE('',*,*,#3738,.T.);
#5279=ORIENTED_EDGE('',*,*,#3739,.T.);
#5280=ORIENTED_EDGE('',*,*,#3740,.F.);
#5281=ORIENTED_EDGE('',*,*,#3741,.T.);
#5282=ORIENTED_EDGE('',*,*,#3742,.F.);
#5283=ORIENTED_EDGE('',*,*,#3647,.T.);
#5284=ORIENTED_EDGE('',*,*,#3734,.T.);
#5285=ORIENTED_EDGE('',*,*,#3743,.T.);
#5286=ORIENTED_EDGE('',*,*,#3744,.F.);
#5287=ORIENTED_EDGE('',*,*,#3648,.T.);
#5288=ORIENTED_EDGE('',*,*,#3744,.T.);
#5289=ORIENTED_EDGE('',*,*,#3745,.T.);
#5290=ORIENTED_EDGE('',*,*,#3746,.F.);
#5291=ORIENTED_EDGE('',*,*,#3747,.T.);
#5292=ORIENTED_EDGE('',*,*,#3746,.T.);
#5293=ORIENTED_EDGE('',*,*,#3748,.T.);
#5294=ORIENTED_EDGE('',*,*,#3740,.T.);
#5295=ORIENTED_EDGE('',*,*,#3646,.T.);
#5296=ORIENTED_EDGE('',*,*,#3742,.T.);
#5297=ORIENTED_EDGE('',*,*,#3749,.T.);
#5298=ORIENTED_EDGE('',*,*,#3750,.F.);
#5299=ORIENTED_EDGE('',*,*,#3642,.T.);
#5300=ORIENTED_EDGE('',*,*,#3750,.T.);
#5301=ORIENTED_EDGE('',*,*,#3751,.T.);
#5302=ORIENTED_EDGE('',*,*,#3752,.F.);
#5303=ORIENTED_EDGE('',*,*,#3730,.T.);
#5304=ORIENTED_EDGE('',*,*,#3446,.T.);
#5305=ORIENTED_EDGE('',*,*,#3727,.T.);
#5306=ORIENTED_EDGE('',*,*,#3752,.T.);
#5307=ORIENTED_EDGE('',*,*,#3753,.T.);
#5308=ORIENTED_EDGE('',*,*,#3754,.F.);
#5309=ORIENTED_EDGE('',*,*,#3755,.T.);
#5310=ORIENTED_EDGE('',*,*,#3709,.F.);
#5311=ORIENTED_EDGE('',*,*,#3756,.T.);
#5312=ORIENTED_EDGE('',*,*,#3741,.F.);
#5313=ORIENTED_EDGE('',*,*,#3748,.F.);
#5314=ORIENTED_EDGE('',*,*,#3745,.F.);
#5315=ORIENTED_EDGE('',*,*,#3743,.F.);
#5316=ORIENTED_EDGE('',*,*,#3733,.F.);
#5317=ORIENTED_EDGE('',*,*,#3757,.T.);
#5318=ORIENTED_EDGE('',*,*,#3758,.F.);
#5319=ORIENTED_EDGE('',*,*,#3759,.F.);
#5320=ORIENTED_EDGE('',*,*,#3760,.F.);
#5321=ORIENTED_EDGE('',*,*,#3761,.F.);
#5322=ORIENTED_EDGE('',*,*,#3762,.F.);
#5323=ORIENTED_EDGE('',*,*,#3763,.T.);
#5324=ORIENTED_EDGE('',*,*,#3764,.F.);
#5325=ORIENTED_EDGE('',*,*,#3765,.F.);
#5326=ORIENTED_EDGE('',*,*,#3766,.F.);
#5327=ORIENTED_EDGE('',*,*,#3767,.F.);
#5328=ORIENTED_EDGE('',*,*,#3757,.F.);
#5329=ORIENTED_EDGE('',*,*,#3739,.F.);
#5330=ORIENTED_EDGE('',*,*,#3737,.F.);
#5331=ORIENTED_EDGE('',*,*,#3735,.F.);
#5332=ORIENTED_EDGE('',*,*,#3442,.F.);
#5333=ORIENTED_EDGE('',*,*,#3444,.F.);
#5334=ORIENTED_EDGE('',*,*,#3447,.F.);
#5335=ORIENTED_EDGE('',*,*,#3753,.F.);
#5336=ORIENTED_EDGE('',*,*,#3751,.F.);
#5337=ORIENTED_EDGE('',*,*,#3749,.F.);
#5338=ORIENTED_EDGE('',*,*,#3756,.F.);
#5339=ORIENTED_EDGE('',*,*,#3616,.F.);
#5340=ORIENTED_EDGE('',*,*,#3369,.T.);
#5341=ORIENTED_EDGE('',*,*,#3768,.F.);
#5342=ORIENTED_EDGE('',*,*,#3769,.F.);
#5343=ORIENTED_EDGE('',*,*,#3763,.F.);
#5344=ORIENTED_EDGE('',*,*,#3770,.F.);
#5345=ORIENTED_EDGE('',*,*,#3771,.F.);
#5346=ORIENTED_EDGE('',*,*,#3772,.F.);
#5347=ORIENTED_EDGE('',*,*,#3426,.F.);
#5348=ORIENTED_EDGE('',*,*,#3428,.F.);
#5349=ORIENTED_EDGE('',*,*,#3430,.F.);
#5350=ORIENTED_EDGE('',*,*,#3773,.F.);
#5351=ORIENTED_EDGE('',*,*,#3762,.T.);
#5352=ORIENTED_EDGE('',*,*,#3774,.F.);
#5353=ORIENTED_EDGE('',*,*,#3664,.T.);
#5354=ORIENTED_EDGE('',*,*,#3423,.T.);
#5355=ORIENTED_EDGE('',*,*,#3772,.T.);
#5356=ORIENTED_EDGE('',*,*,#3775,.F.);
#5357=ORIENTED_EDGE('',*,*,#3573,.T.);
#5358=ORIENTED_EDGE('',*,*,#3775,.T.);
#5359=ORIENTED_EDGE('',*,*,#3771,.T.);
#5360=ORIENTED_EDGE('',*,*,#3776,.F.);
#5361=ORIENTED_EDGE('',*,*,#3569,.T.);
#5362=ORIENTED_EDGE('',*,*,#3773,.T.);
#5363=ORIENTED_EDGE('',*,*,#3663,.T.);
#5364=ORIENTED_EDGE('',*,*,#3776,.T.);
#5365=ORIENTED_EDGE('',*,*,#3770,.T.);
#5366=ORIENTED_EDGE('',*,*,#3777,.F.);
#5367=ORIENTED_EDGE('',*,*,#3758,.T.);
#5368=ORIENTED_EDGE('',*,*,#3778,.F.);
#5369=ORIENTED_EDGE('',*,*,#3657,.T.);
#5370=ORIENTED_EDGE('',*,*,#3774,.T.);
#5371=ORIENTED_EDGE('',*,*,#3761,.T.);
#5372=ORIENTED_EDGE('',*,*,#3779,.F.);
#5373=ORIENTED_EDGE('',*,*,#3661,.T.);
#5374=ORIENTED_EDGE('',*,*,#3779,.T.);
#5375=ORIENTED_EDGE('',*,*,#3760,.T.);
#5376=ORIENTED_EDGE('',*,*,#3780,.F.);
#5377=ORIENTED_EDGE('',*,*,#3658,.T.);
#5378=ORIENTED_EDGE('',*,*,#3780,.T.);
#5379=ORIENTED_EDGE('',*,*,#3759,.T.);
#5380=ORIENTED_EDGE('',*,*,#3777,.T.);
#5381=ORIENTED_EDGE('',*,*,#3656,.T.);
#5382=ORIENTED_EDGE('',*,*,#3778,.T.);
#5383=ORIENTED_EDGE('',*,*,#3767,.T.);
#5384=ORIENTED_EDGE('',*,*,#3781,.F.);
#5385=ORIENTED_EDGE('',*,*,#3653,.T.);
#5386=ORIENTED_EDGE('',*,*,#3781,.T.);
#5387=ORIENTED_EDGE('',*,*,#3766,.T.);
#5388=ORIENTED_EDGE('',*,*,#3782,.F.);
#5389=ORIENTED_EDGE('',*,*,#3598,.T.);
#5390=ORIENTED_EDGE('',*,*,#3429,.T.);
#5391=ORIENTED_EDGE('',*,*,#3595,.T.);
#5392=ORIENTED_EDGE('',*,*,#3782,.T.);
#5393=ORIENTED_EDGE('',*,*,#3765,.T.);
#5394=ORIENTED_EDGE('',*,*,#3783,.T.);
#5395=ORIENTED_EDGE('',*,*,#2958,.F.);
#5396=ORIENTED_EDGE('',*,*,#3339,.F.);
#5397=ORIENTED_EDGE('',*,*,#3784,.F.);
#5398=ORIENTED_EDGE('',*,*,#3538,.T.);
#5399=ORIENTED_EDGE('',*,*,#3785,.T.);
#5400=ORIENTED_EDGE('',*,*,#3786,.T.);
#5401=ORIENTED_EDGE('',*,*,#3784,.T.);
#5402=ORIENTED_EDGE('',*,*,#3338,.T.);
#5403=ORIENTED_EDGE('',*,*,#3787,.F.);
#5404=ORIENTED_EDGE('',*,*,#3536,.F.);
#5405=ORIENTED_EDGE('',*,*,#3788,.F.);
#5406=ORIENTED_EDGE('',*,*,#3789,.F.);
#5407=ORIENTED_EDGE('',*,*,#2963,.T.);
#5408=ORIENTED_EDGE('',*,*,#2960,.T.);
#5409=ORIENTED_EDGE('',*,*,#3790,.T.);
#5410=ORIENTED_EDGE('',*,*,#3785,.F.);
#5411=ORIENTED_EDGE('',*,*,#3537,.F.);
#5412=ORIENTED_EDGE('',*,*,#2959,.T.);
#5413=ORIENTED_EDGE('',*,*,#3783,.F.);
#5414=ORIENTED_EDGE('',*,*,#3786,.F.);
#5415=ORIENTED_EDGE('',*,*,#3790,.F.);
#5416=ORIENTED_EDGE('',*,*,#3087,.T.);
#5417=ORIENTED_EDGE('',*,*,#3563,.T.);
#5418=ORIENTED_EDGE('',*,*,#3791,.F.);
#5419=ORIENTED_EDGE('',*,*,#3792,.F.);
#5420=ORIENTED_EDGE('',*,*,#3088,.T.);
#5421=ORIENTED_EDGE('',*,*,#3792,.T.);
#5422=ORIENTED_EDGE('',*,*,#3793,.F.);
#5423=ORIENTED_EDGE('',*,*,#3150,.F.);
#5424=ORIENTED_EDGE('',*,*,#3794,.F.);
#5425=ORIENTED_EDGE('',*,*,#3081,.T.);
#5426=ORIENTED_EDGE('',*,*,#3794,.T.);
#5427=ORIENTED_EDGE('',*,*,#3149,.F.);
#5428=ORIENTED_EDGE('',*,*,#3795,.F.);
#5429=ORIENTED_EDGE('',*,*,#3082,.T.);
#5430=ORIENTED_EDGE('',*,*,#3795,.T.);
#5431=ORIENTED_EDGE('',*,*,#3148,.F.);
#5432=ORIENTED_EDGE('',*,*,#3568,.F.);
#5433=ORIENTED_EDGE('',*,*,#3594,.T.);
#5434=ORIENTED_EDGE('',*,*,#3641,.T.);
#5435=ORIENTED_EDGE('',*,*,#3650,.F.);
#5436=ORIENTED_EDGE('',*,*,#3796,.T.);
#5437=ORIENTED_EDGE('',*,*,#3557,.T.);
#5438=ORIENTED_EDGE('',*,*,#3421,.F.);
#5439=ORIENTED_EDGE('',*,*,#3797,.T.);
#5440=ORIENTED_EDGE('',*,*,#2965,.T.);
#5441=ORIENTED_EDGE('',*,*,#3798,.T.);
#5442=ORIENTED_EDGE('',*,*,#3799,.T.);
#5443=ORIENTED_EDGE('',*,*,#3644,.T.);
#5444=ORIENTED_EDGE('',*,*,#3731,.T.);
#5445=ORIENTED_EDGE('',*,*,#3728,.T.);
#5446=ORIENTED_EDGE('',*,*,#3450,.T.);
#5447=ORIENTED_EDGE('',*,*,#3596,.T.);
#5448=ORIENTED_EDGE('',*,*,#3355,.F.);
#5449=ORIENTED_EDGE('',*,*,#3574,.T.);
#5450=ORIENTED_EDGE('',*,*,#3571,.T.);
#5451=ORIENTED_EDGE('',*,*,#3662,.T.);
#5452=ORIENTED_EDGE('',*,*,#3659,.T.);
#5453=ORIENTED_EDGE('',*,*,#3654,.T.);
#5454=ORIENTED_EDGE('',*,*,#3599,.T.);
#5455=ORIENTED_EDGE('',*,*,#3797,.F.);
#5456=ORIENTED_EDGE('',*,*,#3420,.F.);
#5457=ORIENTED_EDGE('',*,*,#3800,.T.);
#5458=ORIENTED_EDGE('',*,*,#2966,.T.);
#5459=ORIENTED_EDGE('',*,*,#3800,.F.);
#5460=ORIENTED_EDGE('',*,*,#3419,.F.);
#5461=ORIENTED_EDGE('',*,*,#3801,.T.);
#5462=ORIENTED_EDGE('',*,*,#2967,.T.);
#5463=ORIENTED_EDGE('',*,*,#3801,.F.);
#5464=ORIENTED_EDGE('',*,*,#3418,.F.);
#5465=ORIENTED_EDGE('',*,*,#3802,.T.);
#5466=ORIENTED_EDGE('',*,*,#2968,.T.);
#5467=ORIENTED_EDGE('',*,*,#3802,.F.);
#5468=ORIENTED_EDGE('',*,*,#3417,.F.);
#5469=ORIENTED_EDGE('',*,*,#3803,.T.);
#5470=ORIENTED_EDGE('',*,*,#2969,.T.);
#5471=ORIENTED_EDGE('',*,*,#3803,.F.);
#5472=ORIENTED_EDGE('',*,*,#3416,.F.);
#5473=ORIENTED_EDGE('',*,*,#3804,.T.);
#5474=ORIENTED_EDGE('',*,*,#2970,.T.);
#5475=ORIENTED_EDGE('',*,*,#3804,.F.);
#5476=ORIENTED_EDGE('',*,*,#3415,.F.);
#5477=ORIENTED_EDGE('',*,*,#3805,.T.);
#5478=ORIENTED_EDGE('',*,*,#2971,.T.);
#5479=ORIENTED_EDGE('',*,*,#3805,.F.);
#5480=ORIENTED_EDGE('',*,*,#3414,.F.);
#5481=ORIENTED_EDGE('',*,*,#3529,.F.);
#5482=ORIENTED_EDGE('',*,*,#2972,.T.);
#5483=ORIENTED_EDGE('',*,*,#2964,.T.);
#5484=ORIENTED_EDGE('',*,*,#3789,.T.);
#5485=ORIENTED_EDGE('',*,*,#3806,.F.);
#5486=ORIENTED_EDGE('',*,*,#3798,.F.);
#5487=ORIENTED_EDGE('',*,*,#3807,.F.);
#5488=ORIENTED_EDGE('',*,*,#3768,.T.);
#5489=ORIENTED_EDGE('',*,*,#3368,.T.);
#5490=ORIENTED_EDGE('',*,*,#3546,.F.);
#5491=ORIENTED_EDGE('',*,*,#3808,.F.);
#5492=ORIENTED_EDGE('',*,*,#3807,.T.);
#5493=ORIENTED_EDGE('',*,*,#3809,.T.);
#5494=ORIENTED_EDGE('',*,*,#3810,.T.);
#5495=ORIENTED_EDGE('',*,*,#3811,.F.);
#5496=ORIENTED_EDGE('',*,*,#3812,.F.);
#5497=ORIENTED_EDGE('',*,*,#3813,.F.);
#5498=ORIENTED_EDGE('',*,*,#3814,.F.);
#5499=ORIENTED_EDGE('',*,*,#3815,.F.);
#5500=ORIENTED_EDGE('',*,*,#3816,.F.);
#5501=ORIENTED_EDGE('',*,*,#3817,.F.);
#5502=ORIENTED_EDGE('',*,*,#3818,.F.);
#5503=ORIENTED_EDGE('',*,*,#3819,.F.);
#5504=ORIENTED_EDGE('',*,*,#3818,.T.);
#5505=ORIENTED_EDGE('',*,*,#3820,.F.);
#5506=ORIENTED_EDGE('',*,*,#3812,.T.);
#5507=ORIENTED_EDGE('',*,*,#3821,.F.);
#5508=ORIENTED_EDGE('',*,*,#3769,.T.);
#5509=ORIENTED_EDGE('',*,*,#3808,.T.);
#5510=ORIENTED_EDGE('',*,*,#3822,.T.);
#5511=ORIENTED_EDGE('',*,*,#3823,.F.);
#5512=ORIENTED_EDGE('',*,*,#3824,.F.);
#5513=ORIENTED_EDGE('',*,*,#3825,.F.);
#5514=ORIENTED_EDGE('',*,*,#3822,.F.);
#5515=ORIENTED_EDGE('',*,*,#3810,.F.);
#5516=ORIENTED_EDGE('',*,*,#3826,.T.);
#5517=ORIENTED_EDGE('',*,*,#3261,.T.);
#5518=ORIENTED_EDGE('',*,*,#3257,.T.);
#5519=ORIENTED_EDGE('',*,*,#3260,.T.);
#5520=ORIENTED_EDGE('',*,*,#3241,.T.);
#5521=ORIENTED_EDGE('',*,*,#3827,.F.);
#5522=ORIENTED_EDGE('',*,*,#3826,.F.);
#5523=ORIENTED_EDGE('',*,*,#3809,.F.);
#5524=ORIENTED_EDGE('',*,*,#3545,.T.);
#5525=ORIENTED_EDGE('',*,*,#3828,.F.);
#5526=ORIENTED_EDGE('',*,*,#3814,.T.);
#5527=ORIENTED_EDGE('',*,*,#3829,.F.);
#5528=ORIENTED_EDGE('',*,*,#3827,.T.);
#5529=ORIENTED_EDGE('',*,*,#3830,.F.);
#5530=ORIENTED_EDGE('',*,*,#3829,.T.);
#5531=ORIENTED_EDGE('',*,*,#3813,.T.);
#5532=ORIENTED_EDGE('',*,*,#3831,.F.);
#5533=ORIENTED_EDGE('',*,*,#3823,.T.);
#5534=ORIENTED_EDGE('',*,*,#3831,.T.);
#5535=ORIENTED_EDGE('',*,*,#3820,.T.);
#5536=ORIENTED_EDGE('',*,*,#3832,.F.);
#5537=ORIENTED_EDGE('',*,*,#3824,.T.);
#5538=ORIENTED_EDGE('',*,*,#3832,.T.);
#5539=ORIENTED_EDGE('',*,*,#3817,.T.);
#5540=ORIENTED_EDGE('',*,*,#3833,.F.);
#5541=ORIENTED_EDGE('',*,*,#3825,.T.);
#5542=ORIENTED_EDGE('',*,*,#3834,.F.);
#5543=ORIENTED_EDGE('',*,*,#3821,.T.);
#5544=ORIENTED_EDGE('',*,*,#3833,.T.);
#5545=ORIENTED_EDGE('',*,*,#3816,.T.);
#5546=ORIENTED_EDGE('',*,*,#3835,.F.);
#5547=ORIENTED_EDGE('',*,*,#3836,.F.);
#5548=ORIENTED_EDGE('',*,*,#3837,.F.);
#5549=ORIENTED_EDGE('',*,*,#3549,.T.);
#5550=ORIENTED_EDGE('',*,*,#3708,.F.);
#5551=ORIENTED_EDGE('',*,*,#3838,.T.);
#5552=ORIENTED_EDGE('',*,*,#3839,.F.);
#5553=ORIENTED_EDGE('',*,*,#3840,.T.);
#5554=ORIENTED_EDGE('',*,*,#3841,.F.);
#5555=ORIENTED_EDGE('',*,*,#3828,.T.);
#5556=ORIENTED_EDGE('',*,*,#3839,.T.);
#5557=ORIENTED_EDGE('',*,*,#3830,.T.);
#5558=ORIENTED_EDGE('',*,*,#3837,.T.);
#5559=ORIENTED_EDGE('',*,*,#3842,.F.);
#5560=ORIENTED_EDGE('',*,*,#3843,.T.);
#5561=ORIENTED_EDGE('',*,*,#3844,.F.);
#5562=ORIENTED_EDGE('',*,*,#3835,.T.);
#5563=ORIENTED_EDGE('',*,*,#3845,.T.);
#5564=ORIENTED_EDGE('',*,*,#3846,.T.);
#5565=ORIENTED_EDGE('',*,*,#3847,.F.);
#5566=ORIENTED_EDGE('',*,*,#3819,.T.);
#5567=ORIENTED_EDGE('',*,*,#3842,.T.);
#5568=ORIENTED_EDGE('',*,*,#3815,.T.);
#5569=ORIENTED_EDGE('',*,*,#3847,.T.);
#5570=ORIENTED_EDGE('',*,*,#3848,.T.);
#5571=ORIENTED_EDGE('',*,*,#3844,.T.);
#5572=ORIENTED_EDGE('',*,*,#3754,.T.);
#5573=ORIENTED_EDGE('',*,*,#3764,.T.);
#5574=ORIENTED_EDGE('',*,*,#3834,.T.);
#5575=ORIENTED_EDGE('',*,*,#3836,.T.);
#5576=ORIENTED_EDGE('',*,*,#3249,.T.);
#5577=ORIENTED_EDGE('',*,*,#3849,.F.);
#5578=ORIENTED_EDGE('',*,*,#3850,.F.);
#5579=ORIENTED_EDGE('',*,*,#3851,.T.);
#5580=ORIENTED_EDGE('',*,*,#3248,.T.);
#5581=ORIENTED_EDGE('',*,*,#3494,.F.);
#5582=ORIENTED_EDGE('',*,*,#3852,.F.);
#5583=ORIENTED_EDGE('',*,*,#3849,.T.);
#5584=ORIENTED_EDGE('',*,*,#3252,.T.);
#5585=ORIENTED_EDGE('',*,*,#3853,.F.);
#5586=ORIENTED_EDGE('',*,*,#3854,.F.);
#5587=ORIENTED_EDGE('',*,*,#3479,.T.);
#5588=ORIENTED_EDGE('',*,*,#3251,.T.);
#5589=ORIENTED_EDGE('',*,*,#3855,.F.);
#5590=ORIENTED_EDGE('',*,*,#3856,.F.);
#5591=ORIENTED_EDGE('',*,*,#3853,.T.);
#5592=ORIENTED_EDGE('',*,*,#3250,.T.);
#5593=ORIENTED_EDGE('',*,*,#3851,.F.);
#5594=ORIENTED_EDGE('',*,*,#3857,.F.);
#5595=ORIENTED_EDGE('',*,*,#3855,.T.);
#5596=ORIENTED_EDGE('',*,*,#3841,.T.);
#5597=ORIENTED_EDGE('',*,*,#3858,.T.);
#5598=ORIENTED_EDGE('',*,*,#3845,.F.);
#5599=ORIENTED_EDGE('',*,*,#3811,.T.);
#5600=ORIENTED_EDGE('',*,*,#3125,.T.);
#5601=ORIENTED_EDGE('',*,*,#3859,.F.);
#5602=ORIENTED_EDGE('',*,*,#3591,.T.);
#5603=ORIENTED_EDGE('',*,*,#3114,.T.);
#5604=ORIENTED_EDGE('',*,*,#3840,.F.);
#5605=ORIENTED_EDGE('',*,*,#3838,.F.);
#5606=ORIENTED_EDGE('',*,*,#3151,.F.);
#5607=ORIENTED_EDGE('',*,*,#3793,.T.);
#5608=ORIENTED_EDGE('',*,*,#3791,.T.);
#5609=ORIENTED_EDGE('',*,*,#3562,.T.);
#5610=ORIENTED_EDGE('',*,*,#3565,.T.);
#5611=ORIENTED_EDGE('',*,*,#3567,.T.);
#5612=ORIENTED_EDGE('',*,*,#3145,.F.);
#5613=ORIENTED_EDGE('',*,*,#3689,.F.);
#5614=ORIENTED_EDGE('',*,*,#3692,.F.);
#5615=ORIENTED_EDGE('',*,*,#3694,.F.);
#5616=ORIENTED_EDGE('',*,*,#3696,.F.);
#5617=ORIENTED_EDGE('',*,*,#3698,.F.);
#5618=ORIENTED_EDGE('',*,*,#3699,.F.);
#5619=ORIENTED_EDGE('',*,*,#3710,.F.);
#5620=ORIENTED_EDGE('',*,*,#3755,.F.);
#5621=ORIENTED_EDGE('',*,*,#3843,.F.);
#5622=ORIENTED_EDGE('',*,*,#3848,.F.);
#5623=ORIENTED_EDGE('',*,*,#3846,.F.);
#5624=ORIENTED_EDGE('',*,*,#3858,.F.);
#5625=ORIENTED_EDGE('',*,*,#3297,.T.);
#5626=ORIENTED_EDGE('',*,*,#3295,.T.);
#5627=ORIENTED_EDGE('',*,*,#3293,.T.);
#5628=ORIENTED_EDGE('',*,*,#3291,.T.);
#5629=ORIENTED_EDGE('',*,*,#3289,.T.);
#5630=ORIENTED_EDGE('',*,*,#3303,.T.);
#5631=ORIENTED_EDGE('',*,*,#3301,.T.);
#5632=ORIENTED_EDGE('',*,*,#3299,.T.);
#5633=ORIENTED_EDGE('',*,*,#3520,.T.);
#5634=ORIENTED_EDGE('',*,*,#3522,.F.);
#5635=ORIENTED_EDGE('',*,*,#2975,.T.);
#5636=ORIENTED_EDGE('',*,*,#3860,.T.);
#5637=ORIENTED_EDGE('',*,*,#3861,.T.);
#5638=ORIENTED_EDGE('',*,*,#3860,.F.);
#5639=ORIENTED_EDGE('',*,*,#2974,.F.);
#5640=ORIENTED_EDGE('',*,*,#3505,.T.);
#5641=ORIENTED_EDGE('',*,*,#3862,.T.);
#5642=ORIENTED_EDGE('',*,*,#3713,.F.);
#5643=ORIENTED_EDGE('',*,*,#3528,.F.);
#5644=ORIENTED_EDGE('',*,*,#3515,.T.);
#5645=ORIENTED_EDGE('',*,*,#3863,.F.);
#5646=ORIENTED_EDGE('',*,*,#3629,.T.);
#5647=ORIENTED_EDGE('',*,*,#3378,.T.);
#5648=ORIENTED_EDGE('',*,*,#3864,.F.);
#5649=ORIENTED_EDGE('',*,*,#3436,.F.);
#5650=ORIENTED_EDGE('',*,*,#3504,.T.);
#5651=ORIENTED_EDGE('',*,*,#3437,.F.);
#5652=ORIENTED_EDGE('',*,*,#3864,.T.);
#5653=ORIENTED_EDGE('',*,*,#3377,.T.);
#5654=ORIENTED_EDGE('',*,*,#3602,.T.);
#5655=ORIENTED_EDGE('',*,*,#3712,.F.);
#5656=ORIENTED_EDGE('',*,*,#3862,.F.);
#5657=ORIENTED_EDGE('',*,*,#3514,.T.);
#5658=ORIENTED_EDGE('',*,*,#3173,.T.);
#5659=ORIENTED_EDGE('',*,*,#3714,.F.);
#5660=ORIENTED_EDGE('',*,*,#3863,.T.);
#5661=ORIENTED_EDGE('',*,*,#3502,.T.);
#5662=ORIENTED_EDGE('',*,*,#3521,.F.);
#5663=ORIENTED_EDGE('',*,*,#3861,.F.);
#5664=ORIENTED_EDGE('',*,*,#3865,.T.);
#5665=ORIENTED_EDGE('',*,*,#3503,.T.);
#5666=ORIENTED_EDGE('',*,*,#3865,.F.);
#5667=ORIENTED_EDGE('',*,*,#3530,.F.);
#5668=ORIENTED_EDGE('',*,*,#3432,.T.);
#5669=ORIENTED_EDGE('',*,*,#3337,.F.);
#5670=ORIENTED_EDGE('',*,*,#3560,.T.);
#5671=ORIENTED_EDGE('',*,*,#3590,.F.);
#5672=ORIENTED_EDGE('',*,*,#3859,.T.);
#5673=ORIENTED_EDGE('',*,*,#3124,.T.);
#5674=ORIENTED_EDGE('',*,*,#3484,.T.);
#5675=ORIENTED_EDGE('',*,*,#3489,.F.);
#5676=ORIENTED_EDGE('',*,*,#3558,.F.);
#5677=ORIENTED_EDGE('',*,*,#3796,.F.);
#5678=ORIENTED_EDGE('',*,*,#3649,.F.);
#5679=ORIENTED_EDGE('',*,*,#3747,.F.);
#5680=ORIENTED_EDGE('',*,*,#3645,.F.);
#5681=ORIENTED_EDGE('',*,*,#3799,.F.);
#5682=ORIENTED_EDGE('',*,*,#3806,.T.);
#5683=ORIENTED_EDGE('',*,*,#3788,.T.);
#5684=ORIENTED_EDGE('',*,*,#3535,.F.);
#5685=ORIENTED_EDGE('',*,*,#3539,.T.);
#5686=ORIENTED_EDGE('',*,*,#3787,.T.);
#5687=ORIENTED_EDGE('',*,*,#3477,.T.);
#5688=ORIENTED_EDGE('',*,*,#3480,.T.);
#5689=ORIENTED_EDGE('',*,*,#3854,.T.);
#5690=ORIENTED_EDGE('',*,*,#3856,.T.);
#5691=ORIENTED_EDGE('',*,*,#3857,.T.);
#5692=ORIENTED_EDGE('',*,*,#3850,.T.);
#5693=ORIENTED_EDGE('',*,*,#3852,.T.);
#5694=ORIENTED_EDGE('',*,*,#3493,.T.);
#5695=ORIENTED_EDGE('',*,*,#3491,.T.);
#5696=ORIENTED_EDGE('',*,*,#3496,.T.);
#5697=ORIENTED_EDGE('',*,*,#3497,.T.);
#5698=PLANE('',#6192);
#5699=PLANE('',#6193);
#5700=PLANE('',#6194);
#5701=PLANE('',#6227);
#5702=PLANE('',#6228);
#5703=PLANE('',#6232);
#5704=PLANE('',#6240);
#5705=PLANE('',#6242);
#5706=PLANE('',#6248);
#5707=PLANE('',#6267);
#5708=PLANE('',#6268);
#5709=PLANE('',#6269);
#5710=PLANE('',#6270);
#5711=PLANE('',#6276);
#5712=PLANE('',#6277);
#5713=PLANE('',#6278);
#5714=PLANE('',#6279);
#5715=PLANE('',#6280);
#5716=PLANE('',#6281);
#5717=PLANE('',#6282);
#5718=PLANE('',#6283);
#5719=PLANE('',#6284);
#5720=PLANE('',#6285);
#5721=PLANE('',#6286);
#5722=PLANE('',#6287);
#5723=PLANE('',#6288);
#5724=PLANE('',#6289);
#5725=PLANE('',#6292);
#5726=PLANE('',#6295);
#5727=PLANE('',#6298);
#5728=PLANE('',#6301);
#5729=PLANE('',#6302);
#5730=PLANE('',#6303);
#5731=PLANE('',#6304);
#5732=PLANE('',#6305);
#5733=PLANE('',#6306);
#5734=PLANE('',#6307);
#5735=PLANE('',#6308);
#5736=PLANE('',#6309);
#5737=PLANE('',#6310);
#5738=PLANE('',#6311);
#5739=PLANE('',#6312);
#5740=PLANE('',#6313);
#5741=PLANE('',#6314);
#5742=PLANE('',#6315);
#5743=PLANE('',#6316);
#5744=PLANE('',#6317);
#5745=PLANE('',#6318);
#5746=PLANE('',#6319);
#5747=PLANE('',#6320);
#5748=PLANE('',#6321);
#5749=PLANE('',#6322);
#5750=PLANE('',#6323);
#5751=PLANE('',#6324);
#5752=PLANE('',#6325);
#5753=PLANE('',#6331);
#5754=PLANE('',#6332);
#5755=PLANE('',#6333);
#5756=PLANE('',#6337);
#5757=PLANE('',#6338);
#5758=PLANE('',#6377);
#5759=PLANE('',#6381);
#5760=PLANE('',#6389);
#5761=PLANE('',#6393);
#5762=PLANE('',#6394);
#5763=PLANE('',#6395);
#5764=PLANE('',#6396);
#5765=PLANE('',#6400);
#5766=PLANE('',#6404);
#5767=PLANE('',#6408);
#5768=PLANE('',#6412);
#5769=PLANE('',#6415);
#5770=PLANE('',#6418);
#5771=PLANE('',#6421);
#5772=PLANE('',#6422);
#5773=PLANE('',#6423);
#5774=PLANE('',#6424);
#5775=PLANE('',#6425);
#5776=PLANE('',#6426);
#5777=PLANE('',#6429);
#5778=PLANE('',#6430);
#5779=PLANE('',#6433);
#5780=PLANE('',#6434);
#5781=PLANE('',#6437);
#5782=PLANE('',#6438);
#5783=PLANE('',#6439);
#5784=PLANE('',#6443);
#5785=PLANE('',#6444);
#5786=PLANE('',#6445);
#5787=PLANE('',#6452);
#5788=PLANE('',#6453);
#5789=PLANE('',#6454);
#5790=PLANE('',#6455);
#5791=PLANE('',#6459);
#5792=PLANE('',#6462);
#5793=PLANE('',#6463);
#5794=PLANE('',#6465);
#5795=PLANE('',#6467);
#5796=PLANE('',#6468);
#5797=PLANE('',#6470);
#5798=PLANE('',#6473);
#5799=PLANE('',#6474);
#5800=PLANE('',#6477);
#5801=PLANE('',#6479);
#5802=PLANE('',#6483);
#5803=PLANE('',#6486);
#5804=PLANE('',#6487);
#5805=PLANE('',#6489);
#5806=PLANE('',#6491);
#5807=PLANE('',#6493);
#5808=PLANE('',#6495);
#5809=PLANE('',#6497);
#5810=PLANE('',#6499);
#5811=PLANE('',#6500);
#5812=PLANE('',#6507);
#5813=PLANE('',#6511);
#5814=PLANE('',#6514);
#5815=PLANE('',#6518);
#5816=PLANE('',#6521);
#5817=PLANE('',#6524);
#5818=PLANE('',#6525);
#5819=PLANE('',#6527);
#5820=PLANE('',#6530);
#5821=PLANE('',#6533);
#5822=PLANE('',#6543);
#5823=PLANE('',#6551);
#5824=PLANE('',#6556);
#5825=PLANE('',#6560);
#5826=PLANE('',#6562);
#5827=PLANE('',#6616);
#5828=PLANE('',#6619);
#5829=PLANE('',#6622);
#5830=PLANE('',#6625);
#5831=PLANE('',#6629);
#5832=PLANE('',#6635);
#5833=PLANE('',#6637);
#5834=PLANE('',#6639);
#5835=PLANE('',#6641);
#5836=PLANE('',#6642);
#5837=PLANE('',#6643);
#5838=PLANE('',#6644);
#5839=PLANE('',#6645);
#5840=PLANE('',#6648);
#5841=PLANE('',#6650);
#5842=PLANE('',#6651);
#5843=PLANE('',#6653);
#5844=PLANE('',#6655);
#5845=PLANE('',#6657);
#5846=PLANE('',#6659);
#5847=PLANE('',#6665);
#5848=PLANE('',#6667);
#5849=PLANE('',#6674);
#5850=PLANE('',#6699);
#5851=PLANE('',#6704);
#5852=PLANE('',#6708);
#5853=PLANE('',#6709);
#5854=PLANE('',#6711);
#5855=PLANE('',#6716);
#5856=ADVANCED_FACE('',(#596),#5698,.F.);
#5857=ADVANCED_FACE('',(#597),#5699,.F.);
#5858=ADVANCED_FACE('',(#598,#195,#196,#197,#198,#199,#200,#201,#202,#203),
#5700,.T.);
#5859=ADVANCED_FACE('',(#599),#5701,.F.);
#5860=ADVANCED_FACE('',(#600),#5702,.F.);
#5861=ADVANCED_FACE('',(#601),#138,.T.);
#5862=ADVANCED_FACE('',(#602),#139,.T.);
#5863=ADVANCED_FACE('',(#603),#135,.F.);
#5864=ADVANCED_FACE('',(#604),#140,.F.);
#5865=ADVANCED_FACE('',(#605),#141,.F.);
#5866=ADVANCED_FACE('',(#606),#5703,.T.);
#5867=ADVANCED_FACE('',(#607),#40,.T.);
#5868=ADVANCED_FACE('',(#608),#5704,.T.);
#5869=ADVANCED_FACE('',(#609),#5705,.T.);
#5870=ADVANCED_FACE('',(#610),#136,.F.);
#5871=ADVANCED_FACE('',(#611,#204,#205,#206,#207),#5706,.T.);
#5872=ADVANCED_FACE('',(#612),#5707,.F.);
#5873=ADVANCED_FACE('',(#613),#5708,.F.);
#5874=ADVANCED_FACE('',(#614),#5709,.F.);
#5875=ADVANCED_FACE('',(#615,#208),#5710,.F.);
#5876=ADVANCED_FACE('',(#616),#5711,.F.);
#5877=ADVANCED_FACE('',(#617),#5712,.F.);
#5878=ADVANCED_FACE('',(#618),#5713,.F.);
#5879=ADVANCED_FACE('',(#619),#142,.F.);
#5880=ADVANCED_FACE('',(#620),#143,.F.);
#5881=ADVANCED_FACE('',(#621),#144,.F.);
#5882=ADVANCED_FACE('',(#622),#5714,.F.);
#5883=ADVANCED_FACE('',(#623),#145,.F.);
#5884=ADVANCED_FACE('',(#624),#146,.F.);
#5885=ADVANCED_FACE('',(#625),#147,.F.);
#5886=ADVANCED_FACE('',(#626),#5715,.F.);
#5887=ADVANCED_FACE('',(#627),#5716,.F.);
#5888=ADVANCED_FACE('',(#628),#5717,.F.);
#5889=ADVANCED_FACE('',(#629),#5718,.F.);
#5890=ADVANCED_FACE('',(#630),#5719,.F.);
#5891=ADVANCED_FACE('',(#631),#5720,.F.);
#5892=ADVANCED_FACE('',(#632),#5721,.F.);
#5893=ADVANCED_FACE('',(#633),#5722,.F.);
#5894=ADVANCED_FACE('',(#634),#5723,.F.);
#5895=ADVANCED_FACE('',(#635),#5724,.F.);
#5896=ADVANCED_FACE('',(#636),#41,.F.);
#5897=ADVANCED_FACE('',(#637),#5725,.F.);
#5898=ADVANCED_FACE('',(#638),#42,.F.);
#5899=ADVANCED_FACE('',(#639),#5726,.F.);
#5900=ADVANCED_FACE('',(#640),#43,.F.);
#5901=ADVANCED_FACE('',(#641),#5727,.F.);
#5902=ADVANCED_FACE('',(#642),#44,.F.);
#5903=ADVANCED_FACE('',(#643),#5728,.F.);
#5904=ADVANCED_FACE('',(#644),#5729,.F.);
#5905=ADVANCED_FACE('',(#645),#5730,.F.);
#5906=ADVANCED_FACE('',(#646),#5731,.F.);
#5907=ADVANCED_FACE('',(#647),#5732,.F.);
#5908=ADVANCED_FACE('',(#648),#148,.F.);
#5909=ADVANCED_FACE('',(#649),#5733,.F.);
#5910=ADVANCED_FACE('',(#650),#5734,.F.);
#5911=ADVANCED_FACE('',(#651),#149,.F.);
#5912=ADVANCED_FACE('',(#652),#5735,.F.);
#5913=ADVANCED_FACE('',(#653),#5736,.F.);
#5914=ADVANCED_FACE('',(#654),#150,.F.);
#5915=ADVANCED_FACE('',(#655),#5737,.F.);
#5916=ADVANCED_FACE('',(#656),#151,.F.);
#5917=ADVANCED_FACE('',(#657),#152,.F.);
#5918=ADVANCED_FACE('',(#658),#5738,.F.);
#5919=ADVANCED_FACE('',(#659),#5739,.F.);
#5920=ADVANCED_FACE('',(#660),#153,.F.);
#5921=ADVANCED_FACE('',(#661),#5740,.F.);
#5922=ADVANCED_FACE('',(#662),#5741,.F.);
#5923=ADVANCED_FACE('',(#663),#154,.F.);
#5924=ADVANCED_FACE('',(#664),#5742,.F.);
#5925=ADVANCED_FACE('',(#665),#155,.F.);
#5926=ADVANCED_FACE('',(#666),#5743,.F.);
#5927=ADVANCED_FACE('',(#667),#5744,.F.);
#5928=ADVANCED_FACE('',(#668),#156,.F.);
#5929=ADVANCED_FACE('',(#669),#5745,.F.);
#5930=ADVANCED_FACE('',(#670),#157,.F.);
#5931=ADVANCED_FACE('',(#671),#5746,.F.);
#5932=ADVANCED_FACE('',(#672),#5747,.F.);
#5933=ADVANCED_FACE('',(#673),#158,.F.);
#5934=ADVANCED_FACE('',(#674),#159,.F.);
#5935=ADVANCED_FACE('',(#675),#5748,.F.);
#5936=ADVANCED_FACE('',(#676),#160,.F.);
#5937=ADVANCED_FACE('',(#677),#5749,.F.);
#5938=ADVANCED_FACE('',(#678),#161,.F.);
#5939=ADVANCED_FACE('',(#679),#5750,.F.);
#5940=ADVANCED_FACE('',(#680),#162,.F.);
#5941=ADVANCED_FACE('',(#681),#5751,.F.);
#5942=ADVANCED_FACE('',(#682),#163,.F.);
#5943=ADVANCED_FACE('',(#683),#5752,.F.);
#5944=ADVANCED_FACE('',(#684),#164,.F.);
#5945=ADVANCED_FACE('',(#685),#45,.T.);
#5946=ADVANCED_FACE('',(#686),#5753,.F.);
#5947=ADVANCED_FACE('',(#687),#5754,.F.);
#5948=ADVANCED_FACE('',(#688),#5755,.T.);
#5949=ADVANCED_FACE('',(#689),#46,.F.);
#5950=ADVANCED_FACE('',(#690),#5756,.T.);
#5951=ADVANCED_FACE('',(#691,#209),#5757,.T.);
#5952=ADVANCED_FACE('',(#692),#28,.F.);
#5953=ADVANCED_FACE('',(#693),#5758,.T.);
#5954=ADVANCED_FACE('',(#694),#29,.F.);
#5955=ADVANCED_FACE('',(#695),#5759,.F.);
#5956=ADVANCED_FACE('',(#696),#30,.F.);
#5957=ADVANCED_FACE('',(#697),#5760,.T.);
#5958=ADVANCED_FACE('',(#698),#31,.F.);
#5959=ADVANCED_FACE('',(#699),#5761,.F.);
#5960=ADVANCED_FACE('',(#700),#5762,.T.);
#5961=ADVANCED_FACE('',(#701),#5763,.T.);
#5962=ADVANCED_FACE('',(#702),#5764,.T.);
#5963=ADVANCED_FACE('',(#703),#47,.F.);
#5964=ADVANCED_FACE('',(#704),#5765,.F.);
#5965=ADVANCED_FACE('',(#705),#48,.F.);
#5966=ADVANCED_FACE('',(#706),#5766,.F.);
#5967=ADVANCED_FACE('',(#707),#49,.F.);
#5968=ADVANCED_FACE('',(#708),#5767,.F.);
#5969=ADVANCED_FACE('',(#709),#50,.F.);
#5970=ADVANCED_FACE('',(#710),#5768,.F.);
#5971=ADVANCED_FACE('',(#711),#51,.T.);
#5972=ADVANCED_FACE('',(#712,#210),#5769,.F.);
#5973=ADVANCED_FACE('',(#713),#52,.T.);
#5974=ADVANCED_FACE('',(#714,#211),#5770,.F.);
#5975=ADVANCED_FACE('',(#715),#53,.T.);
#5976=ADVANCED_FACE('',(#716),#5771,.T.);
#5977=ADVANCED_FACE('',(#717),#5772,.T.);
#5978=ADVANCED_FACE('',(#718),#5773,.T.);
#5979=ADVANCED_FACE('',(#719),#5774,.F.);
#5980=ADVANCED_FACE('',(#720),#5775,.T.);
#5981=ADVANCED_FACE('',(#721),#5776,.F.);
#5982=ADVANCED_FACE('',(#722),#54,.T.);
#5983=ADVANCED_FACE('',(#723),#5777,.T.);
#5984=ADVANCED_FACE('',(#724),#5778,.F.);
#5985=ADVANCED_FACE('',(#725),#55,.F.);
#5986=ADVANCED_FACE('',(#726),#5779,.F.);
#5987=ADVANCED_FACE('',(#727),#5780,.F.);
#5988=ADVANCED_FACE('',(#728),#56,.F.);
#5989=ADVANCED_FACE('',(#729),#165,.F.);
#5990=ADVANCED_FACE('',(#730),#5781,.T.);
#5991=ADVANCED_FACE('',(#731),#5782,.F.);
#5992=ADVANCED_FACE('',(#732),#5783,.F.);
#5993=ADVANCED_FACE('',(#733),#57,.F.);
#5994=ADVANCED_FACE('',(#734),#58,.F.);
#5995=ADVANCED_FACE('',(#735),#5784,.T.);
#5996=ADVANCED_FACE('',(#736),#5785,.F.);
#5997=ADVANCED_FACE('',(#737),#5786,.F.);
#5998=ADVANCED_FACE('',(#738),#59,.T.);
#5999=ADVANCED_FACE('',(#739),#60,.F.);
#6000=ADVANCED_FACE('',(#740),#5787,.F.);
#6001=ADVANCED_FACE('',(#741,#212),#5788,.F.);
#6002=ADVANCED_FACE('',(#742),#5789,.T.);
#6003=ADVANCED_FACE('',(#743),#5790,.T.);
#6004=ADVANCED_FACE('',(#744),#61,.F.);
#6005=ADVANCED_FACE('',(#745),#5791,.F.);
#6006=ADVANCED_FACE('',(#746),#62,.T.);
#6007=ADVANCED_FACE('',(#747,#213),#5792,.T.);
#6008=ADVANCED_FACE('',(#748),#5793,.T.);
#6009=ADVANCED_FACE('',(#749),#63,.F.);
#6010=ADVANCED_FACE('',(#750),#5794,.F.);
#6011=ADVANCED_FACE('',(#751),#64,.F.);
#6012=ADVANCED_FACE('',(#752),#5795,.F.);
#6013=ADVANCED_FACE('',(#753),#5796,.F.);
#6014=ADVANCED_FACE('',(#754),#65,.F.);
#6015=ADVANCED_FACE('',(#755),#5797,.F.);
#6016=ADVANCED_FACE('',(#756),#66,.F.);
#6017=ADVANCED_FACE('',(#757),#5798,.F.);
#6018=ADVANCED_FACE('',(#758),#5799,.F.);
#6019=ADVANCED_FACE('',(#759),#67,.F.);
#6020=ADVANCED_FACE('',(#760),#5800,.F.);
#6021=ADVANCED_FACE('',(#761),#68,.F.);
#6022=ADVANCED_FACE('',(#762),#5801,.F.);
#6023=ADVANCED_FACE('',(#763),#69,.F.);
#6024=ADVANCED_FACE('',(#764,#214),#5802,.F.);
#6025=ADVANCED_FACE('',(#765),#70,.T.);
#6026=ADVANCED_FACE('',(#766,#215),#5803,.F.);
#6027=ADVANCED_FACE('',(#767),#5804,.F.);
#6028=ADVANCED_FACE('',(#768),#71,.F.);
#6029=ADVANCED_FACE('',(#769),#5805,.F.);
#6030=ADVANCED_FACE('',(#770),#72,.T.);
#6031=ADVANCED_FACE('',(#771),#5806,.F.);
#6032=ADVANCED_FACE('',(#772),#73,.F.);
#6033=ADVANCED_FACE('',(#773),#5807,.F.);
#6034=ADVANCED_FACE('',(#774),#74,.T.);
#6035=ADVANCED_FACE('',(#775),#5808,.F.);
#6036=ADVANCED_FACE('',(#776),#75,.F.);
#6037=ADVANCED_FACE('',(#777),#5809,.F.);
#6038=ADVANCED_FACE('',(#778),#76,.T.);
#6039=ADVANCED_FACE('',(#779),#5810,.F.);
#6040=ADVANCED_FACE('',(#780),#5811,.T.);
#6041=ADVANCED_FACE('',(#781),#77,.F.);
#6042=ADVANCED_FACE('',(#782),#78,.F.);
#6043=ADVANCED_FACE('',(#783),#5812,.F.);
#6044=ADVANCED_FACE('',(#784),#79,.F.);
#6045=ADVANCED_FACE('',(#785),#5813,.T.);
#6046=ADVANCED_FACE('',(#786),#80,.F.);
#6047=ADVANCED_FACE('',(#787),#5814,.T.);
#6048=ADVANCED_FACE('',(#788),#81,.T.);
#6049=ADVANCED_FACE('',(#789),#82,.F.);
#6050=ADVANCED_FACE('',(#790),#5815,.T.);
#6051=ADVANCED_FACE('',(#791),#83,.T.);
#6052=ADVANCED_FACE('',(#792),#5816,.T.);
#6053=ADVANCED_FACE('',(#793),#84,.T.);
#6054=ADVANCED_FACE('',(#794),#5817,.T.);
#6055=ADVANCED_FACE('',(#795),#5818,.T.);
#6056=ADVANCED_FACE('',(#796),#85,.T.);
#6057=ADVANCED_FACE('',(#797),#5819,.T.);
#6058=ADVANCED_FACE('',(#798),#86,.F.);
#6059=ADVANCED_FACE('',(#799),#5820,.T.);
#6060=ADVANCED_FACE('',(#800),#87,.T.);
#6061=ADVANCED_FACE('',(#801),#5821,.F.);
#6062=ADVANCED_FACE('',(#802),#88,.F.);
#6063=ADVANCED_FACE('',(#803),#89,.F.);
#6064=ADVANCED_FACE('',(#804),#90,.F.);
#6065=ADVANCED_FACE('',(#805),#5822,.F.);
#6066=ADVANCED_FACE('',(#806),#91,.F.);
#6067=ADVANCED_FACE('',(#807),#92,.F.);
#6068=ADVANCED_FACE('',(#808),#93,.T.);
#6069=ADVANCED_FACE('',(#809),#5823,.T.);
#6070=ADVANCED_FACE('',(#810),#94,.F.);
#6071=ADVANCED_FACE('',(#811),#95,.T.);
#6072=ADVANCED_FACE('',(#812),#5824,.T.);
#6073=ADVANCED_FACE('',(#813),#96,.T.);
#6074=ADVANCED_FACE('',(#814),#97,.T.);
#6075=ADVANCED_FACE('',(#815),#5825,.T.);
#6076=ADVANCED_FACE('',(#816),#98,.F.);
#6077=ADVANCED_FACE('',(#817),#5826,.T.);
#6078=ADVANCED_FACE('',(#818),#23,.T.);
#6079=ADVANCED_FACE('',(#819),#15,.T.);
#6080=ADVANCED_FACE('',(#820),#99,.T.);
#6081=ADVANCED_FACE('',(#821),#16,.T.);
#6082=ADVANCED_FACE('',(#822),#100,.T.);
#6083=ADVANCED_FACE('',(#823),#17,.T.);
#6084=ADVANCED_FACE('',(#824),#101,.T.);
#6085=ADVANCED_FACE('',(#825),#166,.F.);
#6086=ADVANCED_FACE('',(#826),#102,.T.);
#6087=ADVANCED_FACE('',(#827),#167,.F.);
#6088=ADVANCED_FACE('',(#828),#168,.F.);
#6089=ADVANCED_FACE('',(#829),#103,.T.);
#6090=ADVANCED_FACE('',(#830),#169,.F.);
#6091=ADVANCED_FACE('',(#831),#170,.F.);
#6092=ADVANCED_FACE('',(#832),#104,.T.);
#6093=ADVANCED_FACE('',(#833),#18,.T.);
#6094=ADVANCED_FACE('',(#834),#171,.F.);
#6095=ADVANCED_FACE('',(#835),#172,.F.);
#6096=ADVANCED_FACE('',(#836),#105,.T.);
#6097=ADVANCED_FACE('',(#837),#173,.F.);
#6098=ADVANCED_FACE('',(#838),#106,.T.);
#6099=ADVANCED_FACE('',(#839),#174,.F.);
#6100=ADVANCED_FACE('',(#840),#107,.T.);
#6101=ADVANCED_FACE('',(#841),#175,.F.);
#6102=ADVANCED_FACE('',(#842),#108,.T.);
#6103=ADVANCED_FACE('',(#843),#176,.F.);
#6104=ADVANCED_FACE('',(#844),#109,.T.);
#6105=ADVANCED_FACE('',(#845),#177,.F.);
#6106=ADVANCED_FACE('',(#846),#110,.T.);
#6107=ADVANCED_FACE('',(#847),#178,.F.);
#6108=ADVANCED_FACE('',(#848),#111,.T.);
#6109=ADVANCED_FACE('',(#849),#112,.F.);
#6110=ADVANCED_FACE('',(#850),#5827,.F.);
#6111=ADVANCED_FACE('',(#851),#179,.T.);
#6112=ADVANCED_FACE('',(#852),#32,.F.);
#6113=ADVANCED_FACE('',(#853),#5828,.T.);
#6114=ADVANCED_FACE('',(#854),#33,.F.);
#6115=ADVANCED_FACE('',(#855),#180,.T.);
#6116=ADVANCED_FACE('',(#856),#181,.T.);
#6117=ADVANCED_FACE('',(#857),#5829,.T.);
#6118=ADVANCED_FACE('',(#858),#182,.T.);
#6119=ADVANCED_FACE('',(#859),#34,.F.);
#6120=ADVANCED_FACE('',(#860),#5830,.T.);
#6121=ADVANCED_FACE('',(#861),#35,.F.);
#6122=ADVANCED_FACE('',(#862),#113,.T.);
#6123=ADVANCED_FACE('',(#863),#5831,.T.);
#6124=ADVANCED_FACE('',(#864),#183,.T.);
#6125=ADVANCED_FACE('',(#865),#36,.F.);
#6126=ADVANCED_FACE('',(#866),#5832,.T.);
#6127=ADVANCED_FACE('',(#867),#37,.F.);
#6128=ADVANCED_FACE('',(#868),#184,.T.);
#6129=ADVANCED_FACE('',(#869),#185,.T.);
#6130=ADVANCED_FACE('',(#870),#5833,.T.);
#6131=ADVANCED_FACE('',(#871),#186,.T.);
#6132=ADVANCED_FACE('',(#872),#38,.F.);
#6133=ADVANCED_FACE('',(#873),#5834,.T.);
#6134=ADVANCED_FACE('',(#874),#39,.F.);
#6135=ADVANCED_FACE('',(#875),#5835,.T.);
#6136=ADVANCED_FACE('',(#876),#5836,.F.);
#6137=ADVANCED_FACE('',(#877),#5837,.T.);
#6138=ADVANCED_FACE('',(#878),#5838,.T.);
#6139=ADVANCED_FACE('',(#879),#5839,.F.);
#6140=ADVANCED_FACE('',(#880),#114,.F.);
#6141=ADVANCED_FACE('',(#881),#5840,.F.);
#6142=ADVANCED_FACE('',(#882),#115,.F.);
#6143=ADVANCED_FACE('',(#883),#5841,.F.);
#6144=ADVANCED_FACE('',(#884,#216),#5842,.F.);
#6145=ADVANCED_FACE('',(#885),#116,.T.);
#6146=ADVANCED_FACE('',(#886),#5843,.F.);
#6147=ADVANCED_FACE('',(#887),#117,.F.);
#6148=ADVANCED_FACE('',(#888),#5844,.F.);
#6149=ADVANCED_FACE('',(#889),#118,.F.);
#6150=ADVANCED_FACE('',(#890),#5845,.F.);
#6151=ADVANCED_FACE('',(#891),#119,.T.);
#6152=ADVANCED_FACE('',(#892),#5846,.T.);
#6153=ADVANCED_FACE('',(#893),#120,.T.);
#6154=ADVANCED_FACE('',(#894),#137,.F.);
#6155=ADVANCED_FACE('',(#895),#5847,.T.);
#6156=ADVANCED_FACE('',(#896),#5848,.T.);
#6157=ADVANCED_FACE('',(#897),#121,.T.);
#6158=ADVANCED_FACE('',(#898),#122,.T.);
#6159=ADVANCED_FACE('',(#899,#217),#5849,.T.);
#6160=ADVANCED_FACE('',(#900),#123,.T.);
#6161=ADVANCED_FACE('',(#901),#19,.T.);
#6162=ADVANCED_FACE('',(#902),#124,.T.);
#6163=ADVANCED_FACE('',(#903),#20,.T.);
#6164=ADVANCED_FACE('',(#904),#125,.T.);
#6165=ADVANCED_FACE('',(#905),#21,.T.);
#6166=ADVANCED_FACE('',(#906),#126,.T.);
#6167=ADVANCED_FACE('',(#907),#187,.T.);
#6168=ADVANCED_FACE('',(#908),#188,.T.);
#6169=ADVANCED_FACE('',(#909),#189,.T.);
#6170=ADVANCED_FACE('',(#910),#22,.F.);
#6171=ADVANCED_FACE('',(#911),#127,.F.);
#6172=ADVANCED_FACE('',(#912),#190,.T.);
#6173=ADVANCED_FACE('',(#913),#5850,.F.);
#6174=ADVANCED_FACE('',(#914),#128,.F.);
#6175=ADVANCED_FACE('',(#915),#129,.F.);
#6176=ADVANCED_FACE('',(#916),#5851,.F.);
#6177=ADVANCED_FACE('',(#917),#130,.F.);
#6178=ADVANCED_FACE('',(#918),#131,.F.);
#6179=ADVANCED_FACE('',(#919),#5852,.T.);
#6180=ADVANCED_FACE('',(#920,#218),#5853,.F.);
#6181=ADVANCED_FACE('',(#921),#132,.F.);
#6182=ADVANCED_FACE('',(#922),#5854,.T.);
#6183=ADVANCED_FACE('',(#923),#191,.F.);
#6184=ADVANCED_FACE('',(#924),#133,.T.);
#6185=ADVANCED_FACE('',(#925),#134,.F.);
#6186=ADVANCED_FACE('',(#926),#192,.F.);
#6187=ADVANCED_FACE('',(#927),#193,.F.);
#6188=ADVANCED_FACE('',(#928),#194,.F.);
#6189=ADVANCED_FACE('',(#929,#219),#5855,.T.);
#6190=CLOSED_SHELL('',(#5856,#5857,#5858,#5859,#5860,#5861,#5862,#5863,
#5864,#5865,#5866,#5867,#5868,#5869,#5870,#5871,#5872,#5873,#5874,#5875,
#5876,#5877,#5878,#5879,#5880,#5881,#5882,#5883,#5884,#5885,#5886,#5887,
#5888,#5889,#5890,#5891,#5892,#5893,#5894,#5895,#5896,#5897,#5898,#5899,
#5900,#5901,#5902,#5903,#5904,#5905,#5906,#5907,#5908,#5909,#5910,#5911,
#5912,#5913,#5914,#5915,#5916,#5917,#5918,#5919,#5920,#5921,#5922,#5923,
#5924,#5925,#5926,#5927,#5928,#5929,#5930,#5931,#5932,#5933,#5934,#5935,
#5936,#5937,#5938,#5939,#5940,#5941,#5942,#5943,#5944,#5945,#5946,#5947,
#5948,#5949,#5950,#5951,#5952,#5953,#5954,#5955,#5956,#5957,#5958,#5959,
#5960,#5961,#5962,#5963,#5964,#5965,#5966,#5967,#5968,#5969,#5970,#5971,
#5972,#5973,#5974,#5975,#5976,#5977,#5978,#5979,#5980,#5981,#5982,#5983,
#5984,#5985,#5986,#5987,#5988,#5989,#5990,#5991,#5992,#5993,#5994,#5995,
#5996,#5997,#5998,#5999,#6000,#6001,#6002,#6003,#6004,#6005,#6006,#6007,
#6008,#6009,#6010,#6011,#6012,#6013,#6014,#6015,#6016,#6017,#6018,#6019,
#6020,#6021,#6022,#6023,#6024,#6025,#6026,#6027,#6028,#6029,#6030,#6031,
#6032,#6033,#6034,#6035,#6036,#6037,#6038,#6039,#6040,#6041,#6042,#6043,
#6044,#6045,#6046,#6047,#6048,#6049,#6050,#6051,#6052,#6053,#6054,#6055,
#6056,#6057,#6058,#6059,#6060,#6061,#6062,#6063,#6064,#6065,#6066,#6067,
#6068,#6069,#6070,#6071,#6072,#6073,#6074,#6075,#6076,#6077,#6078,#6079,
#6080,#6081,#6082,#6083,#6084,#6085,#6086,#6087,#6088,#6089,#6090,#6091,
#6092,#6093,#6094,#6095,#6096,#6097,#6098,#6099,#6100,#6101,#6102,#6103,
#6104,#6105,#6106,#6107,#6108,#6109,#6110,#6111,#6112,#6113,#6114,#6115,
#6116,#6117,#6118,#6119,#6120,#6121,#6122,#6123,#6124,#6125,#6126,#6127,
#6128,#6129,#6130,#6131,#6132,#6133,#6134,#6135,#6136,#6137,#6138,#6139,
#6140,#6141,#6142,#6143,#6144,#6145,#6146,#6147,#6148,#6149,#6150,#6151,
#6152,#6153,#6154,#6155,#6156,#6157,#6158,#6159,#6160,#6161,#6162,#6163,
#6164,#6165,#6166,#6167,#6168,#6169,#6170,#6171,#6172,#6173,#6174,#6175,
#6176,#6177,#6178,#6179,#6180,#6181,#6182,#6183,#6184,#6185,#6186,#6187,
#6188,#6189));
#6191=AXIS2_PLACEMENT_3D('',#8305,#6717,#6718);
#6192=AXIS2_PLACEMENT_3D('',#8306,#6719,#6720);
#6193=AXIS2_PLACEMENT_3D('',#8315,#6725,#6726);
#6194=AXIS2_PLACEMENT_3D('',#8321,#6730,#6731);
#6195=AXIS2_PLACEMENT_3D('',#8324,#6732,#6733);
#6196=AXIS2_PLACEMENT_3D('',#8342,#6742,#6743);
#6197=AXIS2_PLACEMENT_3D('',#8346,#6745,#6746);
#6198=AXIS2_PLACEMENT_3D('',#8350,#6748,#6749);
#6199=AXIS2_PLACEMENT_3D('',#8354,#6751,#6752);
#6200=AXIS2_PLACEMENT_3D('',#8356,#6753,#6754);
#6201=AXIS2_PLACEMENT_3D('',#8360,#6756,#6757);
#6202=AXIS2_PLACEMENT_3D('',#8373,#6764,#6765);
#6203=AXIS2_PLACEMENT_3D('',#8377,#6767,#6768);
#6204=AXIS2_PLACEMENT_3D('',#8381,#6770,#6771);
#6205=AXIS2_PLACEMENT_3D('',#8385,#6773,#6774);
#6206=AXIS2_PLACEMENT_3D('',#8389,#6776,#6777);
#6207=AXIS2_PLACEMENT_3D('',#8393,#6779,#6780);
#6208=AXIS2_PLACEMENT_3D('',#8397,#6782,#6783);
#6209=AXIS2_PLACEMENT_3D('',#8401,#6785,#6786);
#6210=AXIS2_PLACEMENT_3D('',#8405,#6788,#6789);
#6211=AXIS2_PLACEMENT_3D('',#8409,#6791,#6792);
#6212=AXIS2_PLACEMENT_3D('',#8415,#6795,#6796);
#6213=AXIS2_PLACEMENT_3D('',#8423,#6800,#6801);
#6214=AXIS2_PLACEMENT_3D('',#8430,#6802,#6803);
#6215=AXIS2_PLACEMENT_3D('',#9187,#6826,#6827);
#6216=AXIS2_PLACEMENT_3D('',#9191,#6829,#6830);
#6217=AXIS2_PLACEMENT_3D('',#9195,#6832,#6833);
#6218=AXIS2_PLACEMENT_3D('',#9198,#6835,#6836);
#6219=AXIS2_PLACEMENT_3D('',#9632,#6853,#6854);
#6220=AXIS2_PLACEMENT_3D('',#9634,#6855,#6856);
#6221=AXIS2_PLACEMENT_3D('',#9637,#6857,#6858);
#6222=AXIS2_PLACEMENT_3D('',#9641,#6860,#6861);
#6223=AXIS2_PLACEMENT_3D('',#9645,#6863,#6864);
#6224=AXIS2_PLACEMENT_3D('',#9649,#6866,#6867);
#6225=AXIS2_PLACEMENT_3D('',#9652,#6869,#6870);
#6226=AXIS2_PLACEMENT_3D('',#9654,#6871,#6872);
#6227=AXIS2_PLACEMENT_3D('',#9655,#6873,#6874);
#6228=AXIS2_PLACEMENT_3D('',#9661,#6878,#6879);
#6229=AXIS2_PLACEMENT_3D('',#9715,#6884,#6885);
#6230=AXIS2_PLACEMENT_3D('',#9723,#6886,#6887);
#6231=AXIS2_PLACEMENT_3D('',#9724,#6888,#6889);
#6232=AXIS2_PLACEMENT_3D('',#9780,#6891,#6892);
#6233=AXIS2_PLACEMENT_3D('',#9786,#6895,#6896);
#6234=AXIS2_PLACEMENT_3D('',#9791,#6899,#6900);
#6235=AXIS2_PLACEMENT_3D('',#9792,#6901,#6902);
#6236=AXIS2_PLACEMENT_3D('',#9796,#6904,#6905);
#6237=AXIS2_PLACEMENT_3D('',#9800,#6907,#6908);
#6238=AXIS2_PLACEMENT_3D('',#9804,#6910,#6911);
#6239=AXIS2_PLACEMENT_3D('',#9808,#6913,#6914);
#6240=AXIS2_PLACEMENT_3D('',#9810,#6916,#6917);
#6241=AXIS2_PLACEMENT_3D('',#9814,#6919,#6920);
#6242=AXIS2_PLACEMENT_3D('',#9818,#6923,#6924);
#6243=AXIS2_PLACEMENT_3D('',#9837,#6929,#6930);
#6244=AXIS2_PLACEMENT_3D('',#9839,#6931,#6932);
#6245=AXIS2_PLACEMENT_3D('',#9840,#6933,#6934);
#6246=AXIS2_PLACEMENT_3D('',#9842,#6935,#6936);
#6247=AXIS2_PLACEMENT_3D('',#9843,#6937,#6938);
#6248=AXIS2_PLACEMENT_3D('',#9844,#6939,#6940);
#6249=AXIS2_PLACEMENT_3D('',#9853,#6944,#6945);
#6250=AXIS2_PLACEMENT_3D('',#9855,#6946,#6947);
#6251=AXIS2_PLACEMENT_3D('',#9866,#6950,#6951);
#6252=AXIS2_PLACEMENT_3D('',#9870,#6953,#6954);
#6253=AXIS2_PLACEMENT_3D('',#9878,#6958,#6959);
#6254=AXIS2_PLACEMENT_3D('',#9880,#6960,#6961);
#6255=AXIS2_PLACEMENT_3D('',#9884,#6963,#6964);
#6256=AXIS2_PLACEMENT_3D('',#9886,#6965,#6966);
#6257=AXIS2_PLACEMENT_3D('',#9890,#6968,#6969);
#6258=AXIS2_PLACEMENT_3D('',#9894,#6971,#6972);
#6259=AXIS2_PLACEMENT_3D('',#9898,#6974,#6975);
#6260=AXIS2_PLACEMENT_3D('',#9902,#6977,#6978);
#6261=AXIS2_PLACEMENT_3D('',#9906,#6980,#6981);
#6262=AXIS2_PLACEMENT_3D('',#9910,#6983,#6984);
#6263=AXIS2_PLACEMENT_3D('',#9914,#6986,#6987);
#6264=AXIS2_PLACEMENT_3D('',#9918,#6989,#6990);
#6265=AXIS2_PLACEMENT_3D('',#9922,#6992,#6993);
#6266=AXIS2_PLACEMENT_3D('',#9925,#6995,#6996);
#6267=AXIS2_PLACEMENT_3D('',#10300,#7034,#7035);
#6268=AXIS2_PLACEMENT_3D('',#10302,#7037,#7038);
#6269=AXIS2_PLACEMENT_3D('',#10303,#7039,#7040);
#6270=AXIS2_PLACEMENT_3D('',#10312,#7045,#7046);
#6271=AXIS2_PLACEMENT_3D('',#10315,#7047,#7048);
#6272=AXIS2_PLACEMENT_3D('',#10319,#7050,#7051);
#6273=AXIS2_PLACEMENT_3D('',#10325,#7054,#7055);
#6274=AXIS2_PLACEMENT_3D('',#10329,#7057,#7058);
#6275=AXIS2_PLACEMENT_3D('',#10333,#7060,#7061);
#6276=AXIS2_PLACEMENT_3D('',#10340,#7066,#7067);
#6277=AXIS2_PLACEMENT_3D('',#10346,#7071,#7072);
#6278=AXIS2_PLACEMENT_3D('',#10348,#7074,#7075);
#6279=AXIS2_PLACEMENT_3D('',#10427,#7078,#7079);
#6280=AXIS2_PLACEMENT_3D('',#10505,#7081,#7082);
#6281=AXIS2_PLACEMENT_3D('',#10506,#7083,#7084);
#6282=AXIS2_PLACEMENT_3D('',#10512,#7086,#7087);
#6283=AXIS2_PLACEMENT_3D('',#10518,#7089,#7090);
#6284=AXIS2_PLACEMENT_3D('',#10524,#7092,#7093);
#6285=AXIS2_PLACEMENT_3D('',#10530,#7095,#7096);
#6286=AXIS2_PLACEMENT_3D('',#10536,#7098,#7099);
#6287=AXIS2_PLACEMENT_3D('',#10542,#7101,#7102);
#6288=AXIS2_PLACEMENT_3D('',#10548,#7104,#7105);
#6289=AXIS2_PLACEMENT_3D('',#10554,#7107,#7108);
#6290=AXIS2_PLACEMENT_3D('',#10560,#7112,#7113);
#6291=AXIS2_PLACEMENT_3D('',#10562,#7114,#7115);
#6292=AXIS2_PLACEMENT_3D('',#10564,#7117,#7118);
#6293=AXIS2_PLACEMENT_3D('',#10568,#7121,#7122);
#6294=AXIS2_PLACEMENT_3D('',#10570,#7123,#7124);
#6295=AXIS2_PLACEMENT_3D('',#10572,#7126,#7127);
#6296=AXIS2_PLACEMENT_3D('',#10576,#7130,#7131);
#6297=AXIS2_PLACEMENT_3D('',#10578,#7132,#7133);
#6298=AXIS2_PLACEMENT_3D('',#10580,#7135,#7136);
#6299=AXIS2_PLACEMENT_3D('',#10584,#7139,#7140);
#6300=AXIS2_PLACEMENT_3D('',#10585,#7141,#7142);
#6301=AXIS2_PLACEMENT_3D('',#10586,#7143,#7144);
#6302=AXIS2_PLACEMENT_3D('',#10587,#7145,#7146);
#6303=AXIS2_PLACEMENT_3D('',#10588,#7147,#7148);
#6304=AXIS2_PLACEMENT_3D('',#10589,#7149,#7150);
#6305=AXIS2_PLACEMENT_3D('',#10590,#7151,#7152);
#6306=AXIS2_PLACEMENT_3D('',#10617,#7155,#7156);
#6307=AXIS2_PLACEMENT_3D('',#10618,#7157,#7158);
#6308=AXIS2_PLACEMENT_3D('',#10643,#7159,#7160);
#6309=AXIS2_PLACEMENT_3D('',#10645,#7162,#7163);
#6310=AXIS2_PLACEMENT_3D('',#10671,#7165,#7166);
#6311=AXIS2_PLACEMENT_3D('',#10717,#7168,#7169);
#6312=AXIS2_PLACEMENT_3D('',#10718,#7170,#7171);
#6313=AXIS2_PLACEMENT_3D('',#10745,#7174,#7175);
#6314=AXIS2_PLACEMENT_3D('',#10746,#7176,#7177);
#6315=AXIS2_PLACEMENT_3D('',#10772,#7179,#7180);
#6316=AXIS2_PLACEMENT_3D('',#10798,#7182,#7183);
#6317=AXIS2_PLACEMENT_3D('',#10799,#7184,#7185);
#6318=AXIS2_PLACEMENT_3D('',#10825,#7187,#7188);
#6319=AXIS2_PLACEMENT_3D('',#10851,#7190,#7191);
#6320=AXIS2_PLACEMENT_3D('',#10852,#7192,#7193);
#6321=AXIS2_PLACEMENT_3D('',#10901,#7194,#7195);
#6322=AXIS2_PLACEMENT_3D('',#10923,#7197,#7198);
#6323=AXIS2_PLACEMENT_3D('',#10950,#7201,#7202);
#6324=AXIS2_PLACEMENT_3D('',#10976,#7204,#7205);
#6325=AXIS2_PLACEMENT_3D('',#11002,#7207,#7208);
#6326=AXIS2_PLACEMENT_3D('',#11027,#7209,#7210);
#6327=AXIS2_PLACEMENT_3D('',#11031,#7212,#7213);
#6328=AXIS2_PLACEMENT_3D('',#11033,#7214,#7215);
#6329=AXIS2_PLACEMENT_3D('',#11035,#7216,#7217);
#6330=AXIS2_PLACEMENT_3D('',#11039,#7220,#7221);
#6331=AXIS2_PLACEMENT_3D('',#11040,#7222,#7223);
#6332=AXIS2_PLACEMENT_3D('',#11049,#7228,#7229);
#6333=AXIS2_PLACEMENT_3D('',#11058,#7234,#7235);
#6334=AXIS2_PLACEMENT_3D('',#11062,#7237,#7238);
#6335=AXIS2_PLACEMENT_3D('',#11063,#7239,#7240);
#6336=AXIS2_PLACEMENT_3D('',#11068,#7243,#7244);
#6337=AXIS2_PLACEMENT_3D('',#11069,#7245,#7246);
#6338=AXIS2_PLACEMENT_3D('',#11078,#7251,#7252);
#6339=AXIS2_PLACEMENT_3D('',#11081,#7253,#7254);
#6340=AXIS2_PLACEMENT_3D('',#11083,#7255,#7256);
#6341=AXIS2_PLACEMENT_3D('',#11087,#7258,#7259);
#6342=AXIS2_PLACEMENT_3D('',#11089,#7260,#7261);
#6343=AXIS2_PLACEMENT_3D('',#11093,#7263,#7264);
#6344=AXIS2_PLACEMENT_3D('',#11095,#7265,#7266);
#6345=AXIS2_PLACEMENT_3D('',#11099,#7268,#7269);
#6346=AXIS2_PLACEMENT_3D('',#11103,#7271,#7272);
#6347=AXIS2_PLACEMENT_3D('',#11107,#7274,#7275);
#6348=AXIS2_PLACEMENT_3D('',#11111,#7277,#7278);
#6349=AXIS2_PLACEMENT_3D('',#11115,#7280,#7281);
#6350=AXIS2_PLACEMENT_3D('',#11117,#7282,#7283);
#6351=AXIS2_PLACEMENT_3D('',#11119,#7284,#7285);
#6352=AXIS2_PLACEMENT_3D('',#11123,#7287,#7288);
#6353=AXIS2_PLACEMENT_3D('',#11127,#7290,#7291);
#6354=AXIS2_PLACEMENT_3D('',#11131,#7293,#7294);
#6355=AXIS2_PLACEMENT_3D('',#11135,#7296,#7297);
#6356=AXIS2_PLACEMENT_3D('',#11139,#7299,#7300);
#6357=AXIS2_PLACEMENT_3D('',#11143,#7302,#7303);
#6358=AXIS2_PLACEMENT_3D('',#11152,#7308,#7309);
#6359=AXIS2_PLACEMENT_3D('',#11158,#7312,#7313);
#6360=AXIS2_PLACEMENT_3D('',#11162,#7315,#7316);
#6361=AXIS2_PLACEMENT_3D('',#11166,#7318,#7319);
#6362=AXIS2_PLACEMENT_3D('',#11169,#7321,#7322);
#6363=AXIS2_PLACEMENT_3D('',#11171,#7323,#7324);
#6364=AXIS2_PLACEMENT_3D('',#11175,#7326,#7327);
#6365=AXIS2_PLACEMENT_3D('',#11178,#7329,#7330);
#6366=AXIS2_PLACEMENT_3D('',#11180,#7331,#7332);
#6367=AXIS2_PLACEMENT_3D('',#11184,#7334,#7335);
#6368=AXIS2_PLACEMENT_3D('',#11186,#7336,#7337);
#6369=AXIS2_PLACEMENT_3D('',#11188,#7338,#7339);
#6370=AXIS2_PLACEMENT_3D('',#11192,#7341,#7342);
#6371=AXIS2_PLACEMENT_3D('',#11196,#7344,#7345);
#6372=AXIS2_PLACEMENT_3D('',#11200,#7347,#7348);
#6373=AXIS2_PLACEMENT_3D('',#11203,#7350,#7351);
#6374=AXIS2_PLACEMENT_3D('',#11204,#7352,#7353);
#6375=AXIS2_PLACEMENT_3D('',#11210,#7354,#7355);
#6376=AXIS2_PLACEMENT_3D('',#11213,#7357,#7358);
#6377=AXIS2_PLACEMENT_3D('',#11214,#7359,#7360);
#6378=AXIS2_PLACEMENT_3D('',#11218,#7363,#7364);
#6379=AXIS2_PLACEMENT_3D('',#11224,#7365,#7366);
#6380=AXIS2_PLACEMENT_3D('',#11225,#7367,#7368);
#6381=AXIS2_PLACEMENT_3D('',#11226,#7369,#7370);
#6382=AXIS2_PLACEMENT_3D('',#11231,#7372,#7373);
#6383=AXIS2_PLACEMENT_3D('',#11233,#7374,#7375);
#6384=AXIS2_PLACEMENT_3D('',#11237,#7377,#7378);
#6385=AXIS2_PLACEMENT_3D('',#11239,#7379,#7380);
#6386=AXIS2_PLACEMENT_3D('',#11241,#7382,#7383);
#6387=AXIS2_PLACEMENT_3D('',#11248,#7384,#7385);
#6388=AXIS2_PLACEMENT_3D('',#11251,#7387,#7388);
#6389=AXIS2_PLACEMENT_3D('',#11252,#7389,#7390);
#6390=AXIS2_PLACEMENT_3D('',#11258,#7394,#7395);
#6391=AXIS2_PLACEMENT_3D('',#11265,#7396,#7397);
#6392=AXIS2_PLACEMENT_3D('',#11266,#7398,#7399);
#6393=AXIS2_PLACEMENT_3D('',#11267,#7400,#7401);
#6394=AXIS2_PLACEMENT_3D('',#11273,#7405,#7406);
#6395=AXIS2_PLACEMENT_3D('',#11279,#7410,#7411);
#6396=AXIS2_PLACEMENT_3D('',#11285,#7415,#7416);
#6397=AXIS2_PLACEMENT_3D('',#11289,#7419,#7420);
#6398=AXIS2_PLACEMENT_3D('',#11291,#7421,#7422);
#6399=AXIS2_PLACEMENT_3D('',#11294,#7424,#7425);
#6400=AXIS2_PLACEMENT_3D('',#11295,#7426,#7427);
#6401=AXIS2_PLACEMENT_3D('',#11296,#7428,#7429);
#6402=AXIS2_PLACEMENT_3D('',#11298,#7430,#7431);
#6403=AXIS2_PLACEMENT_3D('',#11301,#7433,#7434);
#6404=AXIS2_PLACEMENT_3D('',#11302,#7435,#7436);
#6405=AXIS2_PLACEMENT_3D('',#11303,#7437,#7438);
#6406=AXIS2_PLACEMENT_3D('',#11305,#7439,#7440);
#6407=AXIS2_PLACEMENT_3D('',#11308,#7442,#7443);
#6408=AXIS2_PLACEMENT_3D('',#11309,#7444,#7445);
#6409=AXIS2_PLACEMENT_3D('',#11310,#7446,#7447);
#6410=AXIS2_PLACEMENT_3D('',#11312,#7448,#7449);
#6411=AXIS2_PLACEMENT_3D('',#11315,#7451,#7452);
#6412=AXIS2_PLACEMENT_3D('',#11316,#7453,#7454);
#6413=AXIS2_PLACEMENT_3D('',#11317,#7455,#7456);
#6414=AXIS2_PLACEMENT_3D('',#11320,#7458,#7459);
#6415=AXIS2_PLACEMENT_3D('',#11321,#7460,#7461);
#6416=AXIS2_PLACEMENT_3D('',#11322,#7462,#7463);
#6417=AXIS2_PLACEMENT_3D('',#11325,#7465,#7466);
#6418=AXIS2_PLACEMENT_3D('',#11326,#7467,#7468);
#6419=AXIS2_PLACEMENT_3D('',#11327,#7469,#7470);
#6420=AXIS2_PLACEMENT_3D('',#11331,#7472,#7473);
#6421=AXIS2_PLACEMENT_3D('',#11333,#7475,#7476);
#6422=AXIS2_PLACEMENT_3D('',#11337,#7479,#7480);
#6423=AXIS2_PLACEMENT_3D('',#11339,#7482,#7483);
#6424=AXIS2_PLACEMENT_3D('',#11345,#7487,#7488);
#6425=AXIS2_PLACEMENT_3D('',#11352,#7494,#7495);
#6426=AXIS2_PLACEMENT_3D('',#11358,#7499,#7500);
#6427=AXIS2_PLACEMENT_3D('',#11362,#7503,#7504);
#6428=AXIS2_PLACEMENT_3D('',#11365,#7506,#7507);
#6429=AXIS2_PLACEMENT_3D('',#11366,#7508,#7509);
#6430=AXIS2_PLACEMENT_3D('',#11368,#7511,#7512);
#6431=AXIS2_PLACEMENT_3D('',#11397,#7522,#7523);
#6432=AXIS2_PLACEMENT_3D('',#11400,#7524,#7525);
#6433=AXIS2_PLACEMENT_3D('',#11403,#7528,#7529);
#6434=AXIS2_PLACEMENT_3D('',#11407,#7532,#7533);
#6435=AXIS2_PLACEMENT_3D('',#11426,#7538,#7539);
#6436=AXIS2_PLACEMENT_3D('',#11427,#7540,#7541);
#6437=AXIS2_PLACEMENT_3D('',#11449,#7545,#7546);
#6438=AXIS2_PLACEMENT_3D('',#11451,#7548,#7549);
#6439=AXIS2_PLACEMENT_3D('',#11453,#7551,#7552);
#6440=AXIS2_PLACEMENT_3D('',#11454,#7553,#7554);
#6441=AXIS2_PLACEMENT_3D('',#11456,#7556,#7557);
#6442=AXIS2_PLACEMENT_3D('',#11457,#7558,#7559);
#6443=AXIS2_PLACEMENT_3D('',#11460,#7562,#7563);
#6444=AXIS2_PLACEMENT_3D('',#11461,#7564,#7565);
#6445=AXIS2_PLACEMENT_3D('',#11462,#7566,#7567);
#6446=AXIS2_PLACEMENT_3D('',#11463,#7568,#7569);
#6447=AXIS2_PLACEMENT_3D('',#11464,#7570,#7571);
#6448=AXIS2_PLACEMENT_3D('',#11466,#7573,#7574);
#6449=AXIS2_PLACEMENT_3D('',#11467,#7575,#7576);
#6450=AXIS2_PLACEMENT_3D('',#11469,#7577,#7578);
#6451=AXIS2_PLACEMENT_3D('',#11472,#7580,#7581);
#6452=AXIS2_PLACEMENT_3D('',#11473,#7582,#7583);
#6453=AXIS2_PLACEMENT_3D('',#11474,#7584,#7585);
#6454=AXIS2_PLACEMENT_3D('',#11475,#7586,#7587);
#6455=AXIS2_PLACEMENT_3D('',#11481,#7591,#7592);
#6456=AXIS2_PLACEMENT_3D('',#11487,#7596,#7597);
#6457=AXIS2_PLACEMENT_3D('',#11489,#7598,#7599);
#6458=AXIS2_PLACEMENT_3D('',#11492,#7601,#7602);
#6459=AXIS2_PLACEMENT_3D('',#11493,#7603,#7604);
#6460=AXIS2_PLACEMENT_3D('',#11494,#7605,#7606);
#6461=AXIS2_PLACEMENT_3D('',#11497,#7608,#7609);
#6462=AXIS2_PLACEMENT_3D('',#11498,#7610,#7611);
#6463=AXIS2_PLACEMENT_3D('',#11499,#7612,#7613);
#6464=AXIS2_PLACEMENT_3D('',#11509,#7619,#7620);
#6465=AXIS2_PLACEMENT_3D('',#11512,#7623,#7624);
#6466=AXIS2_PLACEMENT_3D('',#11514,#7626,#7627);
#6467=AXIS2_PLACEMENT_3D('',#11516,#7629,#7630);
#6468=AXIS2_PLACEMENT_3D('',#11518,#7632,#7633);
#6469=AXIS2_PLACEMENT_3D('',#11520,#7635,#7636);
#6470=AXIS2_PLACEMENT_3D('',#11522,#7638,#7639);
#6471=AXIS2_PLACEMENT_3D('',#11523,#7640,#7641);
#6472=AXIS2_PLACEMENT_3D('',#11526,#7643,#7644);
#6473=AXIS2_PLACEMENT_3D('',#11527,#7645,#7646);
#6474=AXIS2_PLACEMENT_3D('',#11531,#7649,#7650);
#6475=AXIS2_PLACEMENT_3D('',#11537,#7654,#7655);
#6476=AXIS2_PLACEMENT_3D('',#11540,#7657,#7658);
#6477=AXIS2_PLACEMENT_3D('',#11541,#7659,#7660);
#6478=AXIS2_PLACEMENT_3D('',#11544,#7663,#7664);
#6479=AXIS2_PLACEMENT_3D('',#11546,#7666,#7667);
#6480=AXIS2_PLACEMENT_3D('',#11555,#7672,#7673);
#6481=AXIS2_PLACEMENT_3D('',#11556,#7674,#7675);
#6482=AXIS2_PLACEMENT_3D('',#11557,#7676,#7677);
#6483=AXIS2_PLACEMENT_3D('',#11558,#7678,#7679);
#6484=AXIS2_PLACEMENT_3D('',#11560,#7680,#7681);
#6485=AXIS2_PLACEMENT_3D('',#11561,#7682,#7683);
#6486=AXIS2_PLACEMENT_3D('',#11563,#7685,#7686);
#6487=AXIS2_PLACEMENT_3D('',#11564,#7687,#7688);
#6488=AXIS2_PLACEMENT_3D('',#11566,#7690,#7691);
#6489=AXIS2_PLACEMENT_3D('',#11568,#7693,#7694);
#6490=AXIS2_PLACEMENT_3D('',#11570,#7696,#7697);
#6491=AXIS2_PLACEMENT_3D('',#11572,#7699,#7700);
#6492=AXIS2_PLACEMENT_3D('',#11574,#7702,#7703);
#6493=AXIS2_PLACEMENT_3D('',#11576,#7705,#7706);
#6494=AXIS2_PLACEMENT_3D('',#11578,#7708,#7709);
#6495=AXIS2_PLACEMENT_3D('',#11580,#7711,#7712);
#6496=AXIS2_PLACEMENT_3D('',#11584,#7715,#7716);
#6497=AXIS2_PLACEMENT_3D('',#11586,#7718,#7719);
#6498=AXIS2_PLACEMENT_3D('',#11588,#7721,#7722);
#6499=AXIS2_PLACEMENT_3D('',#11590,#7724,#7725);
#6500=AXIS2_PLACEMENT_3D('',#11591,#7726,#7727);
#6501=AXIS2_PLACEMENT_3D('',#11595,#7730,#7731);
#6502=AXIS2_PLACEMENT_3D('',#11597,#7732,#7733);
#6503=AXIS2_PLACEMENT_3D('',#11600,#7735,#7736);
#6504=AXIS2_PLACEMENT_3D('',#11601,#7737,#7738);
#6505=AXIS2_PLACEMENT_3D('',#11603,#7739,#7740);
#6506=AXIS2_PLACEMENT_3D('',#11605,#7741,#7742);
#6507=AXIS2_PLACEMENT_3D('',#11607,#7744,#7745);
#6508=AXIS2_PLACEMENT_3D('',#11613,#7749,#7750);
#6509=AXIS2_PLACEMENT_3D('',#11616,#7751,#7752);
#6510=AXIS2_PLACEMENT_3D('',#11620,#7755,#7756);
#6511=AXIS2_PLACEMENT_3D('',#11621,#7757,#7758);
#6512=AXIS2_PLACEMENT_3D('',#11627,#7762,#7763);
#6513=AXIS2_PLACEMENT_3D('',#11629,#7764,#7765);
#6514=AXIS2_PLACEMENT_3D('',#11631,#7767,#7768);
#6515=AXIS2_PLACEMENT_3D('',#11635,#7771,#7772);
#6516=AXIS2_PLACEMENT_3D('',#11693,#7774,#7775);
#6517=AXIS2_PLACEMENT_3D('',#11696,#7776,#7777);
#6518=AXIS2_PLACEMENT_3D('',#11699,#7780,#7781);
#6519=AXIS2_PLACEMENT_3D('',#11703,#7784,#7785);
#6520=AXIS2_PLACEMENT_3D('',#11705,#7786,#7787);
#6521=AXIS2_PLACEMENT_3D('',#11707,#7789,#7790);
#6522=AXIS2_PLACEMENT_3D('',#11711,#7793,#7794);
#6523=AXIS2_PLACEMENT_3D('',#11713,#7795,#7796);
#6524=AXIS2_PLACEMENT_3D('',#11715,#7798,#7799);
#6525=AXIS2_PLACEMENT_3D('',#11717,#7801,#7802);
#6526=AXIS2_PLACEMENT_3D('',#11725,#7807,#7808);
#6527=AXIS2_PLACEMENT_3D('',#11783,#7810,#7811);
#6528=AXIS2_PLACEMENT_3D('',#11787,#7814,#7815);
#6529=AXIS2_PLACEMENT_3D('',#11789,#7816,#7817);
#6530=AXIS2_PLACEMENT_3D('',#11791,#7819,#7820);
#6531=AXIS2_PLACEMENT_3D('',#11795,#7823,#7824);
#6532=AXIS2_PLACEMENT_3D('',#11796,#7825,#7826);
#6533=AXIS2_PLACEMENT_3D('',#11797,#7827,#7828);
#6534=AXIS2_PLACEMENT_3D('',#11803,#7832,#7833);
#6535=AXIS2_PLACEMENT_3D('',#11806,#7834,#7835);
#6536=AXIS2_PLACEMENT_3D('',#11810,#7837,#7838);
#6537=AXIS2_PLACEMENT_3D('',#11848,#7840,#7841);
#6538=AXIS2_PLACEMENT_3D('',#11881,#7843,#7844);
#6539=AXIS2_PLACEMENT_3D('',#11883,#7845,#7846);
#6540=AXIS2_PLACEMENT_3D('',#11890,#7847,#7848);
#6541=AXIS2_PLACEMENT_3D('',#11892,#7849,#7850);
#6542=AXIS2_PLACEMENT_3D('',#11894,#7851,#7852);
#6543=AXIS2_PLACEMENT_3D('',#11910,#7854,#7855);
#6544=AXIS2_PLACEMENT_3D('',#11916,#7859,#7860);
#6545=AXIS2_PLACEMENT_3D('',#11924,#7861,#7862);
#6546=AXIS2_PLACEMENT_3D('',#11926,#7863,#7864);
#6547=AXIS2_PLACEMENT_3D('',#11933,#7865,#7866);
#6548=AXIS2_PLACEMENT_3D('',#11935,#7867,#7868);
#6549=AXIS2_PLACEMENT_3D('',#11937,#7870,#7871);
#6550=AXIS2_PLACEMENT_3D('',#11939,#7872,#7873);
#6551=AXIS2_PLACEMENT_3D('',#11941,#7875,#7876);
#6552=AXIS2_PLACEMENT_3D('',#11945,#7879,#7880);
#6553=AXIS2_PLACEMENT_3D('',#11947,#7881,#7882);
#6554=AXIS2_PLACEMENT_3D('',#11949,#7884,#7885);
#6555=AXIS2_PLACEMENT_3D('',#11951,#7886,#7887);
#6556=AXIS2_PLACEMENT_3D('',#11953,#7889,#7890);
#6557=AXIS2_PLACEMENT_3D('',#11957,#7893,#7894);
#6558=AXIS2_PLACEMENT_3D('',#12003,#7896,#7897);
#6559=AXIS2_PLACEMENT_3D('',#12005,#7898,#7899);
#6560=AXIS2_PLACEMENT_3D('',#12007,#7901,#7902);
#6561=AXIS2_PLACEMENT_3D('',#12011,#7905,#7906);
#6562=AXIS2_PLACEMENT_3D('',#12042,#7908,#7909);
#6563=AXIS2_PLACEMENT_3D('',#12044,#7911,#7912);
#6564=AXIS2_PLACEMENT_3D('',#12045,#7913,#7914);
#6565=AXIS2_PLACEMENT_3D('',#12046,#7915,#7916);
#6566=AXIS2_PLACEMENT_3D('',#12047,#7917,#7918);
#6567=AXIS2_PLACEMENT_3D('',#12049,#7919,#7920);
#6568=AXIS2_PLACEMENT_3D('',#12050,#7921,#7922);
#6569=AXIS2_PLACEMENT_3D('',#12081,#7923,#7924);
#6570=AXIS2_PLACEMENT_3D('',#12083,#7925,#7926);
#6571=AXIS2_PLACEMENT_3D('',#12085,#7928,#7929);
#6572=AXIS2_PLACEMENT_3D('',#12087,#7930,#7931);
#6573=AXIS2_PLACEMENT_3D('',#12088,#7932,#7933);
#6574=AXIS2_PLACEMENT_3D('',#12089,#7934,#7935);
#6575=AXIS2_PLACEMENT_3D('',#12091,#7936,#7937);
#6576=AXIS2_PLACEMENT_3D('',#12093,#7939,#7940);
#6577=AXIS2_PLACEMENT_3D('',#12095,#7941,#7942);
#6578=AXIS2_PLACEMENT_3D('',#12096,#7943,#7944);
#6579=AXIS2_PLACEMENT_3D('',#12097,#7945,#7946);
#6580=AXIS2_PLACEMENT_3D('',#12139,#7948,#7949);
#6581=AXIS2_PLACEMENT_3D('',#12140,#7950,#7951);
#6582=AXIS2_PLACEMENT_3D('',#12141,#7952,#7953);
#6583=AXIS2_PLACEMENT_3D('',#12167,#7954,#7955);
#6584=AXIS2_PLACEMENT_3D('',#12193,#7956,#7957);
#6585=AXIS2_PLACEMENT_3D('',#12194,#7958,#7959);
#6586=AXIS2_PLACEMENT_3D('',#12195,#7960,#7961);
#6587=AXIS2_PLACEMENT_3D('',#12221,#7962,#7963);
#6588=AXIS2_PLACEMENT_3D('',#12247,#7964,#7965);
#6589=AXIS2_PLACEMENT_3D('',#12248,#7966,#7967);
#6590=AXIS2_PLACEMENT_3D('',#12249,#7968,#7969);
#6591=AXIS2_PLACEMENT_3D('',#12250,#7970,#7971);
#6592=AXIS2_PLACEMENT_3D('',#12266,#7972,#7973);
#6593=AXIS2_PLACEMENT_3D('',#12287,#7974,#7975);
#6594=AXIS2_PLACEMENT_3D('',#12309,#7976,#7977);
#6595=AXIS2_PLACEMENT_3D('',#12338,#7978,#7979);
#6596=AXIS2_PLACEMENT_3D('',#12339,#7980,#7981);
#6597=AXIS2_PLACEMENT_3D('',#12340,#7982,#7983);
#6598=AXIS2_PLACEMENT_3D('',#12366,#7984,#7985);
#6599=AXIS2_PLACEMENT_3D('',#12367,#7986,#7987);
#6600=AXIS2_PLACEMENT_3D('',#12368,#7988,#7989);
#6601=AXIS2_PLACEMENT_3D('',#12389,#7990,#7991);
#6602=AXIS2_PLACEMENT_3D('',#12390,#7992,#7993);
#6603=AXIS2_PLACEMENT_3D('',#12399,#7994,#7995);
#6604=AXIS2_PLACEMENT_3D('',#12425,#7996,#7997);
#6605=AXIS2_PLACEMENT_3D('',#12426,#7998,#7999);
#6606=AXIS2_PLACEMENT_3D('',#12427,#8000,#8001);
#6607=AXIS2_PLACEMENT_3D('',#12453,#8002,#8003);
#6608=AXIS2_PLACEMENT_3D('',#12454,#8004,#8005);
#6609=AXIS2_PLACEMENT_3D('',#12455,#8006,#8007);
#6610=AXIS2_PLACEMENT_3D('',#12481,#8008,#8009);
#6611=AXIS2_PLACEMENT_3D('',#12482,#8010,#8011);
#6612=AXIS2_PLACEMENT_3D('',#12534,#8012,#8013);
#6613=AXIS2_PLACEMENT_3D('',#12535,#8014,#8015);
#6614=AXIS2_PLACEMENT_3D('',#12537,#8016,#8017);
#6615=AXIS2_PLACEMENT_3D('',#12539,#8018,#8019);
#6616=AXIS2_PLACEMENT_3D('',#12541,#8021,#8022);
#6617=AXIS2_PLACEMENT_3D('',#12568,#8027,#8028);
#6618=AXIS2_PLACEMENT_3D('',#12570,#8029,#8030);
#6619=AXIS2_PLACEMENT_3D('',#12572,#8032,#8033);
#6620=AXIS2_PLACEMENT_3D('',#12576,#8036,#8037);
#6621=AXIS2_PLACEMENT_3D('',#12577,#8038,#8039);
#6622=AXIS2_PLACEMENT_3D('',#12636,#8043,#8044);
#6623=AXIS2_PLACEMENT_3D('',#12673,#8048,#8049);
#6624=AXIS2_PLACEMENT_3D('',#12675,#8050,#8051);
#6625=AXIS2_PLACEMENT_3D('',#12677,#8053,#8054);
#6626=AXIS2_PLACEMENT_3D('',#12681,#8057,#8058);
#6627=AXIS2_PLACEMENT_3D('',#12682,#8059,#8060);
#6628=AXIS2_PLACEMENT_3D('',#12683,#8061,#8062);
#6629=AXIS2_PLACEMENT_3D('',#12734,#8068,#8069);
#6630=AXIS2_PLACEMENT_3D('',#12736,#8070,#8071);
#6631=AXIS2_PLACEMENT_3D('',#12739,#8073,#8074);
#6632=AXIS2_PLACEMENT_3D('',#12744,#8077,#8078);
#6633=AXIS2_PLACEMENT_3D('',#12747,#8080,#8081);
#6634=AXIS2_PLACEMENT_3D('',#12766,#8084,#8085);
#6635=AXIS2_PLACEMENT_3D('',#12768,#8087,#8088);
#6636=AXIS2_PLACEMENT_3D('',#12770,#8090,#8091);
#6637=AXIS2_PLACEMENT_3D('',#12806,#8095,#8096);
#6638=AXIS2_PLACEMENT_3D('',#12824,#8098,#8099);
#6639=AXIS2_PLACEMENT_3D('',#12826,#8101,#8102);
#6640=AXIS2_PLACEMENT_3D('',#12828,#8104,#8105);
#6641=AXIS2_PLACEMENT_3D('',#12829,#8106,#8107);
#6642=AXIS2_PLACEMENT_3D('',#12833,#8110,#8111);
#6643=AXIS2_PLACEMENT_3D('',#12838,#8115,#8116);
#6644=AXIS2_PLACEMENT_3D('',#12842,#8119,#8120);
#6645=AXIS2_PLACEMENT_3D('',#12844,#8122,#8123);
#6646=AXIS2_PLACEMENT_3D('',#12845,#8124,#8125);
#6647=AXIS2_PLACEMENT_3D('',#12847,#8126,#8127);
#6648=AXIS2_PLACEMENT_3D('',#12849,#8129,#8130);
#6649=AXIS2_PLACEMENT_3D('',#12852,#8133,#8134);
#6650=AXIS2_PLACEMENT_3D('',#12854,#8136,#8137);
#6651=AXIS2_PLACEMENT_3D('',#12855,#8138,#8139);
#6652=AXIS2_PLACEMENT_3D('',#12861,#8144,#8145);
#6653=AXIS2_PLACEMENT_3D('',#12863,#8147,#8148);
#6654=AXIS2_PLACEMENT_3D('',#12865,#8150,#8151);
#6655=AXIS2_PLACEMENT_3D('',#12867,#8153,#8154);
#6656=AXIS2_PLACEMENT_3D('',#12869,#8156,#8157);
#6657=AXIS2_PLACEMENT_3D('',#12871,#8159,#8160);
#6658=AXIS2_PLACEMENT_3D('',#12873,#8162,#8163);
#6659=AXIS2_PLACEMENT_3D('',#12874,#8164,#8165);
#6660=AXIS2_PLACEMENT_3D('',#12876,#8167,#8168);
#6661=AXIS2_PLACEMENT_3D('',#12877,#8169,#8170);
#6662=AXIS2_PLACEMENT_3D('',#12894,#8171,#8172);
#6663=AXIS2_PLACEMENT_3D('',#12896,#8173,#8174);
#6664=AXIS2_PLACEMENT_3D('',#12897,#8175,#8176);
#6665=AXIS2_PLACEMENT_3D('',#12898,#8177,#8178);
#6666=AXIS2_PLACEMENT_3D('',#12906,#8182,#8183);
#6667=AXIS2_PLACEMENT_3D('',#12907,#8184,#8185);
#6668=AXIS2_PLACEMENT_3D('',#12912,#8187,#8188);
#6669=AXIS2_PLACEMENT_3D('',#12916,#8191,#8192);
#6670=AXIS2_PLACEMENT_3D('',#12917,#8193,#8194);
#6671=AXIS2_PLACEMENT_3D('',#12918,#8195,#8196);
#6672=AXIS2_PLACEMENT_3D('',#12919,#8197,#8198);
#6673=AXIS2_PLACEMENT_3D('',#12921,#8199,#8200);
#6674=AXIS2_PLACEMENT_3D('',#12923,#8202,#8203);
#6675=AXIS2_PLACEMENT_3D('',#12928,#8205,#8206);
#6676=AXIS2_PLACEMENT_3D('',#12931,#8209,#8210);
#6677=AXIS2_PLACEMENT_3D('',#12932,#8211,#8212);
#6678=AXIS2_PLACEMENT_3D('',#12933,#8213,#8214);
#6679=AXIS2_PLACEMENT_3D('',#12945,#8215,#8216);
#6680=AXIS2_PLACEMENT_3D('',#12954,#8217,#8218);
#6681=AXIS2_PLACEMENT_3D('',#12955,#8219,#8220);
#6682=AXIS2_PLACEMENT_3D('',#12956,#8221,#8222);
#6683=AXIS2_PLACEMENT_3D('',#12957,#8223,#8224);
#6684=AXIS2_PLACEMENT_3D('',#12958,#8225,#8226);
#6685=AXIS2_PLACEMENT_3D('',#12959,#8227,#8228);
#6686=AXIS2_PLACEMENT_3D('',#12960,#8229,#8230);
#6687=AXIS2_PLACEMENT_3D('',#12985,#8231,#8232);
#6688=AXIS2_PLACEMENT_3D('',#13016,#8234,#8235);
#6689=AXIS2_PLACEMENT_3D('',#13018,#8236,#8237);
#6690=AXIS2_PLACEMENT_3D('',#13019,#8238,#8239);
#6691=AXIS2_PLACEMENT_3D('',#13073,#8240,#8241);
#6692=AXIS2_PLACEMENT_3D('',#13074,#8242,#8243);
#6693=AXIS2_PLACEMENT_3D('',#13075,#8244,#8245);
#6694=AXIS2_PLACEMENT_3D('',#13076,#8246,#8247);
#6695=AXIS2_PLACEMENT_3D('',#13078,#8248,#8249);
#6696=AXIS2_PLACEMENT_3D('',#13080,#8250,#8251);
#6697=AXIS2_PLACEMENT_3D('',#13081,#8252,#8253);
#6698=AXIS2_PLACEMENT_3D('',#13082,#8254,#8255);
#6699=AXIS2_PLACEMENT_3D('',#13116,#8257,#8258);
#6700=AXIS2_PLACEMENT_3D('',#13122,#8262,#8263);
#6701=AXIS2_PLACEMENT_3D('',#13123,#8264,#8265);
#6702=AXIS2_PLACEMENT_3D('',#13124,#8266,#8267);
#6703=AXIS2_PLACEMENT_3D('',#13127,#8269,#8270);
#6704=AXIS2_PLACEMENT_3D('',#13128,#8271,#8272);
#6705=AXIS2_PLACEMENT_3D('',#13132,#8275,#8276);
#6706=AXIS2_PLACEMENT_3D('',#13133,#8277,#8278);
#6707=AXIS2_PLACEMENT_3D('',#13134,#8279,#8280);
#6708=AXIS2_PLACEMENT_3D('',#13136,#8282,#8283);
#6709=AXIS2_PLACEMENT_3D('',#13138,#8285,#8286);
#6710=AXIS2_PLACEMENT_3D('',#13139,#8287,#8288);
#6711=AXIS2_PLACEMENT_3D('',#13141,#8290,#8291);
#6712=AXIS2_PLACEMENT_3D('',#13163,#8293,#8294);
#6713=AXIS2_PLACEMENT_3D('',#13164,#8295,#8296);
#6714=AXIS2_PLACEMENT_3D('',#13165,#8297,#8298);
#6715=AXIS2_PLACEMENT_3D('',#13167,#8300,#8301);
#6716=AXIS2_PLACEMENT_3D('',#13221,#8303,#8304);
#6717=DIRECTION('axis',(0.,0.,1.));
#6718=DIRECTION('refdir',(1.,0.,0.));
#6719=DIRECTION('center_axis',(0.,-1.,0.));
#6720=DIRECTION('ref_axis',(0.,0.,1.));
#6721=DIRECTION('',(0.,0.,1.));
#6722=DIRECTION('',(1.,0.,0.));
#6723=DIRECTION('',(0.,0.,1.));
#6724=DIRECTION('',(-1.,0.,0.));
#6725=DIRECTION('center_axis',(-1.,0.,0.));
#6726=DIRECTION('ref_axis',(0.,0.,1.));
#6727=DIRECTION('',(0.,-1.,0.));
#6728=DIRECTION('',(0.,0.,-1.));
#6729=DIRECTION('',(0.,1.,0.));
#6730=DIRECTION('center_axis',(0.,0.,-1.));
#6731=DIRECTION('ref_axis',(-1.,0.,0.));
#6732=DIRECTION('center_axis',(0.,0.,1.));
#6733=DIRECTION('ref_axis',(1.,0.,0.));
#6734=DIRECTION('',(0.,-1.,0.));
#6735=DIRECTION('',(-1.,9.59762949049091E-13,0.));
#6736=DIRECTION('',(-3.14228265440589E-13,1.,0.));
#6737=DIRECTION('',(-1.,-3.14709141271191E-13,0.));
#6738=DIRECTION('',(-0.707106781186522,0.707106781186573,0.));
#6739=DIRECTION('',(3.72781087265289E-13,1.,0.));
#6740=DIRECTION('',(-1.,3.78172928191482E-13,0.));
#6741=DIRECTION('',(3.39013107356773E-12,1.,0.));
#6742=DIRECTION('center_axis',(0.,0.,-1.));
#6743=DIRECTION('ref_axis',(-0.608565579276113,-0.793503582676429,0.));
#6744=DIRECTION('',(-0.909084058657549,0.416612738997162,0.));
#6745=DIRECTION('center_axis',(0.,0.,1.));
#6746=DIRECTION('ref_axis',(0.416649717081991,0.9090671115245,0.));
#6747=DIRECTION('',(0.422618231013493,0.906307801364981,0.));
#6748=DIRECTION('center_axis',(0.,0.,1.));
#6749=DIRECTION('ref_axis',(0.906305342849842,-0.422623503276653,0.));
#6750=DIRECTION('',(0.911040253068281,-0.412317422975653,0.));
#6751=DIRECTION('center_axis',(0.,0.,-1.));
#6752=DIRECTION('ref_axis',(0.262780283281473,0.964855700464328,0.));
#6753=DIRECTION('center_axis',(0.,0.,-1.));
#6754=DIRECTION('ref_axis',(-0.0648737170497157,0.99789348170842,0.));
#6755=DIRECTION('',(-0.99789250457523,-0.0648887456541984,0.));
#6756=DIRECTION('center_axis',(0.,0.,-1.));
#6757=DIRECTION('ref_axis',(-0.0651036755506762,0.997878505345111,0.));
#6758=DIRECTION('',(-0.995221395983724,-0.0976441138840836,0.));
#6759=DIRECTION('',(-1.20456247826723E-15,1.,0.));
#6760=DIRECTION('',(0.995234226312891,0.0975132543574551,0.));
#6761=DIRECTION('',(1.,0.,0.));
#6762=DIRECTION('',(0.,1.,0.));
#6763=DIRECTION('',(-1.,0.,0.));
#6764=DIRECTION('center_axis',(0.,0.,1.));
#6765=DIRECTION('ref_axis',(8.77881339187684E-11,-1.,0.));
#6766=DIRECTION('',(0.,-1.,0.));
#6767=DIRECTION('center_axis',(0.,0.,-1.));
#6768=DIRECTION('ref_axis',(0.0584285336176736,-0.99829159390395,0.));
#6769=DIRECTION('',(1.,8.7788324927087E-11,0.));
#6770=DIRECTION('center_axis',(0.,0.,1.));
#6771=DIRECTION('ref_axis',(2.07186658756551E-5,-0.999999999785368,0.));
#6772=DIRECTION('',(-0.00027946828101685,-0.999999960948739,0.));
#6773=DIRECTION('center_axis',(0.,0.,-1.));
#6774=DIRECTION('ref_axis',(0.965906511621251,0.258891117668539,0.));
#6775=DIRECTION('',(0.258819068444375,-0.965925820034637,0.));
#6776=DIRECTION('center_axis',(0.,0.,1.));
#6777=DIRECTION('ref_axis',(-0.961722420232893,-0.274025521478177,0.));
#6778=DIRECTION('',(-0.965925795002573,-0.258819161865284,0.));
#6779=DIRECTION('center_axis',(0.,0.,-1.));
#6780=DIRECTION('ref_axis',(0.999999702286611,0.000771638963697421,0.));
#6781=DIRECTION('',(0.000847413404341212,-0.999999640945197,0.));
#6782=DIRECTION('center_axis',(0.,0.,1.));
#6783=DIRECTION('ref_axis',(-0.999995507652012,-0.00299744487771072,0.));
#6784=DIRECTION('',(-1.,2.9998935045963E-11,0.));
#6785=DIRECTION('center_axis',(0.,0.,-1.));
#6786=DIRECTION('ref_axis',(0.984819477640742,-0.173581670862495,0.));
#6787=DIRECTION('',(-0.173648502928254,-0.984807695659806,0.));
#6788=DIRECTION('center_axis',(0.,0.,1.));
#6789=DIRECTION('ref_axis',(-0.954304255371959,0.298836724950217,0.));
#6790=DIRECTION('',(-1.,-2.4672236036754E-13,0.));
#6791=DIRECTION('center_axis',(0.,0.,1.));
#6792=DIRECTION('ref_axis',(1.87232016606567E-5,0.999999999824721,0.));
#6793=DIRECTION('',(-0.173784383576496,0.984783726523208,0.));
#6794=DIRECTION('',(-1.,-1.73103191376008E-13,0.));
#6795=DIRECTION('center_axis',(0.,0.,1.));
#6796=DIRECTION('ref_axis',(1.88632334730793E-6,0.999999999998221,0.));
#6797=DIRECTION('',(-0.173784383576532,0.984783726523202,0.));
#6798=DIRECTION('',(-1.,-3.13722250862034E-13,0.));
#6799=DIRECTION('',(-4.27509741759549E-8,-0.999999999999999,0.));
#6800=DIRECTION('center_axis',(0.,0.,1.));
#6801=DIRECTION('ref_axis',(1.,0.,0.));
#6802=DIRECTION('center_axis',(0.,0.,1.));
#6803=DIRECTION('ref_axis',(1.,0.,0.));
#6804=DIRECTION('',(-0.999999932063443,-0.000368609698718005,0.));
#6805=DIRECTION('',(-0.999999932063443,-0.000368609698718667,0.));
#6806=DIRECTION('',(-0.999999932063443,-0.00036860969871668,0.));
#6807=DIRECTION('',(-1.32075625728612E-12,-1.,0.));
#6808=DIRECTION('',(0.999999932063442,-0.000368609701174607,0.));
#6809=DIRECTION('',(0.999999932063442,-0.000368609701167981,0.));
#6810=DIRECTION('',(0.999999932063442,-0.00036860970116798,0.));
#6811=DIRECTION('',(1.27199228542718E-12,1.,0.));
#6812=DIRECTION('',(1.,-7.10411791346844E-13,0.));
#6813=DIRECTION('',(-0.0872196629202835,0.996189103734864,0.));
#6814=DIRECTION('',(-0.0872196643064937,0.996189103613497,0.));
#6815=DIRECTION('',(-0.0872196629202835,0.996189103734864,0.));
#6816=DIRECTION('',(-0.0872196643064876,0.996189103613497,0.));
#6817=DIRECTION('',(-0.996165427662439,-0.0874896607040574,0.));
#6818=DIRECTION('',(0.0871556209384735,-0.996194708748661,0.));
#6819=DIRECTION('',(0.0871556194624798,-0.996194708877793,0.));
#6820=DIRECTION('',(0.0871556209384662,-0.996194708748661,0.));
#6821=DIRECTION('',(0.0871556194624798,-0.996194708877793,0.));
#6822=DIRECTION('',(0.0871556209384669,-0.996194708748661,0.));
#6823=DIRECTION('',(0.996229412914523,0.0867580361925285,0.));
#6824=DIRECTION('',(-0.0872196643064868,0.996189103613498,0.));
#6825=DIRECTION('',(0.422618261741748,0.906307787036161,0.));
#6826=DIRECTION('center_axis',(0.,0.,1.));
#6827=DIRECTION('ref_axis',(0.906307787036384,-0.422618261741269,0.));
#6828=DIRECTION('',(-0.906307787036198,0.422618261741669,0.));
#6829=DIRECTION('center_axis',(0.,0.,1.));
#6830=DIRECTION('ref_axis',(0.422618261741948,0.906307787036068,0.));
#6831=DIRECTION('',(-0.42261826174169,-0.906307787036188,0.));
#6832=DIRECTION('center_axis',(0.,0.,1.));
#6833=DIRECTION('ref_axis',(-0.906307787036148,0.422618261741777,0.));
#6834=DIRECTION('',(0.906307787036227,-0.422618261741607,0.));
#6835=DIRECTION('center_axis',(0.,0.,1.));
#6836=DIRECTION('ref_axis',(-0.422618261741712,-0.906307787036178,0.));
#6837=DIRECTION('',(0.258815887407476,-0.965926672385373,0.));
#6838=DIRECTION('',(0.258815904561409,-0.965926667789051,0.));
#6839=DIRECTION('',(0.258815887407476,-0.965926672385373,0.));
#6840=DIRECTION('',(0.258815904561442,-0.965926667789042,0.));
#6841=DIRECTION('',(0.966041740877874,0.25838605783139,0.));
#6842=DIRECTION('',(-0.259000299990349,0.965877240960211,0.));
#6843=DIRECTION('',(-0.25900028398655,0.965877245251635,0.));
#6844=DIRECTION('',(-0.259000299990281,0.965877240960229,0.));
#6845=DIRECTION('',(-0.25900028398655,0.965877245251635,0.));
#6846=DIRECTION('',(-0.259000299990282,0.965877240960229,0.));
#6847=DIRECTION('',(-0.965857492603711,-0.259073935356825,0.));
#6848=DIRECTION('',(0.258815904561404,-0.965926667789052,0.));
#6849=DIRECTION('',(0.999999932063442,-0.000368609701169306,0.));
#6850=DIRECTION('',(1.33963610344739E-12,1.,0.));
#6851=DIRECTION('',(-0.999999932063443,-0.000368609698708729,0.));
#6852=DIRECTION('',(-1.31744316709217E-12,-1.,0.));
#6853=DIRECTION('center_axis',(0.,0.,1.));
#6854=DIRECTION('ref_axis',(-1.,0.,0.));
#6855=DIRECTION('center_axis',(0.,0.,1.));
#6856=DIRECTION('ref_axis',(-1.,0.,0.));
#6857=DIRECTION('center_axis',(0.,0.,1.));
#6858=DIRECTION('ref_axis',(0.2079116908188,0.978147600733584,0.));
#6859=DIRECTION('',(-0.207911690818893,-0.978147600733565,0.));
#6860=DIRECTION('center_axis',(0.,0.,1.));
#6861=DIRECTION('ref_axis',(-0.978147600733553,0.207911690818946,0.));
#6862=DIRECTION('',(0.978147600733565,-0.20791169081889,0.));
#6863=DIRECTION('center_axis',(0.,0.,1.));
#6864=DIRECTION('ref_axis',(-0.207911690819006,-0.978147600733541,0.));
#6865=DIRECTION('',(0.207911690818893,0.978147600733565,0.));
#6866=DIRECTION('center_axis',(0.,0.,1.));
#6867=DIRECTION('ref_axis',(0.978147600733537,-0.207911690819025,0.));
#6868=DIRECTION('',(-0.978147600733564,0.207911690818896,0.));
#6869=DIRECTION('center_axis',(0.,0.,1.));
#6870=DIRECTION('ref_axis',(1.,0.,0.));
#6871=DIRECTION('center_axis',(0.,0.,1.));
#6872=DIRECTION('ref_axis',(-1.,0.,0.));
#6873=DIRECTION('center_axis',(0.,-1.,0.));
#6874=DIRECTION('ref_axis',(0.,0.,-1.));
#6875=DIRECTION('',(0.,0.,1.));
#6876=DIRECTION('',(1.,0.,0.));
#6877=DIRECTION('',(0.,0.,-1.));
#6878=DIRECTION('center_axis',(1.,0.,0.));
#6879=DIRECTION('ref_axis',(0.,0.,-1.));
#6880=DIRECTION('',(0.,-1.,0.));
#6881=DIRECTION('',(0.,0.,1.));
#6882=DIRECTION('',(-0.0191974423996951,0.,0.999815712121644));
#6883=DIRECTION('',(-0.0191974423996951,0.,0.999815712121644));
#6884=DIRECTION('center_axis',(-0.0191974423996954,-2.99064089854394E-17,
0.999815712121644));
#6885=DIRECTION('ref_axis',(0.999815712121644,0.,0.0191974423996954));
#6886=DIRECTION('center_axis',(0.0191974423996954,2.99064089854394E-17,
-0.999815712121644));
#6887=DIRECTION('ref_axis',(0.999815712121644,0.,0.0191974423996954));
#6888=DIRECTION('center_axis',(0.,0.,1.));
#6889=DIRECTION('ref_axis',(1.,0.,0.));
#6890=DIRECTION('',(0.019193904543795,0.019197442399696,-0.99963145820531));
#6891=DIRECTION('center_axis',(0.,0.,-1.));
#6892=DIRECTION('ref_axis',(-1.,0.,0.));
#6893=DIRECTION('',(-1.,7.10411791346844E-13,0.));
#6894=DIRECTION('',(7.0667100998811E-13,1.,0.));
#6895=DIRECTION('center_axis',(0.,0.,1.));
#6896=DIRECTION('ref_axis',(1.,0.,0.));
#6897=DIRECTION('',(2.5414573137261E-14,1.,0.));
#6898=DIRECTION('',(0.00967520327453463,0.999953194125403,0.));
#6899=DIRECTION('center_axis',(0.,0.,1.));
#6900=DIRECTION('ref_axis',(1.,0.,0.));
#6901=DIRECTION('center_axis',(0.,0.,1.));
#6902=DIRECTION('ref_axis',(3.18029106592602E-13,-1.,0.));
#6903=DIRECTION('',(0.,0.,-1.));
#6904=DIRECTION('center_axis',(0.,0.,-1.));
#6905=DIRECTION('ref_axis',(1.,0.,0.));
#6906=DIRECTION('',(0.,0.,-1.));
#6907=DIRECTION('center_axis',(0.,0.,-1.));
#6908=DIRECTION('ref_axis',(1.,0.,0.));
#6909=DIRECTION('',(0.,0.,1.));
#6910=DIRECTION('center_axis',(0.,0.,-1.));
#6911=DIRECTION('ref_axis',(1.,0.,0.));
#6912=DIRECTION('',(0.,0.,1.));
#6913=DIRECTION('center_axis',(0.,0.,1.));
#6914=DIRECTION('ref_axis',(1.,0.,0.));
#6915=DIRECTION('',(0.,0.,1.));
#6916=DIRECTION('center_axis',(7.10411791346844E-13,1.,1.36406032422763E-14));
#6917=DIRECTION('ref_axis',(-0.999815712121645,7.10542735760099E-13,-0.0191974423996654));
#6918=DIRECTION('',(-0.0383878090875308,1.36406032422763E-14,0.999262916410621));
#6919=DIRECTION('center_axis',(0.999815712121644,-7.06279920761918E-13,
0.0191974423996951));
#6920=DIRECTION('ref_axis',(0.0191974423996951,0.,-0.999815712121644));
#6921=DIRECTION('',(0.,0.,1.));
#6922=DIRECTION('',(-0.0191974423996951,0.,0.999815712121644));
#6923=DIRECTION('center_axis',(-7.10411791346844E-13,-1.,-1.36406032422763E-14));
#6924=DIRECTION('ref_axis',(0.999815712121645,-7.10542735760099E-13,0.0191974423996654));
#6925=DIRECTION('',(0.,0.,-1.));
#6926=DIRECTION('',(-0.0191974423996951,0.,0.999815712121644));
#6927=DIRECTION('',(0.0383878090875308,-1.36406032422763E-14,-0.999262916410621));
#6928=DIRECTION('',(-0.0191974423996951,0.,0.999815712121644));
#6929=DIRECTION('center_axis',(0.999262916410621,-1.27105433029113E-12,
0.0383878090875308));
#6930=DIRECTION('ref_axis',(0.0383878090875307,0.,-0.999262916410621));
#6931=DIRECTION('center_axis',(0.0191974423996654,1.94010095257211E-17,
-0.999815712121645));
#6932=DIRECTION('ref_axis',(0.999815712121645,0.,0.0191974423996654));
#6933=DIRECTION('center_axis',(0.0191974423996654,1.94010095257211E-17,
-0.999815712121645));
#6934=DIRECTION('ref_axis',(0.999815712121645,0.,0.0191974423996654));
#6935=DIRECTION('center_axis',(0.999262916410621,-1.27105433029113E-12,
0.0383878090875308));
#6936=DIRECTION('ref_axis',(0.0383878090875307,0.,-0.999262916410621));
#6937=DIRECTION('center_axis',(-0.0191974423996654,-1.94010095257211E-17,
0.999815712121645));
#6938=DIRECTION('ref_axis',(0.999815712121645,0.,0.0191974423996654));
#6939=DIRECTION('center_axis',(-0.0191974423996897,-6.02739438699088E-15,
0.999815712121644));
#6940=DIRECTION('ref_axis',(0.999815712121644,0.,0.0191974423996897));
#6941=DIRECTION('',(1.20456247826723E-15,-1.,-6.00537658630734E-15));
#6942=DIRECTION('',(-0.99400052913321,-0.107697172139655,-0.0190857851821539));
#6943=DIRECTION('',(0.107677324855043,-0.994183745146435,0.00206751025873043));
#6944=DIRECTION('center_axis',(-0.0191974423996897,-6.02739438699089E-15,
0.999815712121644));
#6945=DIRECTION('ref_axis',(0.999815712121644,3.37533753469477E-13,0.0191974423996897));
#6946=DIRECTION('center_axis',(-0.0191974423996897,-6.02739438699089E-15,
0.999815712121644));
#6947=DIRECTION('ref_axis',(0.999815712121644,3.16075749792135E-13,0.0191974423996897));
#6948=DIRECTION('',(-3.13968614230004E-13,1.,0.));
#6949=DIRECTION('',(-0.977975130106865,0.207875031055489,-0.0187780818014091));
#6950=DIRECTION('center_axis',(0.0191974423996897,6.02739438699088E-15,
-0.999815712121644));
#6951=DIRECTION('ref_axis',(-0.999815712121644,-2.88428716599455E-13,-0.0191974423996897));
#6952=DIRECTION('',(0.207910034101713,0.978139806492038,0.00399207659531704));
#6953=DIRECTION('center_axis',(0.0191974423996897,6.02739438699088E-15,
-0.999815712121644));
#6954=DIRECTION('ref_axis',(0.999815712121644,4.04887304256249E-13,0.0191974423996897));
#6955=DIRECTION('',(0.977975130106863,-0.207875031055495,0.0187780818014091));
#6956=DIRECTION('',(-3.13968614230004E-13,1.,0.));
#6957=DIRECTION('',(0.999815712121644,3.13594108142353E-13,0.0191974423996897));
#6958=DIRECTION('center_axis',(-0.0191974423996897,-6.02739438699089E-15,
0.999815712121644));
#6959=DIRECTION('ref_axis',(-0.999815712121644,-4.15146890568313E-13,-0.0191974423996897));
#6960=DIRECTION('center_axis',(0.0191974423996897,6.02739438699089E-15,
-0.999815712121644));
#6961=DIRECTION('ref_axis',(0.999815712121644,4.09185181549415E-13,0.0191974423996897));
#6962=DIRECTION('',(0.999815712121644,2.17834546715899E-13,0.0191974423996897));
#6963=DIRECTION('center_axis',(-0.0191974423996897,-6.02739438699089E-15,
0.999815712121644));
#6964=DIRECTION('ref_axis',(-0.999815712121644,-4.1551689670964E-13,-0.0191974423996897));
#6965=DIRECTION('center_axis',(0.0191974423996897,6.02739438699089E-15,
-0.999815712121644));
#6966=DIRECTION('ref_axis',(0.999815712121644,3.59974580760438E-13,0.0191974423996897));
#6967=DIRECTION('',(0.999815712121644,3.86031312240987E-12,0.0191974423996897));
#6968=DIRECTION('center_axis',(0.0191974423996897,6.02739438699089E-15,
-0.999815712121644));
#6969=DIRECTION('ref_axis',(-0.999815712104213,5.90491412457964E-6,-0.019197442399355));
#6970=DIRECTION('',(0.173647537708203,0.984802221635318,0.00333420305621434));
#6971=DIRECTION('center_axis',(-0.0191974423996897,-6.02739438699089E-15,
0.999815712121644));
#6972=DIRECTION('ref_axis',(0.999815709641876,-7.04304615645063E-5,0.0191974423520757));
#6973=DIRECTION('',(0.999815712121644,-1.49756003064705E-11,0.0191974423996897));
#6974=DIRECTION('center_axis',(0.0191974423996897,6.02739438699089E-15,
-0.999815712121644));
#6975=DIRECTION('ref_axis',(-0.99981571051385,-5.67113801433407E-5,-0.0191974423688185));
#6976=DIRECTION('',(-0.000847754092027453,0.999999640523953,-1.62777101294351E-5));
#6977=DIRECTION('center_axis',(-0.0191974423996897,-6.02739438699089E-15,
0.999815712121644));
#6978=DIRECTION('ref_axis',(0.999815712121644,2.73468784089162E-13,0.0191974423996897));
#6979=DIRECTION('',(0.965759707786035,0.258774659065671,0.0185435337106499));
#6980=DIRECTION('center_axis',(0.0191974423996897,6.02739438699089E-15,
-0.999815712121644));
#6981=DIRECTION('ref_axis',(-0.999815712121644,-3.15047996597082E-13,-0.0191974423996897));
#6982=DIRECTION('',(-0.258815872511855,0.965913892653246,-0.0049695186267101));
#6983=DIRECTION('center_axis',(-0.0191974423996897,-6.02739438699089E-15,
0.999815712121644));
#6984=DIRECTION('ref_axis',(0.999815673091969,-0.000279416778395565,0.0191974416502817));
#6985=DIRECTION('',(0.000279468281012669,0.999999960934342,5.36606513406707E-6));
#6986=DIRECTION('center_axis',(0.0191974423996897,6.02739438699089E-15,
-0.999815712121644));
#6987=DIRECTION('ref_axis',(-0.999815707511614,9.60299998943291E-5,-0.0191974423111726));
#6988=DIRECTION('',(-0.999815712121644,-8.39655633855596E-11,-0.0191974423996897));
#6989=DIRECTION('center_axis',(0.0191974423996897,6.02739438699089E-15,
-0.999815712121644));
#6990=DIRECTION('ref_axis',(0.999815712121644,8.77721463833785E-11,0.0191974423996897));
#6991=DIRECTION('',(0.,1.,6.02850536745471E-15));
#6992=DIRECTION('center_axis',(0.0191974423996897,6.02739438699088E-15,
-0.999815712121644));
#6993=DIRECTION('ref_axis',(-0.999815712121644,0.,-0.0191974423996897));
#6994=DIRECTION('',(0.999815712121644,0.,0.0191974423996897));
#6995=DIRECTION('center_axis',(0.0191974423996897,6.02739438699088E-15,
-0.999815712121644));
#6996=DIRECTION('ref_axis',(0.999815712121644,-8.88014739183568E-15,0.0191974423996897));
#6997=DIRECTION('',(-1.27082329967465E-12,-1.,-3.04295592815979E-14));
#6998=DIRECTION('',(-1.27082329967465E-12,-1.,-3.04295592815979E-14));
#6999=DIRECTION('',(-0.999815712121644,1.21682306178755E-12,-0.0191974423996897));
#7000=DIRECTION('',(-0.999815712121644,1.21682425462977E-12,-0.0191974423996897));
#7001=DIRECTION('',(-0.999815712121644,1.22345119800149E-12,-0.0191974423996897));
#7002=DIRECTION('',(1.32075625728612E-12,1.,3.13883210473619E-14));
#7003=DIRECTION('',(0.999815712121644,-1.23515710086904E-12,0.0191974423996897));
#7004=DIRECTION('',(0.999815712121644,-1.23316895821541E-12,0.0191974423996897));
#7005=DIRECTION('',(0.999815712121644,-1.23383131096595E-12,0.0191974423996897));
#7006=DIRECTION('',(-0.999815712121644,1.21814961077205E-12,-0.0191974423996897));
#7007=DIRECTION('',(1.31744316709217E-12,1.,3.13247064658023E-14));
#7008=DIRECTION('',(0.999815712121644,-1.24310907506243E-12,0.0191974423996897));
#7009=DIRECTION('',(-1.33841725854667E-12,-1.,-3.1727429595377E-14));
#7010=DIRECTION('',(0.0871556193206161,-0.996193303283895,0.00167347338256997));
#7011=DIRECTION('',(0.0871556207058094,-0.996193303162661,0.00167347340916703));
#7012=DIRECTION('',(-0.996012505648512,-0.087139802973,-0.0191244171048115));
#7013=DIRECTION('',(-0.0871556207058246,0.99619330316266,-0.00167347340916733));
#7014=DIRECTION('',(-0.0871556192298376,0.99619330329184,-0.00167347338082693));
#7015=DIRECTION('',(-0.0871556207058239,0.99619330316266,-0.00167347340916731));
#7016=DIRECTION('',(-0.0871556192298376,0.99619330329184,-0.00167347338082693));
#7017=DIRECTION('',(-0.0871556207058312,0.996193303162659,-0.00167347340916745));
#7018=DIRECTION('',(0.996012505648509,0.0871398029730408,0.0191244171048114));
#7019=DIRECTION('',(0.0871556207058101,-0.996193303162661,0.00167347340916705));
#7020=DIRECTION('',(0.0871556193206161,-0.996193303283895,0.00167347338256997));
#7021=DIRECTION('',(0.0871556207058163,-0.996193303162661,0.00167347340916717));
#7022=DIRECTION('',(-0.258815832016096,0.965913903508052,-0.00496951784915183));
#7023=DIRECTION('',(-0.258815849170005,0.965913898909982,-0.0049695181785237));
#7024=DIRECTION('',(0.965759739095923,0.258774542172528,0.0185435343118304));
#7025=DIRECTION('',(0.258815849169967,-0.965913898909992,0.00496951817852296));
#7026=DIRECTION('',(0.258815833176827,-0.965913903196921,0.004969517871439));
#7027=DIRECTION('',(0.258815849169965,-0.965913898909993,0.00496951817852293));
#7028=DIRECTION('',(0.258815833176827,-0.965913903196921,0.00496951787143899));
#7029=DIRECTION('',(0.258815849170033,-0.965913898909974,0.00496951817852423));
#7030=DIRECTION('',(-0.965759739095923,-0.258774542172525,-0.0185435343118305));
#7031=DIRECTION('',(-0.258815849170043,0.965913898909971,-0.00496951817852443));
#7032=DIRECTION('',(-0.258815832016096,0.965913903508052,-0.00496951784915183));
#7033=DIRECTION('',(-0.25881584917001,0.96591389890998,-0.0049695181785238));
#7034=DIRECTION('center_axis',(0.999262916410621,-1.27105433029113E-12,
0.0383878090875308));
#7035=DIRECTION('ref_axis',(-1.27105353501343E-12,-1.,-2.44261915925034E-14));
#7036=DIRECTION('',(0.0383878090875308,-1.77602947836711E-14,-0.999262916410621));
#7037=DIRECTION('center_axis',(0.999262916410621,-1.27105433029113E-12,
0.0383878090875308));
#7038=DIRECTION('ref_axis',(-1.27105353501343E-12,-1.,-2.44261915925034E-14));
#7039=DIRECTION('center_axis',(0.,1.,0.));
#7040=DIRECTION('ref_axis',(0.,0.,1.));
#7041=DIRECTION('',(-1.,0.,0.));
#7042=DIRECTION('',(0.,0.,-1.));
#7043=DIRECTION('',(1.,0.,0.));
#7044=DIRECTION('',(0.,0.,1.));
#7045=DIRECTION('center_axis',(0.,0.,1.));
#7046=DIRECTION('ref_axis',(1.,0.,0.));
#7047=DIRECTION('center_axis',(0.,0.,-1.));
#7048=DIRECTION('ref_axis',(1.,0.,0.));
#7049=DIRECTION('',(0.,1.,0.));
#7050=DIRECTION('center_axis',(0.,0.,-1.));
#7051=DIRECTION('ref_axis',(1.,0.,0.));
#7052=DIRECTION('',(-4.07492943448843E-11,-1.,0.));
#7053=DIRECTION('',(-1.,-6.4013196939936E-16,0.));
#7054=DIRECTION('center_axis',(0.,0.,1.));
#7055=DIRECTION('ref_axis',(7.61394678913673E-15,1.,0.));
#7056=DIRECTION('',(0.,1.,0.));
#7057=DIRECTION('center_axis',(0.,0.,1.));
#7058=DIRECTION('ref_axis',(1.,-7.61394678913665E-15,0.));
#7059=DIRECTION('',(1.,0.,0.));
#7060=DIRECTION('center_axis',(0.,0.,1.));
#7061=DIRECTION('ref_axis',(0.,-1.,0.));
#7062=DIRECTION('',(0.,1.,0.));
#7063=DIRECTION('',(0.,1.,0.));
#7064=DIRECTION('',(0.,-1.,0.));
#7065=DIRECTION('',(1.,0.,0.));
#7066=DIRECTION('center_axis',(0.,-1.,0.));
#7067=DIRECTION('ref_axis',(0.,0.,-1.));
#7068=DIRECTION('',(-1.,0.,0.));
#7069=DIRECTION('',(0.,0.,1.));
#7070=DIRECTION('',(0.,0.,-1.));
#7071=DIRECTION('center_axis',(-1.,0.,0.));
#7072=DIRECTION('ref_axis',(0.,0.,1.));
#7073=DIRECTION('',(0.,1.,0.));
#7074=DIRECTION('center_axis',(1.,0.,0.));
#7075=DIRECTION('ref_axis',(0.,0.,-1.));
#7076=DIRECTION('',(0.,-1.,0.));
#7077=DIRECTION('',(0.019193904543795,0.019197442399696,-0.99963145820531));
#7078=DIRECTION('center_axis',(-0.000368541793456148,0.999815712121644,
0.01919390454379));
#7079=DIRECTION('ref_axis',(0.999815712121644,-1.23394286892515E-12,0.0191974423996955));
#7080=DIRECTION('',(0.0191939045437476,-0.0191974423996841,-0.999631458205311));
#7081=DIRECTION('center_axis',(-0.000368541795905673,-0.999815712121644,
0.0191939045437311));
#7082=DIRECTION('ref_axis',(-0.999815712121644,1.21671273219479E-12,-0.0191974423996955));
#7083=DIRECTION('center_axis',(-0.965926465659227,-0.258815832016096,0.000654245282329099));
#7084=DIRECTION('ref_axis',(-0.258815832016096,0.965913903508052,-0.00496951784915914));
#7085=DIRECTION('',(0.000654245370598856,-0.0049695181785245,-0.99998743784713));
#7086=DIRECTION('center_axis',(0.965189381758831,0.258815833176827,0.0377335637992233));
#7087=DIRECTION('ref_axis',(0.258815833176827,-0.965913903196921,0.00496951787144631));
#7088=DIRECTION('',(0.0377335637169378,0.00496951817853634,-0.99927547856349));
#7089=DIRECTION('center_axis',(-0.965926465659227,-0.258815832016096,0.000654245282327669));
#7090=DIRECTION('ref_axis',(-0.258815832016096,0.965913903508052,-0.00496951784915914));
#7091=DIRECTION('',(0.000654245370603296,-0.0049695181785245,-0.99998743784713));
#7092=DIRECTION('center_axis',(0.965189381758831,0.258815833176827,0.0377335637992247));
#7093=DIRECTION('ref_axis',(0.258815833176827,-0.965913903196921,0.00496951787144631));
#7094=DIRECTION('',(0.0377335637169378,0.00496951817853634,-0.99927547856349));
#7095=DIRECTION('center_axis',(-0.996194706218676,-0.0871556192298376,7.30653732313006E-5));
#7096=DIRECTION('ref_axis',(-0.0871556192298376,0.99619330329184,-0.00167347338083344));
#7097=DIRECTION('',(7.30653757340258E-5,-0.00167347340916938,-0.999998597073116));
#7098=DIRECTION('center_axis',(0.995457622621355,0.0871556193206159,0.0383147437141347));
#7099=DIRECTION('ref_axis',(0.0871556193206159,-0.996193303283895,0.00167347338257554));
#7100=DIRECTION('',(0.0383147437118086,0.00167347340918122,-0.999264319337505));
#7101=DIRECTION('center_axis',(-0.996194706218676,-0.0871556192298376,7.30653732310426E-5));
#7102=DIRECTION('ref_axis',(-0.0871556192298376,0.99619330329184,-0.00167347338083344));
#7103=DIRECTION('',(7.30653757340258E-5,-0.00167347340916938,-0.999998597073116));
#7104=DIRECTION('center_axis',(0.995457622621355,0.0871556193206159,0.0383147437141376));
#7105=DIRECTION('ref_axis',(0.0871556193206159,-0.996193303283895,0.00167347338257554));
#7106=DIRECTION('',(0.0383147437118086,0.00167347340917826,-0.999264319337505));
#7107=DIRECTION('center_axis',(-0.906307787036188,0.42261826174169,0.));
#7108=DIRECTION('ref_axis',(0.42261826174169,0.906307787036188,0.));
#7109=DIRECTION('',(0.,0.,-1.));
#7110=DIRECTION('',(0.42261826174169,0.906307787036188,0.));
#7111=DIRECTION('',(0.,0.,-1.));
#7112=DIRECTION('center_axis',(0.,0.,-1.));
#7113=DIRECTION('ref_axis',(-0.906307787036148,0.422618261741777,0.));
#7114=DIRECTION('center_axis',(0.,0.,-1.));
#7115=DIRECTION('ref_axis',(-0.906307787036148,0.422618261741777,0.));
#7116=DIRECTION('',(0.,0.,-1.));
#7117=DIRECTION('center_axis',(-0.422618261741607,-0.906307787036227,0.));
#7118=DIRECTION('ref_axis',(-0.906307787036227,0.422618261741607,0.));
#7119=DIRECTION('',(-0.906307787036227,0.422618261741607,0.));
#7120=DIRECTION('',(0.,0.,-1.));
#7121=DIRECTION('center_axis',(0.,0.,-1.));
#7122=DIRECTION('ref_axis',(-0.422618261741712,-0.906307787036178,0.));
#7123=DIRECTION('center_axis',(0.,0.,-1.));
#7124=DIRECTION('ref_axis',(-0.422618261741712,-0.906307787036178,0.));
#7125=DIRECTION('',(0.,0.,-1.));
#7126=DIRECTION('center_axis',(0.906307787036161,-0.422618261741748,0.));
#7127=DIRECTION('ref_axis',(-0.422618261741748,-0.906307787036161,0.));
#7128=DIRECTION('',(-0.422618261741748,-0.906307787036161,0.));
#7129=DIRECTION('',(0.,0.,-1.));
#7130=DIRECTION('center_axis',(0.,0.,-1.));
#7131=DIRECTION('ref_axis',(0.906307787036384,-0.422618261741269,0.));
#7132=DIRECTION('center_axis',(0.,0.,-1.));
#7133=DIRECTION('ref_axis',(0.906307787036384,-0.422618261741269,0.));
#7134=DIRECTION('',(0.,0.,-1.));
#7135=DIRECTION('center_axis',(0.422618261741669,0.906307787036198,0.));
#7136=DIRECTION('ref_axis',(0.906307787036198,-0.422618261741669,0.));
#7137=DIRECTION('',(0.906307787036198,-0.422618261741669,0.));
#7138=DIRECTION('',(0.,0.,-1.));
#7139=DIRECTION('center_axis',(0.,0.,-1.));
#7140=DIRECTION('ref_axis',(0.422618261741948,0.906307787036068,0.));
#7141=DIRECTION('center_axis',(0.,0.,-1.));
#7142=DIRECTION('ref_axis',(0.422618261741948,0.906307787036068,0.));
#7143=DIRECTION('center_axis',(0.965189377473483,0.258815849169965,0.0377335637169395));
#7144=DIRECTION('ref_axis',(0.258815849169965,-0.965913898909993,0.00496951817853024));
#7145=DIRECTION('center_axis',(-0.96592646106285,-0.25881584917001,0.000654245370581676));
#7146=DIRECTION('ref_axis',(-0.25881584917001,0.96591389890998,-0.00496951817853116));
#7147=DIRECTION('center_axis',(-0.996194706089544,-0.087155620705824,7.30653757115489E-5));
#7148=DIRECTION('ref_axis',(-0.0871556207058239,0.99619330316266,-0.00167347340917382));
#7149=DIRECTION('center_axis',(0.995457622500166,0.087155620705816,0.0383147437118092));
#7150=DIRECTION('ref_axis',(0.087155620705816,-0.996193303162661,0.00167347340917368));
#7151=DIRECTION('center_axis',(-0.0874762301083537,0.996012505648509,0.0175213514835395));
#7152=DIRECTION('ref_axis',(0.996012505648509,0.0871398029730407,0.0191244171048167));
#7153=DIRECTION('',(0.0175213514835443,0.019124417104818,-0.999663572864687));
#7154=DIRECTION('',(7.30653757369858E-5,-0.00167347340916642,-0.999998597073116));
#7155=DIRECTION('center_axis',(-0.996194706089544,-0.0871556207058312,7.30653757083543E-5));
#7156=DIRECTION('ref_axis',(-0.0871556207058312,0.996193303162659,-0.001673473409174));
#7157=DIRECTION('center_axis',(0.995457622500166,0.0871556207058099,0.038314743711809));
#7158=DIRECTION('ref_axis',(0.0871556207058099,-0.996193303162661,0.00167347340917354));
#7159=DIRECTION('center_axis',(0.965189377473465,0.258815849170033,0.037733563716942));
#7160=DIRECTION('ref_axis',(0.258815849170032,-0.965913898909974,0.00496951817853156));
#7161=DIRECTION('',(0.0377335637169408,0.00496951817853634,-0.99927547856349));
#7162=DIRECTION('center_axis',(-0.965926461062841,-0.258815849170043,0.000654245370577557));
#7163=DIRECTION('ref_axis',(-0.258815849170043,0.965913898909971,-0.00496951817853173));
#7164=DIRECTION('',(0.0241607984045883,-0.0185435343118213,-0.999536088971118));
#7165=DIRECTION('center_axis',(0.258310631143643,-0.965759739095923,0.0241607984045709));
#7166=DIRECTION('ref_axis',(-0.965759739095923,-0.258774542172525,-0.0185435343118345));
#7167=DIRECTION('',(0.019193904543795,0.019197442399696,-0.99963145820531));
#7168=DIRECTION('center_axis',(-0.00036854179345681,0.999815712121644,0.0191939045437899));
#7169=DIRECTION('ref_axis',(0.999815712121644,-1.23328017135864E-12,0.0191974423996955));
#7170=DIRECTION('center_axis',(-1.,1.32672052824293E-12,-1.18401965224082E-14));
#7171=DIRECTION('ref_axis',(1.32672052824293E-12,1.,2.54743355326828E-14));
#7172=DIRECTION('',(1.18401965224474E-14,3.25605404367304E-14,-1.));
#7173=DIRECTION('',(0.0191939045437476,-0.0191974423996841,-0.999631458205311));
#7174=DIRECTION('center_axis',(-0.000368541795912297,-0.999815712121644,
0.019193904543731));
#7175=DIRECTION('ref_axis',(-0.999815712121644,1.22333970786033E-12,-0.0191974423996955));
#7176=DIRECTION('center_axis',(-0.996194706089544,-0.0871556207058246,7.306537571155E-5));
#7177=DIRECTION('ref_axis',(-0.0871556207058246,0.99619330316266,-0.00167347340917381));
#7178=DIRECTION('',(0.0208664576039983,-0.0191244171048032,-0.999599343545934));
#7179=DIRECTION('center_axis',(0.0867391465189342,-0.996012505648513,0.0208664576039792));
#7180=DIRECTION('ref_axis',(-0.996012505648512,-0.0871398029730001,-0.0191244171048168));
#7181=DIRECTION('',(0.0383147437118056,0.00167347340918122,-0.999264319337505));
#7182=DIRECTION('center_axis',(0.995457622500166,0.0871556207058091,0.0383147437118063));
#7183=DIRECTION('ref_axis',(0.0871556207058091,-0.996193303162661,0.00167347340917351));
#7184=DIRECTION('center_axis',(0.965189377473483,0.258815849169966,0.0377335637169395));
#7185=DIRECTION('ref_axis',(0.258815849169966,-0.965913898909992,0.00496951817853025));
#7186=DIRECTION('',(0.0142270106829543,0.0185435343118331,-0.999726827439503));
#7187=DIRECTION('center_axis',(-0.259047714733025,0.965759739095923,0.0142270106829471));
#7188=DIRECTION('ref_axis',(0.965759739095922,0.258774542172528,0.0185435343118345));
#7189=DIRECTION('',(0.000654245370600336,-0.0049695181785245,-0.99998743784713));
#7190=DIRECTION('center_axis',(-0.965926461062851,-0.258815849170005,0.00065424537058022));
#7191=DIRECTION('ref_axis',(-0.258815849170005,0.965913898909982,-0.00496951817853106));
#7192=DIRECTION('center_axis',(-0.000368541793454822,0.999815712121644,
0.01919390454379));
#7193=DIRECTION('ref_axis',(0.999815712121644,-1.23526826405831E-12,0.0191974423996955));
#7194=DIRECTION('center_axis',(-0.000368541795905672,-0.999815712121644,
0.0191939045437311));
#7195=DIRECTION('ref_axis',(-0.999815712121644,1.21671273219479E-12,-0.0191974423996954));
#7196=DIRECTION('',(0.0191939045437476,-0.0191974423996841,-0.999631458205311));
#7197=DIRECTION('center_axis',(-0.000368541793446873,0.999815712121644,
0.0191939045437901));
#7198=DIRECTION('ref_axis',(0.999815712121644,-1.24322063485697E-12,0.0191974423996955));
#7199=DIRECTION('',(0.019193904543795,0.019197442399696,-0.99963145820531));
#7200=DIRECTION('',(1.18401965224474E-14,2.96004913061186E-14,-1.));
#7201=DIRECTION('center_axis',(-1.,1.31744316709217E-12,-1.18401965224084E-14));
#7202=DIRECTION('ref_axis',(1.31744316709217E-12,1.,2.5275112057017E-14));
#7203=DIRECTION('',(0.0191939045437476,-0.0191974423996841,-0.999631458205311));
#7204=DIRECTION('center_axis',(-0.000368541795906998,-0.999815712121644,
0.0191939045437311));
#7205=DIRECTION('ref_axis',(-0.999815712121644,1.21803812732789E-12,-0.0191974423996955));
#7206=DIRECTION('',(0.0383878090875308,-1.77602947836711E-14,-0.999262916410621));
#7207=DIRECTION('center_axis',(0.999262916410621,-1.3386486796598E-12,0.0383878090875308));
#7208=DIRECTION('ref_axis',(-1.33864948922189E-12,-1.,-2.56822942433529E-14));
#7209=DIRECTION('center_axis',(0.,0.,1.));
#7210=DIRECTION('ref_axis',(1.,0.,0.));
#7211=DIRECTION('',(0.,0.,-1.));
#7212=DIRECTION('center_axis',(0.0191974423996897,6.02739438699089E-15,
-0.999815712121644));
#7213=DIRECTION('ref_axis',(0.999815712121644,0.,0.0191974423996897));
#7214=DIRECTION('center_axis',(0.,0.,-1.));
#7215=DIRECTION('ref_axis',(1.,0.,0.));
#7216=DIRECTION('center_axis',(0.0191974423996897,6.02739438699089E-15,
-0.999815712121644));
#7217=DIRECTION('ref_axis',(0.999815712121644,0.,0.0191974423996897));
#7218=DIRECTION('',(0.,0.,1.));
#7219=DIRECTION('',(0.,0.,-1.));
#7220=DIRECTION('center_axis',(0.,0.,-1.));
#7221=DIRECTION('ref_axis',(1.,0.,0.));
#7222=DIRECTION('center_axis',(-0.99999964065642,-0.000847754109771215,
0.));
#7223=DIRECTION('ref_axis',(-0.000847754109771215,0.99999964065642,0.));
#7224=DIRECTION('',(0.000847754109771215,-0.99999964065642,0.));
#7225=DIRECTION('',(0.,0.,-1.));
#7226=DIRECTION('',(-0.000847413404341212,0.999999640945197,0.));
#7227=DIRECTION('',(0.,0.,-1.));
#7228=DIRECTION('center_axis',(-0.999999960948872,0.000279467807585148,
0.));
#7229=DIRECTION('ref_axis',(0.000279467807585148,0.999999960948871,0.));
#7230=DIRECTION('',(-0.000279467807585148,-0.999999960948871,0.));
#7231=DIRECTION('',(0.,0.,-1.));
#7232=DIRECTION('',(0.00027946828101685,0.999999960948739,0.));
#7233=DIRECTION('',(0.,0.,-1.));
#7234=DIRECTION('center_axis',(0.,0.,-1.));
#7235=DIRECTION('ref_axis',(-1.,0.,0.));
#7236=DIRECTION('',(-1.,1.04837856063793E-12,0.));
#7237=DIRECTION('center_axis',(0.,0.,1.));
#7238=DIRECTION('ref_axis',(1.,0.,0.));
#7239=DIRECTION('center_axis',(0.,0.,1.));
#7240=DIRECTION('ref_axis',(1.,0.,0.));
#7241=DIRECTION('',(0.,0.,1.));
#7242=DIRECTION('',(0.,0.,-1.));
#7243=DIRECTION('center_axis',(0.,0.,-1.));
#7244=DIRECTION('ref_axis',(1.,0.,0.));
#7245=DIRECTION('center_axis',(0.,0.,1.));
#7246=DIRECTION('ref_axis',(1.,0.,0.));
#7247=DIRECTION('',(-3.38277643352321E-12,-1.,0.));
#7248=DIRECTION('',(-1.,0.,0.));
#7249=DIRECTION('',(-3.38622690664397E-12,-1.,0.));
#7250=DIRECTION('',(-1.,0.,0.));
#7251=DIRECTION('center_axis',(0.,0.,-1.));
#7252=DIRECTION('ref_axis',(-1.,0.,0.));
#7253=DIRECTION('center_axis',(0.,0.,1.));
#7254=DIRECTION('ref_axis',(-0.969877741055909,0.243592215401657,0.));
#7255=DIRECTION('center_axis',(0.,0.,1.));
#7256=DIRECTION('ref_axis',(-0.954304255371959,0.298836724950217,0.));
#7257=DIRECTION('',(-1.,-2.4672236036754E-13,0.));
#7258=DIRECTION('center_axis',(0.,0.,1.));
#7259=DIRECTION('ref_axis',(1.87232016606567E-5,0.999999999824721,0.));
#7260=DIRECTION('center_axis',(0.,0.,-1.));
#7261=DIRECTION('ref_axis',(-0.587812717650145,-0.808997038912227,0.));
#7262=DIRECTION('',(-1.,-1.73103191376008E-13,0.));
#7263=DIRECTION('center_axis',(0.,0.,1.));
#7264=DIRECTION('ref_axis',(1.88632334730793E-6,0.999999999998221,0.));
#7265=DIRECTION('center_axis',(0.,0.,-1.));
#7266=DIRECTION('ref_axis',(-0.58781633322169,-0.808994411845847,0.));
#7267=DIRECTION('',(-1.,-3.13722250862034E-13,0.));
#7268=DIRECTION('center_axis',(0.,0.,1.));
#7269=DIRECTION('ref_axis',(9.10219582545865E-6,0.999999999958575,0.));
#7270=DIRECTION('',(3.38622690664397E-12,1.,0.));
#7271=DIRECTION('center_axis',(0.,0.,-1.));
#7272=DIRECTION('ref_axis',(-0.961513522584575,-0.274757612973694,0.));
#7273=DIRECTION('',(-0.90908405865755,0.416612738997161,0.));
#7274=DIRECTION('center_axis',(0.,0.,1.));
#7275=DIRECTION('ref_axis',(0.416640472839898,0.909071348350473,0.));
#7276=DIRECTION('',(0.422618231040992,0.906307801352158,0.));
#7277=DIRECTION('center_axis',(0.,0.,1.));
#7278=DIRECTION('ref_axis',(0.906305957476564,-0.422622185222794,0.));
#7279=DIRECTION('',(0.911040253068133,-0.412317422975979,0.));
#7280=DIRECTION('center_axis',(0.,0.,-1.));
#7281=DIRECTION('ref_axis',(0.300892327794018,0.953658118549146,0.));
#7282=DIRECTION('center_axis',(0.,0.,-1.));
#7283=DIRECTION('ref_axis',(-0.200647908847991,0.979663420096376,0.));
#7284=DIRECTION('center_axis',(0.,0.,1.));
#7285=DIRECTION('ref_axis',(0.0584285336176736,-0.99829159390395,0.));
#7286=DIRECTION('',(1.,8.7788324927087E-11,0.));
#7287=DIRECTION('center_axis',(0.,0.,1.));
#7288=DIRECTION('ref_axis',(2.07186658756551E-5,-0.999999999785368,0.));
#7289=DIRECTION('',(-0.00027946828101685,-0.999999960948739,0.));
#7290=DIRECTION('center_axis',(0.,0.,-1.));
#7291=DIRECTION('ref_axis',(0.991463089084554,0.130387664228306,0.));
#7292=DIRECTION('',(0.258819068444375,-0.965925820034637,0.));
#7293=DIRECTION('center_axis',(0.,0.,1.));
#7294=DIRECTION('ref_axis',(-0.961722420232893,-0.274025521478177,0.));
#7295=DIRECTION('',(-0.965925795002573,-0.258819161865284,0.));
#7296=DIRECTION('center_axis',(0.,0.,-1.));
#7297=DIRECTION('ref_axis',(0.999999702286611,0.000771638963697421,0.));
#7298=DIRECTION('',(0.000847413404341212,-0.999999640945197,0.));
#7299=DIRECTION('center_axis',(0.,0.,1.));
#7300=DIRECTION('ref_axis',(-0.999995507652012,-0.00299744487771072,0.));
#7301=DIRECTION('',(-1.,2.9998935045963E-11,0.));
#7302=DIRECTION('center_axis',(0.,0.,-1.));
#7303=DIRECTION('ref_axis',(0.984819477640742,-0.173581670862495,0.));
#7304=DIRECTION('',(-0.173648502928254,-0.984807695659806,0.));
#7305=DIRECTION('',(-1.,1.04837856063793E-12,0.));
#7306=DIRECTION('',(-1.,1.04837856063793E-12,0.));
#7307=DIRECTION('',(-0.173784383576552,0.984783726523199,0.));
#7308=DIRECTION('center_axis',(0.,0.,1.));
#7309=DIRECTION('ref_axis',(0.984783293437039,0.173786837727428,0.));
#7310=DIRECTION('',(-1.,-4.26711135196963E-14,0.));
#7311=DIRECTION('',(-0.173784383576458,0.984783726523215,0.));
#7312=DIRECTION('center_axis',(0.,0.,1.));
#7313=DIRECTION('ref_axis',(0.98477917993405,0.173810145758008,0.));
#7314=DIRECTION('',(-1.,1.05972147018826E-11,0.));
#7315=DIRECTION('center_axis',(0.,0.,1.));
#7316=DIRECTION('ref_axis',(8.85903202534235E-6,0.999999999960759,0.));
#7317=DIRECTION('',(-0.173648502928255,-0.984807695659806,0.));
#7318=DIRECTION('center_axis',(0.,0.,-1.));
#7319=DIRECTION('ref_axis',(-1.76078317344278E-5,-0.999999999844982,0.));
#7320=DIRECTION('',(-1.,1.55930146733518E-11,0.));
#7321=DIRECTION('center_axis',(0.,0.,1.));
#7322=DIRECTION('ref_axis',(-8.50808117090312E-5,0.999999996380628,0.));
#7323=DIRECTION('center_axis',(0.,0.,-1.));
#7324=DIRECTION('ref_axis',(0.258838146361615,-0.965920707919694,0.));
#7325=DIRECTION('',(-0.965925795022248,-0.258819161791853,0.));
#7326=DIRECTION('center_axis',(0.,0.,1.));
#7327=DIRECTION('ref_axis',(-0.255081891874791,0.966919452921275,0.));
#7328=DIRECTION('',(0.258819068458125,-0.965925820030953,0.));
#7329=DIRECTION('center_axis',(0.,0.,-1.));
#7330=DIRECTION('ref_axis',(0.999999955184456,-0.000299384513650841,0.));
#7331=DIRECTION('center_axis',(0.,0.,1.));
#7332=DIRECTION('ref_axis',(-0.999999999990602,4.33546149398704E-6,0.));
#7333=DIRECTION('',(1.,7.76422549841499E-11,0.));
#7334=DIRECTION('center_axis',(0.,0.,1.));
#7335=DIRECTION('ref_axis',(8.77862352504298E-11,-1.,0.));
#7336=DIRECTION('center_axis',(0.,0.,-1.));
#7337=DIRECTION('ref_axis',(0.185184982862415,0.982703679713395,0.));
#7338=DIRECTION('center_axis',(0.,0.,-1.));
#7339=DIRECTION('ref_axis',(0.412317422975986,0.91104025306813,0.));
#7340=DIRECTION('',(0.911040253068134,-0.412317422975976,0.));
#7341=DIRECTION('center_axis',(0.,0.,1.));
#7342=DIRECTION('ref_axis',(-0.412314236308531,-0.911041695279262,0.));
#7343=DIRECTION('',(0.422618231041533,0.906307801351906,0.));
#7344=DIRECTION('center_axis',(0.,0.,1.));
#7345=DIRECTION('ref_axis',(0.906325018017988,-0.422581307815069,0.));
#7346=DIRECTION('',(-0.90908405862883,0.416612739059829,0.));
#7347=DIRECTION('center_axis',(0.,0.,-1.));
#7348=DIRECTION('ref_axis',(-0.974900123424863,-0.222642649432195,0.));
#7349=DIRECTION('',(3.38277643352321E-12,1.,0.));
#7350=DIRECTION('center_axis',(0.,0.,1.));
#7351=DIRECTION('ref_axis',(0.999999999926356,1.21362285270238E-5,0.));
#7352=DIRECTION('center_axis',(1.,-3.37507799676095E-12,0.));
#7353=DIRECTION('ref_axis',(0.,0.,-1.));
#7354=DIRECTION('center_axis',(-1.,3.38622690664397E-12,0.));
#7355=DIRECTION('ref_axis',(0.,0.,-1.));
#7356=DIRECTION('',(0.70710678098672,-2.38654053786874E-12,-0.707106781386375));
#7357=DIRECTION('center_axis',(1.,-3.38622690664397E-12,0.));
#7358=DIRECTION('ref_axis',(0.,0.,-1.));
#7359=DIRECTION('center_axis',(0.707106781186542,-2.39442400832428E-12,
0.707106781186553));
#7360=DIRECTION('ref_axis',(0.707106781186553,0.,-0.707106781186542));
#7361=DIRECTION('',(0.707106781186553,-2.38654053719932E-12,-0.707106781186542));
#7362=DIRECTION('',(3.38622690664397E-12,1.,0.));
#7363=DIRECTION('center_axis',(1.,-3.37507799708698E-12,0.));
#7364=DIRECTION('ref_axis',(-3.37507799708698E-12,-1.,-3.61636164373013E-15));
#7365=DIRECTION('center_axis',(1.,-3.38622690664397E-12,0.));
#7366=DIRECTION('ref_axis',(-3.38622690664397E-12,-1.,-3.61636164373013E-15));
#7367=DIRECTION('center_axis',(-1.,3.38622690664397E-12,0.));
#7368=DIRECTION('ref_axis',(-3.38622690664397E-12,-1.,-3.61636164373013E-15));
#7369=DIRECTION('center_axis',(0.,0.,-1.));
#7370=DIRECTION('ref_axis',(1.,0.,0.));
#7371=DIRECTION('',(-0.995234226312889,-0.0975132543574712,-1.26091728526121E-13));
#7372=DIRECTION('center_axis',(0.,0.,-1.));
#7373=DIRECTION('ref_axis',(-0.200647908847991,0.979663420096376,0.));
#7374=DIRECTION('center_axis',(0.,0.,1.));
#7375=DIRECTION('ref_axis',(0.0584285336176736,-0.99829159390395,0.));
#7376=DIRECTION('',(0.,-1.,0.));
#7377=DIRECTION('center_axis',(0.,0.,1.));
#7378=DIRECTION('ref_axis',(0.0584285336176736,-0.99829159390395,0.));
#7379=DIRECTION('center_axis',(0.,0.,-1.));
#7380=DIRECTION('ref_axis',(-0.200647908847991,0.979663420096376,0.));
#7381=DIRECTION('',(-1.20456247826723E-15,1.,0.));
#7382=DIRECTION('center_axis',(1.,-3.37507799741624E-12,0.));
#7383=DIRECTION('ref_axis',(0.,0.,-1.));
#7384=DIRECTION('center_axis',(-1.,3.38622690664397E-12,0.));
#7385=DIRECTION('ref_axis',(0.,0.,-1.));
#7386=DIRECTION('',(0.707106780918291,-2.38654053810115E-12,-0.707106781454804));
#7387=DIRECTION('center_axis',(1.,-3.38622690664397E-12,0.));
#7388=DIRECTION('ref_axis',(0.,0.,-1.));
#7389=DIRECTION('center_axis',(0.707106781186555,-2.39442400832432E-12,
0.70710678118654));
#7390=DIRECTION('ref_axis',(0.70710678118654,0.,-0.707106781186555));
#7391=DIRECTION('',(0.707106781186535,-2.38654053719934E-12,-0.70710678118656));
#7392=DIRECTION('',(3.38622690664397E-12,1.,0.));
#7393=DIRECTION('',(-3.38622690664397E-12,-1.,0.));
#7394=DIRECTION('center_axis',(1.,-3.37507799753891E-12,0.));
#7395=DIRECTION('ref_axis',(-3.37507799753891E-12,-1.,0.));
#7396=DIRECTION('center_axis',(1.,-3.38622690664397E-12,0.));
#7397=DIRECTION('ref_axis',(-3.38622690664397E-12,-1.,0.));
#7398=DIRECTION('center_axis',(-1.,3.38622690664397E-12,0.));
#7399=DIRECTION('ref_axis',(-3.38622690664397E-12,-1.,0.));
#7400=DIRECTION('center_axis',(0.,0.,-1.));
#7401=DIRECTION('ref_axis',(0.,1.,0.));
#7402=DIRECTION('',(1.,0.,0.));
#7403=DIRECTION('',(3.38622690664397E-12,1.,0.));
#7404=DIRECTION('',(1.,0.,0.));
#7405=DIRECTION('center_axis',(-0.999999640945197,-0.000847413404341212,
0.));
#7406=DIRECTION('ref_axis',(-0.000847413404341212,0.999999640945197,0.));
#7407=DIRECTION('',(0.,0.,-1.));
#7408=DIRECTION('',(0.000847754092139765,-0.999999640656435,0.));
#7409=DIRECTION('',(0.,0.,-1.));
#7410=DIRECTION('center_axis',(-0.258819161865284,0.965925795002573,0.));
#7411=DIRECTION('ref_axis',(0.965925795002573,0.258819161865284,0.));
#7412=DIRECTION('',(0.,0.,1.));
#7413=DIRECTION('',(-0.965925794963204,-0.258819162012211,0.));
#7414=DIRECTION('',(0.,0.,-1.));
#7415=DIRECTION('center_axis',(0.,0.,-1.));
#7416=DIRECTION('ref_axis',(1.,0.,0.));
#7417=DIRECTION('',(1.,-1.04837856063793E-12,0.));
#7418=DIRECTION('',(4.27509741759549E-8,0.999999999999999,0.));
#7419=DIRECTION('center_axis',(0.,0.,1.));
#7420=DIRECTION('ref_axis',(-1.,0.,0.));
#7421=DIRECTION('center_axis',(0.,0.,1.));
#7422=DIRECTION('ref_axis',(-1.,0.,0.));
#7423=DIRECTION('',(0.,0.,1.));
#7424=DIRECTION('center_axis',(0.,0.,1.));
#7425=DIRECTION('ref_axis',(-1.,0.,0.));
#7426=DIRECTION('center_axis',(0.,0.,1.));
#7427=DIRECTION('ref_axis',(-1.,0.,0.));
#7428=DIRECTION('center_axis',(0.,0.,1.));
#7429=DIRECTION('ref_axis',(-1.,0.,0.));
#7430=DIRECTION('center_axis',(0.,0.,1.));
#7431=DIRECTION('ref_axis',(-1.,0.,0.));
#7432=DIRECTION('',(0.,0.,1.));
#7433=DIRECTION('center_axis',(0.,0.,1.));
#7434=DIRECTION('ref_axis',(-1.,0.,0.));
#7435=DIRECTION('center_axis',(0.,0.,1.));
#7436=DIRECTION('ref_axis',(-1.,0.,0.));
#7437=DIRECTION('center_axis',(0.,0.,1.));
#7438=DIRECTION('ref_axis',(-1.,0.,0.));
#7439=DIRECTION('center_axis',(0.,0.,1.));
#7440=DIRECTION('ref_axis',(-1.,0.,0.));
#7441=DIRECTION('',(0.,0.,1.));
#7442=DIRECTION('center_axis',(0.,0.,1.));
#7443=DIRECTION('ref_axis',(-1.,0.,0.));
#7444=DIRECTION('center_axis',(0.,0.,1.));
#7445=DIRECTION('ref_axis',(-1.,0.,0.));
#7446=DIRECTION('center_axis',(0.,0.,1.));
#7447=DIRECTION('ref_axis',(-1.,0.,0.));
#7448=DIRECTION('center_axis',(0.,0.,1.));
#7449=DIRECTION('ref_axis',(-1.,0.,0.));
#7450=DIRECTION('',(0.,0.,1.));
#7451=DIRECTION('center_axis',(0.,0.,1.));
#7452=DIRECTION('ref_axis',(-1.,0.,0.));
#7453=DIRECTION('center_axis',(0.,0.,1.));
#7454=DIRECTION('ref_axis',(-1.,0.,0.));
#7455=DIRECTION('center_axis',(0.,0.,1.));
#7456=DIRECTION('ref_axis',(-1.,0.,0.));
#7457=DIRECTION('',(0.,0.,-1.));
#7458=DIRECTION('center_axis',(0.,0.,-1.));
#7459=DIRECTION('ref_axis',(-1.,0.,0.));
#7460=DIRECTION('center_axis',(0.,0.,1.));
#7461=DIRECTION('ref_axis',(1.,0.,0.));
#7462=DIRECTION('center_axis',(0.,0.,1.));
#7463=DIRECTION('ref_axis',(-1.,0.,0.));
#7464=DIRECTION('',(0.,0.,-1.));
#7465=DIRECTION('center_axis',(0.,0.,-1.));
#7466=DIRECTION('ref_axis',(-1.,0.,0.));
#7467=DIRECTION('center_axis',(0.,0.,1.));
#7468=DIRECTION('ref_axis',(1.,0.,0.));
#7469=DIRECTION('center_axis',(0.,0.,1.));
#7470=DIRECTION('ref_axis',(1.,0.,0.));
#7471=DIRECTION('',(0.,0.,1.));
#7472=DIRECTION('center_axis',(0.,0.,-1.));
#7473=DIRECTION('ref_axis',(1.,0.,0.));
#7474=DIRECTION('',(0.,0.,-1.));
#7475=DIRECTION('center_axis',(1.,0.,0.));
#7476=DIRECTION('ref_axis',(0.,1.,0.));
#7477=DIRECTION('',(0.,0.,1.));
#7478=DIRECTION('',(-4.0752773549769E-11,-1.,0.));
#7479=DIRECTION('center_axis',(-0.999999999999999,4.27509741759549E-8,0.));
#7480=DIRECTION('ref_axis',(4.27509741759549E-8,0.999999999999999,0.));
#7481=DIRECTION('',(0.,0.,1.));
#7482=DIRECTION('center_axis',(0.999999999999999,-4.27509699991169E-8,0.));
#7483=DIRECTION('ref_axis',(-4.27509699991169E-8,-0.999999999999999,0.));
#7484=DIRECTION('',(-4.27509699991169E-8,-0.999999999999999,0.));
#7485=DIRECTION('',(0.,0.,-1.));
#7486=DIRECTION('',(4.27509699991169E-8,0.999999999999999,0.));
#7487=DIRECTION('center_axis',(-3.13722250862034E-13,1.,0.));
#7488=DIRECTION('ref_axis',(-1.,-3.13722250862034E-13,0.));
#7489=DIRECTION('',(1.,-1.04837856063793E-12,0.));
#7490=DIRECTION('',(1.,-1.04837856063793E-12,0.));
#7491=DIRECTION('',(0.,0.,-1.));
#7492=DIRECTION('',(0.,0.,1.));
#7493=DIRECTION('',(1.,3.13722250862034E-13,0.));
#7494=DIRECTION('center_axis',(1.,-4.07492943448843E-11,0.));
#7495=DIRECTION('ref_axis',(-4.07492943448843E-11,-1.,0.));
#7496=DIRECTION('',(0.,0.,1.));
#7497=DIRECTION('',(4.07492943448843E-11,1.,0.));
#7498=DIRECTION('',(0.,0.,-1.));
#7499=DIRECTION('center_axis',(-6.4013196939936E-16,1.,0.));
#7500=DIRECTION('ref_axis',(-1.,-6.4013196939936E-16,0.));
#7501=DIRECTION('',(-1.,0.,0.));
#7502=DIRECTION('',(0.,0.,1.));
#7503=DIRECTION('center_axis',(0.,0.,1.));
#7504=DIRECTION('ref_axis',(1.,0.,0.));
#7505=DIRECTION('',(0.,0.,1.));
#7506=DIRECTION('center_axis',(0.,0.,-1.));
#7507=DIRECTION('ref_axis',(1.,0.,0.));
#7508=DIRECTION('center_axis',(1.,0.,0.));
#7509=DIRECTION('ref_axis',(0.,1.,0.));
#7510=DIRECTION('',(-4.0752773549769E-11,-1.,0.));
#7511=DIRECTION('center_axis',(1.,1.20456247826723E-15,0.));
#7512=DIRECTION('ref_axis',(-1.20456247826723E-15,1.,0.));
#7513=DIRECTION('',(-1.20456247826723E-15,1.,0.));
#7514=DIRECTION('',(0.,0.,1.));
#7515=DIRECTION('',(0.,0.,-1.));
#7516=DIRECTION('',(0.,0.000539380368046762,0.999999854534399));
#7517=DIRECTION('',(0.,0.000539445138200337,0.999999854499461));
#7518=DIRECTION('',(0.,0.000539470368915311,0.99999985448585));
#7519=DIRECTION('',(0.,0.,-1.));
#7520=DIRECTION('',(-9.36273095160712E-10,-1.,-3.59609851289762E-11));
#7521=DIRECTION('',(0.,0.,1.));
#7522=DIRECTION('center_axis',(0.,0.,1.));
#7523=DIRECTION('ref_axis',(0.,1.,0.));
#7524=DIRECTION('center_axis',(0.,0.,1.));
#7525=DIRECTION('ref_axis',(0.,1.,0.));
#7526=DIRECTION('',(0.,0.,1.));
#7527=DIRECTION('',(0.,0.,-1.));
#7528=DIRECTION('center_axis',(0.,1.,0.));
#7529=DIRECTION('ref_axis',(-1.,0.,0.));
#7530=DIRECTION('',(-1.,0.,0.));
#7531=DIRECTION('',(0.,0.,1.));
#7532=DIRECTION('center_axis',(-1.,0.,0.));
#7533=DIRECTION('ref_axis',(0.,-1.,0.));
#7534=DIRECTION('',(0.,-1.,0.));
#7535=DIRECTION('',(0.,0.,1.));
#7536=DIRECTION('',(0.,0.,-1.));
#7537=DIRECTION('',(0.,0.,-1.));
#7538=DIRECTION('center_axis',(0.,0.,1.));
#7539=DIRECTION('ref_axis',(1.,-8.88178419700136E-15,0.));
#7540=DIRECTION('center_axis',(0.,0.,1.));
#7541=DIRECTION('ref_axis',(1.,-8.88178419700136E-15,0.));
#7542=DIRECTION('',(0.99503973693844,0.0976262907780116,0.0191057389913818));
#7543=DIRECTION('',(-0.0190629327594869,-0.00124178799788885,0.999817514628132));
#7544=DIRECTION('',(-0.995206838869647,-0.0975575810211631,-0.00677246280043382));
#7545=DIRECTION('center_axis',(0.0976441138840836,-0.995221395983724,0.));
#7546=DIRECTION('ref_axis',(0.995221395983724,0.0976441138840836,0.));
#7547=DIRECTION('',(0.,0.,1.));
#7548=DIRECTION('center_axis',(0.0975132543574551,-0.995234226312891,0.));
#7549=DIRECTION('ref_axis',(0.995234226312891,0.097513254357455,0.));
#7550=DIRECTION('',(0.995234226312891,0.0975132543574551,0.));
#7551=DIRECTION('center_axis',(0.,0.,1.));
#7552=DIRECTION('ref_axis',(1.,0.,0.));
#7553=DIRECTION('center_axis',(0.,0.,1.));
#7554=DIRECTION('ref_axis',(8.77881339187684E-11,-1.,0.));
#7555=DIRECTION('',(-1.,0.,0.));
#7556=DIRECTION('center_axis',(0.,0.,1.));
#7557=DIRECTION('ref_axis',(8.77881339187684E-11,-1.,0.));
#7558=DIRECTION('center_axis',(0.,0.,1.));
#7559=DIRECTION('ref_axis',(0.0584285336176736,-0.99829159390395,0.));
#7560=DIRECTION('',(0.,0.,-1.));
#7561=DIRECTION('',(0.,0.,-1.));
#7562=DIRECTION('center_axis',(0.,0.,-1.));
#7563=DIRECTION('ref_axis',(1.,0.,0.));
#7564=DIRECTION('center_axis',(0.,1.,0.));
#7565=DIRECTION('ref_axis',(-1.,0.,0.));
#7566=DIRECTION('center_axis',(0.0191974423996903,5.65347255968274E-15,
-0.999815712121644));
#7567=DIRECTION('ref_axis',(-0.999815712121644,0.,-0.0191974423996903));
#7568=DIRECTION('center_axis',(0.0191974423996738,-3.57534417174171E-13,
-0.999815712121645));
#7569=DIRECTION('ref_axis',(-0.0649763644830252,0.997886023315299,-0.00124760993424673));
#7570=DIRECTION('center_axis',(0.,0.,1.));
#7571=DIRECTION('ref_axis',(-0.200647908847991,0.979663420096376,0.));
#7572=DIRECTION('',(0.,0.,-1.));
#7573=DIRECTION('center_axis',(0.994000529133346,0.107697172138402,0.0190857851821571));
#7574=DIRECTION('ref_axis',(-0.0189747368218567,-0.00205585956736469,0.999817849812645));
#7575=DIRECTION('center_axis',(0.,0.,1.));
#7576=DIRECTION('ref_axis',(-1.,0.,0.));
#7577=DIRECTION('center_axis',(0.,0.,1.));
#7578=DIRECTION('ref_axis',(-1.,0.,0.));
#7579=DIRECTION('',(0.,0.,1.));
#7580=DIRECTION('center_axis',(0.,0.,1.));
#7581=DIRECTION('ref_axis',(-1.,0.,0.));
#7582=DIRECTION('center_axis',(0.,0.,1.));
#7583=DIRECTION('ref_axis',(-1.,0.,0.));
#7584=DIRECTION('center_axis',(0.,0.,1.));
#7585=DIRECTION('ref_axis',(1.,0.,0.));
#7586=DIRECTION('center_axis',(0.707106781186573,0.707106781186522,0.));
#7587=DIRECTION('ref_axis',(0.,0.,-1.));
#7588=DIRECTION('',(0.,0.,-1.));
#7589=DIRECTION('',(-0.707106781186522,0.707106781186573,0.));
#7590=DIRECTION('',(0.,0.,-1.));
#7591=DIRECTION('center_axis',(-3.14709141271191E-13,1.,0.));
#7592=DIRECTION('ref_axis',(-1.,-3.14709141271191E-13,0.));
#7593=DIRECTION('',(0.,0.,-1.));
#7594=DIRECTION('',(0.999815712121644,3.14651144191247E-13,0.0191974423996897));
#7595=DIRECTION('',(-1.,-3.14709141271191E-13,0.));
#7596=DIRECTION('center_axis',(0.,0.,1.));
#7597=DIRECTION('ref_axis',(-1.,0.,0.));
#7598=DIRECTION('center_axis',(0.,0.,1.));
#7599=DIRECTION('ref_axis',(-1.,0.,0.));
#7600=DIRECTION('',(0.,0.,1.));
#7601=DIRECTION('center_axis',(0.,0.,1.));
#7602=DIRECTION('ref_axis',(-1.,0.,0.));
#7603=DIRECTION('center_axis',(0.,0.,1.));
#7604=DIRECTION('ref_axis',(-1.,0.,0.));
#7605=DIRECTION('center_axis',(0.,0.,1.));
#7606=DIRECTION('ref_axis',(-1.,0.,0.));
#7607=DIRECTION('',(0.,0.,-1.));
#7608=DIRECTION('center_axis',(0.,0.,1.));
#7609=DIRECTION('ref_axis',(-1.,0.,0.));
#7610=DIRECTION('center_axis',(0.,0.,-1.));
#7611=DIRECTION('ref_axis',(-1.,0.,0.));
#7612=DIRECTION('center_axis',(0.,1.,0.));
#7613=DIRECTION('ref_axis',(1.,0.,0.));
#7614=DIRECTION('',(-1.,-3.13651910387461E-13,0.));
#7615=DIRECTION('',(0.,0.,-1.));
#7616=DIRECTION('',(0.,0.,-1.));
#7617=DIRECTION('',(-0.999815712121644,-3.13594108142353E-13,-0.0191974423996897));
#7618=DIRECTION('',(-1.,-3.13651910387461E-13,0.));
#7619=DIRECTION('center_axis',(0.,0.,1.));
#7620=DIRECTION('ref_axis',(-0.954304255371959,0.298836724950217,0.));
#7621=DIRECTION('',(0.,0.,-1.));
#7622=DIRECTION('',(0.,0.,-1.));
#7623=DIRECTION('center_axis',(-2.4672236036754E-13,1.,0.));
#7624=DIRECTION('ref_axis',(-1.,-2.4672236036754E-13,0.));
#7625=DIRECTION('',(0.,0.,-1.));
#7626=DIRECTION('center_axis',(0.,0.,1.));
#7627=DIRECTION('ref_axis',(1.87232016606567E-5,0.999999999824721,0.));
#7628=DIRECTION('',(0.,0.,-1.));
#7629=DIRECTION('center_axis',(0.984783726523209,0.173784383576496,0.));
#7630=DIRECTION('ref_axis',(-0.173784383576496,0.984783726523208,0.));
#7631=DIRECTION('',(0.,0.,-1.));
#7632=DIRECTION('center_axis',(-1.73103191376008E-13,1.,0.));
#7633=DIRECTION('ref_axis',(-1.,-1.73103191376008E-13,0.));
#7634=DIRECTION('',(0.,0.,-1.));
#7635=DIRECTION('center_axis',(0.,0.,1.));
#7636=DIRECTION('ref_axis',(1.88632334730793E-6,0.999999999998221,0.));
#7637=DIRECTION('',(0.,0.,-1.));
#7638=DIRECTION('center_axis',(0.984783726523202,0.173784383576532,0.));
#7639=DIRECTION('ref_axis',(-0.173784383576532,0.984783726523202,0.));
#7640=DIRECTION('center_axis',(0.,0.,1.));
#7641=DIRECTION('ref_axis',(9.10219582545865E-6,0.999999999958575,0.));
#7642=DIRECTION('',(0.,0.,-1.));
#7643=DIRECTION('center_axis',(0.,0.,-1.));
#7644=DIRECTION('ref_axis',(9.10219582545865E-6,0.999999999958575,0.));
#7645=DIRECTION('center_axis',(-0.0191974423996897,-6.02739438699089E-15,
0.999815712121644));
#7646=DIRECTION('ref_axis',(0.999815712121644,0.,0.0191974423996897));
#7647=DIRECTION('',(0.00967520310758051,0.999953176870335,0.000185773390153029));
#7648=DIRECTION('',(-3.13968614230004E-13,1.,0.));
#7649=DIRECTION('center_axis',(0.978147600733565,-0.207911690818893,0.));
#7650=DIRECTION('ref_axis',(-0.207911690818893,-0.978147600733565,0.));
#7651=DIRECTION('',(0.,0.,1.));
#7652=DIRECTION('',(0.207911690818893,0.978147600733565,0.));
#7653=DIRECTION('',(0.,0.,1.));
#7654=DIRECTION('center_axis',(0.,0.,-1.));
#7655=DIRECTION('ref_axis',(-0.207911690819006,-0.978147600733541,0.));
#7656=DIRECTION('',(0.,0.,1.));
#7657=DIRECTION('center_axis',(0.,0.,1.));
#7658=DIRECTION('ref_axis',(-0.207911690819006,-0.978147600733541,0.));
#7659=DIRECTION('center_axis',(-0.20791169081889,-0.978147600733565,0.));
#7660=DIRECTION('ref_axis',(-0.978147600733565,0.20791169081889,0.));
#7661=DIRECTION('',(0.,0.,-1.));
#7662=DIRECTION('',(0.978147600733565,-0.20791169081889,0.));
#7663=DIRECTION('center_axis',(0.,0.,-1.));
#7664=DIRECTION('ref_axis',(-0.978147600733553,0.207911690818946,0.));
#7665=DIRECTION('',(0.,0.,1.));
#7666=DIRECTION('center_axis',(0.,1.,0.));
#7667=DIRECTION('ref_axis',(0.,0.,-1.));
#7668=DIRECTION('',(0.,0.,-1.));
#7669=DIRECTION('',(-1.,0.,0.));
#7670=DIRECTION('',(0.,0.,1.));
#7671=DIRECTION('',(-1.,0.,0.));
#7672=DIRECTION('center_axis',(-1.,0.,0.));
#7673=DIRECTION('ref_axis',(0.,0.,-1.));
#7674=DIRECTION('center_axis',(-1.,3.38006267395436E-12,0.));
#7675=DIRECTION('ref_axis',(0.,0.,-1.));
#7676=DIRECTION('center_axis',(1.,-3.38622690664397E-12,0.));
#7677=DIRECTION('ref_axis',(0.,0.,-1.));
#7678=DIRECTION('center_axis',(0.,0.,1.));
#7679=DIRECTION('ref_axis',(1.,0.,0.));
#7680=DIRECTION('center_axis',(0.,0.,-1.));
#7681=DIRECTION('ref_axis',(1.,0.,0.));
#7682=DIRECTION('center_axis',(0.,0.,1.));
#7683=DIRECTION('ref_axis',(1.,0.,0.));
#7684=DIRECTION('',(0.,0.,-1.));
#7685=DIRECTION('center_axis',(0.,0.,1.));
#7686=DIRECTION('ref_axis',(1.,0.,0.));
#7687=DIRECTION('center_axis',(8.7788324927087E-11,-1.,0.));
#7688=DIRECTION('ref_axis',(1.,8.7788324927087E-11,0.));
#7689=DIRECTION('',(0.,0.,-1.));
#7690=DIRECTION('center_axis',(0.,0.,1.));
#7691=DIRECTION('ref_axis',(2.07186658756551E-5,-0.999999999785368,0.));
#7692=DIRECTION('',(0.,0.,-1.));
#7693=DIRECTION('center_axis',(-0.999999960948739,0.00027946828101685,0.));
#7694=DIRECTION('ref_axis',(-0.00027946828101685,-0.999999960948739,0.));
#7695=DIRECTION('',(0.,0.,-1.));
#7696=DIRECTION('center_axis',(0.,0.,1.));
#7697=DIRECTION('ref_axis',(0.965906511621251,0.258891117668539,0.));
#7698=DIRECTION('',(0.,0.,-1.));
#7699=DIRECTION('center_axis',(-0.965925820034637,-0.258819068444375,0.));
#7700=DIRECTION('ref_axis',(0.258819068444375,-0.965925820034637,0.));
#7701=DIRECTION('',(0.,0.,-1.));
#7702=DIRECTION('center_axis',(0.,0.,1.));
#7703=DIRECTION('ref_axis',(-0.961722420232893,-0.274025521478177,0.));
#7704=DIRECTION('',(0.,0.,-1.));
#7705=DIRECTION('center_axis',(-0.258819161865284,0.965925795002573,0.));
#7706=DIRECTION('ref_axis',(-0.965925795002573,-0.258819161865284,0.));
#7707=DIRECTION('',(0.,0.,-1.));
#7708=DIRECTION('center_axis',(0.,0.,1.));
#7709=DIRECTION('ref_axis',(0.999999702286611,0.000771638963697421,0.));
#7710=DIRECTION('',(0.,0.,-1.));
#7711=DIRECTION('center_axis',(-0.999999640945197,-0.000847413404341212,
0.));
#7712=DIRECTION('ref_axis',(0.000847413404341212,-0.999999640945197,0.));
#7713=DIRECTION('',(0.,0.,-1.));
#7714=DIRECTION('',(0.,0.,1.));
#7715=DIRECTION('center_axis',(0.,0.,1.));
#7716=DIRECTION('ref_axis',(-0.999995507652012,-0.00299744487771072,0.));
#7717=DIRECTION('',(0.,0.,-1.));
#7718=DIRECTION('center_axis',(2.9998935045963E-11,1.,0.));
#7719=DIRECTION('ref_axis',(-1.,2.9998935045963E-11,0.));
#7720=DIRECTION('',(0.,0.,-1.));
#7721=DIRECTION('center_axis',(0.,0.,1.));
#7722=DIRECTION('ref_axis',(0.984819477640742,-0.173581670862495,0.));
#7723=DIRECTION('',(0.,0.,-1.));
#7724=DIRECTION('center_axis',(-0.984807695659806,0.173648502928254,0.));
#7725=DIRECTION('ref_axis',(-0.173648502928254,-0.984807695659806,0.));
#7726=DIRECTION('center_axis',(0.999953194125403,-0.00967520327453463,0.));
#7727=DIRECTION('ref_axis',(0.00967520327453463,0.999953194125403,0.));
#7728=DIRECTION('',(-0.00967520327453463,-0.999953194125403,0.));
#7729=DIRECTION('',(0.,0.,-1.));
#7730=DIRECTION('center_axis',(1.,0.,0.));
#7731=DIRECTION('ref_axis',(0.,0.,-1.));
#7732=DIRECTION('center_axis',(-1.,3.38006267395436E-12,0.));
#7733=DIRECTION('ref_axis',(0.,0.,-1.));
#7734=DIRECTION('',(-1.,0.,0.));
#7735=DIRECTION('center_axis',(1.,-3.38622690664397E-12,0.));
#7736=DIRECTION('ref_axis',(0.,0.,-1.));
#7737=DIRECTION('center_axis',(-1.,0.,0.));
#7738=DIRECTION('ref_axis',(0.,-1.,-3.61636164373013E-15));
#7739=DIRECTION('center_axis',(-1.,3.38006267395436E-12,0.));
#7740=DIRECTION('ref_axis',(-3.38006267395436E-12,-1.,-3.61636164373013E-15));
#7741=DIRECTION('center_axis',(1.,-3.38622690664397E-12,0.));
#7742=DIRECTION('ref_axis',(-3.38622690664397E-12,-1.,-3.61636164373013E-15));
#7743=DIRECTION('',(-1.,0.,0.));
#7744=DIRECTION('center_axis',(0.,-1.,3.17206578464328E-14));
#7745=DIRECTION('ref_axis',(0.,3.17206578464328E-14,1.));
#7746=DIRECTION('',(1.07217811580005E-25,3.17206578464328E-14,1.));
#7747=DIRECTION('',(-1.07413345096038E-25,-3.17206578464328E-14,-1.));
#7748=DIRECTION('',(-1.,0.,0.));
#7749=DIRECTION('center_axis',(0.,0.,1.));
#7750=DIRECTION('ref_axis',(0.412317422975979,0.911040253068133,0.));
#7751=DIRECTION('center_axis',(0.0195489107487317,6.13494317595398E-15,
-0.999808901785005));
#7752=DIRECTION('ref_axis',(0.999808901785005,3.161701271277E-13,0.0195489107487317));
#7753=DIRECTION('',(0.,0.,1.));
#7754=DIRECTION('',(0.,0.,1.));
#7755=DIRECTION('center_axis',(0.,0.,-1.));
#7756=DIRECTION('ref_axis',(0.341367870760908,0.939929772276718,0.));
#7757=DIRECTION('center_axis',(-0.258819162012211,0.965925794963204,0.));
#7758=DIRECTION('ref_axis',(-0.965925794963204,-0.258819162012211,0.));
#7759=DIRECTION('',(-0.965759707786035,-0.258774659065671,-0.0185435337106499));
#7760=DIRECTION('',(0.,0.,1.));
#7761=DIRECTION('',(0.,0.,1.));
#7762=DIRECTION('center_axis',(0.,0.,1.));
#7763=DIRECTION('ref_axis',(0.258895083280445,-0.96590544871287,0.));
#7764=DIRECTION('center_axis',(0.0670388198964665,2.09982938517125E-14,
-0.997750367891132));
#7765=DIRECTION('ref_axis',(0.997750367891132,2.65779554283827E-13,0.0670388198964665));
#7766=DIRECTION('',(0.,0.,1.));
#7767=DIRECTION('center_axis',(-0.999999640656435,-0.000847754092139765,
0.));
#7768=DIRECTION('ref_axis',(0.000847754092139765,-0.999999640656435,0.));
#7769=DIRECTION('',(0.000847754092027453,-0.999999640523953,1.62777101294351E-5));
#7770=DIRECTION('',(0.,0.,1.));
#7771=DIRECTION('center_axis',(0.,0.,1.));
#7772=DIRECTION('ref_axis',(-5.67218332896204E-5,0.999999998391317,0.));
#7773=DIRECTION('',(0.,0.,-1.));
#7774=DIRECTION('center_axis',(0.,0.,1.));
#7775=DIRECTION('ref_axis',(-0.947518439887857,-0.319701119911208,0.));
#7776=DIRECTION('center_axis',(0.,0.,-1.));
#7777=DIRECTION('ref_axis',(-0.84161379546762,-0.54007982676507,0.));
#7778=DIRECTION('',(0.,0.,1.));
#7779=DIRECTION('',(0.,0.,1.));
#7780=DIRECTION('center_axis',(0.416612738975808,0.909084058667335,0.));
#7781=DIRECTION('ref_axis',(-0.909084058667335,0.416612738975808,0.));
#7782=DIRECTION('',(-0.909084058667335,0.416612738975808,0.));
#7783=DIRECTION('',(0.,0.,1.));
#7784=DIRECTION('center_axis',(0.,0.,1.));
#7785=DIRECTION('ref_axis',(0.906319279414875,-0.422593615381139,0.));
#7786=DIRECTION('center_axis',(0.,0.,1.));
#7787=DIRECTION('ref_axis',(0.938556030530839,0.345126900652781,0.));
#7788=DIRECTION('',(0.,0.,1.));
#7789=DIRECTION('center_axis',(0.906307801352059,-0.422618231041204,0.));
#7790=DIRECTION('ref_axis',(0.422618231041204,0.906307801352059,0.));
#7791=DIRECTION('',(0.422618231041204,0.906307801352059,0.));
#7792=DIRECTION('',(0.,0.,1.));
#7793=DIRECTION('center_axis',(0.,0.,1.));
#7794=DIRECTION('ref_axis',(-0.412315298528987,-0.911041214544629,0.));
#7795=DIRECTION('center_axis',(0.,0.,1.));
#7796=DIRECTION('ref_axis',(0.347339862141951,-0.93773931354466,0.));
#7797=DIRECTION('',(0.,0.,1.));
#7798=DIRECTION('center_axis',(-0.412317422975987,-0.911040253068129,0.));
#7799=DIRECTION('ref_axis',(0.911040253068129,-0.412317422975987,0.));
#7800=DIRECTION('',(0.911040253068129,-0.412317422975988,0.));
#7801=DIRECTION('center_axis',(8.39810400732568E-11,-1.,0.));
#7802=DIRECTION('ref_axis',(1.,8.39810400732568E-11,0.));
#7803=DIRECTION('',(0.999815712121644,8.39655633855596E-11,0.0191974423996897));
#7804=DIRECTION('',(0.,0.,1.));
#7805=DIRECTION('',(0.,0.,-1.));
#7806=DIRECTION('',(0.,0.,-1.));
#7807=DIRECTION('center_axis',(0.,0.,1.));
#7808=DIRECTION('ref_axis',(-0.99999999538742,9.60477003210789E-5,0.));
#7809=DIRECTION('',(0.,0.,-1.));
#7810=DIRECTION('center_axis',(-0.999999960948739,0.000279468281016693,
0.));
#7811=DIRECTION('ref_axis',(-0.000279468281016693,-0.999999960948739,0.));
#7812=DIRECTION('',(-0.000279468281012669,-0.999999960934342,-5.36606513406707E-6));
#7813=DIRECTION('',(0.,0.,-1.));
#7814=DIRECTION('center_axis',(0.,0.,1.));
#7815=DIRECTION('ref_axis',(0.999999960948739,-0.000279468281008118,0.));
#7816=DIRECTION('center_axis',(0.0431815442412813,-4.5856927482617E-9,-0.999067242099819));
#7817=DIRECTION('ref_axis',(0.999067238117332,-8.9288159457307E-5,0.0431815440695607));
#7818=DIRECTION('',(0.,0.,-1.));
#7819=DIRECTION('center_axis',(-0.965925820034637,-0.258819068444375,0.));
#7820=DIRECTION('ref_axis',(0.258819068444375,-0.965925820034637,0.));
#7821=DIRECTION('',(0.258815872511855,-0.965913892653246,0.0049695186267101));
#7822=DIRECTION('',(0.,0.,1.));
#7823=DIRECTION('center_axis',(0.,0.,1.));
#7824=DIRECTION('ref_axis',(-0.255766724143002,0.966738528673166,0.));
#7825=DIRECTION('center_axis',(-0.0138748309589104,-4.37440442337997E-15,
0.999903739899927));
#7826=DIRECTION('ref_axis',(-0.999903739899927,-3.15245883407571E-13,-0.0138748309589104));
#7827=DIRECTION('center_axis',(0.,1.,0.));
#7828=DIRECTION('ref_axis',(0.,0.,1.));
#7829=DIRECTION('',(0.,0.,-1.));
#7830=DIRECTION('',(1.,0.,0.));
#7831=DIRECTION('',(0.,0.,1.));
#7832=DIRECTION('center_axis',(-1.,0.,0.));
#7833=DIRECTION('ref_axis',(0.,-1.,0.));
#7834=DIRECTION('center_axis',(-1.,3.38006267395436E-12,0.));
#7835=DIRECTION('ref_axis',(-3.38006267395436E-12,-1.,0.));
#7836=DIRECTION('',(-1.,0.,0.));
#7837=DIRECTION('center_axis',(-1.,3.38622690664397E-12,0.));
#7838=DIRECTION('ref_axis',(-3.38622690664397E-12,-1.,0.));
#7839=DIRECTION('',(1.,0.,0.));
#7840=DIRECTION('center_axis',(1.,0.,0.));
#7841=DIRECTION('ref_axis',(0.,1.,0.));
#7842=DIRECTION('',(-1.,0.,0.));
#7843=DIRECTION('center_axis',(-1.,3.38622690664397E-12,0.));
#7844=DIRECTION('ref_axis',(3.38622690664397E-12,1.,0.));
#7845=DIRECTION('center_axis',(-1.,3.38006267395436E-12,0.));
#7846=DIRECTION('ref_axis',(3.38006267395436E-12,1.,0.));
#7847=DIRECTION('center_axis',(-1.,0.,0.));
#7848=DIRECTION('ref_axis',(0.,0.,1.));
#7849=DIRECTION('center_axis',(-1.,3.38006267395436E-12,0.));
#7850=DIRECTION('ref_axis',(0.,0.,1.));
#7851=DIRECTION('center_axis',(1.,-3.38622690664397E-12,0.));
#7852=DIRECTION('ref_axis',(0.,0.,1.));
#7853=DIRECTION('',(-1.,0.,0.));
#7854=DIRECTION('center_axis',(0.,-8.75570208694918E-16,1.));
#7855=DIRECTION('ref_axis',(0.,1.,8.75570208694918E-16));
#7856=DIRECTION('',(3.38006267395436E-12,1.,8.75570208694918E-16));
#7857=DIRECTION('',(-3.38622690664397E-12,-1.,-8.75570208694918E-16));
#7858=DIRECTION('',(-1.,0.,0.));
#7859=DIRECTION('center_axis',(-1.,0.,0.));
#7860=DIRECTION('ref_axis',(0.,1.,3.97799780810318E-15));
#7861=DIRECTION('center_axis',(1.,-3.38622690664397E-12,0.));
#7862=DIRECTION('ref_axis',(3.38622690664397E-12,1.,3.97799780810318E-15));
#7863=DIRECTION('center_axis',(-1.,3.38006267395436E-12,0.));
#7864=DIRECTION('ref_axis',(3.38006267395436E-12,1.,3.97799780810318E-15));
#7865=DIRECTION('center_axis',(0.,0.,1.));
#7866=DIRECTION('ref_axis',(-0.58781633322169,-0.808994411845847,0.));
#7867=DIRECTION('center_axis',(0.0575076137572699,1.89750419198259E-14,
-0.998345067779645));
#7868=DIRECTION('ref_axis',(-0.998345067779645,-4.07885930523326E-13,-0.0575076137572699));
#7869=DIRECTION('',(0.,0.,-1.));
#7870=DIRECTION('center_axis',(0.,0.,1.));
#7871=DIRECTION('ref_axis',(0.977060041553651,0.212964023250825,0.));
#7872=DIRECTION('center_axis',(-0.0138660484718307,-4.29117478718972E-15,
0.999903861728605));
#7873=DIRECTION('ref_axis',(0.999903861728605,4.0950906113535E-13,0.0138660484718307));
#7874=DIRECTION('',(0.,0.,-1.));
#7875=DIRECTION('center_axis',(-2.17874698381811E-13,1.,0.));
#7876=DIRECTION('ref_axis',(-1.,-2.17874698381811E-13,0.));
#7877=DIRECTION('',(-0.999815712121644,-2.17834546715899E-13,-0.0191974423996897));
#7878=DIRECTION('',(0.,0.,-1.));
#7879=DIRECTION('center_axis',(0.,0.,1.));
#7880=DIRECTION('ref_axis',(-0.58781271765012,-0.808997038912245,0.));
#7881=DIRECTION('center_axis',(0.057507613757271,1.79535014896732E-14,-0.998345067779645));
#7882=DIRECTION('ref_axis',(-0.998345067779645,-4.07885930523334E-13,-0.057507613757271));
#7883=DIRECTION('',(0.,0.,-1.));
#7884=DIRECTION('center_axis',(0.,0.,1.));
#7885=DIRECTION('ref_axis',(0.977057638094605,0.212975049808636,0.));
#7886=DIRECTION('center_axis',(-0.0138661231762998,-4.34364905460899E-15,
0.999903860692647));
#7887=DIRECTION('ref_axis',(0.999903860692647,3.57698686026441E-13,0.0138661231762998));
#7888=DIRECTION('',(0.,0.,-1.));
#7889=DIRECTION('center_axis',(-3.86102466245319E-12,1.,0.));
#7890=DIRECTION('ref_axis',(-1.,-3.86102466245319E-12,0.));
#7891=DIRECTION('',(-0.999815712121644,-3.86031312240987E-12,-0.0191974423996897));
#7892=DIRECTION('',(0.,0.,-1.));
#7893=DIRECTION('center_axis',(0.,0.,1.));
#7894=DIRECTION('ref_axis',(5.90600252925529E-6,0.99999999998256,0.));
#7895=DIRECTION('',(0.,0.,-1.));
#7896=DIRECTION('center_axis',(0.,0.,1.));
#7897=DIRECTION('ref_axis',(-0.969877741058439,0.243592215391583,0.));
#7898=DIRECTION('center_axis',(0.,0.,1.));
#7899=DIRECTION('ref_axis',(-0.969877741058439,0.243592215391582,0.));
#7900=DIRECTION('',(0.,0.,-1.));
#7901=DIRECTION('center_axis',(-0.984807695659802,0.173648502928277,0.));
#7902=DIRECTION('ref_axis',(-0.173648502928277,-0.984807695659802,0.));
#7903=DIRECTION('',(-0.173647537708203,-0.984802221635318,-0.00333420305621434));
#7904=DIRECTION('',(0.,0.,-1.));
#7905=DIRECTION('center_axis',(0.,0.,1.));
#7906=DIRECTION('ref_axis',(-7.0443443437177E-5,-0.999999997518861,0.));
#7907=DIRECTION('',(0.,0.,-1.));
#7908=DIRECTION('center_axis',(1.49783606367735E-11,1.,0.));
#7909=DIRECTION('ref_axis',(-1.,1.49783606367735E-11,0.));
#7910=DIRECTION('',(-0.999815712121644,1.49756003064705E-11,-0.0191974423996897));
#7911=DIRECTION('center_axis',(0.,0.,1.));
#7912=DIRECTION('ref_axis',(-0.98305916931655,0.183288487425302,0.));
#7913=DIRECTION('center_axis',(0.312284336240258,0.949969757064583,0.00599616557793951));
#7914=DIRECTION('ref_axis',(-0.949986835132299,0.312289950327124,5.08559845711215E-11));
#7915=DIRECTION('center_axis',(-0.173647537708206,-0.984802221635317,-0.00333420305621764));
#7916=DIRECTION('ref_axis',(-0.0191974423996921,-8.88915677177416E-15,0.999815712121644));
#7917=DIRECTION('center_axis',(0.,0.,1.));
#7918=DIRECTION('ref_axis',(1.,0.,0.));
#7919=DIRECTION('center_axis',(0.911040253068127,-0.412317422975993,0.));
#7920=DIRECTION('ref_axis',(0.,0.,1.));
#7921=DIRECTION('center_axis',(0.,0.,1.));
#7922=DIRECTION('ref_axis',(0.341367870760908,0.939929772276719,0.));
#7923=DIRECTION('center_axis',(-0.911040253068129,0.412317422975987,0.));
#7924=DIRECTION('ref_axis',(-0.291552445787683,-0.644202740878383,0.707106781186547));
#7925=DIRECTION('center_axis',(0.911041214544629,-0.412315298528987,0.));
#7926=DIRECTION('ref_axis',(0.,0.,1.));
#7927=DIRECTION('',(-0.911040253068129,0.412317422975988,0.));
#7928=DIRECTION('center_axis',(0.,0.,-1.));
#7929=DIRECTION('ref_axis',(-1.,0.,0.));
#7930=DIRECTION('center_axis',(0.42261823104121,0.906307801352056,0.));
#7931=DIRECTION('ref_axis',(0.,0.,1.));
#7932=DIRECTION('center_axis',(0.,0.,-1.));
#7933=DIRECTION('ref_axis',(0.347339862141952,-0.93773931354466,0.));
#7934=DIRECTION('center_axis',(-0.422618231041204,-0.906307801352059,0.));
#7935=DIRECTION('ref_axis',(0.640856392178314,-0.2988362170223,0.707106781186545));
#7936=DIRECTION('center_axis',(0.422593615381145,0.906319279414872,0.));
#7937=DIRECTION('ref_axis',(0.,0.,1.));
#7938=DIRECTION('',(-0.422618231041204,-0.906307801352059,0.));
#7939=DIRECTION('center_axis',(0.,0.,-1.));
#7940=DIRECTION('ref_axis',(0.938556030530838,0.345126900652785,0.));
#7941=DIRECTION('center_axis',(-0.909084058667339,0.416612738975801,0.));
#7942=DIRECTION('ref_axis',(0.,0.,1.));
#7943=DIRECTION('center_axis',(0.,0.,-1.));
#7944=DIRECTION('ref_axis',(0.938556030530839,0.345126900652781,0.));
#7945=DIRECTION('center_axis',(0.909084058667335,-0.416612738975808,0.));
#7946=DIRECTION('ref_axis',(0.294589692858492,0.642819502552255,0.707106781186555));
#7947=DIRECTION('',(0.909084058667335,-0.416612738975808,0.));
#7948=DIRECTION('center_axis',(0.999815712121644,3.85398396805665E-12,0.0191974423996832));
#7949=DIRECTION('ref_axis',(-3.85469434149856E-12,1.,7.57306469012171E-29));
#7950=DIRECTION('center_axis',(-0.999815712121644,-3.86031312240987E-12,
-0.0191974423996897));
#7951=DIRECTION('ref_axis',(-0.0135746417049886,0.707106781186513,0.706976469978054));
#7952=DIRECTION('center_axis',(0.999815711983228,-1.66398105199016E-5,0.0191974423970344));
#7953=DIRECTION('ref_axis',(1.66428776005035E-5,0.999999999861507,-4.2351647362715E-22));
#7954=DIRECTION('center_axis',(0.308946981928331,-0.951060761846331,0.00593208510149699));
#7955=DIRECTION('ref_axis',(0.95107749602788,0.308952417937356,-5.59882001871514E-16));
#7956=DIRECTION('center_axis',(0.999815712121644,2.13112880682773E-13,0.0191974423996832));
#7957=DIRECTION('ref_axis',(-2.13162820728032E-13,1.,5.55111512312597E-16));
#7958=DIRECTION('center_axis',(-0.999815712121644,-2.17834546715899E-13,
-0.0191974423996897));
#7959=DIRECTION('ref_axis',(-0.0135746417024129,0.707106781186539,0.706976469978077));
#7960=DIRECTION('center_axis',(0.999815712120239,-1.67642310285938E-6,0.0191974423996563));
#7961=DIRECTION('ref_axis',(1.6767321042721E-6,0.999999999998594,-5.55111638044032E-16));
#7962=DIRECTION('center_axis',(0.308938481234997,-0.95106352422697,0.00593192187984383));
#7963=DIRECTION('ref_axis',(0.951080257536225,0.30894391679531,1.0842021724855E-18));
#7964=DIRECTION('center_axis',(0.999815712121644,3.19695962827368E-13,0.0191974423996832));
#7965=DIRECTION('ref_axis',(-3.19744231092049E-13,1.,-5.55111512312595E-16));
#7966=DIRECTION('center_axis',(-0.999815712121644,-3.13594108142353E-13,
-0.0191974423996897));
#7967=DIRECTION('ref_axis',(-0.0135746417024806,0.707106781186538,0.706976469978077));
#7968=DIRECTION('center_axis',(-0.999953926969049,-3.19729499506194E-13,
-0.00959916346238586));
#7969=DIRECTION('ref_axis',(-0.00959916346238586,-6.37624359735016E-13,
0.999953926969049));
#7970=DIRECTION('center_axis',(0.,0.,1.));
#7971=DIRECTION('ref_axis',(1.,0.,0.));
#7972=DIRECTION('center_axis',(0.,0.,1.));
#7973=DIRECTION('ref_axis',(-0.84161379546762,-0.54007982676507,0.));
#7974=DIRECTION('center_axis',(-0.982528788241112,0.185152025547867,-0.0188655165043033));
#7975=DIRECTION('ref_axis',(-0.185184982862432,-0.982703679713392,5.65519853168439E-16));
#7976=DIRECTION('center_axis',(0.019359554335155,6.07988169945178E-15,-0.999812586266018));
#7977=DIRECTION('ref_axis',(0.999812586266018,3.37570950752719E-13,0.019359554335155));
#7978=DIRECTION('center_axis',(0.999815712121644,8.39655633855596E-11,0.0191974423996897));
#7979=DIRECTION('ref_axis',(-0.013574641642886,-0.707106781187123,0.706976469978636));
#7980=DIRECTION('center_axis',(-0.999815712121644,-8.39617935898071E-11,
-0.0191974423996921));
#7981=DIRECTION('ref_axis',(8.39772695826486E-11,-1.,2.01948391736579E-28));
#7982=DIRECTION('center_axis',(-0.999815711907131,-2.07148470330927E-5,
-0.0191974423955644));
#7983=DIRECTION('ref_axis',(2.07186652325672E-5,-0.999999999785368,-3.21964673435526E-14));
#7984=DIRECTION('center_axis',(0.000279468281010748,0.999999960934342,5.36606512800174E-6));
#7985=DIRECTION('ref_axis',(-0.999999960948739,0.000279468281014772,-2.77555759051421E-16));
#7986=DIRECTION('center_axis',(-0.000279468281012669,-0.999999960934342,
-5.36606513406707E-6));
#7987=DIRECTION('ref_axis',(-0.713861809122344,0.000195743956979433,0.700286569313504));
#7988=DIRECTION('center_axis',(0.000279468282058799,0.999999960934342,5.36606514812535E-6));
#7989=DIRECTION('ref_axis',(-0.999999960948739,0.000279468282062823,-2.48154183765908E-24));
#7990=DIRECTION('center_axis',(-0.25881587251186,0.965913892653245,-0.00496951862671608));
#7991=DIRECTION('ref_axis',(-0.965925820034636,-0.25881906844438,1.95156391047391E-18));
#7992=DIRECTION('center_axis',(-0.965759707786035,-0.258774659065671,-0.0185435337106499));
#7993=DIRECTION('ref_axis',(-0.196100850112964,0.681322145988396,0.705226623129572));
#7994=DIRECTION('center_axis',(0.965739372029049,0.258850569154414,0.0185431432441692));
#7995=DIRECTION('ref_axis',(-0.258895083280456,0.965905448712868,-2.8796409701215E-16));
#7996=DIRECTION('center_axis',(-0.000847754092029694,0.999999640523953,
-1.62777101266234E-5));
#7997=DIRECTION('ref_axis',(-0.999999640656435,-0.000847754092142006,1.65436122510606E-24));
#7998=DIRECTION('center_axis',(0.000847754092027453,-0.999999640523953,
1.62777101294351E-5));
#7999=DIRECTION('ref_axis',(-0.713861586937959,-0.00059378023310043,0.700286571425908));
#8000=DIRECTION('center_axis',(-0.000847413431679118,0.999999640812798,
-1.62711691137341E-5));
#8001=DIRECTION('ref_axis',(-0.999999640945173,-0.000847413431791295,1.11022301469899E-15));
#8002=DIRECTION('center_axis',(0.999815712121644,-1.49719285026347E-11,
0.0191974423996921));
#8003=DIRECTION('ref_axis',(1.4974688156144E-11,1.,7.06819371078027E-28));
#8004=DIRECTION('center_axis',(-0.999815712121644,1.49756003064705E-11,
-0.0191974423996897));
#8005=DIRECTION('ref_axis',(-0.0135746416916694,0.707106781186648,0.706976469978175));
#8006=DIRECTION('center_axis',(0.999815709642926,-7.04155608354223E-5,0.0191974423520983));
#8007=DIRECTION('ref_axis',(7.04285323482879E-5,0.999999997519911,3.9650449590121E-10));
#8008=DIRECTION('center_axis',(0.173647537708205,0.984802221635318,0.00333420305621762));
#8009=DIRECTION('ref_axis',(-0.984807695659801,0.173648502928279,-1.40946282423116E-18));
#8010=DIRECTION('center_axis',(-0.173647537708203,-0.984802221635318,-0.00333420305621434));
#8011=DIRECTION('ref_axis',(-0.703321546929933,0.121643534551654,0.700386787515204));
#8012=DIRECTION('center_axis',(0.258815872511855,-0.965913892653246,0.0049695186267101));
#8013=DIRECTION('ref_axis',(-0.690217279157554,-0.181339127830902,0.700511404810707));
#8014=DIRECTION('center_axis',(1.,0.,0.));
#8015=DIRECTION('ref_axis',(0.,-1.,0.));
#8016=DIRECTION('center_axis',(-1.,3.38006267395436E-12,0.));
#8017=DIRECTION('ref_axis',(-3.38006267395436E-12,-1.,0.));
#8018=DIRECTION('center_axis',(1.,-3.38622690664397E-12,0.));
#8019=DIRECTION('ref_axis',(-3.38622690664397E-12,-1.,0.));
#8020=DIRECTION('',(-1.,0.,0.));
#8021=DIRECTION('center_axis',(0.,-1.,0.));
#8022=DIRECTION('ref_axis',(0.,0.,-1.));
#8023=DIRECTION('',(0.,0.,1.));
#8024=DIRECTION('',(0.,0.,-1.));
#8025=DIRECTION('',(-0.707106781221604,-0.598145281467448,-0.37712361661483));
#8026=DIRECTION('',(0.647158077806559,0.457413502246489,0.609884669664947));
#8027=DIRECTION('center_axis',(1.,-3.3750779945832E-12,0.));
#8028=DIRECTION('ref_axis',(0.,0.,-1.));
#8029=DIRECTION('center_axis',(1.,-3.38006267395436E-12,0.));
#8030=DIRECTION('ref_axis',(0.,0.,-1.));
#8031=DIRECTION('',(0.707106781187766,0.707106781185329,0.));
#8032=DIRECTION('center_axis',(0.707106781185329,-0.707106781187766,0.));
#8033=DIRECTION('ref_axis',(0.,0.,-1.));
#8034=DIRECTION('',(0.,0.,1.));
#8035=DIRECTION('',(0.707106781219934,0.707106781153161,0.));
#8036=DIRECTION('center_axis',(1.,-3.37507799455431E-12,0.));
#8037=DIRECTION('ref_axis',(3.37507799455431E-12,1.,0.));
#8038=DIRECTION('center_axis',(1.,-3.38006267395436E-12,0.));
#8039=DIRECTION('ref_axis',(3.38006267395436E-12,1.,0.));
#8040=DIRECTION('',(-0.647158077804998,0.457413502250104,-0.609884669663892));
#8041=DIRECTION('',(0.707106781196815,-0.598145281489296,0.377123616626658));
#8042=DIRECTION('',(0.529812164078628,-1.81051466597474E-12,0.848115010357865));
#8043=DIRECTION('center_axis',(0.848115010357865,-2.86668188973104E-12,
-0.529812164078628));
#8044=DIRECTION('ref_axis',(-0.529812164078628,0.,-0.848115010357865));
#8045=DIRECTION('',(-3.38006267395436E-12,-1.,0.));
#8046=DIRECTION('',(0.529812164078604,-2.88341224581168E-12,0.84811501035788));
#8047=DIRECTION('',(3.38006267395436E-12,1.,0.));
#8048=DIRECTION('center_axis',(1.,-3.37507799473417E-12,0.));
#8049=DIRECTION('ref_axis',(-3.37507799473417E-12,-1.,0.));
#8050=DIRECTION('center_axis',(1.,-3.38006267395436E-12,0.));
#8051=DIRECTION('ref_axis',(-3.38006267395436E-12,-1.,0.));
#8052=DIRECTION('',(0.707106781185354,-0.707106781187741,0.));
#8053=DIRECTION('center_axis',(0.707106781187741,0.707106781185354,0.));
#8054=DIRECTION('ref_axis',(0.,0.,-1.));
#8055=DIRECTION('',(0.,0.,-1.));
#8056=DIRECTION('',(0.707106781198832,-0.707106781174263,-1.96261557332025E-15));
#8057=DIRECTION('center_axis',(1.,-3.37507799473117E-12,0.));
#8058=DIRECTION('ref_axis',(-3.37507799473117E-12,-1.,0.));
#8059=DIRECTION('center_axis',(1.,-3.38006267395436E-12,0.));
#8060=DIRECTION('ref_axis',(-3.38006267395436E-12,-1.,0.));
#8061=DIRECTION('center_axis',(-3.38006267395436E-12,-1.,0.));
#8062=DIRECTION('ref_axis',(0.70710678118654,-2.39006523758864E-12,0.707106781186555));
#8063=DIRECTION('',(-3.38006267395436E-12,-1.,0.));
#8064=DIRECTION('',(3.38006267395436E-12,1.,0.));
#8065=DIRECTION('',(3.38006267395436E-12,1.,0.));
#8066=DIRECTION('',(-3.38006267395436E-12,-1.,0.));
#8067=DIRECTION('',(3.38006267395436E-12,1.,0.));
#8068=DIRECTION('center_axis',(1.,-3.38006267395436E-12,0.));
#8069=DIRECTION('ref_axis',(3.38006267395436E-12,1.,0.));
#8070=DIRECTION('center_axis',(1.,-3.38006267395436E-12,0.));
#8071=DIRECTION('ref_axis',(-3.38006267395436E-12,-1.,-3.61636164373013E-15));
#8072=DIRECTION('',(-1.07217811580005E-25,-3.17206578464328E-14,-1.));
#8073=DIRECTION('center_axis',(1.,-3.38006267395436E-12,0.));
#8074=DIRECTION('ref_axis',(0.,0.,1.));
#8075=DIRECTION('',(0.,0.,-1.));
#8076=DIRECTION('',(3.38006267395436E-12,1.,0.));
#8077=DIRECTION('center_axis',(1.,-3.38006267395436E-12,0.));
#8078=DIRECTION('ref_axis',(3.38006267395436E-12,1.,3.97799780810318E-15));
#8079=DIRECTION('',(0.,0.,1.));
#8080=DIRECTION('center_axis',(1.,-3.38006267395436E-12,0.));
#8081=DIRECTION('ref_axis',(0.,0.,-1.));
#8082=DIRECTION('',(-0.707106781289662,-0.475948710328287,-0.52294629264487));
#8083=DIRECTION('',(0.616082385324146,0.154967207438557,0.7722872905286));
#8084=DIRECTION('center_axis',(1.,-3.37507799393055E-12,0.));
#8085=DIRECTION('ref_axis',(0.,0.,-1.));
#8086=DIRECTION('',(0.707106781187753,0.707106781185342,0.));
#8087=DIRECTION('center_axis',(0.707106781185342,-0.707106781187753,0.));
#8088=DIRECTION('ref_axis',(0.,0.,-1.));
#8089=DIRECTION('',(0.707106781287976,0.707106781085119,2.74766180230449E-15));
#8090=DIRECTION('center_axis',(1.,-3.37507799390609E-12,0.));
#8091=DIRECTION('ref_axis',(3.37507799390609E-12,1.,3.97799780810318E-15));
#8092=DIRECTION('',(-0.61608238532363,0.154967207442638,-0.772287290528192));
#8093=DIRECTION('',(0.707106781250862,-0.475948710356274,0.522946292671863));
#8094=DIRECTION('',(0.600443648574689,-2.04130099817974E-12,0.799667071277988));
#8095=DIRECTION('center_axis',(0.799667071277993,-2.70239908864646E-12,
-0.600443648574683));
#8096=DIRECTION('ref_axis',(-0.600443648574683,2.01948391736579E-28,-0.799667071277993));
#8097=DIRECTION('',(0.600443648574685,-2.86965502642657E-12,0.799667071277992));
#8098=DIRECTION('center_axis',(1.,-3.37507799424015E-12,0.));
#8099=DIRECTION('ref_axis',(0.,0.,1.));
#8100=DIRECTION('',(0.707106781185354,-0.707106781187741,2.2373817536282E-14));
#8101=DIRECTION('center_axis',(0.707106781187741,0.707106781185354,-2.24298922669489E-14));
#8102=DIRECTION('ref_axis',(-3.1720657846433E-14,-3.15544362088405E-30,
-1.));
#8103=DIRECTION('',(0.707106781246412,-0.707106781126683,-2.74766180246395E-15));
#8104=DIRECTION('center_axis',(1.,-3.37507799427756E-12,0.));
#8105=DIRECTION('ref_axis',(-3.37507799427756E-12,-1.,-3.61636164373013E-15));
#8106=DIRECTION('center_axis',(1.,0.,0.));
#8107=DIRECTION('ref_axis',(0.,1.,0.));
#8108=DIRECTION('',(0.,0.,-1.));
#8109=DIRECTION('',(0.,1.,6.02850536745471E-15));
#8110=DIRECTION('center_axis',(-0.0191974423996897,-6.02739438699089E-15,
0.999815712121644));
#8111=DIRECTION('ref_axis',(0.999815712121644,0.,0.0191974423996897));
#8112=DIRECTION('',(-3.14228265440589E-13,1.,-4.98555793711594E-18));
#8113=DIRECTION('',(-0.999815712121644,1.00110092907976E-12,-0.0191974423996897));
#8114=DIRECTION('',(-3.13968614230004E-13,1.,0.));
#8115=DIRECTION('center_axis',(1.,-3.72781087265289E-13,0.));
#8116=DIRECTION('ref_axis',(3.72781087265289E-13,1.,0.));
#8117=DIRECTION('',(3.72781087265289E-13,1.,0.));
#8118=DIRECTION('',(0.,0.,1.));
#8119=DIRECTION('center_axis',(1.,3.14228265440589E-13,0.));
#8120=DIRECTION('ref_axis',(-3.14228265440589E-13,1.,0.));
#8121=DIRECTION('',(0.,0.,1.));
#8122=DIRECTION('center_axis',(-9.59762949049091E-13,-1.,0.));
#8123=DIRECTION('ref_axis',(-1.,9.59762949049091E-13,0.));
#8124=DIRECTION('center_axis',(0.,0.,-1.));
#8125=DIRECTION('ref_axis',(0.978147600733537,-0.207911690819025,0.));
#8126=DIRECTION('center_axis',(0.,0.,1.));
#8127=DIRECTION('ref_axis',(0.978147600733537,-0.207911690819025,0.));
#8128=DIRECTION('',(0.,0.,1.));
#8129=DIRECTION('center_axis',(0.207911690818896,0.978147600733564,0.));
#8130=DIRECTION('ref_axis',(0.978147600733564,-0.207911690818896,0.));
#8131=DIRECTION('',(-0.978147600733564,0.207911690818896,0.));
#8132=DIRECTION('',(0.,0.,1.));
#8133=DIRECTION('center_axis',(0.,0.,-1.));
#8134=DIRECTION('ref_axis',(0.2079116908188,0.978147600733584,0.));
#8135=DIRECTION('',(0.,0.,1.));
#8136=DIRECTION('center_axis',(-0.978147600733565,0.207911690818893,0.));
#8137=DIRECTION('ref_axis',(0.207911690818893,0.978147600733565,0.));
#8138=DIRECTION('center_axis',(1.,-3.38622690664397E-12,0.));
#8139=DIRECTION('ref_axis',(3.38622690664397E-12,1.,0.));
#8140=DIRECTION('',(-3.38622690664397E-12,-1.,0.));
#8141=DIRECTION('',(0.,0.,1.));
#8142=DIRECTION('',(0.,0.,1.));
#8143=DIRECTION('',(-3.38622690664397E-12,-1.,0.));
#8144=DIRECTION('center_axis',(0.,0.,1.));
#8145=DIRECTION('ref_axis',(-0.961513522584575,-0.274757612973694,0.));
#8146=DIRECTION('',(0.,0.,1.));
#8147=DIRECTION('center_axis',(0.416612738997161,0.90908405865755,0.));
#8148=DIRECTION('ref_axis',(-0.90908405865755,0.416612738997161,0.));
#8149=DIRECTION('',(0.,0.,1.));
#8150=DIRECTION('center_axis',(0.,0.,1.));
#8151=DIRECTION('ref_axis',(0.416640472839898,0.909071348350473,0.));
#8152=DIRECTION('',(0.,0.,1.));
#8153=DIRECTION('center_axis',(0.906307801352158,-0.422618231040992,0.));
#8154=DIRECTION('ref_axis',(0.422618231040992,0.906307801352158,0.));
#8155=DIRECTION('',(0.,0.,1.));
#8156=DIRECTION('center_axis',(0.,0.,1.));
#8157=DIRECTION('ref_axis',(0.906305957476563,-0.422622185222794,0.));
#8158=DIRECTION('',(0.,0.,1.));
#8159=DIRECTION('center_axis',(-0.412317422975979,-0.911040253068133,0.));
#8160=DIRECTION('ref_axis',(0.911040253068133,-0.412317422975979,0.));
#8161=DIRECTION('',(0.,0.,1.));
#8162=DIRECTION('center_axis',(0.,0.,1.));
#8163=DIRECTION('ref_axis',(0.300892327794018,0.953658118549146,0.));
#8164=DIRECTION('center_axis',(3.78172928191482E-13,1.,0.));
#8165=DIRECTION('ref_axis',(-1.,3.78172928191482E-13,0.));
#8166=DIRECTION('',(-1.,3.37341658889676E-12,0.));
#8167=DIRECTION('center_axis',(0.,0.,1.));
#8168=DIRECTION('ref_axis',(0.999999999967269,8.09084305612064E-6,0.));
#8169=DIRECTION('center_axis',(0.,0.,1.));
#8170=DIRECTION('ref_axis',(0.707106781187938,0.707106781185157,0.));
#8171=DIRECTION('center_axis',(0.,-1.,0.));
#8172=DIRECTION('ref_axis',(1.,0.,0.));
#8173=DIRECTION('center_axis',(0.999999999967269,-8.09084699238127E-6,0.));
#8174=DIRECTION('ref_axis',(8.09084699238127E-6,0.999999999967269,0.));
#8175=DIRECTION('center_axis',(0.,0.,-1.));
#8176=DIRECTION('ref_axis',(0.707106781187938,0.707106781185157,0.));
#8177=DIRECTION('center_axis',(-1.,0.,0.));
#8178=DIRECTION('ref_axis',(0.,1.,0.));
#8179=DIRECTION('',(0.,1.,0.));
#8180=DIRECTION('',(0.,0.,-1.));
#8181=DIRECTION('',(0.,-1.,0.));
#8182=DIRECTION('center_axis',(1.,0.,0.));
#8183=DIRECTION('ref_axis',(0.,0.707106781186548,0.707106781186548));
#8184=DIRECTION('center_axis',(0.,-1.,0.));
#8185=DIRECTION('ref_axis',(-1.,0.,0.));
#8186=DIRECTION('',(-1.,0.,0.));
#8187=DIRECTION('center_axis',(0.,1.,0.));
#8188=DIRECTION('ref_axis',(0.707106781186549,0.,0.707106781186546));
#8189=DIRECTION('',(1.,0.,0.));
#8190=DIRECTION('',(0.,0.,1.));
#8191=DIRECTION('center_axis',(0.,0.,1.));
#8192=DIRECTION('ref_axis',(-0.707106781186548,-0.707106781186548,0.));
#8193=DIRECTION('center_axis',(0.,0.,-1.));
#8194=DIRECTION('ref_axis',(-0.707106781186548,-0.707106781186548,0.));
#8195=DIRECTION('center_axis',(0.,0.,1.));
#8196=DIRECTION('ref_axis',(-0.707106781186548,-0.707106781186548,0.));
#8197=DIRECTION('center_axis',(0.,1.,0.));
#8198=DIRECTION('ref_axis',(0.707106781186548,0.,0.707106781186547));
#8199=DIRECTION('center_axis',(0.,-1.,0.));
#8200=DIRECTION('ref_axis',(0.707106781186549,0.,0.707106781186546));
#8201=DIRECTION('',(0.,-1.,0.));
#8202=DIRECTION('center_axis',(0.,0.,1.));
#8203=DIRECTION('ref_axis',(1.,0.,0.));
#8204=DIRECTION('',(0.,1.,0.));
#8205=DIRECTION('center_axis',(0.,0.,-1.));
#8206=DIRECTION('ref_axis',(-0.707106781186548,-0.707106781186548,0.));
#8207=DIRECTION('',(-1.,0.,0.));
#8208=DIRECTION('',(-1.,0.,0.));
#8209=DIRECTION('center_axis',(-1.,0.,0.));
#8210=DIRECTION('ref_axis',(0.,0.707106781186548,0.707106781186547));
#8211=DIRECTION('center_axis',(-1.,0.,0.));
#8212=DIRECTION('ref_axis',(0.,0.707106781186548,0.707106781186548));
#8213=DIRECTION('center_axis',(-1.,0.,0.));
#8214=DIRECTION('ref_axis',(0.,0.,1.));
#8215=DIRECTION('center_axis',(0.,-1.,0.));
#8216=DIRECTION('ref_axis',(0.,0.,1.));
#8217=DIRECTION('center_axis',(0.,1.,0.));
#8218=DIRECTION('ref_axis',(-0.707106781186545,0.,0.70710678118655));
#8219=DIRECTION('center_axis',(0.,-1.,0.));
#8220=DIRECTION('ref_axis',(0.,0.,1.));
#8221=DIRECTION('center_axis',(0.,0.,-1.));
#8222=DIRECTION('ref_axis',(-1.,0.,0.));
#8223=DIRECTION('center_axis',(1.,0.,0.));
#8224=DIRECTION('ref_axis',(0.,0.,1.));
#8225=DIRECTION('center_axis',(-1.,0.,0.));
#8226=DIRECTION('ref_axis',(0.,-0.707106781186545,0.70710678118655));
#8227=DIRECTION('center_axis',(1.,0.,0.));
#8228=DIRECTION('ref_axis',(0.,0.,1.));
#8229=DIRECTION('center_axis',(0.,-1.,0.));
#8230=DIRECTION('ref_axis',(0.,0.,-1.));
#8231=DIRECTION('center_axis',(1.,3.13651910387461E-13,0.));
#8232=DIRECTION('ref_axis',(-2.21785392767089E-13,0.707106781186546,0.707106781186549));
#8233=DIRECTION('',(1.,3.13651910387461E-13,0.));
#8234=DIRECTION('center_axis',(-0.17744391431741,-0.984130914701756,-8.78630023306002E-13));
#8235=DIRECTION('ref_axis',(-3.84877315203388E-13,9.62193288008471E-13,
-1.));
#8236=DIRECTION('center_axis',(0.,0.,1.));
#8237=DIRECTION('ref_axis',(0.843595044670939,-0.536979888456389,0.));
#8238=DIRECTION('center_axis',(0.,1.,0.));
#8239=DIRECTION('ref_axis',(1.,0.,0.));
#8240=DIRECTION('center_axis',(1.,0.,0.));
#8241=DIRECTION('ref_axis',(0.,0.,-1.));
#8242=DIRECTION('center_axis',(0.,0.,1.));
#8243=DIRECTION('ref_axis',(0.699083542807048,-0.715039999004494,0.));
#8244=DIRECTION('center_axis',(-0.98413091471463,-0.177443914246011,-1.17405257720309E-12));
#8245=DIRECTION('ref_axis',(-0.175984547742096,0.976037046303567,-0.127988762002833));
#8246=DIRECTION('center_axis',(0.,0.,1.));
#8247=DIRECTION('ref_axis',(1.,0.,0.));
#8248=DIRECTION('center_axis',(0.,1.,0.));
#8249=DIRECTION('ref_axis',(1.,0.,0.));
#8250=DIRECTION('center_axis',(0.,0.,1.));
#8251=DIRECTION('ref_axis',(-0.707106781186548,-0.707106781186548,0.));
#8252=DIRECTION('center_axis',(-1.,0.,0.));
#8253=DIRECTION('ref_axis',(0.,1.,0.));
#8254=DIRECTION('center_axis',(-1.,0.,0.));
#8255=DIRECTION('ref_axis',(0.,0.707106781186561,-0.707106781186534));
#8256=DIRECTION('',(1.,0.,0.));
#8257=DIRECTION('center_axis',(1.,0.,0.));
#8258=DIRECTION('ref_axis',(0.,1.,0.));
#8259=DIRECTION('',(0.,0.,1.));
#8260=DIRECTION('',(0.,1.,0.));
#8261=DIRECTION('',(0.,0.,1.));
#8262=DIRECTION('center_axis',(0.,0.,1.));
#8263=DIRECTION('ref_axis',(7.61394678913673E-15,1.,0.));
#8264=DIRECTION('center_axis',(0.,0.,1.));
#8265=DIRECTION('ref_axis',(-1.,0.,0.));
#8266=DIRECTION('center_axis',(0.,0.,1.));
#8267=DIRECTION('ref_axis',(0.,-1.,0.));
#8268=DIRECTION('',(0.,0.,1.));
#8269=DIRECTION('center_axis',(0.,0.,1.));
#8270=DIRECTION('ref_axis',(0.,1.,0.));
#8271=DIRECTION('center_axis',(0.,-1.,0.));
#8272=DIRECTION('ref_axis',(1.,0.,0.));
#8273=DIRECTION('',(0.,0.,1.));
#8274=DIRECTION('',(1.,0.,0.));
#8275=DIRECTION('center_axis',(0.,0.,1.));
#8276=DIRECTION('ref_axis',(1.,-7.61394678913665E-15,0.));
#8277=DIRECTION('center_axis',(0.,0.,1.));
#8278=DIRECTION('ref_axis',(0.,1.,0.));
#8279=DIRECTION('center_axis',(0.,1.,0.));
#8280=DIRECTION('ref_axis',(0.70710678118654,0.,-0.707106781186555));
#8281=DIRECTION('',(0.,-1.,0.));
#8282=DIRECTION('center_axis',(1.,3.16673018856778E-13,0.));
#8283=DIRECTION('ref_axis',(-3.16673018856778E-13,1.,0.));
#8284=DIRECTION('',(-5.26824497156635E-13,1.,0.));
#8285=DIRECTION('center_axis',(0.,0.,-1.));
#8286=DIRECTION('ref_axis',(1.,0.,0.));
#8287=DIRECTION('center_axis',(0.,0.,1.));
#8288=DIRECTION('ref_axis',(-0.0651036755506762,0.997878505345111,0.));
#8289=DIRECTION('',(0.,0.,1.));
#8290=DIRECTION('center_axis',(0.0648887456541984,-0.99789250457523,0.));
#8291=DIRECTION('ref_axis',(0.99789250457523,0.0648887456541984,0.));
#8292=DIRECTION('',(-0.019063170044329,-0.00123959763870911,0.999817512821992));
#8293=DIRECTION('center_axis',(0.0193595543350268,1.75726895709864E-12,
-0.999812586266021));
#8294=DIRECTION('ref_axis',(-0.0646145284613975,0.997909513609836,-0.00125114295419948));
#8295=DIRECTION('center_axis',(0.,0.,1.));
#8296=DIRECTION('ref_axis',(8.77883247074833E-11,-1.,0.));
#8297=DIRECTION('center_axis',(-0.0191159198323884,-6.00150586869061E-15,
0.999817274110105));
#8298=DIRECTION('ref_axis',(0.999817274110105,8.77722835077287E-11,0.0191159198323884));
#8299=DIRECTION('',(0.,0.,-1.));
#8300=DIRECTION('center_axis',(0.,0.,1.));
#8301=DIRECTION('ref_axis',(-0.116657427822126,0.993172212928818,0.));
#8302=DIRECTION('',(-0.995218874497966,-0.0975459090883501,-0.00491807514467705));
#8303=DIRECTION('center_axis',(0.,0.,-1.));
#8304=DIRECTION('ref_axis',(-1.,0.,0.));
#8305=CARTESIAN_POINT('',(0.,0.,0.));
#8306=CARTESIAN_POINT('Origin',(55.9531150437637,-132.251344350687,1.7));
#8307=CARTESIAN_POINT('',(55.9531150437637,-132.251344350687,1.7));
#8308=CARTESIAN_POINT('',(55.9531150437637,-132.251344350687,2.7));
#8309=CARTESIAN_POINT('',(55.9531150437637,-132.251344350687,0.));
#8310=CARTESIAN_POINT('',(55.6531150437637,-132.251344350687,1.7));
#8311=CARTESIAN_POINT('',(60.4222175790074,-132.251344350687,1.7));
#8312=CARTESIAN_POINT('',(55.6531150437637,-132.251344350687,2.7));
#8313=CARTESIAN_POINT('',(55.6531150437637,-132.251344350687,0.));
#8314=CARTESIAN_POINT('',(55.9531150437637,-132.251344350687,2.7));
#8315=CARTESIAN_POINT('Origin',(55.6531150437637,-121.000001788139,0.));
#8316=CARTESIAN_POINT('',(55.6531150437637,-121.000001788139,1.7));
#8317=CARTESIAN_POINT('',(55.6531150437637,-120.504566004485,1.7));
#8318=CARTESIAN_POINT('',(55.6531150437637,-121.000001788139,2.7));
#8319=CARTESIAN_POINT('',(55.6531150437637,-121.000001788139,0.));
#8320=CARTESIAN_POINT('',(55.6531150437637,-133.289680917692,2.7));
#8321=CARTESIAN_POINT('Origin',(64.891320114251,-120.00913022083,1.7));
#8322=CARTESIAN_POINT('',(114.40105496537,-92.1595414804022,1.7));
#8323=CARTESIAN_POINT('',(113.811936284801,-91.9677903476006,1.7));
#8324=CARTESIAN_POINT('Origin',(114.702678,-90.23301,1.7));
#8325=CARTESIAN_POINT('',(114.40105496537,-107.052771209583,1.7));
#8326=CARTESIAN_POINT('',(114.40105496537,-91.7023716113744,1.7));
#8327=CARTESIAN_POINT('',(114.402677999923,-107.052771209583,1.7));
#8328=CARTESIAN_POINT('',(111.40241976656,-107.05277120958,1.7));
#8329=CARTESIAN_POINT('',(114.402677999926,-113.400001683835,1.7));
#8330=CARTESIAN_POINT('',(114.402677999927,-117.834186339585,1.7));
#8331=CARTESIAN_POINT('',(126.80088899538,-113.400001683831,1.7));
#8332=CARTESIAN_POINT('',(96.6461045548145,-113.400001683841,1.7));
#8333=CARTESIAN_POINT('',(128.40088899538,-115.000001683831,1.7));
#8334=CARTESIAN_POINT('',(105.775137247814,-92.374249936264,1.7));
#8335=CARTESIAN_POINT('',(128.400888995379,-116.764468152398,1.7));
#8336=CARTESIAN_POINT('',(128.400888995378,-119.71641957387,1.7));
#8337=CARTESIAN_POINT('',(133.602677999793,-116.764468152402,1.7));
#8338=CARTESIAN_POINT('',(122.05304509061,-116.764468152396,1.7));
#8339=CARTESIAN_POINT('',(133.60267799979,-117.749468426892,1.7));
#8340=CARTESIAN_POINT('',(133.602677999771,-123.445176460209,1.7));
#8341=CARTESIAN_POINT('',(134.445247451332,-119.062448573353,1.7));
#8342=CARTESIAN_POINT('Origin',(135.844948283667,-117.237390333198,1.7));
#8343=CARTESIAN_POINT('',(140.994151576008,-122.063663762233,1.7));
#8344=CARTESIAN_POINT('',(130.360224900833,-117.190374789394,1.7));
#8345=CARTESIAN_POINT('',(142.169408655913,-125.259718842565,1.7));
#8346=CARTESIAN_POINT('Origin',(139.99416131901,-124.2454923276,1.7));
#8347=CARTESIAN_POINT('',(135.234540907885,-140.131592037432,1.7));
#8348=CARTESIAN_POINT('',(135.265925580659,-140.064287383514,1.7));
#8349=CARTESIAN_POINT('',(132.069842030811,-141.303800101224,1.7));
#8350=CARTESIAN_POINT('Origin',(133.05939991488,-139.1172918197,1.7));
#8351=CARTESIAN_POINT('',(122.754530079482,-137.087888230095,1.7));
#8352=CARTESIAN_POINT('',(116.805610206786,-134.395533745058,1.7));
#8353=CARTESIAN_POINT('',(110.080539921145,-133.08906902329,1.7));
#8354=CARTESIAN_POINT('Origin',(99.7472178774215,-187.923934351299,1.7));
#8355=CARTESIAN_POINT('',(80.1793434363397,-131.272722484745,1.7));
#8356=CARTESIAN_POINT('Origin',(87.936729045738,-250.5975413291,1.7));
#8357=CARTESIAN_POINT('',(80.1757492919023,-131.272956196816,1.7));
#8358=CARTESIAN_POINT('',(80.1793434363397,-131.272722484745,1.7));
#8359=CARTESIAN_POINT('',(80.1518457555032,-131.274513308987,1.7));
#8360=CARTESIAN_POINT('Origin',(87.936729045738,-250.5975413291,1.7));
#8361=CARTESIAN_POINT('',(78.7591744264895,-131.411152411002,1.7));
#8362=CARTESIAN_POINT('',(80.1518457555032,-131.274513308987,1.7));
#8363=CARTESIAN_POINT('',(78.7591744264895,-130.40739703528,1.7));
#8364=CARTESIAN_POINT('',(78.7591744264895,-127.941292294701,1.7));
#8365=CARTESIAN_POINT('',(79.5325721122222,-130.331619370832,1.7));
#8366=CARTESIAN_POINT('',(68.08372329963,-131.45337993417,1.7));
#8367=CARTESIAN_POINT('',(79.8325721122222,-130.331619370832,1.7));
#8368=CARTESIAN_POINT('',(72.2119461132366,-130.331619370832,1.7));
#8369=CARTESIAN_POINT('',(79.8325721122222,-121.000001788139,1.7));
#8370=CARTESIAN_POINT('',(79.8325721122222,-125.170374795831,1.7));
#8371=CARTESIAN_POINT('',(72.2119461132366,-121.000001788139,1.7));
#8372=CARTESIAN_POINT('',(56.7591744264896,-132.217821379249,1.7));
#8373=CARTESIAN_POINT('Origin',(46.6660481072705,100.763655998469,1.7));
#8374=CARTESIAN_POINT('',(56.7591744264896,-133.218755308672,1.7));
#8375=CARTESIAN_POINT('',(56.7591744264895,-124.254566052913,1.7));
#8376=CARTESIAN_POINT('',(46.6660481278306,-133.436344001531,1.7));
#8377=CARTESIAN_POINT('Origin',(46.6660481072705,100.763655998469,1.7));
#8378=CARTESIAN_POINT('',(24.1181362999231,-133.436344003511,1.7));
#8379=CARTESIAN_POINT('',(44.2323379952838,-133.436344001745,1.7));
#8380=CARTESIAN_POINT('',(21.7181209839689,-131.036384593713,1.7));
#8381=CARTESIAN_POINT('Origin',(24.118070001319,-131.0363949986,1.7));
#8382=CARTESIAN_POINT('',(21.724388032373,-108.611445811335,1.7));
#8383=CARTESIAN_POINT('',(21.726913309527,-99.5754398424733,1.7));
#8384=CARTESIAN_POINT('',(21.6698762887433,-108.196968321569,1.7));
#8385=CARTESIAN_POINT('Origin',(20.1250427365419,-108.6109669921,1.7));
#8386=CARTESIAN_POINT('',(14.9280412498466,-83.0360998536674,1.7));
#8387=CARTESIAN_POINT('',(17.523528191735,-92.7225880548706,1.7));
#8388=CARTESIAN_POINT('',(16.6265663411208,-80.044823412006,1.7));
#8389=CARTESIAN_POINT('Origin',(17.240279040123,-82.3711772853,1.7));
#8390=CARTESIAN_POINT('',(20.5522735245525,-78.9929328338673,1.7));
#8391=CARTESIAN_POINT('',(39.5377734997907,-73.9057809878278,1.7));
#8392=CARTESIAN_POINT('',(21.7382151215778,-77.4460559995496,1.7));
#8393=CARTESIAN_POINT('Origin',(20.138103449572,-77.44735132802,1.7));
#8394=CARTESIAN_POINT('',(21.7198133538779,-55.7352092150673,1.7));
#8395=CARTESIAN_POINT('',(21.7345870969851,-73.1647655588707,1.7));
#8396=CARTESIAN_POINT('',(24.1197698780516,-53.3330100007239,1.7));
#8397=CARTESIAN_POINT('Origin',(24.119974086063,-55.73317528596,1.7));
#8398=CARTESIAN_POINT('',(57.1525939808184,-53.3330100009909,1.7));
#8399=CARTESIAN_POINT('',(60.7495668344073,-53.3330100010988,1.7));
#8400=CARTESIAN_POINT('',(58.7282328812712,-52.0108705114514,1.7));
#8401=CARTESIAN_POINT('Origin',(57.152622151722,-51.73310241344,1.7));
#8402=CARTESIAN_POINT('',(59.2056159737092,-49.3035016871713,1.7));
#8403=CARTESIAN_POINT('',(55.761028314933,-68.8386913233247,1.7));
#8404=CARTESIAN_POINT('',(61.4811584531034,-47.666344,1.7));
#8405=CARTESIAN_POINT('Origin',(61.481137191629,-50.0663211577,1.7));
#8406=CARTESIAN_POINT('',(78.7247298263098,-47.6663439999957,1.7));
#8407=CARTESIAN_POINT('',(71.5356347565894,-47.6663439999975,1.7));
#8408=CARTESIAN_POINT('',(81.0881939726806,-49.6492449782262,1.7));
#8409=CARTESIAN_POINT('Origin',(78.724669911037,-50.06639886412,1.7));
#8410=CARTESIAN_POINT('',(81.2382693655787,-50.499677,1.7));
#8411=CARTESIAN_POINT('',(84.3520967305623,-68.1447982308651,1.7));
#8412=CARTESIAN_POINT('',(96.2247182635882,-50.4996769999974,1.7));
#8413=CARTESIAN_POINT('',(80.2856289752305,-50.4996770000002,1.7));
#8414=CARTESIAN_POINT('',(98.5881964906093,-52.4825922465694,1.7));
#8415=CARTESIAN_POINT('Origin',(96.224712227345,-52.8996814263601,1.7));
#8416=CARTESIAN_POINT('',(98.7382693655788,-53.3330100000002,1.7));
#8417=CARTESIAN_POINT('',(101.345389524405,-68.106774205183,1.7));
#8418=CARTESIAN_POINT('',(113.386534463738,-53.3330099994581,1.7));
#8419=CARTESIAN_POINT('',(97.7746122042394,-53.3330100000005,1.7));
#8420=CARTESIAN_POINT('',(113.38653444417,-53.7907447723808,1.7));
#8421=CARTESIAN_POINT('',(113.386533028719,-86.899938533214,1.7));
#8422=CARTESIAN_POINT('',(112.774780753587,-55.5489540552653,1.7));
#8423=CARTESIAN_POINT('Origin',(114.699003834465,-55.2329389685755,1.7));
#8424=CARTESIAN_POINT('',(112.772028920958,-55.5476062508655,1.7));
#8425=CARTESIAN_POINT('Ctrl Pts',(112.774780753587,-55.5489540552653,1.7));
#8426=CARTESIAN_POINT('Ctrl Pts',(112.773863874318,-55.5485040447,1.7));
#8427=CARTESIAN_POINT('Ctrl Pts',(112.772946596398,-55.5480547765594,1.7));
#8428=CARTESIAN_POINT('Ctrl Pts',(112.772028920681,-55.5476062514317,1.7));
#8429=CARTESIAN_POINT('',(112.772532729926,-55.5506709787406,1.70000000000017));
#8430=CARTESIAN_POINT('Origin',(114.697182367611,-55.2329389685755,1.7));
#8431=CARTESIAN_POINT('',(111.95599096863,-55.3616902265917,1.7));
#8432=CARTESIAN_POINT('Ctrl Pts',(112.772532729917,-55.550670978742,1.7));
#8433=CARTESIAN_POINT('Ctrl Pts',(112.743382446467,-55.5364003654146,1.7));
#8434=CARTESIAN_POINT('Ctrl Pts',(112.713830714241,-55.5228814551124,1.7));
#8435=CARTESIAN_POINT('Ctrl Pts',(112.569119242827,-55.4612338867638,1.7));
#8436=CARTESIAN_POINT('Ctrl Pts',(112.44969247061,-55.4240374796006,1.7));
#8437=CARTESIAN_POINT('Ctrl Pts',(112.205197235251,-55.3741801694948,1.7));
#8438=CARTESIAN_POINT('Ctrl Pts',(112.080750190298,-55.3616442391295,1.7));
#8439=CARTESIAN_POINT('Ctrl Pts',(111.95599096863,-55.3616902265917,1.7));
#8440=CARTESIAN_POINT('',(97.9508593502239,-55.3668526542888,1.7));
#8441=CARTESIAN_POINT('',(88.3843535038115,-55.3703789613662,1.7));
#8442=CARTESIAN_POINT('',(96.2582684108922,-53.9979311730317,1.7));
#8443=CARTESIAN_POINT('Ctrl Pts',(96.2582684108907,-53.9979311730398,1.70000000000128));
#8444=CARTESIAN_POINT('Ctrl Pts',(96.272103035833,-54.0628845058851,1.69999999821981));
#8445=CARTESIAN_POINT('Ctrl Pts',(96.2897414556214,-54.1268499288052,1.70000362539458));
#8446=CARTESIAN_POINT('Ctrl Pts',(96.3109572962369,-54.1895431080612,1.70000716566974));
#8447=CARTESIAN_POINT('Ctrl Pts',(96.3324444183025,-54.253037928736,1.70001075121348));
#8448=CARTESIAN_POINT('Ctrl Pts',(96.3576014259909,-54.3152286948912,1.70001424334558));
#8449=CARTESIAN_POINT('Ctrl Pts',(96.3862457160855,-54.3758091438174,1.70001581632145));
#8450=CARTESIAN_POINT('Ctrl Pts',(96.4147344272686,-54.4360605554286,1.70001738075383));
#8451=CARTESIAN_POINT('Ctrl Pts',(96.4466731578607,-54.4947199898957,1.70001704754877));
#8452=CARTESIAN_POINT('Ctrl Pts',(96.4819268764389,-54.5514617951118,1.70001503751956));
#8453=CARTESIAN_POINT('Ctrl Pts',(96.4948848817837,-54.5723180521228,1.70001429870476));
#8454=CARTESIAN_POINT('Ctrl Pts',(96.5082911513563,-54.5929149255954,1.70001335302497));
#8455=CARTESIAN_POINT('Ctrl Pts',(96.522140298342,-54.613235039559,1.70001228037025));
#8456=CARTESIAN_POINT('Ctrl Pts',(96.5600349666278,-54.6688358631317,1.70000934532344));
#8457=CARTESIAN_POINT('Ctrl Pts',(96.6010276866763,-54.7220515691968,1.70000535092923));
#8458=CARTESIAN_POINT('Ctrl Pts',(96.6449301778104,-54.77258400045,1.70000336214222));
#8459=CARTESIAN_POINT('Ctrl Pts',(96.6742562777469,-54.8063387849892,1.70000203366711));
#8460=CARTESIAN_POINT('Ctrl Pts',(96.7048817543147,-54.8388959460873,1.70000164264526));
#8461=CARTESIAN_POINT('Ctrl Pts',(96.7367613753984,-54.8701595847518,1.70000361580358));
#8462=CARTESIAN_POINT('Ctrl Pts',(96.7845994721925,-54.9170733472662,1.70000657669631));
#8463=CARTESIAN_POINT('Ctrl Pts',(96.8352603517425,-54.9610765868871,1.7000147760893));
#8464=CARTESIAN_POINT('Ctrl Pts',(96.8884283585526,-55.0020490195798,1.70002346134952));
#8465=CARTESIAN_POINT('Ctrl Pts',(96.924267136898,-55.0296671685691,1.70002931579347));
#8466=CARTESIAN_POINT('Ctrl Pts',(96.9612458496564,-55.0559074057061,1.70003543383895));
#8467=CARTESIAN_POINT('Ctrl Pts',(96.9992744590046,-55.0807213335266,1.70004081251894));
#8468=CARTESIAN_POINT('Ctrl Pts',(97.0554048459615,-55.1173467951032,1.70004875147318));
#8469=CARTESIAN_POINT('Ctrl Pts',(97.1135437803388,-55.1506860014466,1.70005501384892));
#8470=CARTESIAN_POINT('Ctrl Pts',(97.1733626774768,-55.1806422087697,1.70005799505151));
#8471=CARTESIAN_POINT('Ctrl Pts',(97.2334459159063,-55.2107307933667,1.70006098942812));
#8472=CARTESIAN_POINT('Ctrl Pts',(97.2952249175046,-55.2374068468241,1.70006069721106));
#8473=CARTESIAN_POINT('Ctrl Pts',(97.3583924253876,-55.2605272252077,1.7000572525985));
#8474=CARTESIAN_POINT('Ctrl Pts',(97.390078668526,-55.2721249271825,1.70005552470334));
#8475=CARTESIAN_POINT('Ctrl Pts',(97.4221146108176,-55.2828271852403,1.70005302892088));
#8476=CARTESIAN_POINT('Ctrl Pts',(97.4544627761458,-55.2926111484469,1.70004991950666));
#8477=CARTESIAN_POINT('Ctrl Pts',(97.5190128430864,-55.3121348362209,1.70004371473759));
#8478=CARTESIAN_POINT('Ctrl Pts',(97.5845311823252,-55.3279221013199,1.70003505331689));
#8479=CARTESIAN_POINT('Ctrl Pts',(97.6507042145624,-55.3398481487772,1.70002634429938));
#8480=CARTESIAN_POINT('Ctrl Pts',(97.7156484082845,-55.3515527285768,1.70001779700902));
#8481=CARTESIAN_POINT('Ctrl Pts',(97.7812241265303,-55.3595383912285,1.70000923154446));
#8482=CARTESIAN_POINT('Ctrl Pts',(97.8471459099464,-55.3636389476711,1.70000423373822));
#8483=CARTESIAN_POINT('Ctrl Pts',(97.8816358644949,-55.3657843387391,1.70000161891045));
#8484=CARTESIAN_POINT('Ctrl Pts',(97.9162206482527,-55.3668654224511,1.7));
#8485=CARTESIAN_POINT('Ctrl Pts',(97.9508593502239,-55.3668526542888,1.7));
#8486=CARTESIAN_POINT('',(94.4495391094433,-52.5348092749916,1.7));
#8487=CARTESIAN_POINT('Ctrl Pts',(96.2582628341917,-53.9979341943177,1.69999989292188));
#8488=CARTESIAN_POINT('Ctrl Pts',(96.2435448704365,-53.9290294998293,1.69999918281746));
#8489=CARTESIAN_POINT('Ctrl Pts',(96.224702094855,-53.8610478266174,1.69999505608783));
#8490=CARTESIAN_POINT('Ctrl Pts',(96.2019423290478,-53.7942603598927,1.69999020172118));
#8491=CARTESIAN_POINT('Ctrl Pts',(96.1890522323447,-53.7564349748725,1.69998745242858));
#8492=CARTESIAN_POINT('Ctrl Pts',(96.1749048104253,-53.7189929483488,1.69998445204996));
#8493=CARTESIAN_POINT('Ctrl Pts',(96.1595312621347,-53.6819869639239,1.69998156322));
#8494=CARTESIAN_POINT('Ctrl Pts',(96.1325486738962,-53.6170366205664,1.69997649294552));
#8495=CARTESIAN_POINT('Ctrl Pts',(96.1019411732927,-53.5537875553049,1.6999718182098));
#8496=CARTESIAN_POINT('Ctrl Pts',(96.0679614461333,-53.492488247813,1.69996876349586));
#8497=CARTESIAN_POINT('Ctrl Pts',(96.0336550152109,-53.4305995678893,1.69996567941185));
#8498=CARTESIAN_POINT('Ctrl Pts',(95.9959106831747,-53.3706974715799,1.69996423672151));
#8499=CARTESIAN_POINT('Ctrl Pts',(95.9549390545719,-53.313057565167,1.69996474627038));
#8500=CARTESIAN_POINT('Ctrl Pts',(95.9143355789355,-53.255935585506,1.69996525124068));
#8501=CARTESIAN_POINT('Ctrl Pts',(95.8705619245194,-53.2010345589377,1.69996766162381));
#8502=CARTESIAN_POINT('Ctrl Pts',(95.8237834672713,-53.1486541147012,1.6999715195588));
#8503=CARTESIAN_POINT('Ctrl Pts',(95.8046993797731,-53.1272845989067,1.69997309347066));
#8504=CARTESIAN_POINT('Ctrl Pts',(95.785114771613,-53.1063350318388,1.6999749004563));
#8505=CARTESIAN_POINT('Ctrl Pts',(95.7650393108862,-53.0858277320706,1.69997687945169));
#8506=CARTESIAN_POINT('Ctrl Pts',(95.7155045242586,-53.035227412997,1.69998176248355));
#8507=CARTESIAN_POINT('Ctrl Pts',(95.6632592554795,-52.987598603575,1.69998764464824));
#8508=CARTESIAN_POINT('Ctrl Pts',(95.6085158782856,-52.9432062159548,1.69999305328891));
#8509=CARTESIAN_POINT('Ctrl Pts',(95.5656873268201,-52.908475774478,1.69999728474588));
#8510=CARTESIAN_POINT('Ctrl Pts',(95.5213287413761,-52.8757266195885,1.70000120701795));
#8511=CARTESIAN_POINT('Ctrl Pts',(95.4755256268386,-52.8451008984368,1.70000380401799));
#8512=CARTESIAN_POINT('Ctrl Pts',(95.4171264827305,-52.8060529882452,1.70000711520285));
#8513=CARTESIAN_POINT('Ctrl Pts',(95.3563793705934,-52.7704552297681,1.70000827790304));
#8514=CARTESIAN_POINT('Ctrl Pts',(95.293632342605,-52.7383999781411,1.70000846613121));
#8515=CARTESIAN_POINT('Ctrl Pts',(95.2549337994665,-52.7186302523441,1.70000858221887));
#8516=CARTESIAN_POINT('Ctrl Pts',(95.2154740265364,-52.700208885743,1.70000831751788));
#8517=CARTESIAN_POINT('Ctrl Pts',(95.1753315006435,-52.6831668958347,1.70000788653556));
#8518=CARTESIAN_POINT('Ctrl Pts',(95.1103589420377,-52.6555836368481,1.70000718897048));
#8519=CARTESIAN_POINT('Ctrl Pts',(95.0438720271672,-52.6317273220961,1.70000603116982));
#8520=CARTESIAN_POINT('Ctrl Pts',(94.9762282249683,-52.611675691688,1.70000492057336));
#8521=CARTESIAN_POINT('Ctrl Pts',(94.9247159482527,-52.5964059241615,1.70000407482919));
#8522=CARTESIAN_POINT('Ctrl Pts',(94.8725320703255,-52.5833434546591,1.7000032429582));
#8523=CARTESIAN_POINT('Ctrl Pts',(94.8198286022168,-52.5725420157261,1.70000253664916));
#8524=CARTESIAN_POINT('Ctrl Pts',(94.750896055457,-52.5584144692658,1.70000161284503));
#8525=CARTESIAN_POINT('Ctrl Pts',(94.6812725606252,-52.5481936042451,1.70000090421803));
#8526=CARTESIAN_POINT('Ctrl Pts',(94.6113027531012,-52.5419773647326,1.70000048444512));
#8527=CARTESIAN_POINT('Ctrl Pts',(94.5575349834218,-52.5372005424687,1.70000016187379));
#8528=CARTESIAN_POINT('Ctrl Pts',(94.5035622251049,-52.5347894009169,1.70000000046952));
#8529=CARTESIAN_POINT('Ctrl Pts',(94.4495391094433,-52.5348092749916,1.7));
#8530=CARTESIAN_POINT('',(80.4391776537857,-52.5399736304576,1.7));
#8531=CARTESIAN_POINT('',(79.6338324955408,-52.5402704885139,1.7));
#8532=CARTESIAN_POINT('',(78.7460607839579,-51.1685775891938,1.7));
#8533=CARTESIAN_POINT('Ctrl Pts',(78.7460607839567,-51.1685775891999,1.7000000000012));
#8534=CARTESIAN_POINT('Ctrl Pts',(78.7598002436416,-51.2335506240777,1.69999999821972));
#8535=CARTESIAN_POINT('Ctrl Pts',(78.7773449847626,-51.2975414642403,1.70000362624035));
#8536=CARTESIAN_POINT('Ctrl Pts',(78.7984689672821,-51.3602654321608,1.70000716514966));
#8537=CARTESIAN_POINT('Ctrl Pts',(78.8198632915061,-51.423792132444,1.70001074934943));
#8538=CARTESIAN_POINT('Ctrl Pts',(78.8449294481176,-51.4860202599791,1.70001423782026));
#8539=CARTESIAN_POINT('Ctrl Pts',(78.8734851908838,-51.5466432633823,1.70001580184452));
#8540=CARTESIAN_POINT('Ctrl Pts',(78.9018861485426,-51.6069376625475,1.70001735739106));
#8541=CARTESIAN_POINT('Ctrl Pts',(78.9337394792957,-51.6656451873147,1.70001700997985));
#8542=CARTESIAN_POINT('Ctrl Pts',(78.9689105332319,-51.722439956358,1.70001497848706));
#8543=CARTESIAN_POINT('Ctrl Pts',(78.9818383048747,-51.743315924591,1.7000142317743));
#8544=CARTESIAN_POINT('Ctrl Pts',(78.9952147211865,-51.7639331622471,1.70001327722459));
#8545=CARTESIAN_POINT('Ctrl Pts',(79.0090344158066,-51.7842742832251,1.70001219468827));
#8546=CARTESIAN_POINT('Ctrl Pts',(79.0468475651647,-51.8399312182587,1.70000923267583));
#8547=CARTESIAN_POINT('Ctrl Pts',(79.087762061262,-51.8932076245391,1.70000520362221));
#8548=CARTESIAN_POINT('Ctrl Pts',(79.1315899704268,-51.943805048623,1.70000317253543));
#8549=CARTESIAN_POINT('Ctrl Pts',(79.1611017320922,-51.9778751000789,1.70000180489208));
#8550=CARTESIAN_POINT('Ctrl Pts',(79.1919354982199,-52.0107301420969,1.70000138582868));
#8551=CARTESIAN_POINT('Ctrl Pts',(79.2240450851167,-52.0422718401279,1.70000337877554));
#8552=CARTESIAN_POINT('Ctrl Pts',(79.2718436172606,-52.0892250093496,1.7000063454887));
#8553=CARTESIAN_POINT('Ctrl Pts',(79.3224680826024,-52.1332700297993,1.70001457330103));
#8554=CARTESIAN_POINT('Ctrl Pts',(79.3756029619952,-52.1742863860686,1.70002329794028));
#8555=CARTESIAN_POINT('Ctrl Pts',(79.4111335561882,-52.2017134834202,1.70002913199167));
#8556=CARTESIAN_POINT('Ctrl Pts',(79.447787436172,-52.2277855208387,1.7000352307908));
#8557=CARTESIAN_POINT('Ctrl Pts',(79.4854767267189,-52.2524552202981,1.70004061052897));
#8558=CARTESIAN_POINT('Ctrl Pts',(79.5415515116009,-52.2891592301166,1.70004861459739));
#8559=CARTESIAN_POINT('Ctrl Pts',(79.5996395083905,-52.3225795599754,1.70005495972559));
#8560=CARTESIAN_POINT('Ctrl Pts',(79.6594120454066,-52.3526195630959,1.70005802285402));
#8561=CARTESIAN_POINT('Ctrl Pts',(79.7194541674116,-52.3827950520819,1.70006109979771));
#8562=CARTESIAN_POINT('Ctrl Pts',(79.7811969786071,-52.4095600877711,1.70006088870034));
#8563=CARTESIAN_POINT('Ctrl Pts',(79.8443331417002,-52.4327716401157,1.7000575078108));
#8564=CARTESIAN_POINT('Ctrl Pts',(79.8764005371819,-52.444560985434,1.70005579062818));
#8565=CARTESIAN_POINT('Ctrl Pts',(79.9088277017661,-52.45543287721,1.7000532815801));
#8566=CARTESIAN_POINT('Ctrl Pts',(79.9415757350438,-52.4653635911868,1.70005013953617));
#8567=CARTESIAN_POINT('Ctrl Pts',(80.0061141400432,-52.4849346119909,1.70004394733215));
#8568=CARTESIAN_POINT('Ctrl Pts',(80.0716231407551,-52.5007699366145,1.70003528451397));
#8569=CARTESIAN_POINT('Ctrl Pts',(80.1377891102247,-52.5127448087898,1.70002655628535));
#8570=CARTESIAN_POINT('Ctrl Pts',(80.2027259046992,-52.5244972219946,1.70001799020233));
#8571=CARTESIAN_POINT('Ctrl Pts',(80.2682964068071,-52.532531508904,1.70000938881132));
#8572=CARTESIAN_POINT('Ctrl Pts',(80.3342151769334,-52.5366815412104,1.70000433612943));
#8573=CARTESIAN_POINT('Ctrl Pts',(80.3691190554096,-52.5388789763722,1.70000166074281));
#8574=CARTESIAN_POINT('Ctrl Pts',(80.4041206813187,-52.5399865527985,1.7));
#8575=CARTESIAN_POINT('Ctrl Pts',(80.4391776537857,-52.5399736304576,1.7));
#8576=CARTESIAN_POINT('',(76.9430872502572,-49.7079293233916,1.7));
#8577=CARTESIAN_POINT('Ctrl Pts',(78.7460565692031,-51.1685798677469,1.69999991907258));
#8578=CARTESIAN_POINT('Ctrl Pts',(78.7314833633903,-51.0998359111925,1.69999930121291));
#8579=CARTESIAN_POINT('Ctrl Pts',(78.7127902141077,-51.0320096666456,1.69999523592859));
#8580=CARTESIAN_POINT('Ctrl Pts',(78.6901852807866,-50.9653718795021,1.69999042022722));
#8581=CARTESIAN_POINT('Ctrl Pts',(78.677123058711,-50.9268653481211,1.69998763748242));
#8582=CARTESIAN_POINT('Ctrl Pts',(78.6627537127053,-50.8887559594606,1.69998458601397));
#8583=CARTESIAN_POINT('Ctrl Pts',(78.6471103847845,-50.8510995945972,1.69998165137543));
#8584=CARTESIAN_POINT('Ctrl Pts',(78.620198669489,-50.786318150687,1.69997660282328));
#8585=CARTESIAN_POINT('Ctrl Pts',(78.5896683959494,-50.7232349229291,1.69997195088855));
#8586=CARTESIAN_POINT('Ctrl Pts',(78.5557719591176,-50.6620982676011,1.69996891752491));
#8587=CARTESIAN_POINT('Ctrl Pts',(78.521549816831,-50.6003741599037,1.69996585501417));
#8588=CARTESIAN_POINT('Ctrl Pts',(78.4838959930075,-50.5406333651197,1.69996443239079));
#8589=CARTESIAN_POINT('Ctrl Pts',(78.4430207963366,-50.4831513671775,1.6999649580285));
#8590=CARTESIAN_POINT('Ctrl Pts',(78.402514361863,-50.426187952376,1.69996547892409));
#8591=CARTESIAN_POINT('Ctrl Pts',(78.358843796373,-50.37144199607,1.69996790117678));
#8592=CARTESIAN_POINT('Ctrl Pts',(78.3121741836627,-50.3192129973851,1.6999717648359));
#8593=CARTESIAN_POINT('Ctrl Pts',(78.2932723876138,-50.2980595781976,1.69997332966776));
#8594=CARTESIAN_POINT('Ctrl Pts',(78.2738782376484,-50.2773194543941,1.69997512318777));
#8595=CARTESIAN_POINT('Ctrl Pts',(78.2540011778089,-50.2570144512376,1.69997708558488));
#8596=CARTESIAN_POINT('Ctrl Pts',(78.2045970335599,-50.2065466600746,1.69998196309447));
#8597=CARTESIAN_POINT('Ctrl Pts',(78.1524870958672,-50.1590452784167,1.69998783602718));
#8598=CARTESIAN_POINT('Ctrl Pts',(78.0978834738978,-50.1147750701219,1.69999323165649));
#8599=CARTESIAN_POINT('Ctrl Pts',(78.0552483361621,-50.0802083809507,1.69999744462608));
#8600=CARTESIAN_POINT('Ctrl Pts',(78.0110918742442,-50.0476119924738,1.70000134724425));
#8601=CARTESIAN_POINT('Ctrl Pts',(77.9654989783836,-50.0171271322903,1.70000392966919));
#8602=CARTESIAN_POINT('Ctrl Pts',(77.9072528227078,-49.9781819001772,1.70000722878679));
#8603=CARTESIAN_POINT('Ctrl Pts',(77.8466626136481,-49.9426810570131,1.70000837929607));
#8604=CARTESIAN_POINT('Ctrl Pts',(77.7840761731949,-49.9107167746364,1.70000855564728));
#8605=CARTESIAN_POINT('Ctrl Pts',(77.7455647555421,-49.89104814003,1.70000866416176));
#8606=CARTESIAN_POINT('Ctrl Pts',(77.706296972964,-49.8727194691778,1.70000839373258));
#8607=CARTESIAN_POINT('Ctrl Pts',(77.6663507162805,-49.8557615171317,1.70000795757401));
#8608=CARTESIAN_POINT('Ctrl Pts',(77.6015477795987,-49.8282514277284,1.70000725001444));
#8609=CARTESIAN_POINT('Ctrl Pts',(77.535233073506,-49.8044618513084,1.70000608184554));
#8610=CARTESIAN_POINT('Ctrl Pts',(77.4677638313665,-49.7844703575132,1.70000496154571));
#8611=CARTESIAN_POINT('Ctrl Pts',(77.4164883169883,-49.7692771510234,1.70000411013626));
#8612=CARTESIAN_POINT('Ctrl Pts',(77.3645452701582,-49.7562785232111,1.70000327290927));
#8613=CARTESIAN_POINT('Ctrl Pts',(77.31208568587,-49.7455277903293,1.70000256146975));
#8614=CARTESIAN_POINT('Ctrl Pts',(77.2433322146338,-49.7314378920963,1.70000162905793));
#8615=CARTESIAN_POINT('Ctrl Pts',(77.1738890732699,-49.7212478201924,1.70000091316487));
#8616=CARTESIAN_POINT('Ctrl Pts',(77.1041006900434,-49.7150553385367,1.70000048894283));
#8617=CARTESIAN_POINT('Ctrl Pts',(77.0505818666938,-49.710306491859,1.70000016361843));
#8618=CARTESIAN_POINT('Ctrl Pts',(76.9968595211873,-49.7079095413677,1.7000000004646));
#8619=CARTESIAN_POINT('Ctrl Pts',(76.9430872502572,-49.7079293233916,1.7));
#8620=CARTESIAN_POINT('',(63.5381469695083,-49.7128705147255,1.7));
#8621=CARTESIAN_POINT('',(70.8833114874547,-49.7101630156615,1.7));
#8622=CARTESIAN_POINT('',(61.7016416120318,-51.5494495732367,1.7));
#8623=CARTESIAN_POINT('Ctrl Pts',(63.5381469695083,-49.7128705147255,1.7));
#8624=CARTESIAN_POINT('Ctrl Pts',(63.468845094538,-49.7128960600705,1.7));
#8625=CARTESIAN_POINT('Ctrl Pts',(63.3997092440911,-49.7169795750992,1.69999948256599));
#8626=CARTESIAN_POINT('Ctrl Pts',(63.3310681214737,-49.7249367483953,1.69999853346017));
#8627=CARTESIAN_POINT('Ctrl Pts',(63.2613925563216,-49.7330138387062,1.69999757005103));
#8628=CARTESIAN_POINT('Ctrl Pts',(63.1922257676866,-49.7450824276324,1.6999961431389));
#8629=CARTESIAN_POINT('Ctrl Pts',(63.1239107923564,-49.7610038741202,1.69999432797184));
#8630=CARTESIAN_POINT('Ctrl Pts',(63.0557192724174,-49.7768965481699,1.69999251608506));
#8631=CARTESIAN_POINT('Ctrl Pts',(62.9883755006313,-49.7966284985152,1.69999029835125));
#8632=CARTESIAN_POINT('Ctrl Pts',(62.9222347043216,-49.8201110895604,1.69998801932616));
#8633=CARTESIAN_POINT('Ctrl Pts',(62.8945228208832,-49.8299499010382,1.69998706445289));
#8634=CARTESIAN_POINT('Ctrl Pts',(62.8670223713203,-49.8404476922747,1.69998610372059));
#8635=CARTESIAN_POINT('Ctrl Pts',(62.8397608605395,-49.8516003134323,1.69998518892117));
#8636=CARTESIAN_POINT('Ctrl Pts',(62.7744796072629,-49.8783067235188,1.69998299831431));
#8637=CARTESIAN_POINT('Ctrl Pts',(62.7109296733907,-49.9086165233493,1.69998096942714));
#8638=CARTESIAN_POINT('Ctrl Pts',(62.6494489317938,-49.9423855051736,1.69998002524829));
#8639=CARTESIAN_POINT('Ctrl Pts',(62.5885629192991,-49.9758278254172,1.69997909020288));
#8640=CARTESIAN_POINT('Ctrl Pts',(62.5297053254115,-50.0126631392,1.69997920102951));
#8641=CARTESIAN_POINT('Ctrl Pts',(62.4732236251648,-50.0527979048952,1.699981625014));
#8642=CARTESIAN_POINT('Ctrl Pts',(62.445668106414,-50.0723783049865,1.69998280759438));
#8643=CARTESIAN_POINT('Ctrl Pts',(62.4186784627801,-50.0927446875495,1.69998454803912));
#8644=CARTESIAN_POINT('Ctrl Pts',(62.3922977538512,-50.1138898362459,1.69998704556179));
#8645=CARTESIAN_POINT('Ctrl Pts',(62.3419244237258,-50.1542659898474,1.69999181452136));
#8646=CARTESIAN_POINT('Ctrl Pts',(62.2937695062197,-50.1974803591107,1.69999930885224));
#8647=CARTESIAN_POINT('Ctrl Pts',(62.2479556280047,-50.2433013779549,1.70000751385885));
#8648=CARTESIAN_POINT('Ctrl Pts',(62.1988700698618,-50.2923945866564,1.70001630480483));
#8649=CARTESIAN_POINT('Ctrl Pts',(62.1527413155554,-50.3442091126763,1.70002578794298));
#8650=CARTESIAN_POINT('Ctrl Pts',(62.1096620822062,-50.398401723622,1.70003411800076));
#8651=CARTESIAN_POINT('Ctrl Pts',(62.0659535642846,-50.4533859590084,1.70004256974076));
#8652=CARTESIAN_POINT('Ctrl Pts',(62.0253837847621,-50.5108190698151,1.70004982437313));
#8653=CARTESIAN_POINT('Ctrl Pts',(61.9880873518334,-50.5703812264741,1.70005467976181));
#8654=CARTESIAN_POINT('Ctrl Pts',(61.9508268545747,-50.6298859941058,1.70005953047225));
#8655=CARTESIAN_POINT('Ctrl Pts',(61.9168329417992,-50.6915166069624,1.70006197777934));
#8656=CARTESIAN_POINT('Ctrl Pts',(61.8862845127231,-50.7549794640803,1.70006168091327));
#8657=CARTESIAN_POINT('Ctrl Pts',(61.8740359180662,-50.7804253163259,1.70006156188286));
#8658=CARTESIAN_POINT('Ctrl Pts',(61.8623417815774,-50.8061659416502,1.70006101206657));
#8659=CARTESIAN_POINT('Ctrl Pts',(61.851215915465,-50.8321830601153,1.70006005328257));
#8660=CARTESIAN_POINT('Ctrl Pts',(61.8235448081765,-50.8968901551955,1.70005766869385));
#8661=CARTESIAN_POINT('Ctrl Pts',(61.7995023808392,-50.9630328871654,1.70005267707647));
#8662=CARTESIAN_POINT('Ctrl Pts',(61.7792434130806,-51.0303055498598,1.70004605944289));
#8663=CARTESIAN_POINT('Ctrl Pts',(61.7640574579503,-51.080732582932,1.70004109891935));
#8664=CARTESIAN_POINT('Ctrl Pts',(61.7509982382345,-51.131795151377,1.70003524118662));
#8665=CARTESIAN_POINT('Ctrl Pts',(61.7401494126185,-51.1833699245998,1.70002925402994));
#8666=CARTESIAN_POINT('Ctrl Pts',(61.7258643983502,-51.2512801664491,1.700021370539));
#8667=CARTESIAN_POINT('Ctrl Pts',(61.7154508541427,-51.319884235831,1.70001325114515));
#8668=CARTESIAN_POINT('Ctrl Pts',(61.7090774415442,-51.3888959982068,1.70000748732962));
#8669=CARTESIAN_POINT('Ctrl Pts',(61.7041534480576,-51.4422133479293,1.70000303430078));
#8670=CARTESIAN_POINT('Ctrl Pts',(61.701641815642,-51.4957744963957,1.70000000390951));
#8671=CARTESIAN_POINT('Ctrl Pts',(61.7016416120318,-51.5494495732367,1.7));
#8672=CARTESIAN_POINT('',(61.7016416120031,-99.9494495732365,1.7));
#8673=CARTESIAN_POINT('',(61.7016416119866,-85.7792898970313,1.7));
#8674=CARTESIAN_POINT('',(63.5381469694757,-101.786028631753,1.7));
#8675=CARTESIAN_POINT('Ctrl Pts',(61.7016416120031,-99.9494495732365,1.7));
#8676=CARTESIAN_POINT('Ctrl Pts',(61.7016418724151,-100.018098612128,1.70000000500017));
#8677=CARTESIAN_POINT('Ctrl Pts',(61.7057495152494,-100.08647062815,1.70000494641524));
#8678=CARTESIAN_POINT('Ctrl Pts',(61.7137318774387,-100.154296735044,1.70001155370311));
#8679=CARTESIAN_POINT('Ctrl Pts',(61.7218753778185,-100.223492032646,1.70001829437085));
#8680=CARTESIAN_POINT('Ctrl Pts',(61.734051880068,-100.292120000709,1.7000267739804));
#8681=CARTESIAN_POINT('Ctrl Pts',(61.7500693133846,-100.359894426658,1.70003457535356));
#8682=CARTESIAN_POINT('Ctrl Pts',(61.7662623663675,-100.428411950571,1.70004246226319));
#8683=CARTESIAN_POINT('Ctrl Pts',(61.7863813958937,-100.496058038701,1.70004966284898));
#8684=CARTESIAN_POINT('Ctrl Pts',(61.8102786804779,-100.562522774128,1.70005465374234));
#8685=CARTESIAN_POINT('Ctrl Pts',(61.820265567143,-100.590298975127,1.70005673948083));
#8686=CARTESIAN_POINT('Ctrl Pts',(61.8309128914927,-100.617868605551,1.70005845031761));
#8687=CARTESIAN_POINT('Ctrl Pts',(61.8422122256302,-100.645207719465,1.70005972026263));
#8688=CARTESIAN_POINT('Ctrl Pts',(61.8692015687907,-100.71050933088,1.70006275362563));
#8689=CARTESIAN_POINT('Ctrl Pts',(61.8997566397946,-100.774132269322,1.70006322743585));
#8690=CARTESIAN_POINT('Ctrl Pts',(61.9336760458745,-100.835788543501,1.70006099389805));
#8691=CARTESIAN_POINT('Ctrl Pts',(61.9676626682908,-100.897566998738,1.70005875593417));
#8692=CARTESIAN_POINT('Ctrl Pts',(62.005027439491,-100.957371898124,1.70005380884154));
#8693=CARTESIAN_POINT('Ctrl Pts',(62.0456161232803,-101.014893953183,1.70004693243133));
#8694=CARTESIAN_POINT('Ctrl Pts',(62.0854108882634,-101.071290870961,1.70004019052441));
#8695=CARTESIAN_POINT('Ctrl Pts',(62.1283052349558,-101.125494130676,1.70003160470857));
#8696=CARTESIAN_POINT('Ctrl Pts',(62.1741924341043,-101.177181272682,1.70002265170061));
#8697=CARTESIAN_POINT('Ctrl Pts',(62.1928260107919,-101.198170052608,1.70001901612111));
#8698=CARTESIAN_POINT('Ctrl Pts',(62.2119534997684,-101.218743512694,1.70001532774593));
#8699=CARTESIAN_POINT('Ctrl Pts',(62.2315693161911,-101.23887812586,1.70001171544232));
#8700=CARTESIAN_POINT('Ctrl Pts',(62.2822574094449,-101.290906811683,1.70000238109814));
#8701=CARTESIAN_POINT('Ctrl Pts',(62.3359118225197,-101.339708813504,1.69999362642863));
#8702=CARTESIAN_POINT('Ctrl Pts',(62.3923605984813,-101.384956931184,1.69998825097582));
#8703=CARTESIAN_POINT('Ctrl Pts',(62.4463304051043,-101.428217960668,1.69998311158805));
#8704=CARTESIAN_POINT('Ctrl Pts',(62.5028552832095,-101.468231003603,1.69998107554525));
#8705=CARTESIAN_POINT('Ctrl Pts',(62.5615781123375,-101.504919797984,1.69998061803092));
#8706=CARTESIAN_POINT('Ctrl Pts',(62.6209883083757,-101.542038044821,1.69998015516126));
#8707=CARTESIAN_POINT('Ctrl Pts',(62.6826491461216,-101.575754186416,1.69998132592986));
#8708=CARTESIAN_POINT('Ctrl Pts',(62.7462169349111,-101.605943475469,1.69998305283205));
#8709=CARTESIAN_POINT('Ctrl Pts',(62.7698704512408,-101.617176882438,1.69998369541078));
#8710=CARTESIAN_POINT('Ctrl Pts',(62.7937881850014,-101.627921485813,1.69998441854871));
#8711=CARTESIAN_POINT('Ctrl Pts',(62.8179529290549,-101.63816908158,1.69998517632952));
#8712=CARTESIAN_POINT('Ctrl Pts',(62.8827642166445,-101.665653745805,1.69998720874295));
#8713=CARTESIAN_POINT('Ctrl Pts',(62.9490780577323,-101.689451003387,1.69998950541225));
#8714=CARTESIAN_POINT('Ctrl Pts',(63.0165366748871,-101.709461878389,1.69999156285632));
#8715=CARTESIAN_POINT('Ctrl Pts',(63.0673516612816,-101.724535598898,1.69999311268044));
#8716=CARTESIAN_POINT('Ctrl Pts',(63.1188169147775,-101.73745993561,1.69999454005118));
#8717=CARTESIAN_POINT('Ctrl Pts',(63.1707851099456,-101.748173869026,1.69999573726747));
#8718=CARTESIAN_POINT('Ctrl Pts',(63.2393516879591,-101.762309779441,1.69999731686869));
#8719=CARTESIAN_POINT('Ctrl Pts',(63.3085972435461,-101.772559106081,1.69999849344993));
#8720=CARTESIAN_POINT('Ctrl Pts',(63.3781789254233,-101.778803865239,1.69999919531221));
#8721=CARTESIAN_POINT('Ctrl Pts',(63.4313552738146,-101.783576292115,1.69999973169581));
#8722=CARTESIAN_POINT('Ctrl Pts',(63.4847284134938,-101.786008941153,1.7));
#8723=CARTESIAN_POINT('Ctrl Pts',(63.5381469694757,-101.786028631753,1.7));
#8724=CARTESIAN_POINT('',(77.5493721782747,-101.791193305641,1.7));
#8725=CARTESIAN_POINT('',(64.1996269442511,-101.786272459705,1.7));
#8726=CARTESIAN_POINT('',(79.2414623919912,-103.163767022372,1.7));
#8727=CARTESIAN_POINT('Ctrl Pts',(79.2414623919912,-103.163767022372,1.7));
#8728=CARTESIAN_POINT('Ctrl Pts',(79.2277289226983,-103.098786932846,1.7));
#8729=CARTESIAN_POINT('Ctrl Pts',(79.210192447287,-103.034787146146,1.69999976329698));
#8730=CARTESIAN_POINT('Ctrl Pts',(79.1890792421576,-102.972052219346,1.6999993169178));
#8731=CARTESIAN_POINT('Ctrl Pts',(79.167695711944,-102.908514059487,1.69999886482336));
#8732=CARTESIAN_POINT('Ctrl Pts',(79.1426428847017,-102.846272423371,1.69999817831782));
#8733=CARTESIAN_POINT('Ctrl Pts',(79.1141032095632,-102.785633727839,1.69999730093934));
#8734=CARTESIAN_POINT('Ctrl Pts',(79.0857179481442,-102.725323117559,1.6999964283079));
#8735=CARTESIAN_POINT('Ctrl Pts',(79.053882953867,-102.666597253965,1.6999953478059));
#8736=CARTESIAN_POINT('Ctrl Pts',(79.0187330255339,-102.609781874316,1.69999440527113));
#8737=CARTESIAN_POINT('Ctrl Pts',(79.0057119842137,-102.588735020421,1.69999405611582));
#8738=CARTESIAN_POINT('Ctrl Pts',(78.9922356369793,-102.567950646491,1.69999373033643));
#8739=CARTESIAN_POINT('Ctrl Pts',(78.9783094797442,-102.547446544442,1.69999346424019));
#8740=CARTESIAN_POINT('Ctrl Pts',(78.9405090196361,-102.491791242086,1.69999274196196));
#8741=CARTESIAN_POINT('Ctrl Pts',(78.8996104646315,-102.438512330994,1.6999923474452));
#8742=CARTESIAN_POINT('Ctrl Pts',(78.855800871806,-102.387908559318,1.69999321940726));
#8743=CARTESIAN_POINT('Ctrl Pts',(78.8264271819983,-102.353979472183,1.69999380404504));
#8744=CARTESIAN_POINT('Ctrl Pts',(78.795743797129,-102.321253340399,1.69999496087171));
#8745=CARTESIAN_POINT('Ctrl Pts',(78.7637960813834,-102.289827364672,1.69999706997373));
#8746=CARTESIAN_POINT('Ctrl Pts',(78.7160218506433,-102.242833337694,1.70000022389957));
#8747=CARTESIAN_POINT('Ctrl Pts',(78.6654215689675,-102.198744534715,1.70000547020767));
#8748=CARTESIAN_POINT('Ctrl Pts',(78.6123104383203,-102.157682223049,1.70001076107901));
#8749=CARTESIAN_POINT('Ctrl Pts',(78.5764635919521,-102.129967611068,1.70001433210168));
#8750=CARTESIAN_POINT('Ctrl Pts',(78.5394721611738,-102.103632518807,1.7000179362805));
#8751=CARTESIAN_POINT('Ctrl Pts',(78.5014264145572,-102.078725862238,1.70002114293368));
#8752=CARTESIAN_POINT('Ctrl Pts',(78.4453458551629,-102.042012711434,1.70002586963561));
#8753=CARTESIAN_POINT('Ctrl Pts',(78.3872521862655,-102.008582023938,1.70002963033126));
#8754=CARTESIAN_POINT('Ctrl Pts',(78.3274734354328,-101.978531984656,1.70003162029973));
#8755=CARTESIAN_POINT('Ctrl Pts',(78.267460640922,-101.94836429451,1.70003361805925));
#8756=CARTESIAN_POINT('Ctrl Pts',(78.2057486225343,-101.921603346119,1.70003381959556));
#8757=CARTESIAN_POINT('Ctrl Pts',(78.142643775392,-101.89839367097,1.70003218499937));
#8758=CARTESIAN_POINT('Ctrl Pts',(78.1108122008109,-101.886686162927,1.70003136047046));
#8759=CARTESIAN_POINT('Ctrl Pts',(78.0786259144786,-101.875883005076,1.70003008204843));
#8760=CARTESIAN_POINT('Ctrl Pts',(78.0461229304676,-101.866007627759,1.70002843348473));
#8761=CARTESIAN_POINT('Ctrl Pts',(77.981634688561,-101.846414173783,1.70002516261661));
#8762=CARTESIAN_POINT('Ctrl Pts',(77.9161748203314,-101.830553212917,1.70002037696337));
#8763=CARTESIAN_POINT('Ctrl Pts',(77.8500560852303,-101.818551014835,1.70001543484142));
#8764=CARTESIAN_POINT('Ctrl Pts',(77.7851915738828,-101.806776489619,1.70001058646789));
#8765=CARTESIAN_POINT('Ctrl Pts',(77.7196920359888,-101.798715497853,1.70000557989824));
#8766=CARTESIAN_POINT('Ctrl Pts',(77.6538419817158,-101.794535483868,1.70000258396222));
#8767=CARTESIAN_POINT('Ctrl Pts',(77.619102426158,-101.792330294676,1.70000100343983));
#8768=CARTESIAN_POINT('Ctrl Pts',(77.5842652175771,-101.791206071831,1.69999999813285));
#8769=CARTESIAN_POINT('Ctrl Pts',(77.5493721782701,-101.791193305641,1.69999999999966));
#8770=CARTESIAN_POINT('',(81.0445988286617,-104.625814680164,1.7));
#8771=CARTESIAN_POINT('Ctrl Pts',(79.2414666915434,-103.163764687818,1.70000008255562));
#8772=CARTESIAN_POINT('Ctrl Pts',(79.2560331039933,-103.232512308536,1.70000070721714));
#8773=CARTESIAN_POINT('Ctrl Pts',(79.2747168391741,-103.300342650074,1.70000478466979));
#8774=CARTESIAN_POINT('Ctrl Pts',(79.2973097604431,-103.366985658292,1.70000961635547));
#8775=CARTESIAN_POINT('Ctrl Pts',(79.3104164339062,-103.405646800732,1.7000124193275));
#8776=CARTESIAN_POINT('Ctrl Pts',(79.3248396653992,-103.443908048249,1.70001549437148));
#8777=CARTESIAN_POINT('Ctrl Pts',(79.3405459365165,-103.481712990638,1.70001845129223));
#8778=CARTESIAN_POINT('Ctrl Pts',(79.3674624501305,-103.546500949465,1.70002351869473));
#8779=CARTESIAN_POINT('Ctrl Pts',(79.3979953785378,-103.609591496193,1.70002818842685));
#8780=CARTESIAN_POINT('Ctrl Pts',(79.431892563481,-103.670736759276,1.70003123861424));
#8781=CARTESIAN_POINT('Ctrl Pts',(79.4661166481882,-103.73247169882,1.70003431821721));
#8782=CARTESIAN_POINT('Ctrl Pts',(79.5037707087009,-103.792224499222,1.70003575682458));
#8783=CARTESIAN_POINT('Ctrl Pts',(79.5446446501735,-103.849720120537,1.70003524596087));
#8784=CARTESIAN_POINT('Ctrl Pts',(79.5851541059973,-103.906703035515,1.70003473965269));
#8785=CARTESIAN_POINT('Ctrl Pts',(79.6288268931624,-103.961469612221,1.70003233038537));
#8786=CARTESIAN_POINT('Ctrl Pts',(79.6754980827594,-104.013720695685,1.7000284781341));
#8787=CARTESIAN_POINT('Ctrl Pts',(79.6945118159295,-104.035007664528,1.70002690873596));
#8788=CARTESIAN_POINT('Ctrl Pts',(79.7140236104345,-104.055876701064,1.70002510767454));
#8789=CARTESIAN_POINT('Ctrl Pts',(79.7340238678389,-104.076305612733,1.70002313588173));
#8790=CARTESIAN_POINT('Ctrl Pts',(79.783449996264,-104.126791063561,1.70001826304021));
#8791=CARTESIAN_POINT('Ctrl Pts',(79.8355817901832,-104.174310179187,1.70001239545849));
#8792=CARTESIAN_POINT('Ctrl Pts',(79.8902073456581,-104.218598251338,1.70000700760393));
#8793=CARTESIAN_POINT('Ctrl Pts',(79.9325912361892,-104.252961303311,1.70000282717527));
#8794=CARTESIAN_POINT('Ctrl Pts',(79.9764774255254,-104.28537883182,1.69999895490541));
#8795=CARTESIAN_POINT('Ctrl Pts',(80.0217826637969,-104.315712320573,1.69999638158807));
#8796=CARTESIAN_POINT('Ctrl Pts',(80.0800204176957,-104.354704594321,1.6999930737096));
#8797=CARTESIAN_POINT('Ctrl Pts',(80.140602651404,-104.390255034203,1.69999190564769));
#8798=CARTESIAN_POINT('Ctrl Pts',(80.2031819778178,-104.422271384382,1.69999170702311));
#8799=CARTESIAN_POINT('Ctrl Pts',(80.2421232922828,-104.44219423801,1.69999158342474));
#8800=CARTESIAN_POINT('Ctrl Pts',(80.2818384601087,-104.460747705212,1.6999918455081));
#8801=CARTESIAN_POINT('Ctrl Pts',(80.3222470519483,-104.477899919915,1.69999227416352));
#8802=CARTESIAN_POINT('Ctrl Pts',(80.3870781426005,-104.505418740433,1.69999296189346));
#8803=CARTESIAN_POINT('Ctrl Pts',(80.4534205551792,-104.529217509532,1.69999410314389));
#8804=CARTESIAN_POINT('Ctrl Pts',(80.5209175023031,-104.549218053078,1.69999519531354));
#8805=CARTESIAN_POINT('Ctrl Pts',(80.5720124617664,-104.564358396534,1.69999602208225));
#8806=CARTESIAN_POINT('Ctrl Pts',(80.6237697160879,-104.577321284202,1.69999683408816));
#8807=CARTESIAN_POINT('Ctrl Pts',(80.6760402136098,-104.588053792023,1.69999752313522));
#8808=CARTESIAN_POINT('Ctrl Pts',(80.7448256932547,-104.602177260005,1.69999842988827));
#8809=CARTESIAN_POINT('Ctrl Pts',(80.8143027577113,-104.612399640841,1.69999912322951));
#8810=CARTESIAN_POINT('Ctrl Pts',(80.8841271989285,-104.618622520583,1.6999995320927));
#8811=CARTESIAN_POINT('Ctrl Pts',(80.9374651309112,-104.62337609298,1.69999984441768));
#8812=CARTESIAN_POINT('Ctrl Pts',(80.9910062470478,-104.625794925417,1.7));
#8813=CARTESIAN_POINT('Ctrl Pts',(81.0445988286617,-104.625814680164,1.7));
#8814=CARTESIAN_POINT('',(95.0505962441205,-104.630977427036,1.7));
#8815=CARTESIAN_POINT('',(72.9491035583811,-104.622830601869,1.7));
#8816=CARTESIAN_POINT('',(96.7421625413278,-106.001077589646,1.7));
#8817=CARTESIAN_POINT('Ctrl Pts',(96.7421625413278,-106.001077589646,1.7));
#8818=CARTESIAN_POINT('Ctrl Pts',(96.7283339364722,-105.936116785836,1.7));
#8819=CARTESIAN_POINT('Ctrl Pts',(96.7107038329942,-105.872141931905,1.69999976567928));
#8820=CARTESIAN_POINT('Ctrl Pts',(96.6894988175129,-105.809437272122,1.69999932321683));
#8821=CARTESIAN_POINT('Ctrl Pts',(96.6680226064456,-105.745930668715,1.69999887509562));
#8822=CARTESIAN_POINT('Ctrl Pts',(96.6428790658231,-105.683726024324,1.69999819414055));
#8823=CARTESIAN_POINT('Ctrl Pts',(96.6142509752222,-105.623129496157,1.69999732334844));
#8824=CARTESIAN_POINT('Ctrl Pts',(96.5857782847022,-105.56286190035,1.6999964572832));
#8825=CARTESIAN_POINT('Ctrl Pts',(96.5538582562848,-105.504184115121,1.69999538437932));
#8826=CARTESIAN_POINT('Ctrl Pts',(96.5186260413773,-105.447421671062,1.69999445028388));
#8827=CARTESIAN_POINT('Ctrl Pts',(96.5055742493221,-105.426393994592,1.69999410424774));
#8828=CARTESIAN_POINT('Ctrl Pts',(96.4920675101448,-105.405629476028,1.69999378170729));
#8829=CARTESIAN_POINT('Ctrl Pts',(96.478111339764,-105.385145899818,1.69999351897443));
#8830=CARTESIAN_POINT('Ctrl Pts',(96.4402295300907,-105.32954648291,1.69999280582777));
#8831=CARTESIAN_POINT('Ctrl Pts',(96.3992528908538,-105.276328063498,1.69999242127297));
#8832=CARTESIAN_POINT('Ctrl Pts',(96.3553688001947,-105.225789122693,1.69999330432818));
#8833=CARTESIAN_POINT('Ctrl Pts',(96.3261814551105,-105.192175631259,1.69999389164894));
#8834=CARTESIAN_POINT('Ctrl Pts',(96.2957069426245,-105.159747781815,1.69999504265406));
#8835=CARTESIAN_POINT('Ctrl Pts',(96.2639896785112,-105.12860036142,1.69999712810551));
#8836=CARTESIAN_POINT('Ctrl Pts',(96.2161760637102,-105.081645783135,1.70000027191301));
#8837=CARTESIAN_POINT('Ctrl Pts',(96.1655394976434,-105.037598845375,1.70000550192312));
#8838=CARTESIAN_POINT('Ctrl Pts',(96.1123953307194,-104.996580568316,1.70001077334665));
#8839=CARTESIAN_POINT('Ctrl Pts',(96.0762416384321,-104.968676053996,1.70001435946786));
#8840=CARTESIAN_POINT('Ctrl Pts',(96.0389266381443,-104.942174024135,1.70001797755853));
#8841=CARTESIAN_POINT('Ctrl Pts',(96.0005427931252,-104.917124531312,1.70002118812543));
#8842=CARTESIAN_POINT('Ctrl Pts',(95.9444070176687,-104.880490038239,1.70002588352952));
#8843=CARTESIAN_POINT('Ctrl Pts',(95.8862627730048,-104.847140583859,1.70002960578756));
#8844=CARTESIAN_POINT('Ctrl Pts',(95.8264380125527,-104.817174431873,1.70003155726677));
#8845=CARTESIAN_POINT('Ctrl Pts',(95.766384145839,-104.78709352083,1.70003351621941));
#8846=CARTESIAN_POINT('Ctrl Pts',(95.7046359453829,-104.76042144639,1.70003367919543));
#8847=CARTESIAN_POINT('Ctrl Pts',(95.6414997441394,-104.737302836374,1.70003201423847));
#8848=CARTESIAN_POINT('Ctrl Pts',(95.6100455658069,-104.72578524634,1.70003118476422));
#8849=CARTESIAN_POINT('Ctrl Pts',(95.5782465796229,-104.715150364121,1.70002991470992));
#8850=CARTESIAN_POINT('Ctrl Pts',(95.5461394131809,-104.705420757526,1.70002828543008));
#8851=CARTESIAN_POINT('Ctrl Pts',(95.48163925144,-104.685874928086,1.70002501236601));
#8852=CARTESIAN_POINT('Ctrl Pts',(95.4161698005571,-104.670062317979,1.70002023145269));
#8853=CARTESIAN_POINT('Ctrl Pts',(95.3500437896919,-104.658109219491,1.70001530317907));
#8854=CARTESIAN_POINT('Ctrl Pts',(95.2851714083306,-104.646382730121,1.7000104683366));
#8855=CARTESIAN_POINT('Ctrl Pts',(95.219666206518,-104.638370579016,1.7000054840452));
#8856=CARTESIAN_POINT('Ctrl Pts',(95.15381273434,-104.634240257767,1.70000252161412));
#8857=CARTESIAN_POINT('Ctrl Pts',(95.1194884999704,-104.632087446231,1.70000097753185));
#8858=CARTESIAN_POINT('Ctrl Pts',(95.0850695555417,-104.630990039637,1.69999999815619));
#8859=CARTESIAN_POINT('Ctrl Pts',(95.0505962441146,-104.630977427036,1.69999999999962));
#8860=CARTESIAN_POINT('',(98.5510506878476,-107.465600728575,1.7));
#8861=CARTESIAN_POINT('Ctrl Pts',(96.7421682139265,-106.001074505456,1.70000010891946));
#8862=CARTESIAN_POINT('Ctrl Pts',(96.7568792381095,-106.069982946772,1.70000082564409));
#8863=CARTESIAN_POINT('Ctrl Pts',(96.7757123881205,-106.137968918413,1.7000049628994));
#8864=CARTESIAN_POINT('Ctrl Pts',(96.7984598880791,-106.204761890482,1.70000983059296));
#8865=CARTESIAN_POINT('Ctrl Pts',(96.8113948498946,-106.242742527687,1.70001259852045));
#8866=CARTESIAN_POINT('Ctrl Pts',(96.8255964139468,-106.280337109247,1.70001562041101));
#8867=CARTESIAN_POINT('Ctrl Pts',(96.8410330232975,-106.317492432405,1.70001852925364));
#8868=CARTESIAN_POINT('Ctrl Pts',(96.8680202832887,-106.382449726027,1.7000236146769));
#8869=CARTESIAN_POINT('Ctrl Pts',(96.8986302965417,-106.445706588931,1.70002830278254));
#8870=CARTESIAN_POINT('Ctrl Pts',(96.9326106358109,-106.50701498825,1.70003136962658));
#8871=CARTESIAN_POINT('Ctrl Pts',(96.9669187358676,-106.568914743914,1.70003446605218));
#8872=CARTESIAN_POINT('Ctrl Pts',(97.0046630102171,-106.628829111186,1.70003591971751));
#8873=CARTESIAN_POINT('Ctrl Pts',(97.0456330933799,-106.686482892444,1.70003542015557));
#8874=CARTESIAN_POINT('Ctrl Pts',(97.0862390087892,-106.743624210793,1.70003492503405));
#8875=CARTESIAN_POINT('Ctrl Pts',(97.1300142610534,-106.798545715307,1.7000325231431));
#8876=CARTESIAN_POINT('Ctrl Pts',(97.1767936574517,-106.850948092806,1.7000286728276));
#8877=CARTESIAN_POINT('Ctrl Pts',(97.1959899260748,-106.872451792991,1.70002709282237));
#8878=CARTESIAN_POINT('Ctrl Pts',(97.2156924851126,-106.893530856329,1.70002527684495));
#8879=CARTESIAN_POINT('Ctrl Pts',(97.2358915112355,-106.914162588709,1.70002328713005));
#8880=CARTESIAN_POINT('Ctrl Pts',(97.285447860326,-106.964780540582,1.70001840555775));
#8881=CARTESIAN_POINT('Ctrl Pts',(97.3377145846078,-107.012427017821,1.70001252645651));
#8882=CARTESIAN_POINT('Ctrl Pts',(97.3924795427129,-107.056837132554,1.70000712467069));
#8883=CARTESIAN_POINT('Ctrl Pts',(97.4350560773889,-107.091363385387,1.70000292509986));
#8884=CARTESIAN_POINT('Ctrl Pts',(97.4791435895486,-107.123933161029,1.69999903337904));
#8885=CARTESIAN_POINT('Ctrl Pts',(97.5246582351615,-107.154407019674,1.69999644668741));
#8886=CARTESIAN_POINT('Ctrl Pts',(97.5830488632273,-107.193501858752,1.69999312822702));
#8887=CARTESIAN_POINT('Ctrl Pts',(97.6437879696433,-107.229148985755,1.69999195118111));
#8888=CARTESIAN_POINT('Ctrl Pts',(97.7065279009712,-107.261256015866,1.69999174489227));
#8889=CARTESIAN_POINT('Ctrl Pts',(97.7456577811633,-107.281280651135,1.69999161623325));
#8890=CARTESIAN_POINT('Ctrl Pts',(97.7855664833222,-107.299927342041,1.69999187551226));
#8891=CARTESIAN_POINT('Ctrl Pts',(97.8261729683153,-107.317163965516,1.69999230212973));
#8892=CARTESIAN_POINT('Ctrl Pts',(97.8911739237835,-107.344755543439,1.69999298503895));
#8893=CARTESIAN_POINT('Ctrl Pts',(97.9576888158033,-107.368620598924,1.69999412163977));
#8894=CARTESIAN_POINT('Ctrl Pts',(98.0253605834356,-107.388680841438,1.69999520964391));
#8895=CARTESIAN_POINT('Ctrl Pts',(98.0766916957589,-107.403897150954,1.69999603492844));
#8896=CARTESIAN_POINT('Ctrl Pts',(98.1286891360477,-107.416923385966,1.69999684565098));
#8897=CARTESIAN_POINT('Ctrl Pts',(98.1812028322086,-107.427706233004,1.69999753322683));
#8898=CARTESIAN_POINT('Ctrl Pts',(98.250168055266,-107.441867137789,1.69999843620691));
#8899=CARTESIAN_POINT('Ctrl Pts',(98.3198261143342,-107.452120105164,1.69999912637753));
#8900=CARTESIAN_POINT('Ctrl Pts',(98.3898325500538,-107.458366592196,1.69999953343026));
#8901=CARTESIAN_POINT('Ctrl Pts',(98.4434182501674,-107.463147900905,1.69999984500454));
#8902=CARTESIAN_POINT('Ctrl Pts',(98.4972085477181,-107.465580881838,1.7));
#8903=CARTESIAN_POINT('Ctrl Pts',(98.5510506878476,-107.465600728575,1.7));
#8904=CARTESIAN_POINT('',(111.955990968596,-107.470541919942,1.7));
#8905=CARTESIAN_POINT('',(81.6985801725112,-107.459388744032,1.7));
#8906=CARTESIAN_POINT('',(113.811708143872,-105.61611557327,1.7));
#8907=CARTESIAN_POINT('Ctrl Pts',(111.955990968596,-107.470541919942,1.7));
#8908=CARTESIAN_POINT('Ctrl Pts',(112.025207470815,-107.470567166925,1.69999999791289));
#8909=CARTESIAN_POINT('Ctrl Pts',(112.094147181414,-107.466460479747,1.69999828747634));
#8910=CARTESIAN_POINT('Ctrl Pts',(112.162539803127,-107.458455134141,1.69999576346277));
#8911=CARTESIAN_POINT('Ctrl Pts',(112.232310858691,-107.45028844307,1.69999318857842));
#8912=CARTESIAN_POINT('Ctrl Pts',(112.301513391866,-107.438064089696,1.69998978315077));
#8913=CARTESIAN_POINT('Ctrl Pts',(112.369859712441,-107.421974752571,1.69998648336444));
#8914=CARTESIAN_POINT('Ctrl Pts',(112.438954482579,-107.405709223703,1.69998314744269));
#8915=CARTESIAN_POINT('Ctrl Pts',(112.507175109731,-107.385493240111,1.69997993724541));
#8916=CARTESIAN_POINT('Ctrl Pts',(112.574210169949,-107.361475126825,1.69997754780997));
#8917=CARTESIAN_POINT('Ctrl Pts',(112.602789652837,-107.351235332076,1.69997652910679));
#8918=CARTESIAN_POINT('Ctrl Pts',(112.631153387402,-107.340303859339,1.69997565466252));
#8919=CARTESIAN_POINT('Ctrl Pts',(112.659275823776,-107.328689688812,1.69997495112937));
#8920=CARTESIAN_POINT('Ctrl Pts',(112.725110504271,-107.301500892092,1.69997330415686));
#8921=CARTESIAN_POINT('Ctrl Pts',(112.789257980326,-107.270725293735,1.69997271899393));
#8922=CARTESIAN_POINT('Ctrl Pts',(112.851428798538,-107.236564577262,1.69997328491403));
#8923=CARTESIAN_POINT('Ctrl Pts',(112.913713987571,-107.202341017974,1.69997385187521));
#8924=CARTESIAN_POINT('Ctrl Pts',(112.974016148692,-107.164719407306,1.69997559161647));
#8925=CARTESIAN_POINT('Ctrl Pts',(113.03202457342,-107.123854227449,1.69997821651562));
#8926=CARTESIAN_POINT('Ctrl Pts',(113.088888225069,-107.083795505586,1.69998078961343));
#8927=CARTESIAN_POINT('Ctrl Pts',(113.143548530645,-107.040619416285,1.69998422771044));
#8928=CARTESIAN_POINT('Ctrl Pts',(113.195681816892,-106.994432899104,1.69998766466263));
#8929=CARTESIAN_POINT('Ctrl Pts',(113.217303945137,-106.975277175965,1.69998909012851));
#8930=CARTESIAN_POINT('Ctrl Pts',(113.238490951275,-106.95560319622,1.69999050701579));
#8931=CARTESIAN_POINT('Ctrl Pts',(113.2592176669,-106.935416918406,1.69999181365755));
#8932=CARTESIAN_POINT('Ctrl Pts',(113.31170295002,-106.884300160433,1.69999512240475));
#8933=CARTESIAN_POINT('Ctrl Pts',(113.360937944075,-106.830194976114,1.69999783423046));
#8934=CARTESIAN_POINT('Ctrl Pts',(113.406593183267,-106.773274001782,1.69999780538519));
#8935=CARTESIAN_POINT('Ctrl Pts',(113.450202971874,-106.718903206625,1.69999777783226));
#8936=CARTESIAN_POINT('Ctrl Pts',(113.490547181322,-106.661962514046,1.69999526120376));
#8937=CARTESIAN_POINT('Ctrl Pts',(113.527548230314,-106.602809724853,1.69999241085846));
#8938=CARTESIAN_POINT('Ctrl Pts',(113.564969809097,-106.542984643639,1.69998952811799));
#8939=CARTESIAN_POINT('Ctrl Pts',(113.598972223189,-106.480895963462,1.69998631209577));
#8940=CARTESIAN_POINT('Ctrl Pts',(113.629429427808,-106.416887801844,1.69998411330183));
#8941=CARTESIAN_POINT('Ctrl Pts',(113.640953579845,-106.392668908638,1.69998328133986));
#8942=CARTESIAN_POINT('Ctrl Pts',(113.651969683563,-106.368175021924,1.69998258546276));
#8943=CARTESIAN_POINT('Ctrl Pts',(113.662469033155,-106.34342425842,1.69998206276795));
#8944=CARTESIAN_POINT('Ctrl Pts',(113.69015437342,-106.278159900528,1.69998068449366));
#8945=CARTESIAN_POINT('Ctrl Pts',(113.714133579948,-106.211385772384,1.69998060665078));
#8946=CARTESIAN_POINT('Ctrl Pts',(113.734306742749,-106.143459932682,1.69998190311572));
#8947=CARTESIAN_POINT('Ctrl Pts',(113.749603650705,-106.091953119994,1.69998288619928));
#8948=CARTESIAN_POINT('Ctrl Pts',(113.762711239732,-106.039783389156,1.69998464246802));
#8949=CARTESIAN_POINT('Ctrl Pts',(113.773566799336,-105.987101152364,1.69998683644326));
#8950=CARTESIAN_POINT('Ctrl Pts',(113.78779151895,-105.918068318102,1.69998971134642));
#8951=CARTESIAN_POINT('Ctrl Pts',(113.798110291102,-105.848353868171,1.69999336428658));
#8952=CARTESIAN_POINT('Ctrl Pts',(113.804404582607,-105.778300760429,1.69999617985693));
#8953=CARTESIAN_POINT('Ctrl Pts',(113.809248609838,-105.724388551046,1.69999834669325));
#8954=CARTESIAN_POINT('Ctrl Pts',(113.811708143872,-105.670275279493,1.7));
#8955=CARTESIAN_POINT('Ctrl Pts',(113.811708143872,-105.61611557327,1.7));
#8956=CARTESIAN_POINT('',(113.81170814389,-91.96779680955,1.7));
#8957=CARTESIAN_POINT('',(113.811708143863,-112.812622897081,1.7));
#8958=CARTESIAN_POINT('',(89.3517421859332,-91.9677968095326,1.7));
#8959=CARTESIAN_POINT('',(59.7327574780827,-93.0655893472362,1.7));
#8960=CARTESIAN_POINT('',(59.3751553499181,-88.9812027922766,1.7));
#8961=CARTESIAN_POINT('',(60.9227690999596,-106.657439692667,1.7));
#8962=CARTESIAN_POINT('',(58.2064085727143,-75.6322313924039,1.7));
#8963=CARTESIAN_POINT('',(60.7439682923539,-104.615252166141,1.7));
#8964=CARTESIAN_POINT('',(57.8488074452858,-71.5478438373922,1.7));
#8965=CARTESIAN_POINT('',(60.1595970584808,-97.9407851386225,1.7));
#8966=CARTESIAN_POINT('',(56.680060668082,-58.1988724375195,1.7));
#8967=CARTESIAN_POINT('',(59.980796761813,-95.8985971111212,1.7));
#8968=CARTESIAN_POINT('',(54.6925581761114,-56.5323841477805,1.7));
#8969=CARTESIAN_POINT('Ctrl Pts',(56.680060668082,-58.1988724375195,1.7));
#8970=CARTESIAN_POINT('Ctrl Pts',(56.6740270152959,-58.129958400664,1.7));
#8971=CARTESIAN_POINT('Ctrl Pts',(56.6639684935302,-58.0615627689097,1.69999731288036));
#8972=CARTESIAN_POINT('Ctrl Pts',(56.6500974847148,-57.9939963297855,1.69999424906129));
#8973=CARTESIAN_POINT('Ctrl Pts',(56.6360155274415,-57.9254023492384,1.69999113864807));
#8974=CARTESIAN_POINT('Ctrl Pts',(56.6180039513427,-57.8576620197582,1.69998763441409));
#8975=CARTESIAN_POINT('Ctrl Pts',(56.5962309761995,-57.7911044344343,1.69998511694971));
#8976=CARTESIAN_POINT('Ctrl Pts',(56.5744927803807,-57.7246531656721,1.69998260350664));
#8977=CARTESIAN_POINT('Ctrl Pts',(56.5490047760342,-57.6593799071769,1.69998106568568));
#8978=CARTESIAN_POINT('Ctrl Pts',(56.5198865059721,-57.5956304280038,1.69998095827996));
#8979=CARTESIAN_POINT('Ctrl Pts',(56.5077891932751,-57.5691454279615,1.69998091365778));
#8980=CARTESIAN_POINT('Ctrl Pts',(56.4950647534694,-57.5429237355581,1.69998110566073));
#8981=CARTESIAN_POINT('Ctrl Pts',(56.481719579112,-57.5169916790179,1.69998152504954));
#8982=CARTESIAN_POINT('Ctrl Pts',(56.4494852417412,-57.4543546061068,1.69998253805396));
#8983=CARTESIAN_POINT('Ctrl Pts',(56.4138120807469,-57.3937546930285,1.69998488763979));
#8984=CARTESIAN_POINT('Ctrl Pts',(56.3748741036046,-57.3355155815728,1.69998776150022));
#8985=CARTESIAN_POINT('Ctrl Pts',(56.3363019589273,-57.2778236417799,1.69999060835998));
#8986=CARTESIAN_POINT('Ctrl Pts',(56.2945255655661,-57.2224474526268,1.69999396024332));
#8987=CARTESIAN_POINT('Ctrl Pts',(56.2496693240571,-57.1697247876051,1.69999616831253));
#8988=CARTESIAN_POINT('Ctrl Pts',(56.2276441620193,-57.1438370805412,1.6999972525113));
#8989=CARTESIAN_POINT('Ctrl Pts',(56.2048758169945,-57.1185895696634,1.69999804865629));
#8990=CARTESIAN_POINT('Ctrl Pts',(56.1813755414386,-57.0940253182524,1.69999829484095));
#8991=CARTESIAN_POINT('Ctrl Pts',(56.1371506045963,-57.0477980957396,1.69999875813344));
#8992=CARTESIAN_POINT('Ctrl Pts',(56.0903345598209,-57.0039888002783,1.69999729354579));
#8993=CARTESIAN_POINT('Ctrl Pts',(56.0411632816749,-56.9626965754152,1.69999524459332));
#8994=CARTESIAN_POINT('Ctrl Pts',(55.9880524633964,-56.9180960701262,1.69999303148139));
#8995=CARTESIAN_POINT('Ctrl Pts',(55.9324869313853,-56.8766768274967,1.69999009595833));
#8996=CARTESIAN_POINT('Ctrl Pts',(55.8748172647176,-56.8385007667715,1.69998754431753));
#8997=CARTESIAN_POINT('Ctrl Pts',(55.8162933668249,-56.7997592236185,1.69998495488059));
#8998=CARTESIAN_POINT('Ctrl Pts',(55.7556016886112,-56.7643571985695,1.69998274447986));
#8999=CARTESIAN_POINT('Ctrl Pts',(55.6930732576043,-56.7324003171074,1.69998139031066));
#9000=CARTESIAN_POINT('Ctrl Pts',(55.6305857730701,-56.7004643624709,1.69998003702824));
#9001=CARTESIAN_POINT('Ctrl Pts',(55.5662630028261,-56.6719686609577,1.69997952085141));
#9002=CARTESIAN_POINT('Ctrl Pts',(55.500413865976,-56.6470653200862,1.69997990601373));
#9003=CARTESIAN_POINT('Ctrl Pts',(55.4742246502388,-56.6371608779347,1.69998005919871));
#9004=CARTESIAN_POINT('Ctrl Pts',(55.4477938364505,-56.6278252163367,1.69998035186129));
#9005=CARTESIAN_POINT('Ctrl Pts',(55.4211404201224,-56.6190701701132,1.69998077962314));
#9006=CARTESIAN_POINT('Ctrl Pts',(55.3542991032173,-56.5971143047957,1.69998185236239));
#9007=CARTESIAN_POINT('Ctrl Pts',(55.2863409907552,-56.5788991801407,1.69998373699435));
#9008=CARTESIAN_POINT('Ctrl Pts',(55.2175851148193,-56.5645518193023,1.69998601149736));
#9009=CARTESIAN_POINT('Ctrl Pts',(55.1658365541036,-56.5537533927918,1.69998772338387));
#9010=CARTESIAN_POINT('Ctrl Pts',(55.1136355127359,-56.5451468416435,1.69998964514574));
#9011=CARTESIAN_POINT('Ctrl Pts',(55.0611141147783,-56.5388054503978,1.69999152206685));
#9012=CARTESIAN_POINT('Ctrl Pts',(54.9922395645741,-56.530489592734,1.69999398338934));
#9013=CARTESIAN_POINT('Ctrl Pts',(54.9230107647647,-56.5260911107924,1.69999635488602));
#9014=CARTESIAN_POINT('Ctrl Pts',(54.8537282620437,-56.5257527644304,1.69999796542535));
#9015=CARTESIAN_POINT('Ctrl Pts',(54.799990919919,-56.5254903340403,1.69999921460226));
#9016=CARTESIAN_POINT('Ctrl Pts',(54.7462208885513,-56.5276713625079,1.69999999865973));
#9017=CARTESIAN_POINT('Ctrl Pts',(54.6925581761114,-56.5323841477805,1.7));
#9018=CARTESIAN_POINT('',(41.3390567414465,-57.7051746073646,1.7));
#9019=CARTESIAN_POINT('',(56.9700688397871,-56.3323584997489,1.7));
#9020=CARTESIAN_POINT('',(39.6770309149805,-59.6859218863315,1.7));
#9021=CARTESIAN_POINT('Ctrl Pts',(41.3390567414465,-57.7051746073646,1.7));
#9022=CARTESIAN_POINT('Ctrl Pts',(41.2708220885568,-57.7111674138441,1.7));
#9023=CARTESIAN_POINT('Ctrl Pts',(41.2032196345741,-57.721222246605,1.7000020816467));
#9024=CARTESIAN_POINT('Ctrl Pts',(41.1364980370792,-57.7350844122745,1.70000508137757));
#9025=CARTESIAN_POINT('Ctrl Pts',(41.0684366051023,-57.7492249436945,1.70000814134595));
#9026=CARTESIAN_POINT('Ctrl Pts',(41.0012909418009,-57.7673275932054,1.70001214089747));
#9027=CARTESIAN_POINT('Ctrl Pts',(40.9353305238119,-57.789176692917,1.70001595126003));
#9028=CARTESIAN_POINT('Ctrl Pts',(40.8686696653076,-57.811257810483,1.70001980208523));
#9029=CARTESIAN_POINT('Ctrl Pts',(40.8032184644769,-57.8371658072545,1.70002344252066));
#9030=CARTESIAN_POINT('Ctrl Pts',(40.7392737087488,-57.8667273086064,1.70002606525215));
#9031=CARTESIAN_POINT('Ctrl Pts',(40.7127929304368,-57.8789693064834,1.70002715137674));
#9032=CARTESIAN_POINT('Ctrl Pts',(40.6865707963812,-57.8918384031835,1.70002806866046));
#9033=CARTESIAN_POINT('Ctrl Pts',(40.6606298705263,-57.9053244464542,1.70002878830589));
#9034=CARTESIAN_POINT('Ctrl Pts',(40.5981154159641,-57.9378241592242,1.70003052256325));
#9035=CARTESIAN_POINT('Ctrl Pts',(40.5375813003191,-57.9737221550546,1.70003098142074));
#9036=CARTESIAN_POINT('Ctrl Pts',(40.4792975674746,-58.0127938404263,1.70003007506579));
#9037=CARTESIAN_POINT('Ctrl Pts',(40.4209179128115,-58.0519298289396,1.70002916721918));
#9038=CARTESIAN_POINT('Ctrl Pts',(40.3647951865547,-58.0942505066662,1.7000268730015));
#9039=CARTESIAN_POINT('Ctrl Pts',(40.3112246040027,-58.1395765285067,1.70002355982919));
#9040=CARTESIAN_POINT('Ctrl Pts',(40.2587256779407,-58.1839958227525,1.70002031293546));
#9041=CARTESIAN_POINT('Ctrl Pts',(40.2086771065525,-58.2313020415369,1.7000160739816));
#9042=CARTESIAN_POINT('Ctrl Pts',(40.1613910381672,-58.2813620435457,1.70001184732625));
#9043=CARTESIAN_POINT('Ctrl Pts',(40.1422873945609,-58.3015863605584,1.70001013975106));
#9044=CARTESIAN_POINT('Ctrl Pts',(40.123635092825,-58.3222605033682,1.70000844289626));
#9045=CARTESIAN_POINT('Ctrl Pts',(40.1054567491115,-58.3433770520229,1.70000686202657));
#9046=CARTESIAN_POINT('Ctrl Pts',(40.0584014084767,-58.3980380489563,1.70000276988469));
#9047=CARTESIAN_POINT('Ctrl Pts',(40.0147888411179,-58.4553471315553,1.69999935286437));
#9048=CARTESIAN_POINT('Ctrl Pts',(39.9749270098166,-58.515108033904,1.69999896390021));
#9049=CARTESIAN_POINT('Ctrl Pts',(39.9366807382468,-58.572446887285,1.69999859070038));
#9050=CARTESIAN_POINT('Ctrl Pts',(39.9018867792709,-58.6320436303377,1.70000099438109));
#9051=CARTESIAN_POINT('Ctrl Pts',(39.8705898089442,-58.6935359331613,1.70000388808669));
#9052=CARTESIAN_POINT('Ctrl Pts',(39.8389320227214,-58.7557371672364,1.70000681515319));
#9053=CARTESIAN_POINT('Ctrl Pts',(39.8108519845634,-58.8198788902105,1.70001023712995));
#9054=CARTESIAN_POINT('Ctrl Pts',(39.7864438318288,-58.8856080133901,1.7000127068452));
#9055=CARTESIAN_POINT('Ctrl Pts',(39.7773564465195,-58.910079585445,1.70001362634347));
#9056=CARTESIAN_POINT('Ctrl Pts',(39.7687785356334,-58.9347713352299,1.70001442341763));
#9057=CARTESIAN_POINT('Ctrl Pts',(39.7607167753634,-58.9596653795324,1.70001505829041));
#9058=CARTESIAN_POINT('Ctrl Pts',(39.7391141205085,-59.0263725785808,1.70001675952404));
#9059=CARTESIAN_POINT('Ctrl Pts',(39.7213053058006,-59.0942494934024,1.70001720092966));
#9060=CARTESIAN_POINT('Ctrl Pts',(39.7073573863911,-59.1629315943015,1.70001625251095));
#9061=CARTESIAN_POINT('Ctrl Pts',(39.696890493178,-59.2144724868646,1.70001554079209));
#9062=CARTESIAN_POINT('Ctrl Pts',(39.6885987811808,-59.2664674178799,1.70001406474151));
#9063=CARTESIAN_POINT('Ctrl Pts',(39.6825294770226,-59.3187661958838,1.70001213211841));
#9064=CARTESIAN_POINT('Ctrl Pts',(39.6744925061041,-59.3880202235175,1.70000957293943));
#9065=CARTESIAN_POINT('Ctrl Pts',(39.6703738514857,-59.4576078224434,1.7000061851624));
#9066=CARTESIAN_POINT('Ctrl Pts',(39.6702605387032,-59.5271777381759,1.70000355299957));
#9067=CARTESIAN_POINT('Ctrl Pts',(39.6701742529086,-59.5801540690247,1.70000154865146));
#9068=CARTESIAN_POINT('Ctrl Pts',(39.6724114597039,-59.6331205364452,1.70000000103152));
#9069=CARTESIAN_POINT('Ctrl Pts',(39.6770309149805,-59.6859218863315,1.7));
#9070=CARTESIAN_POINT('',(40.8449195062435,-73.0349683677453,1.7));
#9071=CARTESIAN_POINT('',(42.3914393909842,-90.7117964318915,1.7));
#9072=CARTESIAN_POINT('',(41.2022580547573,-77.1193788954352,1.7));
#9073=CARTESIAN_POINT('',(42.975382003999,-97.386300969874,1.7));
#9074=CARTESIAN_POINT('',(42.3701466460202,-90.468425376849,1.7));
#9075=CARTESIAN_POINT('',(43.1540505440134,-99.428500549736,1.7));
#9076=CARTESIAN_POINT('',(42.7274861945353,-94.5528349045511,1.7));
#9077=CARTESIAN_POINT('',(43.7379937064119,-106.103005039645,1.7));
#9078=CARTESIAN_POINT('',(43.8953747857983,-107.901881385965,1.7));
#9079=CARTESIAN_POINT('',(43.9166627366561,-108.14520412036,1.7));
#9080=CARTESIAN_POINT('',(45.8778986080313,-109.565543667761,1.7));
#9081=CARTESIAN_POINT('Ctrl Pts',(43.8953747857983,-107.901881385965,1.7));
#9082=CARTESIAN_POINT('Ctrl Pts',(43.9013421742901,-107.970085875045,1.7000000050923));
#9083=CARTESIAN_POINT('Ctrl Pts',(43.911369684281,-108.037657732619,1.70000476777382));
#9084=CARTESIAN_POINT('Ctrl Pts',(43.9252023599415,-108.104349566879,1.70001111207999));
#9085=CARTESIAN_POINT('Ctrl Pts',(43.9393145925919,-108.172389236431,1.70001758460395));
#9086=CARTESIAN_POINT('Ctrl Pts',(43.9573876890976,-108.239513769515,1.70002570985525));
#9087=CARTESIAN_POINT('Ctrl Pts',(43.9792056170588,-108.305454969613,1.70003316560739));
#9088=CARTESIAN_POINT('Ctrl Pts',(44.0012627522353,-108.372119135285,1.70004070310285));
#9089=CARTESIAN_POINT('Ctrl Pts',(44.027147721532,-108.437574770186,1.70004756473696));
#9090=CARTESIAN_POINT('Ctrl Pts',(44.056686607773,-108.501526191477,1.70005229765098));
#9091=CARTESIAN_POINT('Ctrl Pts',(44.0689414219439,-108.528057753212,1.70005426119765));
#9092=CARTESIAN_POINT('Ctrl Pts',(44.0818256825642,-108.55433011719,1.70005586878246));
#9093=CARTESIAN_POINT('Ctrl Pts',(44.0953291468507,-108.580320679174,1.70005705844387));
#9094=CARTESIAN_POINT('Ctrl Pts',(44.1278206005482,-108.642858049094,1.70005992095588));
#9095=CARTESIAN_POINT('Ctrl Pts',(44.1637120592738,-108.703415897958,1.70006033066798));
#9096=CARTESIAN_POINT('Ctrl Pts',(44.2027780195581,-108.761725037304,1.70005814894299));
#9097=CARTESIAN_POINT('Ctrl Pts',(44.2419213029265,-108.820149587674,1.70005596289972));
#9098=CARTESIAN_POINT('Ctrl Pts',(44.2842522115491,-108.876317385344,1.70005118560964));
#9099=CARTESIAN_POINT('Ctrl Pts',(44.3295903605845,-108.929933911128,1.70004456969392));
#9100=CARTESIAN_POINT('Ctrl Pts',(44.3740407465062,-108.982500575483,1.70003808332398));
#9101=CARTESIAN_POINT('Ctrl Pts',(44.42138237658,-109.032615605951,1.70002984152922));
#9102=CARTESIAN_POINT('Ctrl Pts',(44.4714810286411,-109.079967214144,1.70002124044687));
#9103=CARTESIAN_POINT('Ctrl Pts',(44.4916735541306,-109.099052529138,1.70001777373534));
#9104=CARTESIAN_POINT('Ctrl Pts',(44.5123143282755,-109.117688464863,1.7000142555812));
#9105=CARTESIAN_POINT('Ctrl Pts',(44.5333959154762,-109.135852591458,1.70001080337867));
#9106=CARTESIAN_POINT('Ctrl Pts',(44.5882250242853,-109.18309395256,1.70000182487121));
#9107=CARTESIAN_POINT('Ctrl Pts',(44.6457180894162,-109.22687541308,1.69999337278848));
#9108=CARTESIAN_POINT('Ctrl Pts',(44.7056761009985,-109.266887122599,1.69998804002855));
#9109=CARTESIAN_POINT('Ctrl Pts',(44.7630597256327,-109.305180869497,1.69998293623866));
#9110=CARTESIAN_POINT('Ctrl Pts',(44.8227019631919,-109.340022185339,1.69998070491307));
#9111=CARTESIAN_POINT('Ctrl Pts',(44.8842406379702,-109.371366252045,1.69998001477724));
#9112=CARTESIAN_POINT('Ctrl Pts',(44.9464999893581,-109.403077387685,1.69997931655925));
#9113=CARTESIAN_POINT('Ctrl Pts',(45.0107014248244,-109.431209220723,1.69998021443788));
#9114=CARTESIAN_POINT('Ctrl Pts',(45.076491907356,-109.455667456224,1.69998175247988));
#9115=CARTESIAN_POINT('Ctrl Pts',(45.100846127333,-109.464721368351,1.69998232182992));
#9116=CARTESIAN_POINT('Ctrl Pts',(45.1254182385645,-109.473271385997,1.69998298160641));
#9117=CARTESIAN_POINT('Ctrl Pts',(45.1501906692999,-109.48131094235,1.69998368977995));
#9118=CARTESIAN_POINT('Ctrl Pts',(45.2169755288057,-109.502985062556,1.69998559896966));
#9119=CARTESIAN_POINT('Ctrl Pts',(45.2849338581857,-109.520861434641,1.69998788314211));
#9120=CARTESIAN_POINT('Ctrl Pts',(45.3537008564121,-109.534872658503,1.69999004705188));
#9121=CARTESIAN_POINT('Ctrl Pts',(45.4053825443312,-109.545402763316,1.69999167333355));
#9122=CARTESIAN_POINT('Ctrl Pts',(45.457521596847,-109.553748785798,1.69999324337976));
#9123=CARTESIAN_POINT('Ctrl Pts',(45.5099670672004,-109.55986313243,1.69999462200938));
#9124=CARTESIAN_POINT('Ctrl Pts',(45.5793206633756,-109.567948710162,1.69999644510147));
#9125=CARTESIAN_POINT('Ctrl Pts',(45.6490113155038,-109.572110320741,1.69999793341724));
#9126=CARTESIAN_POINT('Ctrl Pts',(45.7186874358247,-109.572260349504,1.69999887480222));
#9127=CARTESIAN_POINT('Ctrl Pts',(45.7718178951156,-109.572374751642,1.69999959264093));
#9128=CARTESIAN_POINT('Ctrl Pts',(45.8249402973529,-109.57015561655,1.7));
#9129=CARTESIAN_POINT('Ctrl Pts',(45.8778986080313,-109.565543667761,1.7));
#9130=CARTESIAN_POINT('',(59.2322580727715,-108.402560536817,1.7));
#9131=CARTESIAN_POINT('',(54.8466332660537,-108.784488826402,1.7));
#9132=CARTESIAN_POINT('',(60.9015042552865,-106.414560747109,1.7));
#9133=CARTESIAN_POINT('Ctrl Pts',(59.2322580727715,-108.402560536817,1.7));
#9134=CARTESIAN_POINT('Ctrl Pts',(59.3006727943346,-108.39660230509,1.69999999774194));
#9135=CARTESIAN_POINT('Ctrl Pts',(59.3684556181979,-108.386573694985,1.69999788245398));
#9136=CARTESIAN_POINT('Ctrl Pts',(59.4353580445839,-108.372729721514,1.69999482576814));
#9137=CARTESIAN_POINT('Ctrl Pts',(59.5036101890194,-108.358606453825,1.69999170741542));
#9138=CARTESIAN_POINT('Ctrl Pts',(59.5709468726722,-108.340511983557,1.69998762500472));
#9139=CARTESIAN_POINT('Ctrl Pts',(59.6370987087934,-108.318662374042,1.69998371611732));
#9140=CARTESIAN_POINT('Ctrl Pts',(59.7039677343924,-108.296575880549,1.69997976485147));
#9141=CARTESIAN_POINT('Ctrl Pts',(59.7696269747486,-108.270651944297,1.69997600803371));
#9142=CARTESIAN_POINT('Ctrl Pts',(59.8337795633383,-108.241064460809,1.69997326307295));
#9143=CARTESIAN_POINT('Ctrl Pts',(59.8605511718582,-108.228717265748,1.69997211756945));
#9144=CARTESIAN_POINT('Ctrl Pts',(59.8870600994044,-108.215731520278,1.6999711425322));
#9145=CARTESIAN_POINT('Ctrl Pts',(59.9132832479742,-108.202117645839,1.69997036811436));
#9146=CARTESIAN_POINT('Ctrl Pts',(59.9760000919019,-108.169557892911,1.69996851597052));
#9147=CARTESIAN_POINT('Ctrl Pts',(60.0367340665974,-108.133590104664,1.69996793979263));
#9148=CARTESIAN_POINT('Ctrl Pts',(60.0952149204293,-108.094439563705,1.69996873790332));
#9149=CARTESIAN_POINT('Ctrl Pts',(60.1538004254667,-108.055218963042,1.69996953744222));
#9150=CARTESIAN_POINT('Ctrl Pts',(60.2101256060565,-108.012803662523,1.69997173285007));
#9151=CARTESIAN_POINT('Ctrl Pts',(60.2638949328241,-107.967373767751,1.69997496552827));
#9152=CARTESIAN_POINT('Ctrl Pts',(60.316597365612,-107.922845295485,1.69997813406349));
#9153=CARTESIAN_POINT('Ctrl Pts',(60.3668450669105,-107.875420053033,1.6999823125896));
#9154=CARTESIAN_POINT('Ctrl Pts',(60.4143254544654,-107.825231964125,1.69998650488064));
#9155=CARTESIAN_POINT('Ctrl Pts',(60.4335913359423,-107.804867392093,1.69998820596579));
#9156=CARTESIAN_POINT('Ctrl Pts',(60.4524011355082,-107.784047566873,1.69998990054639));
#9157=CARTESIAN_POINT('Ctrl Pts',(60.4707319077872,-107.76278005725,1.69999148246333));
#9158=CARTESIAN_POINT('Ctrl Pts',(60.5180780884575,-107.70784863714,1.69999556836455));
#9159=CARTESIAN_POINT('Ctrl Pts',(60.5619593531084,-107.650249068343,1.69999900566025));
#9160=CARTESIAN_POINT('Ctrl Pts',(60.6020653123904,-107.590179988897,1.69999943196816));
#9161=CARTESIAN_POINT('Ctrl Pts',(60.6404589297986,-107.532675585671,1.69999984007466));
#9162=CARTESIAN_POINT('Ctrl Pts',(60.6753932822038,-107.472907245854,1.69999749929301));
#9163=CARTESIAN_POINT('Ctrl Pts',(60.7068226266865,-107.411237373926,1.6999946873276));
#9164=CARTESIAN_POINT('Ctrl Pts',(60.73861107585,-107.348862875795,1.6999918432333));
#9165=CARTESIAN_POINT('Ctrl Pts',(60.7668143022573,-107.284542174116,1.69998852360904));
#9166=CARTESIAN_POINT('Ctrl Pts',(60.7913370814579,-107.218628342115,1.69998616548572));
#9167=CARTESIAN_POINT('Ctrl Pts',(60.8004487838541,-107.194137348819,1.69998528929964));
#9168=CARTESIAN_POINT('Ctrl Pts',(60.8090518763661,-107.16942627149,1.69998453631438));
#9169=CARTESIAN_POINT('Ctrl Pts',(60.8171396680463,-107.144512885531,1.69998394556322));
#9170=CARTESIAN_POINT('Ctrl Pts',(60.8388574588398,-107.077614067457,1.69998235924512));
#9171=CARTESIAN_POINT('Ctrl Pts',(60.8567714925336,-107.009540219044,1.69998203751385));
#9172=CARTESIAN_POINT('Ctrl Pts',(60.8708139156368,-106.940656072439,1.69998310132203));
#9173=CARTESIAN_POINT('Ctrl Pts',(60.8814015434629,-106.888719187899,1.69998390340619));
#9174=CARTESIAN_POINT('Ctrl Pts',(60.8897872982253,-106.836321055517,1.69998547490047));
#9175=CARTESIAN_POINT('Ctrl Pts',(60.8959229017148,-106.78361407338,1.6999874990841));
#9176=CARTESIAN_POINT('Ctrl Pts',(60.9040091417085,-106.714150440729,1.69999016679797));
#9177=CARTESIAN_POINT('Ctrl Pts',(60.9081655509881,-106.644350438248,1.69999364801182));
#9178=CARTESIAN_POINT('Ctrl Pts',(60.908304444554,-106.574565467715,1.69999634673058));
#9179=CARTESIAN_POINT('Ctrl Pts',(60.9084107186857,-106.52116963828,1.69999841164979));
#9180=CARTESIAN_POINT('Ctrl Pts',(60.9061639708959,-106.467782212147,1.69999999999286));
#9181=CARTESIAN_POINT('Ctrl Pts',(60.9015042552865,-106.414560747109,1.7));
#9182=CARTESIAN_POINT('',(61.5071408632686,-113.331906673839,1.7));
#9183=CARTESIAN_POINT('',(133.979544020202,-137.85136943659,1.7));
#9184=CARTESIAN_POINT('',(139.642628727542,-125.706845090305,1.7));
#9185=CARTESIAN_POINT('',(134.058281023867,-137.682517387331,1.7));
#9186=CARTESIAN_POINT('',(138.772154147102,-123.315235836331,1.7));
#9187=CARTESIAN_POINT('Origin',(138.011586810334,-124.946277753538,1.7));
#9188=CARTESIAN_POINT('',(126.627629800817,-117.652151128992,1.7));
#9189=CARTESIAN_POINT('',(101.72410632959,-106.039447419284,1.7));
#9190=CARTESIAN_POINT('',(124.236020546842,-118.522625709431,1.7));
#9191=CARTESIAN_POINT('Origin',(125.867062464049,-119.283193046199,1.7));
#9192=CARTESIAN_POINT('',(118.572935839504,-130.667150055716,1.7));
#9193=CARTESIAN_POINT('',(115.8201304895,-136.570560179598,1.7));
#9194=CARTESIAN_POINT('',(119.443410419943,-133.058759309691,1.7));
#9195=CARTESIAN_POINT('Origin',(120.203977756711,-131.427717392484,1.7));
#9196=CARTESIAN_POINT('',(131.587934766229,-138.721844017029,1.7));
#9197=CARTESIAN_POINT('',(100.612149121858,-124.277597953654,1.7));
#9198=CARTESIAN_POINT('Origin',(132.348502102996,-137.090802099823,1.7));
#9199=CARTESIAN_POINT('',(20.8195964075139,-96.817744251258,1.7));
#9200=CARTESIAN_POINT('',(21.8807675337403,-100.778141435493,1.7));
#9201=CARTESIAN_POINT('',(25.1938641725338,-113.142947567289,1.7));
#9202=CARTESIAN_POINT('',(25.348986306397,-113.721878443899,1.7));
#9203=CARTESIAN_POINT('',(25.7244369405976,-115.123097509734,1.7));
#9204=CARTESIAN_POINT('',(26.410157432623,-117.682275628174,1.7));
#9205=CARTESIAN_POINT('',(27.4585031826357,-121.59480593307,1.7));
#9206=CARTESIAN_POINT('',(29.87837620528,-130.62601263658,1.7));
#9207=CARTESIAN_POINT('',(27.9890758209137,-123.57495591031,1.7));
#9208=CARTESIAN_POINT('',(32.1134487345821,-131.916680022751,1.7));
#9209=CARTESIAN_POINT('Ctrl Pts',(29.87837620528,-130.62601263658,1.7));
#9210=CARTESIAN_POINT('Ctrl Pts',(29.8960589047552,-130.692005056902,1.7000000049949));
#9211=CARTESIAN_POINT('Ctrl Pts',(29.9176246144498,-130.756671305729,1.70000432336443));
#9212=CARTESIAN_POINT('Ctrl Pts',(29.9427794426382,-130.819812228762,1.70001003322603));
#9213=CARTESIAN_POINT('Ctrl Pts',(29.9684435443688,-130.884231475037,1.70001585868697));
#9214=CARTESIAN_POINT('Ctrl Pts',(29.9978440400164,-130.947063753716,1.70002314171015));
#9215=CARTESIAN_POINT('Ctrl Pts',(30.0307217371291,-131.008082657218,1.7000297953139));
#9216=CARTESIAN_POINT('Ctrl Pts',(30.0639611552205,-131.069772891727,1.70003652212072));
#9217=CARTESIAN_POINT('Ctrl Pts',(30.1007552942169,-131.129610433146,1.70004261683558));
#9218=CARTESIAN_POINT('Ctrl Pts',(30.140881639042,-131.187334467512,1.70004679315145));
#9219=CARTESIAN_POINT('Ctrl Pts',(30.157435111816,-131.2111475817,1.70004851602282));
#9220=CARTESIAN_POINT('Ctrl Pts',(30.1745561519822,-131.234600627683,1.70004992160797));
#9221=CARTESIAN_POINT('Ctrl Pts',(30.1922309869199,-131.257673482704,1.70005095511036));
#9222=CARTESIAN_POINT('Ctrl Pts',(30.2350024240692,-131.313507620441,1.70005345608887));
#9223=CARTESIAN_POINT('Ctrl Pts',(30.2807747343352,-131.366805351118,1.70005376742919));
#9224=CARTESIAN_POINT('Ctrl Pts',(30.3292791924737,-131.417340844369,1.70005176877987));
#9225=CARTESIAN_POINT('Ctrl Pts',(30.3778801902451,-131.467976919674,1.70004976615258));
#9226=CARTESIAN_POINT('Ctrl Pts',(30.4292249101354,-131.51584051126,1.70004545753574));
#9227=CARTESIAN_POINT('Ctrl Pts',(30.4830846492265,-131.560672993211,1.70003952119609));
#9228=CARTESIAN_POINT('Ctrl Pts',(30.535889568135,-131.604627449988,1.70003370111715));
#9229=CARTESIAN_POINT('Ctrl Pts',(30.5911126929808,-131.645668946248,1.70002633052688));
#9230=CARTESIAN_POINT('Ctrl Pts',(30.6485677670948,-131.683513816032,1.70001861063984));
#9231=CARTESIAN_POINT('Ctrl Pts',(30.6715887253975,-131.698677405718,1.70001551745441));
#9232=CARTESIAN_POINT('Ctrl Pts',(30.6949682801664,-131.713327298132,1.70001237344835));
#9233=CARTESIAN_POINT('Ctrl Pts',(30.7186954132558,-131.727443069433,1.70000927438047));
#9234=CARTESIAN_POINT('Ctrl Pts',(30.7807030266641,-131.764332704878,1.7000011753909));
#9235=CARTESIAN_POINT('Ctrl Pts',(30.8447263628924,-131.797366090291,1.6999934792213));
#9236=CARTESIAN_POINT('Ctrl Pts',(30.9105165325458,-131.826273615192,1.69998831930429));
#9237=CARTESIAN_POINT('Ctrl Pts',(30.9735529929986,-131.853971188551,1.69998337536043));
#9238=CARTESIAN_POINT('Ctrl Pts',(31.0382123499266,-131.877881467837,1.69998077655351));
#9239=CARTESIAN_POINT('Ctrl Pts',(31.1041303240085,-131.89802298098,1.6999796085701));
#9240=CARTESIAN_POINT('Ctrl Pts',(31.1708173423941,-131.918399478833,1.69997842696019));
#9241=CARTESIAN_POINT('Ctrl Pts',(31.2387935306636,-131.934918924559,1.69997872921727));
#9242=CARTESIAN_POINT('Ctrl Pts',(31.3076950483,-131.947549522874,1.69997982475341));
#9243=CARTESIAN_POINT('Ctrl Pts',(31.3331170800488,-131.952209731856,1.69998022896445));
#9244=CARTESIAN_POINT('Ctrl Pts',(31.3586651317317,-131.956340033096,1.69998074216931));
#9245=CARTESIAN_POINT('Ctrl Pts',(31.3843209488632,-131.959937034014,1.69998133007361));
#9246=CARTESIAN_POINT('Ctrl Pts',(31.4537123029793,-131.969665851583,1.69998292017986));
#9247=CARTESIAN_POINT('Ctrl Pts',(31.5235991469724,-131.975456129494,1.69998509618131));
#9248=CARTESIAN_POINT('Ctrl Pts',(31.5936107817999,-131.977304566562,1.69998739343339));
#9249=CARTESIAN_POINT('Ctrl Pts',(31.6461180095793,-131.978690854804,1.69998911632329));
#9250=CARTESIAN_POINT('Ctrl Pts',(31.698695859201,-131.977858938145,1.69999091568848));
#9251=CARTESIAN_POINT('Ctrl Pts',(31.7511884918532,-131.974788188548,1.69999260582435));
#9252=CARTESIAN_POINT('Ctrl Pts',(31.8207425753535,-131.970719366636,1.69999484529769));
#9253=CARTESIAN_POINT('Ctrl Pts',(31.8899478933265,-131.962733292575,1.69999689780147));
#9254=CARTESIAN_POINT('Ctrl Pts',(31.958443332525,-131.950804506091,1.69999828003741));
#9255=CARTESIAN_POINT('Ctrl Pts',(32.0105771302689,-131.941725172502,1.69999933209591));
#9256=CARTESIAN_POINT('Ctrl Pts',(32.0622998997197,-131.930360741962,1.7));
#9257=CARTESIAN_POINT('Ctrl Pts',(32.1134487345821,-131.916680022751,1.7));
#9258=CARTESIAN_POINT('',(45.0628621825743,-128.453115509467,1.7));
#9259=CARTESIAN_POINT('',(48.8825097961982,-127.431478816737,1.7));
#9260=CARTESIAN_POINT('',(46.3576038164251,-126.211969718711,1.7));
#9261=CARTESIAN_POINT('Ctrl Pts',(45.0628621825743,-128.453115509467,1.7));
#9262=CARTESIAN_POINT('Ctrl Pts',(45.1296133141531,-128.435261598604,1.70000000053724));
#9263=CARTESIAN_POINT('Ctrl Pts',(45.1951571162099,-128.4135369293,1.6999997762096));
#9264=CARTESIAN_POINT('Ctrl Pts',(45.2592245806771,-128.388204194102,1.69999985454714));
#9265=CARTESIAN_POINT('Ctrl Pts',(45.3242630902108,-128.362487500717,1.69999993407202));
#9266=CARTESIAN_POINT('Ctrl Pts',(45.3877810585948,-128.33305208729,1.70000034255897));
#9267=CARTESIAN_POINT('Ctrl Pts',(45.4494837219605,-128.300120298324,1.70000137579266));
#9268=CARTESIAN_POINT('Ctrl Pts',(45.5110825158966,-128.267243946288,1.70000240728701));
#9269=CARTESIAN_POINT('Ctrl Pts',(45.5708729811846,-128.230882402301,1.70000407812741));
#9270=CARTESIAN_POINT('Ctrl Pts',(45.6285354670255,-128.191212969815,1.70000617621924));
#9271=CARTESIAN_POINT('Ctrl Pts',(45.6525183682677,-128.174713714402,1.70000704885468));
#9272=CARTESIAN_POINT('Ctrl Pts',(45.6761327643693,-128.157641758293,1.7000079879188));
#9273=CARTESIAN_POINT('Ctrl Pts',(45.6993537573191,-128.14000797457,1.7000089416805));
#9274=CARTESIAN_POINT('Ctrl Pts',(45.7553723922918,-128.097467998104,1.70001124254801));
#9275=CARTESIAN_POINT('Ctrl Pts',(45.8087918549123,-128.051897934374,1.70001373375461));
#9276=CARTESIAN_POINT('Ctrl Pts',(45.8593236910238,-128.003524589745,1.70001530370457));
#9277=CARTESIAN_POINT('Ctrl Pts',(45.9093748408378,-127.95561139867,1.70001685872031));
#9278=CARTESIAN_POINT('Ctrl Pts',(45.9565938377653,-127.904947363844,1.70001752523722));
#9279=CARTESIAN_POINT('Ctrl Pts',(46.0006696726363,-127.85171293511,1.70001563344288));
#9280=CARTESIAN_POINT('Ctrl Pts',(46.0221015182748,-127.825827729246,1.70001471355913));
#9281=CARTESIAN_POINT('Ctrl Pts',(46.0427896612142,-127.799334239279,1.70001317845402));
#9282=CARTESIAN_POINT('Ctrl Pts',(46.0626948208931,-127.772250424398,1.70001076847959));
#9283=CARTESIAN_POINT('Ctrl Pts',(46.1007077995233,-127.720528333597,1.70000616613989));
#9284=CARTESIAN_POINT('Ctrl Pts',(46.1358673186488,-127.666654062652,1.69999841270699));
#9285=CARTESIAN_POINT('Ctrl Pts',(46.1681148682347,-127.610880314288,1.69998982928431));
#9286=CARTESIAN_POINT('Ctrl Pts',(46.2027750146172,-127.55093385921,1.69998060369383));
#9287=CARTESIAN_POINT('Ctrl Pts',(46.2338808207601,-127.489124333321,1.69997053144587));
#9288=CARTESIAN_POINT('Ctrl Pts',(46.2614310102632,-127.425807090335,1.69996171449318));
#9289=CARTESIAN_POINT('Ctrl Pts',(46.2893852906558,-127.36156114517,1.69995276821833));
#9290=CARTESIAN_POINT('Ctrl Pts',(46.3136791860713,-127.29576201241,1.69994512009729));
#9291=CARTESIAN_POINT('Ctrl Pts',(46.3342648902781,-127.228753314833,1.69994007361279));
#9292=CARTESIAN_POINT('Ctrl Pts',(46.3548312188482,-127.161807687054,1.69993503187814));
#9293=CARTESIAN_POINT('Ctrl Pts',(46.3716965429938,-127.09365378006,1.69993259091016));
#9294=CARTESIAN_POINT('Ctrl Pts',(46.3847634836542,-127.024621377796,1.69993309607805));
#9295=CARTESIAN_POINT('Ctrl Pts',(46.3899375239428,-126.997287020059,1.69993329610643));
#9296=CARTESIAN_POINT('Ctrl Pts',(46.3945154593266,-126.969814864301,1.69993394719643));
#9297=CARTESIAN_POINT('Ctrl Pts',(46.3984889699646,-126.942225352892,1.69993502712005));
#9298=CARTESIAN_POINT('Ctrl Pts',(46.4084977706415,-126.872730655224,1.6999377473192));
#9299=CARTESIAN_POINT('Ctrl Pts',(46.4146328090462,-126.802786219219,1.69994325400369));
#9300=CARTESIAN_POINT('Ctrl Pts',(46.4168235505148,-126.732727535488,1.69995046268501));
#9301=CARTESIAN_POINT('Ctrl Pts',(46.4184679384034,-126.680140932885,1.69995587357827));
#9302=CARTESIAN_POINT('Ctrl Pts',(46.4178890702565,-126.627489560019,1.69996222437211));
#9303=CARTESIAN_POINT('Ctrl Pts',(46.4150377849729,-126.574914808609,1.69996868524358));
#9304=CARTESIAN_POINT('Ctrl Pts',(46.4112883118341,-126.505778402188,1.69997718136432));
#9305=CARTESIAN_POINT('Ctrl Pts',(46.4036216870836,-126.436972537143,1.69998587536785));
#9306=CARTESIAN_POINT('Ctrl Pts',(46.3919490630983,-126.36881737001,1.69999202544969));
#9307=CARTESIAN_POINT('Ctrl Pts',(46.3829195597505,-126.316095093463,1.69999678292194));
#9308=CARTESIAN_POINT('Ctrl Pts',(46.3714919193637,-126.263761976696,1.6999999998392));
#9309=CARTESIAN_POINT('Ctrl Pts',(46.3576038164252,-126.211969718711,1.7));
#9310=CARTESIAN_POINT('',(42.8869140229075,-113.268894818348,1.7));
#9311=CARTESIAN_POINT('',(46.202350252604,-125.632990142709,1.7));
#9312=CARTESIAN_POINT('',(41.8249868382659,-109.308700219316,1.7));
#9313=CARTESIAN_POINT('',(44.4670482410408,-119.161612584022,1.7));
#9314=CARTESIAN_POINT('',(38.3542970447492,-96.365625318953,1.7));
#9315=CARTESIAN_POINT('',(43.9360979523694,-117.181564375563,1.7));
#9316=CARTESIAN_POINT('',(37.2923698601069,-92.4054307199606,1.7));
#9317=CARTESIAN_POINT('',(42.2007958007604,-110.710186854402,1.7));
#9318=CARTESIAN_POINT('',(33.8216800665903,-79.4623558195978,1.7));
#9319=CARTESIAN_POINT('',(41.6698456521302,-108.730138608439,1.7));
#9320=CARTESIAN_POINT('',(31.5852536759954,-78.1722527679863,1.7));
#9321=CARTESIAN_POINT('Ctrl Pts',(33.8216800665903,-79.4623558195978,1.7));
#9322=CARTESIAN_POINT('Ctrl Pts',(33.8038243047528,-79.395767194104,1.7));
#9323=CARTESIAN_POINT('Ctrl Pts',(33.7821040374617,-79.3303855036743,1.69999731341938));
#9324=CARTESIAN_POINT('Ctrl Pts',(33.7567821427035,-79.2664796009526,1.69999419127078));
#9325=CARTESIAN_POINT('Ctrl Pts',(33.7310745591569,-79.2016003196415,1.69999102156738));
#9326=CARTESIAN_POINT('Ctrl Pts',(33.7016543447154,-79.1382412352317,1.69998739424832));
#9327=CARTESIAN_POINT('Ctrl Pts',(33.6687440740344,-79.0766969000538,1.6999846567223));
#9328=CARTESIAN_POINT('Ctrl Pts',(33.6358864318339,-79.0152509835391,1.699981923574));
#9329=CARTESIAN_POINT('Ctrl Pts',(33.5995493096289,-78.9556131442818,1.69998006629446));
#9330=CARTESIAN_POINT('Ctrl Pts',(33.5599102487087,-78.8981028243075,1.69997958162366));
#9331=CARTESIAN_POINT('Ctrl Pts',(33.5435950519396,-78.8744319258337,1.6999793821361));
#9332=CARTESIAN_POINT('Ctrl Pts',(33.5267200080052,-78.8511218325535,1.69997940621133));
#9333=CARTESIAN_POINT('Ctrl Pts',(33.5092956734046,-78.828196650786,1.6999796534809));
#9334=CARTESIAN_POINT('Ctrl Pts',(33.4668122027358,-78.7723011856492,1.69998025636586));
#9335=CARTESIAN_POINT('Ctrl Pts',(33.4213030170843,-78.7190033023375,1.69998217834967));
#9336=CARTESIAN_POINT('Ctrl Pts',(33.3729954282446,-78.6685912346528,1.69998479276639));
#9337=CARTESIAN_POINT('Ctrl Pts',(33.3251423602558,-78.6186534886319,1.69998738258435));
#9338=CARTESIAN_POINT('Ctrl Pts',(33.2745426600171,-78.5715467086108,1.69999063955729));
#9339=CARTESIAN_POINT('Ctrl Pts',(33.221377248044,-78.5275816696933,1.69999318582688));
#9340=CARTESIAN_POINT('Ctrl Pts',(33.1954423609242,-78.5061348628461,1.69999442793546));
#9341=CARTESIAN_POINT('Ctrl Pts',(33.1688963797888,-78.4854362148107,1.69999549039548));
#9342=CARTESIAN_POINT('Ctrl Pts',(33.1417574817903,-78.4655253572365,1.69999615902909));
#9343=CARTESIAN_POINT('Ctrl Pts',(33.0903756684212,-78.4278283229668,1.69999742494664));
#9344=CARTESIAN_POINT('Ctrl Pts',(33.0368692166925,-78.3929531617281,1.69999729262999));
#9345=CARTESIAN_POINT('Ctrl Pts',(32.9814870266712,-78.3609563931338,1.69999671901696));
#9346=CARTESIAN_POINT('Ctrl Pts',(32.9216354087582,-78.326377436115,1.69999609911248));
#9347=CARTESIAN_POINT('Ctrl Pts',(32.8599232423791,-78.2953497266212,1.69999490352096));
#9348=CARTESIAN_POINT('Ctrl Pts',(32.7967061529558,-78.2678734696782,1.69999388167625));
#9349=CARTESIAN_POINT('Ctrl Pts',(32.7325536549666,-78.2399906529532,1.69999284471154));
#9350=CARTESIAN_POINT('Ctrl Pts',(32.6668504520963,-78.2157648658957,1.69999196907863));
#9351=CARTESIAN_POINT('Ctrl Pts',(32.5999405038214,-78.1952427686003,1.69999150635602));
#9352=CARTESIAN_POINT('Ctrl Pts',(32.5330791357426,-78.1747355714436,1.69999104396938));
#9353=CARTESIAN_POINT('Ctrl Pts',(32.4650117834704,-78.157926476782,1.69999097487555));
#9354=CARTESIAN_POINT('Ctrl Pts',(32.3960686863773,-78.1449117557315,1.69999130104091));
#9355=CARTESIAN_POINT('Ctrl Pts',(32.3688950637276,-78.1397820598862,1.69999142959757));
#9356=CARTESIAN_POINT('Ctrl Pts',(32.3415853321819,-78.1352423843282,1.69999161838229));
#9357=CARTESIAN_POINT('Ctrl Pts',(32.3141596774026,-78.1313008642555,1.69999186684012));
#9358=CARTESIAN_POINT('Ctrl Pts',(32.2447622547934,-78.1213273071459,1.69999249553368));
#9359=CARTESIAN_POINT('Ctrl Pts',(32.1749160478188,-78.115222174743,1.69999345623632));
#9360=CARTESIAN_POINT('Ctrl Pts',(32.104956838716,-78.1130552666325,1.69999450939571));
#9361=CARTESIAN_POINT('Ctrl Pts',(32.0524900409945,-78.1114301663637,1.69999529922597));
#9362=CARTESIAN_POINT('Ctrl Pts',(31.9999592846584,-78.1120210888355,1.69999613335379));
#9363=CARTESIAN_POINT('Ctrl Pts',(31.9475057127842,-78.1148767545695,1.69999690124929));
#9364=CARTESIAN_POINT('Ctrl Pts',(31.8784803179904,-78.1186346198138,1.69999791174845));
#9365=CARTESIAN_POINT('Ctrl Pts',(31.8097854810036,-78.1263018731336,1.69999879329508));
#9366=CARTESIAN_POINT('Ctrl Pts',(31.741741472985,-78.1379669860623,1.69999934583708));
#9367=CARTESIAN_POINT('Ctrl Pts',(31.689139653037,-78.1469847701085,1.69999977298292));
#9368=CARTESIAN_POINT('Ctrl Pts',(31.6369265632824,-78.1583926893055,1.69999999937832));
#9369=CARTESIAN_POINT('Ctrl Pts',(31.5852536759954,-78.1722527679863,1.7));
#9370=CARTESIAN_POINT('',(18.6383108541983,-81.6450377837557,1.7));
#9371=CARTESIAN_POINT('',(41.8744263852283,-75.4123668782355,1.7));
#9372=CARTESIAN_POINT('',(17.3513776348572,-83.8740072428512,1.7));
#9373=CARTESIAN_POINT('Ctrl Pts',(18.6383108541983,-81.6450377837557,1.7));
#9374=CARTESIAN_POINT('Ctrl Pts',(18.572383256088,-81.6627216785557,1.7));
#9375=CARTESIAN_POINT('Ctrl Pts',(18.5077803326929,-81.6842868797636,1.70000286729472));
#9376=CARTESIAN_POINT('Ctrl Pts',(18.444702459372,-81.7094398716532,1.70000690657522));
#9377=CARTESIAN_POINT('Ctrl Pts',(18.3803577151027,-81.7350980421897,1.70001102698158));
#9378=CARTESIAN_POINT('Ctrl Pts',(18.3175991457643,-81.7644900447005,1.70001635253708));
#9379=CARTESIAN_POINT('Ctrl Pts',(18.2566544194069,-81.7973571929569,1.70002137126345));
#9380=CARTESIAN_POINT('Ctrl Pts',(18.195065332247,-81.8305718413712,1.70002644305217));
#9381=CARTESIAN_POINT('Ctrl Pts',(18.1353278412563,-81.8673360967728,1.70003118603959));
#9382=CARTESIAN_POINT('Ctrl Pts',(18.0777038510855,-81.9074281998383,1.70003455702955));
#9383=CARTESIAN_POINT('Ctrl Pts',(18.0540474576752,-81.9238872225467,1.70003594092304));
#9384=CARTESIAN_POINT('Ctrl Pts',(18.0307476447102,-81.9409075782039,1.70003710090874));
#9385=CARTESIAN_POINT('Ctrl Pts',(18.0078243216191,-81.9584757389752,1.70003799915143));
#9386=CARTESIAN_POINT('Ctrl Pts',(17.95209867165,-82.0011832109178,1.70004018274225));
#9387=CARTESIAN_POINT('Ctrl Pts',(17.8989072389146,-82.0468862732889,1.70004068756067));
#9388=CARTESIAN_POINT('Ctrl Pts',(17.8484766421076,-82.0953172794912,1.70003940280977));
#9389=CARTESIAN_POINT('Ctrl Pts',(17.7979631953792,-82.1438278505868,1.70003811594821));
#9390=CARTESIAN_POINT('Ctrl Pts',(17.7502189027154,-82.1950760239912,1.70003501902833));
#9391=CARTESIAN_POINT('Ctrl Pts',(17.7055030397596,-82.2488343320685,1.70003060627085));
#9392=CARTESIAN_POINT('Ctrl Pts',(17.6616824468733,-82.3015163284965,1.70002628186254));
#9393=CARTESIAN_POINT('Ctrl Pts',(17.6207696478155,-82.3566096853881,1.70002068257334));
#9394=CARTESIAN_POINT('Ctrl Pts',(17.5830486433042,-82.4139294567811,1.7000150413474));
#9395=CARTESIAN_POINT('Ctrl Pts',(17.5679549996376,-82.4368653307236,1.70001278407309));
#9396=CARTESIAN_POINT('Ctrl Pts',(17.5533729003274,-82.4601579503044,1.70001052972951));
#9397=CARTESIAN_POINT('Ctrl Pts',(17.5393227097264,-82.4837964206694,1.70000839896112));
#9398=CARTESIAN_POINT('Ctrl Pts',(17.5026365578943,-82.545518324487,1.7000028353574));
#9399=CARTESIAN_POINT('Ctrl Pts',(17.4697840664056,-82.6092416682816,1.69999802758378));
#9400=CARTESIAN_POINT('Ctrl Pts',(17.4410332277941,-82.6747207196379,1.69999673080602));
#9401=CARTESIAN_POINT('Ctrl Pts',(17.4134205713567,-82.7376076000303,1.69999548536482));
#9402=CARTESIAN_POINT('Ctrl Pts',(17.3895908238879,-82.8021147920134,1.69999747034851));
#9403=CARTESIAN_POINT('Ctrl Pts',(17.3695250356531,-82.8678782237125,1.70000020416898));
#9404=CARTESIAN_POINT('Ctrl Pts',(17.3492271120009,-82.9344024539155,1.70000296961625));
#9405=CARTESIAN_POINT('Ctrl Pts',(17.3327805756336,-83.0022131731547,1.70000649817668));
#9406=CARTESIAN_POINT('Ctrl Pts',(17.3202167888278,-83.0709467917986,1.70000919995016));
#9407=CARTESIAN_POINT('Ctrl Pts',(17.3155764328455,-83.0963331234344,1.70001019783328));
#9408=CARTESIAN_POINT('Ctrl Pts',(17.3114662500445,-83.1218454037349,1.70001109269775));
#9409=CARTESIAN_POINT('Ctrl Pts',(17.3078896220483,-83.1474653310269,1.70001183902808));
#9410=CARTESIAN_POINT('Ctrl Pts',(17.2982280019267,-83.216672977252,1.70001385510583));
#9411=CARTESIAN_POINT('Ctrl Pts',(17.2924969079599,-83.2863728975964,1.70001469803711));
#9412=CARTESIAN_POINT('Ctrl Pts',(17.290698972029,-83.3561948675663,1.7000141532529));
#9413=CARTESIAN_POINT('Ctrl Pts',(17.2893529178874,-83.4084682273871,1.7000137453913));
#9414=CARTESIAN_POINT('Ctrl Pts',(17.2902124511402,-83.4608104246029,1.70001257981973));
#9415=CARTESIAN_POINT('Ctrl Pts',(17.2932977933424,-83.5130666246923,1.70001093356681));
#9416=CARTESIAN_POINT('Ctrl Pts',(17.2973932785906,-83.5824315387192,1.70000874832961));
#9417=CARTESIAN_POINT('Ctrl Pts',(17.3053970335394,-83.6514454270697,1.70000568838604));
#9418=CARTESIAN_POINT('Ctrl Pts',(17.3173336419694,-83.7197476174286,1.70000327483373));
#9419=CARTESIAN_POINT('Ctrl Pts',(17.3264010227874,-83.7716318669889,1.70000144143205));
#9420=CARTESIAN_POINT('Ctrl Pts',(17.3377388189153,-83.8231056558373,1.70000000066256));
#9421=CARTESIAN_POINT('Ctrl Pts',(17.3513776348572,-83.8740072428512,1.7));
#9422=CARTESIAN_POINT('',(23.4597980602763,-106.671239109179,1.7));
#9423=CARTESIAN_POINT('',(83.0453361839896,-128.626552171411,1.7));
#9424=CARTESIAN_POINT('',(96.4502764647384,-128.631493362778,1.7));
#9425=CARTESIAN_POINT('',(73.9446801063906,-128.623197581066,1.7));
#9426=CARTESIAN_POINT('',(98.3002749209887,-126.782782573265,1.7));
#9427=CARTESIAN_POINT('Ctrl Pts',(96.4502764647385,-128.631493362778,1.7));
#9428=CARTESIAN_POINT('Ctrl Pts',(96.519332579549,-128.631518552381,1.69999999792649));
#9429=CARTESIAN_POINT('Ctrl Pts',(96.5881122869373,-128.627418176511,1.69999828927262));
#9430=CARTESIAN_POINT('Ctrl Pts',(96.6563455168258,-128.61942532168,1.69999576838851));
#9431=CARTESIAN_POINT('Ctrl Pts',(96.725954877516,-128.611271266598,1.69999319666309));
#9432=CARTESIAN_POINT('Ctrl Pts',(96.7949963379099,-128.599065874168,1.69998979578685));
#9433=CARTESIAN_POINT('Ctrl Pts',(96.8631824272078,-128.583001634426,1.69998650133068));
#9434=CARTESIAN_POINT('Ctrl Pts',(96.9321144540829,-128.5667616562,1.69998317083403));
#9435=CARTESIAN_POINT('Ctrl Pts',(97.0001732179198,-128.546577581022,1.69997996686888));
#9436=CARTESIAN_POINT('Ctrl Pts',(97.067047510192,-128.522597542653,1.6999775834021));
#9437=CARTESIAN_POINT('Ctrl Pts',(97.0953839976567,-128.512436537078,1.6999765734613));
#9438=CARTESIAN_POINT('Ctrl Pts',(97.1235075642844,-128.501593398074,1.69997570594582));
#9439=CARTESIAN_POINT('Ctrl Pts',(97.1513931442548,-128.490076932476,1.69997500696931));
#9440=CARTESIAN_POINT('Ctrl Pts',(97.2170753391115,-128.462950842995,1.69997336058751));
#9441=CARTESIAN_POINT('Ctrl Pts',(97.2810729373348,-128.432243497938,1.69997277438033));
#9442=CARTESIAN_POINT('Ctrl Pts',(97.3430967167536,-128.398156418967,1.69997333768673));
#9443=CARTESIAN_POINT('Ctrl Pts',(97.4052344852491,-128.364006693787,1.6999739020284));
#9444=CARTESIAN_POINT('Ctrl Pts',(97.4653920830783,-128.326464333008,1.69997563758346));
#9445=CARTESIAN_POINT('Ctrl Pts',(97.5232590251372,-128.285683661046,1.69997825658979));
#9446=CARTESIAN_POINT('Ctrl Pts',(97.5799831238612,-128.24570838708,1.69998082387204));
#9447=CARTESIAN_POINT('Ctrl Pts',(97.6345069041413,-128.202620892449,1.69998425449682));
#9448=CARTESIAN_POINT('Ctrl Pts',(97.6865068987466,-128.156527974241,1.69998768186033));
#9449=CARTESIAN_POINT('Ctrl Pts',(97.7079368331056,-128.13753242974,1.69998909432539));
#9450=CARTESIAN_POINT('Ctrl Pts',(97.7289376998499,-128.118026036941,1.6999904979285));
#9451=CARTESIAN_POINT('Ctrl Pts',(97.7494848243516,-128.098014635281,1.69999179295341));
#9452=CARTESIAN_POINT('Ctrl Pts',(97.8018083534764,-128.047055331586,1.69999509075178));
#9453=CARTESIAN_POINT('Ctrl Pts',(97.8508916485408,-127.993116858131,1.69999779427607));
#9454=CARTESIAN_POINT('Ctrl Pts',(97.8964062696556,-127.936371335388,1.69999776660443));
#9455=CARTESIAN_POINT('Ctrl Pts',(97.939915485086,-127.882126059622,1.69999774015202));
#9456=CARTESIAN_POINT('Ctrl Pts',(97.9801641795197,-127.825314889189,1.69999522948512));
#9457=CARTESIAN_POINT('Ctrl Pts',(98.0170747955637,-127.766295319103,1.69999238767222));
#9458=CARTESIAN_POINT('Ctrl Pts',(98.0544046825245,-127.706605340556,1.69998951357891));
#9459=CARTESIAN_POINT('Ctrl Pts',(98.0883206455832,-127.644655571732,1.69998630884295));
#9460=CARTESIAN_POINT('Ctrl Pts',(98.1186966625554,-127.580789819309,1.69998412149427));
#9461=CARTESIAN_POINT('Ctrl Pts',(98.1301344731253,-127.556741756037,1.69998329786819));
#9462=CARTESIAN_POINT('Ctrl Pts',(98.1410698862062,-127.53242185046,1.69998260901789));
#9463=CARTESIAN_POINT('Ctrl Pts',(98.1514943252697,-127.507847942108,1.69998209141636));
#9464=CARTESIAN_POINT('Ctrl Pts',(98.1791158551529,-127.442734707741,1.69998071993288));
#9465=CARTESIAN_POINT('Ctrl Pts',(98.203036974615,-127.376114038754,1.69998064710206));
#9466=CARTESIAN_POINT('Ctrl Pts',(98.2231578132657,-127.308343688071,1.69998194603338));
#9467=CARTESIAN_POINT('Ctrl Pts',(98.2383877421436,-127.257046739725,1.69998292922458));
#9468=CARTESIAN_POINT('Ctrl Pts',(98.2514394772676,-127.205090405921,1.69998468127939));
#9469=CARTESIAN_POINT('Ctrl Pts',(98.2622506754531,-127.152624166413,1.69998686845466));
#9470=CARTESIAN_POINT('Ctrl Pts',(98.2764426355457,-127.083751247378,1.69998973957992));
#9471=CARTESIAN_POINT('Ctrl Pts',(98.286734661202,-127.014197734414,1.69999338715091));
#9472=CARTESIAN_POINT('Ctrl Pts',(98.2930082740011,-126.944306294558,1.69999619630251));
#9473=CARTESIAN_POINT('Ctrl Pts',(98.2978278378004,-126.890613747025,1.69999835437088));
#9474=CARTESIAN_POINT('Ctrl Pts',(98.3002749209887,-126.836721280403,1.7));
#9475=CARTESIAN_POINT('Ctrl Pts',(98.3002749209888,-126.782782573265,1.7));
#9476=CARTESIAN_POINT('',(98.3002749210067,-113.382782573265,1.7));
#9477=CARTESIAN_POINT('',(98.3002749209933,-123.39595639707,1.7));
#9478=CARTESIAN_POINT('',(96.4502764647603,-111.534071783746,1.7));
#9479=CARTESIAN_POINT('Ctrl Pts',(98.3002749210067,-113.382782573265,1.7));
#9480=CARTESIAN_POINT('Ctrl Pts',(98.3002749210068,-113.313757646282,1.7));
#9481=CARTESIAN_POINT('Ctrl Pts',(98.2961492001512,-113.245011415435,1.69999503249654));
#9482=CARTESIAN_POINT('Ctrl Pts',(98.2881311428946,-113.17681356268,1.69998837806809));
#9483=CARTESIAN_POINT('Ctrl Pts',(98.2799512187082,-113.107238945367,1.69998158930138));
#9484=CARTESIAN_POINT('Ctrl Pts',(98.2677199494365,-113.038234228388,1.69997303968564));
#9485=CARTESIAN_POINT('Ctrl Pts',(98.2516301654977,-112.970086438265,1.69996515692988));
#9486=CARTESIAN_POINT('Ctrl Pts',(98.2353634877737,-112.901189419898,1.69995718750979));
#9487=CARTESIAN_POINT('Ctrl Pts',(98.2151526292365,-112.833167348274,1.69994989283014));
#9488=CARTESIAN_POINT('Ctrl Pts',(98.1911460990039,-112.76633097748,1.69994480707665));
#9489=CARTESIAN_POINT('Ctrl Pts',(98.1810248248006,-112.738152426519,1.69994266289733));
#9490=CARTESIAN_POINT('Ctrl Pts',(98.1702282847278,-112.7101848874,1.69994090017871));
#9491=CARTESIAN_POINT('Ctrl Pts',(98.1587651847167,-112.682453012691,1.69993958736126));
#9492=CARTESIAN_POINT('Ctrl Pts',(98.1316277300739,-112.616801270025,1.69993647943027));
#9493=CARTESIAN_POINT('Ctrl Pts',(98.1009093781179,-112.552835306017,1.69993593711548));
#9494=CARTESIAN_POINT('Ctrl Pts',(98.0668124616074,-112.490843760016,1.6999381153413));
#9495=CARTESIAN_POINT('Ctrl Pts',(98.0326476141167,-112.428728708814,1.69994029790678));
#9496=CARTESIAN_POINT('Ctrl Pts',(97.9950902605173,-112.36859503993,1.69994520291667));
#9497=CARTESIAN_POINT('Ctrl Pts',(97.954295566668,-112.310752656291,1.69995205730606));
#9498=CARTESIAN_POINT('Ctrl Pts',(97.9142985571889,-112.25404130125,1.69995877766726));
#9499=CARTESIAN_POINT('Ctrl Pts',(97.8711890175511,-112.199531746973,1.69996736124957));
#9500=CARTESIAN_POINT('Ctrl Pts',(97.8250745287061,-112.147546997139,1.69997633715433));
#9501=CARTESIAN_POINT('Ctrl Pts',(97.8061701224128,-112.12623610643,1.69998001678203));
#9502=CARTESIAN_POINT('Ctrl Pts',(97.7867603090789,-112.105349949997,1.69998375445989));
#9503=CARTESIAN_POINT('Ctrl Pts',(97.7668508880313,-112.084912776084,1.69998741789553));
#9504=CARTESIAN_POINT('Ctrl Pts',(97.7155661773724,-112.032268625945,1.69999685454544));
#9505=CARTESIAN_POINT('Ctrl Pts',(97.6612658179942,-111.982904985703,1.70000572632748));
#9506=CARTESIAN_POINT('Ctrl Pts',(97.6041259949835,-111.93715597704,1.70001117927814));
#9507=CARTESIAN_POINT('Ctrl Pts',(97.5498380600617,-111.893690333042,1.70001636006826));
#9508=CARTESIAN_POINT('Ctrl Pts',(97.4929862250976,-111.853486933741,1.70001843937844));
#9509=CARTESIAN_POINT('Ctrl Pts',(97.4339283971824,-111.816622580682,1.70001894051412));
#9510=CARTESIAN_POINT('Ctrl Pts',(97.3741905374548,-111.779333746506,1.70001944742022));
#9511=CARTESIAN_POINT('Ctrl Pts',(97.3121946559834,-111.745460875957,1.70001832167003));
#9512=CARTESIAN_POINT('Ctrl Pts',(97.2482850919012,-111.715129229704,1.70001663914388));
#9513=CARTESIAN_POINT('Ctrl Pts',(97.2246813176594,-111.703926816719,1.70001601773505));
#9514=CARTESIAN_POINT('Ctrl Pts',(97.2008163245767,-111.693207923153,1.70001531687638));
#9515=CARTESIAN_POINT('Ctrl Pts',(97.1767069727747,-111.682980593937,1.700014581414));
#9516=CARTESIAN_POINT('Ctrl Pts',(97.1115679339069,-111.6553482295,1.70001259432979));
#9517=CARTESIAN_POINT('Ctrl Pts',(97.0449205855738,-111.631416919955,1.70001033927464));
#9518=CARTESIAN_POINT('Ctrl Pts',(96.9771233562837,-111.611285666192,1.70000831799518));
#9519=CARTESIAN_POINT('Ctrl Pts',(96.9256290456138,-111.595995291552,1.7000067827644));
#9520=CARTESIAN_POINT('Ctrl Pts',(96.8734706763883,-111.582898023302,1.70000536893147));
#9521=CARTESIAN_POINT('Ctrl Pts',(96.8207995221897,-111.572056488251,1.70000418538822));
#9522=CARTESIAN_POINT('Ctrl Pts',(96.7518918412119,-111.557872917567,1.70000263700331));
#9523=CARTESIAN_POINT('Ctrl Pts',(96.6823040903199,-111.547589046408,1.70000148484186));
#9524=CARTESIAN_POINT('Ctrl Pts',(96.6123794535113,-111.541322833569,1.70000079626176));
#9525=CARTESIAN_POINT('Ctrl Pts',(96.5584938957306,-111.536493943646,1.70000026562585));
#9526=CARTESIAN_POINT('Ctrl Pts',(96.5044077867103,-111.534051895371,1.70000000092142));
#9527=CARTESIAN_POINT('Ctrl Pts',(96.4502764647603,-111.534071783746,1.7));
#9528=CARTESIAN_POINT('',(83.0453361840114,-111.53901297508,1.7));
#9529=CARTESIAN_POINT('',(80.6447063450319,-111.539897870582,1.7));
#9530=CARTESIAN_POINT('',(81.2016416120124,-113.382782573243,1.7));
#9531=CARTESIAN_POINT('Ctrl Pts',(83.0453361840114,-111.53901297508,1.7));
#9532=CARTESIAN_POINT('Ctrl Pts',(82.9758386581057,-111.539038592544,1.7));
#9533=CARTESIAN_POINT('Ctrl Pts',(82.9065095647583,-111.543130990596,1.69999952236818));
#9534=CARTESIAN_POINT('Ctrl Pts',(82.8376771470288,-111.551105147479,1.69999864002243));
#9535=CARTESIAN_POINT('Ctrl Pts',(82.7678052594098,-111.559199725761,1.69999774435197));
#9536=CARTESIAN_POINT('Ctrl Pts',(82.6984441894912,-111.571294395207,1.69999641298381));
#9537=CARTESIAN_POINT('Ctrl Pts',(82.6299365371961,-111.587249764714,1.69999470798682));
#9538=CARTESIAN_POINT('Ctrl Pts',(82.5615423141527,-111.603178716652,1.69999300581281));
#9539=CARTESIAN_POINT('Ctrl Pts',(82.493997697807,-111.622955926088,1.69999091229041));
#9540=CARTESIAN_POINT('Ctrl Pts',(82.4276576142192,-111.64649197364,1.69998875847569));
#9541=CARTESIAN_POINT('Ctrl Pts',(82.3996355293712,-111.656433612026,1.69998784870326));
#9542=CARTESIAN_POINT('Ctrl Pts',(82.3718286174382,-111.667046484491,1.69998693311848));
#9543=CARTESIAN_POINT('Ctrl Pts',(82.3442650407744,-111.678326286201,1.6999860638051));
#9544=CARTESIAN_POINT('Ctrl Pts',(82.2788013115852,-111.705115911273,1.69998399917842));
#9545=CARTESIAN_POINT('Ctrl Pts',(82.2150719909127,-111.735515586469,1.69998209310922));
#9546=CARTESIAN_POINT('Ctrl Pts',(82.153414563876,-111.769380388545,1.69998125627345));
#9547=CARTESIAN_POINT('Ctrl Pts',(82.0923442070068,-111.802922747471,1.69998042740561));
#9548=CARTESIAN_POINT('Ctrl Pts',(82.0333055431883,-111.839864973091,1.69998062958421));
#9549=CARTESIAN_POINT('Ctrl Pts',(81.9766458131753,-111.880112786067,1.69998311837904));
#9550=CARTESIAN_POINT('Ctrl Pts',(81.9488733688971,-111.899840732934,1.69998433829159));
#9551=CARTESIAN_POINT('Ctrl Pts',(81.9216728661383,-111.920363549112,1.69998611491588));
#9552=CARTESIAN_POINT('Ctrl Pts',(81.8950879500216,-111.941673835489,1.69998864895747));
#9553=CARTESIAN_POINT('Ctrl Pts',(81.8445190606721,-111.982209510271,1.69999346912195));
#9554=CARTESIAN_POINT('Ctrl Pts',(81.7961756803691,-112.025593192125,1.70000099474782));
#9555=CARTESIAN_POINT('Ctrl Pts',(81.7501812547828,-112.071592687998,1.70000920975199));
#9556=CARTESIAN_POINT('Ctrl Pts',(81.7009442301269,-112.120835140394,1.70001800391253));
#9557=CARTESIAN_POINT('Ctrl Pts',(81.6546691119508,-112.172803731954,1.70002746444885));
#9558=CARTESIAN_POINT('Ctrl Pts',(81.6114491728457,-112.22715511649,1.70003575185432));
#9559=CARTESIAN_POINT('Ctrl Pts',(81.5676008464986,-112.282296731584,1.70004415975278));
#9560=CARTESIAN_POINT('Ctrl Pts',(81.5268966593856,-112.339891737479,1.70005135006076));
#9561=CARTESIAN_POINT('Ctrl Pts',(81.4894717648382,-112.399620264617,1.70005612675774));
#9562=CARTESIAN_POINT('Ctrl Pts',(81.4520858974021,-112.459286506159,1.70006089847353));
#9563=CARTESIAN_POINT('Ctrl Pts',(81.4179720295114,-112.521082720347,1.70006325283055));
#9564=CARTESIAN_POINT('Ctrl Pts',(81.3873095524728,-112.584715361641,1.70006285506863));
#9565=CARTESIAN_POINT('Ctrl Pts',(81.3749183141239,-112.610430414735,1.70006269432614));
#9566=CARTESIAN_POINT('Ctrl Pts',(81.3630912725605,-112.636445589739,1.7000620946421));
#9567=CARTESIAN_POINT('Ctrl Pts',(81.3518426065464,-112.662742177415,1.70006107884459));
#9568=CARTESIAN_POINT('Ctrl Pts',(81.3240853287766,-112.727631799669,1.70005857225635));
#9569=CARTESIAN_POINT('Ctrl Pts',(81.2999636405263,-112.793959823215,1.70005345531048));
#9570=CARTESIAN_POINT('Ctrl Pts',(81.2796328707773,-112.861420634551,1.70004671785085));
#9571=CARTESIAN_POINT('Ctrl Pts',(81.2643570215351,-112.91210839485,1.70004165555273));
#9572=CARTESIAN_POINT('Ctrl Pts',(81.2512221913134,-112.963436314293,1.70003569476426));
#9573=CARTESIAN_POINT('Ctrl Pts',(81.2403128849901,-113.015280232806,1.70002961282171));
#9574=CARTESIAN_POINT('Ctrl Pts',(81.2259828221121,-113.083380494189,1.70002162380603));
#9575=CARTESIAN_POINT('Ctrl Pts',(81.2155319988369,-113.152176524963,1.70001341474494));
#9576=CARTESIAN_POINT('Ctrl Pts',(81.2091295970342,-113.221382332424,1.7000075866433));
#9577=CARTESIAN_POINT('Ctrl Pts',(81.2041711655791,-113.27497975776,1.70000307298679));
#9578=CARTESIAN_POINT('Ctrl Pts',(81.2016418185586,-113.328823419988,1.70000000396589));
#9579=CARTESIAN_POINT('Ctrl Pts',(81.2016416120124,-113.382782573243,1.7));
#9580=CARTESIAN_POINT('',(81.2016416119947,-126.782782573243,1.7));
#9581=CARTESIAN_POINT('',(81.201641612008,-116.695956397047,1.7));
#9582=CARTESIAN_POINT('Ctrl Pts',(81.2016416119947,-126.782782573243,1.7));
#9583=CARTESIAN_POINT('Ctrl Pts',(81.2016418755313,-126.851630205918,1.70000000506016));
#9584=CARTESIAN_POINT('Ctrl Pts',(81.2057578288575,-126.920199785972,1.70000496771567));
#9585=CARTESIAN_POINT('Ctrl Pts',(81.2137564146318,-126.988222337688,1.70001161086824));
#9586=CARTESIAN_POINT('Ctrl Pts',(81.2219164399094,-127.057617822979,1.70001838810292));
#9587=CARTESIAN_POINT('Ctrl Pts',(81.2341176767921,-127.126444816214,1.70002691948648));
#9588=CARTESIAN_POINT('Ctrl Pts',(81.2501676439859,-127.194417018428,1.70003478102361));
#9589=CARTESIAN_POINT('Ctrl Pts',(81.26639444115,-127.263138102078,1.70004272917497));
#9590=CARTESIAN_POINT('Ctrl Pts',(81.2865555994573,-127.330986380402,1.70004999949608));
#9591=CARTESIAN_POINT('Ctrl Pts',(81.3105029588687,-127.397651824798,1.70005506150523));
#9592=CARTESIAN_POINT('Ctrl Pts',(81.3205916262446,-127.42573698786,1.70005719405461));
#9593=CARTESIAN_POINT('Ctrl Pts',(81.3313528545878,-127.453611967895,1.70005894583501));
#9594=CARTESIAN_POINT('Ctrl Pts',(81.3427779836407,-127.48125222364,1.70006024883417));
#9595=CARTESIAN_POINT('Ctrl Pts',(81.3698486174876,-127.546742883678,1.70006333615275));
#9596=CARTESIAN_POINT('Ctrl Pts',(81.400491927374,-127.610551589177,1.70006385985805));
#9597=CARTESIAN_POINT('Ctrl Pts',(81.4345061318595,-127.672390227157,1.70006166820671));
#9598=CARTESIAN_POINT('Ctrl Pts',(81.4685887914317,-127.734353318123,1.70005947214458));
#9599=CARTESIAN_POINT('Ctrl Pts',(81.5060563937735,-127.794339313442,1.70005455874003));
#9600=CARTESIAN_POINT('Ctrl Pts',(81.5467543038716,-127.852038786203,1.70004770402865));
#9601=CARTESIAN_POINT('Ctrl Pts',(81.5866584386092,-127.908612883738,1.70004098301212));
#9602=CARTESIAN_POINT('Ctrl Pts',(81.6296686571536,-127.962989535729,1.70003240634486));
#9603=CARTESIAN_POINT('Ctrl Pts',(81.6756778476778,-128.014846121443,1.70002344766171));
#9604=CARTESIAN_POINT('Ctrl Pts',(81.6945102236416,-128.036071939747,1.70001978071415));
#9605=CARTESIAN_POINT('Ctrl Pts',(81.7138454596276,-128.056875116074,1.70001605762268));
#9606=CARTESIAN_POINT('Ctrl Pts',(81.7336778138781,-128.077231540125,1.70001241023814));
#9607=CARTESIAN_POINT('Ctrl Pts',(81.7845650132131,-128.129463433291,1.70000305153157));
#9608=CARTESIAN_POINT('Ctrl Pts',(81.8384295537214,-128.178456502671,1.69999426332233));
#9609=CARTESIAN_POINT('Ctrl Pts',(81.8950986178395,-128.223882419643,1.69998885252026));
#9610=CARTESIAN_POINT('Ctrl Pts',(81.9492286716714,-128.267273066185,1.69998368414467));
#9611=CARTESIAN_POINT('Ctrl Pts',(82.0059183274403,-128.307409651727,1.69998161185094));
#9612=CARTESIAN_POINT('Ctrl Pts',(82.0648103110527,-128.344215631992,1.69998111383863));
#9613=CARTESIAN_POINT('Ctrl Pts',(82.1243884002408,-128.381450410656,1.69998061002436));
#9614=CARTESIAN_POINT('Ctrl Pts',(82.1862213644887,-128.415276948292,1.6999817353015));
#9615=CARTESIAN_POINT('Ctrl Pts',(82.2499654233652,-128.445570226636,1.69998341571758));
#9616=CARTESIAN_POINT('Ctrl Pts',(82.2738290282705,-128.456910998442,1.69998404480814));
#9617=CARTESIAN_POINT('Ctrl Pts',(82.2979606604476,-128.467756096074,1.69998475530391));
#9618=CARTESIAN_POINT('Ctrl Pts',(82.3223427931129,-128.47809714763,1.69998550065879));
#9619=CARTESIAN_POINT('Ctrl Pts',(82.3873410886999,-128.5056644952,1.69998748763826));
#9620=CARTESIAN_POINT('Ctrl Pts',(82.4538447675495,-128.529537348125,1.69998973773504));
#9621=CARTESIAN_POINT('Ctrl Pts',(82.5214959671623,-128.549616437963,1.6999917519052));
#9622=CARTESIAN_POINT('Ctrl Pts',(82.5725728607662,-128.564776221399,1.69999327261075));
#9623=CARTESIAN_POINT('Ctrl Pts',(82.6243045700913,-128.577772553218,1.69999467215847));
#9624=CARTESIAN_POINT('Ctrl Pts',(82.6765427257386,-128.588543849515,1.69999584417409));
#9625=CARTESIAN_POINT('Ctrl Pts',(82.7453061144251,-128.60272258199,1.69999738694995));
#9626=CARTESIAN_POINT('Ctrl Pts',(82.814750145627,-128.613007057921,1.69999853326553));
#9627=CARTESIAN_POINT('Ctrl Pts',(82.8845319221386,-128.6192789986,1.69999921626529));
#9628=CARTESIAN_POINT('Ctrl Pts',(82.9379854992817,-128.624083371341,1.69999973945031));
#9629=CARTESIAN_POINT('Ctrl Pts',(82.9916377364421,-128.626532377641,1.7));
#9630=CARTESIAN_POINT('Ctrl Pts',(83.0453361839896,-128.626552171411,1.7));
#9631=CARTESIAN_POINT('',(51.647005,-129.879859999999,1.7));
#9632=CARTESIAN_POINT('Origin',(49.597005,-129.879859999999,1.7));
#9633=CARTESIAN_POINT('',(66.008361,-105.013870999999,1.7));
#9634=CARTESIAN_POINT('Origin',(63.958361,-105.013870999999,1.7));
#9635=CARTESIAN_POINT('',(102.783695234201,-113.86368020181,1.7));
#9636=CARTESIAN_POINT('',(104.918193523287,-112.477520805213,1.7));
#9637=CARTESIAN_POINT('Origin',(104.544024077042,-114.237849648054,1.7));
#9638=CARTESIAN_POINT('',(99.9976785772267,-126.970858051639,1.7));
#9639=CARTESIAN_POINT('',(99.9467999905119,-127.210222982624,1.7));
#9640=CARTESIAN_POINT('',(101.383837973824,-129.105356340726,1.7));
#9641=CARTESIAN_POINT('Origin',(101.758007420069,-127.345027497884,1.7));
#9642=CARTESIAN_POINT('',(114.491015823654,-131.891372997699,1.7));
#9643=CARTESIAN_POINT('',(89.5549618325445,-126.591051099701,1.7));
#9644=CARTESIAN_POINT('',(116.62551411274,-130.505213601102,1.7));
#9645=CARTESIAN_POINT('Origin',(114.865185269899,-130.131044154857,1.7));
#9646=CARTESIAN_POINT('',(119.411530769714,-117.398035751273,1.7));
#9647=CARTESIAN_POINT('',(117.967643854513,-124.190989607173,1.7));
#9648=CARTESIAN_POINT('',(118.025371373117,-115.263537462186,1.7));
#9649=CARTESIAN_POINT('Origin',(117.651201926872,-117.023866305028,1.7));
#9650=CARTESIAN_POINT('',(86.5357284570931,-108.570207235701,1.7));
#9651=CARTESIAN_POINT('',(57.645000834465,-65.8890009685755,1.7));
#9652=CARTESIAN_POINT('Origin',(59.595000834465,-65.8890009685755,1.7));
#9653=CARTESIAN_POINT('',(124.152678,-117.533009999999,1.7));
#9654=CARTESIAN_POINT('Origin',(122.202678,-117.533009999999,1.7));
#9655=CARTESIAN_POINT('Origin',(79.5325721122222,-130.331619370832,2.7));
#9656=CARTESIAN_POINT('',(79.5325721122222,-130.331619370832,2.7));
#9657=CARTESIAN_POINT('',(79.5325721122222,-130.331619370832,0.));
#9658=CARTESIAN_POINT('',(79.8325721122222,-130.331619370832,2.7));
#9659=CARTESIAN_POINT('',(79.5325721122222,-130.331619370832,2.7));
#9660=CARTESIAN_POINT('',(79.8325721122222,-130.331619370832,0.));
#9661=CARTESIAN_POINT('Origin',(79.8325721122222,-130.331619370832,0.));
#9662=CARTESIAN_POINT('',(79.8325721122222,-121.000001788139,2.7));
#9663=CARTESIAN_POINT('',(79.8325721122222,-121.000001788139,2.7));
#9664=CARTESIAN_POINT('',(79.8325721122222,-121.000001788139,0.));
#9665=CARTESIAN_POINT('Ctrl Pts',(113.798624102806,-56.9626257433481,1.58784860711506));
#9666=CARTESIAN_POINT('Ctrl Pts',(113.741031775607,-56.9626257433481,4.58729574348));
#9667=CARTESIAN_POINT('Ctrl Pts',(113.716136157396,-56.3638896528271,1.58626475765011));
#9668=CARTESIAN_POINT('Ctrl Pts',(113.658543830197,-56.3638896528271,4.58571189401505));
#9669=CARTESIAN_POINT('Ctrl Pts',(113.318204585548,-55.8134171484947,1.57862408113649));
#9670=CARTESIAN_POINT('Ctrl Pts',(113.260612258349,-55.8134171484947,4.57807121750142));
#9671=CARTESIAN_POINT('Ctrl Pts',(112.774559887041,-55.5476062514317,1.56818556965987));
#9672=CARTESIAN_POINT('Ctrl Pts',(112.716967559842,-55.5476062514317,4.5676327060248));
#9673=CARTESIAN_POINT('',(112.774559887319,-55.5476062508655,1.56818556964454));
#9674=CARTESIAN_POINT('Ctrl Pts',(112.774559887041,-55.5476062514317,1.56818556965987));
#9675=CARTESIAN_POINT('Ctrl Pts',(112.77463168087,-55.5480536538974,1.61212004066805));
#9676=CARTESIAN_POINT('Ctrl Pts',(112.774703776479,-55.5485022477679,1.65605830601576));
#9677=CARTESIAN_POINT('Ctrl Pts',(112.774776177134,-55.5489520348453,1.69999991212763));
#9678=CARTESIAN_POINT('',(112.774559887319,-55.5476062508655,1.56818556964454));
#9679=CARTESIAN_POINT('Ctrl Pts',(113.798624102806,-56.9626257433481,1.58784860711506));
#9680=CARTESIAN_POINT('Ctrl Pts',(113.741031775607,-56.9626257433481,4.58729574348));
#9681=CARTESIAN_POINT('Ctrl Pts',(113.716136157396,-56.3638896528271,1.58626475765011));
#9682=CARTESIAN_POINT('Ctrl Pts',(113.658543830197,-56.3638896528271,4.58571189401505));
#9683=CARTESIAN_POINT('Ctrl Pts',(113.318204585548,-55.8134171484947,1.57862408113649));
#9684=CARTESIAN_POINT('Ctrl Pts',(113.260612258349,-55.8134171484947,4.57807121750142));
#9685=CARTESIAN_POINT('Ctrl Pts',(112.774559887041,-55.5476062514317,1.56818556965987));
#9686=CARTESIAN_POINT('Ctrl Pts',(112.716967559842,-55.5476062514317,4.5676327060248));
#9687=CARTESIAN_POINT('',(113.796470686053,-56.9626257433466,1.7));
#9688=CARTESIAN_POINT('',(113.79630352475,-56.9614157982845,1.7));
#9689=CARTESIAN_POINT('Ctrl Pts',(113.796470686053,-56.9626257433481,1.7));
#9690=CARTESIAN_POINT('Ctrl Pts',(113.796415098218,-56.9622224095459,1.7));
#9691=CARTESIAN_POINT('Ctrl Pts',(113.796359377781,-56.9618190945029,1.7));
#9692=CARTESIAN_POINT('Ctrl Pts',(113.79630352475,-56.9614157982845,1.7));
#9693=CARTESIAN_POINT('',(113.798624102806,-56.9626257433466,1.58784860711506));
#9694=CARTESIAN_POINT('',(113.798624102806,-56.9626257433466,1.58784860711506));
#9695=CARTESIAN_POINT('Ctrl Pts',(113.796303989527,-56.9614193927936,1.70000000892416));
#9696=CARTESIAN_POINT('Ctrl Pts',(113.797077667831,-56.9618223196265,1.66261362238259));
#9697=CARTESIAN_POINT('Ctrl Pts',(113.797851040113,-56.9622244361496,1.62522972689882));
#9698=CARTESIAN_POINT('Ctrl Pts',(113.798624102806,-56.9626257433481,1.58784860711506));
#9699=CARTESIAN_POINT('Ctrl Pts',(112.774559888395,-55.5476062506895,1.56818556966521));
#9700=CARTESIAN_POINT('Ctrl Pts',(112.932184005399,-56.5116047181636,1.57121210732639));
#9701=CARTESIAN_POINT('Ctrl Pts',(113.798624102806,-56.9626257433465,1.58784860709441));
#9702=CARTESIAN_POINT('Ctrl Pts',(112.716967561196,-55.5476062506895,4.56763270605089));
#9703=CARTESIAN_POINT('Ctrl Pts',(112.874591678199,-56.5116047181636,4.57065924371207));
#9704=CARTESIAN_POINT('Ctrl Pts',(113.741031775607,-56.9626257433465,4.58729574348009));
#9705=CARTESIAN_POINT('',(113.677625586748,-56.9281135021889,4.58607828245837));
#9706=CARTESIAN_POINT('',(113.794126195083,-56.961403760776,1.70000000000003));
#9707=CARTESIAN_POINT('Ctrl Pts',(113.677625586748,-56.9281135021889,4.58607828245837));
#9708=CARTESIAN_POINT('Ctrl Pts',(113.697930955641,-56.9342019959465,4.08649186402838));
#9709=CARTESIAN_POINT('Ctrl Pts',(113.718182882146,-56.940118827419,3.58626262652965));
#9710=CARTESIAN_POINT('Ctrl Pts',(113.738341446387,-56.9458648144811,3.08666161526015));
#9711=CARTESIAN_POINT('Ctrl Pts',(113.756984389064,-56.9511787895314,2.62462310380947));
#9712=CARTESIAN_POINT('Ctrl Pts',(113.775587939663,-56.9563581873614,2.16211882832468));
#9713=CARTESIAN_POINT('Ctrl Pts',(113.794125423467,-56.9614038317981,1.69999998519766));
#9714=CARTESIAN_POINT('',(112.729935383109,-55.6186318862955,4.56788170095187));
#9715=CARTESIAN_POINT('Origin',(114.641411507266,-55.2329389685755,4.60458391751728));
#9716=CARTESIAN_POINT('Ctrl Pts',(112.772530411113,-55.5506789782898,1.69999995549458));
#9717=CARTESIAN_POINT('Ctrl Pts',(112.765527621083,-55.5612883141366,2.1560435387599));
#9718=CARTESIAN_POINT('Ctrl Pts',(112.75862367386,-55.5719924564088,2.61245366887129));
#9719=CARTESIAN_POINT('Ctrl Pts',(112.751837968228,-55.582782730289,3.0684135264084));
#9720=CARTESIAN_POINT('Ctrl Pts',(112.744402585333,-55.5946060869443,3.5680279084012));
#9721=CARTESIAN_POINT('Ctrl Pts',(112.737091733908,-55.6065605992062,4.06827372531422));
#9722=CARTESIAN_POINT('Ctrl Pts',(112.729935383109,-55.6186318862956,4.56788170095187));
#9723=CARTESIAN_POINT('Origin',(114.699003834465,-55.2329389685755,1.60513678115235));
#9724=CARTESIAN_POINT('Origin',(114.697182367611,-55.2329389685755,1.7));
#9725=CARTESIAN_POINT('Ctrl Pts',(111.901230351882,-55.4164609369171,4.55196975146913));
#9726=CARTESIAN_POINT('Ctrl Pts',(111.91958420072,-55.3981037050638,3.5960889594337));
#9727=CARTESIAN_POINT('Ctrl Pts',(111.937938049558,-55.3797464732106,2.64020816739827));
#9728=CARTESIAN_POINT('Ctrl Pts',(111.956291898396,-55.3613892413573,1.68432737536283));
#9729=CARTESIAN_POINT('Ctrl Pts',(112.188296132713,-55.4164609369175,4.55748169604614));
#9730=CARTESIAN_POINT('Ctrl Pts',(112.209577876128,-55.3981009111407,3.60165712245856));
#9731=CARTESIAN_POINT('Ctrl Pts',(112.230857920254,-55.3797492671346,2.64583251624299));
#9732=CARTESIAN_POINT('Ctrl Pts',(112.252139663668,-55.3613892413578,1.69000794265541));
#9733=CARTESIAN_POINT('Ctrl Pts',(112.475114179126,-55.4864319879118,4.5629888838793));
#9734=CARTESIAN_POINT('Ctrl Pts',(112.499320952949,-55.4687855076699,3.60722047374476));
#9735=CARTESIAN_POINT('Ctrl Pts',(112.523525403248,-55.4511472602191,2.65145201899628));
#9736=CARTESIAN_POINT('Ctrl Pts',(112.547732177071,-55.4335007799772,1.69568360886174));
#9737=CARTESIAN_POINT('Ctrl Pts',(112.729935383109,-55.6186318862956,4.56788170095187));
#9738=CARTESIAN_POINT('Ctrl Pts',(112.75674014255,-55.602336373382,3.61216317468957));
#9739=CARTESIAN_POINT('Ctrl Pts',(112.783544901991,-55.5860408604684,2.65644464842727));
#9740=CARTESIAN_POINT('Ctrl Pts',(112.810349661431,-55.5697453475548,1.70072612216498));
#9741=CARTESIAN_POINT('',(111.901230351882,-55.4164609369171,4.55196975146904));
#9742=CARTESIAN_POINT('Ctrl Pts',(111.901230351882,-55.4164609369171,4.55196975146913));
#9743=CARTESIAN_POINT('Ctrl Pts',(112.188296132713,-55.4164609369175,4.55748169604614));
#9744=CARTESIAN_POINT('Ctrl Pts',(112.475114179126,-55.4864319879118,4.5629888838793));
#9745=CARTESIAN_POINT('Ctrl Pts',(112.729935383109,-55.6186318862956,4.56788170095187));
#9746=CARTESIAN_POINT('',(111.901230351882,-55.4164609369171,4.55196975146904));
#9747=CARTESIAN_POINT('Ctrl Pts',(113.677625586748,-56.9281135021889,4.58607828245837));
#9748=CARTESIAN_POINT('Ctrl Pts',(113.71435034154,-56.9251548941613,3.62389916741455));
#9749=CARTESIAN_POINT('Ctrl Pts',(113.751075096333,-56.9221962861338,2.66172005237072));
#9750=CARTESIAN_POINT('Ctrl Pts',(113.787799851126,-56.9192376781063,1.6995409373269));
#9751=CARTESIAN_POINT('Ctrl Pts',(113.693054604235,-57.0232863449997,4.58637453472857));
#9752=CARTESIAN_POINT('Ctrl Pts',(113.72993789429,-57.0213054210626,3.62419846371729));
#9753=CARTESIAN_POINT('Ctrl Pts',(113.766821074227,-57.0193245074797,2.66202239059164));
#9754=CARTESIAN_POINT('Ctrl Pts',(113.803704364282,-57.0173435835426,1.69984631958035));
#9755=CARTESIAN_POINT('Ctrl Pts',(113.700819091729,-57.1197009225428,4.5865236205047));
#9756=CARTESIAN_POINT('Ctrl Pts',(113.737782145903,-57.1187104542272,3.62434908104274));
#9757=CARTESIAN_POINT('Ctrl Pts',(113.774745089727,-57.1177199934486,2.66217453946196));
#9758=CARTESIAN_POINT('Ctrl Pts',(113.8117081439,-57.116729525133,1.7));
#9759=CARTESIAN_POINT('Ctrl Pts',(113.700819091729,-57.2161165732691,4.5865236205047));
#9760=CARTESIAN_POINT('Ctrl Pts',(113.737782109119,-57.2161165732692,3.62434908033646));
#9761=CARTESIAN_POINT('Ctrl Pts',(113.77474512651,-57.2161165732692,2.66217454016823));
#9762=CARTESIAN_POINT('Ctrl Pts',(113.8117081439,-57.2161165732692,1.7));
#9763=CARTESIAN_POINT('',(113.8117081439,-57.2161165732692,1.7));
#9764=CARTESIAN_POINT('Ctrl Pts',(113.8117081439,-57.2161165732692,1.7));
#9765=CARTESIAN_POINT('Ctrl Pts',(113.8117081439,-57.1457795376069,1.7));
#9766=CARTESIAN_POINT('Ctrl Pts',(113.807700833802,-57.0756371401084,1.69999991407385));
#9767=CARTESIAN_POINT('Ctrl Pts',(113.799762760951,-57.0060252837403,1.69999995563772));
#9768=CARTESIAN_POINT('Ctrl Pts',(113.798063756749,-56.9911260961568,1.69999996453373));
#9769=CARTESIAN_POINT('Ctrl Pts',(113.796184496266,-56.9762511887041,1.69999997564719));
#9770=CARTESIAN_POINT('Ctrl Pts',(113.79412542349,-56.9614038319613,1.69999998518467));
#9771=CARTESIAN_POINT('',(113.700819091729,-57.2161165732691,4.5865236205046));
#9772=CARTESIAN_POINT('Ctrl Pts',(113.700819091729,-57.2161165732691,4.5865236205047));
#9773=CARTESIAN_POINT('Ctrl Pts',(113.737782109119,-57.2161165732692,3.62434908033646));
#9774=CARTESIAN_POINT('Ctrl Pts',(113.77474512651,-57.2161165732692,2.66217454016823));
#9775=CARTESIAN_POINT('Ctrl Pts',(113.8117081439,-57.2161165732692,1.7));
#9776=CARTESIAN_POINT('Ctrl Pts',(113.677625586748,-56.9281135021889,4.58607828245837));
#9777=CARTESIAN_POINT('Ctrl Pts',(113.693054604235,-57.0232863449997,4.58637453472857));
#9778=CARTESIAN_POINT('Ctrl Pts',(113.700819091729,-57.1197009225428,4.5865236205047));
#9779=CARTESIAN_POINT('Ctrl Pts',(113.700819091729,-57.2161165732691,4.5865236205047));
#9780=CARTESIAN_POINT('Origin',(64.891320114251,-120.00913022083,1.7));
#9781=CARTESIAN_POINT('',(113.811936284804,-88.4983402340771,1.6999999999997));
#9782=CARTESIAN_POINT('',(113.811708143851,-88.4982231904488,1.7));
#9783=CARTESIAN_POINT('',(89.3527020580556,-88.4982231904314,1.7));
#9784=CARTESIAN_POINT('',(113.811708143838,-106.112622897067,1.7));
#9785=CARTESIAN_POINT('',(114.658744144433,-57.1825233236006,1.7));
#9786=CARTESIAN_POINT('Origin',(114.699003834465,-55.2329389685755,1.7));
#9787=CARTESIAN_POINT('',(114.658744144432,-62.1309141314651,1.7));
#9788=CARTESIAN_POINT('',(114.658744144433,-60.0340579342673,1.7));
#9789=CARTESIAN_POINT('',(114.405485044245,-88.3057901508261,1.7));
#9790=CARTESIAN_POINT('',(114.40105496537,-88.7636483886257,1.7));
#9791=CARTESIAN_POINT('Origin',(114.702678,-90.23301,1.7));
#9792=CARTESIAN_POINT('Origin',(114.699003834465,-55.2329389685755,0.));
#9793=CARTESIAN_POINT('',(113.38653444417,-53.7907447723808,1.2));
#9794=CARTESIAN_POINT('',(113.38653444417,-53.7907447723808,0.));
#9795=CARTESIAN_POINT('',(114.259948126895,-53.3330099999954,1.2));
#9796=CARTESIAN_POINT('Origin',(114.699003834465,-55.2329389685755,1.2));
#9797=CARTESIAN_POINT('',(114.259948126803,-53.3330100000165,0.));
#9798=CARTESIAN_POINT('',(114.259948126803,-53.3330100000165,0.));
#9799=CARTESIAN_POINT('',(115.138059542131,-53.3330100000174,0.));
#9800=CARTESIAN_POINT('Origin',(114.699003834465,-55.2329389685755,0.));
#9801=CARTESIAN_POINT('',(115.138059542034,-53.3330099999951,1.2));
#9802=CARTESIAN_POINT('',(115.138059542131,-53.3330100000174,0.));
#9803=CARTESIAN_POINT('',(116.649003834465,-55.2329390519399,1.2));
#9804=CARTESIAN_POINT('Origin',(114.699003834465,-55.2329389685755,1.2));
#9805=CARTESIAN_POINT('',(116.649003834465,-55.2329390519399,3.8));
#9806=CARTESIAN_POINT('',(116.649003834465,-55.2329390519399,0.));
#9807=CARTESIAN_POINT('',(114.658744144432,-57.1825233236006,3.8));
#9808=CARTESIAN_POINT('Origin',(114.699003834465,-55.2329389685755,3.8));
#9809=CARTESIAN_POINT('',(114.658744144431,-57.1825233236005,0.));
#9810=CARTESIAN_POINT('Origin',(113.814084001838,-88.4982231904488,1.58814545234121));
#9811=CARTESIAN_POINT('',(113.808324769108,-88.4982231904488,1.78807173429828));
#9812=CARTESIAN_POINT('',(113.758410711382,-88.4982231904488,3.0873713838103));
#9813=CARTESIAN_POINT('',(113.812164257598,-88.4982231904488,1.68812702355337));
#9814=CARTESIAN_POINT('Origin',(114.702678,-90.23301,-44.6904276285638));
#9815=CARTESIAN_POINT('',(113.812164257598,-88.4982231904488,1.58810859136871));
#9816=CARTESIAN_POINT('',(113.812164257598,-88.4982231904488,0.));
#9817=CARTESIAN_POINT('',(113.812164257598,-88.4982231904488,1.58810859136871));
#9818=CARTESIAN_POINT('Origin',(113.812164257595,-91.96779680955,1.58810859136866));
#9819=CARTESIAN_POINT('',(113.812164257595,-91.96779680955,1.68812702355332));
#9820=CARTESIAN_POINT('',(113.812164257595,-91.96779680955,1.58810859136866));
#9821=CARTESIAN_POINT('',(113.812164257595,-91.96779680955,0.));
#9822=CARTESIAN_POINT('',(113.814084001835,-91.96779680955,1.58814545234116));
#9823=CARTESIAN_POINT('',(113.808324769108,-91.96779680955,1.78807173419345));
#9824=CARTESIAN_POINT('',(113.758410003872,-91.96779680955,3.08738980071162));
#9825=CARTESIAN_POINT('',(113.812164257595,-91.96779680955,1.58810859136866));
#9826=CARTESIAN_POINT('Ctrl Pts',(113.812164257598,-88.4982231904488,1.58810859136871));
#9827=CARTESIAN_POINT('Ctrl Pts',(112.752678,-89.0420866018391,1.56776541596457));
#9828=CARTESIAN_POINT('Ctrl Pts',(112.752678,-90.23301,1.56776541596457));
#9829=CARTESIAN_POINT('Ctrl Pts',(112.752678,-91.4239333981598,1.56776541596456));
#9830=CARTESIAN_POINT('Ctrl Pts',(113.812164257596,-91.9677968095502,1.58810859136867));
#9831=CARTESIAN_POINT('Ctrl Pts',(113.754571930399,-88.4982231904488,4.58755572773367));
#9832=CARTESIAN_POINT('Ctrl Pts',(112.695085672801,-89.0420866018391,4.56721255232954));
#9833=CARTESIAN_POINT('Ctrl Pts',(112.695085672801,-90.23301,4.56721255232953));
#9834=CARTESIAN_POINT('Ctrl Pts',(112.695085672801,-91.4239333981598,4.56721255232953));
#9835=CARTESIAN_POINT('Ctrl Pts',(113.754571930397,-91.9677968095502,4.58755572773363));
#9836=CARTESIAN_POINT('',(113.700819091723,-88.5268855544044,4.58652362050384));
#9837=CARTESIAN_POINT('Origin',(115.589352253915,-90.23301,-44.5733841805047));
#9838=CARTESIAN_POINT('',(112.752678,-90.23301,1.5677654159646));
#9839=CARTESIAN_POINT('Origin',(114.702678,-90.23301,1.60520732873461));
#9840=CARTESIAN_POINT('Origin',(114.702678,-90.23301,1.60520732873461));
#9841=CARTESIAN_POINT('',(113.700819091719,-91.9391344455933,4.58652362050374));
#9842=CARTESIAN_POINT('Origin',(115.589352253915,-90.23301,-44.5733841805047));
#9843=CARTESIAN_POINT('Origin',(114.645085672801,-90.23301,4.60465446509954));
#9844=CARTESIAN_POINT('Origin',(64.8730987003106,-120.00913022083,3.64898349350048));
#9845=CARTESIAN_POINT('',(78.7591744264895,-128.500001884997,3.91560976840199));
#9846=CARTESIAN_POINT('',(78.7591744264895,-129.233178625711,3.91560976840277));
#9847=CARTESIAN_POINT('',(78.7591744264895,-127.941292294701,3.91560976840199));
#9848=CARTESIAN_POINT('',(79.9019857699967,-129.109358218803,3.93755286719058));
#9849=CARTESIAN_POINT('',(79.9019857699967,-129.109358218803,3.93755286719058));
#9850=CARTESIAN_POINT('',(80.1580161232247,-131.473284103719,3.94246890111471));
#9851=CARTESIAN_POINT('',(78.0468360592496,-111.980778086256,3.90193217301288));
#9852=CARTESIAN_POINT('',(110.024305482173,-133.285609759233,4.51593095287961));
#9853=CARTESIAN_POINT('Origin',(87.9175316033384,-250.5975413291,4.09145920970004));
#9854=CARTESIAN_POINT('',(114.402010341777,-134.295266456071,4.5999871803085));
#9855=CARTESIAN_POINT('Origin',(99.7280204350228,-187.923934351297,4.31823218026847));
#9856=CARTESIAN_POINT('',(114.402677999932,-134.29019973774,4.6));
#9857=CARTESIAN_POINT('Ctrl Pts',(114.402677999932,-134.29019973774,4.6));
#9858=CARTESIAN_POINT('Ctrl Pts',(114.402677999932,-134.29180138536,4.6));
#9859=CARTESIAN_POINT('Ctrl Pts',(114.402466893697,-134.293596507082,4.59999594655321));
#9860=CARTESIAN_POINT('Ctrl Pts',(114.40201034177,-134.295266456069,4.59998718030838));
#9861=CARTESIAN_POINT('',(114.402677999932,-131.872596213623,4.6));
#9862=CARTESIAN_POINT('',(114.40267799992,-94.5918224172008,4.6));
#9863=CARTESIAN_POINT('',(101.383837973824,-129.105356340726,4.35002550121802));
#9864=CARTESIAN_POINT('',(89.5462772715347,-126.589205139273,4.12273272417937));
#9865=CARTESIAN_POINT('',(99.9976785772267,-126.970858051639,4.32340988110891));
#9866=CARTESIAN_POINT('Origin',(101.758007420069,-127.345027497884,4.35720992161164));
#9867=CARTESIAN_POINT('',(102.783695234201,-113.86368020181,4.37690413374815));
#9868=CARTESIAN_POINT('',(99.9462418760074,-127.212848704926,4.32242224599085));
#9869=CARTESIAN_POINT('',(104.918193523287,-112.477520805213,4.41788859464448));
#9870=CARTESIAN_POINT('Origin',(104.544024077042,-114.237849648054,4.41070417425086));
#9871=CARTESIAN_POINT('',(114.402677999926,-114.493510214791,4.6));
#9872=CARTESIAN_POINT('',(86.5281085271544,-108.568587569593,4.06478092374234));
#9873=CARTESIAN_POINT('',(114.402677999907,-53.1330099999953,4.6));
#9874=CARTESIAN_POINT('',(114.40267799992,-94.5918224172022,4.6));
#9875=CARTESIAN_POINT('',(100.104948050676,-53.1330099999997,4.32546956022103));
#9876=CARTESIAN_POINT('',(104.863039610433,-53.1330099999983,4.41682958541714));
#9877=CARTESIAN_POINT('',(98.678327664371,-52.0964258751927,4.29807704942103));
#9878=CARTESIAN_POINT('Origin',(100.104948050675,-51.6330099999998,4.32546956022103));
#9879=CARTESIAN_POINT('',(96.2055191444562,-50.2996769999954,4.2505967002417));
#9880=CARTESIAN_POINT('Origin',(96.2055147849453,-52.89968142636,4.2505966165348));
#9881=CARTESIAN_POINT('',(82.6049423829193,-50.2996769999997,3.98945228550941));
#9882=CARTESIAN_POINT('',(87.3805018026903,-50.2996769999987,4.08114771075213));
#9883=CARTESIAN_POINT('',(81.1783261388772,-49.2631056269058,3.96205985424491));
#9884=CARTESIAN_POINT('Origin',(82.604942382919,-48.7996769999997,3.98945228550941));
#9885=CARTESIAN_POINT('',(78.7055157410322,-47.4663439997949,3.91457946900748));
#9886=CARTESIAN_POINT('Origin',(78.7054724686373,-50.06639886412,3.91457863813504));
#9887=CARTESIAN_POINT('',(61.4619610107073,-47.466344,3.58348630384923));
#9888=CARTESIAN_POINT('',(78.6337323225397,-47.4663439999337,3.91320115695951));
#9889=CARTESIAN_POINT('',(58.9919956751996,-49.2543744255597,3.5360605461796));
#9890=CARTESIAN_POINT('Origin',(61.4619397492293,-50.0663211577,3.58348589560798));
#9891=CARTESIAN_POINT('',(58.5120739027919,-51.9761408114062,3.52684557842441));
#9892=CARTESIAN_POINT('',(55.41643494303,-69.5323478391005,3.46740627324648));
#9893=CARTESIAN_POINT('',(57.1333261158482,-53.1330099988416,3.5003722678765));
#9894=CARTESIAN_POINT('Origin',(57.1334247093223,-51.73310241344,3.50037416096792));
#9895=CARTESIAN_POINT('',(24.1005724356729,-53.1330100007428,2.86611099513392));
#9896=CARTESIAN_POINT('',(67.8516395170339,-53.1330100006553,3.70617439885566));
#9897=CARTESIAN_POINT('',(21.5006122854707,-55.7353787009532,2.81618920992903));
#9898=CARTESIAN_POINT('Origin',(24.1007766436633,-55.73317528596,2.86611491612763));
#9899=CARTESIAN_POINT('',(21.5190177506359,-77.4462251415424,2.81654261367973));
#9900=CARTESIAN_POINT('',(21.5171031530584,-75.1877912526397,2.81650585076261));
#9901=CARTESIAN_POINT('',(20.4813881713902,-78.7997273293064,2.79661910717374));
#9902=CARTESIAN_POINT('Origin',(20.1189060071723,-77.44735132802,2.78965909405921));
#9903=CARTESIAN_POINT('',(16.5560948020821,-79.8515072767249,2.72124962413242));
#9904=CARTESIAN_POINT('',(45.6136367071268,-72.0655583717068,3.27918293147662));
#9905=CARTESIAN_POINT('',(14.7162869017333,-83.09016732415,2.68592350776393));
#9906=CARTESIAN_POINT('Origin',(17.2210815977233,-82.3711772853,2.73401802289941));
#9907=CARTESIAN_POINT('',(21.4438647034939,-108.197868190517,2.81509960069061));
#9908=CARTESIAN_POINT('',(18.2948603944826,-96.4456251616116,2.75463562907502));
#9909=CARTESIAN_POINT('',(21.5051758737121,-108.664075935671,2.8162768352994));
#9910=CARTESIAN_POINT('Origin',(19.7058305761546,-108.663573076371,2.7817276405946));
#9911=CARTESIAN_POINT('',(21.498923549663,-131.036328700058,2.81615678454457));
#9912=CARTESIAN_POINT('',(21.5071444776688,-101.619971063842,2.81631463442643));
#9913=CARTESIAN_POINT('',(24.0989264263923,-133.636343999345,2.86607939013708));
#9914=CARTESIAN_POINT('Origin',(24.0988725589193,-131.0363949986,2.86607835583236));
#9915=CARTESIAN_POINT('',(46.6468506854522,-133.636344001531,3.29902165334767));
#9916=CARTESIAN_POINT('',(51.3405021092636,-133.636344001137,3.38914436472378));
#9917=CARTESIAN_POINT('',(56.7591744264896,-133.418112950653,3.49318818843205));
#9918=CARTESIAN_POINT('Origin',(46.6468506648708,100.763655998469,3.2990216529539));
#9919=CARTESIAN_POINT('',(56.7591744264896,-128.500001884997,3.49318818843207));
#9920=CARTESIAN_POINT('',(56.7591744264896,-124.254566052913,3.4931881884321));
#9921=CARTESIAN_POINT('',(58.7591744264895,-126.500001884997,3.53159015024753));
#9922=CARTESIAN_POINT('Origin',(58.7591744264895,-128.500001884997,3.53159015024752));
#9923=CARTESIAN_POINT('',(76.7591744264895,-126.500001884997,3.87720780658656));
#9924=CARTESIAN_POINT('',(70.7789271851321,-126.500001884997,3.76238119348179));
#9925=CARTESIAN_POINT('Origin',(76.7591744264896,-128.500001884997,3.87720780658654));
#9926=CARTESIAN_POINT('',(113.700819091692,-112.812622897081,4.5865236205031));
#9927=CARTESIAN_POINT('',(113.700819091701,-105.616115573269,4.58652362050406));
#9928=CARTESIAN_POINT('',(113.700819091692,-112.812622897081,4.5865236205031));
#9929=CARTESIAN_POINT('',(111.901230351849,-107.415771209616,4.5519697514684));
#9930=CARTESIAN_POINT('Ctrl Pts',(113.700819091701,-105.616115573269,4.58652362050408));
#9931=CARTESIAN_POINT('Ctrl Pts',(113.700819091701,-106.019972368015,4.58652362050407));
#9932=CARTESIAN_POINT('Ctrl Pts',(113.371902439858,-106.964093935004,4.58020809815179));
#9933=CARTESIAN_POINT('Ctrl Pts',(112.439646032018,-107.415771209617,4.56230786066374));
#9934=CARTESIAN_POINT('Ctrl Pts',(111.901230351849,-107.415771209616,4.55196975146839));
#9935=CARTESIAN_POINT('',(98.5012303518491,-107.4157712096,4.29467660730483));
#9936=CARTESIAN_POINT('',(81.6871645260875,-107.415771209579,3.97183005040251));
#9937=CARTESIAN_POINT('',(96.7369765931662,-105.970992552944,4.26080120456789));
#9938=CARTESIAN_POINT('Ctrl Pts',(98.5012303518491,-107.4157712096,4.29467660730475));
#9939=CARTESIAN_POINT('Ctrl Pts',(98.1484441006783,-107.415771209599,4.28790276523151));
#9940=CARTESIAN_POINT('Ctrl Pts',(97.3244592868587,-107.167000413077,4.2720814485531));
#9941=CARTESIAN_POINT('Ctrl Pts',(96.8297385357231,-106.432188357253,4.26258232485589));
#9942=CARTESIAN_POINT('Ctrl Pts',(96.7369765931662,-105.970992552944,4.26080120456789));
#9943=CARTESIAN_POINT('',(95.0415799566004,-104.582438209611,4.22824792611788));
#9944=CARTESIAN_POINT('Ctrl Pts',(95.0415799565999,-104.582438209611,4.22824792611754));
#9945=CARTESIAN_POINT('Ctrl Pts',(95.1075072856798,-104.582438269499,4.22951379719404));
#9946=CARTESIAN_POINT('Ctrl Pts',(95.173189721865,-104.586406097291,4.23077971502344));
#9947=CARTESIAN_POINT('Ctrl Pts',(95.2383476936427,-104.594132284185,4.23203692210707));
#9948=CARTESIAN_POINT('Ctrl Pts',(95.3046885179506,-104.601998729277,4.23331695204014));
#9949=CARTESIAN_POINT('Ctrl Pts',(95.3704865556208,-104.613761477237,4.23458795999474));
#9950=CARTESIAN_POINT('Ctrl Pts',(95.4354460450248,-104.629254055409,4.23584174802756));
#9951=CARTESIAN_POINT('Ctrl Pts',(95.5007889963287,-104.64483808771,4.23710293728761));
#9952=CARTESIAN_POINT('Ctrl Pts',(95.5652844197752,-104.664196467469,4.23834671279517));
#9953=CARTESIAN_POINT('Ctrl Pts',(95.6286166312454,-104.687209728115,4.2395656392334));
#9954=CARTESIAN_POINT('Ctrl Pts',(95.6517608895377,-104.695619743117,4.24001108630797));
#9955=CARTESIAN_POINT('Ctrl Pts',(95.6747495912877,-104.704518313415,4.24045322281043));
#9956=CARTESIAN_POINT('Ctrl Pts',(95.6975664564236,-104.713901118602,4.24089171182577));
#9957=CARTESIAN_POINT('Ctrl Pts',(95.7600154059217,-104.739581523154,4.24209184068711));
#9958=CARTESIAN_POINT('Ctrl Pts',(95.820824452903,-104.768740194518,4.24325774146552));
#9959=CARTESIAN_POINT('Ctrl Pts',(95.8796985799838,-104.801202039666,4.24438415401096));
#9960=CARTESIAN_POINT('Ctrl Pts',(95.9384912870195,-104.833618991667,4.24550900878282));
#9961=CARTESIAN_POINT('Ctrl Pts',(95.9953553490596,-104.86933042873,4.24659449616752));
#9962=CARTESIAN_POINT('Ctrl Pts',(96.0499772516285,-104.908209767442,4.24763622629444));
#9963=CARTESIAN_POINT('Ctrl Pts',(96.1033282283422,-104.946184473498,4.24865371776086));
#9964=CARTESIAN_POINT('Ctrl Pts',(96.1545409160764,-104.987181900115,4.24962947718487));
#9965=CARTESIAN_POINT('Ctrl Pts',(96.2032922098564,-105.031122368056,4.2505600407191));
#9966=CARTESIAN_POINT('Ctrl Pts',(96.2213004469186,-105.047353534492,4.25090378151911));
#9967=CARTESIAN_POINT('Ctrl Pts',(96.2389724645499,-105.063986619818,4.25124136072112));
#9968=CARTESIAN_POINT('Ctrl Pts',(96.2562905626782,-105.081018763985,4.25157262099454));
#9969=CARTESIAN_POINT('Ctrl Pts',(96.2584534199883,-105.083145908504,4.25161399209075));
#9970=CARTESIAN_POINT('Ctrl Pts',(96.2606102699236,-105.085278800117,4.25165525536138));
#9971=CARTESIAN_POINT('Ctrl Pts',(96.2627610849528,-105.087417425922,4.25169641065037));
#9972=CARTESIAN_POINT('Ctrl Pts',(96.3096004116261,-105.133991302035,4.252592669045));
#9973=CARTESIAN_POINT('Ctrl Pts',(96.3535804459449,-105.183281223178,4.25343765993889));
#9974=CARTESIAN_POINT('Ctrl Pts',(96.3945878055159,-105.234948900768,4.25422642898991));
#9975=CARTESIAN_POINT('Ctrl Pts',(96.4362324250167,-105.287419501077,4.25502745561898));
#9976=CARTESIAN_POINT('Ctrl Pts',(96.4748118328021,-105.342343167484,4.25577051744717));
#9977=CARTESIAN_POINT('Ctrl Pts',(96.5101673540654,-105.399400878976,4.25645096333414));
#9978=CARTESIAN_POINT('Ctrl Pts',(96.5285375225388,-105.429047161519,4.25680451223213));
#9979=CARTESIAN_POINT('Ctrl Pts',(96.5460366416008,-105.459270064889,4.25714116394004));
#9980=CARTESIAN_POINT('Ctrl Pts',(96.5626374976847,-105.490027351513,4.25746029693492));
#9981=CARTESIAN_POINT('Ctrl Pts',(96.5945697234242,-105.549189879917,4.25807415846));
#9982=CARTESIAN_POINT('Ctrl Pts',(96.6230434772746,-105.610072917739,4.2586205523647));
#9983=CARTESIAN_POINT('Ctrl Pts',(96.647918420934,-105.672348121738,4.25909702271016));
#9984=CARTESIAN_POINT('Ctrl Pts',(96.6725668768692,-105.734056306594,4.25956915476703));
#9985=CARTESIAN_POINT('Ctrl Pts',(96.6936821519409,-105.797132365581,4.25997265027493));
#9986=CARTESIAN_POINT('Ctrl Pts',(96.7110819080595,-105.861277850088,4.26030536288976));
#9987=CARTESIAN_POINT('Ctrl Pts',(96.7209141536845,-105.897525148907,4.26049337197041));
#9988=CARTESIAN_POINT('Ctrl Pts',(96.7295591159121,-105.934114234398,4.26065878182563));
#9989=CARTESIAN_POINT('Ctrl Pts',(96.7369765931664,-105.970992552943,4.26080120456727));
#9990=CARTESIAN_POINT('',(81.00123035185,-104.582438209594,3.95865944141958));
#9991=CARTESIAN_POINT('',(72.9371645260897,-104.582438209585,3.80382146745998));
#9992=CARTESIAN_POINT('',(79.2369765931671,-103.137659552938,3.92478403868255));
#9993=CARTESIAN_POINT('Ctrl Pts',(81.00123035185,-104.582438209594,3.95865944141941));
#9994=CARTESIAN_POINT('Ctrl Pts',(80.6484441006791,-104.582438209594,3.95188559934617));
#9995=CARTESIAN_POINT('Ctrl Pts',(79.8244512375001,-104.333678984372,3.93606412811216));
#9996=CARTESIAN_POINT('Ctrl Pts',(79.329738535724,-103.598855357248,3.92656515897055));
#9997=CARTESIAN_POINT('Ctrl Pts',(79.2369765931671,-103.137659552938,3.92478403868255));
#9998=CARTESIAN_POINT('',(77.5415799566014,-101.749105209606,3.89223076023265));
#9999=CARTESIAN_POINT('Ctrl Pts',(77.5415799566009,-101.749105209606,3.89223076023242));
#10000=CARTESIAN_POINT('Ctrl Pts',(77.6075075936506,-101.749105269387,3.89349663721926));
#10001=CARTESIAN_POINT('Ctrl Pts',(77.6731904018777,-101.753073063047,3.89476255979583));
#10002=CARTESIAN_POINT('Ctrl Pts',(77.7383487841525,-101.760799200999,3.8960197707048));
#10003=CARTESIAN_POINT('Ctrl Pts',(77.8046899106633,-101.768665582536,3.89729980229938));
#10004=CARTESIAN_POINT('Ctrl Pts',(77.8704882923572,-101.780428237968,3.89857081099113));
#10005=CARTESIAN_POINT('Ctrl Pts',(77.9354481431176,-101.795920715843,3.89982459913886));
#10006=CARTESIAN_POINT('Ctrl Pts',(78.0007911293185,-101.811504568886,3.90108578217233));
#10007=CARTESIAN_POINT('Ctrl Pts',(78.0652866137676,-101.830862723559,3.90232955099887));
#10008=CARTESIAN_POINT('Ctrl Pts',(78.1286188923206,-101.853875736933,3.90354847072684));
#10009=CARTESIAN_POINT('Ctrl Pts',(78.1517650254533,-101.862286333923,3.90399395096135));
#10010=CARTESIAN_POINT('Ctrl Pts',(78.1747555779903,-101.871185561354,3.90443612009027));
#10011=CARTESIAN_POINT('Ctrl Pts',(78.1975742649507,-101.880569098971,3.90487464113909));
#10012=CARTESIAN_POINT('Ctrl Pts',(78.2600233712343,-101.906249522167,3.90607476486369));
#10013=CARTESIAN_POINT('Ctrl Pts',(78.3208325535235,-101.935408214066,3.90724066026911));
#10014=CARTESIAN_POINT('Ctrl Pts',(78.3797067718184,-101.967870104818,3.9083670676109));
#10015=CARTESIAN_POINT('Ctrl Pts',(78.4384993296538,-102.000286969869,3.90949191258899));
#10016=CARTESIAN_POINT('Ctrl Pts',(78.4953632143208,-102.035998318031,3.91057739067028));
#10017=CARTESIAN_POINT('Ctrl Pts',(78.5499848924856,-102.074877590533,3.91161911244136));
#10018=CARTESIAN_POINT('Ctrl Pts',(78.6033353684575,-102.112852031507,3.91263659037658));
#10019=CARTESIAN_POINT('Ctrl Pts',(78.6545475331481,-102.153849182759,3.91361233761338));
#10020=CARTESIAN_POINT('Ctrl Pts',(78.7032982688363,-102.197789389389,3.91454289078639));
#10021=CARTESIAN_POINT('Ctrl Pts',(78.7213077454735,-102.214021762368,3.91488665535511));
#10022=CARTESIAN_POINT('Ctrl Pts',(78.7389809439231,-102.230656120684,3.91522425758553));
#10023=CARTESIAN_POINT('Ctrl Pts',(78.7563001591778,-102.247689604853,3.91555554013392));
#10024=CARTESIAN_POINT('Ctrl Pts',(78.7584607230219,-102.24981452388,3.91559686747386));
#10025=CARTESIAN_POINT('Ctrl Pts',(78.7606152919405,-102.251945178052,3.91563808721764));
#10026=CARTESIAN_POINT('Ctrl Pts',(78.762763838487,-102.254081554507,3.91567919920973));
#10027=CARTESIAN_POINT('Ctrl Pts',(78.8096027120081,-102.30065511688,3.91657545132997));
#10028=CARTESIAN_POINT('Ctrl Pts',(78.8535822586013,-102.349944758102,3.91742043803093));
#10029=CARTESIAN_POINT('Ctrl Pts',(78.8945891333738,-102.401612161966,3.91820920455997));
#10030=CARTESIAN_POINT('Ctrl Pts',(78.9362336353679,-102.454082956563,3.91901023583762));
#10031=CARTESIAN_POINT('Ctrl Pts',(78.9748128734546,-102.509006867806,3.91975330299415));
#10032=CARTESIAN_POINT('Ctrl Pts',(79.0101682084107,-102.566064837365,3.92043375434015));
#10033=CARTESIAN_POINT('Ctrl Pts',(79.0285398157386,-102.595713732305,3.92078733562993));
#10034=CARTESIAN_POINT('Ctrl Pts',(79.0460402235799,-102.625939348052,3.92112401693986));
#10035=CARTESIAN_POINT('Ctrl Pts',(79.0626422164194,-102.656699431288,3.9214431765153));
#10036=CARTESIAN_POINT('Ctrl Pts',(79.0945739268655,-102.715862333037,3.92205703722753));
#10037=CARTESIAN_POINT('Ctrl Pts',(79.1230471688219,-102.776745722185,3.92260343013898));
#10038=CARTESIAN_POINT('Ctrl Pts',(79.1479216372413,-102.839021221011,3.92307989877425));
#10039=CARTESIAN_POINT('Ctrl Pts',(79.1725697969,-102.900730135228,3.92355203248166));
#10040=CARTESIAN_POINT('Ctrl Pts',(79.1936847616024,-102.963806887547,3.92395552796464));
#10041=CARTESIAN_POINT('Ctrl Pts',(79.2110842217881,-103.027952988777,3.92428823829845));
#10042=CARTESIAN_POINT('Ctrl Pts',(79.220915491194,-103.064197653599,3.92447623062068));
#10043=CARTESIAN_POINT('Ctrl Pts',(79.2295596770937,-103.100784024386,3.92464162671554));
#10044=CARTESIAN_POINT('Ctrl Pts',(79.2369765931672,-103.137659552938,3.92478403868214));
#10045=CARTESIAN_POINT('',(63.5012303518508,-101.749105209589,3.62264227553434));
#10046=CARTESIAN_POINT('',(64.1871645260919,-101.74910520959,3.63581288451746));
#10047=CARTESIAN_POINT('',(61.7016416120031,-99.9494495732366,3.58808840649876));
#10048=CARTESIAN_POINT('Ctrl Pts',(63.5012303518508,-101.749105209589,3.62264227553434));
#10049=CARTESIAN_POINT('Ctrl Pts',(63.0974185917242,-101.749105209588,3.61488869363782));
#10050=CARTESIAN_POINT('Ctrl Pts',(62.1533076125596,-101.420312580815,3.59676083675211));
#10051=CARTESIAN_POINT('Ctrl Pts',(61.7016416120024,-100.487925299564,3.58808840649874));
#10052=CARTESIAN_POINT('Ctrl Pts',(61.7016416120031,-99.9494495732366,3.58808840649876));
#10053=CARTESIAN_POINT('',(61.7016416120318,-51.5494495732368,3.58808840649931));
#10054=CARTESIAN_POINT('',(61.7016416119866,-85.7792898970313,3.58808840649811));
#10055=CARTESIAN_POINT('',(63.5012303518833,-49.7497939368895,3.62264227553496));
#10056=CARTESIAN_POINT('Ctrl Pts',(61.7016416120318,-51.5494495732368,3.58808840649931));
#10057=CARTESIAN_POINT('Ctrl Pts',(61.7016416120324,-51.0109738469095,3.58808840649932));
#10058=CARTESIAN_POINT('Ctrl Pts',(62.1531818822272,-50.0784817776604,3.59675842260641));
#10059=CARTESIAN_POINT('Ctrl Pts',(63.0974185917568,-49.7497939368891,3.61488869363847));
#10060=CARTESIAN_POINT('Ctrl Pts',(63.5012303518833,-49.7497939368895,3.62264227553498));
#10061=CARTESIAN_POINT('',(76.9012303518834,-49.7497939369061,3.87993541969854));
#10062=CARTESIAN_POINT('',(70.8871645261404,-49.7497939368987,3.76445945660045));
#10063=CARTESIAN_POINT('',(78.6654841105663,-51.1945725935619,3.91381082243549));
#10064=CARTESIAN_POINT('Ctrl Pts',(76.9012303518834,-49.7497939369061,3.87993541969863));
#10065=CARTESIAN_POINT('Ctrl Pts',(77.2540166030543,-49.7497939369065,3.88670926177187));
#10066=CARTESIAN_POINT('Ctrl Pts',(78.0780419184603,-49.9985065106545,3.90253135612047));
#10067=CARTESIAN_POINT('Ctrl Pts',(78.5727221680094,-50.7333767892525,3.91202970214749));
#10068=CARTESIAN_POINT('Ctrl Pts',(78.6654841105663,-51.1945725935619,3.91381082243549));
#10069=CARTESIAN_POINT('',(80.360880747132,-52.5831269368942,3.94636410088505));
#10070=CARTESIAN_POINT('Ctrl Pts',(80.3608807471325,-52.5831269368942,3.94636410088482));
#10071=CARTESIAN_POINT('Ctrl Pts',(80.2949519796767,-52.5831268771037,3.94509820556645));
#10072=CARTESIAN_POINT('Ctrl Pts',(80.2292676247547,-52.5791591981004,3.94384174132434));
#10073=CARTESIAN_POINT('Ctrl Pts',(80.1641075006445,-52.5714332188655,3.94259669480106));
#10074=CARTESIAN_POINT('Ctrl Pts',(80.0977650350009,-52.5635670504235,3.94132905669687));
#10075=CARTESIAN_POINT('Ctrl Pts',(80.0319651049048,-52.5518047048662,3.94007322804735));
#10076=CARTESIAN_POINT('Ctrl Pts',(79.9670036805367,-52.5363125559528,3.93883237623271));
#10077=CARTESIAN_POINT('Ctrl Pts',(79.9016602904453,-52.5207293149809,3.93758422835175));
#10078=CARTESIAN_POINT('Ctrl Pts',(79.8371643461731,-52.5013719279155,3.93635120754815));
#10079=CARTESIAN_POINT('Ctrl Pts',(79.7738316766732,-52.4783597514668,3.93513800784483));
#10080=CARTESIAN_POINT('Ctrl Pts',(79.750689473773,-52.469950940331,3.93469469613992));
#10081=CARTESIAN_POINT('Ctrl Pts',(79.7277028054736,-52.4610536799512,3.93425404709255));
#10082=CARTESIAN_POINT('Ctrl Pts',(79.7048879525993,-52.4516722841664,3.93381634917448));
#10083=CARTESIAN_POINT('Ctrl Pts',(79.6424378036956,-52.4259929792454,3.93261825684799));
#10084=CARTESIAN_POINT('Ctrl Pts',(79.5816276865163,-52.3968353672184,3.93144891523974));
#10085=CARTESIAN_POINT('Ctrl Pts',(79.5227527050944,-52.3643744371365,3.93031439869407));
#10086=CARTESIAN_POINT('Ctrl Pts',(79.4639601738849,-52.3319589662719,3.92918147095791));
#10087=CARTESIAN_POINT('Ctrl Pts',(79.4070964354913,-52.2962489819039,3.92808324691986));
#10088=CARTESIAN_POINT('Ctrl Pts',(79.3524750272692,-52.2573709569851,3.92702738021102));
#10089=CARTESIAN_POINT('Ctrl Pts',(79.2991257199566,-52.2193983787121,3.92599610402528));
#10090=CARTESIAN_POINT('Ctrl Pts',(79.2479147694174,-52.178403081944,3.92500521923763));
#10091=CARTESIAN_POINT('Ctrl Pts',(79.1991652343508,-52.1344646367782,3.92406367207799));
#10092=CARTESIAN_POINT('Ctrl Pts',(79.1811546996518,-52.1182315611151,3.9237158171135));
#10093=CARTESIAN_POINT('Ctrl Pts',(79.1634804968793,-52.1015964203876,3.92337471575927));
#10094=CARTESIAN_POINT('Ctrl Pts',(79.1461603307978,-52.0845620704517,3.92304089074078));
#10095=CARTESIAN_POINT('Ctrl Pts',(79.1439965851392,-52.0824340307697,3.92299918718949));
#10096=CARTESIAN_POINT('Ctrl Pts',(79.1418388523023,-52.0803002384198,3.92295760664477));
#10097=CARTESIAN_POINT('Ctrl Pts',(79.1396871598478,-52.0781607063109,3.92291615000916));
#10098=CARTESIAN_POINT('Ctrl Pts',(79.0928499405543,-52.0315881887753,3.92201373780371));
#10099=CARTESIAN_POINT('Ctrl Pts',(79.048872021438,-51.9822994503497,3.9211698731038));
#10100=CARTESIAN_POINT('Ctrl Pts',(79.0078667284665,-51.9306329006918,3.92038394947535));
#10101=CARTESIAN_POINT('Ctrl Pts',(78.9662226040771,-51.878161425309,3.91958578175182));
#10102=CARTESIAN_POINT('Ctrl Pts',(78.9276438772347,-51.8232366383678,3.91884737054499));
#10103=CARTESIAN_POINT('Ctrl Pts',(78.8922891304167,-51.7661777250137,3.91817015079066));
#10104=CARTESIAN_POINT('Ctrl Pts',(78.8739187587329,-51.7365298406268,3.91781826653979));
#10105=CARTESIAN_POINT('Ctrl Pts',(78.8564195183578,-51.7063052754038,3.91748293721544));
#10106=CARTESIAN_POINT('Ctrl Pts',(78.8398186077545,-51.6755462941403,3.91716458526671));
#10107=CARTESIAN_POINT('Ctrl Pts',(78.8078874797681,-51.6163827343259,3.91655224916887));
#10108=CARTESIAN_POINT('Ctrl Pts',(78.7794148179635,-51.5554986977364,3.91600525639773));
#10109=CARTESIAN_POINT('Ctrl Pts',(78.7545407963367,-51.493222686463,3.91552653159978));
#10110=CARTESIAN_POINT('Ctrl Pts',(78.7298924297883,-51.4315116380418,3.91505214975382));
#10111=CARTESIAN_POINT('Ctrl Pts',(78.7087773130808,-51.368432811761,3.91464480725703));
#10112=CARTESIAN_POINT('Ctrl Pts',(78.6913775984601,-51.3042848421532,3.91430935105083));
#10113=CARTESIAN_POINT('Ctrl Pts',(78.6815459417012,-51.2680382235899,3.9141198025238));
#10114=CARTESIAN_POINT('Ctrl Pts',(78.6729013938401,-51.2314499477782,3.91395324164698));
#10115=CARTESIAN_POINT('Ctrl Pts',(78.6654841105662,-51.1945725935625,3.9138108224351));
#10116=CARTESIAN_POINT('',(94.4012303518826,-52.5831269369116,4.21595258558378));
#10117=CARTESIAN_POINT('',(79.6371645261382,-52.5831269368933,3.93246803954298));
#10118=CARTESIAN_POINT('',(96.1654842131195,-54.0279061034482,4.24982799028987));
#10119=CARTESIAN_POINT('Ctrl Pts',(94.4012303518826,-52.5831269369116,4.21595258558388));
#10120=CARTESIAN_POINT('Ctrl Pts',(94.7540166773444,-52.583126936912,4.22272642908358));
#10121=CARTESIAN_POINT('Ctrl Pts',(95.578027731252,-52.8318603704087,4.23854824959742));
#10122=CARTESIAN_POINT('Ctrl Pts',(96.0727223843064,-53.566710175206,4.24804687218587));
#10123=CARTESIAN_POINT('Ctrl Pts',(96.1654842131195,-54.0279061034482,4.24982799028987));
#10124=CARTESIAN_POINT('',(97.8608809482646,-55.4164609368997,4.2823812706322));
#10125=CARTESIAN_POINT('Ctrl Pts',(97.8608809482652,-55.4164609368997,4.28238127063191));
#10126=CARTESIAN_POINT('Ctrl Pts',(97.7949527213748,-55.4164608770055,4.28111538569585));
#10127=CARTESIAN_POINT('Ctrl Pts',(97.7292690196235,-55.4124931402058,4.27985893812762));
#10128=CARTESIAN_POINT('Ctrl Pts',(97.6641096169356,-55.4047670794079,4.27861391245435));
#10129=CARTESIAN_POINT('Ctrl Pts',(97.5977676799778,-55.3969008035177,4.27734629164568));
#10130=CARTESIAN_POINT('Ctrl Pts',(97.5319683527962,-55.3851383016559,4.27609048469873));
#10131=CARTESIAN_POINT('Ctrl Pts',(97.4670075630796,-55.3696459849524,4.27484965684479));
#10132=CARTESIAN_POINT('Ctrl Pts',(97.4016642398752,-55.3540624389094,4.27360152214917));
#10133=CARTESIAN_POINT('Ctrl Pts',(97.337168409503,-55.33470466912,4.27236851708328));
#10134=CARTESIAN_POINT('Ctrl Pts',(97.2738358660075,-55.3116920738523,4.27115533360039));
#10135=CARTESIAN_POINT('Ctrl Pts',(97.2506942185431,-55.3032832947708,4.27071203758035));
#10136=CARTESIAN_POINT('Ctrl Pts',(97.22770810045,-55.2943860831222,4.27027140416526));
#10137=CARTESIAN_POINT('Ctrl Pts',(97.2048937897548,-55.2850047544978,4.26983372170599));
#10138=CARTESIAN_POINT('Ctrl Pts',(97.1424440252848,-55.259325181232,4.26863565059793));
#10139=CARTESIAN_POINT('Ctrl Pts',(97.0816342740329,-55.2301673122036,4.26746632953517));
#10140=CARTESIAN_POINT('Ctrl Pts',(97.0227596010554,-55.1977061762605,4.26633183071854));
#10141=CARTESIAN_POINT('Ctrl Pts',(96.9639669778498,-55.1652902792745,4.26519891297854));
#10142=CARTESIAN_POINT('Ctrl Pts',(96.907103116443,-55.1295798749118,4.26410069660314));
#10143=CARTESIAN_POINT('Ctrl Pts',(96.852481521632,-55.0907014784111,4.26304483323873));
#10144=CARTESIAN_POINT('Ctrl Pts',(96.7991315682275,-55.0527282070533,4.26201355135311));
#10145=CARTESIAN_POINT('Ctrl Pts',(96.7479199481275,-55.0117322107785,4.26102265744919));
#10146=CARTESIAN_POINT('Ctrl Pts',(96.6991696977397,-54.9677931014534,4.26008109612216));
#10147=CARTESIAN_POINT('Ctrl Pts',(96.681160482202,-54.9515612075846,4.259733266506));
#10148=CARTESIAN_POINT('Ctrl Pts',(96.663487533227,-54.9349273241591,4.25939218862406));
#10149=CARTESIAN_POINT('Ctrl Pts',(96.6461685497594,-54.917894308427,4.25905838497985));
#10150=CARTESIAN_POINT('Ctrl Pts',(96.6440036387661,-54.9157651440291,4.25901665879076));
#10151=CARTESIAN_POINT('Ctrl Pts',(96.6418447467136,-54.9136302211081,4.2589750557235));
#10152=CARTESIAN_POINT('Ctrl Pts',(96.639691901203,-54.9114895525971,4.25893357668185));
#10153=CARTESIAN_POINT('Ctrl Pts',(96.5928539235256,-54.8649165015179,4.25803114572843));
#10154=CARTESIAN_POINT('Ctrl Pts',(96.5488751891923,-54.8156272940208,4.25718725645567));
#10155=CARTESIAN_POINT('Ctrl Pts',(96.5078690870991,-54.7639602931233,4.25640130558694));
#10156=CARTESIAN_POINT('Ctrl Pts',(96.4662247644373,-54.7114891450135,4.2556031221483));
#10157=CARTESIAN_POINT('Ctrl Pts',(96.4276457537706,-54.6565647771978,4.25486469068396));
#10158=CARTESIAN_POINT('Ctrl Pts',(96.3922906970938,-54.5995063116656,4.25418744939739));
#10159=CARTESIAN_POINT('Ctrl Pts',(96.3739212113412,-54.5698603495835,4.25383557401281));
#10160=CARTESIAN_POINT('Ctrl Pts',(96.3564227506054,-54.5396377801468,4.25350025132449));
#10161=CARTESIAN_POINT('Ctrl Pts',(96.3398225169818,-54.5088808521131,4.25318190416449));
#10162=CARTESIAN_POINT('Ctrl Pts',(96.3078908144761,-54.4497177645189,4.25256954128834));
#10163=CARTESIAN_POINT('Ctrl Pts',(96.2794175921917,-54.3888341796813,4.25202252241613));
#10164=CARTESIAN_POINT('Ctrl Pts',(96.2545430825579,-54.3265585395449,4.25154377539571));
#10165=CARTESIAN_POINT('Ctrl Pts',(96.2298945419998,-54.2648486339316,4.25106937748702));
#10166=CARTESIAN_POINT('Ctrl Pts',(96.2087792336698,-54.2017709057621,4.25066202104913));
#10167=CARTESIAN_POINT('Ctrl Pts',(96.19137936013,-54.1376239190399,4.2503265559817));
#10168=CARTESIAN_POINT('Ctrl Pts',(96.1815469817365,-54.1013755264978,4.250136990266));
#10169=CARTESIAN_POINT('Ctrl Pts',(96.172901875186,-54.0647853959902,4.24997041677461));
#10170=CARTESIAN_POINT('Ctrl Pts',(96.1654842131194,-54.027906103449,4.24982799028937));
#10171=CARTESIAN_POINT('',(88.3871645261362,-55.416460936888,4.1004766224855));
#10172=CARTESIAN_POINT('',(96.4012303518423,-128.582438209611,4.25435454739847));
#10173=CARTESIAN_POINT('',(83.0012303518423,-128.582438209595,3.99706140323489));
#10174=CARTESIAN_POINT('',(73.9371645260712,-128.582438209584,3.82302244836721));
#10175=CARTESIAN_POINT('',(81.2016416119947,-126.782782573243,3.96250753419932));
#10176=CARTESIAN_POINT('Ctrl Pts',(83.0012303518423,-128.582438209595,3.99706140323481));
#10177=CARTESIAN_POINT('Ctrl Pts',(82.5974185917156,-128.582438209594,3.9893078213383));
#10178=CARTESIAN_POINT('Ctrl Pts',(81.6533748290625,-128.253589560274,3.97118125507553));
#10179=CARTESIAN_POINT('Ctrl Pts',(81.201641611994,-127.32125829957,3.96250753419922));
#10180=CARTESIAN_POINT('Ctrl Pts',(81.2016416119947,-126.782782573243,3.96250753419924));
#10181=CARTESIAN_POINT('',(81.2016416120123,-113.382782573243,3.96250753419966));
#10182=CARTESIAN_POINT('',(81.201641612008,-116.695956397047,3.96250753419895));
#10183=CARTESIAN_POINT('',(83.0012303518639,-111.583126936896,3.99706140323531));
#10184=CARTESIAN_POINT('Ctrl Pts',(81.2016416120123,-113.382782573243,3.96250753419965));
#10185=CARTESIAN_POINT('Ctrl Pts',(81.2016416120129,-112.844306846916,3.96250753419967));
#10186=CARTESIAN_POINT('Ctrl Pts',(81.6533535696795,-111.911957867897,3.97118084687462));
#10187=CARTESIAN_POINT('Ctrl Pts',(82.5974185917373,-111.583126936895,3.98930782133882));
#10188=CARTESIAN_POINT('Ctrl Pts',(83.0012303518639,-111.583126936896,3.99706140323533));
#10189=CARTESIAN_POINT('',(96.401230351864,-111.583126936912,4.25435454739889));
#10190=CARTESIAN_POINT('',(80.6371645260926,-111.583126936893,3.95166902044947));
#10191=CARTESIAN_POINT('',(98.2008190917119,-113.382782573265,4.28890841643447));
#10192=CARTESIAN_POINT('Ctrl Pts',(96.401230351864,-111.583126936912,4.25435454739898));
#10193=CARTESIAN_POINT('Ctrl Pts',(96.8050421119907,-111.583126936913,4.26210812929549));
#10194=CARTESIAN_POINT('Ctrl Pts',(97.7490855355889,-111.911975868814,4.28023468904807));
#10195=CARTESIAN_POINT('Ctrl Pts',(98.2008190917125,-112.844306846937,4.28890841643458));
#10196=CARTESIAN_POINT('Ctrl Pts',(98.2008190917118,-113.382782573265,4.28890841643456));
#10197=CARTESIAN_POINT('',(98.2008190916939,-126.782782573265,4.28890841643412));
#10198=CARTESIAN_POINT('',(98.2008190916985,-123.39595639707,4.28890841643345));
#10199=CARTESIAN_POINT('Ctrl Pts',(98.2008190916939,-126.782782573265,4.28890841643414));
#10200=CARTESIAN_POINT('Ctrl Pts',(98.2008190916934,-127.18663936801,4.28890841643412));
#10201=CARTESIAN_POINT('Ctrl Pts',(97.8718977048212,-128.130755247718,4.28259280316464));
#10202=CARTESIAN_POINT('Ctrl Pts',(96.939646032011,-128.582438209612,4.2646926565938));
#10203=CARTESIAN_POINT('Ctrl Pts',(96.4012303518423,-128.582438209611,4.25435454739846));
#10204=CARTESIAN_POINT('',(59.3045252774725,-88.9842877025924,3.54206142152583));
#10205=CARTESIAN_POINT('',(59.6618643246665,-93.068685748142,3.54892268174859));
#10206=CARTESIAN_POINT('',(60.8512006393043,-106.662862185576,3.57175910561837));
#10207=CARTESIAN_POINT('',(60.829751277467,-106.417694702573,3.57134725683169));
#10208=CARTESIAN_POINT('',(61.4351441293638,-113.337366663581,3.58297139342215));
#10209=CARTESIAN_POINT('',(59.1938497305372,-108.367358722923,3.53993634246217));
#10210=CARTESIAN_POINT('Ctrl Pts',(60.8297512774669,-106.417694702573,3.57134725683179));
#10211=CARTESIAN_POINT('Ctrl Pts',(60.8649496865475,-106.820014359344,3.57202310081253));
#10212=CARTESIAN_POINT('Ctrl Pts',(60.6196362593565,-107.789284860294,3.56731284238062));
#10213=CARTESIAN_POINT('Ctrl Pts',(59.7302170306654,-108.320432664677,3.55023512075154));
#10214=CARTESIAN_POINT('Ctrl Pts',(59.1938497305372,-108.367358722923,3.53993634246225));
#10215=CARTESIAN_POINT('',(45.8448407761065,-109.535245675725,3.28362227639104));
#10216=CARTESIAN_POINT('',(54.8321992318864,-108.748953695812,3.45618837451096));
#10217=CARTESIAN_POINT('',(43.8952618127999,-107.899293877082,3.24618844793848));
#10218=CARTESIAN_POINT('Ctrl Pts',(45.8448407761065,-109.535245675725,3.28362227639104));
#10219=CARTESIAN_POINT('Ctrl Pts',(45.4425653010103,-109.57044021941,3.27589819267407));
#10220=CARTESIAN_POINT('Ctrl Pts',(44.4733808316675,-109.325201396708,3.25728890018214));
#10221=CARTESIAN_POINT('Ctrl Pts',(43.9421930249076,-108.43572008611,3.24708957324613));
#10222=CARTESIAN_POINT('Ctrl Pts',(43.8952618127999,-107.899293877082,3.24618844793848));
#10223=CARTESIAN_POINT('',(42.7273748599992,-94.5502849226506,3.22376387285537));
#10224=CARTESIAN_POINT('',(43.9167338883977,-108.144720824218,3.24660073285172));
#10225=CARTESIAN_POINT('',(42.3700358128054,-90.4658868771011,3.21690261263261));
#10226=CARTESIAN_POINT('',(43.7380646084451,-106.102521765358,3.24317010741857));
#10227=CARTESIAN_POINT('',(41.2021488600047,-77.1168779226701,3.1944780375495));
#10228=CARTESIAN_POINT('',(43.1541206299364,-99.4280173468486,3.23195781023608));
#10229=CARTESIAN_POINT('',(40.8448108128108,-73.0324788771006,3.18761679652772));
#10230=CARTESIAN_POINT('',(42.9754518402135,-97.3858177888337,3.22852719421582));
#10231=CARTESIAN_POINT('',(39.6769238600101,-59.6834699226697,3.16519222144461));
#10232=CARTESIAN_POINT('',(42.3915084110884,-90.711313322242,3.21731490758204));
#10233=CARTESIAN_POINT('',(41.3128254069398,-57.7338059023188,3.19660313581413));
#10234=CARTESIAN_POINT('Ctrl Pts',(39.6769238600101,-59.6834699226697,3.16519222144461));
#10235=CARTESIAN_POINT('Ctrl Pts',(39.6417254509295,-59.2811502658985,3.16451637746387));
#10236=CARTESIAN_POINT('Ctrl Pts',(39.8868711020928,-58.3117106866,3.16922341443148));
#10237=CARTESIAN_POINT('Ctrl Pts',(40.7764581068115,-57.7807319605653,3.18630435752486));
#10238=CARTESIAN_POINT('Ctrl Pts',(41.3128254069398,-57.7338059023188,3.19660313581415));
#10239=CARTESIAN_POINT('',(54.6618343613707,-56.5659189495169,3.45291720188527));
#10240=CARTESIAN_POINT('',(56.9755055274824,-56.3634989513582,3.49734195777242));
#10241=CARTESIAN_POINT('',(56.6114133246774,-58.201870748161,3.49035103033783));
#10242=CARTESIAN_POINT('Ctrl Pts',(54.6618343613707,-56.5659189495169,3.45291720188537));
#10243=CARTESIAN_POINT('Ctrl Pts',(55.1982016614991,-56.5189928912703,3.46321598017467));
#10244=CARTESIAN_POINT('Ctrl Pts',(56.166414342302,-56.8874858561103,3.48180661337339));
#10245=CARTESIAN_POINT('Ctrl Pts',(56.5762149155968,-57.7995510913897,3.4896751863572));
#10246=CARTESIAN_POINT('Ctrl Pts',(56.6114133246774,-58.201870748161,3.49035103033793));
#10247=CARTESIAN_POINT('',(57.7793002774779,-71.550879702592,3.51277560542094));
#10248=CARTESIAN_POINT('',(59.9099186520541,-95.9039591616049,3.55368556815246));
#10249=CARTESIAN_POINT('',(58.136638324672,-75.6352787481615,3.51963684644272));
#10250=CARTESIAN_POINT('',(60.0885879098917,-97.9461586619036,3.55711619316098));
#10251=CARTESIAN_POINT('',(60.6725308709025,-104.620663186212,3.56832847080651));
#10252=CARTESIAN_POINT('',(21.8800324965487,-100.772558238652,2.82347445015786));
#10253=CARTESIAN_POINT('',(20.8188747009161,-96.8122623109673,2.80309917958383));
#10254=CARTESIAN_POINT('',(25.1944553941691,-113.142153228264,2.88711462093493));
#10255=CARTESIAN_POINT('',(17.3506994965538,-83.8688562386906,2.73650681370021));
#10256=CARTESIAN_POINT('',(23.4603682403563,-106.670450408058,2.85381844660228));
#10257=CARTESIAN_POINT('',(18.6232127205953,-81.6647167426565,2.76094031581986));
#10258=CARTESIAN_POINT('Ctrl Pts',(17.3506994965538,-83.8688562386906,2.73650681370027));
#10259=CARTESIAN_POINT('Ctrl Pts',(17.2461744477074,-83.4787634457309,2.73449983023299));
#10260=CARTESIAN_POINT('Ctrl Pts',(17.3192570397582,-82.4814770733454,2.73590308768765));
#10261=CARTESIAN_POINT('Ctrl Pts',(18.1031392262389,-81.8040700154737,2.75095439458418));
#10262=CARTESIAN_POINT('Ctrl Pts',(18.6232127205953,-81.6647167426565,2.76094031581994));
#10263=CARTESIAN_POINT('',(31.5666187928712,-78.1965415382917,3.00946640869462));
#10264=CARTESIAN_POINT('',(41.8799104334762,-75.4331033718926,3.20749172458157));
#10265=CARTESIAN_POINT('',(33.7706353921892,-79.4690784138181,3.05178568933844));
#10266=CARTESIAN_POINT('Ctrl Pts',(31.5666187928712,-78.1965415382917,3.00946640869477));
#10267=CARTESIAN_POINT('Ctrl Pts',(32.086692287228,-78.0571882654744,3.01945232993053));
#10268=CARTESIAN_POINT('Ctrl Pts',(33.1041722559063,-78.251948653012,3.03898894338312));
#10269=CARTESIAN_POINT('Ctrl Pts',(33.6661103433426,-79.078985620858,3.04977870587131));
#10270=CARTESIAN_POINT('Ctrl Pts',(33.7706353921892,-79.4690784138181,3.05178568933859));
#10271=CARTESIAN_POINT('',(37.2388105965509,-92.4124844860948,3.11837805522205));
#10272=CARTESIAN_POINT('',(41.6141976414138,-108.741651240362,3.20238977833404));
#10273=CARTESIAN_POINT('',(38.2999683921839,-96.3727804137795,3.13875332579609));
#10274=CARTESIAN_POINT('',(42.1447762269221,-110.721799120296,3.21257740762442));
#10275=CARTESIAN_POINT('',(41.7681435965457,-109.316186486057,3.2053456916797));
#10276=CARTESIAN_POINT('',(43.8788640014746,-117.193502277853,3.24587359387588));
#10277=CARTESIAN_POINT('',(42.829301392178,-113.276482413781,3.22572096225372));
#10278=CARTESIAN_POINT('',(44.4094427269193,-119.173650120297,3.25606122585317));
#10279=CARTESIAN_POINT('',(46.2974765965408,-126.219888486058,3.29231332813735));
#10280=CARTESIAN_POINT('',(46.143530361531,-125.645353315365,3.28935740941763));
#10281=CARTESIAN_POINT('',(45.0249633724993,-128.424027982092,3.2678798260177));
#10282=CARTESIAN_POINT('Ctrl Pts',(46.2974765965408,-126.219888486058,3.29231332813736));
#10283=CARTESIAN_POINT('Ctrl Pts',(46.4368433283359,-126.740012210004,3.29498930609373));
#10284=CARTESIAN_POINT('Ctrl Pts',(46.2418720956352,-127.757546398143,3.29124566717707));
#10285=CARTESIAN_POINT('Ctrl Pts',(45.4150184932666,-128.319513027479,3.2753692669445));
#10286=CARTESIAN_POINT('Ctrl Pts',(45.0249633724993,-128.424027982092,3.26787982601768));
#10287=CARTESIAN_POINT('',(32.0815573002232,-131.892203186457,3.01935373314294));
#10288=CARTESIAN_POINT('',(48.8642706404859,-127.395288700143,3.34159829156871));
#10289=CARTESIAN_POINT('',(29.8775407009056,-130.61966631093,2.97703445249912));
#10290=CARTESIAN_POINT('Ctrl Pts',(32.0815573002232,-131.892203186457,3.01935373314283));
#10291=CARTESIAN_POINT('Ctrl Pts',(31.6915021794556,-131.99671814107,3.011864292216));
#10292=CARTESIAN_POINT('Ctrl Pts',(30.6944783023107,-131.923481963954,2.99272045578639));
#10293=CARTESIAN_POINT('Ctrl Pts',(30.0169074327008,-131.139790034877,2.97971043045538));
#10294=CARTESIAN_POINT('Ctrl Pts',(29.8775407009056,-130.61966631093,2.97703445249901));
#10295=CARTESIAN_POINT('',(26.409365496543,-117.676260238654,2.9104420866155));
#10296=CARTESIAN_POINT('',(27.9897009604723,-123.574152483061,2.94078607768585));
#10297=CARTESIAN_POINT('',(25.3482077009109,-113.715964310929,2.89006681604148));
#10298=CARTESIAN_POINT('',(27.4591218840047,-121.594004230968,2.93059843896857));
#10299=CARTESIAN_POINT('',(25.7250346004169,-115.122301445549,2.89730226214411));
#10300=CARTESIAN_POINT('Origin',(113.700819091712,-70.6161165732693,4.58652362050428));
#10301=CARTESIAN_POINT('',(113.700819091701,-105.616115573269,4.58652362050406));
#10302=CARTESIAN_POINT('Origin',(113.700819091712,-70.6161165732693,4.58652362050428));
#10303=CARTESIAN_POINT('Origin',(130.458879642372,-60.571399672174,5.665));
#10304=CARTESIAN_POINT('',(129.958879642372,-60.571399672174,6.1));
#10305=CARTESIAN_POINT('',(117.558879642372,-60.571399672174,6.1));
#10306=CARTESIAN_POINT('',(127.112050490097,-60.571399672174,6.1));
#10307=CARTESIAN_POINT('',(129.958879642372,-60.571399672174,6.8));
#10308=CARTESIAN_POINT('',(129.958879642372,-60.571399672174,5.665));
#10309=CARTESIAN_POINT('',(117.558879642372,-60.571399672174,6.8));
#10310=CARTESIAN_POINT('',(127.902481504889,-60.571399672174,6.8));
#10311=CARTESIAN_POINT('',(117.558879642372,-60.571399672174,6.1));
#10312=CARTESIAN_POINT('Origin',(123.765221337822,-73.4544999500591,6.1));
#10313=CARTESIAN_POINT('',(116.389488734923,-91.5661152263601,6.1));
#10314=CARTESIAN_POINT('',(116.389488734923,-88.8999047736399,6.1));
#10315=CARTESIAN_POINT('Origin',(114.702678,-90.23301,6.1));
#10316=CARTESIAN_POINT('',(116.389488734923,-56.5613819674745,6.1));
#10317=CARTESIAN_POINT('',(116.389488734923,-60.3406067896772,6.1));
#10318=CARTESIAN_POINT('',(116.849003834465,-55.2329389686631,6.1));
#10319=CARTESIAN_POINT('Origin',(114.699003834465,-55.2329389685755,6.1));
#10320=CARTESIAN_POINT('',(116.849003834519,-53.9000021276277,6.1));
#10321=CARTESIAN_POINT('',(116.849003834121,-63.6806800627927,6.1));
#10322=CARTESIAN_POINT('',(130.702684721611,-53.9000021276276,6.1));
#10323=CARTESIAN_POINT('',(127.707643294434,-53.9000021276276,6.1));
#10324=CARTESIAN_POINT('',(133.035714999593,-56.23303240561,6.1));
#10325=CARTESIAN_POINT('Origin',(130.702684721611,-56.23303240561,6.1));
#10326=CARTESIAN_POINT('',(133.035714999593,-90.6759674945083,6.1));
#10327=CARTESIAN_POINT('',(133.035714999593,-82.0652337222837,6.1));
#10328=CARTESIAN_POINT('',(130.702684721611,-93.0089977724906,6.1));
#10329=CARTESIAN_POINT('Origin',(130.702684721611,-90.6759674945083,6.1));
#10330=CARTESIAN_POINT('',(116.827757954033,-93.0089977724906,6.1));
#10331=CARTESIAN_POINT('',(120.770179910646,-93.0089977724906,6.1));
#10332=CARTESIAN_POINT('',(116.38948873501,-92.9674627202591,6.1));
#10333=CARTESIAN_POINT('Origin',(116.827757954033,-90.6759674945083,6.1));
#10334=CARTESIAN_POINT('',(116.389488734923,-60.3406067896772,6.1));
#10335=CARTESIAN_POINT('',(129.958879642372,-87.471399672174,6.1));
#10336=CARTESIAN_POINT('',(129.958879642372,-67.5879498111166,6.1));
#10337=CARTESIAN_POINT('',(117.558879642372,-87.471399672174,6.1));
#10338=CARTESIAN_POINT('',(117.558879642372,-67.5879498111166,6.1));
#10339=CARTESIAN_POINT('',(120.412050490097,-87.471399672174,6.1));
#10340=CARTESIAN_POINT('Origin',(117.058879642372,-87.471399672174,5.665));
#10341=CARTESIAN_POINT('',(129.958879642372,-87.471399672174,6.8));
#10342=CARTESIAN_POINT('',(117.558879642372,-87.471399672174,6.8));
#10343=CARTESIAN_POINT('',(121.202481504889,-87.471399672174,6.8));
#10344=CARTESIAN_POINT('',(129.958879642372,-87.471399672174,5.665));
#10345=CARTESIAN_POINT('',(117.558879642372,-87.471399672174,6.8));
#10346=CARTESIAN_POINT('Origin',(117.558879642372,-74.021399672174,6.45));
#10347=CARTESIAN_POINT('',(117.558879642372,-67.0475115144686,6.8));
#10348=CARTESIAN_POINT('Origin',(129.958879642372,-87.821399672174,5.665));
#10349=CARTESIAN_POINT('',(129.958879642372,-67.0475115144686,6.8));
#10350=CARTESIAN_POINT('Ctrl Pts',(80.4391776537857,-52.5399736304576,1.7));
#10351=CARTESIAN_POINT('Ctrl Pts',(80.4130212296363,-52.5544223598411,2.45213601742496));
#10352=CARTESIAN_POINT('Ctrl Pts',(80.3868059781207,-52.5688710716521,3.20426998994416));
#10353=CARTESIAN_POINT('Ctrl Pts',(80.3605300798986,-52.5833197651427,3.95640184367653));
#10354=CARTESIAN_POINT('Ctrl Pts',(79.9906127076939,-52.5398395571183,1.68440319632703));
#10355=CARTESIAN_POINT('Ctrl Pts',(79.9633644428158,-52.554317333124,2.43647720775004));
#10356=CARTESIAN_POINT('Ctrl Pts',(79.9360857355476,-52.5687043126703,3.18855156148225));
#10357=CARTESIAN_POINT('Ctrl Pts',(79.9086929312012,-52.583183334741,3.94061943048374));
#10358=CARTESIAN_POINT('Ctrl Pts',(79.2104198341057,-52.2178032329895,1.66345746356601));
#10359=CARTESIAN_POINT('Ctrl Pts',(79.1813591439912,-52.23061967525,2.41545970433828));
#10360=CARTESIAN_POINT('Ctrl Pts',(79.1521972138426,-52.2434329890867,3.16745701271245));
#10361=CARTESIAN_POINT('Ctrl Pts',(79.1229533082891,-52.2561980696908,3.91945092869643));
#10362=CARTESIAN_POINT('Ctrl Pts',(78.8170728346589,-51.497474415676,1.66361605880722));
#10363=CARTESIAN_POINT('Ctrl Pts',(78.7888243263185,-51.5073901251007,2.41568168815613));
#10364=CARTESIAN_POINT('Ctrl Pts',(78.7605367935803,-51.5172624290937,3.16774531610505));
#10365=CARTESIAN_POINT('Ctrl Pts',(78.7321594090801,-51.5270559958786,3.91980550697));
#10366=CARTESIAN_POINT('Ctrl Pts',(78.7472412913022,-51.168193191615,1.66751316220686));
#10367=CARTESIAN_POINT('Ctrl Pts',(78.7199116192945,-51.1770934760755,2.41962665212209));
#10368=CARTESIAN_POINT('Ctrl Pts',(78.6925373782044,-51.185926431967,3.17173837090461));
#10369=CARTESIAN_POINT('Ctrl Pts',(78.6651181842942,-51.1946895478171,3.9238482722383));
#10370=CARTESIAN_POINT('Ctrl Pts',(78.6654841105662,-51.1945725935625,3.91381082243541));
#10371=CARTESIAN_POINT('Ctrl Pts',(78.692386153609,-51.1859740229959,3.17587561643244));
#10372=CARTESIAN_POINT('Ctrl Pts',(78.7192449239233,-51.1773082308305,2.43793866103888));
#10373=CARTESIAN_POINT('Ctrl Pts',(78.7460607839567,-51.1685775891999,1.7000000000012));
#10374=CARTESIAN_POINT('Ctrl Pts',(80.4391776537857,-52.5399736304576,1.7));
#10375=CARTESIAN_POINT('Ctrl Pts',(80.4131375884252,-52.554358083599,2.44879008468054));
#10376=CARTESIAN_POINT('Ctrl Pts',(80.38703921793,-52.5687425193238,3.19757814260869));
#10377=CARTESIAN_POINT('Ctrl Pts',(80.3608807471325,-52.5831269368942,3.94636410088499));
#10378=CARTESIAN_POINT('Ctrl Pts',(76.9012303518834,-49.7497939369061,3.87993541969863));
#10379=CARTESIAN_POINT('Ctrl Pts',(76.9154041417087,-49.7356175345418,3.14175491249882));
#10380=CARTESIAN_POINT('Ctrl Pts',(76.9295779315339,-49.7214411321775,2.40357440529902));
#10381=CARTESIAN_POINT('Ctrl Pts',(76.9437517213591,-49.7072647298132,1.66539389809921));
#10382=CARTESIAN_POINT('Ctrl Pts',(77.2540166030543,-49.7497939369065,3.88670926177187));
#10383=CARTESIAN_POINT('Ctrl Pts',(77.2709649385905,-49.7356116834697,3.14858202857129));
#10384=CARTESIAN_POINT('Ctrl Pts',(77.2879241787446,-49.7214469832504,2.41045500475007));
#10385=CARTESIAN_POINT('Ctrl Pts',(77.3048725142809,-49.7072647298136,1.67232777154949));
#10386=CARTESIAN_POINT('Ctrl Pts',(78.0780419184603,-49.9985065106545,3.90253135612047));
#10387=CARTESIAN_POINT('Ctrl Pts',(78.1014768058155,-49.9862930012633,3.16452867107752));
#10388=CARTESIAN_POINT('Ctrl Pts',(78.1249307984125,-49.9740659764106,2.42652635287396));
#10389=CARTESIAN_POINT('Ctrl Pts',(78.1483656857677,-49.9618524670194,1.68852366783101));
#10390=CARTESIAN_POINT('Ctrl Pts',(78.5727221680094,-50.7333767892525,3.91202970214749));
#10391=CARTESIAN_POINT('Ctrl Pts',(78.6000850005753,-50.7269329188807,3.17410243750554));
#10392=CARTESIAN_POINT('Ctrl Pts',(78.6273745054495,-50.720532740674,2.43617376489998));
#10393=CARTESIAN_POINT('Ctrl Pts',(78.6547373380155,-50.7140888703022,1.69824650025804));
#10394=CARTESIAN_POINT('Ctrl Pts',(78.6654841105663,-51.1945725935619,3.91381082243549));
#10395=CARTESIAN_POINT('Ctrl Pts',(78.6935533079022,-51.1917767307334,3.17589712069));
#10396=CARTESIAN_POINT('Ctrl Pts',(78.7216225052382,-51.1889808679049,2.43798341894451));
#10397=CARTESIAN_POINT('Ctrl Pts',(78.7496917025741,-51.1861850050764,1.70006971719903));
#10398=CARTESIAN_POINT('',(76.9012303518834,-49.7497939369061,3.87993541969854));
#10399=CARTESIAN_POINT('Ctrl Pts',(97.9508593502239,-55.3668526542888,1.7));
#10400=CARTESIAN_POINT('Ctrl Pts',(97.9208278789777,-55.3834530480033,2.56414239338979));
#10401=CARTESIAN_POINT('Ctrl Pts',(97.8907191055207,-55.4000534186642,3.42828210162561));
#10402=CARTESIAN_POINT('Ctrl Pts',(97.8605302809972,-55.4166537651412,4.29241901306096));
#10403=CARTESIAN_POINT('Ctrl Pts',(97.5027753938648,-55.3667189248026,1.68443034320261));
#10404=CARTESIAN_POINT('Ctrl Pts',(97.4714936817063,-55.383352478569,2.5485018256305));
#10405=CARTESIAN_POINT('Ctrl Pts',(97.4401650943209,-55.3998821431476,3.41257319618791));
#10406=CARTESIAN_POINT('Ctrl Pts',(97.4086930372127,-55.4165173346706,4.27663659445089));
#10407=CARTESIAN_POINT('Ctrl Pts',(96.7234076041838,-55.0453966351285,1.66351771932675));
#10408=CARTESIAN_POINT('Ctrl Pts',(96.6900500502558,-55.0601302129641,2.52750710605524));
#10409=CARTESIAN_POINT('Ctrl Pts',(96.6565617543416,-55.0748558002714,3.39149018628754));
#10410=CARTESIAN_POINT('Ctrl Pts',(96.6229629354361,-55.089521814591,4.25546861864347));
#10411=CARTESIAN_POINT('Ctrl Pts',(96.329685069724,-54.3263718430379,1.66364735961231));
#10412=CARTESIAN_POINT('Ctrl Pts',(96.2972516626627,-54.3377845836238,2.52770909695433));
#10413=CARTESIAN_POINT('Ctrl Pts',(96.2647626865657,-54.3491376040138,3.39176809344584));
#10414=CARTESIAN_POINT('Ctrl Pts',(96.2321594297399,-54.3603895950547,4.25582267019619));
#10415=CARTESIAN_POINT('Ctrl Pts',(96.2594479783758,-53.997546031164,1.66752324254203));
#10416=CARTESIAN_POINT('Ctrl Pts',(96.2280636971487,-54.0077946952068,2.53163966065321));
#10417=CARTESIAN_POINT('Ctrl Pts',(96.1966206614611,-54.0179549690865,3.39575374974542));
#10418=CARTESIAN_POINT('Ctrl Pts',(96.1651182868315,-54.0280230576723,4.25986543973025));
#10419=CARTESIAN_POINT('Ctrl Pts',(96.1654842131194,-54.027906103449,4.2498279902898));
#10420=CARTESIAN_POINT('Ctrl Pts',(96.1964695000521,-54.0180024283726,3.39988762542804));
#10421=CARTESIAN_POINT('Ctrl Pts',(96.2273973805778,-54.0080095810839,2.54994493976642));
#10422=CARTESIAN_POINT('Ctrl Pts',(96.2582684108907,-53.9979311730398,1.70000000000128));
#10423=CARTESIAN_POINT('Ctrl Pts',(97.9508593502239,-55.3668526542888,1.7));
#10424=CARTESIAN_POINT('Ctrl Pts',(97.9209441599996,-55.3833887717403,2.56079645806281));
#10425=CARTESIAN_POINT('Ctrl Pts',(97.8909522650295,-55.3999248663163,3.42159025172506));
#10426=CARTESIAN_POINT('Ctrl Pts',(97.8608809482652,-55.4164609368997,4.28238127063213));
#10427=CARTESIAN_POINT('Origin',(111.901230351882,-55.4164609369171,4.55196975146904));
#10428=CARTESIAN_POINT('Ctrl Pts',(77.549490184665,-101.791817026549,1.66751247395072));
#10429=CARTESIAN_POINT('Ctrl Pts',(77.5467835263956,-101.777515460589,2.41243296711104));
#10430=CARTESIAN_POINT('Ctrl Pts',(77.5441345555536,-101.763213911851,3.15735367082607));
#10431=CARTESIAN_POINT('Ctrl Pts',(77.5415450383564,-101.748912381063,3.90227458107374));
#10432=CARTESIAN_POINT('Ctrl Pts',(77.9983562370261,-101.791951123477,1.66914599701758));
#10433=CARTESIAN_POINT('Ctrl Pts',(77.9967321067565,-101.777620794183,2.41404663751148));
#10434=CARTESIAN_POINT('Ctrl Pts',(77.9951373682202,-101.76338036193,3.15894877626281));
#10435=CARTESIAN_POINT('Ctrl Pts',(77.9936549975936,-101.749048811464,3.90384883904115));
#10436=CARTESIAN_POINT('Ctrl Pts',(78.7788148987545,-102.114057280556,1.67816582853533));
#10437=CARTESIAN_POINT('Ctrl Pts',(78.7789865222788,-102.101371882068,2.42306434139742));
#10438=CARTESIAN_POINT('Ctrl Pts',(78.7792569386011,-102.088689792434,3.16796183755957));
#10439=CARTESIAN_POINT('Ctrl Pts',(78.7796082748227,-102.076054726614,3.91285909046329));
#10440=CARTESIAN_POINT('Ctrl Pts',(79.1718597921247,-102.834454606971,1.69342470273285));
#10441=CARTESIAN_POINT('Ctrl Pts',(79.1712251575335,-102.824641097879,2.43835505981001));
#10442=CARTESIAN_POINT('Ctrl Pts',(79.170628562297,-102.814869967858,3.18328492199809));
#10443=CARTESIAN_POINT('Ctrl Pts',(79.1701203171056,-102.805176150422,3.92821480136173));
#10444=CARTESIAN_POINT('Ctrl Pts',(79.2414623919912,-103.163767022372,1.7));
#10445=CARTESIAN_POINT('Ctrl Pts',(79.2399167440044,-103.154958747006,2.44494278569658));
#10446=CARTESIAN_POINT('Ctrl Pts',(79.2384148001783,-103.146216460345,3.18988551345545));
#10447=CARTESIAN_POINT('Ctrl Pts',(79.2369569339842,-103.137542598504,3.93482815251243));
#10448=CARTESIAN_POINT('Ctrl Pts',(79.2369765931672,-103.137659552938,3.9247840386825));
#10449=CARTESIAN_POINT('Ctrl Pts',(79.2384283016037,-103.146295043587,3.18318943677393));
#10450=CARTESIAN_POINT('Ctrl Pts',(79.2399236906978,-103.154998334538,2.44159474709602));
#10451=CARTESIAN_POINT('Ctrl Pts',(79.2414623919912,-103.163767022372,1.7));
#10452=CARTESIAN_POINT('Ctrl Pts',(77.5493721782702,-101.791193305641,1.69999999999967));
#10453=CARTESIAN_POINT('Ctrl Pts',(77.5467186780373,-101.777163923484,2.43074338544929));
#10454=CARTESIAN_POINT('Ctrl Pts',(77.5441207150536,-101.76313455791,3.16148697345919));
#10455=CARTESIAN_POINT('Ctrl Pts',(77.5415799566009,-101.749105209606,3.89223076023259));
#10456=CARTESIAN_POINT('Ctrl Pts',(81.00123035185,-104.582438209594,3.95865944141941));
#10457=CARTESIAN_POINT('Ctrl Pts',(81.0156865107872,-104.596897033118,3.20577296094626));
#10458=CARTESIAN_POINT('Ctrl Pts',(81.0301426697244,-104.611355856641,2.45288648047311));
#10459=CARTESIAN_POINT('Ctrl Pts',(81.0445988286617,-104.625814680164,1.69999999999996));
#10460=CARTESIAN_POINT('Ctrl Pts',(80.6484441006791,-104.582438209594,3.95188559934617));
#10461=CARTESIAN_POINT('Ctrl Pts',(80.6600704396266,-104.596903000754,3.19894478355342));
#10462=CARTESIAN_POINT('Ctrl Pts',(80.6716856567154,-104.611349889003,2.44600375421008));
#10463=CARTESIAN_POINT('Ctrl Pts',(80.6833119956629,-104.625814680163,1.69306293841733));
#10464=CARTESIAN_POINT('Ctrl Pts',(79.8244512375001,-104.333678984372,3.93606412811216));
#10465=CARTESIAN_POINT('Ctrl Pts',(79.8294618000599,-104.346135810325,3.18299628292331));
#10466=CARTESIAN_POINT('Ctrl Pts',(79.8344536568779,-104.358605296328,2.42992807856585));
#10467=CARTESIAN_POINT('Ctrl Pts',(79.8394642194378,-104.371062122281,1.676860233377));
#10468=CARTESIAN_POINT('Ctrl Pts',(79.329738535724,-103.598855357248,3.92656515897055));
#10469=CARTESIAN_POINT('Ctrl Pts',(79.3307429008615,-103.605427601892,3.17342039086147));
#10470=CARTESIAN_POINT('Ctrl Pts',(79.3318220545191,-103.611955283939,2.42027705876535));
#10471=CARTESIAN_POINT('Ctrl Pts',(79.3328264196566,-103.618527528583,1.66713229065627));
#10472=CARTESIAN_POINT('Ctrl Pts',(79.2369765931671,-103.137659552938,3.92478403868255));
#10473=CARTESIAN_POINT('Ctrl Pts',(79.2372605213919,-103.140511114723,3.17162543747807));
#10474=CARTESIAN_POINT('Ctrl Pts',(79.2375444496167,-103.143362676509,2.41846683627359));
#10475=CARTESIAN_POINT('Ctrl Pts',(79.2378283778415,-103.146214238294,1.66530823506911));
#10476=CARTESIAN_POINT('',(81.00123035185,-104.582438209594,3.95865944141958));
#10477=CARTESIAN_POINT('Ctrl Pts',(95.0507149688192,-104.631600954824,1.66752254745384));
#10478=CARTESIAN_POINT('Ctrl Pts',(95.0475814382597,-104.615149073957,2.5244453330278));
#10479=CARTESIAN_POINT('Ctrl Pts',(95.0445239019088,-104.598697215741,3.38136839788448));
#10480=CARTESIAN_POINT('Ctrl Pts',(95.0415450383937,-104.582245381279,4.2382917359565));
#10481=CARTESIAN_POINT('Ctrl Pts',(95.4990994426808,-104.631734707923,1.6691647338503));
#10482=CARTESIAN_POINT('Ctrl Pts',(95.4972070388243,-104.615249949242,2.52606484790317));
#10483=CARTESIAN_POINT('Ctrl Pts',(95.4953602497681,-104.598868179423,3.38296663783841));
#10484=CARTESIAN_POINT('Ctrl Pts',(95.4936549976148,-104.582381811681,4.23986599392421));
#10485=CARTESIAN_POINT('Ctrl Pts',(96.2787365450154,-104.953122711082,1.67818591283584));
#10486=CARTESIAN_POINT('Ctrl Pts',(96.2789034612758,-104.938521526745,2.53508369201581));
#10487=CARTESIAN_POINT('Ctrl Pts',(96.279198491715,-104.923928397769,3.39198021462244));
#10488=CARTESIAN_POINT('Ctrl Pts',(96.2796026530198,-104.909393589267,4.2488763383555));
#10489=CARTESIAN_POINT('Ctrl Pts',(96.6721538799567,-105.672220459792,1.69343033853553));
#10490=CARTESIAN_POINT('Ctrl Pts',(96.6714022282039,-105.660911211897,2.55036461862507));
#10491=CARTESIAN_POINT('Ctrl Pts',(96.670704979404,-105.649660479902,3.40729830050681));
#10492=CARTESIAN_POINT('Ctrl Pts',(96.6701203171124,-105.63850915057,4.26423195624437));
#10493=CARTESIAN_POINT('Ctrl Pts',(96.7421625413278,-106.001077589646,1.7));
#10494=CARTESIAN_POINT('Ctrl Pts',(96.7403693901302,-105.990922179201,2.5569485221725));
#10495=CARTESIAN_POINT('Ctrl Pts',(96.7386339973665,-105.980853617164,3.41389697348296));
#10496=CARTESIAN_POINT('Ctrl Pts',(96.7369569340048,-105.970875598638,4.27084530739487));
#10497=CARTESIAN_POINT('Ctrl Pts',(96.7369765931664,-105.970992552943,4.26080120456783));
#10498=CARTESIAN_POINT('Ctrl Pts',(96.7386475583525,-105.980932292756,3.40720090401677));
#10499=CARTESIAN_POINT('Ctrl Pts',(96.7403763958403,-105.990961855645,2.55360048716309));
#10500=CARTESIAN_POINT('Ctrl Pts',(96.7421625413278,-106.001077589646,1.7));
#10501=CARTESIAN_POINT('Ctrl Pts',(95.0505962441146,-104.630977427036,1.69999999999962));
#10502=CARTESIAN_POINT('Ctrl Pts',(95.0475164318473,-104.614797665624,2.54274904058328));
#10503=CARTESIAN_POINT('Ctrl Pts',(95.0445101533764,-104.598617926132,3.38549835121311));
#10504=CARTESIAN_POINT('Ctrl Pts',(95.0415799565998,-104.582438209611,4.22824792611782));
#10505=CARTESIAN_POINT('Origin',(81.00123035185,-104.582438209594,3.95865944141958));
#10506=CARTESIAN_POINT('Origin',(20.8188746265816,-96.8122623308926,2.80309917815653));
#10507=CARTESIAN_POINT('Ctrl Pts',(20.8188747009161,-96.8122623109673,2.80309917958382));
#10508=CARTESIAN_POINT('Ctrl Pts',(20.819115269782,-96.8140896243975,2.43539945305588));
#10509=CARTESIAN_POINT('Ctrl Pts',(20.8193558386479,-96.8159169378278,2.06769972652794));
#10510=CARTESIAN_POINT('Ctrl Pts',(20.8195964075139,-96.817744251258,1.7));
#10511=CARTESIAN_POINT('',(21.8800324965487,-100.772558238652,2.82347445015786));
#10512=CARTESIAN_POINT('Origin',(38.299968499301,-96.372780385067,3.13875332785284));
#10513=CARTESIAN_POINT('Ctrl Pts',(38.2999683921839,-96.3727804137795,3.13875332579624));
#10514=CARTESIAN_POINT('Ctrl Pts',(38.318077943039,-96.3703953821707,2.65916888386416));
#10515=CARTESIAN_POINT('Ctrl Pts',(38.3361874938941,-96.3680103505618,2.17958444193208));
#10516=CARTESIAN_POINT('Ctrl Pts',(38.3542970447491,-96.3656253189529,1.7));
#10517=CARTESIAN_POINT('',(37.2388105965509,-92.4124844860948,3.11837805522205));
#10518=CARTESIAN_POINT('Origin',(25.3482076062529,-113.715964336302,2.89006681422395));
#10519=CARTESIAN_POINT('Ctrl Pts',(25.3482077009109,-113.715964310929,2.89006681604147));
#10520=CARTESIAN_POINT('Ctrl Pts',(25.348467236073,-113.717935688585,2.49337787736098));
#10521=CARTESIAN_POINT('Ctrl Pts',(25.348726771235,-113.719907066242,2.09668893868049));
#10522=CARTESIAN_POINT('Ctrl Pts',(25.348986306397,-113.721878443899,1.7));
#10523=CARTESIAN_POINT('',(26.409365496543,-117.676260238654,2.9104420866155));
#10524=CARTESIAN_POINT('Origin',(42.8293014992953,-113.276482385068,3.22572096431048));
#10525=CARTESIAN_POINT('Ctrl Pts',(42.829301392178,-113.276482413781,3.22572096225378));
#10526=CARTESIAN_POINT('Ctrl Pts',(42.8485056024212,-113.273953215303,2.71714730816919));
#10527=CARTESIAN_POINT('Ctrl Pts',(42.8677098126643,-113.271424016826,2.20857365408459));
#10528=CARTESIAN_POINT('Ctrl Pts',(42.8869140229075,-113.268894818348,1.7));
#10529=CARTESIAN_POINT('',(41.7681435965457,-109.316186486057,3.2053456916797));
#10530=CARTESIAN_POINT('Origin',(42.370036339363,-90.4658868310163,3.21690262274304));
#10531=CARTESIAN_POINT('Ctrl Pts',(42.3700358128054,-90.4658868771011,3.21690261263254));
#10532=CARTESIAN_POINT('Ctrl Pts',(42.3700727572103,-90.4667330436837,2.71126840842169));
#10533=CARTESIAN_POINT('Ctrl Pts',(42.3701097016152,-90.4675792102663,2.20563420421085));
#10534=CARTESIAN_POINT('Ctrl Pts',(42.3701466460202,-90.4684253768489,1.7));
#10535=CARTESIAN_POINT('',(42.7273748599992,-94.5502849226506,3.22376387285537));
#10536=CARTESIAN_POINT('Origin',(59.6618643300821,-93.068685747668,3.54892268185254));
#10537=CARTESIAN_POINT('Ctrl Pts',(59.6618643246665,-93.068685748142,3.54892268174876));
#10538=CARTESIAN_POINT('Ctrl Pts',(59.6854953758052,-93.0676536145067,2.93261512116584));
#10539=CARTESIAN_POINT('Ctrl Pts',(59.709126426944,-93.0666214808715,2.31630756058292));
#10540=CARTESIAN_POINT('Ctrl Pts',(59.7327574780827,-93.0655893472362,1.7));
#10541=CARTESIAN_POINT('',(59.3045252774725,-88.9842877025924,3.54206142152583));
#10542=CARTESIAN_POINT('Origin',(40.8448108028999,-73.0324788779681,3.18761679633742));
#10543=CARTESIAN_POINT('Ctrl Pts',(40.8448108128108,-73.0324788771006,3.18761679652765));
#10544=CARTESIAN_POINT('Ctrl Pts',(40.844847043955,-73.0333087073155,2.69174453101843));
#10545=CARTESIAN_POINT('Ctrl Pts',(40.8448832750992,-73.0341385375304,2.19587226550922));
#10546=CARTESIAN_POINT('Ctrl Pts',(40.8449195062435,-73.0349683677453,1.7));
#10547=CARTESIAN_POINT('',(41.2021488600047,-77.1168779226701,3.1944780375495));
#10548=CARTESIAN_POINT('Origin',(58.136638871257,-75.6352787003239,3.51963685693768));
#10549=CARTESIAN_POINT('Ctrl Pts',(58.1366383246719,-75.6352787481615,3.51963684644282));
#10550=CARTESIAN_POINT('Ctrl Pts',(58.1598950740194,-75.634262962909,2.91309123096188));
#10551=CARTESIAN_POINT('Ctrl Pts',(58.1831518233668,-75.6332471776564,2.30654561548094));
#10552=CARTESIAN_POINT('Ctrl Pts',(58.2064085727143,-75.6322313924039,1.7));
#10553=CARTESIAN_POINT('',(57.7793002774779,-71.550879702592,3.51277560542094));
#10554=CARTESIAN_POINT('Origin',(118.572935839504,-130.667150055716,4.6));
#10555=CARTESIAN_POINT('',(124.236020546842,-118.522625709431,4.6));
#10556=CARTESIAN_POINT('',(124.236020546842,-118.522625709431,4.6));
#10557=CARTESIAN_POINT('',(118.572935839504,-130.667150055716,4.6));
#10558=CARTESIAN_POINT('',(121.913330647872,-123.503650271957,4.6));
#10559=CARTESIAN_POINT('',(118.572935839504,-130.667150055716,4.6));
#10560=CARTESIAN_POINT('Origin',(120.203977756711,-131.427717392484,4.6));
#10561=CARTESIAN_POINT('',(119.443410419943,-133.058759309691,4.6));
#10562=CARTESIAN_POINT('Origin',(120.203977756711,-131.427717392484,4.6));
#10563=CARTESIAN_POINT('',(119.443410419943,-133.058759309691,4.6));
#10564=CARTESIAN_POINT('Origin',(131.587934766229,-138.721844017029,4.6));
#10565=CARTESIAN_POINT('',(131.587934766229,-138.721844017029,4.6));
#10566=CARTESIAN_POINT('',(101.380431605678,-124.635853959486,4.6));
#10567=CARTESIAN_POINT('',(131.587934766229,-138.721844017029,4.6));
#10568=CARTESIAN_POINT('Origin',(132.348502102996,-137.090802099823,4.6));
#10569=CARTESIAN_POINT('',(133.979544020202,-137.85136943659,4.6));
#10570=CARTESIAN_POINT('Origin',(132.348502102996,-137.090802099823,4.6));
#10571=CARTESIAN_POINT('',(133.979544020202,-137.85136943659,4.6));
#10572=CARTESIAN_POINT('Origin',(139.642628727542,-125.706845090305,4.6));
#10573=CARTESIAN_POINT('',(139.642628727542,-125.706845090305,4.6));
#10574=CARTESIAN_POINT('',(140.15148118224,-124.61560747969,4.6));
#10575=CARTESIAN_POINT('',(139.642628727542,-125.706845090305,4.6));
#10576=CARTESIAN_POINT('Origin',(138.011586810334,-124.946277753538,4.6));
#10577=CARTESIAN_POINT('',(138.772154147102,-123.315235836331,4.6));
#10578=CARTESIAN_POINT('Origin',(138.011586810334,-124.946277753538,4.6));
#10579=CARTESIAN_POINT('',(138.772154147102,-123.315235836331,4.6));
#10580=CARTESIAN_POINT('Origin',(126.627629800817,-117.652151128992,4.6));
#10581=CARTESIAN_POINT('',(126.627629800817,-117.652151128992,4.6));
#10582=CARTESIAN_POINT('',(102.492388813409,-106.397703425116,4.6));
#10583=CARTESIAN_POINT('',(126.627629800817,-117.652151128992,4.6));
#10584=CARTESIAN_POINT('Origin',(125.867062464049,-119.283193046199,4.6));
#10585=CARTESIAN_POINT('Origin',(125.867062464049,-119.283193046199,4.6));
#10586=CARTESIAN_POINT('Origin',(41.7681435965457,-109.316186486057,3.2053456916797));
#10587=CARTESIAN_POINT('Origin',(21.8800324965487,-100.772558238652,2.82347445015786));
#10588=CARTESIAN_POINT('Origin',(41.2021488600047,-77.1168779226701,3.1944780375495));
#10589=CARTESIAN_POINT('Origin',(59.3045252774725,-88.9842877025924,3.54206142152583));
#10590=CARTESIAN_POINT('Origin',(54.6618343613707,-56.5659189495169,3.45291720188527));
#10591=CARTESIAN_POINT('',(54.6618343613707,-56.5659189495169,3.45291720188527));
#10592=CARTESIAN_POINT('Ctrl Pts',(41.3128254069398,-57.7338059023188,3.19660313581415));
#10593=CARTESIAN_POINT('Ctrl Pts',(41.3215691851087,-57.7242621373341,2.6977354238761));
#10594=CARTESIAN_POINT('Ctrl Pts',(41.3303129632776,-57.7147183723493,2.19886771193805));
#10595=CARTESIAN_POINT('Ctrl Pts',(41.3390567414465,-57.7051746073646,1.7));
#10596=CARTESIAN_POINT('Ctrl Pts',(39.6769238600101,-59.6834699226697,3.16519222144461));
#10597=CARTESIAN_POINT('Ctrl Pts',(39.6769603222338,-59.6843050454783,2.66615732049934));
#10598=CARTESIAN_POINT('Ctrl Pts',(39.6769967844575,-59.6851401682869,2.16712241955406));
#10599=CARTESIAN_POINT('Ctrl Pts',(39.6770332466812,-59.6859752910955,1.66808751860879));
#10600=CARTESIAN_POINT('Ctrl Pts',(39.6417254509295,-59.2811502658985,3.16451637746387));
#10601=CARTESIAN_POINT('Ctrl Pts',(39.6415675740096,-59.2798493383956,2.66547774501641));
#10602=CARTESIAN_POINT('Ctrl Pts',(39.6414305127349,-59.2785305660128,2.16643951224976));
#10603=CARTESIAN_POINT('Ctrl Pts',(39.6412726358149,-59.2772296385099,1.6674008798023));
#10604=CARTESIAN_POINT('Ctrl Pts',(39.8868711020928,-58.3117106866,3.16922341443148));
#10605=CARTESIAN_POINT('Ctrl Pts',(39.8880326179239,-58.3052518780686,2.67021011561904));
#10606=CARTESIAN_POINT('Ctrl Pts',(39.889173137086,-58.29876456527,2.17119641364997));
#10607=CARTESIAN_POINT('Ctrl Pts',(39.890334652917,-58.2923057567386,1.67218311483753));
#10608=CARTESIAN_POINT('Ctrl Pts',(40.7764581068115,-57.7807319605653,3.18630435752486));
#10609=CARTESIAN_POINT('Ctrl Pts',(40.7823321092079,-57.771408009888,2.68738154307699));
#10610=CARTESIAN_POINT('Ctrl Pts',(40.7882521086305,-57.7621738106109,2.18845961181714));
#10611=CARTESIAN_POINT('Ctrl Pts',(40.7941261110269,-57.7528498599336,1.68953679736927));
#10612=CARTESIAN_POINT('Ctrl Pts',(41.3128254069398,-57.7338059023188,3.19660313581415));
#10613=CARTESIAN_POINT('Ctrl Pts',(41.3215691851087,-57.7242621373341,2.6977354238761));
#10614=CARTESIAN_POINT('Ctrl Pts',(41.3303129632776,-57.7147183723493,2.19886771193805));
#10615=CARTESIAN_POINT('Ctrl Pts',(41.3390567414465,-57.7051746073646,1.7));
#10616=CARTESIAN_POINT('',(39.6769238600101,-59.6834699226697,3.16519222144461));
#10617=CARTESIAN_POINT('Origin',(39.6769238600101,-59.6834699226697,3.16519222144461));
#10618=CARTESIAN_POINT('Origin',(57.7793002774779,-71.550879702592,3.51277560542094));
#10619=CARTESIAN_POINT('Ctrl Pts',(56.6114133246774,-58.201870748161,3.49035103033793));
#10620=CARTESIAN_POINT('Ctrl Pts',(56.634295772479,-58.2008713112805,2.89356735355862));
#10621=CARTESIAN_POINT('Ctrl Pts',(56.6571782202805,-58.1998718744,2.29678367677931));
#10622=CARTESIAN_POINT('Ctrl Pts',(56.680060668082,-58.1988724375195,1.7));
#10623=CARTESIAN_POINT('Ctrl Pts',(54.6618343613707,-56.5659189495169,3.45291720188537));
#10624=CARTESIAN_POINT('Ctrl Pts',(54.6722985162075,-56.5544974069528,2.85589508169994));
#10625=CARTESIAN_POINT('Ctrl Pts',(54.6827626710444,-56.5430758643887,2.2588729615145));
#10626=CARTESIAN_POINT('Ctrl Pts',(54.6932268258812,-56.5316543218246,1.66185084132907));
#10627=CARTESIAN_POINT('Ctrl Pts',(55.1982016614991,-56.5189928912703,3.46321598017467));
#10628=CARTESIAN_POINT('Ctrl Pts',(55.2120937584779,-56.5072340831153,2.86625967984086));
#10629=CARTESIAN_POINT('Ctrl Pts',(55.2259502320797,-56.4955904701448,2.26930269550326));
#10630=CARTESIAN_POINT('Ctrl Pts',(55.2398423290584,-56.4838316619898,1.67234639516945));
#10631=CARTESIAN_POINT('Ctrl Pts',(56.166414342302,-56.8874858561103,3.48180661337339));
#10632=CARTESIAN_POINT('Ctrl Pts',(56.1864551868465,-56.8781242975694,2.88496837502419));
#10633=CARTESIAN_POINT('Ctrl Pts',(56.2065140582083,-56.8687259797872,2.28813048280757));
#10634=CARTESIAN_POINT('Ctrl Pts',(56.2265549027528,-56.8593644212463,1.69129224445837));
#10635=CARTESIAN_POINT('Ctrl Pts',(56.5762149155968,-57.7995510913897,3.4896751863572));
#10636=CARTESIAN_POINT('Ctrl Pts',(56.5988824850689,-57.7959937498738,2.89288738370318));
#10637=CARTESIAN_POINT('Ctrl Pts',(56.621521872079,-57.792419783616,2.29609903991826));
#10638=CARTESIAN_POINT('Ctrl Pts',(56.6441894415511,-57.7888624421001,1.69931123726424));
#10639=CARTESIAN_POINT('Ctrl Pts',(56.6114133246774,-58.201870748161,3.49035103033793));
#10640=CARTESIAN_POINT('Ctrl Pts',(56.634295772479,-58.2008713112805,2.89356735355862));
#10641=CARTESIAN_POINT('Ctrl Pts',(56.6571782202805,-58.1998718744,2.29678367677931));
#10642=CARTESIAN_POINT('Ctrl Pts',(56.680060668082,-58.1988724375195,1.7));
#10643=CARTESIAN_POINT('Origin',(46.2974765965408,-126.219888486058,3.29231332813735));
#10644=CARTESIAN_POINT('',(46.2974765965408,-126.219888486058,3.29231332813735));
#10645=CARTESIAN_POINT('Origin',(26.409365496543,-117.676260238654,2.9104420866155));
#10646=CARTESIAN_POINT('Ctrl Pts',(29.8775407009056,-130.61966631093,2.97703445249901));
#10647=CARTESIAN_POINT('Ctrl Pts',(29.8778192023637,-130.621781752813,2.55135630166601));
#10648=CARTESIAN_POINT('Ctrl Pts',(29.8780977038219,-130.623897194696,2.125678150833));
#10649=CARTESIAN_POINT('Ctrl Pts',(29.87837620528,-130.62601263658,1.7));
#10650=CARTESIAN_POINT('Ctrl Pts',(32.0815573002232,-131.892203186457,3.01935373314283));
#10651=CARTESIAN_POINT('Ctrl Pts',(32.0921877783428,-131.900362131888,2.57956915542853));
#10652=CARTESIAN_POINT('Ctrl Pts',(32.1028182564625,-131.90852107732,2.13978457771424));
#10653=CARTESIAN_POINT('Ctrl Pts',(32.1134487345821,-131.916680022751,1.69999999999994));
#10654=CARTESIAN_POINT('Ctrl Pts',(31.6915021794556,-131.99671814107,3.011864292216));
#10655=CARTESIAN_POINT('Ctrl Pts',(31.7003086397757,-132.005372474996,2.57204469157076));
#10656=CARTESIAN_POINT('Ctrl Pts',(31.7090964529704,-132.014011872209,2.13222473288242));
#10657=CARTESIAN_POINT('Ctrl Pts',(31.7179029132905,-132.022666206135,1.69240513223718));
#10658=CARTESIAN_POINT('Ctrl Pts',(30.6944783023107,-131.923481963954,2.99272045578639));
#10659=CARTESIAN_POINT('Ctrl Pts',(30.6986071733494,-131.931781145275,2.55281104083867));
#10660=CARTESIAN_POINT('Ctrl Pts',(30.7027164267303,-131.940100449919,2.11290124921266));
#10661=CARTESIAN_POINT('Ctrl Pts',(30.706845297769,-131.948399631239,1.67299183426494));
#10662=CARTESIAN_POINT('Ctrl Pts',(30.0169074327008,-131.139790034877,2.97971043045538));
#10663=CARTESIAN_POINT('Ctrl Pts',(30.0178259308535,-131.144436151088,2.53973937319916));
#10664=CARTESIAN_POINT('Ctrl Pts',(30.018815094139,-131.149027954508,2.09976967278281));
#10665=CARTESIAN_POINT('Ctrl Pts',(30.0197335922917,-131.15367407072,1.65979861552659));
#10666=CARTESIAN_POINT('Ctrl Pts',(29.8775407009056,-130.61966631093,2.97703445249901));
#10667=CARTESIAN_POINT('Ctrl Pts',(29.8778285614713,-130.62185284274,2.53705128638252));
#10668=CARTESIAN_POINT('Ctrl Pts',(29.8781164220371,-130.62403937455,2.09706812026604));
#10669=CARTESIAN_POINT('Ctrl Pts',(29.8784042826028,-130.626225906359,1.65708495414955));
#10670=CARTESIAN_POINT('',(32.0815573002232,-131.892203186457,3.01935373314294));
#10671=CARTESIAN_POINT('Origin',(32.0815573002232,-131.892203186457,3.01935373314294));
#10672=CARTESIAN_POINT('Ctrl Pts',(45.0249633724993,-128.424027982092,3.26787982601768));
#10673=CARTESIAN_POINT('Ctrl Pts',(45.037596309191,-128.43372382455,2.74525321734512));
#10674=CARTESIAN_POINT('Ctrl Pts',(45.0502292458827,-128.443419667009,2.22262660867256));
#10675=CARTESIAN_POINT('Ctrl Pts',(45.0628621825743,-128.453115509467,1.7));
#10676=CARTESIAN_POINT('Ctrl Pts',(46.2974765965408,-126.219888486058,3.29231332813736));
#10677=CARTESIAN_POINT('Ctrl Pts',(46.3175350632864,-126.217246781822,2.76111690823935));
#10678=CARTESIAN_POINT('Ctrl Pts',(46.337593530032,-126.214605077585,2.22992048834135));
#10679=CARTESIAN_POINT('Ctrl Pts',(46.3576519967775,-126.211963373349,1.69872406844335));
#10680=CARTESIAN_POINT('Ctrl Pts',(46.4368433283359,-126.740012210004,3.29498930609373));
#10681=CARTESIAN_POINT('Ctrl Pts',(46.457727864228,-126.740324869553,2.76380874753363));
#10682=CARTESIAN_POINT('Ctrl Pts',(46.4785053222992,-126.740623613954,2.23262613297434));
#10683=CARTESIAN_POINT('Ctrl Pts',(46.4993898581913,-126.740936273503,1.70144557441425));
#10684=CARTESIAN_POINT('Ctrl Pts',(46.2418720956352,-127.757546398143,3.29124566717707));
#10685=CARTESIAN_POINT('Ctrl Pts',(46.2616041374536,-127.763622431538,2.76004297960028));
#10686=CARTESIAN_POINT('Ctrl Pts',(46.2813685915734,-127.769707465557,2.22884091437146));
#10687=CARTESIAN_POINT('Ctrl Pts',(46.3011006333918,-127.775783498951,1.69763822679466));
#10688=CARTESIAN_POINT('Ctrl Pts',(45.4150184932666,-128.319513027479,3.2753692669445));
#10689=CARTESIAN_POINT('Ctrl Pts',(45.4300696078891,-128.328786955339,2.74407670097398));
#10690=CARTESIAN_POINT('Ctrl Pts',(45.4451313884439,-128.338033806553,2.21278433979983));
#10691=CARTESIAN_POINT('Ctrl Pts',(45.4601825030664,-128.347307734412,1.68149177382931));
#10692=CARTESIAN_POINT('Ctrl Pts',(45.0249633724993,-128.424027982092,3.26787982601768));
#10693=CARTESIAN_POINT('Ctrl Pts',(45.0378068074577,-128.433885383029,2.73654487043208));
#10694=CARTESIAN_POINT('Ctrl Pts',(45.050650242416,-128.443742783966,2.20520991484648));
#10695=CARTESIAN_POINT('Ctrl Pts',(45.0634936773744,-128.453600184903,1.67387495926089));
#10696=CARTESIAN_POINT('Ctrl Pts',(94.4012303518826,-52.5831269369116,4.21595258558388));
#10697=CARTESIAN_POINT('Ctrl Pts',(94.4175554685172,-52.5667988112015,3.36572953120341));
#10698=CARTESIAN_POINT('Ctrl Pts',(94.4338805851516,-52.5504706854913,2.51550647682294));
#10699=CARTESIAN_POINT('Ctrl Pts',(94.4502057017861,-52.5341425597812,1.66528342244247));
#10700=CARTESIAN_POINT('Ctrl Pts',(94.7540166773444,-52.583126936912,4.22272642908358));
#10701=CARTESIAN_POINT('Ctrl Pts',(94.7735374665826,-52.5667920720347,3.37256473475176));
#10702=CARTESIAN_POINT('Ctrl Pts',(94.7930708155756,-52.550477424659,2.52240328157956));
#10703=CARTESIAN_POINT('Ctrl Pts',(94.8125916048138,-52.5341425597817,1.67224158724774));
#10704=CARTESIAN_POINT('Ctrl Pts',(95.578027731252,-52.8318603704087,4.23854824959742));
#10705=CARTESIAN_POINT('Ctrl Pts',(95.6050196159869,-52.8177930705643,3.38853000762759));
#10706=CARTESIAN_POINT('Ctrl Pts',(95.6320331139406,-52.8037107688023,2.53851218065277));
#10707=CARTESIAN_POINT('Ctrl Pts',(95.6590249986754,-52.7896434689579,1.68849393868295));
#10708=CARTESIAN_POINT('Ctrl Pts',(96.0727223843064,-53.566710175206,4.24804687218587));
#10709=CARTESIAN_POINT('Ctrl Pts',(96.1042384055545,-53.5592882445034,3.39811549807486));
#10710=CARTESIAN_POINT('Ctrl Pts',(96.1356699692013,-53.5519166376763,2.54818250229506));
#10711=CARTESIAN_POINT('Ctrl Pts',(96.1671859904494,-53.5444947069737,1.69825112818405));
#10712=CARTESIAN_POINT('Ctrl Pts',(96.1654842131195,-54.0279061034482,4.24982799028987));
#10713=CARTESIAN_POINT('Ctrl Pts',(96.1978138115675,-54.0246858834679,3.39991223765915));
#10714=CARTESIAN_POINT('Ctrl Pts',(96.2301434100154,-54.0214656634876,2.54999648502842));
#10715=CARTESIAN_POINT('Ctrl Pts',(96.2624730084634,-54.0182454435074,1.70008073239769));
#10716=CARTESIAN_POINT('',(94.4012303518826,-52.5831269369116,4.21595258558378));
#10717=CARTESIAN_POINT('Origin',(94.4012303518826,-52.5831269369116,4.21595258558378));
#10718=CARTESIAN_POINT('Origin',(61.7016416120209,-86.549449573237,3.5880884064991));
#10719=CARTESIAN_POINT('',(61.7016416120318,-51.5494495732368,3.58808840649931));
#10720=CARTESIAN_POINT('Ctrl Pts',(61.7016416120031,-99.9494495732366,3.58808840649876));
#10721=CARTESIAN_POINT('Ctrl Pts',(61.7016416120031,-99.9494495732366,2.9587256043325));
#10722=CARTESIAN_POINT('Ctrl Pts',(61.7016416120031,-99.9494495732366,2.32936280216625));
#10723=CARTESIAN_POINT('Ctrl Pts',(61.7016416120031,-99.9494495732365,1.7));
#10724=CARTESIAN_POINT('Ctrl Pts',(63.5012303518508,-101.749105209589,3.62264227553434));
#10725=CARTESIAN_POINT('Ctrl Pts',(63.5135358910591,-101.761413016977,2.98176151702289));
#10726=CARTESIAN_POINT('Ctrl Pts',(63.5258414302674,-101.773720824365,2.34088075851145));
#10727=CARTESIAN_POINT('Ctrl Pts',(63.5381469694757,-101.786028631753,1.7));
#10728=CARTESIAN_POINT('Ctrl Pts',(63.0974185917242,-101.749105209588,3.61488869363782));
#10729=CARTESIAN_POINT('Ctrl Pts',(63.106970205007,-101.761422383682,2.97395505704726));
#10730=CARTESIAN_POINT('Ctrl Pts',(63.1165010530965,-101.773711457659,2.33302102174462));
#10731=CARTESIAN_POINT('Ctrl Pts',(63.1260526663794,-101.786028631752,1.69208738515406));
#10732=CARTESIAN_POINT('Ctrl Pts',(62.1533076125596,-101.420312580815,3.59676083675211));
#10733=CARTESIAN_POINT('Ctrl Pts',(62.15640894317,-101.430365797541,2.9557033484071));
#10734=CARTESIAN_POINT('Ctrl Pts',(62.1594750877405,-101.440439884038,2.31464518445562));
#10735=CARTESIAN_POINT('Ctrl Pts',(62.1625764183509,-101.450493100765,1.67358769611061));
#10736=CARTESIAN_POINT('Ctrl Pts',(61.7016416120024,-100.487925299564,3.58808840649874));
#10737=CARTESIAN_POINT('Ctrl Pts',(61.7016015497468,-100.491625058113,2.94697060032929));
#10738=CARTESIAN_POINT('Ctrl Pts',(61.7016816742581,-100.495275039381,2.30585510186366));
#10739=CARTESIAN_POINT('Ctrl Pts',(61.7016416120024,-100.49897479793,1.66473729569421));
#10740=CARTESIAN_POINT('Ctrl Pts',(61.7016416120031,-99.9494495732366,3.58808840649876));
#10741=CARTESIAN_POINT('Ctrl Pts',(61.7016416120031,-99.9494495732366,2.94697136956391));
#10742=CARTESIAN_POINT('Ctrl Pts',(61.7016416120031,-99.9494495732366,2.30585433262907));
#10743=CARTESIAN_POINT('Ctrl Pts',(61.7016416120031,-99.9494495732365,1.66473729569423));
#10744=CARTESIAN_POINT('',(63.5012303518508,-101.749105209589,3.62264227553434));
#10745=CARTESIAN_POINT('Origin',(63.5012303518508,-101.749105209589,3.62264227553434));
#10746=CARTESIAN_POINT('Origin',(42.7273748599992,-94.5502849226506,3.22376387285537));
#10747=CARTESIAN_POINT('Ctrl Pts',(43.8952618127999,-107.899293877082,3.24618844793848));
#10748=CARTESIAN_POINT('Ctrl Pts',(43.895299470466,-107.900156380043,2.73079229862565));
#10749=CARTESIAN_POINT('Ctrl Pts',(43.8953371281321,-107.901018883004,2.21539614931283));
#10750=CARTESIAN_POINT('Ctrl Pts',(43.8953747857983,-107.901881385965,1.7));
#10751=CARTESIAN_POINT('Ctrl Pts',(45.8448407761065,-109.535245675725,3.28362227639104));
#10752=CARTESIAN_POINT('Ctrl Pts',(45.8558600534148,-109.545345006404,2.75574818426069));
#10753=CARTESIAN_POINT('Ctrl Pts',(45.866879330723,-109.555444337083,2.22787409213035));
#10754=CARTESIAN_POINT('Ctrl Pts',(45.8778986080313,-109.565543667761,1.7));
#10755=CARTESIAN_POINT('Ctrl Pts',(45.4425653010103,-109.57044021941,3.27589819267407));
#10756=CARTESIAN_POINT('Ctrl Pts',(45.4513254610427,-109.580744935528,2.74798072327604));
#10757=CARTESIAN_POINT('Ctrl Pts',(45.4600666060237,-109.591028100383,2.22006288877037));
#10758=CARTESIAN_POINT('Ctrl Pts',(45.4688267660561,-109.601332816501,1.69214541937234));
#10759=CARTESIAN_POINT('Ctrl Pts',(44.4733808316675,-109.325201396708,3.25728890018214));
#10760=CARTESIAN_POINT('Ctrl Pts',(44.4766858320251,-109.334111476284,2.72926668636735));
#10761=CARTESIAN_POINT('Ctrl Pts',(44.4799631748707,-109.343041505022,2.20124394150119));
#10762=CARTESIAN_POINT('Ctrl Pts',(44.4832681752283,-109.351951584598,1.6732217276864));
#10763=CARTESIAN_POINT('Ctrl Pts',(43.9421930249076,-108.43572008611,3.24708957324613));
#10764=CARTESIAN_POINT('Ctrl Pts',(43.9424643627987,-108.439642570978,2.71900911013624));
#10765=CARTESIAN_POINT('Ctrl Pts',(43.9428306799034,-108.44351557138,2.19093047072041));
#10766=CARTESIAN_POINT('Ctrl Pts',(43.9431020177944,-108.447438056248,1.66285000761052));
#10767=CARTESIAN_POINT('Ctrl Pts',(43.8952618127999,-107.899293877082,3.24618844793848));
#10768=CARTESIAN_POINT('Ctrl Pts',(43.895300397578,-107.900177614414,2.7181035157405));
#10769=CARTESIAN_POINT('Ctrl Pts',(43.8953389823561,-107.901061351745,2.19001858354253));
#10770=CARTESIAN_POINT('Ctrl Pts',(43.8953775671342,-107.901945089077,1.66193365134456));
#10771=CARTESIAN_POINT('',(45.8448407761065,-109.535245675725,3.28362227639104));
#10772=CARTESIAN_POINT('Origin',(45.8448407761065,-109.535245675725,3.28362227639104));
#10773=CARTESIAN_POINT('Ctrl Pts',(59.1938497305372,-108.367358722923,3.53993634246225));
#10774=CARTESIAN_POINT('Ctrl Pts',(59.206652511282,-108.379092660888,2.92662422830817));
#10775=CARTESIAN_POINT('Ctrl Pts',(59.2194552920267,-108.390826598852,2.31331211415408));
#10776=CARTESIAN_POINT('Ctrl Pts',(59.2322580727715,-108.402560536817,1.7));
#10777=CARTESIAN_POINT('Ctrl Pts',(60.8297512774669,-106.417694702573,3.57134725683179));
#10778=CARTESIAN_POINT('Ctrl Pts',(60.8536715728482,-106.416649935615,2.94749608710134));
#10779=CARTESIAN_POINT('Ctrl Pts',(60.8775918682295,-106.415605168656,2.32364491737089));
#10780=CARTESIAN_POINT('Ctrl Pts',(60.9015121636108,-106.414560401697,1.69979374764043));
#10781=CARTESIAN_POINT('Ctrl Pts',(60.8649496865475,-106.820014359344,3.57202310081253));
#10782=CARTESIAN_POINT('Ctrl Pts',(60.8891131067889,-106.821641863774,2.94817659931788));
#10783=CARTESIAN_POINT('Ctrl Pts',(60.9132504859521,-106.823291692754,2.32432959780897));
#10784=CARTESIAN_POINT('Ctrl Pts',(60.9374139061935,-106.824919197185,1.70048309631432));
#10785=CARTESIAN_POINT('Ctrl Pts',(60.6196362593565,-107.789284860294,3.56731284238062));
#10786=CARTESIAN_POINT('Ctrl Pts',(60.6421490745162,-107.797365048832,2.9434346476493));
#10787=CARTESIAN_POINT('Ctrl Pts',(60.6646848102584,-107.805477516865,2.31955689301566));
#10788=CARTESIAN_POINT('Ctrl Pts',(60.6871976254181,-107.813557705403,1.69567869828434));
#10789=CARTESIAN_POINT('Ctrl Pts',(59.7302170306654,-108.320432664677,3.55023512075154));
#10790=CARTESIAN_POINT('Ctrl Pts',(59.7468343652969,-108.332097243218,2.92624372701117));
#10791=CARTESIAN_POINT('Ctrl Pts',(59.7633941560887,-108.343649539712,2.30225122837262));
#10792=CARTESIAN_POINT('Ctrl Pts',(59.7800114907203,-108.355314118253,1.67825983463224));
#10793=CARTESIAN_POINT('Ctrl Pts',(59.1938497305372,-108.367358722923,3.53993634246225));
#10794=CARTESIAN_POINT('Ctrl Pts',(59.2068768783423,-108.379298296618,2.91587601361316));
#10795=CARTESIAN_POINT('Ctrl Pts',(59.2199040261474,-108.391237870313,2.29181568476407));
#10796=CARTESIAN_POINT('Ctrl Pts',(59.2329311739525,-108.403177444008,1.66775535591499));
#10797=CARTESIAN_POINT('',(60.829751277467,-106.417694702573,3.57134725683169));
#10798=CARTESIAN_POINT('Origin',(60.829751277467,-106.417694702573,3.57134725683169));
#10799=CARTESIAN_POINT('Origin',(37.2388105965509,-92.4124844860948,3.11837805522205));
#10800=CARTESIAN_POINT('Ctrl Pts',(33.7706353921892,-79.4690784138181,3.05178568933859));
#10801=CARTESIAN_POINT('Ctrl Pts',(33.7876502836562,-79.466837549078,2.60119045955906));
#10802=CARTESIAN_POINT('Ctrl Pts',(33.8046651751233,-79.4645966843379,2.15059522977953));
#10803=CARTESIAN_POINT('Ctrl Pts',(33.8216800665903,-79.4623558195978,1.7));
#10804=CARTESIAN_POINT('Ctrl Pts',(31.5666187928712,-78.1965415382917,3.00946640869477));
#10805=CARTESIAN_POINT('Ctrl Pts',(31.5730340640204,-78.1881798519665,2.55866765580789));
#10806=CARTESIAN_POINT('Ctrl Pts',(31.5794493351696,-78.1798181656414,2.107868902921));
#10807=CARTESIAN_POINT('Ctrl Pts',(31.5858646063189,-78.1714564793162,1.65707015003412));
#10808=CARTESIAN_POINT('Ctrl Pts',(32.086692287228,-78.0571882654744,3.01945232993053));
#10809=CARTESIAN_POINT('Ctrl Pts',(32.0956123362326,-78.048126366842,2.56870167123543));
#10810=CARTESIAN_POINT('Ctrl Pts',(32.1045209029276,-78.0391547221961,2.11795079206872));
#10811=CARTESIAN_POINT('Ctrl Pts',(32.1134409519323,-78.0300928235638,1.66720013337362));
#10812=CARTESIAN_POINT('Ctrl Pts',(33.1041722559063,-78.251948653012,3.03898894338312));
#10813=CARTESIAN_POINT('Ctrl Pts',(33.1179781735133,-78.2438631059605,2.58833209815777));
#10814=CARTESIAN_POINT('Ctrl Pts',(33.1317927480495,-78.2357477700994,2.13767541915396));
#10815=CARTESIAN_POINT('Ctrl Pts',(33.1455986656565,-78.227662223048,1.6870185739286));
#10816=CARTESIAN_POINT('Ctrl Pts',(33.6661103433426,-79.078985620858,3.04977870587131));
#10817=CARTESIAN_POINT('Ctrl Pts',(33.6826300872296,-79.0748710232998,2.59917396877255));
#10818=CARTESIAN_POINT('Ctrl Pts',(33.6991267644966,-79.0707477906201,2.14856878877206));
#10819=CARTESIAN_POINT('Ctrl Pts',(33.7156465083836,-79.0666331930619,1.6979640516733));
#10820=CARTESIAN_POINT('Ctrl Pts',(33.7706353921892,-79.4690784138181,3.05178568933859));
#10821=CARTESIAN_POINT('Ctrl Pts',(33.7876502836562,-79.466837549078,2.60119045955906));
#10822=CARTESIAN_POINT('Ctrl Pts',(33.8046651751233,-79.4645966843379,2.15059522977953));
#10823=CARTESIAN_POINT('Ctrl Pts',(33.8216800665903,-79.4623558195978,1.7));
#10824=CARTESIAN_POINT('',(31.5666187928712,-78.1965415382917,3.00946640869462));
#10825=CARTESIAN_POINT('Origin',(31.5666187928712,-78.1965415382917,3.00946640869462));
#10826=CARTESIAN_POINT('Ctrl Pts',(18.6232127205953,-81.6647167426565,2.76094031581994));
#10827=CARTESIAN_POINT('Ctrl Pts',(18.6282454317963,-81.6581570896896,2.40729354387996));
#10828=CARTESIAN_POINT('Ctrl Pts',(18.6332781429973,-81.6515974367226,2.05364677193998));
#10829=CARTESIAN_POINT('Ctrl Pts',(18.6383108541983,-81.6450377837557,1.7));
#10830=CARTESIAN_POINT('Ctrl Pts',(17.3506994965538,-83.8688562386906,2.73650681370027));
#10831=CARTESIAN_POINT('Ctrl Pts',(17.3509309315389,-83.870614172972,2.38276785254733));
#10832=CARTESIAN_POINT('Ctrl Pts',(17.351162366524,-83.8723721072533,2.0290288913944));
#10833=CARTESIAN_POINT('Ctrl Pts',(17.351393801509,-83.8741300415347,1.67528993024146));
#10834=CARTESIAN_POINT('Ctrl Pts',(17.2461744477074,-83.4787634457309,2.73449983023299));
#10835=CARTESIAN_POINT('Ctrl Pts',(17.2460073025881,-83.4790542248394,2.38075321595108));
#10836=CARTESIAN_POINT('Ctrl Pts',(17.2458524884175,-83.4793299255921,2.02700683843548));
#10837=CARTESIAN_POINT('Ctrl Pts',(17.2456853432981,-83.4796207047005,1.67326022415357));
#10838=CARTESIAN_POINT('Ctrl Pts',(17.3192570397582,-82.4814770733454,2.73590308768765));
#10839=CARTESIAN_POINT('Ctrl Pts',(17.319375990897,-82.4780046081019,2.38216196673453));
#10840=CARTESIAN_POINT('Ctrl Pts',(17.3194768359624,-82.474514858402,2.02842049812704));
#10841=CARTESIAN_POINT('Ctrl Pts',(17.3195957871011,-82.4710423931585,1.67467937717392));
#10842=CARTESIAN_POINT('Ctrl Pts',(18.1031392262389,-81.8040700154737,2.75095439458418));
#10843=CARTESIAN_POINT('Ctrl Pts',(18.106195574486,-81.7980170441247,2.39726967453686));
#10844=CARTESIAN_POINT('Ctrl Pts',(18.1092951054998,-81.7920211517068,2.04358578364101));
#10845=CARTESIAN_POINT('Ctrl Pts',(18.1123514537469,-81.7859681803578,1.68990106359369));
#10846=CARTESIAN_POINT('Ctrl Pts',(18.6232127205953,-81.6647167426565,2.76094031581994));
#10847=CARTESIAN_POINT('Ctrl Pts',(18.6282454317963,-81.6581570896896,2.40729354387996));
#10848=CARTESIAN_POINT('Ctrl Pts',(18.6332781429973,-81.6515974367226,2.05364677193998));
#10849=CARTESIAN_POINT('Ctrl Pts',(18.6383108541983,-81.6450377837557,1.7));
#10850=CARTESIAN_POINT('',(17.3506994965538,-83.8688562386906,2.73650681370021));
#10851=CARTESIAN_POINT('Origin',(17.3506994965538,-83.8688562386906,2.73650681370021));
#10852=CARTESIAN_POINT('Origin',(76.9012303518834,-49.7497939369061,3.87993541969854));
#10853=CARTESIAN_POINT('Ctrl Pts',(63.5012303518833,-49.7497939368895,3.62264227553498));
#10854=CARTESIAN_POINT('Ctrl Pts',(63.5135358910917,-49.7374861295015,2.98176151702332));
#10855=CARTESIAN_POINT('Ctrl Pts',(63.5258414303,-49.7251783221135,2.34088075851166));
#10856=CARTESIAN_POINT('Ctrl Pts',(63.5381469695083,-49.7128705147255,1.7));
#10857=CARTESIAN_POINT('Ctrl Pts',(61.7016416120318,-51.5494495732368,3.58808840649931));
#10858=CARTESIAN_POINT('Ctrl Pts',(61.7016416120318,-51.5494495732368,2.94697136956425));
#10859=CARTESIAN_POINT('Ctrl Pts',(61.7016416120318,-51.5494495732368,2.30585433262919));
#10860=CARTESIAN_POINT('Ctrl Pts',(61.7016416120318,-51.5494495732367,1.66473729569413));
#10861=CARTESIAN_POINT('Ctrl Pts',(61.7016416120324,-51.0109738469095,3.58808840649932));
#10862=CARTESIAN_POINT('Ctrl Pts',(61.7016015497768,-51.0072740883601,2.94697060032966));
#10863=CARTESIAN_POINT('Ctrl Pts',(61.7016816742881,-51.0036241070926,2.30585510186381));
#10864=CARTESIAN_POINT('Ctrl Pts',(61.7016416120324,-50.9999243485432,1.66473729569415));
#10865=CARTESIAN_POINT('Ctrl Pts',(62.1531818822272,-50.0784817776604,3.59675842260641));
#10866=CARTESIAN_POINT('Ctrl Pts',(62.1562832128376,-50.0684285609336,2.95570093426119));
#10867=CARTESIAN_POINT('Ctrl Pts',(62.1593467789363,-50.0583523210081,2.3146427208003));
#10868=CARTESIAN_POINT('Ctrl Pts',(62.1624481095467,-50.0482991042813,1.67358523245508));
#10869=CARTESIAN_POINT('Ctrl Pts',(63.0974185917568,-49.7497939368891,3.61488869363847));
#10870=CARTESIAN_POINT('Ctrl Pts',(63.1069702050397,-49.7374767627957,2.97395505704769));
#10871=CARTESIAN_POINT('Ctrl Pts',(63.1165010531292,-49.7251876888184,2.33302102174484));
#10872=CARTESIAN_POINT('Ctrl Pts',(63.1260526664121,-49.712870514725,1.69208738515406));
#10873=CARTESIAN_POINT('Ctrl Pts',(63.5012303518833,-49.7497939368895,3.62264227553498));
#10874=CARTESIAN_POINT('Ctrl Pts',(63.5135358910917,-49.7374861295015,2.98176151702332));
#10875=CARTESIAN_POINT('Ctrl Pts',(63.5258414303,-49.7251783221135,2.34088075851166));
#10876=CARTESIAN_POINT('Ctrl Pts',(63.5381469695083,-49.7128705147255,1.7));
#10877=CARTESIAN_POINT('Ctrl Pts',(113.700819091701,-105.616115573269,4.58652362050408));
#10878=CARTESIAN_POINT('Ctrl Pts',(113.737782109091,-105.61611557327,3.62434908033605));
#10879=CARTESIAN_POINT('Ctrl Pts',(113.774745126482,-105.61611557327,2.66217454016803));
#10880=CARTESIAN_POINT('Ctrl Pts',(113.811708143872,-105.61611557327,1.7));
#10881=CARTESIAN_POINT('Ctrl Pts',(113.700819091701,-106.019972368015,4.58652362050407));
#10882=CARTESIAN_POINT('Ctrl Pts',(113.737796434442,-106.024110895411,3.62434935539683));
#10883=CARTESIAN_POINT('Ctrl Pts',(113.77473080113,-106.028280150164,2.66217426510722));
#10884=CARTESIAN_POINT('Ctrl Pts',(113.811708143872,-106.03241867756,1.69999999999999));
#10885=CARTESIAN_POINT('Ctrl Pts',(113.371902439858,-106.964093935004,4.58020809815179));
#10886=CARTESIAN_POINT('Ctrl Pts',(113.40547639793,-106.977924388433,3.6179684847205));
#10887=CARTESIAN_POINT('Ctrl Pts',(113.439079382797,-106.991805259133,2.65572942863214));
#10888=CARTESIAN_POINT('Ctrl Pts',(113.472653340869,-107.005635712562,1.69348981520084));
#10889=CARTESIAN_POINT('Ctrl Pts',(112.439646032018,-107.415771209617,4.56230786066374));
#10890=CARTESIAN_POINT('Ctrl Pts',(112.463680626392,-107.434316167856,3.59988508209222));
#10891=CARTESIAN_POINT('Ctrl Pts',(112.487641869996,-107.452680997101,2.63746089511395));
#10892=CARTESIAN_POINT('Ctrl Pts',(112.511676464371,-107.47122595534,1.67503811654243));
#10893=CARTESIAN_POINT('Ctrl Pts',(111.901230351849,-107.415771209616,4.55196975146839));
#10894=CARTESIAN_POINT('Ctrl Pts',(111.919711860544,-107.434256124857,3.58944034820476));
#10895=CARTESIAN_POINT('Ctrl Pts',(111.938193369239,-107.452741040098,2.62691094494113));
#10896=CARTESIAN_POINT('Ctrl Pts',(111.956674877934,-107.471225955339,1.6643815416775));
#10897=CARTESIAN_POINT('Ctrl Pts',(111.901230351849,-107.415771209616,4.55196975146839));
#10898=CARTESIAN_POINT('Ctrl Pts',(111.919483890765,-107.434028113058,3.60131316764559));
#10899=CARTESIAN_POINT('Ctrl Pts',(111.93773742968,-107.4522850165,2.6506565838228));
#10900=CARTESIAN_POINT('Ctrl Pts',(111.955990968596,-107.470541919942,1.7));
#10901=CARTESIAN_POINT('Origin',(98.5012303518491,-107.4157712096,4.29467660730483));
#10902=CARTESIAN_POINT('',(98.5012303518491,-107.4157712096,4.29467660730483));
#10903=CARTESIAN_POINT('Ctrl Pts',(98.5012303518491,-107.4157712096,4.29467660730475));
#10904=CARTESIAN_POINT('Ctrl Pts',(98.5178371305153,-107.432381049258,3.42978440486983));
#10905=CARTESIAN_POINT('Ctrl Pts',(98.5344439091814,-107.448990888916,2.56489220243491));
#10906=CARTESIAN_POINT('Ctrl Pts',(98.5510506878476,-107.465600728575,1.69999999999999));
#10907=CARTESIAN_POINT('Ctrl Pts',(98.1484441006783,-107.415771209599,4.28790276523151));
#10908=CARTESIAN_POINT('Ctrl Pts',(98.1618000715442,-107.432387904691,3.42294814409808));
#10909=CARTESIAN_POINT('Ctrl Pts',(98.1751432659702,-107.448984033483,2.55799327764447));
#10910=CARTESIAN_POINT('Ctrl Pts',(98.1884992368362,-107.465600728574,1.69303865651105));
#10911=CARTESIAN_POINT('Ctrl Pts',(97.3244592868587,-107.167000413077,4.2720814485531));
#10912=CARTESIAN_POINT('Ctrl Pts',(97.3302152628261,-107.181310421176,3.40698090006272));
#10913=CARTESIAN_POINT('Ctrl Pts',(97.3359499725116,-107.195634652283,2.54187994323888));
#10914=CARTESIAN_POINT('Ctrl Pts',(97.3417059484791,-107.209944660383,1.6767793947485));
#10915=CARTESIAN_POINT('Ctrl Pts',(96.8297385357231,-106.432188357253,4.26258232485589));
#10916=CARTESIAN_POINT('Ctrl Pts',(96.8308923186616,-106.43973834426,3.39739340974503));
#10917=CARTESIAN_POINT('Ctrl Pts',(96.8321320162893,-106.447237139164,2.53220614428048));
#10918=CARTESIAN_POINT('Ctrl Pts',(96.8332857992277,-106.45478712617,1.66701722916963));
#10919=CARTESIAN_POINT('Ctrl Pts',(96.7369765931662,-105.970992552944,4.26080120456789));
#10920=CARTESIAN_POINT('Ctrl Pts',(96.7373027609406,-105.974268337032,3.39559639843407));
#10921=CARTESIAN_POINT('Ctrl Pts',(96.7376289287149,-105.97754412112,2.53039159230025));
#10922=CARTESIAN_POINT('Ctrl Pts',(96.7379550964893,-105.980819905207,1.66518678616643));
#10923=CARTESIAN_POINT('Origin',(96.401230351864,-111.583126936912,4.25435454739889));
#10924=CARTESIAN_POINT('',(96.401230351864,-111.583126936912,4.25435454739889));
#10925=CARTESIAN_POINT('Ctrl Pts',(83.0012303518639,-111.583126936896,3.99706140323533));
#10926=CARTESIAN_POINT('Ctrl Pts',(83.015932295913,-111.568422282957,3.23137426882355));
#10927=CARTESIAN_POINT('Ctrl Pts',(83.0306342399622,-111.553717629019,2.46568713441178));
#10928=CARTESIAN_POINT('Ctrl Pts',(83.0453361840114,-111.53901297508,1.7));
#10929=CARTESIAN_POINT('Ctrl Pts',(81.2016416120123,-113.382782573243,3.96250753419965));
#10930=CARTESIAN_POINT('Ctrl Pts',(81.2016416120123,-113.382782573243,3.19653810804088));
#10931=CARTESIAN_POINT('Ctrl Pts',(81.2016416120124,-113.382782573243,2.43056868188211));
#10932=CARTESIAN_POINT('Ctrl Pts',(81.2016416120124,-113.382782573243,1.66459925572334));
#10933=CARTESIAN_POINT('Ctrl Pts',(81.2016416120129,-112.844306846916,3.96250753419967));
#10934=CARTESIAN_POINT('Ctrl Pts',(81.2015937479551,-112.83988659013,3.19653718900404));
#10935=CARTESIAN_POINT('Ctrl Pts',(81.2016894760709,-112.835525804352,2.43056960091899));
#10936=CARTESIAN_POINT('Ctrl Pts',(81.201641612013,-112.831105547566,1.66459925572336));
#10937=CARTESIAN_POINT('Ctrl Pts',(81.6533535696795,-111.911957867897,3.97118084687462));
#10938=CARTESIAN_POINT('Ctrl Pts',(81.6570588594958,-111.899946868027,3.20528256591487));
#10939=CARTESIAN_POINT('Ctrl Pts',(81.6607232371013,-111.887911874576,2.43938349940054));
#10940=CARTESIAN_POINT('Ctrl Pts',(81.6644285269175,-111.875900874706,1.67348521844079));
#10941=CARTESIAN_POINT('Ctrl Pts',(82.5974185917373,-111.583126936895,3.98930782133882));
#10942=CARTESIAN_POINT('Ctrl Pts',(82.6088303049249,-111.568411092161,3.22355751126709));
#10943=CARTESIAN_POINT('Ctrl Pts',(82.6202172090647,-111.553728819814,2.4578067248373));
#10944=CARTESIAN_POINT('Ctrl Pts',(82.6316289222523,-111.539012975079,1.69205641476557));
#10945=CARTESIAN_POINT('Ctrl Pts',(83.0012303518639,-111.583126936896,3.99706140323533));
#10946=CARTESIAN_POINT('Ctrl Pts',(83.015932295913,-111.568422282957,3.23137426882355));
#10947=CARTESIAN_POINT('Ctrl Pts',(83.0306342399622,-111.553717629019,2.46568713441178));
#10948=CARTESIAN_POINT('Ctrl Pts',(83.0453361840114,-111.53901297508,1.7));
#10949=CARTESIAN_POINT('',(81.2016416120123,-113.382782573243,3.96250753419966));
#10950=CARTESIAN_POINT('Origin',(81.2016416120123,-113.382782573243,3.96250753419966));
#10951=CARTESIAN_POINT('Ctrl Pts',(81.2016416119947,-126.782782573243,3.96250753419924));
#10952=CARTESIAN_POINT('Ctrl Pts',(81.2016416119947,-126.782782573243,3.20833835613282));
#10953=CARTESIAN_POINT('Ctrl Pts',(81.2016416119947,-126.782782573243,2.45416917806641));
#10954=CARTESIAN_POINT('Ctrl Pts',(81.2016416119947,-126.782782573243,1.7));
#10955=CARTESIAN_POINT('Ctrl Pts',(83.0012303518423,-128.582438209595,3.99706140323481));
#10956=CARTESIAN_POINT('Ctrl Pts',(83.0159322958914,-128.597142863534,3.2313742688232));
#10957=CARTESIAN_POINT('Ctrl Pts',(83.0306342399405,-128.611847517472,2.46568713441159));
#10958=CARTESIAN_POINT('Ctrl Pts',(83.0453361839896,-128.626552171411,1.69999999999998));
#10959=CARTESIAN_POINT('Ctrl Pts',(82.5974185917156,-128.582438209594,3.9893078213383));
#10960=CARTESIAN_POINT('Ctrl Pts',(82.6088303049032,-128.597154054329,3.22355751126674));
#10961=CARTESIAN_POINT('Ctrl Pts',(82.6202172090429,-128.611836326676,2.45780672483712));
#10962=CARTESIAN_POINT('Ctrl Pts',(82.6316289222305,-128.62655217141,1.69205641476555));
#10963=CARTESIAN_POINT('Ctrl Pts',(81.6533748290625,-128.253589560274,3.97118125507553));
#10964=CARTESIAN_POINT('Ctrl Pts',(81.6570801188787,-128.265600560144,3.20528297411595));
#10965=CARTESIAN_POINT('Ctrl Pts',(81.6607450173758,-128.277635118568,2.43938391760342));
#10966=CARTESIAN_POINT('Ctrl Pts',(81.6644503071921,-128.289646118438,1.67348563664383));
#10967=CARTESIAN_POINT('Ctrl Pts',(81.201641611994,-127.32125829957,3.96250753419922));
#10968=CARTESIAN_POINT('Ctrl Pts',(81.2015937479361,-127.325678556356,3.19653718900375));
#10969=CARTESIAN_POINT('Ctrl Pts',(81.2016894760519,-127.330039342134,2.43056960091887));
#10970=CARTESIAN_POINT('Ctrl Pts',(81.201641611994,-127.33445959892,1.66459925572341));
#10971=CARTESIAN_POINT('Ctrl Pts',(81.2016416119947,-126.782782573243,3.96250753419924));
#10972=CARTESIAN_POINT('Ctrl Pts',(81.2016416119947,-126.782782573243,3.19653810804063));
#10973=CARTESIAN_POINT('Ctrl Pts',(81.2016416119947,-126.782782573243,2.43056868188203));
#10974=CARTESIAN_POINT('Ctrl Pts',(81.2016416119947,-126.782782573243,1.66459925572342));
#10975=CARTESIAN_POINT('',(83.0012303518423,-128.582438209595,3.99706140323489));
#10976=CARTESIAN_POINT('Origin',(83.0012303518423,-128.582438209595,3.99706140323489));
#10977=CARTESIAN_POINT('Ctrl Pts',(96.4012303518423,-128.582438209611,4.25435454739846));
#10978=CARTESIAN_POINT('Ctrl Pts',(96.4175790561411,-128.598789927333,3.40290303159897));
#10979=CARTESIAN_POINT('Ctrl Pts',(96.4339277604397,-128.615141645055,2.55145151579949));
#10980=CARTESIAN_POINT('Ctrl Pts',(96.4502764647385,-128.631493362778,1.7));
#10981=CARTESIAN_POINT('Ctrl Pts',(98.2008190916939,-126.782782573265,4.28890841643414));
#10982=CARTESIAN_POINT('Ctrl Pts',(98.2339710347922,-126.782782573265,3.42593894428942));
#10983=CARTESIAN_POINT('Ctrl Pts',(98.2671229778905,-126.782782573265,2.56296947214471));
#10984=CARTESIAN_POINT('Ctrl Pts',(98.3002749209888,-126.782782573265,1.7));
#10985=CARTESIAN_POINT('Ctrl Pts',(98.2008190916934,-127.18663936801,4.28890841643412));
#10986=CARTESIAN_POINT('Ctrl Pts',(98.2339838831264,-127.190351192272,3.42593919099004));
#10987=CARTESIAN_POINT('Ctrl Pts',(98.2671101295551,-127.194090575745,2.56296922544407));
#10988=CARTESIAN_POINT('Ctrl Pts',(98.3002749209882,-127.197802400006,1.69999999999999));
#10989=CARTESIAN_POINT('Ctrl Pts',(97.8718977048212,-128.130755247718,4.28259280316464));
#10990=CARTESIAN_POINT('Ctrl Pts',(97.9020100177807,-128.143159711354,3.41956496713967));
#10991=CARTESIAN_POINT('Ctrl Pts',(97.9321482340957,-128.15560923676,2.55653762848453));
#10992=CARTESIAN_POINT('Ctrl Pts',(97.9622605470552,-128.168013700396,1.69350979245956));
#10993=CARTESIAN_POINT('Ctrl Pts',(96.939646032011,-128.582438209612,4.2646926565938));
#10994=CARTESIAN_POINT('Ctrl Pts',(96.9612025379823,-128.599071088736,3.4015005406822));
#10995=CARTESIAN_POINT('Ctrl Pts',(96.9826932560192,-128.615542411077,2.53830716157773));
#10996=CARTESIAN_POINT('Ctrl Pts',(97.0042497619906,-128.6321752902,1.67511504566612));
#10997=CARTESIAN_POINT('Ctrl Pts',(96.4012303518423,-128.582438209611,4.25435454739846));
#10998=CARTESIAN_POINT('Ctrl Pts',(96.4178063233915,-128.599017236474,3.39106680034051));
#10999=CARTESIAN_POINT('Ctrl Pts',(96.4343822949406,-128.615596263337,2.52777905328255));
#11000=CARTESIAN_POINT('Ctrl Pts',(96.4509582664897,-128.6321752902,1.6644913062246));
#11001=CARTESIAN_POINT('',(98.2008190916939,-126.782782573265,4.28890841643412));
#11002=CARTESIAN_POINT('Origin',(98.2008190916939,-126.782782573265,4.28890841643412));
#11003=CARTESIAN_POINT('Ctrl Pts',(98.2008190917118,-113.382782573265,4.28890841643456));
#11004=CARTESIAN_POINT('Ctrl Pts',(98.2339710348101,-113.382782573265,3.4259389442897));
#11005=CARTESIAN_POINT('Ctrl Pts',(98.2671229779084,-113.382782573265,2.56296947214485));
#11006=CARTESIAN_POINT('Ctrl Pts',(98.3002749210067,-113.382782573265,1.69999999999999));
#11007=CARTESIAN_POINT('Ctrl Pts',(96.401230351864,-111.583126936912,4.25435454739898));
#11008=CARTESIAN_POINT('Ctrl Pts',(96.4178063234132,-111.56654791005,3.39106680034088));
#11009=CARTESIAN_POINT('Ctrl Pts',(96.4343822949623,-111.549968883187,2.52777905328278));
#11010=CARTESIAN_POINT('Ctrl Pts',(96.4509582665115,-111.533389856324,1.66449130622469));
#11011=CARTESIAN_POINT('Ctrl Pts',(96.8050421119907,-111.583126936913,4.26210812929549));
#11012=CARTESIAN_POINT('Ctrl Pts',(96.8253277135703,-111.566535292786,3.39889161077278));
#11013=CARTESIAN_POINT('Ctrl Pts',(96.8456412865577,-111.549981500452,2.53567562932854));
#11014=CARTESIAN_POINT('Ctrl Pts',(96.8659268881373,-111.533389856324,1.67245911080583));
#11015=CARTESIAN_POINT('Ctrl Pts',(97.7490855355889,-111.911975868814,4.28023468904807));
#11016=CARTESIAN_POINT('Ctrl Pts',(97.7780598829645,-111.898433850734,3.4171850029675));
#11017=CARTESIAN_POINT('Ctrl Pts',(97.8070797608937,-111.88486527896,2.55413619111823));
#11018=CARTESIAN_POINT('Ctrl Pts',(97.8360541082693,-111.87132326088,1.69108650503766));
#11019=CARTESIAN_POINT('Ctrl Pts',(98.2008190917125,-112.844306846937,4.28890841643458));
#11020=CARTESIAN_POINT('Ctrl Pts',(98.2340250000047,-112.83932314883,3.42593998047438));
#11021=CARTESIAN_POINT('Ctrl Pts',(98.2670690127152,-112.834406502382,2.5629684359602));
#11022=CARTESIAN_POINT('Ctrl Pts',(98.3002749210074,-112.829422804275,1.70000000000001));
#11023=CARTESIAN_POINT('Ctrl Pts',(98.2008190917118,-113.382782573265,4.28890841643456));
#11024=CARTESIAN_POINT('Ctrl Pts',(98.2339710348101,-113.382782573265,3.4259389442897));
#11025=CARTESIAN_POINT('Ctrl Pts',(98.2671229779084,-113.382782573265,2.56296947214485));
#11026=CARTESIAN_POINT('Ctrl Pts',(98.3002749210067,-113.382782573265,1.69999999999999));
#11027=CARTESIAN_POINT('Origin',(114.702678,-90.23301,0.));
#11028=CARTESIAN_POINT('',(114.405485044245,-88.3057901508261,3.79990644052724));
#11029=CARTESIAN_POINT('',(114.405485044245,-88.3057901508261,0.));
#11030=CARTESIAN_POINT('',(114.410357684514,-88.3050450539613,3.8));
#11031=CARTESIAN_POINT('Origin',(114.702678,-90.23301,3.80561283679658));
#11032=CARTESIAN_POINT('',(114.410357684515,-92.1609749460389,3.8));
#11033=CARTESIAN_POINT('Origin',(114.702678,-90.23301,3.8));
#11034=CARTESIAN_POINT('',(114.40105496537,-92.1595414804022,3.79982137866731));
#11035=CARTESIAN_POINT('Origin',(114.702678,-90.23301,3.80561283679658));
#11036=CARTESIAN_POINT('',(114.40105496537,-92.1595414804022,0.));
#11037=CARTESIAN_POINT('',(112.752678,-90.23301,0.));
#11038=CARTESIAN_POINT('',(112.752678,-90.23301,0.));
#11039=CARTESIAN_POINT('Origin',(114.702678,-90.23301,0.));
#11040=CARTESIAN_POINT('Origin',(21.7382151215778,-77.4460559995496,10.));
#11041=CARTESIAN_POINT('',(21.7198096553785,-55.7352092182015,-1.3));
#11042=CARTESIAN_POINT('',(21.7382151223435,-77.446055999549,-1.3));
#11043=CARTESIAN_POINT('',(21.7455032539861,-86.0430414996601,-1.3));
#11044=CARTESIAN_POINT('',(21.719813353878,-55.7352092150673,0.));
#11045=CARTESIAN_POINT('',(21.7198096553785,-55.7352092182015,10.));
#11046=CARTESIAN_POINT('',(21.7382151215778,-77.4460559995496,0.));
#11047=CARTESIAN_POINT('',(21.7363012817575,-75.187608421821,0.));
#11048=CARTESIAN_POINT('',(21.7382151223435,-77.446055999549,10.));
#11049=CARTESIAN_POINT('Origin',(21.718120983969,-131.036384593713,10.));
#11050=CARTESIAN_POINT('',(21.7243880326904,-108.611445811335,-1.3));
#11051=CARTESIAN_POINT('',(21.718120983969,-131.036384593713,-1.3));
#11052=CARTESIAN_POINT('',(21.7232157465744,-112.80615460581,-1.3));
#11053=CARTESIAN_POINT('',(21.724388032373,-108.611445811335,0.));
#11054=CARTESIAN_POINT('',(21.7243880326904,-108.611445811335,10.));
#11055=CARTESIAN_POINT('',(21.718120983969,-131.036384593713,0.));
#11056=CARTESIAN_POINT('',(21.7263492739439,-101.593685201156,0.));
#11057=CARTESIAN_POINT('',(21.718120983969,-131.036384593713,10.));
#11058=CARTESIAN_POINT('Origin',(114.699003834465,-55.2329389685755,-0.500000000000001));
#11059=CARTESIAN_POINT('',(115.323719701427,-53.3330100000176,-0.5));
#11060=CARTESIAN_POINT('',(114.074287967507,-53.3330100000163,-0.5));
#11061=CARTESIAN_POINT('',(106.718636600023,-53.3330100000086,-0.500000000000002));
#11062=CARTESIAN_POINT('Origin',(114.699003834465,-55.2329389685755,-0.500000000000001));
#11063=CARTESIAN_POINT('Origin',(114.699003834465,-55.2329389685755,-1.9));
#11064=CARTESIAN_POINT('',(115.323719701427,-53.3330100000176,-1.3));
#11065=CARTESIAN_POINT('',(115.323719701427,-53.3330100000176,-1.9));
#11066=CARTESIAN_POINT('',(114.074287967507,-53.3330100000163,-1.3));
#11067=CARTESIAN_POINT('',(114.074287967507,-53.3330100000163,-1.9));
#11068=CARTESIAN_POINT('Origin',(114.699003834465,-55.2329389685755,-1.3));
#11069=CARTESIAN_POINT('Origin',(78.614285398632,-94.591822417212,0.));
#11070=CARTESIAN_POINT('',(133.602677999859,-97.462334,0.));
#11071=CARTESIAN_POINT('',(133.602677999837,-103.802334,0.));
#11072=CARTESIAN_POINT('',(133.602677999934,-75.1624128478938,0.));
#11073=CARTESIAN_POINT('',(134.302677999837,-103.802334,0.));
#11074=CARTESIAN_POINT('',(134.402678000186,-103.802334,0.));
#11075=CARTESIAN_POINT('',(134.30267800014,-97.462334,0.));
#11076=CARTESIAN_POINT('',(134.302677999934,-75.1624128478963,0.));
#11077=CARTESIAN_POINT('',(134.402678000186,-97.462334,0.));
#11078=CARTESIAN_POINT('Origin',(78.614285398632,-94.591822417212,-1.3));
#11079=CARTESIAN_POINT('',(58.0612062813261,-48.9420844810056,-1.3));
#11080=CARTESIAN_POINT('',(58.0263854218108,-49.0807259253254,-1.3));
#11081=CARTESIAN_POINT('Origin',(59.0111931174705,-49.2543744282536,-1.3));
#11082=CARTESIAN_POINT('',(61.4811584531032,-46.466344,-1.3));
#11083=CARTESIAN_POINT('Origin',(61.481137191629,-50.0663211577,-1.3));
#11084=CARTESIAN_POINT('',(78.7247298263095,-46.4663439999957,-1.3));
#11085=CARTESIAN_POINT('',(70.0477219258616,-46.4663439999979,-1.3));
#11086=CARTESIAN_POINT('',(82.1486010773048,-48.9541532089684,-1.3));
#11087=CARTESIAN_POINT('Origin',(78.724669911037,-50.06639886412,-1.3));
#11088=CARTESIAN_POINT('',(82.6241398253188,-49.2996769999998,-1.3));
#11089=CARTESIAN_POINT('Origin',(82.6241398253187,-48.7996769999998,-1.3));
#11090=CARTESIAN_POINT('',(96.2247182635879,-49.2996769999974,-1.3));
#11091=CARTESIAN_POINT('',(80.2618700992315,-49.2996770000002,-1.3));
#11092=CARTESIAN_POINT('',(99.6486053643069,-51.7874819583974,-1.3));
#11093=CARTESIAN_POINT('Origin',(96.224712227345,-52.8996814263601,-1.3));
#11094=CARTESIAN_POINT('',(100.124145493075,-52.1330099999997,-1.3));
#11095=CARTESIAN_POINT('Origin',(100.124145493075,-51.6330099999997,-1.3));
#11096=CARTESIAN_POINT('',(131.20268472161,-52.13300999999,-1.3));
#11097=CARTESIAN_POINT('',(89.0118700992287,-52.1330100000032,-1.3));
#11098=CARTESIAN_POINT('',(134.802678,-55.7330032783937,-1.3));
#11099=CARTESIAN_POINT('Origin',(131.20265559438,-55.73303240561,-1.3));
#11100=CARTESIAN_POINT('',(134.802677999791,-117.5890615651,-1.3));
#11101=CARTESIAN_POINT('',(134.802677999934,-75.162412847898,-1.3));
#11102=CARTESIAN_POINT('',(135.091013435002,-118.038378625227,-1.3));
#11103=CARTESIAN_POINT('Origin',(135.844948283667,-117.237390333198,-1.3));
#11104=CARTESIAN_POINT('',(141.494086862805,-120.972762891843,-1.3));
#11105=CARTESIAN_POINT('',(107.286361410474,-105.296133145851,-1.3));
#11106=CARTESIAN_POINT('',(143.256978017987,-125.766860720024,-1.3));
#11107=CARTESIAN_POINT('Origin',(139.99416131901,-124.2454923276,-1.3));
#11108=CARTESIAN_POINT('',(136.322110269508,-140.638733914682,-1.3));
#11109=CARTESIAN_POINT('',(143.454552044543,-125.343161815292,-1.3));
#11110=CARTESIAN_POINT('',(131.575061123238,-142.397048404909,-1.3));
#11111=CARTESIAN_POINT('Origin',(133.05939991488,-139.1172918197,-1.3));
#11112=CARTESIAN_POINT('',(122.259749171911,-138.181136533777,-1.3));
#11113=CARTESIAN_POINT('',(100.617764777567,-128.386435143239,-1.3));
#11114=CARTESIAN_POINT('',(109.85831794171,-134.268313438946,-1.3));
#11115=CARTESIAN_POINT('Origin',(99.7472178774223,-187.923934351297,-1.3));
#11116=CARTESIAN_POINT('',(74.1272066165992,-133.029082924975,-1.3));
#11117=CARTESIAN_POINT('Origin',(87.936729045738,-250.5975413291,-1.3));
#11118=CARTESIAN_POINT('',(46.6660481279359,-134.636344001531,-1.3));
#11119=CARTESIAN_POINT('Origin',(46.6660481072705,100.763655998469,-1.3));
#11120=CARTESIAN_POINT('',(24.1181363000284,-134.636344003511,-1.3));
#11121=CARTESIAN_POINT('',(62.6401667650417,-134.636344000129,-1.3));
#11122=CARTESIAN_POINT('',(20.5181210165321,-131.036049231777,-1.3));
#11123=CARTESIAN_POINT('Origin',(24.118070001319,-131.0363949986,-1.3));
#11124=CARTESIAN_POINT('',(20.5243733551629,-108.663796468047,-1.3));
#11125=CARTESIAN_POINT('',(20.5232157911364,-112.805819230408,-1.3));
#11126=CARTESIAN_POINT('',(20.4971363484606,-108.456687252906,-1.3));
#11127=CARTESIAN_POINT('Origin',(19.7250280185543,-108.663573076371,-1.3));
#11128=CARTESIAN_POINT('',(13.7714733592406,-83.3561736887933,-1.3));
#11129=CARTESIAN_POINT('',(20.7173983222635,-109.278716050655,-1.3));
#11130=CARTESIAN_POINT('',(16.317998604192,-78.8851724711731,-1.3));
#11131=CARTESIAN_POINT('Origin',(17.240279040123,-82.3711772853,-1.3));
#11132=CARTESIAN_POINT('',(20.2416905303142,-77.8338218798642,-1.3));
#11133=CARTESIAN_POINT('',(43.4159640046546,-71.6242910147632,-1.3));
#11134=CARTESIAN_POINT('',(20.5382155512953,-77.4470728956356,-1.3));
#11135=CARTESIAN_POINT('Origin',(20.138103449572,-77.44735132802,-1.3));
#11136=CARTESIAN_POINT('',(20.5198137847437,-55.7362261111525,-1.3));
#11137=CARTESIAN_POINT('',(20.5455007472199,-86.0440487117144,-1.3));
#11138=CARTESIAN_POINT('',(24.1197698780875,-52.13301,-1.3));
#11139=CARTESIAN_POINT('Origin',(24.119974086063,-55.73317528596,-1.3));
#11140=CARTESIAN_POINT('',(57.1525939808544,-52.1330100009909,-1.3));
#11141=CARTESIAN_POINT('',(51.3670276389966,-52.1330100008174,-1.3));
#11142=CARTESIAN_POINT('',(57.5464636458746,-51.802492307831,-1.3));
#11143=CARTESIAN_POINT('Origin',(57.152622151722,-51.73310241344,-1.3));
#11144=CARTESIAN_POINT('',(54.205391271059,-70.7506187333627,-1.3));
#11145=CARTESIAN_POINT('',(131.202684721611,-53.3330100000342,-1.3));
#11146=CARTESIAN_POINT('',(88.676277382127,-53.3330099999896,-1.3));
#11147=CARTESIAN_POINT('',(98.7382693655788,-53.3330100000002,-1.3));
#11148=CARTESIAN_POINT('',(88.676277382127,-53.3330099999896,-1.3));
#11149=CARTESIAN_POINT('',(98.5881964906093,-52.4825922465694,-1.3));
#11150=CARTESIAN_POINT('',(101.889867844339,-71.1921687491559,-1.3));
#11151=CARTESIAN_POINT('',(96.2247182635882,-50.4996769999994,-1.3));
#11152=CARTESIAN_POINT('Origin',(96.224712227345,-52.8996814263601,-1.3));
#11153=CARTESIAN_POINT('',(81.2382693655787,-50.499677,-1.3));
#11154=CARTESIAN_POINT('',(79.9262773821044,-50.4996770000001,-1.3));
#11155=CARTESIAN_POINT('',(81.0881939726806,-49.6492449782262,-1.3));
#11156=CARTESIAN_POINT('',(84.8965737915301,-71.2301856406669,-1.3));
#11157=CARTESIAN_POINT('',(78.7247298263098,-47.6663440001827,-1.3));
#11158=CARTESIAN_POINT('Origin',(78.724669911037,-50.06639886412,-1.3));
#11159=CARTESIAN_POINT('',(61.4811584531035,-47.666344,-1.3));
#11160=CARTESIAN_POINT('',(70.0477219261164,-47.6663440000908,-1.3));
#11161=CARTESIAN_POINT('',(59.2056159737092,-49.3035016871713,-1.3));
#11162=CARTESIAN_POINT('Origin',(61.481137191629,-50.0663211577,-1.3));
#11163=CARTESIAN_POINT('',(58.7282328821782,-52.0108705116113,-1.3));
#11164=CARTESIAN_POINT('',(55.3871605058508,-70.9589969368766,-1.3));
#11165=CARTESIAN_POINT('',(57.1525939808184,-53.333010001239,-1.3));
#11166=CARTESIAN_POINT('Origin',(57.152622151722,-51.73310241344,-1.3));
#11167=CARTESIAN_POINT('',(24.1197698780516,-53.3330100007239,-1.3));
#11168=CARTESIAN_POINT('',(51.3670276386635,-53.3330100011488,-1.3));
#11169=CARTESIAN_POINT('Origin',(24.119974086063,-55.73317528596,-1.3));
#11170=CARTESIAN_POINT('',(20.5522735246325,-78.9929328341658,-1.3));
#11171=CARTESIAN_POINT('Origin',(20.138103449572,-77.44735132802,-1.3));
#11172=CARTESIAN_POINT('',(16.6265663411208,-80.044823412006,-1.3));
#11173=CARTESIAN_POINT('',(43.7258534533853,-72.7835878060229,-1.3));
#11174=CARTESIAN_POINT('',(14.9280412498466,-83.0360998536674,-1.3));
#11175=CARTESIAN_POINT('Origin',(17.240279040123,-82.3711772853,-1.3));
#11176=CARTESIAN_POINT('',(21.6698762894595,-108.196968321377,-1.3));
#11177=CARTESIAN_POINT('',(21.876509306782,-108.968133168825,-1.3));
#11178=CARTESIAN_POINT('Origin',(20.1250427365419,-108.6109669921,-1.3));
#11179=CARTESIAN_POINT('',(24.1181362999231,-133.436344003282,-1.3));
#11180=CARTESIAN_POINT('Origin',(24.118070001319,-131.0363949986,-1.3));
#11181=CARTESIAN_POINT('',(46.6660481278306,-133.436344001531,-1.3));
#11182=CARTESIAN_POINT('',(62.6401667647393,-133.436344000291,-1.3));
#11183=CARTESIAN_POINT('',(73.9872177032127,-131.83727626946,-1.3));
#11184=CARTESIAN_POINT('Origin',(46.6660481072711,100.763655998463,-1.3));
#11185=CARTESIAN_POINT('',(110.080539921145,-133.08906902329,-1.3));
#11186=CARTESIAN_POINT('Origin',(87.936729045738,-250.5975413291,-1.3));
#11187=CARTESIAN_POINT('',(122.754530079482,-137.087888230095,-1.3));
#11188=CARTESIAN_POINT('Origin',(99.7472178774223,-187.923934351297,-1.3));
#11189=CARTESIAN_POINT('',(132.06984203081,-141.303800101227,-1.3));
#11190=CARTESIAN_POINT('',(101.112545685138,-127.293186839558,-1.3));
#11191=CARTESIAN_POINT('',(135.234540907876,-140.131592037428,-1.3));
#11192=CARTESIAN_POINT('Origin',(133.05939991488,-139.1172918197,-1.3));
#11193=CARTESIAN_POINT('',(142.169408656364,-125.259718842775,-1.3));
#11194=CARTESIAN_POINT('',(142.366982682911,-124.836019938061,-1.3));
#11195=CARTESIAN_POINT('',(140.994151575801,-122.063663762684,-1.3));
#11196=CARTESIAN_POINT('Origin',(139.99416131901,-124.2454923276,-1.3));
#11197=CARTESIAN_POINT('',(134.445247451332,-119.062448573354,-1.3));
#11198=CARTESIAN_POINT('',(106.740996141502,-106.366214476807,-1.3));
#11199=CARTESIAN_POINT('',(133.60267799979,-117.749468426892,-1.3));
#11200=CARTESIAN_POINT('Origin',(135.844948283667,-117.237390333198,-1.3));
#11201=CARTESIAN_POINT('',(133.602678,-55.7330032783896,-1.3));
#11202=CARTESIAN_POINT('',(133.602677999934,-75.1624128478938,-1.3));
#11203=CARTESIAN_POINT('Origin',(131.20265559438,-55.73303240561,-1.3));
#11204=CARTESIAN_POINT('Origin',(134.552677999999,-97.4623340000008,1.535));
#11205=CARTESIAN_POINT('',(134.302677999726,-95.9643353351141,1.2));
#11206=CARTESIAN_POINT('',(134.802677999865,-95.455097093205,1.2));
#11207=CARTESIAN_POINT('Ctrl Pts',(134.302677999726,-95.9643353351141,1.2));
#11208=CARTESIAN_POINT('Ctrl Pts',(134.51635816967,-95.7453771554697,1.2));
#11209=CARTESIAN_POINT('Ctrl Pts',(134.802677999865,-95.455097093205,1.2));
#11210=CARTESIAN_POINT('Origin',(134.30267800014,-97.462334,1.535));
#11211=CARTESIAN_POINT('',(134.802677999859,-97.4623340000017,-0.500000000001053));
#11212=CARTESIAN_POINT('',(134.30267800014,-97.462334,0.));
#11213=CARTESIAN_POINT('Origin',(134.802677999859,-97.4623340000017,1.535));
#11214=CARTESIAN_POINT('Origin',(134.552677999934,-75.1624128478971,-0.25));
#11215=CARTESIAN_POINT('',(134.802677999837,-103.802334000002,-0.5));
#11216=CARTESIAN_POINT('',(134.302677999837,-103.802334,0.));
#11217=CARTESIAN_POINT('',(134.802677999934,-75.162412847898,-0.5));
#11218=CARTESIAN_POINT('Origin',(134.552678000002,-103.802334000001,1.535));
#11219=CARTESIAN_POINT('',(134.80267799983,-105.809570906795,1.2));
#11220=CARTESIAN_POINT('',(134.302677999746,-105.300332664886,1.2));
#11221=CARTESIAN_POINT('Ctrl Pts',(134.802678000204,-105.809570907174,1.2));
#11222=CARTESIAN_POINT('Ctrl Pts',(134.516358169803,-105.51929084467,1.2));
#11223=CARTESIAN_POINT('Ctrl Pts',(134.302677999746,-105.300332664886,1.2));
#11224=CARTESIAN_POINT('Origin',(134.802677999837,-103.802334000002,1.535));
#11225=CARTESIAN_POINT('Origin',(134.302678000167,-103.802334,1.535));
#11226=CARTESIAN_POINT('Origin',(78.614285398632,-94.591822417212,1.2));
#11227=CARTESIAN_POINT('',(80.1888768177301,-131.272103095737,1.2));
#11228=CARTESIAN_POINT('',(78.7591744264895,-131.412185630327,1.1999999999999));
#11229=CARTESIAN_POINT('',(80.1888768177301,-131.272103095737,1.20000000000008));
#11230=CARTESIAN_POINT('',(73.9872177032127,-131.83727626946,1.2));
#11231=CARTESIAN_POINT('Origin',(87.936729045738,-250.5975413291,1.2));
#11232=CARTESIAN_POINT('',(56.7591744264896,-133.218755308672,1.2));
#11233=CARTESIAN_POINT('Origin',(46.6660481072705,100.763655998469,1.2));
#11234=CARTESIAN_POINT('',(56.7591744264896,-134.419865535469,1.2));
#11235=CARTESIAN_POINT('',(56.7591744264896,-111.545912151104,1.2));
#11236=CARTESIAN_POINT('',(74.1272066165992,-133.029082924975,1.2));
#11237=CARTESIAN_POINT('Origin',(46.6660481072705,100.763655998469,1.2));
#11238=CARTESIAN_POINT('',(78.7591744264895,-132.577128635134,1.2));
#11239=CARTESIAN_POINT('Origin',(87.936729045738,-250.5975413291,1.2));
#11240=CARTESIAN_POINT('',(78.7591744264895,-115.232638392892,1.2));
#11241=CARTESIAN_POINT('Origin',(134.552678,-111.7497339851,1.93499998509883));
#11242=CARTESIAN_POINT('',(134.302677999772,-110.801169268327,1.2));
#11243=CARTESIAN_POINT('',(134.802677999815,-110.216836394943,1.2));
#11244=CARTESIAN_POINT('Ctrl Pts',(134.302677999772,-110.801169268327,1.2));
#11245=CARTESIAN_POINT('Ctrl Pts',(134.493808188362,-110.559376355063,1.2));
#11246=CARTESIAN_POINT('Ctrl Pts',(134.802678000187,-110.216836394531,1.2));
#11247=CARTESIAN_POINT('',(134.302678000189,-111.749733985099,0.73499998509883));
#11248=CARTESIAN_POINT('Origin',(134.302678000189,-111.749733985099,1.93499998509883));
#11249=CARTESIAN_POINT('',(134.80267799981,-111.749733985101,0.234999985098082));
#11250=CARTESIAN_POINT('',(134.302678000189,-111.749733985099,0.73499998509883));
#11251=CARTESIAN_POINT('Origin',(134.80267799981,-111.749733985101,1.93499998509883));
#11252=CARTESIAN_POINT('Origin',(134.552677999901,-84.8413686466507,0.48499998509883));
#11253=CARTESIAN_POINT('',(134.302677999803,-113.949734014901,0.734999985098838));
#11254=CARTESIAN_POINT('',(134.802677999803,-113.949734014903,0.23499998509883));
#11255=CARTESIAN_POINT('',(134.302677999803,-113.949734014901,0.734999985098838));
#11256=CARTESIAN_POINT('',(134.802677999901,-84.8413686466515,0.23499998509883));
#11257=CARTESIAN_POINT('',(134.302677999901,-84.8413686466498,0.73499998509883));
#11258=CARTESIAN_POINT('Origin',(134.552678000001,-113.949734014902,1.93499998509883));
#11259=CARTESIAN_POINT('',(134.802677999798,-115.482631605057,1.2));
#11260=CARTESIAN_POINT('',(134.30267799978,-114.898298731673,1.2));
#11261=CARTESIAN_POINT('Ctrl Pts',(134.802677999798,-115.482631605057,1.2));
#11262=CARTESIAN_POINT('Ctrl Pts',(134.746662012575,-115.420509269627,1.2));
#11263=CARTESIAN_POINT('Ctrl Pts',(134.460305845278,-115.097708862838,1.2));
#11264=CARTESIAN_POINT('Ctrl Pts',(134.30267799978,-114.898298731673,1.2));
#11265=CARTESIAN_POINT('Origin',(134.802677999803,-113.949734014903,1.93499998509883));
#11266=CARTESIAN_POINT('Origin',(134.3026780002,-113.949734014901,1.93499998509883));
#11267=CARTESIAN_POINT('Origin',(132.402678000186,-113.949734014901,0.73499998509883));
#11268=CARTESIAN_POINT('',(133.60267799981,-111.749733985099,0.73499998509883));
#11269=CARTESIAN_POINT('',(132.402678000186,-111.749733985099,0.73499998509883));
#11270=CARTESIAN_POINT('',(133.602677999803,-113.949734014901,0.734999985098838));
#11271=CARTESIAN_POINT('',(133.602677999796,-115.849601220898,0.73499998509883));
#11272=CARTESIAN_POINT('',(132.402678000186,-113.949734014901,0.734999985098838));
#11273=CARTESIAN_POINT('Origin',(20.5382155520608,-77.4470728956351,1.2));
#11274=CARTESIAN_POINT('',(20.5382155505299,-77.4470728956362,1.2));
#11275=CARTESIAN_POINT('',(20.5382155520608,-77.4470728956351,1.2));
#11276=CARTESIAN_POINT('',(20.5198100862442,-55.7362261142867,1.2));
#11277=CARTESIAN_POINT('',(20.5198100862442,-55.7362261142867,1.2));
#11278=CARTESIAN_POINT('',(20.5198174828675,-55.7362261080187,1.2));
#11279=CARTESIAN_POINT('Origin',(16.3173704412117,-78.8853407870178,1.2));
#11280=CARTESIAN_POINT('',(16.317998604192,-78.8851724711731,1.2));
#11281=CARTESIAN_POINT('',(16.317998604192,-78.8851724711731,1.2));
#11282=CARTESIAN_POINT('',(20.2416905301542,-77.8338218792673,1.2));
#11283=CARTESIAN_POINT('',(20.2416905301542,-77.8338218792673,1.2));
#11284=CARTESIAN_POINT('',(20.2416905303142,-77.8338218798642,1.2));
#11285=CARTESIAN_POINT('Origin',(78.614285398632,-94.591822417212,1.2));
#11286=CARTESIAN_POINT('',(113.386534463738,-53.3330099994581,1.2));
#11287=CARTESIAN_POINT('',(88.676277382127,-53.3330099999896,1.2));
#11288=CARTESIAN_POINT('',(113.38653444417,-53.7907447723808,1.2));
#11289=CARTESIAN_POINT('Origin',(59.595000834465,-65.8890009685755,1.5));
#11290=CARTESIAN_POINT('',(60.406500834465,-65.8890009685755,0.));
#11291=CARTESIAN_POINT('Origin',(59.595000834465,-65.8890009685755,0.));
#11292=CARTESIAN_POINT('',(60.406500834465,-65.8890009685755,3.));
#11293=CARTESIAN_POINT('',(60.406500834465,-65.8890009685755,1.5));
#11294=CARTESIAN_POINT('Origin',(59.595000834465,-65.8890009685755,3.));
#11295=CARTESIAN_POINT('Origin',(59.595000834465,-65.8890009685755,3.));
#11296=CARTESIAN_POINT('Origin',(114.702678,-90.23301,1.5));
#11297=CARTESIAN_POINT('',(115.514178,-90.23301,0.));
#11298=CARTESIAN_POINT('Origin',(114.702678,-90.23301,0.));
#11299=CARTESIAN_POINT('',(115.514178,-90.23301,3.));
#11300=CARTESIAN_POINT('',(115.514178,-90.23301,1.5));
#11301=CARTESIAN_POINT('Origin',(114.702678,-90.23301,3.));
#11302=CARTESIAN_POINT('Origin',(114.702678,-90.23301,3.));
#11303=CARTESIAN_POINT('Origin',(63.958361,-105.013870999999,1.35));
#11304=CARTESIAN_POINT('',(64.769861,-105.013870999999,0.));
#11305=CARTESIAN_POINT('Origin',(63.958361,-105.013870999999,0.));
#11306=CARTESIAN_POINT('',(64.769861,-105.013870999999,2.7));
#11307=CARTESIAN_POINT('',(64.769861,-105.013870999999,1.35));
#11308=CARTESIAN_POINT('Origin',(63.958361,-105.013870999999,2.7));
#11309=CARTESIAN_POINT('Origin',(63.958361,-105.013870999999,2.7));
#11310=CARTESIAN_POINT('Origin',(49.597005,-129.879859999999,1.25));
#11311=CARTESIAN_POINT('',(50.408505,-129.879859999999,0.));
#11312=CARTESIAN_POINT('Origin',(49.597005,-129.879859999999,0.));
#11313=CARTESIAN_POINT('',(50.408505,-129.879859999999,2.5));
#11314=CARTESIAN_POINT('',(50.408505,-129.879859999999,1.25));
#11315=CARTESIAN_POINT('Origin',(49.597005,-129.879859999999,2.5));
#11316=CARTESIAN_POINT('Origin',(49.597005,-129.879859999999,2.5));
#11317=CARTESIAN_POINT('Origin',(49.597005,-129.879859999999,0.));
#11318=CARTESIAN_POINT('',(51.647005,-129.879859999999,0.));
#11319=CARTESIAN_POINT('',(51.647005,-129.879859999999,0.));
#11320=CARTESIAN_POINT('Origin',(49.597005,-129.879859999999,0.));
#11321=CARTESIAN_POINT('Origin',(56.777683,-117.446865499999,0.));
#11322=CARTESIAN_POINT('Origin',(63.958361,-105.013870999999,0.));
#11323=CARTESIAN_POINT('',(66.008361,-105.013870999999,0.));
#11324=CARTESIAN_POINT('',(66.008361,-105.013870999999,0.));
#11325=CARTESIAN_POINT('Origin',(63.958361,-105.013870999999,0.));
#11326=CARTESIAN_POINT('Origin',(56.777683,-117.446865499999,0.));
#11327=CARTESIAN_POINT('Origin',(114.702678,-90.23301,0.));
#11328=CARTESIAN_POINT('',(116.389488734492,-91.5661152263601,3.8));
#11329=CARTESIAN_POINT('',(116.389488734923,-91.5661152263601,0.));
#11330=CARTESIAN_POINT('',(116.389488734528,-88.8999047736399,3.8));
#11331=CARTESIAN_POINT('Origin',(114.702678,-90.23301,3.8));
#11332=CARTESIAN_POINT('',(116.389488734923,-88.8999047736399,0.));
#11333=CARTESIAN_POINT('Origin',(116.389488734923,-59.8156876578151,3.8));
#11334=CARTESIAN_POINT('',(116.389488734531,-92.9674627202591,3.8));
#11335=CARTESIAN_POINT('',(116.38948873501,-92.9674627202591,3.8));
#11336=CARTESIAN_POINT('',(116.389488734923,-59.815687657815,3.8));
#11337=CARTESIAN_POINT('Origin',(113.38653444417,-53.7907447723808,1.7));
#11338=CARTESIAN_POINT('',(113.386534463738,-53.3330099999956,1.45));
#11339=CARTESIAN_POINT('Origin',(116.649003915689,-53.3330099999946,1.7));
#11340=CARTESIAN_POINT('',(116.649003915689,-53.3330099999946,1.2));
#11341=CARTESIAN_POINT('',(116.649003915689,-53.3330099999946,1.2));
#11342=CARTESIAN_POINT('',(116.649003915689,-53.3330099999946,3.8));
#11343=CARTESIAN_POINT('',(116.649003915689,-53.3330099999946,1.45));
#11344=CARTESIAN_POINT('',(116.649003823713,-55.4844480681399,3.8));
#11345=CARTESIAN_POINT('Origin',(131.202684721611,-53.33300999999,1.2));
#11346=CARTESIAN_POINT('',(88.676277382127,-53.3330099999896,1.2));
#11347=CARTESIAN_POINT('',(106.718636600023,-53.3330100000086,0.));
#11348=CARTESIAN_POINT('',(98.7382693655788,-53.3330100000002,1.2));
#11349=CARTESIAN_POINT('',(131.202684721611,-53.33300999999,3.8));
#11350=CARTESIAN_POINT('',(131.202684721611,-53.33300999999,1.2));
#11351=CARTESIAN_POINT('',(104.908485060115,-53.3330099999982,3.8));
#11352=CARTESIAN_POINT('Origin',(116.849003834519,-53.9068601758082,6.1));
#11353=CARTESIAN_POINT('',(116.849003834465,-55.2329389686631,3.8));
#11354=CARTESIAN_POINT('',(116.849003834465,-55.2329389686631,0.));
#11355=CARTESIAN_POINT('',(116.849003834519,-53.9000021276277,3.8));
#11356=CARTESIAN_POINT('',(116.849003834458,-55.3931256653761,3.8));
#11357=CARTESIAN_POINT('',(116.849003834519,-53.9000021276277,4.95));
#11358=CARTESIAN_POINT('Origin',(130.702684721611,-53.9000021276276,3.8));
#11359=CARTESIAN_POINT('',(130.702684721611,-53.9000021276276,3.8));
#11360=CARTESIAN_POINT('',(116.327757954033,-53.9000021276277,3.8));
#11361=CARTESIAN_POINT('',(130.702684721611,-53.9000021276276,3.8));
#11362=CARTESIAN_POINT('Origin',(114.699003834465,-55.2329389685755,0.));
#11363=CARTESIAN_POINT('',(116.389488734923,-56.5613819674745,3.8));
#11364=CARTESIAN_POINT('',(116.389488734923,-56.5613819674745,0.));
#11365=CARTESIAN_POINT('Origin',(114.699003834465,-55.2329389685755,3.8));
#11366=CARTESIAN_POINT('Origin',(116.389488734923,-59.8156876578151,3.8));
#11367=CARTESIAN_POINT('',(116.389488734923,-59.815687657815,3.8));
#11368=CARTESIAN_POINT('Origin',(78.7591744264895,-135.873454368572,0.));
#11369=CARTESIAN_POINT('',(78.7591744264895,-130.40739703528,2.7));
#11370=CARTESIAN_POINT('',(78.7591744264895,-128.500001884997,2.7));
#11371=CARTESIAN_POINT('',(78.7591744264895,-131.249563718993,2.7));
#11372=CARTESIAN_POINT('',(78.7591744264895,-130.40739703528,0.));
#11373=CARTESIAN_POINT('',(78.7591744264895,-131.411152411002,3.11546231092466));
#11374=CARTESIAN_POINT('',(78.7591744264895,-131.411152411002,0.85));
#11375=CARTESIAN_POINT('',(78.7591744264895,-131.411819407769,1.87886433762201));
#11376=CARTESIAN_POINT('',(78.7591744264895,-131.411819407769,1.87886433762201));
#11377=CARTESIAN_POINT('',(78.7591744264895,-131.411919681135,1.69298194790356));
#11378=CARTESIAN_POINT('',(78.7591744264895,-131.411919681135,1.69298194790356));
#11379=CARTESIAN_POINT('',(78.7591744264895,-131.412185630327,1.1999999999999));
#11380=CARTESIAN_POINT('',(78.7591744259111,-132.577128635179,2.91393682555408));
#11381=CARTESIAN_POINT('',(78.7591744264895,-132.577128635134,-1.9));
#11382=CARTESIAN_POINT('',(78.7591744252789,-131.572656394545,3.91560976836469));
#11383=CARTESIAN_POINT('Ctrl Pts',(78.7591744264895,-131.572656394545,3.915609768402));
#11384=CARTESIAN_POINT('Ctrl Pts',(78.7591744264895,-131.70697500045,3.91560974872801));
#11385=CARTESIAN_POINT('Ctrl Pts',(78.7591744264895,-131.841379192907,3.88766752235177));
#11386=CARTESIAN_POINT('Ctrl Pts',(78.7591744264895,-132.066873098293,3.79253060834684));
#11387=CARTESIAN_POINT('Ctrl Pts',(78.7591744264895,-132.178668353484,3.72645429866215));
#11388=CARTESIAN_POINT('Ctrl Pts',(78.7591744264895,-132.372485724494,3.53083266309943));
#11389=CARTESIAN_POINT('Ctrl Pts',(78.7591744264895,-132.44498946222,3.42213072734918));
#11390=CARTESIAN_POINT('Ctrl Pts',(78.7591744264895,-132.521875218329,3.24273351496764));
#11391=CARTESIAN_POINT('Ctrl Pts',(78.7591744264895,-132.542284120185,3.17865242438957));
#11392=CARTESIAN_POINT('Ctrl Pts',(78.7591744264895,-132.569921162879,3.04768318055275));
#11393=CARTESIAN_POINT('Ctrl Pts',(78.7591744264895,-132.577128635134,2.98087371303629));
#11394=CARTESIAN_POINT('Ctrl Pts',(78.7591744264895,-132.577128635134,2.91393682559297));
#11395=CARTESIAN_POINT('',(78.7591744264895,-129.233178625711,3.91560976840199));
#11396=CARTESIAN_POINT('',(78.7591744264895,-128.500001884997,0.));
#11397=CARTESIAN_POINT('Origin',(58.7591744264895,-128.500001884997,0.));
#11398=CARTESIAN_POINT('',(58.7591744264895,-126.500001884997,2.7));
#11399=CARTESIAN_POINT('',(56.7591744264896,-128.500001884997,2.7));
#11400=CARTESIAN_POINT('Origin',(58.7591744264895,-128.500001884997,2.7));
#11401=CARTESIAN_POINT('',(58.7591744264895,-126.500001884997,0.));
#11402=CARTESIAN_POINT('',(56.7591744264896,-128.500001884997,0.));
#11403=CARTESIAN_POINT('Origin',(76.7591744264895,-126.500001884997,0.));
#11404=CARTESIAN_POINT('',(76.7591744264895,-126.500001884997,2.7));
#11405=CARTESIAN_POINT('',(72.2510090022412,-126.500001884997,2.7));
#11406=CARTESIAN_POINT('',(76.7591744264895,-126.500001884997,0.));
#11407=CARTESIAN_POINT('Origin',(56.7591744264896,-128.500001884997,0.));
#11408=CARTESIAN_POINT('',(56.7591744264896,-132.217821379249,2.7));
#11409=CARTESIAN_POINT('',(56.7591744264896,-127.562837477205,2.7));
#11410=CARTESIAN_POINT('',(56.7591744264715,-134.419865535047,2.49218059587277));
#11411=CARTESIAN_POINT('Ctrl Pts',(56.7591744264896,-134.419865534201,2.49218059587277));
#11412=CARTESIAN_POINT('Ctrl Pts',(56.7591744264896,-134.419865524111,2.55919408670241));
#11413=CARTESIAN_POINT('Ctrl Pts',(56.7591744264896,-134.412657116549,2.62608243422581));
#11414=CARTESIAN_POINT('Ctrl Pts',(56.7591744264896,-134.385004457912,2.75722535985691));
#11415=CARTESIAN_POINT('Ctrl Pts',(56.7591744264896,-134.364576045324,2.8214040441301));
#11416=CARTESIAN_POINT('Ctrl Pts',(56.7591744264896,-134.28778200478,3.00062060758448));
#11417=CARTESIAN_POINT('Ctrl Pts',(56.7591744224801,-134.21551313459,3.10910274769496));
#11418=CARTESIAN_POINT('Ctrl Pts',(56.7591744224801,-134.022199327814,3.30445412339168));
#11419=CARTESIAN_POINT('Ctrl Pts',(56.7591744264896,-133.910659563522,3.37043289183312));
#11420=CARTESIAN_POINT('Ctrl Pts',(56.7591744264896,-133.685871287756,3.46533114966139));
#11421=CARTESIAN_POINT('Ctrl Pts',(56.7591744264896,-133.551961038192,3.49318818843238));
#11422=CARTESIAN_POINT('Ctrl Pts',(56.7591744264896,-133.418112950653,3.49318818843238));
#11423=CARTESIAN_POINT('',(56.7591744264896,-134.419865535469,1.2));
#11424=CARTESIAN_POINT('',(56.7591744264896,-133.218755308672,1.2));
#11425=CARTESIAN_POINT('',(56.7591744264896,-132.217821379249,0.));
#11426=CARTESIAN_POINT('Origin',(76.7591744264896,-128.500001884997,0.));
#11427=CARTESIAN_POINT('Origin',(76.7591744264896,-128.500001884997,2.7));
#11428=CARTESIAN_POINT('Ctrl Pts',(80.1757492920004,-131.27295619681,1.88850424382643));
#11429=CARTESIAN_POINT('Ctrl Pts',(79.7035576701634,-131.319243933796,1.88529094175829));
#11430=CARTESIAN_POINT('Ctrl Pts',(79.2313660483265,-131.365531670783,1.88207763969015));
#11431=CARTESIAN_POINT('Ctrl Pts',(78.7591744264895,-131.411819407769,1.87886433762201));
#11432=CARTESIAN_POINT('Ctrl Pts',(80.1745512458364,-131.273034118824,1.95133899178361));
#11433=CARTESIAN_POINT('Ctrl Pts',(79.7023654145791,-131.319323333616,1.94783245138507));
#11434=CARTESIAN_POINT('Ctrl Pts',(79.2301795801623,-131.365612506603,1.94432583964132));
#11435=CARTESIAN_POINT('Ctrl Pts',(78.7579937489051,-131.411901721396,1.94081929924277));
#11436=CARTESIAN_POINT('Ctrl Pts',(80.1598135489876,-131.273993473517,2.7243015978662));
#11437=CARTESIAN_POINT('Ctrl Pts',(79.6876989278364,-131.320300649753,2.71718773999003));
#11438=CARTESIAN_POINT('Ctrl Pts',(79.2155843020399,-131.366607764565,2.71007377744569));
#11439=CARTESIAN_POINT('Ctrl Pts',(78.7434696808887,-131.412914940801,2.70295991956952));
#11440=CARTESIAN_POINT('Ctrl Pts',(80.1518457555032,-131.274513308987,3.1422029665254));
#11441=CARTESIAN_POINT('Ctrl Pts',(79.6797696263006,-131.320830093884,3.13313864178135));
#11442=CARTESIAN_POINT('Ctrl Pts',(79.2076934970979,-131.36714687878,3.1240743170373));
#11443=CARTESIAN_POINT('Ctrl Pts',(78.7356173678953,-131.413463663676,3.11500999229326));
#11444=CARTESIAN_POINT('',(80.1518457555032,-131.274513308987,3.14220296652379));
#11445=CARTESIAN_POINT('',(76.1827404617894,-131.663933965418,3.06599225155844));
#11446=CARTESIAN_POINT('',(80.1757492920003,-131.27295619681,1.88850424382699));
#11447=CARTESIAN_POINT('',(80.1757492920004,-131.27295619681,1.88850424382643));
#11448=CARTESIAN_POINT('',(80.1757492920004,-131.27295619681,1.88850424382643));
#11449=CARTESIAN_POINT('Origin',(70.2009383871499,-132.250826254274,1.7));
#11450=CARTESIAN_POINT('',(80.1518457555032,-131.274513308987,1.7));
#11451=CARTESIAN_POINT('Origin',(70.1351228589124,-131.252383383083,0.));
#11452=CARTESIAN_POINT('',(80.0913635633727,-130.276868869424,2.7));
#11453=CARTESIAN_POINT('Origin',(67.7428435779929,-126.625673069413,2.7));
#11454=CARTESIAN_POINT('Origin',(46.6660481072705,100.763655998469,2.7));
#11455=CARTESIAN_POINT('',(55.9531150437637,-121.000001788139,2.7));
#11456=CARTESIAN_POINT('Origin',(46.6660481072705,100.763655998469,0.));
#11457=CARTESIAN_POINT('Origin',(46.6660481072705,100.763655998469,1.2));
#11458=CARTESIAN_POINT('',(73.9872177032127,-131.83727626946,1.2));
#11459=CARTESIAN_POINT('',(46.6660481278306,-133.436344001531,1.2));
#11460=CARTESIAN_POINT('Origin',(78.614285398632,-94.591822417212,1.2));
#11461=CARTESIAN_POINT('Origin',(79.5325721122222,-121.000001788139,0.));
#11462=CARTESIAN_POINT('Origin',(80.0300009466107,-130.291321161261,3.94001088415185));
#11463=CARTESIAN_POINT('Origin',(87.9175503331344,-250.6417047612,4.09145956937356));
#11464=CARTESIAN_POINT('Origin',(87.936729045738,-250.5975413291,1.2));
#11465=CARTESIAN_POINT('',(110.080539921145,-133.08906902329,1.2));
#11466=CARTESIAN_POINT('Origin',(87.936729045738,-250.5975413291,271.015624480367));
#11467=CARTESIAN_POINT('Origin',(114.699003834465,-55.2329389685755,1.5));
#11468=CARTESIAN_POINT('',(115.510503834465,-55.2329389685755,0.));
#11469=CARTESIAN_POINT('Origin',(114.699003834465,-55.2329389685755,0.));
#11470=CARTESIAN_POINT('',(115.510503834465,-55.2329389685755,3.));
#11471=CARTESIAN_POINT('',(115.510503834465,-55.2329389685755,1.5));
#11472=CARTESIAN_POINT('Origin',(114.699003834465,-55.2329389685755,3.));
#11473=CARTESIAN_POINT('Origin',(114.699003834465,-55.2329389685755,3.));
#11474=CARTESIAN_POINT('Origin',(114.699003834465,-55.2329389685755,0.));
#11475=CARTESIAN_POINT('Origin',(127.40088899538,-114.000001683832,1.5));
#11476=CARTESIAN_POINT('',(126.80088899538,-113.400001683831,3.8));
#11477=CARTESIAN_POINT('',(126.80088899538,-113.400001683831,1.5));
#11478=CARTESIAN_POINT('',(128.40088899538,-115.000001683831,3.8));
#11479=CARTESIAN_POINT('',(110.151543224219,-96.7506559126696,3.8));
#11480=CARTESIAN_POINT('',(128.40088899538,-115.000001683831,1.5));
#11481=CARTESIAN_POINT('Origin',(128.40088899538,-113.400001683831,1.5));
#11482=CARTESIAN_POINT('',(114.402677999925,-113.400001683835,3.79985254252269));
#11483=CARTESIAN_POINT('',(114.402677999925,-113.400001683835,1.5));
#11484=CARTESIAN_POINT('',(114.410357684522,-113.400001683835,3.8));
#11485=CARTESIAN_POINT('',(103.480895076342,-113.400001683839,3.59014359712865));
#11486=CARTESIAN_POINT('',(122.526783497694,-113.400001683833,3.8));
#11487=CARTESIAN_POINT('Origin',(122.202678,-117.533009999999,1.5));
#11488=CARTESIAN_POINT('',(123.014178,-117.533009999999,0.));
#11489=CARTESIAN_POINT('Origin',(122.202678,-117.533009999999,0.));
#11490=CARTESIAN_POINT('',(123.014178,-117.533009999999,3.));
#11491=CARTESIAN_POINT('',(123.014178,-117.533009999999,1.5));
#11492=CARTESIAN_POINT('Origin',(122.202678,-117.533009999999,3.));
#11493=CARTESIAN_POINT('Origin',(122.202678,-117.533009999999,3.));
#11494=CARTESIAN_POINT('Origin',(122.202678,-117.533009999999,0.));
#11495=CARTESIAN_POINT('',(124.152678,-117.533009999999,0.));
#11496=CARTESIAN_POINT('',(124.152678,-117.533009999999,0.));
#11497=CARTESIAN_POINT('Origin',(122.202678,-117.533009999999,0.));
#11498=CARTESIAN_POINT('Origin',(122.202678,-117.533009999999,0.));
#11499=CARTESIAN_POINT('Origin',(115.889488734797,-52.1330099999883,6.8));
#11500=CARTESIAN_POINT('',(131.20268472161,-52.13300999999,3.6));
#11501=CARTESIAN_POINT('',(115.869488734797,-52.1330099999948,3.6));
#11502=CARTESIAN_POINT('',(104.908485060115,-52.1330099999982,3.6));
#11503=CARTESIAN_POINT('',(131.20268472161,-52.13300999999,1.2));
#11504=CARTESIAN_POINT('',(100.124145493075,-52.1330099999997,3.32565384809939));
#11505=CARTESIAN_POINT('',(100.124145493075,-52.1330099999997,1.2));
#11506=CARTESIAN_POINT('',(114.41227760865,-52.1330099999952,3.60000000285939));
#11507=CARTESIAN_POINT('',(104.882237052833,-52.1330099999982,3.4170138732955));
#11508=CARTESIAN_POINT('',(104.908485060115,-52.1330099999982,3.6));
#11509=CARTESIAN_POINT('Origin',(61.481137191629,-50.0663211577,1.2));
#11510=CARTESIAN_POINT('',(59.2056159737092,-49.3035016871713,1.2));
#11511=CARTESIAN_POINT('',(61.4811584531035,-47.666344,1.2));
#11512=CARTESIAN_POINT('Origin',(78.7247298263098,-47.6663439999957,1.2));
#11513=CARTESIAN_POINT('',(78.7247298263098,-47.6663439999958,1.2));
#11514=CARTESIAN_POINT('Origin',(78.724669911037,-50.06639886412,1.2));
#11515=CARTESIAN_POINT('',(81.0881939726806,-49.6492449782262,1.2));
#11516=CARTESIAN_POINT('Origin',(81.1216278186203,-49.8387045068611,1.2));
#11517=CARTESIAN_POINT('',(81.2382693655787,-50.499677,1.2));
#11518=CARTESIAN_POINT('Origin',(96.2247182635882,-50.4996769999974,1.2));
#11519=CARTESIAN_POINT('',(96.2247182635882,-50.4996769999974,1.2));
#11520=CARTESIAN_POINT('Origin',(96.224712227345,-52.8996814263601,1.2));
#11521=CARTESIAN_POINT('',(98.5881964906093,-52.4825922465694,1.2));
#11522=CARTESIAN_POINT('Origin',(98.6216278186203,-52.6720375068612,1.2));
#11523=CARTESIAN_POINT('Origin',(131.20265559438,-55.73303240561,1.2));
#11524=CARTESIAN_POINT('',(133.602678,-55.7330032783896,3.8));
#11525=CARTESIAN_POINT('',(133.602678,-55.7330032783896,1.2));
#11526=CARTESIAN_POINT('Origin',(131.20265559438,-55.73303240561,3.8));
#11527=CARTESIAN_POINT('Origin',(78.6102032332657,-94.591822417212,3.11260191788799));
#11528=CARTESIAN_POINT('',(114.410357684514,-87.8021922354329,3.8));
#11529=CARTESIAN_POINT('',(114.371184214221,-91.8508551557566,3.7992478309448));
#11530=CARTESIAN_POINT('',(114.410357684516,-94.5918224172008,3.8));
#11531=CARTESIAN_POINT('Origin',(119.411530769714,-117.398035751273,4.6));
#11532=CARTESIAN_POINT('',(116.62551411274,-130.505213601102,4.6));
#11533=CARTESIAN_POINT('',(116.62551411274,-130.505213601102,1.5));
#11534=CARTESIAN_POINT('',(119.411530769714,-117.398035751273,4.6));
#11535=CARTESIAN_POINT('',(120.848784638409,-110.636287925688,4.6));
#11536=CARTESIAN_POINT('',(119.411530769714,-117.398035751273,1.5));
#11537=CARTESIAN_POINT('Origin',(114.865185269899,-130.131044154857,4.6));
#11538=CARTESIAN_POINT('',(114.491015823654,-131.891372997699,4.6));
#11539=CARTESIAN_POINT('',(114.491015823654,-131.891372997699,1.5));
#11540=CARTESIAN_POINT('Origin',(114.865185269899,-130.131044154857,4.6));
#11541=CARTESIAN_POINT('Origin',(114.491015823654,-131.891372997699,4.6));
#11542=CARTESIAN_POINT('',(101.383837973824,-129.105356340726,4.6));
#11543=CARTESIAN_POINT('',(93.5353036908395,-127.437098879376,4.6));
#11544=CARTESIAN_POINT('Origin',(101.758007420069,-127.345027497884,4.6));
#11545=CARTESIAN_POINT('',(99.9976785772267,-126.970858051639,1.5));
#11546=CARTESIAN_POINT('Origin',(134.402678000186,-95.927334,2.095));
#11547=CARTESIAN_POINT('',(134.302677999722,-95.927334,2.095));
#11548=CARTESIAN_POINT('',(134.302677999864,-95.927334,1.535));
#11549=CARTESIAN_POINT('',(134.302677999864,-95.927334,1.6475));
#11550=CARTESIAN_POINT('',(133.602677999864,-95.927334,2.095));
#11551=CARTESIAN_POINT('',(134.402678000186,-95.927334,2.095));
#11552=CARTESIAN_POINT('',(133.602677999864,-95.927334,1.535));
#11553=CARTESIAN_POINT('',(133.602677999864,-95.927334,1.6475));
#11554=CARTESIAN_POINT('',(134.402678000186,-95.927334,1.535));
#11555=CARTESIAN_POINT('Origin',(134.402678000186,-97.462334,1.535));
#11556=CARTESIAN_POINT('Origin',(134.302677999721,-97.462334,1.535));
#11557=CARTESIAN_POINT('Origin',(133.60267799979,-97.462334,1.535));
#11558=CARTESIAN_POINT('Origin',(59.595000834465,-65.8890009685755,0.));
#11559=CARTESIAN_POINT('',(57.645000834465,-65.8890009685755,0.));
#11560=CARTESIAN_POINT('Origin',(59.595000834465,-65.8890009685755,0.));
#11561=CARTESIAN_POINT('Origin',(59.595000834465,-65.8890009685755,0.));
#11562=CARTESIAN_POINT('',(57.645000834465,-65.8890009685755,0.));
#11563=CARTESIAN_POINT('Origin',(114.702678,-90.23301,0.));
#11564=CARTESIAN_POINT('Origin',(24.1181362999231,-133.436344003511,1.2));
#11565=CARTESIAN_POINT('',(24.1181362999231,-133.436344003511,1.2));
#11566=CARTESIAN_POINT('Origin',(24.118070001319,-131.0363949986,1.2));
#11567=CARTESIAN_POINT('',(21.7181209730349,-131.036384593715,1.2));
#11568=CARTESIAN_POINT('Origin',(21.724388032373,-108.611445811335,1.2));
#11569=CARTESIAN_POINT('',(21.724388032373,-108.611445811335,1.2));
#11570=CARTESIAN_POINT('Origin',(20.1250427365419,-108.6109669921,1.2));
#11571=CARTESIAN_POINT('',(21.6698762883852,-108.196968321665,1.2));
#11572=CARTESIAN_POINT('Origin',(14.9297916553015,-83.0426324551276,1.2));
#11573=CARTESIAN_POINT('',(14.9280412498466,-83.0360998536674,1.2));
#11574=CARTESIAN_POINT('Origin',(17.240279040123,-82.3711772853,1.2));
#11575=CARTESIAN_POINT('',(16.6265663411208,-80.044823412006,1.2));
#11576=CARTESIAN_POINT('Origin',(20.5522735245525,-78.9929328338673,1.2));
#11577=CARTESIAN_POINT('',(20.5522735245525,-78.9929328338673,1.2));
#11578=CARTESIAN_POINT('Origin',(20.138103449572,-77.44735132802,1.2));
#11579=CARTESIAN_POINT('',(21.738215121195,-77.4460559995499,1.2));
#11580=CARTESIAN_POINT('Origin',(21.7198228825998,-55.7420896743003,1.2));
#11581=CARTESIAN_POINT('',(21.7198133538779,-55.7352092150673,1.2));
#11582=CARTESIAN_POINT('',(21.7198170520017,-55.7352092119335,1.2));
#11583=CARTESIAN_POINT('',(21.7198170520017,-55.7352092119335,1.2));
#11584=CARTESIAN_POINT('Origin',(24.119974086063,-55.73317528596,1.2));
#11585=CARTESIAN_POINT('',(24.1197698780515,-53.33301,1.2));
#11586=CARTESIAN_POINT('Origin',(57.1525939808184,-53.3330100009909,1.2));
#11587=CARTESIAN_POINT('',(57.1525939808184,-53.3330100009909,1.2));
#11588=CARTESIAN_POINT('Origin',(57.152622151722,-51.73310241344,1.2));
#11589=CARTESIAN_POINT('',(58.7282328812712,-52.0108705114514,1.2));
#11590=CARTESIAN_POINT('Origin',(59.2152315294033,-49.2489692662989,1.2));
#11591=CARTESIAN_POINT('Origin',(114.40105496537,-88.7636483886257,1.7));
#11592=CARTESIAN_POINT('',(114.658744144433,-62.1309141314653,3.8));
#11593=CARTESIAN_POINT('',(114.456518385046,-83.0313839504923,3.8));
#11594=CARTESIAN_POINT('',(114.658744144432,-62.1309141314651,0.));
#11595=CARTESIAN_POINT('Origin',(132.402678000186,-111.749733985099,1.93499998509883));
#11596=CARTESIAN_POINT('',(134.302677999814,-110.549733985099,1.93499998509868));
#11597=CARTESIAN_POINT('Origin',(134.302677999769,-111.749733985099,1.93499998509883));
#11598=CARTESIAN_POINT('',(133.602677999814,-110.549733985099,1.93499998509868));
#11599=CARTESIAN_POINT('',(134.802678000185,-110.549733985099,1.93499998509868));
#11600=CARTESIAN_POINT('Origin',(133.60267799979,-111.749733985099,1.93499998509883));
#11601=CARTESIAN_POINT('Origin',(134.402678000186,-103.802334,1.535));
#11602=CARTESIAN_POINT('',(134.302677999746,-105.337334,1.535));
#11603=CARTESIAN_POINT('Origin',(134.302677999751,-103.802334,1.535));
#11604=CARTESIAN_POINT('',(133.602677999832,-105.337334,1.535));
#11605=CARTESIAN_POINT('Origin',(133.60267799979,-103.802334,1.535));
#11606=CARTESIAN_POINT('',(134.402678000186,-105.337334,1.535));
#11607=CARTESIAN_POINT('Origin',(134.402678000186,-105.337334,1.535));
#11608=CARTESIAN_POINT('',(134.302677999832,-105.337334,2.095));
#11609=CARTESIAN_POINT('',(134.302677999832,-105.337334,1.3674999999998));
#11610=CARTESIAN_POINT('',(133.602677999832,-105.337334,2.095));
#11611=CARTESIAN_POINT('',(133.602677999832,-105.337334,1.3674999999998));
#11612=CARTESIAN_POINT('',(134.402678000186,-105.337334,2.095));
#11613=CARTESIAN_POINT('Origin',(99.7472178774225,-187.923934351297,1.2));
#11614=CARTESIAN_POINT('',(109.85831794171,-134.268313438946,3.51611524075797));
#11615=CARTESIAN_POINT('',(114.148518567498,-135.257412362286,3.6000000134393));
#11616=CARTESIAN_POINT('Origin',(99.7472178774225,-187.923934351297,3.31841646814683));
#11617=CARTESIAN_POINT('',(109.85831794171,-134.268313438946,1.2));
#11618=CARTESIAN_POINT('',(122.259749171911,-138.181136533777,3.6));
#11619=CARTESIAN_POINT('',(122.259749171911,-138.181136533777,1.2));
#11620=CARTESIAN_POINT('Origin',(99.7472178774225,-187.923934351297,3.6));
#11621=CARTESIAN_POINT('Origin',(20.2416905301542,-77.8338218792673,1.2));
#11622=CARTESIAN_POINT('',(20.2416905206629,-77.8338218818115,1.79680266532273));
#11623=CARTESIAN_POINT('',(16.3179987106378,-78.8851724430111,1.72140459520007));
#11624=CARTESIAN_POINT('',(45.3740149875143,-71.0996325767436,2.27936721935497));
#11625=CARTESIAN_POINT('',(20.2416905301542,-77.8338218792673,1.2));
#11626=CARTESIAN_POINT('',(16.317998604192,-78.8851724711731,1.2));
#11627=CARTESIAN_POINT('Origin',(20.138103449572,-77.44735132802,1.2));
#11628=CARTESIAN_POINT('',(20.5382155503385,-77.4470728956363,1.81672690161334));
#11629=CARTESIAN_POINT('Origin',(20.138103449572,-77.44735132802,1.78984338193756));
#11630=CARTESIAN_POINT('',(20.5382155497644,-77.4470728956368,1.2));
#11631=CARTESIAN_POINT('Origin',(20.5198100862442,-55.7362261142867,1.2));
#11632=CARTESIAN_POINT('',(20.5198100869682,-55.7362261143849,1.81637349780738));
#11633=CARTESIAN_POINT('',(20.5363009548017,-75.1886390067319,1.81669013864097));
#11634=CARTESIAN_POINT('',(20.5198100862442,-55.7362261142867,1.2));
#11635=CARTESIAN_POINT('Origin',(24.119974086063,-55.73317528596,1.2));
#11636=CARTESIAN_POINT('',(24.119769873054,-52.1330100000002,1.86629582799333));
#11637=CARTESIAN_POINT('Ctrl Pts',(24.119769862987,-52.1330100000008,1.86629637191799));
#11638=CARTESIAN_POINT('Ctrl Pts',(24.0092887406125,-52.1330162671561,1.86476426169816));
#11639=CARTESIAN_POINT('Ctrl Pts',(23.8987433546287,-52.1381125130535,1.86323179963454));
#11640=CARTESIAN_POINT('Ctrl Pts',(23.7886267855353,-52.148290476881,1.86170544563831));
#11641=CARTESIAN_POINT('Ctrl Pts',(23.6785529460541,-52.1584644912534,1.86017968392818));
#11642=CARTESIAN_POINT('Ctrl Pts',(23.5689079922604,-52.1737162621772,1.85866002554601));
#11643=CARTESIAN_POINT('Ctrl Pts',(23.4601816822868,-52.1939855323792,1.85715292288577));
#11644=CARTESIAN_POINT('Ctrl Pts',(23.3514739029461,-52.2142513480133,1.8556460770867));
#11645=CARTESIAN_POINT('Ctrl Pts',(23.2436848508174,-52.2395328863674,1.8541517827301));
#11646=CARTESIAN_POINT('Ctrl Pts',(23.1372952955278,-52.2697185556738,1.85267648891139));
#11647=CARTESIAN_POINT('Ctrl Pts',(23.0309007254348,-52.2999056478191,1.85120112555289));
#11648=CARTESIAN_POINT('Ctrl Pts',(22.9259061698264,-52.3349972197299,1.84974476452355));
#11649=CARTESIAN_POINT('Ctrl Pts',(22.822777853479,-52.3748316373585,1.84831385583081));
#11650=CARTESIAN_POINT('Ctrl Pts',(22.7195804963226,-52.4146927227395,1.84688198919464));
#11651=CARTESIAN_POINT('Ctrl Pts',(22.6182522492251,-52.4593028503115,1.84547560898537));
#11652=CARTESIAN_POINT('Ctrl Pts',(22.5192399534537,-52.5084519854841,1.84410117817329));
#11653=CARTESIAN_POINT('Ctrl Pts',(22.4201895851522,-52.5576200196421,1.8427262188606));
#11654=CARTESIAN_POINT('Ctrl Pts',(22.3234572972846,-52.6113303495117,1.84138323352039));
#11655=CARTESIAN_POINT('Ctrl Pts',(22.2294647180797,-52.6693273038467,1.84007869258127));
#11656=CARTESIAN_POINT('Ctrl Pts',(22.1353745872788,-52.7273844511831,1.83877279770495));
#11657=CARTESIAN_POINT('Ctrl Pts',(22.0440301782751,-52.7897368847499,1.83750542707133));
#11658=CARTESIAN_POINT('Ctrl Pts',(21.9558236090656,-52.8560859858436,1.83628307127623));
#11659=CARTESIAN_POINT('Ctrl Pts',(21.928065276605,-52.8769658412005,1.83589839971663));
#11660=CARTESIAN_POINT('Ctrl Pts',(21.9006174491205,-52.8982412048522,1.83551818616233));
#11661=CARTESIAN_POINT('Ctrl Pts',(21.8734916406057,-52.9199019700192,1.83514263289752));
#11662=CARTESIAN_POINT('Ctrl Pts',(21.7847248734514,-52.9907848746492,1.83391366863664));
#11663=CARTESIAN_POINT('Ctrl Pts',(21.6992639628793,-53.0659137104721,1.83273460986502));
#11664=CARTESIAN_POINT('Ctrl Pts',(21.617510572395,-53.1449584305376,1.83160865826855));
#11665=CARTESIAN_POINT('Ctrl Pts',(21.5358202394474,-53.2239421823018,1.83048357513433));
#11666=CARTESIAN_POINT('Ctrl Pts',(21.4578319888624,-53.3068355454167,1.82941151728222));
#11667=CARTESIAN_POINT('Ctrl Pts',(21.3839126071999,-53.3932697938911,1.82839567899532));
#11668=CARTESIAN_POINT('Ctrl Pts',(21.3100462081927,-53.4796420895206,1.82738056882341));
#11669=CARTESIAN_POINT('Ctrl Pts',(21.2402430994558,-53.5695499329426,1.8264215976534));
#11670=CARTESIAN_POINT('Ctrl Pts',(21.1748313806911,-53.6625897231476,1.82552195290467));
#11671=CARTESIAN_POINT('Ctrl Pts',(21.1094506383418,-53.75558545337,1.82462273419229));
#11672=CARTESIAN_POINT('Ctrl Pts',(21.0484573509427,-53.8517098764124,1.82378278572517));
#11673=CARTESIAN_POINT('Ctrl Pts',(20.992137708779,-53.9505284547364,1.82300529039654));
#11674=CARTESIAN_POINT('Ctrl Pts',(20.9358380540663,-54.0493119630313,1.82222807099561));
#11675=CARTESIAN_POINT('Ctrl Pts',(20.8842089188158,-54.1507874040106,1.82151326041265));
#11676=CARTESIAN_POINT('Ctrl Pts',(20.8374916568725,-54.2544937009026,1.82086403815332));
#11677=CARTESIAN_POINT('Ctrl Pts',(20.7907854375102,-54.3581754846888,1.82021496935096));
#11678=CARTESIAN_POINT('Ctrl Pts',(20.7489889261501,-54.4640867405144,1.8196314578696));
#11679=CARTESIAN_POINT('Ctrl Pts',(20.7122961788815,-54.5717445265775,1.8191166809608));
#11680=CARTESIAN_POINT('Ctrl Pts',(20.6756017421068,-54.6794072697102,1.81860188034926));
#11681=CARTESIAN_POINT('Ctrl Pts',(20.6440116610364,-54.7888163599203,1.81815582064015));
#11682=CARTESIAN_POINT('Ctrl Pts',(20.6176707915867,-54.8994716447105,1.81778167952395));
#11683=CARTESIAN_POINT('Ctrl Pts',(20.5913310935328,-55.0101220085872,1.81740755504604));
#11684=CARTESIAN_POINT('Ctrl Pts',(20.5702402224269,-55.1220181007232,1.81710534276465));
#11685=CARTESIAN_POINT('Ctrl Pts',(20.5544922648618,-55.2346479440654,1.8168782199463));
#11686=CARTESIAN_POINT('Ctrl Pts',(20.5387397332248,-55.3473105013013,1.81665103115902));
#11687=CARTESIAN_POINT('Ctrl Pts',(20.5283332647513,-55.4607068738798,1.81649897546133));
#11688=CARTESIAN_POINT('Ctrl Pts',(20.5233152850384,-55.5743181270249,1.81642523288915));
#11689=CARTESIAN_POINT('Ctrl Pts',(20.5209328854961,-55.628257643121,1.8163902219325));
#11690=CARTESIAN_POINT('Ctrl Pts',(20.5197643430832,-55.6822455344126,1.81637286346481));
#11691=CARTESIAN_POINT('Ctrl Pts',(20.5198100869682,-55.7362261143849,1.81637349780738));
#11692=CARTESIAN_POINT('',(24.1197698780875,-52.13301,1.2));
#11693=CARTESIAN_POINT('Origin',(135.844948283667,-117.237390333198,1.2));
#11694=CARTESIAN_POINT('',(135.091013435002,-118.038378625227,3.6));
#11695=CARTESIAN_POINT('',(134.802677999791,-117.5890615651,3.6));
#11696=CARTESIAN_POINT('Origin',(135.844948283667,-117.237390333198,3.6));
#11697=CARTESIAN_POINT('',(135.091013435002,-118.038378625227,1.2));
#11698=CARTESIAN_POINT('',(134.802677999791,-117.5890615651,1.2));
#11699=CARTESIAN_POINT('Origin',(141.494086862873,-120.972762891693,1.2));
#11700=CARTESIAN_POINT('',(141.494086862873,-120.972762891693,3.6));
#11701=CARTESIAN_POINT('',(110.515383489442,-106.775921203319,3.6));
#11702=CARTESIAN_POINT('',(141.494086862873,-120.972762891693,1.2));
#11703=CARTESIAN_POINT('Origin',(139.99416131901,-124.2454923276,1.2));
#11704=CARTESIAN_POINT('',(143.256978017987,-125.766860720024,3.6));
#11705=CARTESIAN_POINT('Origin',(139.99416131901,-124.2454923276,3.6));
#11706=CARTESIAN_POINT('',(143.256978017987,-125.766860720024,1.2));
#11707=CARTESIAN_POINT('Origin',(136.322109531958,-140.638735496354,1.2));
#11708=CARTESIAN_POINT('',(136.322109531958,-140.638735496354,3.6));
#11709=CARTESIAN_POINT('',(139.987117801525,-132.779099203464,3.6));
#11710=CARTESIAN_POINT('',(136.322109531958,-140.638735496354,1.2));
#11711=CARTESIAN_POINT('Origin',(133.05939991488,-139.1172918197,1.2));
#11712=CARTESIAN_POINT('',(131.575061123238,-142.397048404909,3.6));
#11713=CARTESIAN_POINT('Origin',(133.05939991488,-139.1172918197,3.6));
#11714=CARTESIAN_POINT('',(131.575061123238,-142.397048404909,1.2));
#11715=CARTESIAN_POINT('Origin',(122.259749171911,-138.181136533777,1.2));
#11716=CARTESIAN_POINT('',(95.9601088019027,-126.278479207673,3.6));
#11717=CARTESIAN_POINT('Origin',(24.1181445874596,-134.636344003425,1.2));
#11718=CARTESIAN_POINT('',(24.1181445849126,-134.63634399964,1.86626387607741));
#11719=CARTESIAN_POINT('',(46.6660481279359,-134.636344001531,2.29920594122602));
#11720=CARTESIAN_POINT('',(51.3596995517472,-134.636344001137,2.38932865260213));
#11721=CARTESIAN_POINT('',(24.1181445874595,-134.636344000061,1.2));
#11722=CARTESIAN_POINT('',(24.1181445874596,-134.636344003425,1.2));
#11723=CARTESIAN_POINT('',(24.1181363000284,-134.636344003511,1.2));
#11724=CARTESIAN_POINT('',(46.6660481279359,-134.636344001531,1.2));
#11725=CARTESIAN_POINT('Origin',(24.118070001319,-131.0363949986,1.2));
#11726=CARTESIAN_POINT('',(20.5181210198964,-131.036049231777,1.81634107220754));
#11727=CARTESIAN_POINT('Ctrl Pts',(20.5181210198964,-131.036049231777,1.8163410728688));
#11728=CARTESIAN_POINT('Ctrl Pts',(20.5181103986456,-131.146632313587,1.81634092563616));
#11729=CARTESIAN_POINT('Ctrl Pts',(20.5231994436886,-131.257279177958,1.81641410818126));
#11730=CARTESIAN_POINT('Ctrl Pts',(20.5333796391156,-131.367495882813,1.81655846206174));
#11731=CARTESIAN_POINT('Ctrl Pts',(20.5435559224143,-131.477670232697,1.81670276046872));
#11732=CARTESIAN_POINT('Ctrl Pts',(20.5588194253548,-131.587414353214,1.81691817552099));
#11733=CARTESIAN_POINT('Ctrl Pts',(20.5791096370485,-131.696237652968,1.81720255126357));
#11734=CARTESIAN_POINT('Ctrl Pts',(20.5993964195749,-131.805042560932,1.81748687894495));
#11735=CARTESIAN_POINT('Ctrl Pts',(20.624708145559,-131.912926563984,1.81784014400908));
#11736=CARTESIAN_POINT('Ctrl Pts',(20.6549329721038,-132.019408073426,1.81826019159393));
#11737=CARTESIAN_POINT('Ctrl Pts',(20.6851591962011,-132.12589450642,1.81868025860117));
#11738=CARTESIAN_POINT('Ctrl Pts',(20.7202988620215,-132.230977931471,1.81916711430514));
#11739=CARTESIAN_POINT('Ctrl Pts',(20.7601900846057,-132.334191305165,1.81971860354486));
#11740=CARTESIAN_POINT('Ctrl Pts',(20.8001076648419,-132.437472875871,1.82027045717456));
#11741=CARTESIAN_POINT('Ctrl Pts',(20.8447829275392,-132.538881552979,1.82088702977992));
#11742=CARTESIAN_POINT('Ctrl Pts',(20.8940055852751,-132.637969670478,1.82156616192517));
#11743=CARTESIAN_POINT('Ctrl Pts',(20.9432469328838,-132.737095411794,1.8222455519373));
#11744=CARTESIAN_POINT('Ctrl Pts',(20.9970389270507,-132.833898484067,1.82298754900613));
#11745=CARTESIAN_POINT('Ctrl Pts',(21.0551256305873,-132.927956409235,1.82378999123513));
#11746=CARTESIAN_POINT('Ctrl Pts',(21.1132716971256,-133.022110458996,1.82459325353786));
#11747=CARTESIAN_POINT('Ctrl Pts',(21.175721015933,-133.113513425258,1.82545708461046));
#11748=CARTESIAN_POINT('Ctrl Pts',(21.2421746855277,-133.201772314684,1.82637931592142));
#11749=CARTESIAN_POINT('Ctrl Pts',(21.2624050153617,-133.228640754828,1.82666006856786));
#11750=CARTESIAN_POINT('Ctrl Pts',(21.2830061718717,-133.255218047787,1.82694623352364));
#11751=CARTESIAN_POINT('Ctrl Pts',(21.3039690024379,-133.281493739524,1.8272377496076));
#11752=CARTESIAN_POINT('Ctrl Pts',(21.3748500995054,-133.37033908179,1.82822344568424));
#11753=CARTESIAN_POINT('Ctrl Pts',(21.4499821587274,-133.455875248302,1.82927032132347));
#11754=CARTESIAN_POINT('Ctrl Pts',(21.5290345687027,-133.537700321238,1.83037209420667));
#11755=CARTESIAN_POINT('Ctrl Pts',(21.6080273627247,-133.619463687267,1.83147303620766));
#11756=CARTESIAN_POINT('Ctrl Pts',(21.6909343624402,-133.697521276454,1.8326287926843));
#11757=CARTESIAN_POINT('Ctrl Pts',(21.7773862997149,-133.771506074488,1.83383309552034));
#11758=CARTESIAN_POINT('Ctrl Pts',(21.8637779197444,-133.845439253561,1.83503655811807));
#11759=CARTESIAN_POINT('Ctrl Pts',(21.9537092693327,-133.915305071366,1.83628849935753));
#11760=CARTESIAN_POINT('Ctrl Pts',(22.0467762192727,-133.980775214682,1.83758266423307));
#11761=CARTESIAN_POINT('Ctrl Pts',(22.1397999870061,-134.046214980456,1.83887622862804));
#11762=CARTESIAN_POINT('Ctrl Pts',(22.2359561580584,-134.10726292746,1.84021197748541));
#11763=CARTESIAN_POINT('Ctrl Pts',(22.3348096842515,-134.163632666251,1.84158366450227));
#11764=CARTESIAN_POINT('Ctrl Pts',(22.43362882016,-134.219982794498,1.84295487432111));
#11765=CARTESIAN_POINT('Ctrl Pts',(22.535143124635,-134.271657778654,1.84436199729864));
#11766=CARTESIAN_POINT('Ctrl Pts',(22.6388910227748,-134.318416073766,1.84579879364878));
#11767=CARTESIAN_POINT('Ctrl Pts',(22.7426148583867,-134.365163524101,1.8472352567589));
#11768=CARTESIAN_POINT('Ctrl Pts',(22.848570922956,-134.406996409792,1.84870137947876));
#11769=CARTESIAN_POINT('Ctrl Pts',(22.9562757829162,-134.443720486793,1.85019092636294));
#11770=CARTESIAN_POINT('Ctrl Pts',(23.0639856012047,-134.480446254432,1.85168054182026));
#11771=CARTESIAN_POINT('Ctrl Pts',(23.173444032619,-134.512062621686,1.85319358359867));
#11772=CARTESIAN_POINT('Ctrl Pts',(23.2841504348758,-134.538424545178,1.85472381539148));
#11773=CARTESIAN_POINT('Ctrl Pts',(23.3948518116232,-134.564785271972,1.85625397771952));
#11774=CARTESIAN_POINT('Ctrl Pts',(23.5068006911989,-134.585891949957,1.85780132850133));
#11775=CARTESIAN_POINT('Ctrl Pts',(23.6194845990907,-134.601650302935,1.85935963227949));
#11776=CARTESIAN_POINT('Ctrl Pts',(23.7322003134252,-134.617413103904,1.86091837590839));
#11777=CARTESIAN_POINT('Ctrl Pts',(23.8456511097002,-134.627824514715,1.86248807871775));
#11778=CARTESIAN_POINT('Ctrl Pts',(23.9593175471183,-134.632841918365,1.86406249996856));
#11779=CARTESIAN_POINT('Ctrl Pts',(24.0122307377327,-134.635177584387,1.86479541333898));
#11780=CARTESIAN_POINT('Ctrl Pts',(24.0651905994916,-134.636345092991,1.86552934920624));
#11781=CARTESIAN_POINT('Ctrl Pts',(24.1181445874582,-134.636343995855,1.86626367801903));
#11782=CARTESIAN_POINT('',(20.5181210198964,-131.036049231777,1.2));
#11783=CARTESIAN_POINT('Origin',(20.5243733551629,-108.663796468047,1.2));
#11784=CARTESIAN_POINT('',(20.5243733551629,-108.663796468048,1.81646112317775));
#11785=CARTESIAN_POINT('',(20.5263419591198,-101.619691595561,1.81649892230479));
#11786=CARTESIAN_POINT('',(20.5243733551629,-108.663796468047,-1.2));
#11787=CARTESIAN_POINT('Origin',(19.7250280185543,-108.663573076371,1.2));
#11788=CARTESIAN_POINT('',(20.4971363484606,-108.456687252906,1.81528388900295));
#11789=CARTESIAN_POINT('Origin',(19.7253404019458,-108.663724954261,1.78192543291992));
#11790=CARTESIAN_POINT('',(20.4971363484606,-108.456687252906,1.2));
#11791=CARTESIAN_POINT('Origin',(13.7714733592406,-83.3561736887933,1.2));
#11792=CARTESIAN_POINT('',(13.7714734208162,-83.3561739056405,1.68606858582338));
#11793=CARTESIAN_POINT('',(17.3481320168477,-96.7044442300559,1.75481991695338));
#11794=CARTESIAN_POINT('',(13.7714733592406,-83.3561736887933,1.2));
#11795=CARTESIAN_POINT('Origin',(17.240279040123,-82.3711772853,1.2));
#11796=CARTESIAN_POINT('Origin',(17.240279040123,-82.3711772853,1.73420231077777));
#11797=CARTESIAN_POINT('Origin',(132.402678000186,-110.549733985099,1.93499998509868));
#11798=CARTESIAN_POINT('',(134.302677999769,-110.549733985099,2.8));
#11799=CARTESIAN_POINT('',(134.302677999814,-110.549733985099,1.56749999254934));
#11800=CARTESIAN_POINT('',(133.602677999814,-110.549733985099,2.8));
#11801=CARTESIAN_POINT('',(132.402678000186,-110.549733985099,2.8));
#11802=CARTESIAN_POINT('',(133.602677999814,-110.549733985099,1.56749999254934));
#11803=CARTESIAN_POINT('Origin',(132.402678000186,-114.149734014901,2.8));
#11804=CARTESIAN_POINT('',(134.302677999799,-115.149734014901,2.8));
#11805=CARTESIAN_POINT('',(134.302677999783,-114.995639184264,3.33333333333387));
#11806=CARTESIAN_POINT('Origin',(134.302677999783,-114.149734014901,2.8));
#11807=CARTESIAN_POINT('',(133.602677999799,-115.149734014901,2.8));
#11808=CARTESIAN_POINT('',(132.402678000186,-115.149734014901,2.8));
#11809=CARTESIAN_POINT('',(133.602677999802,-114.149734014901,3.8));
#11810=CARTESIAN_POINT('Origin',(133.60267799979,-114.149734014901,2.8));
#11811=CARTESIAN_POINT('',(134.282473896915,-114.149734014901,3.8));
#11812=CARTESIAN_POINT('',(132.402678000186,-114.149734014901,3.8));
#11813=CARTESIAN_POINT('',(134.3026779998,-114.7497340149,3.60000000000081));
#11814=CARTESIAN_POINT('Ctrl Pts',(134.3026779998,-114.7497340149,3.60000000000078));
#11815=CARTESIAN_POINT('Ctrl Pts',(134.3026779998,-114.72959938321,3.61510097376801));
#11816=CARTESIAN_POINT('Ctrl Pts',(134.302270772739,-114.708002521705,3.6301075655448));
#11817=CARTESIAN_POINT('Ctrl Pts',(134.301531158965,-114.684988831535,3.64469064234787));
#11818=CARTESIAN_POINT('Ctrl Pts',(134.301105019853,-114.671729162987,3.65309289176526));
#11819=CARTESIAN_POINT('Ctrl Pts',(134.300568539854,-114.658000062514,3.66135457911125));
#11820=CARTESIAN_POINT('Ctrl Pts',(134.299936033431,-114.643818051831,3.66941415013297));
#11821=CARTESIAN_POINT('Ctrl Pts',(134.298972895478,-114.62222264625,3.68168671915755));
#11822=CARTESIAN_POINT('Ctrl Pts',(134.297863673805,-114.59945847063,3.69355485290273));
#11823=CARTESIAN_POINT('Ctrl Pts',(134.296680954123,-114.575651689255,3.70476192154244));
#11824=CARTESIAN_POINT('Ctrl Pts',(134.295521132997,-114.55230582936,3.71575201088586));
#11825=CARTESIAN_POINT('Ctrl Pts',(134.294290632291,-114.527957621866,3.7261057718728));
#11826=CARTESIAN_POINT('Ctrl Pts',(134.293057902833,-114.502765555738,3.73561142103665));
#11827=CARTESIAN_POINT('Ctrl Pts',(134.291841927981,-114.477915886845,3.74498787444582));
#11828=CARTESIAN_POINT('Ctrl Pts',(134.29062378455,-114.452245560639,3.75353860791626));
#11829=CARTESIAN_POINT('Ctrl Pts',(134.289469170086,-114.425940383171,3.76109835195311));
#11830=CARTESIAN_POINT('Ctrl Pts',(134.288327768389,-114.399936227543,3.76857158647839));
#11831=CARTESIAN_POINT('Ctrl Pts',(134.287248449999,-114.373312200896,3.77507601764688));
#11832=CARTESIAN_POINT('Ctrl Pts',(134.286294682755,-114.346273875883,3.78049583530238));
#11833=CARTESIAN_POINT('Ctrl Pts',(134.285344707473,-114.319343049107,3.78589410499413));
#11834=CARTESIAN_POINT('Ctrl Pts',(134.284519286997,-114.29200180762,3.79021610659589));
#11835=CARTESIAN_POINT('Ctrl Pts',(134.283881135172,-114.264470890309,3.79339591775973));
#11836=CARTESIAN_POINT('Ctrl Pts',(134.283243631378,-114.236967930138,3.79657249988379));
#11837=CARTESIAN_POINT('Ctrl Pts',(134.282793016092,-114.209276323979,3.79860909235225));
#11838=CARTESIAN_POINT('Ctrl Pts',(134.282591812299,-114.181624425628,3.79949137150035));
#11839=CARTESIAN_POINT('Ctrl Pts',(134.282514389496,-114.170984032496,3.7998308706866));
#11840=CARTESIAN_POINT('Ctrl Pts',(134.282473896915,-114.160349554459,3.8));
#11841=CARTESIAN_POINT('Ctrl Pts',(134.282473896915,-114.149734014901,3.8));
#11842=CARTESIAN_POINT('Ctrl Pts',(134.302677999791,-114.995639184264,3.33333333333385));
#11843=CARTESIAN_POINT('Ctrl Pts',(134.302677999791,-114.963194151944,3.38479349688279));
#11844=CARTESIAN_POINT('Ctrl Pts',(134.302723143026,-114.926120754259,3.43318616428875));
#11845=CARTESIAN_POINT('Ctrl Pts',(134.302720552408,-114.843637708727,3.5226331607279));
#11846=CARTESIAN_POINT('Ctrl Pts',(134.302677999791,-114.798401879918,3.56349910123719));
#11847=CARTESIAN_POINT('Ctrl Pts',(134.302677999791,-114.7497340149,3.60000000000077));
#11848=CARTESIAN_POINT('Origin',(132.402678000186,-111.549733985099,2.8));
#11849=CARTESIAN_POINT('',(134.282473896924,-111.549733985099,3.8));
#11850=CARTESIAN_POINT('',(134.302677999813,-110.949733985098,3.59999999999919));
#11851=CARTESIAN_POINT('Ctrl Pts',(134.282473896924,-111.549733985099,3.8));
#11852=CARTESIAN_POINT('Ctrl Pts',(134.282473896924,-111.522142999138,3.8));
#11853=CARTESIAN_POINT('Ctrl Pts',(134.28274744,-111.494424010402,3.79885376312413));
#11854=CARTESIAN_POINT('Ctrl Pts',(134.283231978178,-111.466806052291,3.79655554685137));
#11855=CARTESIAN_POINT('Ctrl Pts',(134.283716866909,-111.439168113141,3.79425566786519));
#11856=CARTESIAN_POINT('Ctrl Pts',(134.284413056154,-111.411632006328,3.79080219529238));
#11857=CARTESIAN_POINT('Ctrl Pts',(134.285257862084,-111.384422701754,3.78624144082405));
#11858=CARTESIAN_POINT('Ctrl Pts',(134.286105835066,-111.357111393504,3.78166358875896));
#11859=CARTESIAN_POINT('Ctrl Pts',(134.287103541106,-111.330129970753,3.77597033961087));
#11860=CARTESIAN_POINT('Ctrl Pts',(134.288187588751,-111.303691629693,3.76925907751555));
#11861=CARTESIAN_POINT('Ctrl Pts',(134.289285564367,-111.276913605723,3.76246158833684));
#11862=CARTESIAN_POINT('Ctrl Pts',(134.290472114494,-111.250693307292,3.75462006541468));
#11863=CARTESIAN_POINT('Ctrl Pts',(134.291681372771,-111.225228187624,3.74588370712545));
#11864=CARTESIAN_POINT('Ctrl Pts',(134.292903592258,-111.199490124814,3.7370537098067));
#11865=CARTESIAN_POINT('Ctrl Pts',(134.294149009289,-111.174523993355,3.72731008321075));
#11866=CARTESIAN_POINT('Ctrl Pts',(134.295349616791,-111.150500990846,3.71684950580782));
#11867=CARTESIAN_POINT('Ctrl Pts',(134.296579147484,-111.125899263073,3.7061369282469));
#11868=CARTESIAN_POINT('Ctrl Pts',(134.297761683679,-111.102287056132,3.69467302074604));
#11869=CARTESIAN_POINT('Ctrl Pts',(134.298824183982,-111.079807194347,3.68270539328446));
#11870=CARTESIAN_POINT('Ctrl Pts',(134.299211974046,-111.071602521817,3.6783374632133));
#11871=CARTESIAN_POINT('Ctrl Pts',(134.299583774188,-111.063548272443,3.67390273125836));
#11872=CARTESIAN_POINT('Ctrl Pts',(134.299936033234,-111.055649947962,3.66941415001494));
#11873=CARTESIAN_POINT('Ctrl Pts',(134.301033821423,-111.031035427958,3.65542583223179));
#11874=CARTESIAN_POINT('Ctrl Pts',(134.301842343209,-111.007788193566,3.64082799165209));
#11875=CARTESIAN_POINT('Ctrl Pts',(134.302286758298,-110.985983361329,3.6259450551936));
#11876=CARTESIAN_POINT('Ctrl Pts',(134.302542814489,-110.973420191419,3.61737003579145));
#11877=CARTESIAN_POINT('Ctrl Pts',(134.302677999813,-110.961334844015,3.60870064418663));
#11878=CARTESIAN_POINT('Ctrl Pts',(134.302677999813,-110.949733985098,3.59999999999923));
#11879=CARTESIAN_POINT('',(133.602677999811,-111.549733985099,3.8));
#11880=CARTESIAN_POINT('',(132.402678000186,-111.549733985099,3.8));
#11881=CARTESIAN_POINT('Origin',(133.60267799979,-111.549733985099,2.8));
#11882=CARTESIAN_POINT('',(134.302677999766,-110.703828815735,3.3333333333328));
#11883=CARTESIAN_POINT('Origin',(134.302677999766,-111.549733985099,2.8));
#11884=CARTESIAN_POINT('Ctrl Pts',(134.302677999791,-110.949733985098,3.59999999999923));
#11885=CARTESIAN_POINT('Ctrl Pts',(134.302677999791,-110.90106612008,3.56349910123581));
#11886=CARTESIAN_POINT('Ctrl Pts',(134.302720552408,-110.855830291272,3.52263316072681));
#11887=CARTESIAN_POINT('Ctrl Pts',(134.302723143025,-110.773347245742,3.43318616428959));
#11888=CARTESIAN_POINT('Ctrl Pts',(134.302677999791,-110.736273848056,3.38479349688277));
#11889=CARTESIAN_POINT('Ctrl Pts',(134.302677999791,-110.703828815735,3.33333333333263));
#11890=CARTESIAN_POINT('Origin',(134.402678000186,-103.802334,2.095));
#11891=CARTESIAN_POINT('',(134.302677999742,-104.835531941102,3.23022113022186));
#11892=CARTESIAN_POINT('Origin',(134.302677999745,-103.802334,2.095));
#11893=CARTESIAN_POINT('',(133.602677999837,-103.802334,3.62999999999998));
#11894=CARTESIAN_POINT('Origin',(133.60267799979,-103.802334,2.095));
#11895=CARTESIAN_POINT('',(134.302227898542,-103.802334,3.62999999999998));
#11896=CARTESIAN_POINT('',(134.402678000186,-103.802334,3.62999999999998));
#11897=CARTESIAN_POINT('',(134.302677999836,-104.104327377409,3.60000000000031));
#11898=CARTESIAN_POINT('Ctrl Pts',(134.302677999836,-104.104327377409,3.60000000000035));
#11899=CARTESIAN_POINT('Ctrl Pts',(134.302677999836,-104.054420837843,3.61001424879652));
#11900=CARTESIAN_POINT('Ctrl Pts',(134.302621376585,-104.004051356542,3.61753933556265));
#11901=CARTESIAN_POINT('Ctrl Pts',(134.30239645011,-103.903179636045,3.62751480920026));
#11902=CARTESIAN_POINT('Ctrl Pts',(134.302227898542,-103.852766870032,3.62999999999998));
#11903=CARTESIAN_POINT('Ctrl Pts',(134.302227898542,-103.802334,3.62999999999998));
#11904=CARTESIAN_POINT('Ctrl Pts',(134.302677999787,-104.835531941102,3.23022113022195));
#11905=CARTESIAN_POINT('Ctrl Pts',(134.302677999787,-104.733146665792,3.32340496272242));
#11906=CARTESIAN_POINT('Ctrl Pts',(134.303003778549,-104.618621948227,3.40231458082642));
#11907=CARTESIAN_POINT('Ctrl Pts',(134.302971661335,-104.371503608001,3.52728527314339));
#11908=CARTESIAN_POINT('Ctrl Pts',(134.30267799979,-104.240068429153,3.57276219357556));
#11909=CARTESIAN_POINT('Ctrl Pts',(134.30267799979,-104.104327377409,3.60000000000035));
#11910=CARTESIAN_POINT('Origin',(134.402678000186,-103.802334,3.62999999999998));
#11911=CARTESIAN_POINT('',(134.302227898563,-97.462334,3.62999999999999));
#11912=CARTESIAN_POINT('',(134.302227898534,-106.090441991249,3.62999999999998));
#11913=CARTESIAN_POINT('',(133.602677999859,-97.462334,3.62999999999999));
#11914=CARTESIAN_POINT('',(133.602677999814,-110.725930376326,3.62999999999998));
#11915=CARTESIAN_POINT('',(134.402678000186,-97.462334,3.62999999999999));
#11916=CARTESIAN_POINT('Origin',(134.402678000186,-97.462334,2.095));
#11917=CARTESIAN_POINT('',(134.30267799986,-97.1603406225876,3.59999999999967));
#11918=CARTESIAN_POINT('Ctrl Pts',(134.302227898563,-97.462334,3.62999999999999));
#11919=CARTESIAN_POINT('Ctrl Pts',(134.302227898563,-97.4119011299677,3.62999999999999));
#11920=CARTESIAN_POINT('Ctrl Pts',(134.302396450132,-97.3614883639542,3.62751480920023));
#11921=CARTESIAN_POINT('Ctrl Pts',(134.302621376608,-97.2606166434562,3.61753933556247));
#11922=CARTESIAN_POINT('Ctrl Pts',(134.302677999859,-97.2102471621543,3.61001424879616));
#11923=CARTESIAN_POINT('Ctrl Pts',(134.30267799986,-97.1603406225876,3.59999999999967));
#11924=CARTESIAN_POINT('Origin',(133.60267799979,-97.462334,2.095));
#11925=CARTESIAN_POINT('',(134.302677999717,-96.4291360588962,3.23022113022039));
#11926=CARTESIAN_POINT('Origin',(134.302677999717,-97.462334,2.095));
#11927=CARTESIAN_POINT('Ctrl Pts',(134.302677999791,-97.1603406225876,3.59999999999967));
#11928=CARTESIAN_POINT('Ctrl Pts',(134.302677999791,-97.0245995708434,3.5727621935746));
#11929=CARTESIAN_POINT('Ctrl Pts',(134.302971661337,-96.8931643919957,3.52728527314216));
#11930=CARTESIAN_POINT('Ctrl Pts',(134.303003778552,-96.6460460517709,3.40231458082516));
#11931=CARTESIAN_POINT('Ctrl Pts',(134.302677999791,-96.5315213342062,3.32340496272102));
#11932=CARTESIAN_POINT('Ctrl Pts',(134.302677999791,-96.4291360588962,3.23022113022039));
#11933=CARTESIAN_POINT('Origin',(100.124145493075,-51.6330099999997,1.2));
#11934=CARTESIAN_POINT('',(99.6486053643069,-51.7874819583974,3.29826133729939));
#11935=CARTESIAN_POINT('Origin',(100.124145493075,-51.6330099999997,3.32565384809939));
#11936=CARTESIAN_POINT('',(99.6486053643069,-51.7874819583974,-1.2));
#11937=CARTESIAN_POINT('Origin',(96.224712227345,-52.89968142636,1.2));
#11938=CARTESIAN_POINT('',(96.2247182633822,-49.2996769999968,3.25078100370872));
#11939=CARTESIAN_POINT('Origin',(96.224712227345,-52.89968142636,3.25078090441316));
#11940=CARTESIAN_POINT('',(96.2247182635879,-49.2996769999974,1.2));
#11941=CARTESIAN_POINT('Origin',(96.224718263588,-49.2996769999968,1.2));
#11942=CARTESIAN_POINT('',(82.6241398253188,-49.2996769999997,2.98963657338776));
#11943=CARTESIAN_POINT('',(87.3996992450898,-49.2996769999987,3.08133199863048));
#11944=CARTESIAN_POINT('',(82.6241398253188,-49.2996769999998,1.2));
#11945=CARTESIAN_POINT('Origin',(82.6241398253187,-48.7996769999997,1.2));
#11946=CARTESIAN_POINT('',(82.1486010773048,-48.9541532089684,2.96224414212327));
#11947=CARTESIAN_POINT('Origin',(82.6241398253187,-48.7996769999997,2.98963657338776));
#11948=CARTESIAN_POINT('',(82.1486010773048,-48.9541532089684,-1.2));
#11949=CARTESIAN_POINT('Origin',(78.724669911037,-50.06639886412,1.2));
#11950=CARTESIAN_POINT('',(78.724729824265,-46.4663439999334,2.91476391598286));
#11951=CARTESIAN_POINT('Origin',(78.724669911037,-50.06639886412,2.91476292601339));
#11952=CARTESIAN_POINT('',(78.7247298263095,-46.4663439999957,1.2));
#11953=CARTESIAN_POINT('Origin',(78.7247298263095,-46.4663439999334,1.2));
#11954=CARTESIAN_POINT('',(61.4811584529019,-46.466344,2.58367053590885));
#11955=CARTESIAN_POINT('',(78.6529297649355,-46.4663439999337,2.91338544483787));
#11956=CARTESIAN_POINT('',(61.4811584531032,-46.466344,1.2));
#11957=CARTESIAN_POINT('Origin',(61.481137191629,-50.0663211577,1.2));
#11958=CARTESIAN_POINT('',(58.0612062840025,-48.942084472889,2.53624483451464));
#11959=CARTESIAN_POINT('Ctrl Pts',(61.4811584524993,-46.466344,2.58367047831809));
#11960=CARTESIAN_POINT('Ctrl Pts',(61.3688054137457,-46.4663433364615,2.58211244038835));
#11961=CARTESIAN_POINT('Ctrl Pts',(61.2564189268229,-46.4716067187959,2.58055418820841));
#11962=CARTESIAN_POINT('Ctrl Pts',(61.1445074300799,-46.4821174888144,2.57900254560313));
#11963=CARTESIAN_POINT('Ctrl Pts',(61.0326209095369,-46.4926259130588,2.57745124929056));
#11964=CARTESIAN_POINT('Ctrl Pts',(60.9212095474883,-46.5083793553069,2.57590655960275));
#11965=CARTESIAN_POINT('Ctrl Pts',(60.8107774870367,-46.5293092262991,2.57437529579678));
#11966=CARTESIAN_POINT('Ctrl Pts',(60.7003217549522,-46.5502435837078,2.5728437037572));
#11967=CARTESIAN_POINT('Ctrl Pts',(60.5908461198561,-46.5763565208935,2.57132554335587));
#11968=CARTESIAN_POINT('Ctrl Pts',(60.4828454172678,-46.6075281500662,2.56982763823605));
#11969=CARTESIAN_POINT('Ctrl Pts',(60.3748384698325,-46.6387015816536,2.56832964650394));
#11970=CARTESIAN_POINT('Ctrl Pts',(60.2683069900584,-46.6749341770701,2.56685191239581));
#11971=CARTESIAN_POINT('Ctrl Pts',(60.1637307110444,-46.716056138134,2.56540126073866));
#11972=CARTESIAN_POINT('Ctrl Pts',(60.0590889737097,-46.7572038390172,2.56394970106276));
#11973=CARTESIAN_POINT('Ctrl Pts',(59.9564052367134,-46.8032468776372,2.56252525775235));
#11974=CARTESIAN_POINT('Ctrl Pts',(59.856139549705,-46.8539671609937,2.5611347684582));
#11975=CARTESIAN_POINT('Ctrl Pts',(59.7824087652172,-46.8912645295442,2.56011226644841));
#11976=CARTESIAN_POINT('Ctrl Pts',(59.709985124021,-46.9310900864915,2.55910812492552));
#11977=CARTESIAN_POINT('Ctrl Pts',(59.6390428347682,-46.973341378129,2.55812506280984));
#11978=CARTESIAN_POINT('Ctrl Pts',(59.5407085544019,-47.0319065922132,2.55676242415356));
#11979=CARTESIAN_POINT('Ctrl Pts',(59.4451408578174,-47.0951820209465,2.55544028576405));
#11980=CARTESIAN_POINT('Ctrl Pts',(59.3527840751947,-47.1628837899964,2.55416325289858));
#11981=CARTESIAN_POINT('Ctrl Pts',(59.2604633920213,-47.2305590964896,2.5528867191863));
#11982=CARTESIAN_POINT('Ctrl Pts',(59.17135140616,-47.3026570843351,2.5516552557442));
#11983=CARTESIAN_POINT('Ctrl Pts',(59.085862337068,-47.3788513611216,2.55047346243146));
#11984=CARTESIAN_POINT('Ctrl Pts',(59.0003995865044,-47.4550221808597,2.54929203294374));
#11985=CARTESIAN_POINT('Ctrl Pts',(58.9185577930912,-47.535286539079,2.54816024300736));
#11986=CARTESIAN_POINT('Ctrl Pts',(58.840716986772,-47.619278722801,2.54708268823451));
#11987=CARTESIAN_POINT('Ctrl Pts',(58.7628936906452,-47.7032520125859,2.54600537585627));
#11988=CARTESIAN_POINT('Ctrl Pts',(58.6890698273575,-47.790951195405,2.54498227424405));
#11989=CARTESIAN_POINT('Ctrl Pts',(58.6195874987541,-47.881974827188,2.54401797590941));
#11990=CARTESIAN_POINT('Ctrl Pts',(58.5501060770245,-47.9729972709432,2.54305369016065));
#11991=CARTESIAN_POINT('Ctrl Pts',(58.4849662954073,-48.0673437978648,2.54214820615449));
#11992=CARTESIAN_POINT('Ctrl Pts',(58.4244690806632,-48.1645810083057,2.54130611622267));
#11993=CARTESIAN_POINT('Ctrl Pts',(58.3639781057797,-48.2618081894148,2.54046411314648));
#11994=CARTESIAN_POINT('Ctrl Pts',(58.308128927514,-48.3619251567998,2.539685491068));
#11995=CARTESIAN_POINT('Ctrl Pts',(58.257178178867,-48.464471033486,2.53897484089812));
#11996=CARTESIAN_POINT('Ctrl Pts',(58.2062199500925,-48.5670319650292,2.53826408639701));
#11997=CARTESIAN_POINT('Ctrl Pts',(58.1601617458716,-48.6720222009008,2.537621323764));
#11998=CARTESIAN_POINT('Ctrl Pts',(58.1192135119184,-48.7789576860206,2.53705114593226));
#11999=CARTESIAN_POINT('Ctrl Pts',(58.0985727485715,-48.8328606222074,2.53676373657283));
#12000=CARTESIAN_POINT('Ctrl Pts',(58.0792296042385,-48.8872574862905,2.53649477001308));
#12001=CARTESIAN_POINT('Ctrl Pts',(58.0612062855248,-48.9420844682583,2.53624483450292));
#12002=CARTESIAN_POINT('',(58.0612062813261,-48.9420844810056,1.2));
#12003=CARTESIAN_POINT('Origin',(59.0111931174611,-49.2543744283074,1.2));
#12004=CARTESIAN_POINT('',(58.0263854218013,-49.0807259253791,2.5362448344751));
#12005=CARTESIAN_POINT('Origin',(59.0111931174611,-49.2543744283074,2.53624483449533));
#12006=CARTESIAN_POINT('',(58.0263854218108,-49.0807259253254,-1.2));
#12007=CARTESIAN_POINT('Origin',(58.037814039229,-49.0159111403181,1.2));
#12008=CARTESIAN_POINT('',(57.5464636448133,-51.80249230943,2.52703009272247));
#12009=CARTESIAN_POINT('',(54.4508246897698,-69.3586993361722,2.46759056112483));
#12010=CARTESIAN_POINT('',(57.5464636464794,-51.8024923079375,1.2));
#12011=CARTESIAN_POINT('Origin',(57.152622151722,-51.73310241344,1.2));
#12012=CARTESIAN_POINT('',(57.1525939932686,-52.1330100004957,2.50055723268949));
#12013=CARTESIAN_POINT('Ctrl Pts',(57.5464636437494,-51.8024923128144,2.52703031806728));
#12014=CARTESIAN_POINT('Ctrl Pts',(57.542736958141,-51.8236441437518,2.52677983069016));
#12015=CARTESIAN_POINT('Ctrl Pts',(57.537299387199,-51.8445098558535,2.52641147094488));
#12016=CARTESIAN_POINT('Ctrl Pts',(57.530219642134,-51.864807440725,2.52593381539571));
#12017=CARTESIAN_POINT('Ctrl Pts',(57.5231429975742,-51.8850961364671,2.52545636903113));
#12018=CARTESIAN_POINT('Ctrl Pts',(57.5144258323651,-51.9048165610854,2.52486972257175));
#12019=CARTESIAN_POINT('Ctrl Pts',(57.5041861571057,-51.9237036440135,2.5241824413187));
#12020=CARTESIAN_POINT('Ctrl Pts',(57.4939358232045,-51.9426103868083,2.5234944446636));
#12021=CARTESIAN_POINT('Ctrl Pts',(57.482160141705,-51.9606814615591,2.52270560360106));
#12022=CARTESIAN_POINT('Ctrl Pts',(57.469022881165,-51.9776768548387,2.52182451020733));
#12023=CARTESIAN_POINT('Ctrl Pts',(57.4596433957825,-51.989810894683,2.52119544430869));
#12024=CARTESIAN_POINT('Ctrl Pts',(57.4495708360154,-52.0013971499313,2.52051935374127));
#12025=CARTESIAN_POINT('Ctrl Pts',(57.4388772854076,-52.0123587068627,2.51979936545348));
#12026=CARTESIAN_POINT('Ctrl Pts',(57.4235460908584,-52.0280741383449,2.51876712827444));
#12027=CARTESIAN_POINT('Ctrl Pts',(57.4069070202305,-52.0425348784483,2.51764466127372));
#12028=CARTESIAN_POINT('Ctrl Pts',(57.3891842812082,-52.0555375819166,2.51645019594186));
#12029=CARTESIAN_POINT('Ctrl Pts',(57.3714711521836,-52.0685332347845,2.51525637829822));
#12030=CARTESIAN_POINT('Ctrl Pts',(57.3526760137255,-52.0800720420771,2.51399064038318));
#12031=CARTESIAN_POINT('Ctrl Pts',(57.3330548933432,-52.0899918987553,2.51267118404579));
#12032=CARTESIAN_POINT('Ctrl Pts',(57.3134461077565,-52.0999055193265,2.51135255718316));
#12033=CARTESIAN_POINT('Ctrl Pts',(57.2930129267865,-52.1082019317233,2.509980279417));
#12034=CARTESIAN_POINT('Ctrl Pts',(57.2720352915538,-52.1147653288681,2.5085725182902));
#12035=CARTESIAN_POINT('Ctrl Pts',(57.2510524310316,-52.1213303608802,2.50716440650617));
#12036=CARTESIAN_POINT('Ctrl Pts',(57.2295254366103,-52.1261613211147,2.5057207936823));
#12037=CARTESIAN_POINT('Ctrl Pts',(57.2077503108291,-52.1291920056424,2.50425986094084));
#12038=CARTESIAN_POINT('Ctrl Pts',(57.1894795257632,-52.1317349524048,2.50303404078334));
#12039=CARTESIAN_POINT('Ctrl Pts',(57.1710345108679,-52.1330112968495,2.50179602683071));
#12040=CARTESIAN_POINT('Ctrl Pts',(57.1525940385348,-52.1330100004988,2.50055655923171));
#12041=CARTESIAN_POINT('',(57.1525939808544,-52.1330100009909,1.2));
#12042=CARTESIAN_POINT('Origin',(57.1525939808545,-52.1330100004948,1.2));
#12043=CARTESIAN_POINT('',(67.8708369594486,-52.1330100006553,2.70635868673402));
#12044=CARTESIAN_POINT('Origin',(59.0111931174611,-49.2543744283074,2.53624483449533));
#12045=CARTESIAN_POINT('Origin',(59.0111931185149,-49.2543744197257,2.53624483449533));
#12046=CARTESIAN_POINT('Origin',(59.0111931174611,-49.2543744283074,2.5362448344751));
#12047=CARTESIAN_POINT('Origin',(99.7472178774225,-187.923934351297,3.6));
#12048=CARTESIAN_POINT('',(122.672066594887,-137.270096280709,4.6));
#12049=CARTESIAN_POINT('Origin',(122.672066594887,-137.270096280709,3.6));
#12050=CARTESIAN_POINT('Origin',(99.7472178774225,-187.923934351297,4.6));
#12051=CARTESIAN_POINT('Ctrl Pts',(114.148518576148,-135.257412364935,3.60000002028638));
#12052=CARTESIAN_POINT('Ctrl Pts',(114.14849659695,-135.257406355107,3.60242251845952));
#12053=CARTESIAN_POINT('Ctrl Pts',(114.148476757852,-135.257391174445,3.60484478596416));
#12054=CARTESIAN_POINT('Ctrl Pts',(114.148160367085,-135.256934868379,3.650817488749));
#12055=CARTESIAN_POINT('Ctrl Pts',(114.148661800581,-135.253582813529,3.6941422946535));
#12056=CARTESIAN_POINT('Ctrl Pts',(114.151204042202,-135.241238150298,3.78115581308315));
#12057=CARTESIAN_POINT('Ctrl Pts',(114.153290304171,-135.23208026352,3.8248179628943));
#12058=CARTESIAN_POINT('Ctrl Pts',(114.158799432456,-135.209020379897,3.90800363372871));
#12059=CARTESIAN_POINT('Ctrl Pts',(114.162131572778,-135.195447077109,3.94761656026267));
#12060=CARTESIAN_POINT('Ctrl Pts',(114.17034177972,-135.162617117881,4.02762306394335));
#12061=CARTESIAN_POINT('Ctrl Pts',(114.175278769549,-135.143158191761,4.06763005056367));
#12062=CARTESIAN_POINT('Ctrl Pts',(114.186425465576,-135.0997001091,4.14430541430177));
#12063=CARTESIAN_POINT('Ctrl Pts',(114.192624364054,-135.075739553591,4.18099982099086));
#12064=CARTESIAN_POINT('Ctrl Pts',(114.205724356841,-135.025468340173,4.24814183287467));
#12065=CARTESIAN_POINT('Ctrl Pts',(114.212531813346,-134.99949093981,4.27885422017902));
#12066=CARTESIAN_POINT('Ctrl Pts',(114.226285927151,-134.947271982238,4.33334954336198));
#12067=CARTESIAN_POINT('Ctrl Pts',(114.233083110011,-134.921567947976,4.35738760445355));
#12068=CARTESIAN_POINT('Ctrl Pts',(114.248982092983,-134.86166966165,4.40735603775354));
#12069=CARTESIAN_POINT('Ctrl Pts',(114.258257260334,-134.826870520697,4.43248673213005));
#12070=CARTESIAN_POINT('Ctrl Pts',(114.277794268715,-134.753827729615,4.47808584019113));
#12071=CARTESIAN_POINT('Ctrl Pts',(114.288066463156,-134.715548170843,4.49849810942052));
#12072=CARTESIAN_POINT('Ctrl Pts',(114.300000843878,-134.671205091337,4.51842992866028));
#12073=CARTESIAN_POINT('Ctrl Pts',(114.30129626718,-134.66639350557,4.5205455433847));
#12074=CARTESIAN_POINT('Ctrl Pts',(114.313314460663,-134.621769610329,4.53973192677869));
#12075=CARTESIAN_POINT('Ctrl Pts',(114.32432467655,-134.580999565445,4.5540863952507));
#12076=CARTESIAN_POINT('Ctrl Pts',(114.346665840344,-134.498485211965,4.57704646675228));
#12077=CARTESIAN_POINT('Ctrl Pts',(114.357993254802,-134.456752036775,4.58570349903853));
#12078=CARTESIAN_POINT('Ctrl Pts',(114.38020827083,-134.37510989319,4.59689639327696));
#12079=CARTESIAN_POINT('Ctrl Pts',(114.391080034603,-134.335246695502,4.59977730769158));
#12080=CARTESIAN_POINT('Ctrl Pts',(114.402010341777,-134.295266456071,4.59998718030848));
#12081=CARTESIAN_POINT('Origin',(96.3724262248787,-125.367438954605,3.6));
#12082=CARTESIAN_POINT('',(131.987376421767,-141.486007190364,4.6));
#12083=CARTESIAN_POINT('Origin',(131.987376421767,-141.486007190364,3.6));
#12084=CARTESIAN_POINT('',(96.3724262248787,-125.367438954605,4.6));
#12085=CARTESIAN_POINT('Origin',(133.05939991488,-139.1172918197,3.6));
#12086=CARTESIAN_POINT('',(135.415801730606,-140.216117265313,4.6));
#12087=CARTESIAN_POINT('Origin',(135.415801730606,-140.216117265313,3.6));
#12088=CARTESIAN_POINT('Origin',(133.05939991488,-139.1172918197,4.6));
#12089=CARTESIAN_POINT('Origin',(139.080810000173,-132.356480972423,3.6));
#12090=CARTESIAN_POINT('',(142.350658738572,-125.344267104643,4.6));
#12091=CARTESIAN_POINT('Origin',(142.350658738572,-125.344267104643,3.6));
#12092=CARTESIAN_POINT('',(139.080810000173,-132.356480972423,4.6));
#12093=CARTESIAN_POINT('Origin',(139.99416131901,-124.2454923276,3.6));
#12094=CARTESIAN_POINT('',(141.077474123898,-121.88184695036,4.6));
#12095=CARTESIAN_POINT('Origin',(141.077474123898,-121.88184695036,3.6));
#12096=CARTESIAN_POINT('Origin',(139.99416131901,-124.2454923276,4.6));
#12097=CARTESIAN_POINT('Origin',(110.098770750466,-107.685005261987,3.6));
#12098=CARTESIAN_POINT('',(134.549540675307,-118.890242149968,4.6));
#12099=CARTESIAN_POINT('',(110.098770750466,-107.685005261987,4.6));
#12100=CARTESIAN_POINT('Ctrl Pts',(134.549540675307,-118.890242149969,4.6));
#12101=CARTESIAN_POINT('Ctrl Pts',(134.550765677286,-118.888231653446,4.6));
#12102=CARTESIAN_POINT('Ctrl Pts',(134.551990873851,-118.886221283621,4.59999180020083));
#12103=CARTESIAN_POINT('Ctrl Pts',(134.621895116743,-118.771544130616,4.59905628544401));
#12104=CARTESIAN_POINT('Ctrl Pts',(134.690499755776,-118.660459806565,4.5723897537638));
#12105=CARTESIAN_POINT('Ctrl Pts',(134.819829718573,-118.454152560423,4.47064899795825));
#12106=CARTESIAN_POINT('Ctrl Pts',(134.879383872521,-118.360812192068,4.3965032222528));
#12107=CARTESIAN_POINT('Ctrl Pts',(134.980387827879,-118.20474212137,4.21050082743446));
#12108=CARTESIAN_POINT('Ctrl Pts',(135.020997465857,-118.143246537844,4.10061302844943));
#12109=CARTESIAN_POINT('Ctrl Pts',(135.076365088998,-118.060035682961,3.86003825512821));
#12110=CARTESIAN_POINT('Ctrl Pts',(135.090826594404,-118.038656214761,3.73200237424977));
#12111=CARTESIAN_POINT('Ctrl Pts',(135.091012833534,-118.038379518828,3.60168365434008));
#12112=CARTESIAN_POINT('Ctrl Pts',(135.091013435002,-118.038378625227,3.60084179867409));
#12113=CARTESIAN_POINT('Ctrl Pts',(135.091013435002,-118.038378625227,3.6));
#12114=CARTESIAN_POINT('Ctrl Pts',(61.4885133300797,-46.4663517244363,2.58377247091541));
#12115=CARTESIAN_POINT('Ctrl Pts',(60.8415714459168,-46.464996461538,2.57480110703391));
#12116=CARTESIAN_POINT('Ctrl Pts',(59.3308281376778,-46.8777995690215,2.55385111399278));
#12117=CARTESIAN_POINT('Ctrl Pts',(58.3263054945271,-48.1297901040519,2.53992105568382));
#12118=CARTESIAN_POINT('Ctrl Pts',(58.058919388529,-48.9490663051921,2.536213121322));
#12119=CARTESIAN_POINT('Ctrl Pts',(61.4827758858192,-46.4663395912839,2.88292428568918));
#12120=CARTESIAN_POINT('Ctrl Pts',(60.8352638987946,-46.46604923027,2.87328153175738));
#12121=CARTESIAN_POINT('Ctrl Pts',(59.325861201977,-46.8809878390625,2.85080794315235));
#12122=CARTESIAN_POINT('Ctrl Pts',(58.3251735342898,-48.131871968863,2.83590843689362));
#12123=CARTESIAN_POINT('Ctrl Pts',(58.0583706411505,-48.9507474169784,2.83193083166831));
#12124=CARTESIAN_POINT('Ctrl Pts',(61.4722902635713,-46.7181143651817,3.40173037521935));
#12125=CARTESIAN_POINT('Ctrl Pts',(60.8707654246821,-46.7184952518708,3.39101698381654));
#12126=CARTESIAN_POINT('Ctrl Pts',(59.4680998133203,-47.106296276697,3.36602647668207));
#12127=CARTESIAN_POINT('Ctrl Pts',(58.5382644533746,-48.2698263308271,3.34945030470235));
#12128=CARTESIAN_POINT('Ctrl Pts',(58.2909157945748,-49.0298749621104,3.34504200040697));
#12129=CARTESIAN_POINT('Ctrl Pts',(61.4677069379451,-47.244086281061,3.58434230601857));
#12130=CARTESIAN_POINT('Ctrl Pts',(60.9606263607492,-47.2435075729532,3.57459343943255));
#12131=CARTESIAN_POINT('Ctrl Pts',(59.7770008373968,-47.5682912878053,3.55185671014791));
#12132=CARTESIAN_POINT('Ctrl Pts',(58.9907504837547,-48.5495681518986,3.5367691768587));
#12133=CARTESIAN_POINT('Ctrl Pts',(58.7815436483956,-49.1912280625986,3.5327471935523));
#12134=CARTESIAN_POINT('Ctrl Pts',(61.4672604973913,-47.4695552591258,3.58358272055542));
#12135=CARTESIAN_POINT('Ctrl Pts',(61.0006005303305,-47.4685706886839,3.57462254379058));
#12136=CARTESIAN_POINT('Ctrl Pts',(59.9108454380179,-47.7663211841037,3.55369826030196));
#12137=CARTESIAN_POINT('Ctrl Pts',(59.1862350123983,-48.6694228876389,3.53978486005308));
#12138=CARTESIAN_POINT('Ctrl Pts',(58.9933554367442,-49.2604003233751,3.5360814458233));
#12139=CARTESIAN_POINT('Origin',(61.481158453107,-47.466344,2.58367059172758));
#12140=CARTESIAN_POINT('Origin',(78.6529297649393,-47.4663439999337,2.91338544483787));
#12141=CARTESIAN_POINT('Origin',(78.7247131834319,-47.4663439997949,2.91476375688584));
#12142=CARTESIAN_POINT('Ctrl Pts',(82.1508631219401,-48.9611414823701,2.96223296040618));
#12143=CARTESIAN_POINT('Ctrl Pts',(81.9517179141046,-48.3437120437198,2.95947135126816));
#12144=CARTESIAN_POINT('Ctrl Pts',(81.0887627992234,-47.0311608371831,2.94750448013338));
#12145=CARTESIAN_POINT('Ctrl Pts',(79.5815964981577,-46.4645226496687,2.92660413013476));
#12146=CARTESIAN_POINT('Ctrl Pts',(78.7173855146415,-46.4663517108751,2.91461984661436));
#12147=CARTESIAN_POINT('Ctrl Pts',(82.1503306816714,-48.9594456143044,3.26492181974152));
#12148=CARTESIAN_POINT('Ctrl Pts',(81.9503741052897,-48.340587308485,3.26194731775323));
#12149=CARTESIAN_POINT('Ctrl Pts',(81.0850201794216,-47.0266599664681,3.24908442491471));
#12150=CARTESIAN_POINT('Ctrl Pts',(79.576599542997,-46.4631019784988,3.22665186916043));
#12151=CARTESIAN_POINT('Ctrl Pts',(78.7116349731853,-46.4663502277356,3.21377077431375));
#12152=CARTESIAN_POINT('Ctrl Pts',(81.9037896594496,-49.0357187139309,3.78956928169036));
#12153=CARTESIAN_POINT('Ctrl Pts',(81.7176446567676,-48.4602526040437,3.78625620379726));
#12154=CARTESIAN_POINT('Ctrl Pts',(80.9107992483152,-47.2378123455006,3.77189324980784));
#12155=CARTESIAN_POINT('Ctrl Pts',(79.5057164690084,-46.7142549945929,3.74687083142459));
#12156=CARTESIAN_POINT('Ctrl Pts',(78.7021914287611,-46.7181502818273,3.73255969444325));
#12157=CARTESIAN_POINT('Ctrl Pts',(81.3938870419112,-49.1991104497771,3.96696251667296));
#12158=CARTESIAN_POINT('Ctrl Pts',(81.2375052250429,-48.7147477694199,3.96395582718671));
#12159=CARTESIAN_POINT('Ctrl Pts',(80.5597134819442,-47.6852745990842,3.95094062671979));
#12160=CARTESIAN_POINT('Ctrl Pts',(79.3771245356236,-47.2420156798045,3.92823689798311));
#12161=CARTESIAN_POINT('Ctrl Pts',(78.699747941504,-47.2440966446105,3.91521399051878));
#12162=CARTESIAN_POINT('Ctrl Pts',(81.1768750216448,-49.269148104512,3.96202652571819));
#12163=CARTESIAN_POINT('Ctrl Pts',(81.0332280192768,-48.8237783441156,3.95926841206598));
#12164=CARTESIAN_POINT('Ctrl Pts',(80.4107652214406,-47.8769943667389,3.94731649601841));
#12165=CARTESIAN_POINT('Ctrl Pts',(79.323606180676,-47.4682440989104,3.92644187368236));
#12166=CARTESIAN_POINT('Ctrl Pts',(78.7002174726865,-47.469554282861,3.91447240412358));
#12167=CARTESIAN_POINT('Origin',(81.1975235812769,-49.2631056269058,2.96224414212327));
#12168=CARTESIAN_POINT('Ctrl Pts',(81.1783261388772,-49.2631056269057,3.96205985424491));
#12169=CARTESIAN_POINT('Ctrl Pts',(81.2753916479124,-49.5619115786448,3.96392360723069));
#12170=CARTESIAN_POINT('Ctrl Pts',(81.6634996303684,-50.0953692779135,3.97137566119196));
#12171=CARTESIAN_POINT('Ctrl Pts',(82.2907661428264,-50.2996769999998,3.98341979352172));
#12172=CARTESIAN_POINT('Ctrl Pts',(82.6049423829193,-50.2996769999998,3.98945228550941));
#12173=CARTESIAN_POINT('Ctrl Pts',(81.4661375511447,-49.1695771658377,3.96758611567688));
#12174=CARTESIAN_POINT('Ctrl Pts',(81.5432952893603,-49.4078818200224,3.96905754873807));
#12175=CARTESIAN_POINT('Ctrl Pts',(81.8524532527966,-49.8344312770781,3.97502027096201));
#12176=CARTESIAN_POINT('Ctrl Pts',(82.3536814069447,-49.9996952102205,3.98465939463775));
#12177=CARTESIAN_POINT('Ctrl Pts',(82.6049423829193,-50.0004776996579,3.98945228550941));
#12178=CARTESIAN_POINT('Ctrl Pts',(81.9689268891176,-49.0077950880504,3.71966951741581));
#12179=CARTESIAN_POINT('Ctrl Pts',(82.0119405920059,-49.1422580801086,3.72092546591453));
#12180=CARTESIAN_POINT('Ctrl Pts',(82.1838831081157,-49.3836909114901,3.72593010957853));
#12181=CARTESIAN_POINT('Ctrl Pts',(82.4666032871278,-49.480633685516,3.73409441929706));
#12182=CARTESIAN_POINT('Ctrl Pts',(82.6097663759618,-49.482661765493,3.73821548329459));
#12183=CARTESIAN_POINT('Ctrl Pts',(82.1481850325764,-48.9528724590681,3.18924809033));
#12184=CARTESIAN_POINT('Ctrl Pts',(82.1799462574783,-49.0515679128,3.1909307974318));
#12185=CARTESIAN_POINT('Ctrl Pts',(82.3073684726892,-49.2287722636091,3.19764889571927));
#12186=CARTESIAN_POINT('Ctrl Pts',(82.5152658141726,-49.2987661851364,3.2085315378057));
#12187=CARTESIAN_POINT('Ctrl Pts',(82.6198319293181,-49.2996769999998,3.21399469454098));
#12188=CARTESIAN_POINT('Ctrl Pts',(82.1486010773048,-48.9541532089684,2.96224414212327));
#12189=CARTESIAN_POINT('Ctrl Pts',(82.1809562469832,-49.0537551928814,2.96410789510905));
#12190=CARTESIAN_POINT('Ctrl Pts',(82.3103255744685,-49.231574425971,2.97155994907032));
#12191=CARTESIAN_POINT('Ctrl Pts',(82.5194144119545,-49.2996769999998,2.98360408140008));
#12192=CARTESIAN_POINT('Ctrl Pts',(82.6241398253188,-49.2996769999998,2.98963657338776));
#12193=CARTESIAN_POINT('Origin',(82.624139825319,-50.2996769999997,2.98963657338776));
#12194=CARTESIAN_POINT('Origin',(87.39969924509,-50.2996769999987,3.08133199863048));
#12195=CARTESIAN_POINT('Origin',(96.2247165868558,-50.2996769999954,3.25078098812006));
#12196=CARTESIAN_POINT('Ctrl Pts',(99.6508720871531,-51.7944849525674,3.29824998049475));
#12197=CARTESIAN_POINT('Ctrl Pts',(99.4517326217728,-51.1770448022973,3.29548846603024));
#12198=CARTESIAN_POINT('Ctrl Pts',(98.5887531320078,-49.8644943287004,3.28352132204337));
#12199=CARTESIAN_POINT('Ctrl Pts',(97.0815790403352,-49.2978388551674,3.26262097784826));
#12200=CARTESIAN_POINT('Ctrl Pts',(96.2173585115134,-49.2996848542643,3.25063662724383));
#12201=CARTESIAN_POINT('Ctrl Pts',(99.650339771053,-51.7927891361441,3.60093893764455));
#12202=CARTESIAN_POINT('Ctrl Pts',(99.4503889159397,-51.1739201044983,3.59796453272278));
#12203=CARTESIAN_POINT('Ctrl Pts',(98.5850162436318,-49.8599734857273,3.58510148025488));
#12204=CARTESIAN_POINT('Ctrl Pts',(97.076582048205,-49.2964182404779,3.56266874940075));
#12205=CARTESIAN_POINT('Ctrl Pts',(96.2116079560658,-49.2996834061288,3.5497875654097));
#12206=CARTESIAN_POINT('Ctrl Pts',(99.4037878999782,-51.8690623312175,4.12557747229327));
#12207=CARTESIAN_POINT('Ctrl Pts',(99.2176484941612,-51.2935869519819,4.12226449506034));
#12208=CARTESIAN_POINT('Ctrl Pts',(98.410783103296,-50.0711569452114,4.10790131605817));
#12209=CARTESIAN_POINT('Ctrl Pts',(97.0057022028065,-49.5475824682453,4.08287923854634));
#12210=CARTESIAN_POINT('Ctrl Pts',(96.202169450668,-49.551493570742,4.06856796917784));
#12211=CARTESIAN_POINT('Ctrl Pts',(98.8938885027577,-52.0324455298632,4.30298136989549));
#12212=CARTESIAN_POINT('Ctrl Pts',(98.7375120530817,-51.5480770799759,4.29997478081678));
#12213=CARTESIAN_POINT('Ctrl Pts',(98.0597040812935,-50.5186131158726,4.28695935346205));
#12214=CARTESIAN_POINT('Ctrl Pts',(96.8771162602866,-50.0753400578718,4.26425553330758));
#12215=CARTESIAN_POINT('Ctrl Pts',(96.1997359145255,-50.0774343061967,4.25123254372328));
#12216=CARTESIAN_POINT('Ctrl Pts',(98.6768733737395,-52.1024810227453,4.2980436364667));
#12217=CARTESIAN_POINT('Ctrl Pts',(98.5332316737002,-51.657107119104,4.29528562475179));
#12218=CARTESIAN_POINT('Ctrl Pts',(97.9107563387158,-50.710331236823,4.28333346664571));
#12219=CARTESIAN_POINT('Ctrl Pts',(96.8236004216689,-50.3015717975471,4.26245890556169));
#12220=CARTESIAN_POINT('Ctrl Pts',(96.2002098260092,-50.3028941694264,4.2504894002676));
#12221=CARTESIAN_POINT('Origin',(98.6975251067707,-52.0964258751927,3.29826133729939));
#12222=CARTESIAN_POINT('Ctrl Pts',(98.678327664371,-52.0964258751927,4.29807704942103));
#12223=CARTESIAN_POINT('Ctrl Pts',(98.7753911929169,-52.3952348198207,4.29994076437948));
#12224=CARTESIAN_POINT('Ctrl Pts',(99.1635094052901,-52.9286844482379,4.30739301476519));
#12225=CARTESIAN_POINT('Ctrl Pts',(99.7907695759779,-53.1330099999998,4.31943702532674));
#12226=CARTESIAN_POINT('Ctrl Pts',(100.104948050676,-53.1330099999998,4.32546956022103));
#12227=CARTESIAN_POINT('Ctrl Pts',(98.9661399221978,-52.0028999844447,4.30360332708857));
#12228=CARTESIAN_POINT('Ctrl Pts',(99.0432960847201,-52.2412070189611,4.30507473009945));
#12229=CARTESIAN_POINT('Ctrl Pts',(99.3524678481279,-52.6677410950271,4.31103839174708));
#12230=CARTESIAN_POINT('Ctrl Pts',(99.8536852875863,-52.833028204655,4.32067663525954));
#12231=CARTESIAN_POINT('Ctrl Pts',(100.104948050676,-52.8338106996579,4.32546956022103));
#12232=CARTESIAN_POINT('Ctrl Pts',(99.4689204399698,-51.8411257502386,4.05567756684535));
#12233=CARTESIAN_POINT('Ctrl Pts',(99.5119332616138,-51.9755900721039,4.05693348966684));
#12234=CARTESIAN_POINT('Ctrl Pts',(99.6838840114417,-52.2170264954366,4.06193830377901));
#12235=CARTESIAN_POINT('Ctrl Pts',(99.9666081035646,-52.3139771049986,4.07010297035496));
#12236=CARTESIAN_POINT('Ctrl Pts',(100.109772210658,-52.3160051994004,4.0742240636639));
#12237=CARTESIAN_POINT('Ctrl Pts',(99.6481893424597,-51.7862012399756,3.52526529330046));
#12238=CARTESIAN_POINT('Ctrl Pts',(99.6799499177073,-51.8848976746569,3.52694796605362));
#12239=CARTESIAN_POINT('Ctrl Pts',(99.8073791613682,-52.062094000779,3.53366613711457));
#12240=CARTESIAN_POINT('Ctrl Pts',(100.015270738194,-52.1320991786581,3.54454877366016));
#12241=CARTESIAN_POINT('Ctrl Pts',(100.119837597074,-52.1330099999998,3.5500119692526));
#12242=CARTESIAN_POINT('Ctrl Pts',(99.6486053643069,-51.7874819583974,3.29826133729939));
#12243=CARTESIAN_POINT('Ctrl Pts',(99.6809598738222,-51.8870849399401,3.30012505225783));
#12244=CARTESIAN_POINT('Ctrl Pts',(99.81033261128,-52.0649014827458,3.30757730264355));
#12245=CARTESIAN_POINT('Ctrl Pts',(100.019419334843,-52.1330099999998,3.3196213132051));
#12246=CARTESIAN_POINT('Ctrl Pts',(100.124145493075,-52.1330099999998,3.32565384809939));
#12247=CARTESIAN_POINT('Origin',(100.124145493076,-53.1330099999997,3.32565384809939));
#12248=CARTESIAN_POINT('Origin',(104.882237052833,-53.1330099999982,3.4170138732955));
#12249=CARTESIAN_POINT('Origin',(114.412277605652,-53.1330099999953,3.6));
#12250=CARTESIAN_POINT('Origin',(135.844948283667,-117.237390333198,3.6));
#12251=CARTESIAN_POINT('',(133.80267799979,-117.726401670073,4.6));
#12252=CARTESIAN_POINT('Ctrl Pts',(134.802677999791,-117.5890615651,3.6));
#12253=CARTESIAN_POINT('Ctrl Pts',(134.802677999791,-117.5890615651,3.72856703514408));
#12254=CARTESIAN_POINT('Ctrl Pts',(134.777892960408,-117.593189000398,3.8557863889271));
#12255=CARTESIAN_POINT('Ctrl Pts',(134.681322536592,-117.608528543423,4.09468410606779));
#12256=CARTESIAN_POINT('Ctrl Pts',(134.610130489777,-117.619589195688,4.20385480161792));
#12257=CARTESIAN_POINT('Ctrl Pts',(134.429398597065,-117.645982694252,4.3901145034147));
#12258=CARTESIAN_POINT('Ctrl Pts',(134.321046838213,-117.661098007387,4.46503663758739));
#12259=CARTESIAN_POINT('Ctrl Pts',(134.139831058541,-117.684905951822,4.54384859586117));
#12260=CARTESIAN_POINT('Ctrl Pts',(134.075618453577,-117.693115628594,4.56437781886751));
#12261=CARTESIAN_POINT('Ctrl Pts',(133.944035162679,-117.709490029481,4.59224107232171));
#12262=CARTESIAN_POINT('Ctrl Pts',(133.876980372791,-117.717615794392,4.59950341717381));
#12263=CARTESIAN_POINT('Ctrl Pts',(133.807354183182,-117.725849394484,4.59999179987127));
#12264=CARTESIAN_POINT('Ctrl Pts',(133.805016108539,-117.726125647118,4.6));
#12265=CARTESIAN_POINT('Ctrl Pts',(133.80267799979,-117.726401670073,4.6));
#12266=CARTESIAN_POINT('Origin',(135.844948283667,-117.237390333198,4.6));
#12267=CARTESIAN_POINT('Ctrl Pts',(109.85831794171,-134.268313438946,3.51611524075797));
#12268=CARTESIAN_POINT('Ctrl Pts',(111.303888727701,-134.540723125362,3.5443799763748));
#12269=CARTESIAN_POINT('Ctrl Pts',(112.738443748378,-134.871583486285,3.57242932461853));
#12270=CARTESIAN_POINT('Ctrl Pts',(114.157301852804,-135.259814878715,3.6001717565963));
#12271=CARTESIAN_POINT('Ctrl Pts',(109.852783576302,-134.267270518904,3.81458425405736));
#12272=CARTESIAN_POINT('Ctrl Pts',(111.298329481478,-134.539516419668,3.84275065653742));
#12273=CARTESIAN_POINT('Ctrl Pts',(112.733117545333,-134.870285052855,3.87070870325006));
#12274=CARTESIAN_POINT('Ctrl Pts',(114.151975244001,-135.258357399108,3.89835485108456));
#12275=CARTESIAN_POINT('Ctrl Pts',(109.889521640867,-134.019682067973,4.33115092904602));
#12276=CARTESIAN_POINT('Ctrl Pts',(111.341859842178,-134.293121562476,4.35916073303625));
#12277=CARTESIAN_POINT('Ctrl Pts',(112.783092713269,-134.625272656117,4.38695590441027));
#12278=CARTESIAN_POINT('Ctrl Pts',(114.208630143301,-135.015086374449,4.4144486882329));
#12279=CARTESIAN_POINT('Ctrl Pts',(109.982859137305,-133.50563025458,4.5151351424031));
#12280=CARTESIAN_POINT('Ctrl Pts',(111.449005357164,-133.781844010031,4.54328528921926));
#12281=CARTESIAN_POINT('Ctrl Pts',(112.903949330291,-134.117331421076,4.5712242091795));
#12282=CARTESIAN_POINT('Ctrl Pts',(114.343013664869,-134.511018431692,4.59885438624157));
#12283=CARTESIAN_POINT('Ctrl Pts',(110.024305482173,-133.285609759233,4.5159309528796));
#12284=CARTESIAN_POINT('Ctrl Pts',(111.496351923585,-133.563008634044,4.54419568849643));
#12285=CARTESIAN_POINT('Ctrl Pts',(112.957180845739,-133.899928708537,4.57224503674016));
#12286=CARTESIAN_POINT('Ctrl Pts',(114.402025362334,-134.29527056603,4.59998746871793));
#12287=CARTESIAN_POINT('Origin',(110.043502924573,-133.285609759233,3.51611524075797));
#12288=CARTESIAN_POINT('Ctrl Pts',(80.2422138116617,-132.471169351645,2.94265318899228));
#12289=CARTESIAN_POINT('Ctrl Pts',(90.1375104570478,-131.826609550908,3.1342576313651));
#12290=CARTESIAN_POINT('Ctrl Pts',(100.113565781528,-132.431969687482,3.32742581884119));
#12291=CARTESIAN_POINT('Ctrl Pts',(109.85831794171,-134.268313438946,3.51611524075797));
#12292=CARTESIAN_POINT('Ctrl Pts',(80.2364896702303,-132.471542210751,3.24203522339334));
#12293=CARTESIAN_POINT('Ctrl Pts',(90.1314607722651,-131.826507333341,3.43332680902785));
#12294=CARTESIAN_POINT('Ctrl Pts',(100.108108777181,-132.431436020524,3.62620057597494));
#12295=CARTESIAN_POINT('Ctrl Pts',(109.852783576302,-134.267270518904,3.81458425405736));
#12296=CARTESIAN_POINT('Ctrl Pts',(80.2102211229309,-132.220982519283,3.76011244967872));
#12297=CARTESIAN_POINT('Ctrl Pts',(90.1265038923806,-131.574290637506,3.95090609735651));
#12298=CARTESIAN_POINT('Ctrl Pts',(100.123727618707,-132.180137175201,4.14325514074909));
#12299=CARTESIAN_POINT('Ctrl Pts',(109.889521470191,-134.019682873473,4.33115191254224));
#12300=CARTESIAN_POINT('Ctrl Pts',(80.1726083629779,-131.697387089906,3.94274908643082));
#12301=CARTESIAN_POINT('Ctrl Pts',(90.1327544572644,-131.048375391021,4.13398950927394));
#12302=CARTESIAN_POINT('Ctrl Pts',(100.17413248947,-131.657458642324,4.32680200749639));
#12303=CARTESIAN_POINT('Ctrl Pts',(109.982859137305,-133.50563025458,4.5151351424031));
#12304=CARTESIAN_POINT('Ctrl Pts',(80.1580161232252,-131.473284103726,3.94246890111393));
#12305=CARTESIAN_POINT('Ctrl Pts',(90.1369043526151,-130.823279314661,4.13407334348675));
#12306=CARTESIAN_POINT('Ctrl Pts',(100.197233478737,-131.433753296179,4.32724153096282));
#12307=CARTESIAN_POINT('Ctrl Pts',(110.024305482173,-133.285609759233,4.5159309528796));
#12308=CARTESIAN_POINT('',(80.2850144996941,-132.468389200798,2.94348194655836));
#12309=CARTESIAN_POINT('Origin',(87.936729045738,-250.5975413291,3.0916434975784));
#12310=CARTESIAN_POINT('Ctrl Pts',(80.1580161232255,-131.473284103726,3.94246890111393));
#12311=CARTESIAN_POINT('Ctrl Pts',(80.1627875063741,-131.517338240236,3.94256051635067));
#12312=CARTESIAN_POINT('Ctrl Pts',(80.1676102298911,-131.561330522107,3.93960386687897));
#12313=CARTESIAN_POINT('Ctrl Pts',(80.1749855377387,-131.627831407007,3.93065636719489));
#12314=CARTESIAN_POINT('Ctrl Pts',(80.1775254130921,-131.65059337705,3.92678032316381));
#12315=CARTESIAN_POINT('Ctrl Pts',(80.184946150785,-131.716693203545,3.91315619488896));
#12316=CARTESIAN_POINT('Ctrl Pts',(80.189810740578,-131.759515120797,3.90132177467909));
#12317=CARTESIAN_POINT('Ctrl Pts',(80.197099705264,-131.822907610143,3.87922906163442));
#12318=CARTESIAN_POINT('Ctrl Pts',(80.1995607773488,-131.844175630756,3.87100029590918));
#12319=CARTESIAN_POINT('Ctrl Pts',(80.2068097658278,-131.906407397263,3.8444539750684));
#12320=CARTESIAN_POINT('Ctrl Pts',(80.2115229497919,-131.946329526619,3.82416456687572));
#12321=CARTESIAN_POINT('Ctrl Pts',(80.2206992788895,-132.022914990464,3.77845022648288));
#12322=CARTESIAN_POINT('Ctrl Pts',(80.225162511575,-132.059579532737,3.75302487061253));
#12323=CARTESIAN_POINT('Ctrl Pts',(80.2333018107498,-132.125214100824,3.70024117310943));
#12324=CARTESIAN_POINT('Ctrl Pts',(80.2370105928882,-132.154586973468,3.67339743536554));
#12325=CARTESIAN_POINT('Ctrl Pts',(80.2445066593964,-132.212880470646,3.61319171234383));
#12326=CARTESIAN_POINT('Ctrl Pts',(80.2482378935928,-132.241252768988,3.57964760526747));
#12327=CARTESIAN_POINT('Ctrl Pts',(80.2553192709679,-132.293837698104,3.50865467626443));
#12328=CARTESIAN_POINT('Ctrl Pts',(80.2586629185258,-132.317982177649,3.47115387627144));
#12329=CARTESIAN_POINT('Ctrl Pts',(80.2645933147887,-132.359448698832,3.39658606121779));
#12330=CARTESIAN_POINT('Ctrl Pts',(80.2672205629912,-132.377180612314,3.35976231271897));
#12331=CARTESIAN_POINT('Ctrl Pts',(80.2722605550138,-132.409729806492,3.2804422118074));
#12332=CARTESIAN_POINT('Ctrl Pts',(80.2746119997615,-132.42400021931,3.23801096001867));
#12333=CARTESIAN_POINT('Ctrl Pts',(80.2786715551218,-132.446563424784,3.15274652612591));
#12334=CARTESIAN_POINT('Ctrl Pts',(80.2803934187698,-132.454988051256,3.10994469478765));
#12335=CARTESIAN_POINT('Ctrl Pts',(80.2831539898306,-132.465766036448,3.0259542094491));
#12336=CARTESIAN_POINT('Ctrl Pts',(80.2842262669143,-132.468440276324,2.98481330386422));
#12337=CARTESIAN_POINT('Ctrl Pts',(80.2850144987293,-132.468389227931,2.94348194653969));
#12338=CARTESIAN_POINT('Origin',(51.3596995516633,-133.636344001137,2.38932865260213));
#12339=CARTESIAN_POINT('Origin',(46.6660481278519,-133.636344001531,2.29920594122602));
#12340=CARTESIAN_POINT('Origin',(24.1181238687919,-133.63634399608,1.86626367801902));
#12341=CARTESIAN_POINT('Ctrl Pts',(20.5181472506341,-131.022891012254,1.81632464248833));
#12342=CARTESIAN_POINT('Ctrl Pts',(20.5149862096611,-131.835144940739,1.81628080797002));
#12343=CARTESIAN_POINT('Ctrl Pts',(21.1736290045094,-133.734274439033,1.82541436721342));
#12344=CARTESIAN_POINT('Ctrl Pts',(23.0498137075904,-134.640651105521,1.85143187263987));
#12345=CARTESIAN_POINT('Ctrl Pts',(24.131557818693,-134.636316991969,1.86643267921413));
#12346=CARTESIAN_POINT('Ctrl Pts',(20.5181418417807,-131.022901175528,2.11187280381629));
#12347=CARTESIAN_POINT('Ctrl Pts',(20.5149940607748,-131.834564359301,2.11182591657069));
#12348=CARTESIAN_POINT('Ctrl Pts',(21.1708382812296,-133.731000930937,2.12159614038443));
#12349=CARTESIAN_POINT('Ctrl Pts',(23.0431147025797,-134.638892511378,2.14947299692345));
#12350=CARTESIAN_POINT('Ctrl Pts',(24.1258256699151,-134.636344653012,2.16559662783938));
#12351=CARTESIAN_POINT('Ctrl Pts',(20.7638776603733,-131.0238737895,2.62553703384278));
#12352=CARTESIAN_POINT('Ctrl Pts',(20.7609561158229,-131.777009135791,2.62548494918269));
#12353=CARTESIAN_POINT('Ctrl Pts',(21.3696835777193,-133.538341402847,2.63634091534219));
#12354=CARTESIAN_POINT('Ctrl Pts',(23.1092015258651,-134.385410799812,2.6673487398174));
#12355=CARTESIAN_POINT('Ctrl Pts',(24.1148876846407,-134.384129531827,2.68526563051751));
#12356=CARTESIAN_POINT('Ctrl Pts',(21.2811645633254,-131.025826633913,2.81330031567949));
#12357=CARTESIAN_POINT('Ctrl Pts',(21.2786931993315,-131.661502199664,2.81325288027927));
#12358=CARTESIAN_POINT('Ctrl Pts',(21.7936338710754,-133.147997711196,2.8231406727195));
#12359=CARTESIAN_POINT('Ctrl Pts',(23.2620578961212,-133.859414239104,2.85134462076278));
#12360=CARTESIAN_POINT('Ctrl Pts',(24.1094114877478,-133.85682171241,2.86764021474573));
#12361=CARTESIAN_POINT('Ctrl Pts',(21.5047224309368,-131.026663818719,2.81625078411345));
#12362=CARTESIAN_POINT('Ctrl Pts',(21.502444491238,-131.611986510021,2.81620706591191));
#12363=CARTESIAN_POINT('Ctrl Pts',(21.9770863364528,-132.980522470668,2.82532077431943));
#12364=CARTESIAN_POINT('Ctrl Pts',(23.3290909237237,-133.633616405283,2.85128055259316));
#12365=CARTESIAN_POINT('Ctrl Pts',(24.1085919399324,-133.630472060411,2.86624717509371));
#12366=CARTESIAN_POINT('Origin',(21.5181209808451,-131.036328700058,1.81634107220754));
#12367=CARTESIAN_POINT('Origin',(21.5263419200685,-101.619971063842,1.81649892230479));
#12368=CARTESIAN_POINT('Origin',(21.5243733161116,-108.66407593633,1.81646112317775));
#12369=CARTESIAN_POINT('Ctrl Pts',(20.4971363023081,-108.456687080662,1.81528388614802));
#12370=CARTESIAN_POINT('Ctrl Pts',(20.5152098015121,-108.524138231253,1.81606505669609));
#12371=CARTESIAN_POINT('Ctrl Pts',(20.5243928705925,-108.5939659002,1.81646196636012));
#12372=CARTESIAN_POINT('Ctrl Pts',(20.5243733551629,-108.663796468048,1.81646112317775));
#12373=CARTESIAN_POINT('Ctrl Pts',(20.4967560127915,-108.455267822268,2.11094726144353));
#12374=CARTESIAN_POINT('Ctrl Pts',(20.515012777028,-108.522892195095,2.11164642589217));
#12375=CARTESIAN_POINT('Ctrl Pts',(20.5243930775269,-108.593735945384,2.11200429323523));
#12376=CARTESIAN_POINT('Ctrl Pts',(20.5243733547198,-108.663798053363,2.1120035433207));
#12377=CARTESIAN_POINT('Ctrl Pts',(20.7327813324764,-108.389390974097,2.62290955969495));
#12378=CARTESIAN_POINT('Ctrl Pts',(20.7569482343208,-108.478792936732,2.62347788673655));
#12379=CARTESIAN_POINT('Ctrl Pts',(20.7692138023954,-108.571233375195,2.62376612734866));
#12380=CARTESIAN_POINT('Ctrl Pts',(20.7691876970103,-108.663869216346,2.62376552684588));
#12381=CARTESIAN_POINT('Ctrl Pts',(21.2297123974228,-108.255270923156,2.81098761996573));
#12382=CARTESIAN_POINT('Ctrl Pts',(21.2654509690847,-108.388411262816,2.81167278301378));
#12383=CARTESIAN_POINT('Ctrl Pts',(21.2835984976185,-108.526153088167,2.8120223149764));
#12384=CARTESIAN_POINT('Ctrl Pts',(21.2835599159239,-108.664013976894,2.81202159152506));
#12385=CARTESIAN_POINT('Ctrl Pts',(21.4438645778716,-108.197867807143,2.81509955189388));
#12386=CARTESIAN_POINT('Ctrl Pts',(21.4845484652763,-108.34970193796,2.81588073645813));
#12387=CARTESIAN_POINT('Ctrl Pts',(21.5052197873552,-108.506885671105,2.81627766229151));
#12388=CARTESIAN_POINT('Ctrl Pts',(21.5051758737125,-108.664075934353,2.81627683529941));
#12389=CARTESIAN_POINT('Origin',(21.4630621684952,-108.197868184461,1.81528388900295));
#12390=CARTESIAN_POINT('Origin',(45.6328341495265,-72.0655583717068,2.27936721935497));
#12391=CARTESIAN_POINT('Ctrl Pts',(16.5560948024056,-79.8515072766391,2.72124962413862));
#12392=CARTESIAN_POINT('Ctrl Pts',(16.4988131741944,-79.6352686349562,2.7201497052001));
#12393=CARTESIAN_POINT('Ctrl Pts',(16.4428867955909,-79.418742471279,2.64116103894878));
#12394=CARTESIAN_POINT('Ctrl Pts',(16.3510569933207,-79.0513677616351,2.33596334245043));
#12395=CARTESIAN_POINT('Ctrl Pts',(16.3206004536943,-78.9194604779119,2.08572790294701));
#12396=CARTESIAN_POINT('Ctrl Pts',(16.3173442339687,-78.8872805138864,1.78964718030552));
#12397=CARTESIAN_POINT('Ctrl Pts',(16.3174318840968,-78.8853246767147,1.75557639926872));
#12398=CARTESIAN_POINT('Ctrl Pts',(16.3179976597895,-78.8851727712114,1.72146318659402));
#12399=CARTESIAN_POINT('Origin',(20.5005856134347,-78.7997273279802,1.79680339504527));
#12400=CARTESIAN_POINT('Ctrl Pts',(20.5382153356905,-77.446852916266,1.81669830867104));
#12401=CARTESIAN_POINT('Ctrl Pts',(20.5383094766114,-77.5217738433504,1.81670463409464));
#12402=CARTESIAN_POINT('Ctrl Pts',(20.4882228176568,-77.696793190103,1.813339258697));
#12403=CARTESIAN_POINT('Ctrl Pts',(20.3380030731788,-77.8080545679071,1.80324584654848));
#12404=CARTESIAN_POINT('Ctrl Pts',(20.2415204756758,-77.8338674179742,1.79676309718608));
#12405=CARTESIAN_POINT('Ctrl Pts',(20.5382063091011,-77.4468471942632,2.11225045747192));
#12406=CARTESIAN_POINT('Ctrl Pts',(20.5383029767506,-77.5222618470826,2.11225594234925));
#12407=CARTESIAN_POINT('Ctrl Pts',(20.486367640259,-77.699668146329,2.10932633970031));
#12408=CARTESIAN_POINT('Ctrl Pts',(20.3326359314701,-77.8109549030251,2.10056490026148));
#12409=CARTESIAN_POINT('Ctrl Pts',(20.236175977721,-77.8352877987743,2.09497582308285));
#12410=CARTESIAN_POINT('Ctrl Pts',(20.7831090116207,-77.446528207235,2.62427602823619));
#12411=CARTESIAN_POINT('Ctrl Pts',(20.7832667772115,-77.570350606128,2.62428013939407));
#12412=CARTESIAN_POINT('Ctrl Pts',(20.6992806686616,-77.8592893851262,2.62209352449596));
#12413=CARTESIAN_POINT('Ctrl Pts',(20.4499223090824,-78.0388484805173,2.61557334554088));
#12414=CARTESIAN_POINT('Ctrl Pts',(20.2914580357733,-78.0789704297801,2.61140828686556));
#12415=CARTESIAN_POINT('Ctrl Pts',(21.2978554006405,-77.4458826370668,2.8124534424607));
#12416=CARTESIAN_POINT('Ctrl Pts',(21.2981334999771,-77.6667079426536,2.81245877714159));
#12417=CARTESIAN_POINT('Ctrl Pts',(21.1501877500217,-78.1823876816956,2.80961418092671));
#12418=CARTESIAN_POINT('Ctrl Pts',(20.7071993523148,-78.5089137328069,2.80110251067041));
#12419=CARTESIAN_POINT('Ctrl Pts',(20.423110791268,-78.5842407596718,2.79566053630541));
#12420=CARTESIAN_POINT('Ctrl Pts',(21.5197017542168,-77.4456063817899,2.81655550326628));
#12421=CARTESIAN_POINT('Ctrl Pts',(21.5200313411964,-77.707905264333,2.81656183167386));
#12422=CARTESIAN_POINT('Ctrl Pts',(21.3446779384148,-78.320650647816,2.81319488715142));
#12423=CARTESIAN_POINT('Ctrl Pts',(20.818757013549,-78.7101819223765,2.80309670998851));
#12424=CARTESIAN_POINT('Ctrl Pts',(20.4809698466808,-78.8005547343923,2.79661082699843));
#12425=CARTESIAN_POINT('Origin',(21.5382151927172,-77.4462251415427,1.81672690078637));
#12426=CARTESIAN_POINT('Origin',(21.5363005954581,-75.1877912526397,1.81669013864097));
#12427=CARTESIAN_POINT('Origin',(21.5198097278704,-55.7353787009531,1.81637349780738));
#12428=CARTESIAN_POINT('Ctrl Pts',(24.1330763749197,-52.1330347600838,1.86646953024915));
#12429=CARTESIAN_POINT('Ctrl Pts',(23.3203795830249,-52.1299635636627,1.85519939165036));
#12430=CARTESIAN_POINT('Ctrl Pts',(21.4199785601717,-52.7890558739237,1.82884542681491));
#12431=CARTESIAN_POINT('Ctrl Pts',(20.5146278740885,-54.6673557732202,1.81629040244832));
#12432=CARTESIAN_POINT('Ctrl Pts',(20.5198480345142,-55.7496116198081,1.8163627931311));
#12433=CARTESIAN_POINT('Ctrl Pts',(24.1273441576451,-52.1330095534311,2.16563116458832));
#12434=CARTESIAN_POINT('Ctrl Pts',(23.3139223239707,-52.1312765935132,2.15351753715025));
#12435=CARTESIAN_POINT('Ctrl Pts',(21.4159152916772,-52.7930937099489,2.12525480463864));
#12436=CARTESIAN_POINT('Ctrl Pts',(20.5146456893123,-54.6681279343298,2.111831637027));
#12437=CARTESIAN_POINT('Ctrl Pts',(20.5198443406132,-55.7495970281881,2.11190907291015));
#12438=CARTESIAN_POINT('Ctrl Pts',(24.1164322529641,-52.3851689522105,2.68535759790682));
#12439=CARTESIAN_POINT('Ctrl Pts',(23.3608737505866,-52.3843765626834,2.67189682261889));
#12440=CARTESIAN_POINT('Ctrl Pts',(21.5976173829762,-53.0020292933128,2.64046927472441));
#12441=CARTESIAN_POINT('Ctrl Pts',(20.7606989786167,-54.7449291534814,2.62554192817801));
#12442=CARTESIAN_POINT('Ctrl Pts',(20.7655248710329,-55.7484160721117,2.62562798279963));
#12443=CARTESIAN_POINT('Ctrl Pts',(24.1110138932245,-52.9125230005274,2.86766764797459));
#12444=CARTESIAN_POINT('Ctrl Pts',(23.4743985850608,-52.9107198086469,2.85542481366686));
#12445=CARTESIAN_POINT('Ctrl Pts',(21.9866736147883,-53.4285065964308,2.82683939968185));
#12446=CARTESIAN_POINT('Ctrl Pts',(21.2787731875949,-54.8990427214447,2.81325117622077));
#12447=CARTESIAN_POINT('Ctrl Pts',(21.2828548428668,-55.7460390996753,2.81332953288753));
#12448=CARTESIAN_POINT('Ctrl Pts',(24.11021855586,-53.1388680167277,2.86627848897282));
#12449=CARTESIAN_POINT('Ctrl Pts',(23.5245756927349,-53.1366389503064,2.85503398365004));
#12450=CARTESIAN_POINT('Ctrl Pts',(22.1550905195849,-53.6115523517843,2.8287388294262));
#12451=CARTESIAN_POINT('Ctrl Pts',(21.5026455278741,-54.9651078021977,2.81621100023522));
#12452=CARTESIAN_POINT('Ctrl Pts',(21.5064074439235,-55.7450198831654,2.81628321696318));
#12453=CARTESIAN_POINT('Origin',(24.1197698780725,-53.13301,1.86629528301227));
#12454=CARTESIAN_POINT('Origin',(67.8708369594336,-53.1330100006553,2.70635868673402));
#12455=CARTESIAN_POINT('Origin',(57.1525235582479,-53.1330099980151,2.50055655575485));
#12456=CARTESIAN_POINT('Ctrl Pts',(57.5464959744357,-51.802308553089,2.52703249115873));
#12457=CARTESIAN_POINT('Ctrl Pts',(57.532679962959,-51.8809459516079,2.52610385462465));
#12458=CARTESIAN_POINT('Ctrl Pts',(57.4438865508064,-52.0546989630724,2.52013564763774));
#12459=CARTESIAN_POINT('Ctrl Pts',(57.2588178292867,-52.1330807188474,2.5076963409492));
#12460=CARTESIAN_POINT('Ctrl Pts',(57.1523686318073,-52.1330099176186,2.50054140862543));
#12461=CARTESIAN_POINT('Ctrl Pts',(57.5463257647143,-51.8032773428149,2.82262845630974));
#12462=CARTESIAN_POINT('Ctrl Pts',(57.5322229807263,-51.8823835381181,2.82182507647487));
#12463=CARTESIAN_POINT('Ctrl Pts',(57.4405242354574,-52.0578158665618,2.81663680484391));
#12464=CARTESIAN_POINT('Ctrl Pts',(57.2522401497837,-52.1346535460193,2.80584854503449));
#12465=CARTESIAN_POINT('Ctrl Pts',(57.1466265300937,-52.1330061765054,2.79968793256659));
#12466=CARTESIAN_POINT('Ctrl Pts',(57.7873731939609,-51.8473569853726,3.33477986220165));
#12467=CARTESIAN_POINT('Ctrl Pts',(57.7642301281951,-51.9772766509149,3.33417640134385));
#12468=CARTESIAN_POINT('Ctrl Pts',(57.6155099788029,-52.2632619928427,3.33030136375543));
#12469=CARTESIAN_POINT('Ctrl Pts',(57.3101458220558,-52.3869616908131,3.32229631176684));
#12470=CARTESIAN_POINT('Ctrl Pts',(57.1365181929058,-52.3844160376876,3.31771925533533));
#12471=CARTESIAN_POINT('Ctrl Pts',(58.2944699824356,-51.9370918299513,3.5228683704506));
#12472=CARTESIAN_POINT('Ctrl Pts',(58.2536388960937,-52.1689507808618,3.5220861998395));
#12473=CARTESIAN_POINT('Ctrl Pts',(57.9912943208101,-52.6808522471434,3.51704570911665));
#12474=CARTESIAN_POINT('Ctrl Pts',(57.4458776624578,-52.9101295947047,3.50656512552156));
#12475=CARTESIAN_POINT('Ctrl Pts',(57.1326748587829,-52.9091995814571,3.50056593812926));
#12476=CARTESIAN_POINT('Ctrl Pts',(58.513071798687,-51.9755152502856,3.52686434792526));
#12477=CARTESIAN_POINT('Ctrl Pts',(58.4646779904607,-52.2509632937024,3.52593513933274));
#12478=CARTESIAN_POINT('Ctrl Pts',(58.1536580026204,-52.859580234021,3.51996327729508));
#12479=CARTESIAN_POINT('Ctrl Pts',(57.5054054289463,-53.1341400369918,3.5075162133351));
#12480=CARTESIAN_POINT('Ctrl Pts',(57.1325366910477,-53.1338948800908,3.50035670318248));
#12481=CARTESIAN_POINT('Origin',(58.5312713421391,-51.976140810866,2.52702986562992));
#12482=CARTESIAN_POINT('Origin',(55.4356323854296,-69.5323478391004,2.46759056112483));
#12483=CARTESIAN_POINT('Ctrl Pts',(16.3386378134581,-78.8797810375198,1.72164732382804));
#12484=CARTESIAN_POINT('Ctrl Pts',(15.2732905144391,-79.1544718068214,1.70686454733492));
#12485=CARTESIAN_POINT('Ctrl Pts',(13.6660326882901,-80.5456587714143,1.68456221040386));
#12486=CARTESIAN_POINT('Ctrl Pts',(13.5471867510063,-82.5912072895782,1.68291310182703));
#12487=CARTESIAN_POINT('Ctrl Pts',(13.7796318289063,-83.3844577365076,1.68613851319526));
#12488=CARTESIAN_POINT('Ctrl Pts',(16.3332817929101,-78.8811487249432,2.01989603486115));
#12489=CARTESIAN_POINT('Ctrl Pts',(15.2678640571263,-79.1576744815812,2.00401775408305));
#12490=CARTESIAN_POINT('Ctrl Pts',(13.6652399345049,-80.5483523962623,1.98013613514732));
#12491=CARTESIAN_POINT('Ctrl Pts',(13.547251594343,-82.5901075914732,1.97837964854404));
#12492=CARTESIAN_POINT('Ctrl Pts',(13.7791745640327,-83.3829460705479,1.98183883404314));
#12493=CARTESIAN_POINT('Ctrl Pts',(16.3866698370615,-79.1265547046647,2.53890146413225));
#12494=CARTESIAN_POINT('Ctrl Pts',(15.3975850489127,-79.3843690035513,2.52126984184259));
#12495=CARTESIAN_POINT('Ctrl Pts',(13.9095596056655,-80.6791490204331,2.49472811068776));
#12496=CARTESIAN_POINT('Ctrl Pts',(13.7998267171926,-82.5752718068956,2.49276911190547));
#12497=CARTESIAN_POINT('Ctrl Pts',(14.0148151610129,-83.3110350694283,2.49660346471032));
#12498=CARTESIAN_POINT('Ctrl Pts',(16.5149148241789,-79.6367875240126,2.72238043778006));
#12499=CARTESIAN_POINT('Ctrl Pts',(15.6809085065007,-79.8526382390929,2.70633734488217));
#12500=CARTESIAN_POINT('Ctrl Pts',(14.4237589119678,-80.9428157181688,2.68218362524719));
#12501=CARTESIAN_POINT('Ctrl Pts',(14.3308681030649,-82.5434340169076,2.68040348436567));
#12502=CARTESIAN_POINT('Ctrl Pts',(14.5126010685696,-83.1642318887491,2.68389911084956));
#12503=CARTESIAN_POINT('Ctrl Pts',(16.5715616988128,-79.8560645919659,2.72151068748486));
#12504=CARTESIAN_POINT('Ctrl Pts',(15.8040993000586,-80.0539176203681,2.70677548213893));
#12505=CARTESIAN_POINT('Ctrl Pts',(14.6462104292205,-81.0560692812171,2.68454304181044));
#12506=CARTESIAN_POINT('Ctrl Pts',(14.5605898031347,-82.5296837261978,2.6828988828232));
#12507=CARTESIAN_POINT('Ctrl Pts',(14.7280491822711,-83.1011385622184,2.68611409501734));
#12508=CARTESIAN_POINT('Ctrl Pts',(14.7162766973299,-83.0901702756531,2.68592331182938));
#12509=CARTESIAN_POINT('Ctrl Pts',(14.6735117768771,-83.1018532831052,2.68510218340824));
#12510=CARTESIAN_POINT('Ctrl Pts',(14.6308037750964,-83.1135362307196,2.68132832279554));
#12511=CARTESIAN_POINT('Ctrl Pts',(14.54625787122,-83.1366990138202,2.66794201082538));
#12512=CARTESIAN_POINT('Ctrl Pts',(14.5044203768356,-83.1481787385399,2.65832985501312));
#12513=CARTESIAN_POINT('Ctrl Pts',(14.4223553249094,-83.1707359611377,2.63343735222451));
#12514=CARTESIAN_POINT('Ctrl Pts',(14.3821281390447,-83.1818133577309,2.61815733453464));
#12515=CARTESIAN_POINT('Ctrl Pts',(14.3039949903893,-83.2033739450005,2.5821995213367));
#12516=CARTESIAN_POINT('Ctrl Pts',(14.26608936172,-83.2138570443037,2.56152208455292));
#12517=CARTESIAN_POINT('Ctrl Pts',(14.193258421018,-83.2340506564916,2.51512799284458));
#12518=CARTESIAN_POINT('Ctrl Pts',(14.1583343185516,-83.2437608512084,2.48941018446055));
#12519=CARTESIAN_POINT('Ctrl Pts',(14.0920996931689,-83.2622365179349,2.43339625153197));
#12520=CARTESIAN_POINT('Ctrl Pts',(14.0607891577602,-83.2710019894482,2.4031008740373));
#12521=CARTESIAN_POINT('Ctrl Pts',(14.0023344320422,-83.2874373411018,2.33846798902742));
#12522=CARTESIAN_POINT('Ctrl Pts',(13.9751901913333,-83.295107231235,2.30413116405305));
#12523=CARTESIAN_POINT('Ctrl Pts',(13.9255472017064,-83.3092199126127,2.23202250709291));
#12524=CARTESIAN_POINT('Ctrl Pts',(13.9030483797339,-83.3156627202328,2.19425129698422));
#12525=CARTESIAN_POINT('Ctrl Pts',(13.8630878142555,-83.3272129984339,2.11593030408783));
#12526=CARTESIAN_POINT('Ctrl Pts',(13.8456273990532,-83.3323201141598,2.07538031477834));
#12527=CARTESIAN_POINT('Ctrl Pts',(13.8160624997521,-83.3411097222318,1.99223311165541));
#12528=CARTESIAN_POINT('Ctrl Pts',(13.8039572305317,-83.3447924208646,1.94963669202811));
#12529=CARTESIAN_POINT('Ctrl Pts',(13.7853119972061,-83.3506733431068,1.86313776779507));
#12530=CARTESIAN_POINT('Ctrl Pts',(13.7787727511432,-83.3528713727426,1.81923556923294));
#12531=CARTESIAN_POINT('Ctrl Pts',(13.772600749101,-83.3552717000191,1.74550689273679));
#12532=CARTESIAN_POINT('Ctrl Pts',(13.7713983710215,-83.3558938289768,1.71582574309212));
#12533=CARTESIAN_POINT('Ctrl Pts',(13.7714733592406,-83.3561736887933,1.68614456235544));
#12534=CARTESIAN_POINT('Origin',(18.3140578368823,-96.4456251616116,1.75481991695338));
#12535=CARTESIAN_POINT('Origin',(132.402678000186,-113.949734014901,1.93499998509883));
#12536=CARTESIAN_POINT('',(134.30267799978,-115.149734014901,1.93499998509883));
#12537=CARTESIAN_POINT('Origin',(134.302677999784,-113.949734014901,1.93499998509883));
#12538=CARTESIAN_POINT('',(133.602677999799,-115.149734014901,1.93499998509883));
#12539=CARTESIAN_POINT('Origin',(133.60267799979,-113.949734014901,1.93499998509883));
#12540=CARTESIAN_POINT('',(134.802678000185,-115.149734014901,1.93499998509883));
#12541=CARTESIAN_POINT('Origin',(132.402678000186,-115.149734014901,2.93500001490116));
#12542=CARTESIAN_POINT('',(134.302677999799,-115.149734014901,2.06750000745058));
#12543=CARTESIAN_POINT('',(133.602677999799,-115.149734014901,2.06750000745058));
#12544=CARTESIAN_POINT('Ctrl Pts',(134.721491577482,-110.653715142218,3.99469179050501));
#12545=CARTESIAN_POINT('Ctrl Pts',(134.76578531497,-110.504083662496,3.89157921409093));
#12546=CARTESIAN_POINT('Ctrl Pts',(134.802677999815,-110.378145290642,3.75427575060873));
#12547=CARTESIAN_POINT('Ctrl Pts',(134.802677999815,-110.280876231053,3.59999999999918));
#12548=CARTESIAN_POINT('Ctrl Pts',(134.581887051585,-110.752388089844,3.8631278603364));
#12549=CARTESIAN_POINT('Ctrl Pts',(134.61141620991,-110.620210750167,3.77006887782984));
#12550=CARTESIAN_POINT('Ctrl Pts',(134.63601133314,-110.508321812248,3.6482451116522));
#12551=CARTESIAN_POINT('Ctrl Pts',(134.63601133314,-110.421860425947,3.51111111111038));
#12552=CARTESIAN_POINT('Ctrl Pts',(134.442282525688,-110.851061037471,3.7315639301678));
#12553=CARTESIAN_POINT('Ctrl Pts',(134.45704710485,-110.736337837838,3.64855854156874));
#12554=CARTESIAN_POINT('Ctrl Pts',(134.469344666465,-110.638498333854,3.54221447269568));
#12555=CARTESIAN_POINT('Ctrl Pts',(134.469344666465,-110.562844620841,3.42222222222158));
#12556=CARTESIAN_POINT('Ctrl Pts',(134.302677999791,-110.949733985098,3.59999999999919));
#12557=CARTESIAN_POINT('Ctrl Pts',(134.302677999791,-110.852464925509,3.52704820530765));
#12558=CARTESIAN_POINT('Ctrl Pts',(134.302677999791,-110.768674855461,3.43618383373915));
#12559=CARTESIAN_POINT('Ctrl Pts',(134.302677999791,-110.703828815735,3.33333333333279));
#12560=CARTESIAN_POINT('',(134.802677999815,-110.280876231054,3.6));
#12561=CARTESIAN_POINT('',(134.802677999815,-110.280876231054,3.6));
#12562=CARTESIAN_POINT('',(134.721491577483,-110.653715142221,3.99469179050324));
#12563=CARTESIAN_POINT('Ctrl Pts',(134.802677999815,-110.280876231053,3.59999999999918));
#12564=CARTESIAN_POINT('Ctrl Pts',(134.802677999815,-110.378145290642,3.75427575060873));
#12565=CARTESIAN_POINT('Ctrl Pts',(134.76578531497,-110.504083662496,3.89157921409093));
#12566=CARTESIAN_POINT('Ctrl Pts',(134.721491577482,-110.653715142218,3.99469179050501));
#12567=CARTESIAN_POINT('',(134.302677999813,-110.949733985098,3.59999999999919));
#12568=CARTESIAN_POINT('Origin',(134.55267799979,-111.7497339851,1.93499998509883));
#12569=CARTESIAN_POINT('',(134.802677999816,-110.049733985099,1.93499998509868));
#12570=CARTESIAN_POINT('Origin',(134.80267799981,-111.749733985101,1.93499998509883));
#12571=CARTESIAN_POINT('',(134.302677999814,-110.549733985099,1.93499998509868));
#12572=CARTESIAN_POINT('Origin',(134.552677999815,-110.299733985099,1.56749999254934));
#12573=CARTESIAN_POINT('',(134.802677999816,-110.049733985099,2.8));
#12574=CARTESIAN_POINT('',(134.802677999816,-110.049733985099,1.56749999254934));
#12575=CARTESIAN_POINT('',(134.302677999769,-110.549733985099,2.8));
#12576=CARTESIAN_POINT('Origin',(134.552677999788,-111.5497339851,2.8));
#12577=CARTESIAN_POINT('Origin',(134.802677999811,-111.549733985101,2.8));
#12578=CARTESIAN_POINT('Ctrl Pts',(134.802677999798,-115.418591768946,3.60000000000079));
#12579=CARTESIAN_POINT('Ctrl Pts',(134.802677999798,-115.321322709357,3.75427575061082));
#12580=CARTESIAN_POINT('Ctrl Pts',(134.765785314953,-115.195384337501,3.89157921409244));
#12581=CARTESIAN_POINT('Ctrl Pts',(134.721491577467,-115.045752857778,3.99469179050544));
#12582=CARTESIAN_POINT('Ctrl Pts',(134.636011333129,-115.277607574052,3.51111111111181));
#12583=CARTESIAN_POINT('Ctrl Pts',(134.636011333129,-115.19114618775,3.64824511165406));
#12584=CARTESIAN_POINT('Ctrl Pts',(134.611416209899,-115.07925724983,3.77006887783137));
#12585=CARTESIAN_POINT('Ctrl Pts',(134.581887051575,-114.947079910152,3.86312786033723));
#12586=CARTESIAN_POINT('Ctrl Pts',(134.46934466646,-115.136623379158,3.42222222222284));
#12587=CARTESIAN_POINT('Ctrl Pts',(134.46934466646,-115.060969666144,3.5422144726973));
#12588=CARTESIAN_POINT('Ctrl Pts',(134.457047104845,-114.96313016216,3.64855854157031));
#12589=CARTESIAN_POINT('Ctrl Pts',(134.442282525683,-114.848406962526,3.73156393016902));
#12590=CARTESIAN_POINT('Ctrl Pts',(134.302677999791,-114.995639184264,3.33333333333386));
#12591=CARTESIAN_POINT('Ctrl Pts',(134.302677999791,-114.930793144538,3.43618383374054));
#12592=CARTESIAN_POINT('Ctrl Pts',(134.302677999791,-114.847003074489,3.52704820530924));
#12593=CARTESIAN_POINT('Ctrl Pts',(134.302677999791,-114.7497340149,3.6000000000008));
#12594=CARTESIAN_POINT('',(134.721491577468,-115.045752857778,3.99469179050323));
#12595=CARTESIAN_POINT('',(134.721491577468,-115.045752857778,3.99469179050323));
#12596=CARTESIAN_POINT('',(134.802677999798,-115.418591768946,3.6));
#12597=CARTESIAN_POINT('Ctrl Pts',(134.721491577467,-115.045752857778,3.99469179050544));
#12598=CARTESIAN_POINT('Ctrl Pts',(134.765785314953,-115.195384337501,3.89157921409244));
#12599=CARTESIAN_POINT('Ctrl Pts',(134.802677999798,-115.321322709357,3.75427575061082));
#12600=CARTESIAN_POINT('Ctrl Pts',(134.802677999798,-115.418591768946,3.60000000000079));
#12601=CARTESIAN_POINT('',(134.302677999783,-114.995639184264,3.33333333333387));
#12602=CARTESIAN_POINT('Ctrl Pts',(134.56348048014,-111.574132291303,4.24943133483168));
#12603=CARTESIAN_POINT('Ctrl Pts',(134.560313816163,-111.323855831561,4.25258442548662));
#12604=CARTESIAN_POINT('Ctrl Pts',(134.60646245578,-111.063615410324,4.20736599868668));
#12605=CARTESIAN_POINT('Ctrl Pts',(134.68837521045,-110.766083452239,4.06676890628271));
#12606=CARTESIAN_POINT('Ctrl Pts',(134.708605341244,-110.697792065814,4.02697849361543));
#12607=CARTESIAN_POINT('Ctrl Pts',(134.727664030922,-110.633487545453,3.98078640905619));
#12608=CARTESIAN_POINT('Ctrl Pts',(134.469641491375,-111.57202243153,4.09926052555261));
#12609=CARTESIAN_POINT('Ctrl Pts',(134.467585104072,-111.343349214952,4.10321547842673));
#12610=CARTESIAN_POINT('Ctrl Pts',(134.502218581903,-111.106706298754,4.05424913959272));
#12611=CARTESIAN_POINT('Ctrl Pts',(134.559288377966,-110.848384703115,3.92580168444728));
#12612=CARTESIAN_POINT('Ctrl Pts',(134.573217844021,-110.789725218045,3.89062446607966));
#12613=CARTESIAN_POINT('Ctrl Pts',(134.585735028584,-110.735481520034,3.85087569653627));
#12614=CARTESIAN_POINT('Ctrl Pts',(134.375893418451,-111.569835969268,3.94925205257904));
#12615=CARTESIAN_POINT('Ctrl Pts',(134.373968107713,-111.363588796717,3.95224807084713));
#12616=CARTESIAN_POINT('Ctrl Pts',(134.397522718537,-111.150244744467,3.90069381743346));
#12617=CARTESIAN_POINT('Ctrl Pts',(134.430321234788,-110.930565589293,3.78495191987974));
#12618=CARTESIAN_POINT('Ctrl Pts',(134.437626267113,-110.881854599485,3.75406890585364));
#12619=CARTESIAN_POINT('Ctrl Pts',(134.443871860707,-110.837412404566,3.7210300242447));
#12620=CARTESIAN_POINT('Ctrl Pts',(134.282054231156,-111.56772627677,3.79908088880961));
#12621=CARTESIAN_POINT('Ctrl Pts',(134.281241335349,-111.383080550651,3.80288261431166));
#12622=CARTESIAN_POINT('Ctrl Pts',(134.293279831659,-111.193334655575,3.74757791580203));
#12623=CARTESIAN_POINT('Ctrl Pts',(134.301234140942,-111.012867103006,3.64398444155537));
#12624=CARTESIAN_POINT('Ctrl Pts',(134.302239215534,-110.973787323215,3.61771531840053));
#12625=CARTESIAN_POINT('Ctrl Pts',(134.301942714608,-110.939406516915,3.59111916969779));
#12626=CARTESIAN_POINT('',(134.56317482613,-111.5497339851,4.24934164902525));
#12627=CARTESIAN_POINT('Ctrl Pts',(134.721491577483,-110.653715142221,3.9946917905031));
#12628=CARTESIAN_POINT('Ctrl Pts',(134.697376596785,-110.735179485718,4.05082969917867));
#12629=CARTESIAN_POINT('Ctrl Pts',(134.666293638484,-110.835789036748,4.10721529301669));
#12630=CARTESIAN_POINT('Ctrl Pts',(134.626801926953,-111.004583026616,4.16662617276519));
#12631=CARTESIAN_POINT('Ctrl Pts',(134.618648818736,-111.042337584565,4.17823189981471));
#12632=CARTESIAN_POINT('Ctrl Pts',(134.581964522073,-111.230326538348,4.22863304105681));
#12633=CARTESIAN_POINT('Ctrl Pts',(134.56317482613,-111.391500228868,4.24934164902534));
#12634=CARTESIAN_POINT('Ctrl Pts',(134.56317482613,-111.5497339851,4.24934164902488));
#12635=CARTESIAN_POINT('',(134.282473896924,-111.549733985099,3.8));
#12636=CARTESIAN_POINT('Origin',(134.422824361546,-106.09044199125,4.02467082451263));
#12637=CARTESIAN_POINT('',(134.563174826121,-114.149734014903,4.24934164902525));
#12638=CARTESIAN_POINT('',(134.563174826148,-106.09044199125,4.24934164902525));
#12639=CARTESIAN_POINT('',(134.282473896915,-114.149734014901,3.8));
#12640=CARTESIAN_POINT('',(134.282473896943,-106.090441991249,3.8));
#12641=CARTESIAN_POINT('Ctrl Pts',(134.72766403479,-115.065980469575,3.98078639721814));
#12642=CARTESIAN_POINT('Ctrl Pts',(134.708605343791,-115.001675944729,4.02697848650089));
#12643=CARTESIAN_POINT('Ctrl Pts',(134.688375211349,-114.933384553073,4.06676890284829));
#12644=CARTESIAN_POINT('Ctrl Pts',(134.606462456226,-114.635852582792,4.20736600068037));
#12645=CARTESIAN_POINT('Ctrl Pts',(134.56031381317,-114.375612155231,4.25258442700511));
#12646=CARTESIAN_POINT('Ctrl Pts',(134.5634804799,-114.125335689701,4.2494313338229));
#12647=CARTESIAN_POINT('Ctrl Pts',(134.585735030934,-114.963986492606,3.85087568631404));
#12648=CARTESIAN_POINT('Ctrl Pts',(134.573217845611,-114.909742790984,3.89062445976831));
#12649=CARTESIAN_POINT('Ctrl Pts',(134.559288378445,-114.851083301477,3.92580168130932));
#12650=CARTESIAN_POINT('Ctrl Pts',(134.502218582872,-114.592761695136,4.05424914142071));
#12651=CARTESIAN_POINT('Ctrl Pts',(134.467585101697,-114.356118773039,4.10321548019462));
#12652=CARTESIAN_POINT('Ctrl Pts',(134.469641491092,-114.127445551113,4.09926052454896));
#12653=CARTESIAN_POINT('Ctrl Pts',(134.443871861601,-114.862055605745,3.72103001570122));
#12654=CARTESIAN_POINT('Ctrl Pts',(134.4376262677,-114.817613407984,3.75406890029973));
#12655=CARTESIAN_POINT('Ctrl Pts',(134.430321234853,-114.768902414589,3.78495191706033));
#12656=CARTESIAN_POINT('Ctrl Pts',(134.397522718338,-114.549223248665,3.9006938166753));
#12657=CARTESIAN_POINT('Ctrl Pts',(134.373968106054,-114.335879192562,3.95224807297507));
#12658=CARTESIAN_POINT('Ctrl Pts',(134.375893418193,-114.129632015071,3.94925205170539));
#12659=CARTESIAN_POINT('Ctrl Pts',(134.301942713982,-114.760061491007,3.59111916276963));
#12660=CARTESIAN_POINT('Ctrl Pts',(134.302239215165,-114.725680682741,3.61771531365115));
#12661=CARTESIAN_POINT('Ctrl Pts',(134.301234140585,-114.686600900156,3.64398443903166));
#12662=CARTESIAN_POINT('Ctrl Pts',(134.293279831991,-114.506133338336,3.74757791488606));
#12663=CARTESIAN_POINT('Ctrl Pts',(134.281241334315,-114.316387439832,3.80288261669832));
#12664=CARTESIAN_POINT('Ctrl Pts',(134.282054230853,-114.131741709207,3.79908088793986));
#12665=CARTESIAN_POINT('Ctrl Pts',(134.563174826121,-114.149734014903,4.24934164902506));
#12666=CARTESIAN_POINT('Ctrl Pts',(134.563174826121,-114.307967771057,4.24934164902459));
#12667=CARTESIAN_POINT('Ctrl Pts',(134.581964522634,-114.469141461143,4.22863304036434));
#12668=CARTESIAN_POINT('Ctrl Pts',(134.618648819393,-114.657130414762,4.17823189887136));
#12669=CARTESIAN_POINT('Ctrl Pts',(134.626801927593,-114.694884972668,4.16662617181413));
#12670=CARTESIAN_POINT('Ctrl Pts',(134.666293636985,-114.863678954477,4.10721529514369));
#12671=CARTESIAN_POINT('Ctrl Pts',(134.697376594468,-114.964288506504,4.05082970453798));
#12672=CARTESIAN_POINT('Ctrl Pts',(134.721491577468,-115.045752857778,3.99469179050322));
#12673=CARTESIAN_POINT('Origin',(134.552677999793,-114.149734014902,2.8));
#12674=CARTESIAN_POINT('',(134.802677999797,-115.649734014901,2.8));
#12675=CARTESIAN_POINT('Origin',(134.802677999802,-114.149734014903,2.8));
#12676=CARTESIAN_POINT('',(134.302677999799,-115.149734014901,2.8));
#12677=CARTESIAN_POINT('Origin',(134.552677999798,-115.399734014901,2.06750000745058));
#12678=CARTESIAN_POINT('',(134.802677999797,-115.649734014901,1.93499998509883));
#12679=CARTESIAN_POINT('',(134.802677999797,-115.649734014901,2.06750000745058));
#12680=CARTESIAN_POINT('',(134.30267799978,-115.149734014901,1.93499998509883));
#12681=CARTESIAN_POINT('Origin',(134.552677999793,-113.949734014902,1.93499998509883));
#12682=CARTESIAN_POINT('Origin',(134.802677999803,-113.949734014903,1.93499998509883));
#12683=CARTESIAN_POINT('Origin',(133.802677999829,-106.090441991248,3.6));
#12684=CARTESIAN_POINT('',(133.802677999865,-95.1811678374371,4.6));
#12685=CARTESIAN_POINT('',(134.802658536049,-93.8417957516838,3.60668726557744));
#12686=CARTESIAN_POINT('Ctrl Pts',(133.802677999865,-95.1811678374369,4.6));
#12687=CARTESIAN_POINT('Ctrl Pts',(133.920442908638,-95.1471940381203,4.60000000000012));
#12688=CARTESIAN_POINT('Ctrl Pts',(134.148775515121,-95.0337666194997,4.55814975014279));
#12689=CARTESIAN_POINT('Ctrl Pts',(134.624489333656,-94.6158823317328,4.28899840738357));
#12690=CARTESIAN_POINT('Ctrl Pts',(134.801003111724,-94.1696917631773,3.89685893387117));
#12691=CARTESIAN_POINT('Ctrl Pts',(134.802658536049,-93.8417957516838,3.60668726557744));
#12692=CARTESIAN_POINT('',(133.802677999829,-106.090441991248,4.6));
#12693=CARTESIAN_POINT('',(134.802677999829,-106.090441991251,3.6));
#12694=CARTESIAN_POINT('',(134.802677999832,-105.172078501723,3.6));
#12695=CARTESIAN_POINT('',(134.802677999829,-106.090441991251,3.6));
#12696=CARTESIAN_POINT('',(134.682235505342,-104.199799944217,4.07579259610404));
#12697=CARTESIAN_POINT('Ctrl Pts',(134.682235505337,-104.199799944219,4.07579259611356));
#12698=CARTESIAN_POINT('Ctrl Pts',(134.699388283223,-104.379461793268,4.04408370729519));
#12699=CARTESIAN_POINT('Ctrl Pts',(134.729094527919,-104.55534680341,3.98567849847808));
#12700=CARTESIAN_POINT('Ctrl Pts',(134.781350061764,-104.888377079457,3.82313136550395));
#12701=CARTESIAN_POINT('Ctrl Pts',(134.802677999833,-105.041725716575,3.71863788089052));
#12702=CARTESIAN_POINT('Ctrl Pts',(134.802677999832,-105.172078501723,3.59999999999998));
#12703=CARTESIAN_POINT('',(134.662760473655,-103.802334000002,4.11015501392317));
#12704=CARTESIAN_POINT('Ctrl Pts',(134.662760473655,-103.802334000002,4.11015501392305));
#12705=CARTESIAN_POINT('Ctrl Pts',(134.662760473655,-103.868096442721,4.11015501392285));
#12706=CARTESIAN_POINT('Ctrl Pts',(134.664458685773,-103.934167275931,4.10732175512461));
#12707=CARTESIAN_POINT('Ctrl Pts',(134.670988794678,-104.066704494668,4.09606425904347));
#12708=CARTESIAN_POINT('Ctrl Pts',(134.675927222887,-104.133725650147,4.08745418400031));
#12709=CARTESIAN_POINT('Ctrl Pts',(134.682235505342,-104.199799944217,4.07579259610386));
#12710=CARTESIAN_POINT('',(134.662760473677,-97.4623340000012,4.11015501392317));
#12711=CARTESIAN_POINT('',(134.662760473647,-106.09044199125,4.11015501392317));
#12712=CARTESIAN_POINT('',(134.682235505366,-97.0648680557818,4.07579259610405));
#12713=CARTESIAN_POINT('Ctrl Pts',(134.682235505366,-97.0648680557818,4.07579259610395));
#12714=CARTESIAN_POINT('Ctrl Pts',(134.675927222911,-97.1309423498532,4.0874541840006));
#12715=CARTESIAN_POINT('Ctrl Pts',(134.670988794701,-97.1979635053334,4.0960642590438));
#12716=CARTESIAN_POINT('Ctrl Pts',(134.664458685795,-97.3305007240704,4.10732175512468));
#12717=CARTESIAN_POINT('Ctrl Pts',(134.662760473677,-97.3965715572816,4.11015501392282));
#12718=CARTESIAN_POINT('Ctrl Pts',(134.662760473677,-97.4623340000012,4.11015501392264));
#12719=CARTESIAN_POINT('',(134.802677999863,-96.0925894982769,3.6));
#12720=CARTESIAN_POINT('Ctrl Pts',(134.802677999863,-96.0925894982772,3.59999999999971));
#12721=CARTESIAN_POINT('Ctrl Pts',(134.802677999862,-96.2229422834343,3.7186378808985));
#12722=CARTESIAN_POINT('Ctrl Pts',(134.781350061791,-96.3762909205545,3.82313136551023));
#12723=CARTESIAN_POINT('Ctrl Pts',(134.729094527944,-96.7093211965901,3.98567849848231));
#12724=CARTESIAN_POINT('Ctrl Pts',(134.699388283246,-96.8852062067291,4.04408370729959));
#12725=CARTESIAN_POINT('Ctrl Pts',(134.682235505358,-97.0648680557771,4.0757925961186));
#12726=CARTESIAN_POINT('',(134.802677999871,-93.8342367135379,3.6));
#12727=CARTESIAN_POINT('',(134.802677999829,-106.090441991251,3.6));
#12728=CARTESIAN_POINT('Ctrl Pts',(134.802658536049,-93.8417957516838,3.60668726557744));
#12729=CARTESIAN_POINT('Ctrl Pts',(134.802663050675,-93.8409015230147,3.60589591766329));
#12730=CARTESIAN_POINT('Ctrl Pts',(134.802666593673,-93.8400073428297,3.60510459750988));
#12731=CARTESIAN_POINT('Ctrl Pts',(134.802673835338,-93.8374889128844,3.60287582927812));
#12732=CARTESIAN_POINT('Ctrl Pts',(134.802677999871,-93.8358623795648,3.60143777484607));
#12733=CARTESIAN_POINT('Ctrl Pts',(134.802677999871,-93.8342367135405,3.59999999999998));
#12734=CARTESIAN_POINT('Origin',(134.802677999791,-117.5890615651,1.2));
#12735=CARTESIAN_POINT('',(134.80267799983,-105.837334,1.53499999999999));
#12736=CARTESIAN_POINT('Origin',(134.802677999837,-103.802334000002,1.535));
#12737=CARTESIAN_POINT('',(134.80267799983,-105.837334,2.09500000000002));
#12738=CARTESIAN_POINT('',(134.80267799983,-105.837334,1.36749999999982));
#12739=CARTESIAN_POINT('Origin',(134.802677999837,-103.802334000002,2.095));
#12740=CARTESIAN_POINT('',(134.802678,-55.7330032783937,3.6));
#12741=CARTESIAN_POINT('',(134.802678,-55.7330032783937,1.2));
#12742=CARTESIAN_POINT('',(134.802677999829,-106.090441991251,3.6));
#12743=CARTESIAN_POINT('',(134.802677999865,-95.4273340000004,2.09500000000001));
#12744=CARTESIAN_POINT('Origin',(134.802677999859,-97.4623340000017,2.095));
#12745=CARTESIAN_POINT('',(134.802677999865,-95.427334,1.535));
#12746=CARTESIAN_POINT('',(134.802677999865,-95.427334,1.6475));
#12747=CARTESIAN_POINT('Origin',(134.802677999859,-97.4623340000017,1.535));
#12748=CARTESIAN_POINT('Ctrl Pts',(134.682235505358,-97.0648680557771,4.07579259611859));
#12749=CARTESIAN_POINT('Ctrl Pts',(134.716457345478,-96.7064212132988,4.01252957652991));
#12750=CARTESIAN_POINT('Ctrl Pts',(134.802677999863,-96.363666646125,3.84671523774607));
#12751=CARTESIAN_POINT('Ctrl Pts',(134.802677999863,-96.0925894982761,3.59999999999902));
#12752=CARTESIAN_POINT('Ctrl Pts',(134.555716336836,-97.0966922447139,3.91719506407895));
#12753=CARTESIAN_POINT('Ctrl Pts',(134.578530896916,-96.7673686337787,3.85688826620958));
#12754=CARTESIAN_POINT('Ctrl Pts',(134.636011333172,-96.4536475923883,3.70324961630905));
#12755=CARTESIAN_POINT('Ctrl Pts',(134.636011333172,-96.2047716851495,3.47674037673947));
#12756=CARTESIAN_POINT('Ctrl Pts',(134.429197168313,-97.1285164336507,3.75859753203931));
#12757=CARTESIAN_POINT('Ctrl Pts',(134.440604448353,-96.8283160542586,3.70124695588925));
#12758=CARTESIAN_POINT('Ctrl Pts',(134.469344666481,-96.5436285386516,3.55978399487202));
#12759=CARTESIAN_POINT('Ctrl Pts',(134.469344666481,-96.3169538720228,3.35348075347993));
#12760=CARTESIAN_POINT('Ctrl Pts',(134.302677999791,-97.1603406225876,3.59999999999967));
#12761=CARTESIAN_POINT('Ctrl Pts',(134.302677999791,-96.8892634747385,3.54560564556891));
#12762=CARTESIAN_POINT('Ctrl Pts',(134.302677999791,-96.6336094849149,3.416318373435));
#12763=CARTESIAN_POINT('Ctrl Pts',(134.302677999791,-96.4291360588962,3.23022113022039));
#12764=CARTESIAN_POINT('',(134.802677999863,-96.0925894982769,3.6));
#12765=CARTESIAN_POINT('',(134.30267799986,-97.1603406225876,3.59999999999967));
#12766=CARTESIAN_POINT('Origin',(134.55267799979,-97.4623340000009,1.535));
#12767=CARTESIAN_POINT('',(134.302677999864,-95.927334,1.535));
#12768=CARTESIAN_POINT('Origin',(134.552677999865,-95.677334,1.6475));
#12769=CARTESIAN_POINT('',(134.302677999722,-95.927334,2.095));
#12770=CARTESIAN_POINT('Origin',(134.552677999788,-97.4623340000009,2.095));
#12771=CARTESIAN_POINT('Ctrl Pts',(134.802677999832,-105.172078501723,3.59999999999985));
#12772=CARTESIAN_POINT('Ctrl Pts',(134.802677999833,-104.901001353874,3.84671523774696));
#12773=CARTESIAN_POINT('Ctrl Pts',(134.716457345453,-104.558246786697,4.0125295765268));
#12774=CARTESIAN_POINT('Ctrl Pts',(134.682235505337,-104.199799944219,4.07579259611406));
#12775=CARTESIAN_POINT('Ctrl Pts',(134.636011333151,-105.059896314849,3.47674037674052));
#12776=CARTESIAN_POINT('Ctrl Pts',(134.636011333152,-104.81102040761,3.70324961631013));
#12777=CARTESIAN_POINT('Ctrl Pts',(134.578530896898,-104.497299366218,3.8568882662079));
#12778=CARTESIAN_POINT('Ctrl Pts',(134.555716336821,-104.167975755283,3.91719506407615));
#12779=CARTESIAN_POINT('Ctrl Pts',(134.469344666469,-104.947714127976,3.35348075348119));
#12780=CARTESIAN_POINT('Ctrl Pts',(134.46934466647,-104.721039461346,3.5597839948733));
#12781=CARTESIAN_POINT('Ctrl Pts',(134.440604448343,-104.436351945738,3.70124695588899));
#12782=CARTESIAN_POINT('Ctrl Pts',(134.429197168305,-104.136151566346,3.75859753203823));
#12783=CARTESIAN_POINT('Ctrl Pts',(134.302677999787,-104.835531941102,3.23022113022186));
#12784=CARTESIAN_POINT('Ctrl Pts',(134.302677999788,-104.631058515083,3.41631837343648));
#12785=CARTESIAN_POINT('Ctrl Pts',(134.302677999789,-104.375404525259,3.54560564557009));
#12786=CARTESIAN_POINT('Ctrl Pts',(134.30267799979,-104.104327377409,3.60000000000031));
#12787=CARTESIAN_POINT('',(134.682235505342,-104.199799944217,4.07579259610404));
#12788=CARTESIAN_POINT('',(134.302677999742,-104.835531941102,3.23022113022186));
#12789=CARTESIAN_POINT('Ctrl Pts',(134.662760473677,-97.4623340000018,4.11015501392318));
#12790=CARTESIAN_POINT('Ctrl Pts',(134.662760473677,-97.3326885592525,4.1101550139233));
#12791=CARTESIAN_POINT('Ctrl Pts',(134.669491512042,-97.1983513562746,4.09935133802218));
#12792=CARTESIAN_POINT('Ctrl Pts',(134.682235505366,-97.0648680557818,4.07579259610405));
#12793=CARTESIAN_POINT('Ctrl Pts',(134.542582948639,-97.4623340000012,3.95010334261545));
#12794=CARTESIAN_POINT('Ctrl Pts',(134.542582948639,-97.3427326012146,3.95010334261553));
#12795=CARTESIAN_POINT('Ctrl Pts',(134.547220341314,-97.2187963255861,3.93954579253396));
#12796=CARTESIAN_POINT('Ctrl Pts',(134.555716336864,-97.096692244717,3.91719506406925));
#12797=CARTESIAN_POINT('Ctrl Pts',(134.422405423601,-97.4623340000006,3.79005167130772));
#12798=CARTESIAN_POINT('Ctrl Pts',(134.422405423601,-97.3527766431767,3.79005167130776));
#12799=CARTESIAN_POINT('Ctrl Pts',(134.424949170587,-97.2392412948977,3.77974024704574));
#12800=CARTESIAN_POINT('Ctrl Pts',(134.429197168362,-97.1285164336523,3.75859753203446));
#12801=CARTESIAN_POINT('Ctrl Pts',(134.302227898563,-97.4623340000001,3.62999999999999));
#12802=CARTESIAN_POINT('Ctrl Pts',(134.302227898563,-97.3628206851387,3.62999999999999));
#12803=CARTESIAN_POINT('Ctrl Pts',(134.302677999859,-97.2596862642093,3.61993470155752));
#12804=CARTESIAN_POINT('Ctrl Pts',(134.30267799986,-97.1603406225876,3.59999999999967));
#12805=CARTESIAN_POINT('',(134.302227898563,-97.462334,3.62999999999999));
#12806=CARTESIAN_POINT('Origin',(134.482494186091,-106.09044199125,3.87007750696157));
#12807=CARTESIAN_POINT('',(134.302227898542,-103.802334,3.62999999999998));
#12808=CARTESIAN_POINT('Ctrl Pts',(134.682235505342,-104.199799944217,4.07579259610404));
#12809=CARTESIAN_POINT('Ctrl Pts',(134.669491512019,-104.066316643726,4.09935133802185));
#12810=CARTESIAN_POINT('Ctrl Pts',(134.662760473655,-103.93197944075,4.11015501392305));
#12811=CARTESIAN_POINT('Ctrl Pts',(134.662760473655,-103.802334000002,4.11015501392317));
#12812=CARTESIAN_POINT('Ctrl Pts',(134.55571633684,-104.167975755281,3.91719506406946));
#12813=CARTESIAN_POINT('Ctrl Pts',(134.547220341291,-104.045871674414,3.93954579253379));
#12814=CARTESIAN_POINT('Ctrl Pts',(134.542582948617,-103.921935398787,3.95010334261536));
#12815=CARTESIAN_POINT('Ctrl Pts',(134.542582948617,-103.802334000001,3.95010334261544));
#12816=CARTESIAN_POINT('Ctrl Pts',(134.429197168338,-104.136151566345,3.75859753203489));
#12817=CARTESIAN_POINT('Ctrl Pts',(134.424949170564,-104.025426705101,3.77974024704574));
#12818=CARTESIAN_POINT('Ctrl Pts',(134.422405423579,-103.911891356823,3.79005167130767));
#12819=CARTESIAN_POINT('Ctrl Pts',(134.422405423579,-103.802334000001,3.79005167130771));
#12820=CARTESIAN_POINT('Ctrl Pts',(134.302677999836,-104.104327377409,3.60000000000031));
#12821=CARTESIAN_POINT('Ctrl Pts',(134.302677999836,-104.004981735789,3.61993470155768));
#12822=CARTESIAN_POINT('Ctrl Pts',(134.302227898541,-103.90184731486,3.62999999999998));
#12823=CARTESIAN_POINT('Ctrl Pts',(134.302227898542,-103.802334,3.62999999999998));
#12824=CARTESIAN_POINT('Origin',(134.552677999791,-103.802334000001,2.095));
#12825=CARTESIAN_POINT('',(134.302677999832,-105.337334,2.095));
#12826=CARTESIAN_POINT('Origin',(134.552677999831,-105.587334,1.36749999999981));
#12827=CARTESIAN_POINT('',(134.302677999746,-105.337334,1.535));
#12828=CARTESIAN_POINT('Origin',(134.552677999794,-103.802334000001,1.535));
#12829=CARTESIAN_POINT('Origin',(114.40105496537,-107.232928425257,1.7));
#12830=CARTESIAN_POINT('',(114.40105496537,-107.052771209583,3.79982137866722));
#12831=CARTESIAN_POINT('',(114.40105496537,-107.052771209583,1.6));
#12832=CARTESIAN_POINT('',(114.40105496537,-100.912375421234,3.79982137866726));
#12833=CARTESIAN_POINT('Origin',(78.6102032332657,-94.591822417212,3.11260191788799));
#12834=CARTESIAN_POINT('',(114.402677999923,-107.052771209583,3.79985254252269));
#12835=CARTESIAN_POINT('',(114.402677999922,-103.795912050518,3.79985254252269));
#12836=CARTESIAN_POINT('',(96.4843690415054,-107.052771209565,3.45580343431341));
#12837=CARTESIAN_POINT('',(114.410357684516,-94.5918224172008,3.8));
#12838=CARTESIAN_POINT('Origin',(128.400888995379,-116.764468152398,1.5));
#12839=CARTESIAN_POINT('',(128.400888995379,-116.764468152398,3.8));
#12840=CARTESIAN_POINT('',(128.400888995383,-105.678145284814,3.8));
#12841=CARTESIAN_POINT('',(128.400888995379,-116.764468152398,1.5));
#12842=CARTESIAN_POINT('Origin',(114.402677999925,-113.000001683836,1.5));
#12843=CARTESIAN_POINT('',(114.402677999923,-107.052771209583,1.5));
#12844=CARTESIAN_POINT('Origin',(111.901230351883,-107.052771209581,4.6));
#12845=CARTESIAN_POINT('Origin',(117.651201926872,-117.023866305028,4.6));
#12846=CARTESIAN_POINT('',(118.025371373117,-115.263537462186,4.6));
#12847=CARTESIAN_POINT('Origin',(117.651201926872,-117.023866305028,4.6));
#12848=CARTESIAN_POINT('',(118.025371373117,-115.263537462186,1.5));
#12849=CARTESIAN_POINT('Origin',(104.918193523287,-112.477520805213,4.6));
#12850=CARTESIAN_POINT('',(90.516070315388,-109.416255015376,4.6));
#12851=CARTESIAN_POINT('',(104.918193523287,-112.477520805213,1.5));
#12852=CARTESIAN_POINT('Origin',(104.544024077042,-114.237849648054,4.6));
#12853=CARTESIAN_POINT('',(102.783695234201,-113.86368020181,1.5));
#12854=CARTESIAN_POINT('Origin',(99.9976785772267,-126.970858051639,4.6));
#12855=CARTESIAN_POINT('Origin',(133.60267799979,-117.649526752655,1.2));
#12856=CARTESIAN_POINT('',(133.602677999829,-106.120674585027,3.8));
#12857=CARTESIAN_POINT('',(133.60267799979,-117.749468426892,1.5));
#12858=CARTESIAN_POINT('',(133.602677999793,-116.764468152402,3.8));
#12859=CARTESIAN_POINT('',(133.602677999793,-116.764468152402,1.35));
#12860=CARTESIAN_POINT('',(133.602677999829,-106.120674585027,3.8));
#12861=CARTESIAN_POINT('Origin',(135.844948283667,-117.237390333198,1.2));
#12862=CARTESIAN_POINT('',(134.445247451332,-119.062448573353,1.5));
#12863=CARTESIAN_POINT('Origin',(140.994151576008,-122.063663762233,1.2));
#12864=CARTESIAN_POINT('',(140.994151576008,-122.063663762233,1.5));
#12865=CARTESIAN_POINT('Origin',(139.99416131901,-124.2454923276,1.2));
#12866=CARTESIAN_POINT('',(142.169408655913,-125.259718842565,1.5));
#12867=CARTESIAN_POINT('Origin',(135.234540907885,-140.131592037432,1.2));
#12868=CARTESIAN_POINT('',(135.234540907885,-140.131592037432,1.5));
#12869=CARTESIAN_POINT('Origin',(133.05939991488,-139.1172918197,1.2));
#12870=CARTESIAN_POINT('',(132.069842030811,-141.303800101224,1.5));
#12871=CARTESIAN_POINT('Origin',(117.681341137885,-134.791870920624,1.2));
#12872=CARTESIAN_POINT('',(122.754530079482,-137.087888230095,1.5));
#12873=CARTESIAN_POINT('Origin',(99.7472178774223,-187.923934351297,1.2));
#12874=CARTESIAN_POINT('Origin',(133.202480999996,-116.7644681524,1.5));
#12875=CARTESIAN_POINT('',(106.108481699175,-116.764468152309,3.8));
#12876=CARTESIAN_POINT('Origin',(131.20265559438,-55.73303240561,2.8));
#12877=CARTESIAN_POINT('Origin',(131.20265559438,-55.73303240561,3.6));
#12878=CARTESIAN_POINT('Ctrl Pts',(134.802677903091,-55.7338682276627,3.59999999999931));
#12879=CARTESIAN_POINT('Ctrl Pts',(134.803024166778,-54.2424538816202,3.59999999999839));
#12880=CARTESIAN_POINT('Ctrl Pts',(133.748561637278,-53.187737974203,3.59999999999859));
#12881=CARTESIAN_POINT('Ctrl Pts',(132.694099107777,-52.1330220667859,3.59999999999879));
#12882=CARTESIAN_POINT('Ctrl Pts',(131.202684721587,-52.13300999999,3.6));
#12883=CARTESIAN_POINT('Ctrl Pts',(134.802677903092,-55.7338682276607,6.80000000000073));
#12884=CARTESIAN_POINT('Ctrl Pts',(134.803024166779,-54.242453881619,6.79999999999981));
#12885=CARTESIAN_POINT('Ctrl Pts',(133.748561637279,-53.1877379742024,6.80000000000001));
#12886=CARTESIAN_POINT('Ctrl Pts',(132.694099107779,-52.1330220667858,6.80000000000021));
#12887=CARTESIAN_POINT('Ctrl Pts',(131.202684721589,-52.13300999999,6.80000000000142));
#12888=CARTESIAN_POINT('Ctrl Pts',(131.602677989336,-55.7331252793491,6.80000000000009));
#12889=CARTESIAN_POINT('Ctrl Pts',(131.602716464995,-55.5674043233628,6.79999999999998));
#12890=CARTESIAN_POINT('Ctrl Pts',(131.485548128171,-55.4502078320356,6.80000000000001));
#12891=CARTESIAN_POINT('Ctrl Pts',(131.368379791347,-55.3330113407085,6.80000000000003));
#12892=CARTESIAN_POINT('Ctrl Pts',(131.2026588309,-55.3330099998866,6.80000000000016));
#12893=CARTESIAN_POINT('',(131.602678000012,-55.7330032783937,6.8));
#12894=CARTESIAN_POINT('Origin',(131.602678000012,-55.7330032783937,3.6));
#12895=CARTESIAN_POINT('',(131.2026588309,-55.3330099998853,6.8));
#12896=CARTESIAN_POINT('Origin',(131.2026588309,-55.3330099998853,3.6));
#12897=CARTESIAN_POINT('Origin',(131.20265559438,-55.73303240561,6.8));
#12898=CARTESIAN_POINT('Origin',(115.089488734797,-92.6142367135379,6.8));
#12899=CARTESIAN_POINT('',(115.089488734797,-91.4142367135379,5.2));
#12900=CARTESIAN_POINT('',(115.089488734797,-53.5174109253025,5.2));
#12901=CARTESIAN_POINT('',(115.089488734797,-93.603029565375,5.2));
#12902=CARTESIAN_POINT('',(115.089488734797,-91.4142367135379,6.02));
#12903=CARTESIAN_POINT('',(115.089488734797,-91.4142367135379,6.8));
#12904=CARTESIAN_POINT('',(115.089488734797,-55.3330099999883,6.02));
#12905=CARTESIAN_POINT('',(115.089488734797,-82.4939300351505,6.02));
#12906=CARTESIAN_POINT('Origin',(115.089488734797,-55.3330099999883,3.6));
#12907=CARTESIAN_POINT('Origin',(134.802678000012,-94.6142367135379,6.8));
#12908=CARTESIAN_POINT('',(133.418277074698,-94.6142367135379,5.2));
#12909=CARTESIAN_POINT('',(118.289488734797,-94.6142367135379,5.2));
#12910=CARTESIAN_POINT('',(106.708481699322,-94.6142367135379,5.2));
#12911=CARTESIAN_POINT('',(131.602678000012,-94.6142367135379,6.02));
#12912=CARTESIAN_POINT('Origin',(131.602678000012,-94.6142367135379,3.6));
#12913=CARTESIAN_POINT('',(118.289488734797,-94.6142367135379,6.02));
#12914=CARTESIAN_POINT('',(130.074380683708,-94.6142367135379,6.02));
#12915=CARTESIAN_POINT('',(118.289488734797,-94.6142367135379,6.8));
#12916=CARTESIAN_POINT('Origin',(118.289488734797,-91.4142367135379,6.8));
#12917=CARTESIAN_POINT('Origin',(118.289488734797,-91.4142367135379,5.2));
#12918=CARTESIAN_POINT('Origin',(118.289488734797,-91.4142367135379,6.02));
#12919=CARTESIAN_POINT('Origin',(131.602678000012,-62.2533166783757,3.6));
#12920=CARTESIAN_POINT('',(131.602678000012,-93.8342367135379,6.8));
#12921=CARTESIAN_POINT('Origin',(131.602678000012,-93.8342367135379,3.6));
#12922=CARTESIAN_POINT('',(131.602678000012,-62.2533166783757,6.8));
#12923=CARTESIAN_POINT('Origin',(125.346083367405,-72.3736233567631,6.8));
#12924=CARTESIAN_POINT('',(115.869488734797,-91.4142367135379,6.8));
#12925=CARTESIAN_POINT('',(115.869488734797,-55.3330099999883,6.8));
#12926=CARTESIAN_POINT('',(115.869488734797,-82.4939300351505,6.8));
#12927=CARTESIAN_POINT('',(118.289488734797,-93.8342367135379,6.8));
#12928=CARTESIAN_POINT('Origin',(118.289488734797,-91.4142367135379,6.8));
#12929=CARTESIAN_POINT('',(130.074380683708,-93.8342367135379,6.8));
#12930=CARTESIAN_POINT('',(115.889488734797,-55.3330099999883,6.8));
#12931=CARTESIAN_POINT('Origin',(120.617786051101,-55.3330099999883,3.6));
#12932=CARTESIAN_POINT('Origin',(115.869488734797,-55.3330099999883,3.6));
#12933=CARTESIAN_POINT('Origin',(115.869488734797,-55.3330099999883,3.6));
#12934=CARTESIAN_POINT('',(115.108179838695,-53.2386007286838,5.12320674277266));
#12935=CARTESIAN_POINT('Ctrl Pts',(115.089488734797,-53.5174109253025,5.2));
#12936=CARTESIAN_POINT('Ctrl Pts',(115.089488734797,-53.4745502568199,5.18776127517268));
#12937=CARTESIAN_POINT('Ctrl Pts',(115.090603328796,-53.4325572735606,5.17591856817372));
#12938=CARTESIAN_POINT('Ctrl Pts',(115.092960083055,-53.3913940593155,5.16451392296906));
#12939=CARTESIAN_POINT('Ctrl Pts',(115.095336255983,-53.3498916774243,5.15301530826419));
#12940=CARTESIAN_POINT('Ctrl Pts',(115.098975480491,-53.3092327842112,5.14196178059654));
#12941=CARTESIAN_POINT('Ctrl Pts',(115.103993939331,-53.269417508068,5.13136378710113));
#12942=CARTESIAN_POINT('Ctrl Pts',(115.105295891379,-53.2590881256817,5.1286143216209));
#12943=CARTESIAN_POINT('Ctrl Pts',(115.106690582434,-53.2488157251489,5.12589535579267));
#12944=CARTESIAN_POINT('Ctrl Pts',(115.108179838694,-53.2386007286837,5.1232067427727));
#12945=CARTESIAN_POINT('Origin',(115.869488734797,-55.3330099999883,6.02));
#12946=CARTESIAN_POINT('Ctrl Pts',(115.108179838695,-53.2386007286839,5.12320674277269));
#12947=CARTESIAN_POINT('Ctrl Pts',(115.146583965754,-52.9751819789829,5.05387425865856));
#12948=CARTESIAN_POINT('Ctrl Pts',(115.27750322825,-52.6141818479303,4.81807688075582));
#12949=CARTESIAN_POINT('Ctrl Pts',(115.554528492876,-52.2301652837399,4.26215703044724));
#12950=CARTESIAN_POINT('Ctrl Pts',(115.742688793413,-52.133974915886,3.86725934307581));
#12951=CARTESIAN_POINT('Ctrl Pts',(115.867651417509,-52.1330131766241,3.60387420530814));
#12952=CARTESIAN_POINT('Ctrl Pts',(115.868569905955,-52.1330099999883,3.60193724885978));
#12953=CARTESIAN_POINT('Ctrl Pts',(115.869488734797,-52.1330099999883,3.60000000000008));
#12954=CARTESIAN_POINT('Origin',(115.869488734797,-82.4939300351505,6.02));
#12955=CARTESIAN_POINT('Origin',(115.869488734797,-91.4142367135379,6.02));
#12956=CARTESIAN_POINT('Origin',(118.289488734797,-91.4142367135379,6.02));
#12957=CARTESIAN_POINT('Origin',(118.289488734797,-93.8342367135379,6.02));
#12958=CARTESIAN_POINT('Origin',(130.074380683708,-93.8342367135379,6.02));
#12959=CARTESIAN_POINT('Origin',(131.602678000012,-93.8342367135379,6.02));
#12960=CARTESIAN_POINT('Origin',(131.602678000012,-93.8342367135379,3.6));
#12961=CARTESIAN_POINT('',(134.802656382041,-93.8384921910996,3.60897472631994));
#12962=CARTESIAN_POINT('Ctrl Pts',(134.802677999871,-93.8342367135405,3.59999999999998));
#12963=CARTESIAN_POINT('Ctrl Pts',(134.802677999871,-93.8351555914173,3.60193724520861));
#12964=CARTESIAN_POINT('Ctrl Pts',(134.802673661611,-93.8360749131693,3.60387464775297));
#12965=CARTESIAN_POINT('Ctrl Pts',(134.802665339832,-93.8374927001072,3.60686599596208));
#12966=CARTESIAN_POINT('Ctrl Pts',(134.802661376134,-93.8379924322029,3.60792034417736));
#12967=CARTESIAN_POINT('Ctrl Pts',(134.802656382041,-93.8384921910996,3.60897472631994));
#12968=CARTESIAN_POINT('',(133.697087271219,-94.5955456096547,5.1232067427983));
#12969=CARTESIAN_POINT('Ctrl Pts',(133.697087271219,-94.5955456096547,5.1232067427983));
#12970=CARTESIAN_POINT('Ctrl Pts',(133.657345381415,-94.6013396261651,5.13366690915606));
#12971=CARTESIAN_POINT('Ctrl Pts',(133.616688500198,-94.6057062981888,5.14460637512745));
#12972=CARTESIAN_POINT('Ctrl Pts',(133.575168792781,-94.6087512379274,5.15600386144995));
#12973=CARTESIAN_POINT('Ctrl Pts',(133.534028328532,-94.611768365028,5.16729724253935));
#12974=CARTESIAN_POINT('Ctrl Pts',(133.492040934748,-94.6134882042701,5.17904053858588));
#12975=CARTESIAN_POINT('Ctrl Pts',(133.449218621533,-94.6140394647747,5.19119182547058));
#12976=CARTESIAN_POINT('Ctrl Pts',(133.438952999092,-94.6141716162579,5.1941048050356));
#12977=CARTESIAN_POINT('Ctrl Pts',(133.428639211843,-94.6142367135379,5.19704112535737));
#12978=CARTESIAN_POINT('Ctrl Pts',(133.418277074698,-94.6142367135379,5.2));
#12979=CARTESIAN_POINT('Ctrl Pts',(134.802656382041,-93.8384921910996,3.60897472631994));
#12980=CARTESIAN_POINT('Ctrl Pts',(134.800804298681,-94.0238301678062,3.99999738599266));
#12981=CARTESIAN_POINT('Ctrl Pts',(134.609254217617,-94.2760320767273,4.52793809495137));
#12982=CARTESIAN_POINT('Ctrl Pts',(134.083571009432,-94.5122318777846,4.97509343387057));
#12983=CARTESIAN_POINT('Ctrl Pts',(133.828800203906,-94.5763430274325,5.08853956430842));
#12984=CARTESIAN_POINT('Ctrl Pts',(133.697087271219,-94.5955456096547,5.1232067427983));
#12985=CARTESIAN_POINT('Origin',(104.908485060115,-53.1330099999982,3.6));
#12986=CARTESIAN_POINT('',(114.522557610923,-53.1330099999961,4.6));
#12987=CARTESIAN_POINT('Ctrl Pts',(115.869488734797,-52.1330099999883,3.60000000000005));
#12988=CARTESIAN_POINT('Ctrl Pts',(115.867863115597,-52.1330099999883,3.6014378003899));
#12989=CARTESIAN_POINT('Ctrl Pts',(115.866238096518,-52.1330130006949,3.60287546602801));
#12990=CARTESIAN_POINT('Ctrl Pts',(115.645150376962,-52.1338768916128,3.79834026785796));
#12991=CARTESIAN_POINT('Ctrl Pts',(115.312251383705,-52.222153081403,4.09126062165747));
#12992=CARTESIAN_POINT('Ctrl Pts',(114.822129761675,-52.572119558073,4.47305901309493));
#12993=CARTESIAN_POINT('Ctrl Pts',(114.590503374182,-52.8974865445885,4.60000000000022));
#12994=CARTESIAN_POINT('Ctrl Pts',(114.522557610923,-53.1330099999962,4.59999999999998));
#12995=CARTESIAN_POINT('',(104.908485060115,-53.1330099999982,4.6));
#12996=CARTESIAN_POINT('Ctrl Pts',(114.489488742705,-53.5176073328544,4.6));
#12997=CARTESIAN_POINT('Ctrl Pts',(114.489478359326,-53.3886679433003,4.6));
#12998=CARTESIAN_POINT('Ctrl Pts',(114.49969221113,-53.2597515782507,4.6));
#12999=CARTESIAN_POINT('Ctrl Pts',(114.522592484067,-53.1328166441901,4.6));
#13000=CARTESIAN_POINT('Ctrl Pts',(114.646575504293,-53.5175947262429,4.59999976952273));
#13001=CARTESIAN_POINT('Ctrl Pts',(114.641885170828,-53.3969312503422,4.60015127912094));
#13002=CARTESIAN_POINT('Ctrl Pts',(114.647224783721,-53.2766587844391,4.59990123529619));
#13003=CARTESIAN_POINT('Ctrl Pts',(114.664540485929,-53.1584253943671,4.60000015040313));
#13004=CARTESIAN_POINT('Ctrl Pts',(114.959308475097,-53.5175697337723,4.73022210211825));
#13005=CARTESIAN_POINT('Ctrl Pts',(114.9456796782,-53.4133130633884,4.72208761752121));
#13006=CARTESIAN_POINT('Ctrl Pts',(114.941118831969,-53.3103811771377,4.71509763934388));
#13007=CARTESIAN_POINT('Ctrl Pts',(114.947531632829,-53.2094795627416,4.70887539756807));
#13008=CARTESIAN_POINT('Ctrl Pts',(115.08950519484,-53.5175591675256,5.04296797233029));
#13009=CARTESIAN_POINT('Ctrl Pts',(115.082053315342,-53.420238234645,5.01977891384834));
#13010=CARTESIAN_POINT('Ctrl Pts',(115.082013145844,-53.3259873765367,4.99886035269125));
#13011=CARTESIAN_POINT('Ctrl Pts',(115.090028801976,-53.2351874880718,4.98012964266839));
#13012=CARTESIAN_POINT('Ctrl Pts',(115.089488737629,-53.5175592700947,5.20006087182808));
#13013=CARTESIAN_POINT('Ctrl Pts',(115.089483746283,-53.4201703203972,5.17225037676805));
#13014=CARTESIAN_POINT('Ctrl Pts',(115.095257478048,-53.3271934609033,5.14654068337791));
#13015=CARTESIAN_POINT('Ctrl Pts',(115.108201691339,-53.2384659567888,5.12318802767968));
#13016=CARTESIAN_POINT('Origin',(114.522557610923,-53.1330099999966,5.2));
#13017=CARTESIAN_POINT('',(114.489488734797,-53.5174109253025,4.6));
#13018=CARTESIAN_POINT('Origin',(123.78645078673,-58.2634759536079,4.6));
#13019=CARTESIAN_POINT('Origin',(114.489488734797,-53.5174109253025,5.2));
#13020=CARTESIAN_POINT('Ctrl Pts',(115.869488734797,-52.1330099999883,3.60000000000007));
#13021=CARTESIAN_POINT('Ctrl Pts',(115.868569905955,-52.1330099999883,3.60193724885978));
#13022=CARTESIAN_POINT('Ctrl Pts',(115.867651417509,-52.1330131766241,3.60387420530814));
#13023=CARTESIAN_POINT('Ctrl Pts',(115.742688793413,-52.133974915886,3.86725934307581));
#13024=CARTESIAN_POINT('Ctrl Pts',(115.554528492876,-52.2301652837399,4.26215703044724));
#13025=CARTESIAN_POINT('Ctrl Pts',(115.27750322825,-52.6141818479303,4.81807688075582));
#13026=CARTESIAN_POINT('Ctrl Pts',(115.146583965754,-52.9751819789829,5.05387425865856));
#13027=CARTESIAN_POINT('Ctrl Pts',(115.108179838695,-53.2386007286839,5.12320674277269));
#13028=CARTESIAN_POINT('Ctrl Pts',(115.869488734797,-52.1330099999883,3.60000000000007));
#13029=CARTESIAN_POINT('Ctrl Pts',(115.868332305043,-52.1330099999883,3.60177566514464));
#13030=CARTESIAN_POINT('Ctrl Pts',(115.867182738914,-52.1330199772134,3.60353584443509));
#13031=CARTESIAN_POINT('Ctrl Pts',(115.709895547643,-52.1332852971189,3.84469134655043));
#13032=CARTESIAN_POINT('Ctrl Pts',(115.474223106465,-52.2478437176893,4.20404291004046));
#13033=CARTESIAN_POINT('Ctrl Pts',(115.167482761586,-52.6676958033121,4.6602462262563));
#13034=CARTESIAN_POINT('Ctrl Pts',(115.067439187754,-53.0233543302351,4.80753572696625));
#13035=CARTESIAN_POINT('Ctrl Pts',(115.071842163239,-53.2320488571046,4.83708829774019));
#13036=CARTESIAN_POINT('Ctrl Pts',(115.869488734797,-52.1330099999883,3.60000000000007));
#13037=CARTESIAN_POINT('Ctrl Pts',(115.8680968851,-52.1330099999883,3.60160928151161));
#13038=CARTESIAN_POINT('Ctrl Pts',(115.866710851788,-52.1330203877853,3.6032023853205));
#13039=CARTESIAN_POINT('Ctrl Pts',(115.677698816813,-52.133207126829,3.82194528735965));
#13040=CARTESIAN_POINT('Ctrl Pts',(115.39295881243,-52.2452235699493,4.14697362727464));
#13041=CARTESIAN_POINT('Ctrl Pts',(114.995465848539,-52.6520508113499,4.53019505920492));
#13042=CARTESIAN_POINT('Ctrl Pts',(114.832109866019,-52.9908937358689,4.61672655853066));
#13043=CARTESIAN_POINT('Ctrl Pts',(114.806470626998,-53.1842009910984,4.59999999999993));
#13044=CARTESIAN_POINT('Ctrl Pts',(115.869488734797,-52.1330099999883,3.60000000000007));
#13045=CARTESIAN_POINT('Ctrl Pts',(115.867863115597,-52.1330099999883,3.6014378003899));
#13046=CARTESIAN_POINT('Ctrl Pts',(115.866238096518,-52.1330130006949,3.60287546602801));
#13047=CARTESIAN_POINT('Ctrl Pts',(115.645150376962,-52.1338768916128,3.79834026785796));
#13048=CARTESIAN_POINT('Ctrl Pts',(115.312251383705,-52.222153081403,4.09126062165747));
#13049=CARTESIAN_POINT('Ctrl Pts',(114.822129761675,-52.572119558073,4.47305901309493));
#13050=CARTESIAN_POINT('Ctrl Pts',(114.590503374182,-52.8974865445885,4.60000000000022));
#13051=CARTESIAN_POINT('Ctrl Pts',(114.522557610923,-53.1330099999962,4.59999999999998));
#13052=CARTESIAN_POINT('Ctrl Pts',(133.802827737044,-95.1811408329769,4.6));
#13053=CARTESIAN_POINT('Ctrl Pts',(133.676037620308,-95.2040120277043,4.6));
#13054=CARTESIAN_POINT('Ctrl Pts',(133.546935081861,-95.2142447719145,4.6));
#13055=CARTESIAN_POINT('Ctrl Pts',(133.418124952872,-95.2142367087767,4.6));
#13056=CARTESIAN_POINT('Ctrl Pts',(133.777221976978,-95.039190912117,4.60000011642703));
#13057=CARTESIAN_POINT('Ctrl Pts',(133.659123433175,-95.0564840881588,4.59990139389011));
#13058=CARTESIAN_POINT('Ctrl Pts',(133.538677145212,-95.0618349198963,4.60015108794313));
#13059=CARTESIAN_POINT('Ctrl Pts',(133.41813471701,-95.0571515545808,4.59999982154435));
#13060=CARTESIAN_POINT('Ctrl Pts',(133.726175673044,-94.7562066041739,4.70888784004801));
#13061=CARTESIAN_POINT('Ctrl Pts',(133.625388997387,-94.7626096275658,4.71510310387804));
#13062=CARTESIAN_POINT('Ctrl Pts',(133.522306003549,-94.7580501331207,4.72210674553018));
#13063=CARTESIAN_POINT('Ctrl Pts',(133.41815407425,-94.7444370831698,4.73023277739464));
#13064=CARTESIAN_POINT('Ctrl Pts',(133.700469537651,-94.6137006613762,4.98013367802311));
#13065=CARTESIAN_POINT('Ctrl Pts',(133.609772692186,-94.6217053077202,4.99884333647033));
#13066=CARTESIAN_POINT('Ctrl Pts',(133.515384998186,-94.6216667532109,5.01979207359993));
#13067=CARTESIAN_POINT('Ctrl Pts',(133.418162258279,-94.6142239645632,5.04295723945022));
#13068=CARTESIAN_POINT('Ctrl Pts',(133.697191640613,-94.5955286872175,5.12319225395619));
#13069=CARTESIAN_POINT('Ctrl Pts',(133.608564661926,-94.6084563336411,5.14651859511075));
#13070=CARTESIAN_POINT('Ctrl Pts',(133.515452500709,-94.6142405901776,5.17226513027357));
#13071=CARTESIAN_POINT('Ctrl Pts',(133.418162179091,-94.6142367118296,5.20004714901888));
#13072=CARTESIAN_POINT('',(133.418277074698,-95.2142367135379,4.6));
#13073=CARTESIAN_POINT('Origin',(133.418277074698,-95.2142367135379,5.2));
#13074=CARTESIAN_POINT('Origin',(131.911234639339,-92.0069697984106,4.6));
#13075=CARTESIAN_POINT('Origin',(133.802677999865,-95.1811678374369,5.2));
#13076=CARTESIAN_POINT('Origin',(118.289488734797,-91.4142367135379,5.2));
#13077=CARTESIAN_POINT('',(114.489488734797,-91.4142367135379,4.6));
#13078=CARTESIAN_POINT('Origin',(114.489488734797,-91.4142367135379,5.2));
#13079=CARTESIAN_POINT('',(118.289488734797,-95.2142367135379,4.6));
#13080=CARTESIAN_POINT('Origin',(118.289488734797,-91.4142367135379,4.6));
#13081=CARTESIAN_POINT('Origin',(118.289488734797,-95.2142367135379,5.2));
#13082=CARTESIAN_POINT('Origin',(106.708481699322,-95.2142367135379,5.2));
#13083=CARTESIAN_POINT('',(106.708481699322,-95.2142367135379,4.6));
#13084=CARTESIAN_POINT('Ctrl Pts',(134.802677999871,-93.8342367135405,3.59999999999998));
#13085=CARTESIAN_POINT('Ctrl Pts',(134.802677999871,-93.8358623878907,3.60143776814146));
#13086=CARTESIAN_POINT('Ctrl Pts',(134.802673836955,-93.8374889296277,3.60287581828242));
#13087=CARTESIAN_POINT('Ctrl Pts',(134.801723732381,-94.1678690054201,3.89525386806425));
#13088=CARTESIAN_POINT('Ctrl Pts',(134.625268763389,-94.6152032861671,4.28855582839922));
#13089=CARTESIAN_POINT('Ctrl Pts',(134.148758932498,-95.0337917371152,4.55815984903665));
#13090=CARTESIAN_POINT('Ctrl Pts',(133.920398078314,-95.1472269371298,4.60000845314288));
#13091=CARTESIAN_POINT('Ctrl Pts',(133.802606514809,-95.1811990565827,4.59999999753997));
#13092=CARTESIAN_POINT('Ctrl Pts',(134.802677999871,-93.8342367135405,3.59999999999998));
#13093=CARTESIAN_POINT('Ctrl Pts',(134.802677999871,-93.8356277649584,3.60162670418975));
#13094=CARTESIAN_POINT('Ctrl Pts',(134.802628266195,-93.837017104006,3.60318567689014));
#13095=CARTESIAN_POINT('Ctrl Pts',(134.804838305882,-94.1192874013047,3.93110589489109));
#13096=CARTESIAN_POINT('Ctrl Pts',(134.572683146911,-94.5026352638696,4.36311343100631));
#13097=CARTESIAN_POINT('Ctrl Pts',(134.058874182813,-94.8154264711791,4.58881630124296));
#13098=CARTESIAN_POINT('Ctrl Pts',(133.848708025521,-94.8832946809,4.6064631053024));
#13099=CARTESIAN_POINT('Ctrl Pts',(133.751426995871,-94.8972664383851,4.59999036486866));
#13100=CARTESIAN_POINT('Ctrl Pts',(134.802677999871,-93.8342367135405,3.59999999999998));
#13101=CARTESIAN_POINT('Ctrl Pts',(134.802677999871,-93.8353894899898,3.601795767222));
#13102=CARTESIAN_POINT('Ctrl Pts',(134.802630370109,-93.8365475963132,3.60351641686318));
#13103=CARTESIAN_POINT('Ctrl Pts',(134.804636677777,-94.0712453091752,3.96518967904294));
#13104=CARTESIAN_POINT('Ctrl Pts',(134.568484941046,-94.3884698019445,4.44233170598941));
#13105=CARTESIAN_POINT('Ctrl Pts',(134.032620175319,-94.6023783591694,4.75860567308379));
#13106=CARTESIAN_POINT('Ctrl Pts',(133.808620105483,-94.632595085955,4.82065093923074));
#13107=CARTESIAN_POINT('Ctrl Pts',(133.703572716012,-94.6318769918871,4.83710076098334));
#13108=CARTESIAN_POINT('Ctrl Pts',(134.802677999871,-93.8342367135405,3.59999999999998));
#13109=CARTESIAN_POINT('Ctrl Pts',(134.802677999871,-93.8351555831169,3.60193725022931));
#13110=CARTESIAN_POINT('Ctrl Pts',(134.802673663147,-93.836074896395,3.60387466046565));
#13111=CARTESIAN_POINT('Ctrl Pts',(134.801577498076,-94.0228087940034,3.99786392117263));
#13112=CARTESIAN_POINT('Ctrl Pts',(134.610105272624,-94.2756463409198,4.52721844126699));
#13113=CARTESIAN_POINT('Ctrl Pts',(134.083550967982,-94.5122384960905,4.97511970203732));
#13114=CARTESIAN_POINT('Ctrl Pts',(133.828748058425,-94.5763543328836,5.08857260862613));
#13115=CARTESIAN_POINT('Ctrl Pts',(133.697005055118,-94.5955562713347,5.12323847185191));
#13116=CARTESIAN_POINT('Origin',(133.035714999593,-90.6759674945083,3.8));
#13117=CARTESIAN_POINT('',(133.035714999593,-56.23303240561,3.8));
#13118=CARTESIAN_POINT('',(133.035714999593,-56.23303240561,3.8));
#13119=CARTESIAN_POINT('',(133.035714999593,-90.6759674945083,3.8));
#13120=CARTESIAN_POINT('',(133.035714999593,-55.73303240561,3.8));
#13121=CARTESIAN_POINT('',(133.035714999593,-90.6759674945083,3.8));
#13122=CARTESIAN_POINT('Origin',(130.702684721611,-56.23303240561,3.8));
#13123=CARTESIAN_POINT('Origin',(130.702684721611,-56.23303240561,3.8));
#13124=CARTESIAN_POINT('Origin',(116.827757954033,-90.6759674945083,3.8));
#13125=CARTESIAN_POINT('',(116.827757954033,-93.0089977724906,3.8));
#13126=CARTESIAN_POINT('',(116.827757954033,-93.0089977724906,3.8));
#13127=CARTESIAN_POINT('Origin',(116.827757954033,-90.6759674945083,3.8));
#13128=CARTESIAN_POINT('Origin',(116.827757954033,-93.0089977724906,3.8));
#13129=CARTESIAN_POINT('',(130.702684721611,-93.0089977724906,3.8));
#13130=CARTESIAN_POINT('',(130.702684721611,-93.0089977724906,3.8));
#13131=CARTESIAN_POINT('',(131.202684721611,-93.0089977724906,3.8));
#13132=CARTESIAN_POINT('Origin',(130.702684721611,-90.6759674945083,3.8));
#13133=CARTESIAN_POINT('Origin',(130.702684721611,-90.6759674945083,3.8));
#13134=CARTESIAN_POINT('Origin',(114.489488734797,-93.603029565375,5.2));
#13135=CARTESIAN_POINT('',(114.489488734797,-93.603029565375,4.6));
#13136=CARTESIAN_POINT('Origin',(114.658744144432,-59.3351058685349,1.7));
#13137=CARTESIAN_POINT('',(114.658744144433,-59.3351058685347,3.8));
#13138=CARTESIAN_POINT('Origin',(78.614285398632,-94.591822417212,4.6));
#13139=CARTESIAN_POINT('Origin',(87.936729045738,-250.5975413291,1.7));
#13140=CARTESIAN_POINT('',(80.1757492919023,-131.272956196816,1.7));
#13141=CARTESIAN_POINT('Origin',(80.1757492920003,-131.27295619681,1.7));
#13142=CARTESIAN_POINT('',(80.1793434363397,-131.272722484745,1.7));
#13143=CARTESIAN_POINT('Ctrl Pts',(78.7591744239031,-132.577128635335,2.91393682554289));
#13144=CARTESIAN_POINT('Ctrl Pts',(79.2675488282758,-132.53759620397,2.92378057230028));
#13145=CARTESIAN_POINT('Ctrl Pts',(79.7761786656307,-132.501348561995,2.93362926505332));
#13146=CARTESIAN_POINT('Ctrl Pts',(80.2850214684809,-132.468388735866,2.94348208149627));
#13147=CARTESIAN_POINT('Ctrl Pts',(78.7534596709175,-132.57757302844,3.21336476117928));
#13148=CARTESIAN_POINT('Ctrl Pts',(79.2618167118281,-132.538016423593,3.22319242862254));
#13149=CARTESIAN_POINT('Ctrl Pts',(79.7704710019115,-132.501743790112,3.23302606253888));
#13150=CARTESIAN_POINT('Ctrl Pts',(80.2792970828901,-132.468759527695,3.24286279122449));
#13151=CARTESIAN_POINT('Ctrl Pts',(78.7240476167052,-132.327286700147,3.73152474626679));
#13152=CARTESIAN_POINT('Ctrl Pts',(79.2334992056639,-132.287631157611,3.74132682288424));
#13153=CARTESIAN_POINT('Ctrl Pts',(79.7431975415484,-132.251267490991,3.75113358011214));
#13154=CARTESIAN_POINT('Ctrl Pts',(80.2531195358674,-132.218198419456,3.7609447037494));
#13155=CARTESIAN_POINT('Ctrl Pts',(78.6798560142682,-131.804074784448,3.91408677708331));
#13156=CARTESIAN_POINT('Ctrl Pts',(79.1915617888912,-131.764271587248,3.92391181644046));
#13157=CARTESIAN_POINT('Ctrl Pts',(79.7035188507973,-131.727774809642,3.93374232117434));
#13158=CARTESIAN_POINT('Ctrl Pts',(80.2156963954318,-131.6945872682,3.94357641891928));
#13159=CARTESIAN_POINT('Ctrl Pts',(78.6624486005349,-131.580138489875,3.91375253766456));
#13160=CARTESIAN_POINT('Ctrl Pts',(79.1751175524336,-131.540272104039,3.92359628442195));
#13161=CARTESIAN_POINT('Ctrl Pts',(79.6880440951123,-131.503718256205,3.93344497717493));
#13162=CARTESIAN_POINT('Ctrl Pts',(80.2011854023352,-131.470479998395,3.94329779361788));
#13163=CARTESIAN_POINT('Origin',(87.9367424181446,-250.641999158806,3.09164375630276));
#13164=CARTESIAN_POINT('Origin',(46.6660481072705,100.763655998469,1.2));
#13165=CARTESIAN_POINT('Origin',(46.6660481072705,100.763655998469,2.29920594083225));
#13166=CARTESIAN_POINT('',(74.1272066165992,-133.029082924975,-1.2));
#13167=CARTESIAN_POINT('Origin',(87.936729045738,-250.5975413291,-1.9));
#13168=CARTESIAN_POINT('Ctrl Pts',(46.6660481279378,-134.636344001531,2.29920594122599));
#13169=CARTESIAN_POINT('Ctrl Pts',(50.0522540861343,-134.636344001234,2.36394821294804));
#13170=CARTESIAN_POINT('Ctrl Pts',(53.4384598486039,-134.563267301856,2.42869048092791));
#13171=CARTESIAN_POINT('Ctrl Pts',(56.8215131818654,-134.417181930812,2.4933724763104));
#13172=CARTESIAN_POINT('Ctrl Pts',(46.6603042666034,-134.636344001532,2.59835010276392));
#13173=CARTESIAN_POINT('Ctrl Pts',(50.0465551650038,-134.636429151662,2.66314610528187));
#13174=CARTESIAN_POINT('Ctrl Pts',(53.4326714096793,-134.563432057289,2.72793871709062));
#13175=CARTESIAN_POINT('Ctrl Pts',(56.8157769860662,-134.417429628442,2.79267446437061));
#13176=CARTESIAN_POINT('Ctrl Pts',(46.6503639807931,-134.385041103744,3.11604687232507));
#13177=CARTESIAN_POINT('Ctrl Pts',(50.0329414417625,-134.38517240287,3.18092840516183));
#13178=CARTESIAN_POINT('Ctrl Pts',(53.4155569925298,-134.312306411148,3.24581087853971));
#13179=CARTESIAN_POINT('Ctrl Pts',(56.7949965327146,-134.166508443357,3.31063218095648));
#13180=CARTESIAN_POINT('Ctrl Pts',(46.64685068547,-133.860743476788,3.29902165334798));
#13181=CARTESIAN_POINT('Ctrl Pts',(50.0218919021354,-133.860782585153,3.3638264675214));
#13182=CARTESIAN_POINT('Ctrl Pts',(53.3969544927713,-133.787986534561,3.42862955459627));
#13183=CARTESIAN_POINT('Ctrl Pts',(56.7688568523629,-133.642421787031,3.49337410050671));
#13184=CARTESIAN_POINT('Ctrl Pts',(46.6468506854503,-133.636344001531,3.29902165334761));
#13185=CARTESIAN_POINT('Ctrl Pts',(50.0186717415304,-133.636344001235,3.36376392506977));
#13186=CARTESIAN_POINT('Ctrl Pts',(53.3904926027151,-133.563577738134,3.42850619304978));
#13187=CARTESIAN_POINT('Ctrl Pts',(56.7591744264895,-133.418112950653,3.49318818843238));
#13188=CARTESIAN_POINT('Ctrl Pts',(80.1793434363397,-131.272722484745,1.7));
#13189=CARTESIAN_POINT('Ctrl Pts',(79.7059537663896,-131.319121550208,1.69766064930119));
#13190=CARTESIAN_POINT('Ctrl Pts',(79.2325640964396,-131.365520615672,1.69532129860237));
#13191=CARTESIAN_POINT('Ctrl Pts',(78.7591744264895,-131.411919681135,1.69298194790356));
#13192=CARTESIAN_POINT('Ctrl Pts',(80.1781453882266,-131.272800388766,1.76283474794233));
#13193=CARTESIAN_POINT('Ctrl Pts',(79.7047615224431,-131.319200923325,1.76020140214697));
#13194=CARTESIAN_POINT('Ctrl Pts',(79.2313776566597,-131.365601457884,1.75756805635173));
#13195=CARTESIAN_POINT('Ctrl Pts',(78.7579937908763,-131.412001992443,1.75493471055637));
#13196=CARTESIAN_POINT('Ctrl Pts',(80.1769473401135,-131.272878292788,1.82566949588466));
#13197=CARTESIAN_POINT('Ctrl Pts',(79.7035692784608,-131.319280296088,1.82274215485939));
#13198=CARTESIAN_POINT('Ctrl Pts',(79.2301912168082,-131.365682299388,1.8198148138341));
#13199=CARTESIAN_POINT('Ctrl Pts',(78.7568131551555,-131.412084302688,1.81688747280883));
#13200=CARTESIAN_POINT('Ctrl Pts',(80.1757492920003,-131.27295619681,1.88850424382699));
#13201=CARTESIAN_POINT('Ctrl Pts',(79.7023770344426,-131.319359668496,1.88528290743804));
#13202=CARTESIAN_POINT('Ctrl Pts',(79.2290047768849,-131.365763140183,1.8820615710491));
#13203=CARTESIAN_POINT('Ctrl Pts',(78.7556325193272,-131.41216661187,1.87884023466015));
#13204=CARTESIAN_POINT('',(80.1793434363397,-131.272722484745,1.7));
#13205=CARTESIAN_POINT('Ctrl Pts',(80.1888768177301,-131.272103095737,1.20000000000008));
#13206=CARTESIAN_POINT('Ctrl Pts',(79.7123093539833,-131.318797273934,1.20000000000002));
#13207=CARTESIAN_POINT('Ctrl Pts',(79.2357418902364,-131.36549145213,1.19999999999996));
#13208=CARTESIAN_POINT('Ctrl Pts',(78.7591744264895,-131.412185630327,1.1999999999999));
#13209=CARTESIAN_POINT('Ctrl Pts',(80.1856990156874,-131.272309431796,1.36666637980185));
#13210=CARTESIAN_POINT('Ctrl Pts',(79.7091470505893,-131.319007554357,1.36588145699262));
#13211=CARTESIAN_POINT('Ctrl Pts',(79.232595084952,-131.365705669781,1.36509652198809));
#13212=CARTESIAN_POINT('Ctrl Pts',(78.7560431198539,-131.412403792343,1.36431159917886));
#13213=CARTESIAN_POINT('Ctrl Pts',(80.180541486402,-131.272644598715,1.63716525207209));
#13214=CARTESIAN_POINT('Ctrl Pts',(79.704014673601,-131.319349099247,1.63510637028511));
#13215=CARTESIAN_POINT('Ctrl Pts',(79.2274878603886,-131.366053594333,1.63304747920164));
#13216=CARTESIAN_POINT('Ctrl Pts',(78.7509610475876,-131.412758094864,1.63098859741466));
#13217=CARTESIAN_POINT('Ctrl Pts',(80.1793434363397,-131.272722484745,1.69999999999771));
#13218=CARTESIAN_POINT('Ctrl Pts',(79.702822466054,-131.319428463135,1.69764517534548));
#13219=CARTESIAN_POINT('Ctrl Pts',(79.2263014957683,-131.366134441526,1.69529035069325));
#13220=CARTESIAN_POINT('Ctrl Pts',(78.7497805254825,-131.412840419916,1.69293552604102));
#13221=CARTESIAN_POINT('Origin',(116.652678,-90.2330100000795,3.8));
#13222=UNCERTAINTY_MEASURE_WITH_UNIT(LENGTH_MEASURE(0.01),#13226,
'DISTANCE_ACCURACY_VALUE',
'Maximum model space distance between geometric entities at asserted c
onnectivities');
#13223=UNCERTAINTY_MEASURE_WITH_UNIT(LENGTH_MEASURE(0.01),#13226,
'DISTANCE_ACCURACY_VALUE',
'Maximum model space distance between geometric entities at asserted c
onnectivities');
#13224=(
GEOMETRIC_REPRESENTATION_CONTEXT(3)
GLOBAL_UNCERTAINTY_ASSIGNED_CONTEXT((#13222))
GLOBAL_UNIT_ASSIGNED_CONTEXT((#13226,#13227,#13228))
REPRESENTATION_CONTEXT('','3D')
);
#13225=(
GEOMETRIC_REPRESENTATION_CONTEXT(3)
GLOBAL_UNCERTAINTY_ASSIGNED_CONTEXT((#13223))
GLOBAL_UNIT_ASSIGNED_CONTEXT((#13226,#13227,#13228))
REPRESENTATION_CONTEXT('','3D')
);
#13226=(
LENGTH_UNIT()
NAMED_UNIT(*)
SI_UNIT(.MILLI.,.METRE.)
);
#13227=(
NAMED_UNIT(*)
PLANE_ANGLE_UNIT()
SI_UNIT($,.RADIAN.)
);
#13228=(
NAMED_UNIT(*)
SI_UNIT($,.STERADIAN.)
SOLID_ANGLE_UNIT()
);
#13229=SHAPE_DEFINITION_REPRESENTATION(#13230,#13231);
#13230=PRODUCT_DEFINITION_SHAPE('',$,#13233);
#13231=SHAPE_REPRESENTATION('',(#6191),#13224);
#13232=PRODUCT_DEFINITION_CONTEXT('part definition',#13237,'design');
#13233=PRODUCT_DEFINITION('duad_r2g_pg1316 1',
'wafer_r2g_pg1316 v30 button',#13234,#13232);
#13234=PRODUCT_DEFINITION_FORMATION('',$,#13239);
#13235=PRODUCT_RELATED_PRODUCT_CATEGORY('wafer_r2g_pg1316 v30 button',
'wafer_r2g_pg1316 v30 button',(#13239));
#13236=APPLICATION_PROTOCOL_DEFINITION('international standard',
'automotive_design',2009,#13237);
#13237=APPLICATION_CONTEXT(
'Core Data for Automotive Mechanical Design Process');
#13238=PRODUCT_CONTEXT('part definition',#13237,'mechanical');
#13239=PRODUCT('duad_r2g_pg1316 1','wafer_r2g_pg1316 v30 button',
'KiCad electronic assembly',(#13238));
#13240=PRESENTATION_STYLE_ASSIGNMENT((#13242));
#13241=PRESENTATION_STYLE_ASSIGNMENT((#13243));
#13242=SURFACE_STYLE_USAGE(.BOTH.,#13244);
#13243=SURFACE_STYLE_USAGE(.BOTH.,#13245);
#13244=SURFACE_SIDE_STYLE('',(#13246));
#13245=SURFACE_SIDE_STYLE('',(#13247));
#13246=SURFACE_STYLE_FILL_AREA(#13248);
#13247=SURFACE_STYLE_FILL_AREA(#13249);
#13248=FILL_AREA_STYLE('Stahl - satiniert',(#13250));
#13249=FILL_AREA_STYLE('Opaque(160,160,160)',(#13251));
#13250=FILL_AREA_STYLE_COLOUR('Stahl - satiniert',#13252);
#13251=FILL_AREA_STYLE_COLOUR('Opaque(160,160,160)',#13253);
#13252=COLOUR_RGB('Stahl - satiniert',0.627450980392157,0.627450980392157,
0.627450980392157);
#13253=COLOUR_RGB('Opaque(160,160,160)',0.627450980392157,0.627450980392157,
0.627450980392157);
ENDSEC;
END-ISO-10303-21;
