ISO-10303-21;
HEADER;
/* Generated by software containing ST-Developer
 * from STEP Tools, Inc. (www.steptools.com) 
 */

FILE_DESCRIPTION(
/* description */ ('KiCad electronic assembly'),
/* implementation_level */ '2;1');

FILE_NAME(
/* name */ 'wafer top right.step',
/* time_stamp */ '2025-10-20T21:28:02+02:00',
/* author */ (''),
/* organization */ (''),
/* preprocessor_version */ 'ST-DEVELOPER v20.1',
/* originating_system */ 'Autodesk Translation Framework v14.17.0.0',
/* authorisation */ '');

FILE_SCHEMA (('AUTOMOTIVE_DESIGN { 1 0 10303 214 3 1 1 }'));
ENDSEC;

DATA;
#10=MECHANICAL_DESIGN_GEOMETRIC_PRESENTATION_REPRESENTATION('',(#13),#13124);
#11=SHAPE_REPRESENTATION_RELATIONSHIP('SRR','None',#13137,#12);
#12=ADVANCED_BREP_SHAPE_REPRESENTATION('',(#14),#13121);
#13=STYLED_ITEM('',(#13157),#14);
#14=MANIFOLD_SOLID_BREP('Body3',#7102);
#15=(
BOUNDED_SURFACE()
B_SPLINE_SURFACE(2,2,((#12766,#12767,#12768,#12769,#12770),(#12771,#12772,
#12773,#12774,#12775),(#12776,#12777,#12778,#12779,#12780)),
 .UNSPECIFIED.,.F.,.F.,.F.)
B_SPLINE_SURFACE_WITH_KNOTS((3,3),(3,2,3),(5.97546847800063E-13,1.57079632679591),
(-0.000232171349477046,0.78527803230251,1.5707882359545),.UNSPECIFIED.)
GEOMETRIC_REPRESENTATION_ITEM()
RATIONAL_B_SPLINE_SURFACE(((1.,0.923858093087028,1.,0.923858093087028,1.),
(0.707106781186408,0.653266322475782,0.707106781186408,0.653266322475782,
0.707106781186408),(1.,0.923858093087028,1.,0.923858093087028,1.)))
REPRESENTATION_ITEM('')
SURFACE()
);
#16=CONICAL_SURFACE('',#7695,1.4500000000008,0.785398163357965);
#17=CONICAL_SURFACE('',#7698,1.25000000000075,0.785398163356988);
#18=CONICAL_SURFACE('',#7701,1.24999999999924,0.785398163373845);
#19=CONICAL_SURFACE('',#7703,1.44999999999919,0.785398163372639);
#20=CONICAL_SURFACE('',#7708,1.78500000000082,0.785398163261341);
#21=CONICAL_SURFACE('',#7711,1.78500000000065,0.785398163262569);
#22=CONICAL_SURFACE('',#7714,1.78499999999933,0.785398163304235);
#23=CONICAL_SURFACE('',#7716,1.78499999999917,0.785398163304214);
#24=TOROIDAL_SURFACE('',#7628,55.5999999999997,1.);
#25=TOROIDAL_SURFACE('',#7633,2.60000901479337,1.);
#26=TOROIDAL_SURFACE('',#7638,2.60007424876083,1.);
#27=TOROIDAL_SURFACE('',#7658,2.09999999999994,1.);
#28=TOROIDAL_SURFACE('',#7787,2.42,0.78);
#29=TOROIDAL_SURFACE('',#7791,2.42,0.78);
#30=TOROIDAL_SURFACE('',#7795,2.42,0.78);
#31=TOROIDAL_SURFACE('',#7803,3.8,0.6);
#32=SPHERICAL_SURFACE('',#7625,1.);
#33=(
BOUNDED_CURVE()
B_SPLINE_CURVE(2,(#10556,#10557,#10558),.UNSPECIFIED.,.F.,.F.)
B_SPLINE_CURVE_WITH_KNOTS((3,3),(2.75258508064031,2.82388994078649),
 .UNSPECIFIED.)
CURVE()
GEOMETRIC_REPRESENTATION_ITEM()
RATIONAL_B_SPLINE_CURVE((5.96874736132322,5.35665584718251,4.70951796019728))
REPRESENTATION_ITEM('')
);
#34=(
BOUNDED_CURVE()
B_SPLINE_CURVE(2,(#11323,#11324,#11325),.UNSPECIFIED.,.F.,.F.)
B_SPLINE_CURVE_WITH_KNOTS((3,3),(0.,0.053031748326419),.UNSPECIFIED.)
CURVE()
GEOMETRIC_REPRESENTATION_ITEM()
RATIONAL_B_SPLINE_CURVE((1.,1.03356446643069,1.04651945105388))
REPRESENTATION_ITEM('')
);
#35=(
BOUNDED_CURVE()
B_SPLINE_CURVE(2,(#11328,#11329,#11330),.UNSPECIFIED.,.F.,.F.)
B_SPLINE_CURVE_WITH_KNOTS((3,3),(0.32218591083008,0.362270619995587),
 .UNSPECIFIED.)
CURVE()
GEOMETRIC_REPRESENTATION_ITEM()
RATIONAL_B_SPLINE_CURVE((1.25839793499926,1.14527323661761,1.))
REPRESENTATION_ITEM('')
);
#36=(
BOUNDED_CURVE()
B_SPLINE_CURVE(2,(#12473,#12474,#12475,#12476),.UNSPECIFIED.,.F.,.F.)
B_SPLINE_CURVE_WITH_KNOTS((3,1,3),(0.464602270046591,0.499258629816451,
0.67842215030913),.UNSPECIFIED.)
CURVE()
GEOMETRIC_REPRESENTATION_ITEM()
RATIONAL_B_SPLINE_CURVE((4.61049594312395,4.71905551395828,5.36481326907499,
5.80183857324989))
REPRESENTATION_ITEM('')
);
#37=B_SPLINE_SURFACE_WITH_KNOTS('',3,3,((#10507,#10508,#10509,#10510),(#10511,
#10512,#10513,#10514),(#10515,#10516,#10517,#10518),(#10519,#10520,#10521,
#10522)),.UNSPECIFIED.,.F.,.F.,.F.,(4,4),(4,4),(0.,1.),(0.,0.142321532618416),
 .UNSPECIFIED.);
#38=B_SPLINE_SURFACE_WITH_KNOTS('',3,3,((#11852,#11853,#11854,#11855,#11856),
(#11857,#11858,#11859,#11860,#11861),(#11862,#11863,#11864,#11865,#11866),
(#11867,#11868,#11869,#11870,#11871),(#11872,#11873,#11874,#11875,#11876)),
 .UNSPECIFIED.,.F.,.F.,.F.,(4,1,4),(4,1,4),(0.,0.571428571428571,1.00204077030814),
(-1.57283937084053,-1.03371336070524,-0.315555908546723),.UNSPECIFIED.);
#39=B_SPLINE_SURFACE_WITH_KNOTS('',3,3,((#11884,#11885,#11886,#11887,#11888),
(#11889,#11890,#11891,#11892,#11893),(#11894,#11895,#11896,#11897,#11898),
(#11899,#11900,#11901,#11902,#11903),(#11904,#11905,#11906,#11907,#11908)),
 .UNSPECIFIED.,.F.,.F.,.F.,(4,1,4),(4,1,4),(-2.67768211225602E-5,0.571428571428571,
1.00204025519541),(0.312051111227416,0.852672073920305,1.57281993911235),
 .UNSPECIFIED.);
#40=B_SPLINE_SURFACE_WITH_KNOTS('',3,3,((#11912,#11913,#11914,#11915,#11916),
(#11917,#11918,#11919,#11920,#11921),(#11922,#11923,#11924,#11925,#11926),
(#11927,#11928,#11929,#11930,#11931),(#11932,#11933,#11934,#11935,#11936)),
 .UNSPECIFIED.,.F.,.F.,.F.,(4,1,4),(4,1,4),(0.,0.571428571428571,1.),(0.314091366422763,
0.94244384660873,1.5707963267947),.UNSPECIFIED.);
#41=B_SPLINE_SURFACE_WITH_KNOTS('',3,3,((#11944,#11945,#11946,#11947,#11948),
(#11949,#11950,#11951,#11952,#11953),(#11954,#11955,#11956,#11957,#11958),
(#11959,#11960,#11961,#11962,#11963),(#11964,#11965,#11966,#11967,#11968)),
 .UNSPECIFIED.,.F.,.F.,.F.,(4,1,4),(4,1,4),(-2.69277202626556E-5,0.571428571428571,
1.00204457389432),(0.312037854108881,0.852673380314291,1.57283922395672),
 .UNSPECIFIED.);
#42=B_SPLINE_SURFACE_WITH_KNOTS('',3,3,((#11972,#11973,#11974,#11975,#11976),
(#11977,#11978,#11979,#11980,#11981),(#11982,#11983,#11984,#11985,#11986),
(#11987,#11988,#11989,#11990,#11991),(#11992,#11993,#11994,#11995,#11996)),
 .UNSPECIFIED.,.F.,.F.,.F.,(4,1,4),(4,1,4),(0.,0.571428571428571,1.),(0.314082428003198,
0.942439377399,1.5707963267948),.UNSPECIFIED.);
#43=B_SPLINE_SURFACE_WITH_KNOTS('',3,3,((#12021,#12022,#12023,#12024),(#12025,
#12026,#12027,#12028),(#12029,#12030,#12031,#12032),(#12033,#12034,#12035,
#12036),(#12037,#12038,#12039,#12040)),.UNSPECIFIED.,.F.,.F.,.F.,(4,1,4),
(4,4),(0.,0.571428571428571,1.),(-1.38453622910183,-1.30371128878369),
 .UNSPECIFIED.);
#44=B_SPLINE_SURFACE_WITH_KNOTS('',3,3,((#12044,#12045,#12046,#12047),(#12048,
#12049,#12050,#12051),(#12052,#12053,#12054,#12055),(#12056,#12057,#12058,
#12059),(#12060,#12061,#12062,#12063)),.UNSPECIFIED.,.F.,.F.,.F.,(4,1,4),
(4,4),(0.,0.571428571428571,1.),(-1.63584243142743,-1.38453622910181),
 .UNSPECIFIED.);
#45=B_SPLINE_SURFACE_WITH_KNOTS('',3,3,((#12101,#12102,#12103,#12104,#12105),
(#12106,#12107,#12108,#12109,#12110),(#12111,#12112,#12113,#12114,#12115),
(#12116,#12117,#12118,#12119,#12120),(#12121,#12122,#12123,#12124,#12125)),
 .UNSPECIFIED.,.F.,.F.,.F.,(4,1,4),(4,1,4),(-1.08237570032726E-5,0.571428571428571,
1.00372569914517),(-0.00365515113401935,0.673248450515386,1.57463875690839),
 .UNSPECIFIED.);
#46=B_SPLINE_SURFACE_WITH_KNOTS('',3,3,((#12133,#12134,#12135,#12136),(#12137,
#12138,#12139,#12140),(#12141,#12142,#12143,#12144),(#12145,#12146,#12147,
#12148),(#12149,#12150,#12151,#12152)),.UNSPECIFIED.,.F.,.F.,.F.,(4,1,4),
(4,4),(0.,0.571428571428571,1.),(-0.262079096417323,1.05015995899294E-12),
 .UNSPECIFIED.);
#47=B_SPLINE_SURFACE_WITH_KNOTS('',3,3,((#12169,#12170,#12171,#12172,#12173),
(#12174,#12175,#12176,#12177,#12178),(#12179,#12180,#12181,#12182,#12183),
(#12184,#12185,#12186,#12187,#12188),(#12189,#12190,#12191,#12192,#12193)),
 .UNSPECIFIED.,.F.,.F.,.F.,(4,1,4),(4,1,4),(-1.84196579469029E-5,0.571428571428571,
1.00044132747137),(-0.00124568200921424,0.560505319257498,1.30935954512266),
 .UNSPECIFIED.);
#48=B_SPLINE_SURFACE_WITH_KNOTS('',3,3,((#12201,#12202,#12203,#12204,#12205),
(#12206,#12207,#12208,#12209,#12210),(#12211,#12212,#12213,#12214,#12215),
(#12216,#12217,#12218,#12219,#12220),(#12221,#12222,#12223,#12224,#12225)),
 .UNSPECIFIED.,.F.,.F.,.F.,(4,1,4),(4,1,4),(-7.23828770781832E-6,0.571428571428571,
1.00371787607447),(-1.57449236725758,-0.897259020469354,0.00450856762003294),
 .UNSPECIFIED.);
#49=B_SPLINE_SURFACE_WITH_KNOTS('',3,3,((#12233,#12234,#12235,#12236,#12237),
(#12238,#12239,#12240,#12241,#12242),(#12243,#12244,#12245,#12246,#12247),
(#12248,#12249,#12250,#12251,#12252),(#12253,#12254,#12255,#12256,#12257)),
 .UNSPECIFIED.,.F.,.F.,.F.,(4,1,4),(4,1,4),(0.,0.571428571428571,1.00056351502601),
(0.173860521362105,0.772813893515733,1.57135985289781),.UNSPECIFIED.);
#50=B_SPLINE_SURFACE_WITH_KNOTS('',3,3,((#12263,#12264,#12265,#12266,#12267),
(#12268,#12269,#12270,#12271,#12272),(#12273,#12274,#12275,#12276,#12277),
(#12278,#12279,#12280,#12281,#12282),(#12283,#12284,#12285,#12286,#12287)),
 .UNSPECIFIED.,.F.,.F.,.F.,(4,1,4),(4,1,4),(-2.78797558629502E-5,0.571428571428571,
1.00530908145922),(-1.31807075564652,-0.402880731057915,0.284839057748385),
 .UNSPECIFIED.);
#51=B_SPLINE_SURFACE_WITH_KNOTS('',3,3,((#12340,#12341,#12342,#12343),(#12344,
#12345,#12346,#12347),(#12348,#12349,#12350,#12351),(#12352,#12353,#12354,
#12355)),.UNSPECIFIED.,.F.,.F.,.F.,(4,4),(4,4),(0.,1.),(-0.927295218000269,
-0.562536244543211),.UNSPECIFIED.);
#52=B_SPLINE_SURFACE_WITH_KNOTS('',3,3,((#12374,#12375,#12376,#12377),(#12378,
#12379,#12380,#12381),(#12382,#12383,#12384,#12385),(#12386,#12387,#12388,
#12389)),.UNSPECIFIED.,.F.,.F.,.F.,(4,4),(4,4),(0.,1.),(0.56253624454448,
0.927295218002956),.UNSPECIFIED.);
#53=B_SPLINE_SURFACE_WITH_KNOTS('',3,3,((#12397,#12398,#12399,#12400,#12401,
#12402),(#12403,#12404,#12405,#12406,#12407,#12408),(#12409,#12410,#12411,
#12412,#12413,#12414),(#12415,#12416,#12417,#12418,#12419,#12420)),
 .UNSPECIFIED.,.F.,.F.,.F.,(4,4),(4,2,4),(-0.000541625597714178,1.00163464775772),
(-0.00163464775788191,0.0487316373557383,0.0645457520513538),
 .UNSPECIFIED.);
#54=B_SPLINE_SURFACE_WITH_KNOTS('',3,3,((#12436,#12437,#12438,#12439,#12440,
#12441),(#12442,#12443,#12444,#12445,#12446,#12447),(#12448,#12449,#12450,
#12451,#12452,#12453),(#12454,#12455,#12456,#12457,#12458,#12459)),
 .UNSPECIFIED.,.F.,.F.,.F.,(4,4),(4,2,4),(-0.000541623885656358,1.00163464903269),
(-0.0645457533262994,-0.0487316373557318,0.0016346490325338),
 .UNSPECIFIED.);
#55=B_SPLINE_SURFACE_WITH_KNOTS('',3,3,((#12533,#12534,#12535,#12536),(#12537,
#12538,#12539,#12540),(#12541,#12542,#12543,#12544),(#12545,#12546,#12547,
#12548)),.UNSPECIFIED.,.F.,.F.,.F.,(4,4),(4,4),(0.,1.),(-1.37276618273671,
-0.832413064100607),.UNSPECIFIED.);
#56=B_SPLINE_SURFACE_WITH_KNOTS('',3,3,((#12561,#12562,#12563,#12564),(#12565,
#12566,#12567,#12568),(#12569,#12570,#12571,#12572),(#12573,#12574,#12575,
#12576)),.UNSPECIFIED.,.F.,.F.,.F.,(4,4),(4,4),(0.,1.),(-0.738383262693686,
-0.198030144057101),.UNSPECIFIED.);
#57=B_SPLINE_SURFACE_WITH_KNOTS('',3,3,((#12579,#12580,#12581,#12582),(#12583,
#12584,#12585,#12586),(#12587,#12588,#12589,#12590),(#12591,#12592,#12593,
#12594)),.UNSPECIFIED.,.F.,.F.,.F.,(4,4),(4,4),(0.,1.),(-1.6736698832398E-13,
0.0295649559968707),.UNSPECIFIED.);
#58=B_SPLINE_SURFACE_WITH_KNOTS('',3,3,((#12598,#12599,#12600,#12601),(#12602,
#12603,#12604,#12605),(#12606,#12607,#12608,#12609),(#12610,#12611,#12612,
#12613)),.UNSPECIFIED.,.F.,.F.,.F.,(4,4),(4,4),(0.,1.),(-0.0295649559968686,
-1.6736698832398E-13),.UNSPECIFIED.);
#59=B_SPLINE_SURFACE_WITH_KNOTS('',3,3,((#12884,#12885,#12886,#12887),(#12888,
#12889,#12890,#12891),(#12892,#12893,#12894,#12895),(#12896,#12897,#12898,
#12899),(#12900,#12901,#12902,#12903)),.UNSPECIFIED.,.F.,.F.,.F.,(4,1,4),
(4,4),(0.,0.5,1.00001964075335),(-1.96407533515908E-5,0.0386621689469605),
 .UNSPECIFIED.);
#60=B_SPLINE_SURFACE_WITH_KNOTS('',3,3,((#12908,#12909,#12910,#12911,#12912,
#12913,#12914,#12915),(#12916,#12917,#12918,#12919,#12920,#12921,#12922,
#12923),(#12924,#12925,#12926,#12927,#12928,#12929,#12930,#12931),(#12932,
#12933,#12934,#12935,#12936,#12937,#12938,#12939)),.UNSPECIFIED.,.F.,.F.,
 .F.,(4,4),(4,2,1,1,4),(0.,1.),(-0.321244612133685,-0.320399543624454,-0.206375865727861,
-0.149364026779565,-0.035340348882972),.UNSPECIFIED.);
#61=B_SPLINE_SURFACE_WITH_KNOTS('',3,3,((#12940,#12941,#12942,#12943),(#12944,
#12945,#12946,#12947),(#12948,#12949,#12950,#12951),(#12952,#12953,#12954,
#12955),(#12956,#12957,#12958,#12959)),.UNSPECIFIED.,.F.,.F.,.F.,(4,1,4),
(4,4),(0.,0.5,1.00001521527792),(-1.52152779168135E-5,0.0386357208058722),
 .UNSPECIFIED.);
#62=B_SPLINE_SURFACE_WITH_KNOTS('',3,3,((#12972,#12973,#12974,#12975,#12976,
#12977,#12978,#12979),(#12980,#12981,#12982,#12983,#12984,#12985,#12986,
#12987),(#12988,#12989,#12990,#12991,#12992,#12993,#12994,#12995),(#12996,
#12997,#12998,#12999,#13000,#13001,#13002,#13003)),.UNSPECIFIED.,.F.,.F.,
 .F.,(4,4),(4,2,1,1,4),(-1.18290012305107E-5,1.00001182900123),(-0.00084507071227115,
0.,0.171040136982358,0.228053515976478,0.285078723971724),.UNSPECIFIED.);
#63=B_SPLINE_SURFACE_WITH_KNOTS('',3,3,((#13035,#13036,#13037,#13038),(#13039,
#13040,#13041,#13042),(#13043,#13044,#13045,#13046),(#13047,#13048,#13049,
#13050),(#13051,#13052,#13053,#13054)),.UNSPECIFIED.,.F.,.F.,.F.,(4,1,4),
(4,4),(0.,0.571428571428571,1.),(-1.64840258458017,-1.63548004704359),
 .UNSPECIFIED.);
#64=B_SPLINE_SURFACE_WITH_KNOTS('',3,3,((#13062,#13063,#13064,#13065),(#13066,
#13067,#13068,#13069),(#13070,#13071,#13072,#13073),(#13074,#13075,#13076,
#13077),(#13078,#13079,#13080,#13081)),.UNSPECIFIED.,.F.,.F.,.F.,(4,1,4),
(4,4),(0.,0.571428571428571,1.),(-1.57079632679486,-1.52764162044571),
 .UNSPECIFIED.);
#65=B_SPLINE_SURFACE_WITH_KNOTS('',3,3,((#13082,#13083,#13084,#13085),(#13086,
#13087,#13088,#13089),(#13090,#13091,#13092,#13093),(#13094,#13095,#13096,
#13097)),.UNSPECIFIED.,.F.,.F.,.F.,(4,4),(4,4),(0.,1.),(0.,0.142677383670136),
 .UNSPECIFIED.);
#66=B_SPLINE_SURFACE_WITH_KNOTS('',3,3,((#13099,#13100,#13101,#13102),(#13103,
#13104,#13105,#13106),(#13107,#13108,#13109,#13110),(#13111,#13112,#13113,
#13114)),.UNSPECIFIED.,.F.,.F.,.F.,(4,4),(4,4),(0.,1.),(0.,0.143621142623363),
 .UNSPECIFIED.);
#67=ELLIPSE('',#7272,2.00036864369325,1.99999999999997);
#68=ELLIPSE('',#7277,2.00036864369325,1.99999999999997);
#69=ELLIPSE('',#7316,6265.22347541036,119.57670936989);
#70=ELLIPSE('',#7343,1.95035942760095,1.95);
#71=ELLIPSE('',#7345,1.43692044336976,1.43665563634989);
#72=ELLIPSE('',#7348,1.43692044336886,1.43665563634899);
#73=ELLIPSE('',#7351,1.43692044336979,1.43665563634991);
#74=ELLIPSE('',#7354,1.4369204433692,1.43665563634932);
#75=ELLIPSE('',#7357,1.4369204433689,1.43665563634903);
#76=ELLIPSE('',#7360,1.43692044336976,1.43665563634989);
#77=ELLIPSE('',#7363,1.43692044336918,1.4366556363493);
#78=ELLIPSE('',#7366,1.43692044336975,1.43665563634988);
#79=ELLIPSE('',#7369,1.43692044336985,1.43665563634997);
#80=ELLIPSE('',#7372,1.43692044336887,1.43665563634899);
#81=ELLIPSE('',#7375,1.43692044336982,1.43665563634995);
#82=ELLIPSE('',#7378,1.43692044336919,1.43665563634931);
#83=ELLIPSE('',#7381,1.43692044336975,1.43665563634988);
#84=ELLIPSE('',#7384,1.43692044336888,1.43665563634901);
#85=ELLIPSE('',#7387,1.43692044336979,1.43665563634991);
#86=ELLIPSE('',#7390,1.43692044336919,1.43665563634932);
#87=ELLIPSE('',#7397,1.43692044336981,1.43665563634994);
#88=ELLIPSE('',#7399,1.43692044336975,1.43665563634988);
#89=ELLIPSE('',#7402,1.43692044336888,1.43665563634901);
#90=ELLIPSE('',#7405,1.43692044336978,1.43665563634991);
#91=ELLIPSE('',#7408,1.43692044336918,1.4366556363493);
#92=ELLIPSE('',#7411,1.43692044336974,1.43665563634986);
#93=ELLIPSE('',#7414,1.4369204433689,1.43665563634903);
#94=ELLIPSE('',#7417,1.43692044336978,1.43665563634991);
#95=ELLIPSE('',#7420,1.4369204433692,1.43665563634933);
#96=ELLIPSE('',#7423,1.43692044336891,1.43665563634904);
#97=ELLIPSE('',#7426,1.43692044336981,1.43665563634993);
#98=ELLIPSE('',#7429,1.43692044336919,1.43665563634931);
#99=ELLIPSE('',#7432,1.43692044336975,1.43665563634988);
#100=ELLIPSE('',#7435,1.43692044337021,1.43665563635034);
#101=ELLIPSE('',#7438,1.43692044336843,1.43665563634856);
#102=ELLIPSE('',#7441,1.43692044337008,1.43665563635021);
#103=ELLIPSE('',#7444,1.43692044336889,1.43665563634901);
#104=ELLIPSE('',#7447,1.43692044336889,1.43665563634902);
#105=ELLIPSE('',#7450,1.43692044336976,1.43665563634989);
#106=ELLIPSE('',#7453,1.43692044336918,1.4366556363493);
#107=ELLIPSE('',#7456,1.43692044336972,1.43665563634984);
#108=ELLIPSE('',#7459,1.43692044336885,1.43665563634898);
#109=ELLIPSE('',#7462,1.43692044336984,1.43665563634996);
#110=ELLIPSE('',#7465,1.43692044336917,1.4366556363493);
#111=ELLIPSE('',#7468,1.43692044336983,1.43665563634995);
#112=ELLIPSE('',#7471,1.43692044336974,1.43665563634986);
#113=ELLIPSE('',#7474,1.43692044336888,1.43665563634901);
#114=ELLIPSE('',#7476,1.43692044336978,1.43665563634991);
#115=ELLIPSE('',#7479,1.4369204433692,1.43665563634933);
#116=ELLIPSE('',#7488,1.43692044336974,1.43665563634986);
#117=ELLIPSE('',#7491,1.4369204433689,1.43665563634903);
#118=ELLIPSE('',#7493,1.43692044336917,1.43665563634929);
#119=ELLIPSE('',#7496,1.43692044336885,1.43665563634897);
#120=ELLIPSE('',#7499,1.43692044336981,1.43665563634994);
#121=ELLIPSE('',#7502,1.43692044336918,1.43665563634931);
#122=ELLIPSE('',#7505,1.43692044336982,1.43665563634995);
#123=ELLIPSE('',#7508,1.43692044336972,1.43665563634984);
#124=ELLIPSE('',#7511,1.4369204433689,1.43665563634903);
#125=ELLIPSE('',#7514,1.43692044336978,1.43665563634991);
#126=ELLIPSE('',#7517,1.43692044336918,1.4366556363493);
#127=ELLIPSE('',#7520,1.43692044337021,1.43665563635033);
#128=ELLIPSE('',#7523,1.43692044336845,1.43665563634858);
#129=ELLIPSE('',#7526,1.4369204433701,1.43665563635022);
#130=ELLIPSE('',#7529,1.43692044336885,1.43665563634898);
#131=ELLIPSE('',#7545,1.95035942760095,1.95);
#132=ELLIPSE('',#7570,54.6104359568311,54.5999999999997);
#133=ELLIPSE('',#7575,0.401014331787901,0.400112197070994);
#134=ELLIPSE('',#7597,3.60629095272385,3.60594381079585);
#135=ELLIPSE('',#7610,0.500828837780533,0.499999999999998);
#136=ELLIPSE('',#7612,3.60035055784736,3.60000442636832);
#137=ELLIPSE('',#7615,0.500828837780524,0.499999999999998);
#138=ELLIPSE('',#7617,3.60040100474393,3.60005486468514);
#139=ELLIPSE('',#7643,2.60045639035366,2.59997715776276);
#140=ELLIPSE('',#7647,2.60053411159916,2.60005486468514);
#141=ELLIPSE('',#7649,1.50027648276996,1.5);
#142=ELLIPSE('',#7653,2.60048366398545,2.60000442636831);
#143=ELLIPSE('',#7655,1.50027648276996,1.5);
#144=ELLIPSE('',#7657,1.00004607515377,1.);
#145=ELLIPSE('',#7660,55.6102482946727,55.5999999999997);
#146=ELLIPSE('',#7662,118.398898949642,118.37670936989);
#147=ELLIPSE('',#7663,119.398713105407,119.37670936989);
#148=ELLIPSE('',#7668,2.60042822542376,2.59994899803212);
#149=ELLIPSE('',#7672,1.7996770264591,1.79934536784997);
#150=ELLIPSE('',#7676,1.40037026833666,1.40011219707099);
#151=ELLIPSE('',#7680,2.60064455901814,2.60016529175308);
#152=ELLIPSE('',#7684,1.40016562159745,1.39990758804826);
#153=ELLIPSE('',#7686,2.60642414317129,2.60594381079585);
#154=ELLIPSE('',#7722,1.43692044336978,1.43665563634991);
#155=ELLIPSE('',#7725,1.4369204433689,1.43665563634903);
#156=ELLIPSE('',#7728,1.43692044336974,1.43665563634986);
#157=ELLIPSE('',#7732,1.43692044336979,1.43665563634991);
#158=ELLIPSE('',#7739,1.43692044336911,1.43665563634924);
#159=ELLIPSE('',#7762,1.43692044336919,1.43665563634931);
#160=ELLIPSE('',#7799,10.7014045541233,4.13700262605533);
#161=ELLIPSE('',#7802,3.87455229275862,2.31144609946321);
#162=ELLIPSE('',#7822,234.443205040852,234.4);
#163=ELLIPSE('',#7825,235.44302153563,235.4);
#164=B_SPLINE_CURVE_WITH_KNOTS('',3,(#10441,#10442,#10443,#10444,#10445,
#10446,#10447,#10448,#10449,#10450,#10451,#10452),.UNSPECIFIED.,.F.,.F.,
(4,2,2,2,2,4),(0.,0.0402955817714355,0.0734186033219429,0.102291501119793,
0.11735573317247,0.132424195434801),.UNSPECIFIED.);
#165=B_SPLINE_CURVE_WITH_KNOTS('',3,(#10491,#10492,#10493,#10494,#10495,
#10496,#10497,#10498,#10499,#10500,#10501,#10502),.UNSPECIFIED.,.F.,.F.,
(4,2,2,2,2,4),(0.,0.0201040472488931,0.0402085572883012,0.0785968883530207,
0.122667825697773,0.176226819367168),.UNSPECIFIED.);
#166=B_SPLINE_CURVE_WITH_KNOTS('',3,(#11367,#11368,#11369,#11370,#11371,
#11372,#11373,#11374,#11375,#11376,#11377,#11378,#11379,#11380,#11381,#11382,
#11383,#11384,#11385,#11386,#11387,#11388,#11389,#11390,#11391,#11392,#11393,
#11394,#11395,#11396,#11397,#11398,#11399,#11400,#11401,#11402,#11403,#11404,
#11405,#11406,#11407,#11408,#11409,#11410,#11411,#11412,#11413,#11414,#11415,
#11416,#11417,#11418,#11419,#11420,#11421),.UNSPECIFIED.,.F.,.F.,(4,3,3,
3,3,3,3,3,3,3,3,3,3,3,3,3,3,3,4),(-1.57079630169613,-1.47873292660704,-1.38670527577227,
-1.29469330955538,-1.20267700624058,-1.11059910122181,-1.01848579010742,
-0.926276877823435,-0.897259020469354,-0.802300693764743,-0.707415609749351,
-0.61259853582252,-0.517826363529821,-0.423087825224689,-0.328371680312184,
-0.233651174224034,-0.138934880419209,-0.0441910757995051,0.000790691699908116),
 .UNSPECIFIED.);
#167=B_SPLINE_CURVE_WITH_KNOTS('',3,(#11467,#11468,#11469,#11470,#11471,
#11472,#11473,#11474,#11475,#11476,#11477,#11478,#11479,#11480,#11481,#11482,
#11483,#11484,#11485,#11486,#11487,#11488,#11489,#11490,#11491,#11492,#11493,
#11494,#11495,#11496,#11497,#11498,#11499,#11500,#11501,#11502,#11503,#11504,
#11505,#11506,#11507,#11508,#11509,#11510,#11511,#11512,#11513,#11514,#11515,
#11516,#11517,#11518,#11519,#11520,#11521),.UNSPECIFIED.,.F.,.F.,(4,3,3,
3,3,3,3,3,3,3,3,3,3,3,3,3,3,3,4),(-5.32777103069332E-16,0.0921538741554583,
0.184272334670514,0.276375226614062,0.368482377262928,0.460650386618886,
0.552853392223522,0.645150626745401,0.673248450515386,0.768254922458169,
0.863189746978712,0.958058335770237,1.05288290641132,1.14767448840643,1.24244408513589,
1.33721804470257,1.43198770201191,1.5267841092426,1.57091305776329),
 .UNSPECIFIED.);
#168=B_SPLINE_CURVE_WITH_KNOTS('',3,(#11546,#11547,#11548,#11549,#11550,
#11551),.UNSPECIFIED.,.F.,.F.,(4,2,4),(-0.0365010624982993,-0.0182504493818222,
0.),.UNSPECIFIED.);
#169=B_SPLINE_CURVE_WITH_KNOTS('',3,(#11553,#11554,#11555,#11556,#11557,
#11558,#11559,#11560,#11561,#11562,#11563,#11564,#11565,#11566,#11567,#11568,
#11569,#11570,#11571,#11572,#11573,#11574,#11575,#11576,#11577,#11578,#11579,
#11580),.UNSPECIFIED.,.F.,.F.,(4,3,3,3,3,3,3,3,3,4),(-0.0629111042936123,
-0.0539149189274166,-0.0487316373557318,-0.0408388871472095,-0.0330989479404891,
-0.0254642058928252,-0.0179168315923194,-0.0103994639374602,-0.00288973003125488,
-1.53344351105922E-13),.UNSPECIFIED.);
#170=B_SPLINE_CURVE_WITH_KNOTS('',3,(#11589,#11590,#11591,#11592,#11593,
#11594,#11595,#11596,#11597,#11598,#11599,#11600,#11601,#11602,#11603,#11604,
#11605,#11606,#11607,#11608,#11609,#11610,#11611,#11612,#11613,#11614,#11615,
#11616),.UNSPECIFIED.,.F.,.F.,(4,3,3,3,3,3,3,3,3,4),(-1.58352210730479E-13,
0.00751073464342142,0.0150269031530001,0.0225712486712898,0.0302125248266112,
0.0379357025775226,0.0458449352600447,0.0487316373557383,0.0577278221343988,
0.0629111042936306),.UNSPECIFIED.);
#171=B_SPLINE_CURVE_WITH_KNOTS('',3,(#11618,#11619,#11620,#11621,#11622,
#11623),.UNSPECIFIED.,.F.,.F.,(4,2,4),(-0.0365004976295324,-0.0182503306802734,
0.),.UNSPECIFIED.);
#172=B_SPLINE_CURVE_WITH_KNOTS('',3,(#11630,#11631,#11632,#11633,#11634,
#11635),.UNSPECIFIED.,.F.,.F.,(4,2,4),(-0.0830705833667662,-0.0415340560320497,
0.),.UNSPECIFIED.);
#173=B_SPLINE_CURVE_WITH_KNOTS('',3,(#11637,#11638,#11639,#11640,#11641,
#11642),.UNSPECIFIED.,.F.,.F.,(4,2,4),(-0.0303911633978214,-0.0151298610095408,
0.),.UNSPECIFIED.);
#174=B_SPLINE_CURVE_WITH_KNOTS('',3,(#11650,#11651,#11652,#11653,#11654,
#11655),.UNSPECIFIED.,.F.,.F.,(4,2,4),(-0.0304092927973916,-0.0152704062926615,
0.),.UNSPECIFIED.);
#175=B_SPLINE_CURVE_WITH_KNOTS('',3,(#11657,#11658,#11659,#11660,#11661,
#11662),.UNSPECIFIED.,.F.,.F.,(4,2,4),(-0.0830622606085229,-0.0415323658317583,
0.),.UNSPECIFIED.);
#176=B_SPLINE_CURVE_WITH_KNOTS('',3,(#11690,#11691,#11692,#11693,#11694,
#11695,#11696,#11697,#11698,#11699,#11700,#11701,#11702,#11703,#11704,#11705,
#11706,#11707,#11708,#11709,#11710,#11711,#11712,#11713,#11714,#11715,#11716,
#11717,#11718,#11719,#11720,#11721,#11722,#11723,#11724,#11725,#11726,#11727,
#11728,#11729,#11730,#11731,#11732),.UNSPECIFIED.,.F.,.F.,(4,3,3,3,3,3,
3,3,3,3,3,3,3,3,4),(-1.57079632880379,-1.47716820367782,-1.38356097430293,
-1.28993367977705,-1.19630097150744,-1.10260965491952,-1.03371336070524,
-0.938215067898162,-0.842754102460914,-0.747322525484202,-0.651912415721763,
-0.556503551238818,-0.461104527506726,-0.365691498153824,-0.317596682603638),
 .UNSPECIFIED.);
#177=B_SPLINE_CURVE_WITH_KNOTS('',3,(#11744,#11745,#11746,#11747,#11748,
#11749,#11750,#11751,#11752,#11753,#11754,#11755,#11756,#11757,#11758,#11759,
#11760,#11761,#11762,#11763,#11764,#11765,#11766,#11767,#11768,#11769,#11770,
#11771),.UNSPECIFIED.,.F.,.F.,(4,3,3,3,3,3,3,3,3,4),(0.174327085016832,
0.335446455704079,0.496495265734115,0.657711714047397,0.772813893515733,
0.937834284890292,1.10276519542448,1.26759242232454,1.43246070580567,1.57079620852222),
 .UNSPECIFIED.);
#178=B_SPLINE_CURVE_WITH_KNOTS('',3,(#11781,#11782,#11783,#11784,#11785,
#11786,#11787,#11788,#11789,#11790,#11791,#11792,#11793,#11794,#11795,#11796,
#11797,#11798,#11799,#11800,#11801,#11802,#11803,#11804,#11805,#11806,#11807,
#11808,#11809,#11810),.UNSPECIFIED.,.F.,.F.,(4,2,2,2,2,2,2,2,2,2,2,2,2,
2,4),(-0.000726782606506376,0.,0.0130683985555094,0.0265260001186906,0.0391488255565238,
0.0525956869569627,0.0659304891276793,0.0782144153347433,0.0890156463907459,
0.102259510935955,0.1156549022164,0.117278230068527,0.130653365232129,0.143906761420034,
0.156341178408264),.UNSPECIFIED.);
#179=B_SPLINE_CURVE_WITH_KNOTS('',3,(#11812,#11813,#11814,#11815),
 .UNSPECIFIED.,.F.,.F.,(4,4),(9.79125447741609,9.79173497170211),
 .UNSPECIFIED.);
#180=B_SPLINE_CURVE_WITH_KNOTS('',3,(#11838,#11839,#11840,#11841,#11842,
#11843,#11844,#11845,#11846,#11847,#11848,#11849,#11850,#11851),
 .UNSPECIFIED.,.F.,.F.,(4,2,2,2,2,2,4),(-0.31580589127068,-0.315099619131504,
-0.275514848991699,-0.235931343653553,-0.196609920785565,-0.157755996218045,
-0.157503352243185),.UNSPECIFIED.);
#181=B_SPLINE_CURVE_WITH_KNOTS('',3,(#12007,#12008,#12009,#12010,#12011,
#12012,#12013,#12014,#12015,#12016,#12017,#12018,#12019,#12020),
 .UNSPECIFIED.,.F.,.F.,(4,2,2,2,2,2,4),(-0.157502582951328,-0.118921780124264,
-0.0800403461603344,-0.0406481908478564,-0.0203276054310297,0.,0.000706303551787398),
 .UNSPECIFIED.);
#182=B_SPLINE_CURVE_WITH_KNOTS('',3,(#12066,#12067,#12068,#12069,#12070,
#12071,#12072,#12073,#12074,#12075,#12076,#12077,#12078,#12079,#12080,#12081,
#12082,#12083,#12084,#12085,#12086,#12087,#12088,#12089,#12090,#12091,#12092,
#12093),.UNSPECIFIED.,.F.,.F.,(4,2,2,2,2,2,2,2,2,2,2,2,2,4),(-0.157676171018259,
-0.1443830660323,-0.137420928504598,-0.124042227905895,-0.117167087158055,
-0.103644812228633,-0.0901225372992119,-0.0780796954903093,-0.0648065704794499,
-0.0513343782559084,-0.0390302129789046,-0.0255590063085872,-0.0124016715780525,
0.),.UNSPECIFIED.);
#183=B_SPLINE_CURVE_WITH_KNOTS('',3,(#12158,#12159,#12160,#12161,#12162,
#12163,#12164,#12165),.UNSPECIFIED.,.F.,.F.,(4,2,2,4),(1.52608663812538E-7,
0.428571507283405,0.934596880405832,0.999962759779016),.UNSPECIFIED.);
#184=B_SPLINE_CURVE_WITH_KNOTS('',3,(#12289,#12290,#12291,#12292,#12293,
#12294,#12295,#12296,#12297,#12298,#12299,#12300,#12301,#12302,#12303,#12304,
#12305,#12306,#12307,#12308,#12309,#12310,#12311,#12312,#12313,#12314),
 .UNSPECIFIED.,.F.,.F.,(4,2,2,2,2,2,2,2,2,2,2,2,4),(0.,0.133018976191795,
0.26603281674006,0.399041981976232,0.532046932060679,0.665088701143185,
0.79811727780478,0.931134505671242,1.06414222669157,1.19717943201517,1.33019331353618,
1.46322199400653,1.55226977843748),.UNSPECIFIED.);
#185=B_SPLINE_CURVE_WITH_KNOTS('',3,(#12360,#12361,#12362,#12363),
 .UNSPECIFIED.,.F.,.F.,(4,4),(0.562536244543211,0.927295218000269),
 .UNSPECIFIED.);
#186=B_SPLINE_CURVE_WITH_KNOTS('',3,(#12393,#12394,#12395,#12396),
 .UNSPECIFIED.,.F.,.F.,(4,4),(-0.927295218002956,-0.56253624454448),
 .UNSPECIFIED.);
#187=B_SPLINE_CURVE_WITH_KNOTS('',3,(#12423,#12424,#12425,#12426,#12427,
#12428,#12429,#12430),.UNSPECIFIED.,.F.,.F.,(4,2,2,4),(0.,0.0305491288113493,
0.0391464230987073,0.072851674800312),.UNSPECIFIED.);
#188=B_SPLINE_CURVE_WITH_KNOTS('',3,(#12460,#12461,#12462,#12463,#12464,
#12465,#12466,#12467),.UNSPECIFIED.,.F.,.F.,(4,2,2,4),(0.,0.0474701268462121,
0.0595784669257192,0.102603540381634),.UNSPECIFIED.);
#189=B_SPLINE_CURVE_WITH_KNOTS('',3,(#12480,#12481,#12482,#12483,#12484,
#12485),.UNSPECIFIED.,.F.,.F.,(4,1,1,4),(-0.285066894970597,-0.228053515976478,
-0.171040136982358,-0.00046518714784128),.UNSPECIFIED.);
#190=B_SPLINE_CURVE_WITH_KNOTS('',3,(#12487,#12488,#12489,#12490,#12491,
#12492),.UNSPECIFIED.,.F.,.F.,(4,2,4),(-0.00046518714784128,0.,0.00084507071227115),
 .UNSPECIFIED.);
#191=B_SPLINE_CURVE_WITH_KNOTS('',3,(#12496,#12497,#12498,#12499,#12500,
#12501),.UNSPECIFIED.,.F.,.F.,(4,2,4),(0.,0.0528773258061978,0.103652868219547),
 .UNSPECIFIED.);
#192=B_SPLINE_CURVE_WITH_KNOTS('',3,(#12503,#12504,#12505,#12506,#12507,
#12508),.UNSPECIFIED.,.F.,.F.,(4,2,4),(0.,0.0202174168902732,0.0399462381438865),
 .UNSPECIFIED.);
#193=B_SPLINE_CURVE_WITH_KNOTS('',3,(#12512,#12513,#12514,#12515,#12516,
#12517),.UNSPECIFIED.,.F.,.F.,(4,2,4),(0.,0.0197287328155712,0.039946059077605),
 .UNSPECIFIED.);
#194=B_SPLINE_CURVE_WITH_KNOTS('',3,(#12519,#12520,#12521,#12522,#12523,
#12524),.UNSPECIFIED.,.F.,.F.,(4,2,4),(0.,0.0549729445097539,0.112221418075636),
 .UNSPECIFIED.);
#195=B_SPLINE_CURVE_WITH_KNOTS('',3,(#12823,#12824,#12825,#12826,#12827,
#12828,#12829,#12830,#12831,#12832),.UNSPECIFIED.,.F.,.F.,(4,3,3,4),(0.,
0.0170245663207852,0.0341894079381622,0.0386425281934932),.UNSPECIFIED.);
#196=B_SPLINE_CURVE_WITH_KNOTS('',3,(#12833,#12834,#12835,#12836,#12837,
#12838,#12839,#12840),.UNSPECIFIED.,.F.,.F.,(4,1,1,2,4),(0.035340348882972,
0.149364026779565,0.206375865727861,0.320399543624454,0.321244612133685),
 .UNSPECIFIED.);
#197=B_SPLINE_CURVE_WITH_KNOTS('',3,(#12850,#12851,#12852,#12853,#12854,
#12855),.UNSPECIFIED.,.F.,.F.,(4,2,4),(-0.00084507071227115,0.,0.000459964871349557),
 .UNSPECIFIED.);
#198=B_SPLINE_CURVE_WITH_KNOTS('',3,(#12857,#12858,#12859,#12860,#12861,
#12862),.UNSPECIFIED.,.F.,.F.,(4,1,1,4),(0.000459964871349557,0.171040136982358,
0.228053515976478,0.285066894970597),.UNSPECIFIED.);
#199=B_SPLINE_CURVE_WITH_KNOTS('',3,(#12863,#12864,#12865,#12866,#12867,
#12868,#12869,#12870,#12871,#12872),.UNSPECIFIED.,.F.,.F.,(4,3,3,4),(0.,
0.0173310293531731,0.0345037561824361,0.0386205055279554),.UNSPECIFIED.);
#200=B_SPLINE_CURVE_WITH_KNOTS('',3,(#12875,#12876,#12877,#12878,#12879,
#12880,#12881,#12882),.UNSPECIFIED.,.F.,.F.,(4,2,1,1,4),(-0.321244612133685,
-0.320399543624454,-0.206375865727861,-0.149364026779565,-0.035340348882972),
 .UNSPECIFIED.);
#201=FACE_BOUND('',#813,.T.);
#202=FACE_BOUND('',#816,.T.);
#203=FACE_BOUND('',#823,.T.);
#204=FACE_BOUND('',#824,.T.);
#205=FACE_BOUND('',#825,.T.);
#206=FACE_BOUND('',#826,.T.);
#207=FACE_BOUND('',#827,.T.);
#208=FACE_BOUND('',#828,.T.);
#209=FACE_BOUND('',#829,.T.);
#210=FACE_BOUND('',#830,.T.);
#211=FACE_BOUND('',#831,.T.);
#212=FACE_BOUND('',#832,.T.);
#213=FACE_BOUND('',#833,.T.);
#214=FACE_BOUND('',#834,.T.);
#215=FACE_BOUND('',#835,.T.);
#216=FACE_BOUND('',#836,.T.);
#217=FACE_BOUND('',#837,.T.);
#218=FACE_BOUND('',#838,.T.);
#219=FACE_BOUND('',#839,.T.);
#220=FACE_BOUND('',#840,.T.);
#221=FACE_BOUND('',#841,.T.);
#222=FACE_BOUND('',#842,.T.);
#223=FACE_BOUND('',#843,.T.);
#224=FACE_BOUND('',#844,.T.);
#225=FACE_BOUND('',#851,.T.);
#226=FACE_BOUND('',#873,.T.);
#227=FACE_BOUND('',#880,.T.);
#228=FACE_BOUND('',#1019,.T.);
#229=FACE_BOUND('',#1023,.T.);
#230=FACE_BOUND('',#1180,.T.);
#231=FACE_BOUND('',#1202,.T.);
#232=FACE_BOUND('',#1206,.T.);
#233=FACE_BOUND('',#1207,.T.);
#234=FACE_BOUND('',#1208,.T.);
#235=FACE_BOUND('',#1209,.T.);
#236=FACE_BOUND('',#1210,.T.);
#237=FACE_BOUND('',#1211,.T.);
#238=FACE_BOUND('',#1212,.T.);
#239=FACE_BOUND('',#1213,.T.);
#240=FACE_BOUND('',#1214,.T.);
#241=FACE_BOUND('',#1215,.T.);
#242=FACE_BOUND('',#1216,.T.);
#243=FACE_BOUND('',#1217,.T.);
#244=FACE_BOUND('',#1218,.T.);
#245=FACE_BOUND('',#1219,.T.);
#246=FACE_BOUND('',#1220,.T.);
#247=FACE_BOUND('',#1221,.T.);
#248=FACE_BOUND('',#1230,.T.);
#249=PLANE('',#7130);
#250=PLANE('',#7134);
#251=PLANE('',#7138);
#252=PLANE('',#7142);
#253=PLANE('',#7146);
#254=PLANE('',#7150);
#255=PLANE('',#7154);
#256=PLANE('',#7161);
#257=PLANE('',#7162);
#258=PLANE('',#7163);
#259=PLANE('',#7257);
#260=PLANE('',#7258);
#261=PLANE('',#7259);
#262=PLANE('',#7260);
#263=PLANE('',#7264);
#264=PLANE('',#7268);
#265=PLANE('',#7269);
#266=PLANE('',#7273);
#267=PLANE('',#7274);
#268=PLANE('',#7278);
#269=PLANE('',#7279);
#270=PLANE('',#7280);
#271=PLANE('',#7285);
#272=PLANE('',#7310);
#273=PLANE('',#7311);
#274=PLANE('',#7312);
#275=PLANE('',#7313);
#276=PLANE('',#7321);
#277=PLANE('',#7322);
#278=PLANE('',#7323);
#279=PLANE('',#7324);
#280=PLANE('',#7328);
#281=PLANE('',#7331);
#282=PLANE('',#7332);
#283=PLANE('',#7334);
#284=PLANE('',#7336);
#285=PLANE('',#7337);
#286=PLANE('',#7339);
#287=PLANE('',#7342);
#288=PLANE('',#7346);
#289=PLANE('',#7349);
#290=PLANE('',#7352);
#291=PLANE('',#7355);
#292=PLANE('',#7358);
#293=PLANE('',#7361);
#294=PLANE('',#7364);
#295=PLANE('',#7367);
#296=PLANE('',#7370);
#297=PLANE('',#7373);
#298=PLANE('',#7376);
#299=PLANE('',#7379);
#300=PLANE('',#7382);
#301=PLANE('',#7385);
#302=PLANE('',#7388);
#303=PLANE('',#7391);
#304=PLANE('',#7392);
#305=PLANE('',#7395);
#306=PLANE('',#7400);
#307=PLANE('',#7403);
#308=PLANE('',#7406);
#309=PLANE('',#7409);
#310=PLANE('',#7412);
#311=PLANE('',#7415);
#312=PLANE('',#7418);
#313=PLANE('',#7421);
#314=PLANE('',#7424);
#315=PLANE('',#7427);
#316=PLANE('',#7430);
#317=PLANE('',#7433);
#318=PLANE('',#7436);
#319=PLANE('',#7439);
#320=PLANE('',#7442);
#321=PLANE('',#7445);
#322=PLANE('',#7448);
#323=PLANE('',#7451);
#324=PLANE('',#7454);
#325=PLANE('',#7457);
#326=PLANE('',#7460);
#327=PLANE('',#7463);
#328=PLANE('',#7466);
#329=PLANE('',#7469);
#330=PLANE('',#7472);
#331=PLANE('',#7477);
#332=PLANE('',#7480);
#333=PLANE('',#7483);
#334=PLANE('',#7486);
#335=PLANE('',#7489);
#336=PLANE('',#7494);
#337=PLANE('',#7497);
#338=PLANE('',#7500);
#339=PLANE('',#7503);
#340=PLANE('',#7506);
#341=PLANE('',#7509);
#342=PLANE('',#7512);
#343=PLANE('',#7515);
#344=PLANE('',#7518);
#345=PLANE('',#7521);
#346=PLANE('',#7524);
#347=PLANE('',#7527);
#348=PLANE('',#7530);
#349=PLANE('',#7531);
#350=PLANE('',#7535);
#351=PLANE('',#7541);
#352=PLANE('',#7548);
#353=PLANE('',#7549);
#354=PLANE('',#7551);
#355=PLANE('',#7553);
#356=PLANE('',#7555);
#357=PLANE('',#7557);
#358=PLANE('',#7559);
#359=PLANE('',#7561);
#360=PLANE('',#7562);
#361=PLANE('',#7565);
#362=PLANE('',#7568);
#363=PLANE('',#7573);
#364=PLANE('',#7576);
#365=PLANE('',#7581);
#366=PLANE('',#7585);
#367=PLANE('',#7589);
#368=PLANE('',#7590);
#369=PLANE('',#7592);
#370=PLANE('',#7595);
#371=PLANE('',#7598);
#372=PLANE('',#7606);
#373=PLANE('',#7613);
#374=PLANE('',#7618);
#375=PLANE('',#7622);
#376=PLANE('',#7624);
#377=PLANE('',#7688);
#378=PLANE('',#7694);
#379=PLANE('',#7697);
#380=PLANE('',#7700);
#381=PLANE('',#7702);
#382=PLANE('',#7705);
#383=PLANE('',#7710);
#384=PLANE('',#7713);
#385=PLANE('',#7715);
#386=PLANE('',#7717);
#387=PLANE('',#7718);
#388=PLANE('',#7719);
#389=PLANE('',#7720);
#390=PLANE('',#7723);
#391=PLANE('',#7726);
#392=PLANE('',#7729);
#393=PLANE('',#7730);
#394=PLANE('',#7733);
#395=PLANE('',#7734);
#396=PLANE('',#7737);
#397=PLANE('',#7740);
#398=PLANE('',#7741);
#399=PLANE('',#7744);
#400=PLANE('',#7747);
#401=PLANE('',#7750);
#402=PLANE('',#7753);
#403=PLANE('',#7756);
#404=PLANE('',#7759);
#405=PLANE('',#7760);
#406=PLANE('',#7763);
#407=PLANE('',#7764);
#408=PLANE('',#7765);
#409=PLANE('',#7766);
#410=PLANE('',#7767);
#411=PLANE('',#7768);
#412=PLANE('',#7774);
#413=PLANE('',#7776);
#414=PLANE('',#7783);
#415=PLANE('',#7808);
#416=PLANE('',#7813);
#417=PLANE('',#7817);
#418=PLANE('',#7818);
#419=PLANE('',#7820);
#420=PLANE('',#7821);
#421=PLANE('',#7828);
#422=PLANE('',#7829);
#423=FACE_OUTER_BOUND('',#803,.T.);
#424=FACE_OUTER_BOUND('',#804,.T.);
#425=FACE_OUTER_BOUND('',#805,.T.);
#426=FACE_OUTER_BOUND('',#806,.T.);
#427=FACE_OUTER_BOUND('',#807,.T.);
#428=FACE_OUTER_BOUND('',#808,.T.);
#429=FACE_OUTER_BOUND('',#809,.T.);
#430=FACE_OUTER_BOUND('',#810,.T.);
#431=FACE_OUTER_BOUND('',#811,.T.);
#432=FACE_OUTER_BOUND('',#812,.T.);
#433=FACE_OUTER_BOUND('',#814,.T.);
#434=FACE_OUTER_BOUND('',#815,.T.);
#435=FACE_OUTER_BOUND('',#817,.T.);
#436=FACE_OUTER_BOUND('',#818,.T.);
#437=FACE_OUTER_BOUND('',#819,.T.);
#438=FACE_OUTER_BOUND('',#820,.T.);
#439=FACE_OUTER_BOUND('',#821,.T.);
#440=FACE_OUTER_BOUND('',#822,.T.);
#441=FACE_OUTER_BOUND('',#845,.T.);
#442=FACE_OUTER_BOUND('',#846,.T.);
#443=FACE_OUTER_BOUND('',#847,.T.);
#444=FACE_OUTER_BOUND('',#848,.T.);
#445=FACE_OUTER_BOUND('',#849,.T.);
#446=FACE_OUTER_BOUND('',#850,.T.);
#447=FACE_OUTER_BOUND('',#852,.T.);
#448=FACE_OUTER_BOUND('',#853,.T.);
#449=FACE_OUTER_BOUND('',#854,.T.);
#450=FACE_OUTER_BOUND('',#855,.T.);
#451=FACE_OUTER_BOUND('',#856,.T.);
#452=FACE_OUTER_BOUND('',#857,.T.);
#453=FACE_OUTER_BOUND('',#858,.T.);
#454=FACE_OUTER_BOUND('',#859,.T.);
#455=FACE_OUTER_BOUND('',#860,.T.);
#456=FACE_OUTER_BOUND('',#861,.T.);
#457=FACE_OUTER_BOUND('',#862,.T.);
#458=FACE_OUTER_BOUND('',#863,.T.);
#459=FACE_OUTER_BOUND('',#864,.T.);
#460=FACE_OUTER_BOUND('',#865,.T.);
#461=FACE_OUTER_BOUND('',#866,.T.);
#462=FACE_OUTER_BOUND('',#867,.T.);
#463=FACE_OUTER_BOUND('',#868,.T.);
#464=FACE_OUTER_BOUND('',#869,.T.);
#465=FACE_OUTER_BOUND('',#870,.T.);
#466=FACE_OUTER_BOUND('',#871,.T.);
#467=FACE_OUTER_BOUND('',#872,.T.);
#468=FACE_OUTER_BOUND('',#874,.T.);
#469=FACE_OUTER_BOUND('',#875,.T.);
#470=FACE_OUTER_BOUND('',#876,.T.);
#471=FACE_OUTER_BOUND('',#877,.T.);
#472=FACE_OUTER_BOUND('',#878,.T.);
#473=FACE_OUTER_BOUND('',#879,.T.);
#474=FACE_OUTER_BOUND('',#881,.T.);
#475=FACE_OUTER_BOUND('',#882,.T.);
#476=FACE_OUTER_BOUND('',#883,.T.);
#477=FACE_OUTER_BOUND('',#884,.T.);
#478=FACE_OUTER_BOUND('',#885,.T.);
#479=FACE_OUTER_BOUND('',#886,.T.);
#480=FACE_OUTER_BOUND('',#887,.T.);
#481=FACE_OUTER_BOUND('',#888,.T.);
#482=FACE_OUTER_BOUND('',#889,.T.);
#483=FACE_OUTER_BOUND('',#890,.T.);
#484=FACE_OUTER_BOUND('',#891,.T.);
#485=FACE_OUTER_BOUND('',#892,.T.);
#486=FACE_OUTER_BOUND('',#893,.T.);
#487=FACE_OUTER_BOUND('',#894,.T.);
#488=FACE_OUTER_BOUND('',#895,.T.);
#489=FACE_OUTER_BOUND('',#896,.T.);
#490=FACE_OUTER_BOUND('',#897,.T.);
#491=FACE_OUTER_BOUND('',#898,.T.);
#492=FACE_OUTER_BOUND('',#899,.T.);
#493=FACE_OUTER_BOUND('',#900,.T.);
#494=FACE_OUTER_BOUND('',#901,.T.);
#495=FACE_OUTER_BOUND('',#902,.T.);
#496=FACE_OUTER_BOUND('',#903,.T.);
#497=FACE_OUTER_BOUND('',#904,.T.);
#498=FACE_OUTER_BOUND('',#905,.T.);
#499=FACE_OUTER_BOUND('',#906,.T.);
#500=FACE_OUTER_BOUND('',#907,.T.);
#501=FACE_OUTER_BOUND('',#908,.T.);
#502=FACE_OUTER_BOUND('',#909,.T.);
#503=FACE_OUTER_BOUND('',#910,.T.);
#504=FACE_OUTER_BOUND('',#911,.T.);
#505=FACE_OUTER_BOUND('',#912,.T.);
#506=FACE_OUTER_BOUND('',#913,.T.);
#507=FACE_OUTER_BOUND('',#914,.T.);
#508=FACE_OUTER_BOUND('',#915,.T.);
#509=FACE_OUTER_BOUND('',#916,.T.);
#510=FACE_OUTER_BOUND('',#917,.T.);
#511=FACE_OUTER_BOUND('',#918,.T.);
#512=FACE_OUTER_BOUND('',#919,.T.);
#513=FACE_OUTER_BOUND('',#920,.T.);
#514=FACE_OUTER_BOUND('',#921,.T.);
#515=FACE_OUTER_BOUND('',#922,.T.);
#516=FACE_OUTER_BOUND('',#923,.T.);
#517=FACE_OUTER_BOUND('',#924,.T.);
#518=FACE_OUTER_BOUND('',#925,.T.);
#519=FACE_OUTER_BOUND('',#926,.T.);
#520=FACE_OUTER_BOUND('',#927,.T.);
#521=FACE_OUTER_BOUND('',#928,.T.);
#522=FACE_OUTER_BOUND('',#929,.T.);
#523=FACE_OUTER_BOUND('',#930,.T.);
#524=FACE_OUTER_BOUND('',#931,.T.);
#525=FACE_OUTER_BOUND('',#932,.T.);
#526=FACE_OUTER_BOUND('',#933,.T.);
#527=FACE_OUTER_BOUND('',#934,.T.);
#528=FACE_OUTER_BOUND('',#935,.T.);
#529=FACE_OUTER_BOUND('',#936,.T.);
#530=FACE_OUTER_BOUND('',#937,.T.);
#531=FACE_OUTER_BOUND('',#938,.T.);
#532=FACE_OUTER_BOUND('',#939,.T.);
#533=FACE_OUTER_BOUND('',#940,.T.);
#534=FACE_OUTER_BOUND('',#941,.T.);
#535=FACE_OUTER_BOUND('',#942,.T.);
#536=FACE_OUTER_BOUND('',#943,.T.);
#537=FACE_OUTER_BOUND('',#944,.T.);
#538=FACE_OUTER_BOUND('',#945,.T.);
#539=FACE_OUTER_BOUND('',#946,.T.);
#540=FACE_OUTER_BOUND('',#947,.T.);
#541=FACE_OUTER_BOUND('',#948,.T.);
#542=FACE_OUTER_BOUND('',#949,.T.);
#543=FACE_OUTER_BOUND('',#950,.T.);
#544=FACE_OUTER_BOUND('',#951,.T.);
#545=FACE_OUTER_BOUND('',#952,.T.);
#546=FACE_OUTER_BOUND('',#953,.T.);
#547=FACE_OUTER_BOUND('',#954,.T.);
#548=FACE_OUTER_BOUND('',#955,.T.);
#549=FACE_OUTER_BOUND('',#956,.T.);
#550=FACE_OUTER_BOUND('',#957,.T.);
#551=FACE_OUTER_BOUND('',#958,.T.);
#552=FACE_OUTER_BOUND('',#959,.T.);
#553=FACE_OUTER_BOUND('',#960,.T.);
#554=FACE_OUTER_BOUND('',#961,.T.);
#555=FACE_OUTER_BOUND('',#962,.T.);
#556=FACE_OUTER_BOUND('',#963,.T.);
#557=FACE_OUTER_BOUND('',#964,.T.);
#558=FACE_OUTER_BOUND('',#965,.T.);
#559=FACE_OUTER_BOUND('',#966,.T.);
#560=FACE_OUTER_BOUND('',#967,.T.);
#561=FACE_OUTER_BOUND('',#968,.T.);
#562=FACE_OUTER_BOUND('',#969,.T.);
#563=FACE_OUTER_BOUND('',#970,.T.);
#564=FACE_OUTER_BOUND('',#971,.T.);
#565=FACE_OUTER_BOUND('',#972,.T.);
#566=FACE_OUTER_BOUND('',#973,.T.);
#567=FACE_OUTER_BOUND('',#974,.T.);
#568=FACE_OUTER_BOUND('',#975,.T.);
#569=FACE_OUTER_BOUND('',#976,.T.);
#570=FACE_OUTER_BOUND('',#977,.T.);
#571=FACE_OUTER_BOUND('',#978,.T.);
#572=FACE_OUTER_BOUND('',#979,.T.);
#573=FACE_OUTER_BOUND('',#980,.T.);
#574=FACE_OUTER_BOUND('',#981,.T.);
#575=FACE_OUTER_BOUND('',#982,.T.);
#576=FACE_OUTER_BOUND('',#983,.T.);
#577=FACE_OUTER_BOUND('',#984,.T.);
#578=FACE_OUTER_BOUND('',#985,.T.);
#579=FACE_OUTER_BOUND('',#986,.T.);
#580=FACE_OUTER_BOUND('',#987,.T.);
#581=FACE_OUTER_BOUND('',#988,.T.);
#582=FACE_OUTER_BOUND('',#989,.T.);
#583=FACE_OUTER_BOUND('',#990,.T.);
#584=FACE_OUTER_BOUND('',#991,.T.);
#585=FACE_OUTER_BOUND('',#992,.T.);
#586=FACE_OUTER_BOUND('',#993,.T.);
#587=FACE_OUTER_BOUND('',#994,.T.);
#588=FACE_OUTER_BOUND('',#995,.T.);
#589=FACE_OUTER_BOUND('',#996,.T.);
#590=FACE_OUTER_BOUND('',#997,.T.);
#591=FACE_OUTER_BOUND('',#998,.T.);
#592=FACE_OUTER_BOUND('',#999,.T.);
#593=FACE_OUTER_BOUND('',#1000,.T.);
#594=FACE_OUTER_BOUND('',#1001,.T.);
#595=FACE_OUTER_BOUND('',#1002,.T.);
#596=FACE_OUTER_BOUND('',#1003,.T.);
#597=FACE_OUTER_BOUND('',#1004,.T.);
#598=FACE_OUTER_BOUND('',#1005,.T.);
#599=FACE_OUTER_BOUND('',#1006,.T.);
#600=FACE_OUTER_BOUND('',#1007,.T.);
#601=FACE_OUTER_BOUND('',#1008,.T.);
#602=FACE_OUTER_BOUND('',#1009,.T.);
#603=FACE_OUTER_BOUND('',#1010,.T.);
#604=FACE_OUTER_BOUND('',#1011,.T.);
#605=FACE_OUTER_BOUND('',#1012,.T.);
#606=FACE_OUTER_BOUND('',#1013,.T.);
#607=FACE_OUTER_BOUND('',#1014,.T.);
#608=FACE_OUTER_BOUND('',#1015,.T.);
#609=FACE_OUTER_BOUND('',#1016,.T.);
#610=FACE_OUTER_BOUND('',#1017,.T.);
#611=FACE_OUTER_BOUND('',#1018,.T.);
#612=FACE_OUTER_BOUND('',#1020,.T.);
#613=FACE_OUTER_BOUND('',#1021,.T.);
#614=FACE_OUTER_BOUND('',#1022,.T.);
#615=FACE_OUTER_BOUND('',#1024,.T.);
#616=FACE_OUTER_BOUND('',#1025,.T.);
#617=FACE_OUTER_BOUND('',#1026,.T.);
#618=FACE_OUTER_BOUND('',#1027,.T.);
#619=FACE_OUTER_BOUND('',#1028,.T.);
#620=FACE_OUTER_BOUND('',#1029,.T.);
#621=FACE_OUTER_BOUND('',#1030,.T.);
#622=FACE_OUTER_BOUND('',#1031,.T.);
#623=FACE_OUTER_BOUND('',#1032,.T.);
#624=FACE_OUTER_BOUND('',#1033,.T.);
#625=FACE_OUTER_BOUND('',#1034,.T.);
#626=FACE_OUTER_BOUND('',#1035,.T.);
#627=FACE_OUTER_BOUND('',#1036,.T.);
#628=FACE_OUTER_BOUND('',#1037,.T.);
#629=FACE_OUTER_BOUND('',#1038,.T.);
#630=FACE_OUTER_BOUND('',#1039,.T.);
#631=FACE_OUTER_BOUND('',#1040,.T.);
#632=FACE_OUTER_BOUND('',#1041,.T.);
#633=FACE_OUTER_BOUND('',#1042,.T.);
#634=FACE_OUTER_BOUND('',#1043,.T.);
#635=FACE_OUTER_BOUND('',#1044,.T.);
#636=FACE_OUTER_BOUND('',#1045,.T.);
#637=FACE_OUTER_BOUND('',#1046,.T.);
#638=FACE_OUTER_BOUND('',#1047,.T.);
#639=FACE_OUTER_BOUND('',#1048,.T.);
#640=FACE_OUTER_BOUND('',#1049,.T.);
#641=FACE_OUTER_BOUND('',#1050,.T.);
#642=FACE_OUTER_BOUND('',#1051,.T.);
#643=FACE_OUTER_BOUND('',#1052,.T.);
#644=FACE_OUTER_BOUND('',#1053,.T.);
#645=FACE_OUTER_BOUND('',#1054,.T.);
#646=FACE_OUTER_BOUND('',#1055,.T.);
#647=FACE_OUTER_BOUND('',#1056,.T.);
#648=FACE_OUTER_BOUND('',#1057,.T.);
#649=FACE_OUTER_BOUND('',#1058,.T.);
#650=FACE_OUTER_BOUND('',#1059,.T.);
#651=FACE_OUTER_BOUND('',#1060,.T.);
#652=FACE_OUTER_BOUND('',#1061,.T.);
#653=FACE_OUTER_BOUND('',#1062,.T.);
#654=FACE_OUTER_BOUND('',#1063,.T.);
#655=FACE_OUTER_BOUND('',#1064,.T.);
#656=FACE_OUTER_BOUND('',#1065,.T.);
#657=FACE_OUTER_BOUND('',#1066,.T.);
#658=FACE_OUTER_BOUND('',#1067,.T.);
#659=FACE_OUTER_BOUND('',#1068,.T.);
#660=FACE_OUTER_BOUND('',#1069,.T.);
#661=FACE_OUTER_BOUND('',#1070,.T.);
#662=FACE_OUTER_BOUND('',#1071,.T.);
#663=FACE_OUTER_BOUND('',#1072,.T.);
#664=FACE_OUTER_BOUND('',#1073,.T.);
#665=FACE_OUTER_BOUND('',#1074,.T.);
#666=FACE_OUTER_BOUND('',#1075,.T.);
#667=FACE_OUTER_BOUND('',#1076,.T.);
#668=FACE_OUTER_BOUND('',#1077,.T.);
#669=FACE_OUTER_BOUND('',#1078,.T.);
#670=FACE_OUTER_BOUND('',#1079,.T.);
#671=FACE_OUTER_BOUND('',#1080,.T.);
#672=FACE_OUTER_BOUND('',#1081,.T.);
#673=FACE_OUTER_BOUND('',#1082,.T.);
#674=FACE_OUTER_BOUND('',#1083,.T.);
#675=FACE_OUTER_BOUND('',#1084,.T.);
#676=FACE_OUTER_BOUND('',#1085,.T.);
#677=FACE_OUTER_BOUND('',#1086,.T.);
#678=FACE_OUTER_BOUND('',#1087,.T.);
#679=FACE_OUTER_BOUND('',#1088,.T.);
#680=FACE_OUTER_BOUND('',#1089,.T.);
#681=FACE_OUTER_BOUND('',#1090,.T.);
#682=FACE_OUTER_BOUND('',#1091,.T.);
#683=FACE_OUTER_BOUND('',#1092,.T.);
#684=FACE_OUTER_BOUND('',#1093,.T.);
#685=FACE_OUTER_BOUND('',#1094,.T.);
#686=FACE_OUTER_BOUND('',#1095,.T.);
#687=FACE_OUTER_BOUND('',#1096,.T.);
#688=FACE_OUTER_BOUND('',#1097,.T.);
#689=FACE_OUTER_BOUND('',#1098,.T.);
#690=FACE_OUTER_BOUND('',#1099,.T.);
#691=FACE_OUTER_BOUND('',#1100,.T.);
#692=FACE_OUTER_BOUND('',#1101,.T.);
#693=FACE_OUTER_BOUND('',#1102,.T.);
#694=FACE_OUTER_BOUND('',#1103,.T.);
#695=FACE_OUTER_BOUND('',#1104,.T.);
#696=FACE_OUTER_BOUND('',#1105,.T.);
#697=FACE_OUTER_BOUND('',#1106,.T.);
#698=FACE_OUTER_BOUND('',#1107,.T.);
#699=FACE_OUTER_BOUND('',#1108,.T.);
#700=FACE_OUTER_BOUND('',#1109,.T.);
#701=FACE_OUTER_BOUND('',#1110,.T.);
#702=FACE_OUTER_BOUND('',#1111,.T.);
#703=FACE_OUTER_BOUND('',#1112,.T.);
#704=FACE_OUTER_BOUND('',#1113,.T.);
#705=FACE_OUTER_BOUND('',#1114,.T.);
#706=FACE_OUTER_BOUND('',#1115,.T.);
#707=FACE_OUTER_BOUND('',#1116,.T.);
#708=FACE_OUTER_BOUND('',#1117,.T.);
#709=FACE_OUTER_BOUND('',#1118,.T.);
#710=FACE_OUTER_BOUND('',#1119,.T.);
#711=FACE_OUTER_BOUND('',#1120,.T.);
#712=FACE_OUTER_BOUND('',#1121,.T.);
#713=FACE_OUTER_BOUND('',#1122,.T.);
#714=FACE_OUTER_BOUND('',#1123,.T.);
#715=FACE_OUTER_BOUND('',#1124,.T.);
#716=FACE_OUTER_BOUND('',#1125,.T.);
#717=FACE_OUTER_BOUND('',#1126,.T.);
#718=FACE_OUTER_BOUND('',#1127,.T.);
#719=FACE_OUTER_BOUND('',#1128,.T.);
#720=FACE_OUTER_BOUND('',#1129,.T.);
#721=FACE_OUTER_BOUND('',#1130,.T.);
#722=FACE_OUTER_BOUND('',#1131,.T.);
#723=FACE_OUTER_BOUND('',#1132,.T.);
#724=FACE_OUTER_BOUND('',#1133,.T.);
#725=FACE_OUTER_BOUND('',#1134,.T.);
#726=FACE_OUTER_BOUND('',#1135,.T.);
#727=FACE_OUTER_BOUND('',#1136,.T.);
#728=FACE_OUTER_BOUND('',#1137,.T.);
#729=FACE_OUTER_BOUND('',#1138,.T.);
#730=FACE_OUTER_BOUND('',#1139,.T.);
#731=FACE_OUTER_BOUND('',#1140,.T.);
#732=FACE_OUTER_BOUND('',#1141,.T.);
#733=FACE_OUTER_BOUND('',#1142,.T.);
#734=FACE_OUTER_BOUND('',#1143,.T.);
#735=FACE_OUTER_BOUND('',#1144,.T.);
#736=FACE_OUTER_BOUND('',#1145,.T.);
#737=FACE_OUTER_BOUND('',#1146,.T.);
#738=FACE_OUTER_BOUND('',#1147,.T.);
#739=FACE_OUTER_BOUND('',#1148,.T.);
#740=FACE_OUTER_BOUND('',#1149,.T.);
#741=FACE_OUTER_BOUND('',#1150,.T.);
#742=FACE_OUTER_BOUND('',#1151,.T.);
#743=FACE_OUTER_BOUND('',#1152,.T.);
#744=FACE_OUTER_BOUND('',#1153,.T.);
#745=FACE_OUTER_BOUND('',#1154,.T.);
#746=FACE_OUTER_BOUND('',#1155,.T.);
#747=FACE_OUTER_BOUND('',#1156,.T.);
#748=FACE_OUTER_BOUND('',#1157,.T.);
#749=FACE_OUTER_BOUND('',#1158,.T.);
#750=FACE_OUTER_BOUND('',#1159,.T.);
#751=FACE_OUTER_BOUND('',#1160,.T.);
#752=FACE_OUTER_BOUND('',#1161,.T.);
#753=FACE_OUTER_BOUND('',#1162,.T.);
#754=FACE_OUTER_BOUND('',#1163,.T.);
#755=FACE_OUTER_BOUND('',#1164,.T.);
#756=FACE_OUTER_BOUND('',#1165,.T.);
#757=FACE_OUTER_BOUND('',#1166,.T.);
#758=FACE_OUTER_BOUND('',#1167,.T.);
#759=FACE_OUTER_BOUND('',#1168,.T.);
#760=FACE_OUTER_BOUND('',#1169,.T.);
#761=FACE_OUTER_BOUND('',#1170,.T.);
#762=FACE_OUTER_BOUND('',#1171,.T.);
#763=FACE_OUTER_BOUND('',#1172,.T.);
#764=FACE_OUTER_BOUND('',#1173,.T.);
#765=FACE_OUTER_BOUND('',#1174,.T.);
#766=FACE_OUTER_BOUND('',#1175,.T.);
#767=FACE_OUTER_BOUND('',#1176,.T.);
#768=FACE_OUTER_BOUND('',#1177,.T.);
#769=FACE_OUTER_BOUND('',#1178,.T.);
#770=FACE_OUTER_BOUND('',#1179,.T.);
#771=FACE_OUTER_BOUND('',#1181,.T.);
#772=FACE_OUTER_BOUND('',#1182,.T.);
#773=FACE_OUTER_BOUND('',#1183,.T.);
#774=FACE_OUTER_BOUND('',#1184,.T.);
#775=FACE_OUTER_BOUND('',#1185,.T.);
#776=FACE_OUTER_BOUND('',#1186,.T.);
#777=FACE_OUTER_BOUND('',#1187,.T.);
#778=FACE_OUTER_BOUND('',#1188,.T.);
#779=FACE_OUTER_BOUND('',#1189,.T.);
#780=FACE_OUTER_BOUND('',#1190,.T.);
#781=FACE_OUTER_BOUND('',#1191,.T.);
#782=FACE_OUTER_BOUND('',#1192,.T.);
#783=FACE_OUTER_BOUND('',#1193,.T.);
#784=FACE_OUTER_BOUND('',#1194,.T.);
#785=FACE_OUTER_BOUND('',#1195,.T.);
#786=FACE_OUTER_BOUND('',#1196,.T.);
#787=FACE_OUTER_BOUND('',#1197,.T.);
#788=FACE_OUTER_BOUND('',#1198,.T.);
#789=FACE_OUTER_BOUND('',#1199,.T.);
#790=FACE_OUTER_BOUND('',#1200,.T.);
#791=FACE_OUTER_BOUND('',#1201,.T.);
#792=FACE_OUTER_BOUND('',#1203,.T.);
#793=FACE_OUTER_BOUND('',#1204,.T.);
#794=FACE_OUTER_BOUND('',#1205,.T.);
#795=FACE_OUTER_BOUND('',#1222,.T.);
#796=FACE_OUTER_BOUND('',#1223,.T.);
#797=FACE_OUTER_BOUND('',#1224,.T.);
#798=FACE_OUTER_BOUND('',#1225,.T.);
#799=FACE_OUTER_BOUND('',#1226,.T.);
#800=FACE_OUTER_BOUND('',#1227,.T.);
#801=FACE_OUTER_BOUND('',#1228,.T.);
#802=FACE_OUTER_BOUND('',#1229,.T.);
#803=EDGE_LOOP('',(#4486,#4487,#4488,#4489));
#804=EDGE_LOOP('',(#4490));
#805=EDGE_LOOP('',(#4491,#4492,#4493,#4494));
#806=EDGE_LOOP('',(#4495));
#807=EDGE_LOOP('',(#4496,#4497,#4498,#4499));
#808=EDGE_LOOP('',(#4500));
#809=EDGE_LOOP('',(#4501,#4502,#4503,#4504));
#810=EDGE_LOOP('',(#4505));
#811=EDGE_LOOP('',(#4506,#4507,#4508,#4509));
#812=EDGE_LOOP('',(#4510));
#813=EDGE_LOOP('',(#4511));
#814=EDGE_LOOP('',(#4512,#4513,#4514,#4515));
#815=EDGE_LOOP('',(#4516));
#816=EDGE_LOOP('',(#4517));
#817=EDGE_LOOP('',(#4518,#4519,#4520,#4521));
#818=EDGE_LOOP('',(#4522,#4523,#4524,#4525));
#819=EDGE_LOOP('',(#4526,#4527,#4528,#4529,#4530,#4531,#4532,#4533,#4534,
#4535));
#820=EDGE_LOOP('',(#4536,#4537,#4538,#4539));
#821=EDGE_LOOP('',(#4540,#4541,#4542,#4543));
#822=EDGE_LOOP('',(#4544,#4545,#4546,#4547,#4548,#4549,#4550,#4551,#4552,
#4553,#4554,#4555,#4556,#4557,#4558,#4559,#4560,#4561,#4562,#4563,#4564,
#4565,#4566,#4567,#4568,#4569,#4570,#4571,#4572,#4573,#4574,#4575,#4576,
#4577,#4578,#4579,#4580,#4581,#4582,#4583,#4584,#4585,#4586,#4587,#4588,
#4589,#4590,#4591,#4592,#4593,#4594,#4595,#4596,#4597,#4598));
#823=EDGE_LOOP('',(#4599));
#824=EDGE_LOOP('',(#4600));
#825=EDGE_LOOP('',(#4601,#4602,#4603,#4604,#4605,#4606,#4607,#4608));
#826=EDGE_LOOP('',(#4609,#4610,#4611,#4612,#4613,#4614,#4615,#4616));
#827=EDGE_LOOP('',(#4617,#4618,#4619,#4620,#4621,#4622,#4623,#4624));
#828=EDGE_LOOP('',(#4625,#4626,#4627,#4628,#4629,#4630,#4631,#4632));
#829=EDGE_LOOP('',(#4633,#4634,#4635,#4636,#4637,#4638,#4639,#4640));
#830=EDGE_LOOP('',(#4641,#4642,#4643,#4644,#4645,#4646,#4647,#4648));
#831=EDGE_LOOP('',(#4649,#4650,#4651,#4652,#4653,#4654,#4655,#4656));
#832=EDGE_LOOP('',(#4657,#4658,#4659,#4660,#4661,#4662,#4663,#4664));
#833=EDGE_LOOP('',(#4665,#4666,#4667,#4668,#4669,#4670,#4671,#4672));
#834=EDGE_LOOP('',(#4673,#4674,#4675,#4676,#4677,#4678,#4679,#4680));
#835=EDGE_LOOP('',(#4681,#4682,#4683,#4684,#4685,#4686,#4687,#4688));
#836=EDGE_LOOP('',(#4689,#4690,#4691,#4692,#4693,#4694,#4695,#4696));
#837=EDGE_LOOP('',(#4697,#4698,#4699,#4700,#4701,#4702,#4703,#4704));
#838=EDGE_LOOP('',(#4705));
#839=EDGE_LOOP('',(#4706,#4707,#4708,#4709,#4710,#4711,#4712,#4713));
#840=EDGE_LOOP('',(#4714,#4715,#4716,#4717,#4718,#4719,#4720,#4721));
#841=EDGE_LOOP('',(#4722,#4723,#4724,#4725,#4726,#4727,#4728,#4729));
#842=EDGE_LOOP('',(#4730,#4731,#4732,#4733,#4734,#4735,#4736,#4737));
#843=EDGE_LOOP('',(#4738,#4739,#4740,#4741,#4742,#4743,#4744,#4745));
#844=EDGE_LOOP('',(#4746));
#845=EDGE_LOOP('',(#4747,#4748,#4749,#4750));
#846=EDGE_LOOP('',(#4751,#4752,#4753,#4754));
#847=EDGE_LOOP('',(#4755,#4756,#4757,#4758));
#848=EDGE_LOOP('',(#4759,#4760,#4761,#4762));
#849=EDGE_LOOP('',(#4763,#4764,#4765,#4766));
#850=EDGE_LOOP('',(#4767,#4768,#4769,#4770,#4771,#4772,#4773,#4774,#4775,
#4776,#4777));
#851=EDGE_LOOP('',(#4778,#4779,#4780,#4781));
#852=EDGE_LOOP('',(#4782,#4783,#4784,#4785));
#853=EDGE_LOOP('',(#4786,#4787,#4788,#4789,#4790,#4791,#4792,#4793,#4794,
#4795,#4796,#4797,#4798));
#854=EDGE_LOOP('',(#4799,#4800,#4801,#4802));
#855=EDGE_LOOP('',(#4803,#4804,#4805,#4806));
#856=EDGE_LOOP('',(#4807,#4808,#4809,#4810,#4811,#4812,#4813,#4814,#4815));
#857=EDGE_LOOP('',(#4816,#4817,#4818,#4819));
#858=EDGE_LOOP('',(#4820,#4821,#4822,#4823));
#859=EDGE_LOOP('',(#4824,#4825,#4826,#4827));
#860=EDGE_LOOP('',(#4828,#4829,#4830,#4831));
#861=EDGE_LOOP('',(#4832,#4833,#4834,#4835,#4836,#4837,#4838,#4839,#4840,
#4841));
#862=EDGE_LOOP('',(#4842,#4843,#4844,#4845));
#863=EDGE_LOOP('',(#4846,#4847,#4848,#4849));
#864=EDGE_LOOP('',(#4850,#4851,#4852,#4853,#4854,#4855,#4856,#4857,#4858,
#4859,#4860,#4861,#4862,#4863,#4864,#4865,#4866,#4867,#4868,#4869,#4870,
#4871,#4872,#4873,#4874,#4875,#4876,#4877,#4878,#4879,#4880,#4881,#4882,
#4883,#4884,#4885,#4886,#4887,#4888,#4889,#4890,#4891,#4892,#4893,#4894,
#4895,#4896,#4897,#4898,#4899,#4900,#4901,#4902,#4903,#4904,#4905));
#865=EDGE_LOOP('',(#4906,#4907,#4908,#4909));
#866=EDGE_LOOP('',(#4910,#4911,#4912,#4913));
#867=EDGE_LOOP('',(#4914,#4915,#4916,#4917));
#868=EDGE_LOOP('',(#4918,#4919,#4920,#4921));
#869=EDGE_LOOP('',(#4922,#4923,#4924,#4925));
#870=EDGE_LOOP('',(#4926,#4927,#4928,#4929));
#871=EDGE_LOOP('',(#4930));
#872=EDGE_LOOP('',(#4931));
#873=EDGE_LOOP('',(#4932));
#874=EDGE_LOOP('',(#4933,#4934,#4935,#4936));
#875=EDGE_LOOP('',(#4937,#4938,#4939,#4940,#4941));
#876=EDGE_LOOP('',(#4942,#4943,#4944,#4945));
#877=EDGE_LOOP('',(#4946));
#878=EDGE_LOOP('',(#4947,#4948,#4949,#4950));
#879=EDGE_LOOP('',(#4951));
#880=EDGE_LOOP('',(#4952));
#881=EDGE_LOOP('',(#4953,#4954,#4955,#4956,#4957,#4958));
#882=EDGE_LOOP('',(#4959,#4960,#4961,#4962));
#883=EDGE_LOOP('',(#4963,#4964,#4965,#4966));
#884=EDGE_LOOP('',(#4967,#4968,#4969,#4970));
#885=EDGE_LOOP('',(#4971,#4972,#4973,#4974));
#886=EDGE_LOOP('',(#4975,#4976,#4977,#4978));
#887=EDGE_LOOP('',(#4979,#4980,#4981,#4982));
#888=EDGE_LOOP('',(#4983,#4984,#4985,#4986));
#889=EDGE_LOOP('',(#4987,#4988,#4989,#4990));
#890=EDGE_LOOP('',(#4991,#4992,#4993));
#891=EDGE_LOOP('',(#4994,#4995,#4996,#4997));
#892=EDGE_LOOP('',(#4998,#4999,#5000,#5001));
#893=EDGE_LOOP('',(#5002,#5003,#5004,#5005));
#894=EDGE_LOOP('',(#5006,#5007,#5008,#5009));
#895=EDGE_LOOP('',(#5010,#5011,#5012,#5013));
#896=EDGE_LOOP('',(#5014,#5015,#5016,#5017));
#897=EDGE_LOOP('',(#5018,#5019,#5020,#5021));
#898=EDGE_LOOP('',(#5022,#5023,#5024,#5025));
#899=EDGE_LOOP('',(#5026,#5027,#5028,#5029));
#900=EDGE_LOOP('',(#5030,#5031,#5032,#5033));
#901=EDGE_LOOP('',(#5034,#5035,#5036,#5037));
#902=EDGE_LOOP('',(#5038,#5039,#5040,#5041));
#903=EDGE_LOOP('',(#5042,#5043,#5044,#5045));
#904=EDGE_LOOP('',(#5046,#5047,#5048,#5049));
#905=EDGE_LOOP('',(#5050,#5051,#5052,#5053));
#906=EDGE_LOOP('',(#5054,#5055,#5056,#5057));
#907=EDGE_LOOP('',(#5058,#5059,#5060,#5061));
#908=EDGE_LOOP('',(#5062,#5063,#5064,#5065));
#909=EDGE_LOOP('',(#5066,#5067,#5068,#5069));
#910=EDGE_LOOP('',(#5070,#5071,#5072,#5073));
#911=EDGE_LOOP('',(#5074,#5075,#5076,#5077));
#912=EDGE_LOOP('',(#5078,#5079,#5080,#5081));
#913=EDGE_LOOP('',(#5082,#5083,#5084,#5085));
#914=EDGE_LOOP('',(#5086,#5087,#5088,#5089));
#915=EDGE_LOOP('',(#5090,#5091,#5092,#5093));
#916=EDGE_LOOP('',(#5094,#5095,#5096,#5097));
#917=EDGE_LOOP('',(#5098,#5099,#5100,#5101));
#918=EDGE_LOOP('',(#5102,#5103,#5104,#5105));
#919=EDGE_LOOP('',(#5106,#5107,#5108,#5109));
#920=EDGE_LOOP('',(#5110,#5111,#5112,#5113));
#921=EDGE_LOOP('',(#5114,#5115,#5116,#5117));
#922=EDGE_LOOP('',(#5118,#5119,#5120,#5121));
#923=EDGE_LOOP('',(#5122,#5123,#5124,#5125));
#924=EDGE_LOOP('',(#5126,#5127,#5128,#5129));
#925=EDGE_LOOP('',(#5130,#5131,#5132,#5133,#5134));
#926=EDGE_LOOP('',(#5135,#5136,#5137,#5138));
#927=EDGE_LOOP('',(#5139,#5140,#5141,#5142));
#928=EDGE_LOOP('',(#5143,#5144,#5145,#5146));
#929=EDGE_LOOP('',(#5147,#5148,#5149,#5150));
#930=EDGE_LOOP('',(#5151,#5152,#5153,#5154));
#931=EDGE_LOOP('',(#5155,#5156,#5157,#5158));
#932=EDGE_LOOP('',(#5159,#5160,#5161,#5162));
#933=EDGE_LOOP('',(#5163,#5164,#5165,#5166));
#934=EDGE_LOOP('',(#5167,#5168,#5169,#5170));
#935=EDGE_LOOP('',(#5171,#5172,#5173,#5174));
#936=EDGE_LOOP('',(#5175,#5176,#5177,#5178));
#937=EDGE_LOOP('',(#5179,#5180,#5181,#5182));
#938=EDGE_LOOP('',(#5183,#5184,#5185,#5186));
#939=EDGE_LOOP('',(#5187,#5188,#5189,#5190));
#940=EDGE_LOOP('',(#5191,#5192,#5193,#5194));
#941=EDGE_LOOP('',(#5195,#5196,#5197,#5198));
#942=EDGE_LOOP('',(#5199,#5200,#5201,#5202));
#943=EDGE_LOOP('',(#5203,#5204,#5205,#5206));
#944=EDGE_LOOP('',(#5207,#5208,#5209,#5210));
#945=EDGE_LOOP('',(#5211,#5212,#5213,#5214));
#946=EDGE_LOOP('',(#5215,#5216,#5217,#5218));
#947=EDGE_LOOP('',(#5219,#5220,#5221,#5222));
#948=EDGE_LOOP('',(#5223,#5224,#5225,#5226));
#949=EDGE_LOOP('',(#5227,#5228,#5229,#5230));
#950=EDGE_LOOP('',(#5231,#5232,#5233,#5234));
#951=EDGE_LOOP('',(#5235,#5236,#5237,#5238));
#952=EDGE_LOOP('',(#5239,#5240,#5241,#5242));
#953=EDGE_LOOP('',(#5243,#5244,#5245,#5246));
#954=EDGE_LOOP('',(#5247,#5248,#5249,#5250));
#955=EDGE_LOOP('',(#5251,#5252,#5253,#5254));
#956=EDGE_LOOP('',(#5255,#5256,#5257,#5258));
#957=EDGE_LOOP('',(#5259,#5260,#5261,#5262));
#958=EDGE_LOOP('',(#5263,#5264,#5265,#5266));
#959=EDGE_LOOP('',(#5267,#5268,#5269,#5270));
#960=EDGE_LOOP('',(#5271,#5272,#5273,#5274));
#961=EDGE_LOOP('',(#5275,#5276,#5277,#5278));
#962=EDGE_LOOP('',(#5279,#5280,#5281,#5282));
#963=EDGE_LOOP('',(#5283,#5284,#5285,#5286));
#964=EDGE_LOOP('',(#5287,#5288,#5289,#5290));
#965=EDGE_LOOP('',(#5291,#5292,#5293,#5294));
#966=EDGE_LOOP('',(#5295,#5296,#5297,#5298));
#967=EDGE_LOOP('',(#5299,#5300,#5301,#5302));
#968=EDGE_LOOP('',(#5303,#5304,#5305,#5306));
#969=EDGE_LOOP('',(#5307,#5308,#5309,#5310));
#970=EDGE_LOOP('',(#5311,#5312,#5313,#5314));
#971=EDGE_LOOP('',(#5315,#5316,#5317,#5318));
#972=EDGE_LOOP('',(#5319,#5320,#5321,#5322));
#973=EDGE_LOOP('',(#5323,#5324,#5325,#5326));
#974=EDGE_LOOP('',(#5327,#5328,#5329,#5330));
#975=EDGE_LOOP('',(#5331,#5332,#5333,#5334));
#976=EDGE_LOOP('',(#5335,#5336,#5337,#5338));
#977=EDGE_LOOP('',(#5339,#5340,#5341,#5342));
#978=EDGE_LOOP('',(#5343,#5344,#5345,#5346));
#979=EDGE_LOOP('',(#5347,#5348,#5349,#5350));
#980=EDGE_LOOP('',(#5351,#5352,#5353,#5354));
#981=EDGE_LOOP('',(#5355,#5356,#5357,#5358));
#982=EDGE_LOOP('',(#5359,#5360,#5361,#5362));
#983=EDGE_LOOP('',(#5363,#5364,#5365,#5366));
#984=EDGE_LOOP('',(#5367,#5368,#5369,#5370));
#985=EDGE_LOOP('',(#5371,#5372,#5373,#5374));
#986=EDGE_LOOP('',(#5375,#5376,#5377,#5378));
#987=EDGE_LOOP('',(#5379,#5380,#5381,#5382));
#988=EDGE_LOOP('',(#5383,#5384,#5385,#5386));
#989=EDGE_LOOP('',(#5387,#5388,#5389,#5390));
#990=EDGE_LOOP('',(#5391,#5392,#5393,#5394));
#991=EDGE_LOOP('',(#5395,#5396,#5397,#5398));
#992=EDGE_LOOP('',(#5399,#5400,#5401,#5402));
#993=EDGE_LOOP('',(#5403,#5404,#5405,#5406));
#994=EDGE_LOOP('',(#5407,#5408,#5409,#5410));
#995=EDGE_LOOP('',(#5411,#5412,#5413,#5414));
#996=EDGE_LOOP('',(#5415,#5416,#5417,#5418));
#997=EDGE_LOOP('',(#5419,#5420,#5421,#5422));
#998=EDGE_LOOP('',(#5423,#5424,#5425,#5426));
#999=EDGE_LOOP('',(#5427,#5428,#5429,#5430));
#1000=EDGE_LOOP('',(#5431,#5432,#5433,#5434));
#1001=EDGE_LOOP('',(#5435,#5436,#5437,#5438));
#1002=EDGE_LOOP('',(#5439,#5440,#5441,#5442));
#1003=EDGE_LOOP('',(#5443,#5444,#5445,#5446));
#1004=EDGE_LOOP('',(#5447,#5448,#5449,#5450));
#1005=EDGE_LOOP('',(#5451,#5452,#5453,#5454));
#1006=EDGE_LOOP('',(#5455,#5456,#5457,#5458));
#1007=EDGE_LOOP('',(#5459,#5460,#5461,#5462));
#1008=EDGE_LOOP('',(#5463,#5464,#5465,#5466));
#1009=EDGE_LOOP('',(#5467,#5468,#5469,#5470));
#1010=EDGE_LOOP('',(#5471,#5472,#5473,#5474));
#1011=EDGE_LOOP('',(#5475,#5476,#5477,#5478));
#1012=EDGE_LOOP('',(#5479,#5480,#5481,#5482));
#1013=EDGE_LOOP('',(#5483,#5484,#5485,#5486));
#1014=EDGE_LOOP('',(#5487,#5488,#5489,#5490));
#1015=EDGE_LOOP('',(#5491,#5492,#5493,#5494));
#1016=EDGE_LOOP('',(#5495,#5496,#5497,#5498));
#1017=EDGE_LOOP('',(#5499,#5500,#5501,#5502,#5503,#5504,#5505,#5506,#5507,
#5508,#5509,#5510,#5511,#5512));
#1018=EDGE_LOOP('',(#5513));
#1019=EDGE_LOOP('',(#5514));
#1020=EDGE_LOOP('',(#5515,#5516,#5517,#5518));
#1021=EDGE_LOOP('',(#5519,#5520,#5521,#5522,#5523,#5524,#5525,#5526,#5527,
#5528));
#1022=EDGE_LOOP('',(#5529));
#1023=EDGE_LOOP('',(#5530));
#1024=EDGE_LOOP('',(#5531,#5532,#5533,#5534));
#1025=EDGE_LOOP('',(#5535,#5536,#5537,#5538));
#1026=EDGE_LOOP('',(#5539,#5540,#5541,#5542));
#1027=EDGE_LOOP('',(#5543,#5544,#5545,#5546));
#1028=EDGE_LOOP('',(#5547,#5548,#5549,#5550));
#1029=EDGE_LOOP('',(#5551,#5552,#5553,#5554));
#1030=EDGE_LOOP('',(#5555,#5556,#5557,#5558));
#1031=EDGE_LOOP('',(#5559,#5560,#5561,#5562));
#1032=EDGE_LOOP('',(#5563,#5564,#5565,#5566));
#1033=EDGE_LOOP('',(#5567,#5568,#5569,#5570));
#1034=EDGE_LOOP('',(#5571,#5572,#5573,#5574));
#1035=EDGE_LOOP('',(#5575,#5576,#5577,#5578));
#1036=EDGE_LOOP('',(#5579,#5580,#5581,#5582));
#1037=EDGE_LOOP('',(#5583,#5584,#5585,#5586,#5587));
#1038=EDGE_LOOP('',(#5588,#5589,#5590,#5591));
#1039=EDGE_LOOP('',(#5592,#5593,#5594,#5595,#5596,#5597));
#1040=EDGE_LOOP('',(#5598,#5599,#5600,#5601));
#1041=EDGE_LOOP('',(#5602,#5603,#5604,#5605));
#1042=EDGE_LOOP('',(#5606,#5607,#5608,#5609,#5610));
#1043=EDGE_LOOP('',(#5611,#5612,#5613,#5614));
#1044=EDGE_LOOP('',(#5615,#5616,#5617,#5618));
#1045=EDGE_LOOP('',(#5619,#5620,#5621,#5622));
#1046=EDGE_LOOP('',(#5623,#5624,#5625,#5626));
#1047=EDGE_LOOP('',(#5627,#5628,#5629,#5630));
#1048=EDGE_LOOP('',(#5631,#5632,#5633,#5634));
#1049=EDGE_LOOP('',(#5635,#5636,#5637,#5638));
#1050=EDGE_LOOP('',(#5639,#5640,#5641,#5642));
#1051=EDGE_LOOP('',(#5643,#5644,#5645,#5646));
#1052=EDGE_LOOP('',(#5647,#5648,#5649,#5650));
#1053=EDGE_LOOP('',(#5651,#5652,#5653,#5654));
#1054=EDGE_LOOP('',(#5655,#5656,#5657,#5658));
#1055=EDGE_LOOP('',(#5659,#5660,#5661,#5662));
#1056=EDGE_LOOP('',(#5663,#5664,#5665,#5666));
#1057=EDGE_LOOP('',(#5667,#5668,#5669,#5670));
#1058=EDGE_LOOP('',(#5671,#5672,#5673,#5674));
#1059=EDGE_LOOP('',(#5675,#5676,#5677,#5678));
#1060=EDGE_LOOP('',(#5679,#5680,#5681,#5682,#5683,#5684));
#1061=EDGE_LOOP('',(#5685,#5686,#5687,#5688,#5689,#5690));
#1062=EDGE_LOOP('',(#5691,#5692,#5693,#5694,#5695,#5696));
#1063=EDGE_LOOP('',(#5697,#5698,#5699,#5700));
#1064=EDGE_LOOP('',(#5701,#5702,#5703,#5704,#5705,#5706));
#1065=EDGE_LOOP('',(#5707,#5708,#5709,#5710));
#1066=EDGE_LOOP('',(#5711,#5712,#5713,#5714));
#1067=EDGE_LOOP('',(#5715,#5716,#5717,#5718));
#1068=EDGE_LOOP('',(#5719,#5720,#5721,#5722));
#1069=EDGE_LOOP('',(#5723,#5724,#5725,#5726));
#1070=EDGE_LOOP('',(#5727,#5728,#5729,#5730));
#1071=EDGE_LOOP('',(#5731,#5732,#5733,#5734));
#1072=EDGE_LOOP('',(#5735,#5736,#5737,#5738));
#1073=EDGE_LOOP('',(#5739,#5740,#5741,#5742));
#1074=EDGE_LOOP('',(#5743,#5744,#5745,#5746));
#1075=EDGE_LOOP('',(#5747,#5748,#5749,#5750));
#1076=EDGE_LOOP('',(#5751,#5752,#5753));
#1077=EDGE_LOOP('',(#5754,#5755,#5756,#5757,#5758));
#1078=EDGE_LOOP('',(#5759,#5760,#5761,#5762));
#1079=EDGE_LOOP('',(#5763,#5764,#5765,#5766));
#1080=EDGE_LOOP('',(#5767,#5768,#5769,#5770));
#1081=EDGE_LOOP('',(#5771,#5772,#5773,#5774));
#1082=EDGE_LOOP('',(#5775,#5776,#5777,#5778));
#1083=EDGE_LOOP('',(#5779,#5780,#5781,#5782));
#1084=EDGE_LOOP('',(#5783,#5784,#5785,#5786));
#1085=EDGE_LOOP('',(#5787,#5788,#5789,#5790));
#1086=EDGE_LOOP('',(#5791,#5792,#5793,#5794));
#1087=EDGE_LOOP('',(#5795,#5796,#5797,#5798));
#1088=EDGE_LOOP('',(#5799,#5800,#5801,#5802));
#1089=EDGE_LOOP('',(#5803,#5804,#5805,#5806));
#1090=EDGE_LOOP('',(#5807,#5808,#5809,#5810));
#1091=EDGE_LOOP('',(#5811,#5812,#5813,#5814));
#1092=EDGE_LOOP('',(#5815,#5816,#5817,#5818));
#1093=EDGE_LOOP('',(#5819,#5820,#5821,#5822));
#1094=EDGE_LOOP('',(#5823,#5824,#5825,#5826));
#1095=EDGE_LOOP('',(#5827,#5828,#5829,#5830));
#1096=EDGE_LOOP('',(#5831,#5832,#5833,#5834));
#1097=EDGE_LOOP('',(#5835,#5836,#5837,#5838));
#1098=EDGE_LOOP('',(#5839,#5840,#5841,#5842));
#1099=EDGE_LOOP('',(#5843,#5844,#5845,#5846));
#1100=EDGE_LOOP('',(#5847,#5848,#5849,#5850));
#1101=EDGE_LOOP('',(#5851,#5852,#5853,#5854));
#1102=EDGE_LOOP('',(#5855,#5856,#5857,#5858));
#1103=EDGE_LOOP('',(#5859,#5860,#5861,#5862));
#1104=EDGE_LOOP('',(#5863,#5864,#5865,#5866));
#1105=EDGE_LOOP('',(#5867,#5868,#5869,#5870));
#1106=EDGE_LOOP('',(#5871,#5872,#5873,#5874));
#1107=EDGE_LOOP('',(#5875,#5876,#5877,#5878,#5879,#5880));
#1108=EDGE_LOOP('',(#5881,#5882,#5883,#5884));
#1109=EDGE_LOOP('',(#5885,#5886,#5887,#5888));
#1110=EDGE_LOOP('',(#5889,#5890,#5891,#5892));
#1111=EDGE_LOOP('',(#5893,#5894,#5895,#5896));
#1112=EDGE_LOOP('',(#5897,#5898,#5899,#5900));
#1113=EDGE_LOOP('',(#5901,#5902,#5903,#5904));
#1114=EDGE_LOOP('',(#5905,#5906,#5907,#5908));
#1115=EDGE_LOOP('',(#5909,#5910,#5911,#5912));
#1116=EDGE_LOOP('',(#5913,#5914,#5915,#5916));
#1117=EDGE_LOOP('',(#5917,#5918,#5919,#5920));
#1118=EDGE_LOOP('',(#5921,#5922,#5923,#5924));
#1119=EDGE_LOOP('',(#5925,#5926,#5927,#5928));
#1120=EDGE_LOOP('',(#5929,#5930,#5931,#5932));
#1121=EDGE_LOOP('',(#5933,#5934,#5935,#5936,#5937,#5938,#5939,#5940,#5941,
#5942,#5943,#5944,#5945,#5946,#5947,#5948,#5949));
#1122=EDGE_LOOP('',(#5950,#5951,#5952,#5953,#5954,#5955,#5956,#5957));
#1123=EDGE_LOOP('',(#5958,#5959,#5960,#5961));
#1124=EDGE_LOOP('',(#5962,#5963,#5964,#5965));
#1125=EDGE_LOOP('',(#5966,#5967,#5968,#5969));
#1126=EDGE_LOOP('',(#5970,#5971,#5972,#5973));
#1127=EDGE_LOOP('',(#5974,#5975,#5976,#5977));
#1128=EDGE_LOOP('',(#5978,#5979,#5980,#5981));
#1129=EDGE_LOOP('',(#5982,#5983,#5984,#5985));
#1130=EDGE_LOOP('',(#5986,#5987,#5988,#5989));
#1131=EDGE_LOOP('',(#5990,#5991,#5992,#5993));
#1132=EDGE_LOOP('',(#5994,#5995,#5996,#5997));
#1133=EDGE_LOOP('',(#5998,#5999,#6000,#6001));
#1134=EDGE_LOOP('',(#6002,#6003,#6004,#6005));
#1135=EDGE_LOOP('',(#6006,#6007,#6008,#6009,#6010,#6011));
#1136=EDGE_LOOP('',(#6012,#6013,#6014,#6015));
#1137=EDGE_LOOP('',(#6016,#6017,#6018,#6019));
#1138=EDGE_LOOP('',(#6020,#6021,#6022,#6023));
#1139=EDGE_LOOP('',(#6024,#6025,#6026,#6027));
#1140=EDGE_LOOP('',(#6028,#6029,#6030,#6031));
#1141=EDGE_LOOP('',(#6032,#6033,#6034,#6035));
#1142=EDGE_LOOP('',(#6036,#6037,#6038,#6039));
#1143=EDGE_LOOP('',(#6040,#6041,#6042,#6043));
#1144=EDGE_LOOP('',(#6044,#6045,#6046,#6047));
#1145=EDGE_LOOP('',(#6048,#6049,#6050,#6051));
#1146=EDGE_LOOP('',(#6052,#6053,#6054,#6055));
#1147=EDGE_LOOP('',(#6056,#6057,#6058,#6059));
#1148=EDGE_LOOP('',(#6060,#6061,#6062,#6063));
#1149=EDGE_LOOP('',(#6064,#6065,#6066,#6067,#6068));
#1150=EDGE_LOOP('',(#6069,#6070,#6071,#6072));
#1151=EDGE_LOOP('',(#6073,#6074,#6075,#6076));
#1152=EDGE_LOOP('',(#6077,#6078,#6079,#6080));
#1153=EDGE_LOOP('',(#6081,#6082,#6083,#6084));
#1154=EDGE_LOOP('',(#6085,#6086,#6087,#6088));
#1155=EDGE_LOOP('',(#6089,#6090,#6091,#6092));
#1156=EDGE_LOOP('',(#6093,#6094,#6095,#6096,#6097,#6098,#6099,#6100));
#1157=EDGE_LOOP('',(#6101,#6102,#6103,#6104));
#1158=EDGE_LOOP('',(#6105,#6106,#6107,#6108));
#1159=EDGE_LOOP('',(#6109,#6110,#6111,#6112));
#1160=EDGE_LOOP('',(#6113,#6114,#6115,#6116));
#1161=EDGE_LOOP('',(#6117,#6118,#6119,#6120));
#1162=EDGE_LOOP('',(#6121,#6122,#6123,#6124));
#1163=EDGE_LOOP('',(#6125,#6126,#6127,#6128));
#1164=EDGE_LOOP('',(#6129,#6130,#6131,#6132));
#1165=EDGE_LOOP('',(#6133,#6134,#6135,#6136));
#1166=EDGE_LOOP('',(#6137,#6138,#6139,#6140));
#1167=EDGE_LOOP('',(#6141,#6142,#6143,#6144));
#1168=EDGE_LOOP('',(#6145,#6146,#6147,#6148));
#1169=EDGE_LOOP('',(#6149,#6150,#6151,#6152));
#1170=EDGE_LOOP('',(#6153,#6154,#6155,#6156));
#1171=EDGE_LOOP('',(#6157,#6158,#6159,#6160));
#1172=EDGE_LOOP('',(#6161,#6162,#6163,#6164,#6165,#6166,#6167));
#1173=EDGE_LOOP('',(#6168,#6169,#6170,#6171));
#1174=EDGE_LOOP('',(#6172,#6173,#6174,#6175));
#1175=EDGE_LOOP('',(#6176,#6177,#6178,#6179));
#1176=EDGE_LOOP('',(#6180,#6181,#6182,#6183));
#1177=EDGE_LOOP('',(#6184,#6185,#6186,#6187));
#1178=EDGE_LOOP('',(#6188,#6189,#6190,#6191));
#1179=EDGE_LOOP('',(#6192,#6193,#6194,#6195,#6196,#6197));
#1180=EDGE_LOOP('',(#6198,#6199,#6200,#6201));
#1181=EDGE_LOOP('',(#6202,#6203,#6204,#6205));
#1182=EDGE_LOOP('',(#6206,#6207,#6208,#6209,#6210));
#1183=EDGE_LOOP('',(#6211,#6212,#6213,#6214));
#1184=EDGE_LOOP('',(#6215,#6216,#6217,#6218));
#1185=EDGE_LOOP('',(#6219,#6220,#6221,#6222));
#1186=EDGE_LOOP('',(#6223,#6224,#6225,#6226,#6227,#6228));
#1187=EDGE_LOOP('',(#6229,#6230,#6231,#6232));
#1188=EDGE_LOOP('',(#6233,#6234,#6235,#6236));
#1189=EDGE_LOOP('',(#6237,#6238,#6239));
#1190=EDGE_LOOP('',(#6240,#6241,#6242,#6243));
#1191=EDGE_LOOP('',(#6244,#6245,#6246,#6247));
#1192=EDGE_LOOP('',(#6248,#6249,#6250,#6251));
#1193=EDGE_LOOP('',(#6252,#6253,#6254,#6255,#6256));
#1194=EDGE_LOOP('',(#6257,#6258,#6259,#6260));
#1195=EDGE_LOOP('',(#6261,#6262,#6263,#6264));
#1196=EDGE_LOOP('',(#6265,#6266,#6267,#6268));
#1197=EDGE_LOOP('',(#6269,#6270,#6271,#6272));
#1198=EDGE_LOOP('',(#6273,#6274,#6275,#6276));
#1199=EDGE_LOOP('',(#6277,#6278,#6279,#6280));
#1200=EDGE_LOOP('',(#6281,#6282,#6283,#6284));
#1201=EDGE_LOOP('',(#6285,#6286,#6287,#6288,#6289,#6290,#6291,#6292,#6293,
#6294,#6295,#6296,#6297,#6298,#6299,#6300,#6301,#6302,#6303,#6304,#6305));
#1202=EDGE_LOOP('',(#6306,#6307,#6308,#6309,#6310,#6311,#6312,#6313));
#1203=EDGE_LOOP('',(#6314,#6315,#6316,#6317));
#1204=EDGE_LOOP('',(#6318,#6319,#6320));
#1205=EDGE_LOOP('',(#6321,#6322,#6323,#6324,#6325,#6326,#6327,#6328,#6329,
#6330,#6331,#6332,#6333,#6334,#6335,#6336,#6337,#6338,#6339,#6340,#6341,
#6342,#6343,#6344,#6345,#6346,#6347,#6348,#6349,#6350,#6351,#6352,#6353,
#6354,#6355,#6356,#6357,#6358,#6359));
#1206=EDGE_LOOP('',(#6360,#6361,#6362,#6363,#6364,#6365,#6366,#6367));
#1207=EDGE_LOOP('',(#6368,#6369,#6370,#6371,#6372,#6373,#6374,#6375));
#1208=EDGE_LOOP('',(#6376,#6377,#6378,#6379,#6380,#6381,#6382,#6383));
#1209=EDGE_LOOP('',(#6384,#6385,#6386,#6387,#6388,#6389,#6390,#6391));
#1210=EDGE_LOOP('',(#6392,#6393,#6394,#6395,#6396,#6397,#6398,#6399));
#1211=EDGE_LOOP('',(#6400,#6401,#6402,#6403,#6404,#6405,#6406,#6407));
#1212=EDGE_LOOP('',(#6408,#6409,#6410,#6411,#6412,#6413,#6414,#6415));
#1213=EDGE_LOOP('',(#6416,#6417,#6418,#6419,#6420,#6421,#6422,#6423));
#1214=EDGE_LOOP('',(#6424,#6425,#6426,#6427,#6428,#6429,#6430,#6431));
#1215=EDGE_LOOP('',(#6432,#6433,#6434,#6435,#6436,#6437,#6438,#6439));
#1216=EDGE_LOOP('',(#6440,#6441,#6442,#6443,#6444,#6445,#6446,#6447));
#1217=EDGE_LOOP('',(#6448,#6449,#6450,#6451,#6452,#6453,#6454,#6455));
#1218=EDGE_LOOP('',(#6456,#6457,#6458,#6459,#6460,#6461,#6462,#6463));
#1219=EDGE_LOOP('',(#6464,#6465,#6466,#6467,#6468,#6469,#6470,#6471));
#1220=EDGE_LOOP('',(#6472,#6473,#6474,#6475,#6476,#6477,#6478,#6479));
#1221=EDGE_LOOP('',(#6480,#6481,#6482,#6483,#6484,#6485,#6486,#6487));
#1222=EDGE_LOOP('',(#6488,#6489,#6490,#6491));
#1223=EDGE_LOOP('',(#6492,#6493,#6494,#6495));
#1224=EDGE_LOOP('',(#6496,#6497,#6498,#6499,#6500));
#1225=EDGE_LOOP('',(#6501,#6502,#6503,#6504,#6505,#6506,#6507,#6508,#6509,
#6510,#6511,#6512,#6513,#6514,#6515,#6516,#6517,#6518,#6519,#6520,#6521,
#6522));
#1226=EDGE_LOOP('',(#6523,#6524,#6525,#6526));
#1227=EDGE_LOOP('',(#6527,#6528,#6529,#6530));
#1228=EDGE_LOOP('',(#6531,#6532,#6533,#6534));
#1229=EDGE_LOOP('',(#6535,#6536,#6537,#6538,#6539,#6540,#6541,#6542,#6543,
#6544,#6545,#6546,#6547,#6548,#6549,#6550,#6551,#6552));
#1230=EDGE_LOOP('',(#6553,#6554,#6555,#6556,#6557,#6558,#6559,#6560,#6561,
#6562,#6563));
#1231=LINE('',#9899,#1875);
#1232=LINE('',#9906,#1876);
#1233=LINE('',#9913,#1877);
#1234=LINE('',#9920,#1878);
#1235=LINE('',#9927,#1879);
#1236=LINE('',#9934,#1880);
#1237=LINE('',#9942,#1881);
#1238=LINE('',#9945,#1882);
#1239=LINE('',#9948,#1883);
#1240=LINE('',#9950,#1884);
#1241=LINE('',#9951,#1885);
#1242=LINE('',#9957,#1886);
#1243=LINE('',#9962,#1887);
#1244=LINE('',#9966,#1888);
#1245=LINE('',#9969,#1889);
#1246=LINE('',#9972,#1890);
#1247=LINE('',#9974,#1891);
#1248=LINE('',#9975,#1892);
#1249=LINE('',#9978,#1893);
#1250=LINE('',#9980,#1894);
#1251=LINE('',#9981,#1895);
#1252=LINE('',#9984,#1896);
#1253=LINE('',#9988,#1897);
#1254=LINE('',#9990,#1898);
#1255=LINE('',#9994,#1899);
#1256=LINE('',#9998,#1900);
#1257=LINE('',#10002,#1901);
#1258=LINE('',#10006,#1902);
#1259=LINE('',#10010,#1903);
#1260=LINE('',#10014,#1904);
#1261=LINE('',#10018,#1905);
#1262=LINE('',#10022,#1906);
#1263=LINE('',#10026,#1907);
#1264=LINE('',#10030,#1908);
#1265=LINE('',#10032,#1909);
#1266=LINE('',#10034,#1910);
#1267=LINE('',#10036,#1911);
#1268=LINE('',#10038,#1912);
#1269=LINE('',#10040,#1913);
#1270=LINE('',#10044,#1914);
#1271=LINE('',#10050,#1915);
#1272=LINE('',#10054,#1916);
#1273=LINE('',#10058,#1917);
#1274=LINE('',#10062,#1918);
#1275=LINE('',#10064,#1919);
#1276=LINE('',#10066,#1920);
#1277=LINE('',#10068,#1921);
#1278=LINE('',#10070,#1922);
#1279=LINE('',#10072,#1923);
#1280=LINE('',#10074,#1924);
#1281=LINE('',#10076,#1925);
#1282=LINE('',#10082,#1926);
#1283=LINE('',#10083,#1927);
#1284=LINE('',#10088,#1928);
#1285=LINE('',#10092,#1929);
#1286=LINE('',#10096,#1930);
#1287=LINE('',#10099,#1931);
#1288=LINE('',#10104,#1932);
#1289=LINE('',#10108,#1933);
#1290=LINE('',#10112,#1934);
#1291=LINE('',#10115,#1935);
#1292=LINE('',#10120,#1936);
#1293=LINE('',#10124,#1937);
#1294=LINE('',#10128,#1938);
#1295=LINE('',#10131,#1939);
#1296=LINE('',#10136,#1940);
#1297=LINE('',#10140,#1941);
#1298=LINE('',#10144,#1942);
#1299=LINE('',#10147,#1943);
#1300=LINE('',#10150,#1944);
#1301=LINE('',#10154,#1945);
#1302=LINE('',#10158,#1946);
#1303=LINE('',#10162,#1947);
#1304=LINE('',#10168,#1948);
#1305=LINE('',#10172,#1949);
#1306=LINE('',#10176,#1950);
#1307=LINE('',#10179,#1951);
#1308=LINE('',#10184,#1952);
#1309=LINE('',#10188,#1953);
#1310=LINE('',#10192,#1954);
#1311=LINE('',#10195,#1955);
#1312=LINE('',#10200,#1956);
#1313=LINE('',#10204,#1957);
#1314=LINE('',#10208,#1958);
#1315=LINE('',#10211,#1959);
#1316=LINE('',#10216,#1960);
#1317=LINE('',#10220,#1961);
#1318=LINE('',#10224,#1962);
#1319=LINE('',#10227,#1963);
#1320=LINE('',#10232,#1964);
#1321=LINE('',#10236,#1965);
#1322=LINE('',#10240,#1966);
#1323=LINE('',#10243,#1967);
#1324=LINE('',#10248,#1968);
#1325=LINE('',#10252,#1969);
#1326=LINE('',#10256,#1970);
#1327=LINE('',#10259,#1971);
#1328=LINE('',#10264,#1972);
#1329=LINE('',#10268,#1973);
#1330=LINE('',#10272,#1974);
#1331=LINE('',#10275,#1975);
#1332=LINE('',#10280,#1976);
#1333=LINE('',#10284,#1977);
#1334=LINE('',#10288,#1978);
#1335=LINE('',#10291,#1979);
#1336=LINE('',#10298,#1980);
#1337=LINE('',#10302,#1981);
#1338=LINE('',#10306,#1982);
#1339=LINE('',#10309,#1983);
#1340=LINE('',#10314,#1984);
#1341=LINE('',#10318,#1985);
#1342=LINE('',#10322,#1986);
#1343=LINE('',#10325,#1987);
#1344=LINE('',#10330,#1988);
#1345=LINE('',#10334,#1989);
#1346=LINE('',#10338,#1990);
#1347=LINE('',#10341,#1991);
#1348=LINE('',#10346,#1992);
#1349=LINE('',#10350,#1993);
#1350=LINE('',#10354,#1994);
#1351=LINE('',#10357,#1995);
#1352=LINE('',#10362,#1996);
#1353=LINE('',#10366,#1997);
#1354=LINE('',#10370,#1998);
#1355=LINE('',#10373,#1999);
#1356=LINE('',#10378,#2000);
#1357=LINE('',#10380,#2001);
#1358=LINE('',#10381,#2002);
#1359=LINE('',#10384,#2003);
#1360=LINE('',#10386,#2004);
#1361=LINE('',#10387,#2005);
#1362=LINE('',#10391,#2006);
#1363=LINE('',#10393,#2007);
#1364=LINE('',#10395,#2008);
#1365=LINE('',#10396,#2009);
#1366=LINE('',#10399,#2010);
#1367=LINE('',#10401,#2011);
#1368=LINE('',#10402,#2012);
#1369=LINE('',#10408,#2013);
#1370=LINE('',#10413,#2014);
#1371=LINE('',#10417,#2015);
#1372=LINE('',#10419,#2016);
#1373=LINE('',#10422,#2017);
#1374=LINE('',#10424,#2018);
#1375=LINE('',#10426,#2019);
#1376=LINE('',#10427,#2020);
#1377=LINE('',#10429,#2021);
#1378=LINE('',#10433,#2022);
#1379=LINE('',#10435,#2023);
#1380=LINE('',#10437,#2024);
#1381=LINE('',#10439,#2025);
#1382=LINE('',#10454,#2026);
#1383=LINE('',#10456,#2027);
#1384=LINE('',#10458,#2028);
#1385=LINE('',#10460,#2029);
#1386=LINE('',#10462,#2030);
#1387=LINE('',#10463,#2031);
#1388=LINE('',#10464,#2032);
#1389=LINE('',#10470,#2033);
#1390=LINE('',#10473,#2034);
#1391=LINE('',#10476,#2035);
#1392=LINE('',#10478,#2036);
#1393=LINE('',#10479,#2037);
#1394=LINE('',#10482,#2038);
#1395=LINE('',#10483,#2039);
#1396=LINE('',#10485,#2040);
#1397=LINE('',#10487,#2041);
#1398=LINE('',#10489,#2042);
#1399=LINE('',#10503,#2043);
#1400=LINE('',#10524,#2044);
#1401=LINE('',#10526,#2045);
#1402=LINE('',#10527,#2046);
#1403=LINE('',#10529,#2047);
#1404=LINE('',#10532,#2048);
#1405=LINE('',#10533,#2049);
#1406=LINE('',#10536,#2050);
#1407=LINE('',#10538,#2051);
#1408=LINE('',#10540,#2052);
#1409=LINE('',#10543,#2053);
#1410=LINE('',#10546,#2054);
#1411=LINE('',#10552,#2055);
#1412=LINE('',#10554,#2056);
#1413=LINE('',#10560,#2057);
#1414=LINE('',#10564,#2058);
#1415=LINE('',#10570,#2059);
#1416=LINE('',#10576,#2060);
#1417=LINE('',#10582,#2061);
#1418=LINE('',#10586,#2062);
#1419=LINE('',#10590,#2063);
#1420=LINE('',#10594,#2064);
#1421=LINE('',#10598,#2065);
#1422=LINE('',#10602,#2066);
#1423=LINE('',#10606,#2067);
#1424=LINE('',#10609,#2068);
#1425=LINE('',#10613,#2069);
#1426=LINE('',#10617,#2070);
#1427=LINE('',#10621,#2071);
#1428=LINE('',#10625,#2072);
#1429=LINE('',#10629,#2073);
#1430=LINE('',#10633,#2074);
#1431=LINE('',#10637,#2075);
#1432=LINE('',#10641,#2076);
#1433=LINE('',#10643,#2077);
#1434=LINE('',#10646,#2078);
#1435=LINE('',#10648,#2079);
#1436=LINE('',#10650,#2080);
#1437=LINE('',#10654,#2081);
#1438=LINE('',#10656,#2082);
#1439=LINE('',#10663,#2083);
#1440=LINE('',#10668,#2084);
#1441=LINE('',#10674,#2085);
#1442=LINE('',#10676,#2086);
#1443=LINE('',#10677,#2087);
#1444=LINE('',#10680,#2088);
#1445=LINE('',#10682,#2089);
#1446=LINE('',#10683,#2090);
#1447=LINE('',#10688,#2091);
#1448=LINE('',#10693,#2092);
#1449=LINE('',#10699,#2093);
#1450=LINE('',#10701,#2094);
#1451=LINE('',#10703,#2095);
#1452=LINE('',#10704,#2096);
#1453=LINE('',#10705,#2097);
#1454=LINE('',#10707,#2098);
#1455=LINE('',#10708,#2099);
#1456=LINE('',#10710,#2100);
#1457=LINE('',#10712,#2101);
#1458=LINE('',#10714,#2102);
#1459=LINE('',#10716,#2103);
#1460=LINE('',#10718,#2104);
#1461=LINE('',#10723,#2105);
#1462=LINE('',#10727,#2106);
#1463=LINE('',#10730,#2107);
#1464=LINE('',#10733,#2108);
#1465=LINE('',#10735,#2109);
#1466=LINE('',#10739,#2110);
#1467=LINE('',#10740,#2111);
#1468=LINE('',#10743,#2112);
#1469=LINE('',#10747,#2113);
#1470=LINE('',#10748,#2114);
#1471=LINE('',#10751,#2115);
#1472=LINE('',#10755,#2116);
#1473=LINE('',#10756,#2117);
#1474=LINE('',#10759,#2118);
#1475=LINE('',#10762,#2119);
#1476=LINE('',#10765,#2120);
#1477=LINE('',#10767,#2121);
#1478=LINE('',#10771,#2122);
#1479=LINE('',#10772,#2123);
#1480=LINE('',#10775,#2124);
#1481=LINE('',#10779,#2125);
#1482=LINE('',#10780,#2126);
#1483=LINE('',#10783,#2127);
#1484=LINE('',#10787,#2128);
#1485=LINE('',#10788,#2129);
#1486=LINE('',#10791,#2130);
#1487=LINE('',#10794,#2131);
#1488=LINE('',#10797,#2132);
#1489=LINE('',#10799,#2133);
#1490=LINE('',#10803,#2134);
#1491=LINE('',#10804,#2135);
#1492=LINE('',#10807,#2136);
#1493=LINE('',#10811,#2137);
#1494=LINE('',#10812,#2138);
#1495=LINE('',#10815,#2139);
#1496=LINE('',#10819,#2140);
#1497=LINE('',#10820,#2141);
#1498=LINE('',#10823,#2142);
#1499=LINE('',#10826,#2143);
#1500=LINE('',#10829,#2144);
#1501=LINE('',#10831,#2145);
#1502=LINE('',#10835,#2146);
#1503=LINE('',#10836,#2147);
#1504=LINE('',#10839,#2148);
#1505=LINE('',#10843,#2149);
#1506=LINE('',#10844,#2150);
#1507=LINE('',#10847,#2151);
#1508=LINE('',#10851,#2152);
#1509=LINE('',#10852,#2153);
#1510=LINE('',#10855,#2154);
#1511=LINE('',#10858,#2155);
#1512=LINE('',#10861,#2156);
#1513=LINE('',#10863,#2157);
#1514=LINE('',#10864,#2158);
#1515=LINE('',#10868,#2159);
#1516=LINE('',#10871,#2160);
#1517=LINE('',#10873,#2161);
#1518=LINE('',#10874,#2162);
#1519=LINE('',#10878,#2163);
#1520=LINE('',#10881,#2164);
#1521=LINE('',#10883,#2165);
#1522=LINE('',#10887,#2166);
#1523=LINE('',#10888,#2167);
#1524=LINE('',#10891,#2168);
#1525=LINE('',#10895,#2169);
#1526=LINE('',#10896,#2170);
#1527=LINE('',#10899,#2171);
#1528=LINE('',#10903,#2172);
#1529=LINE('',#10904,#2173);
#1530=LINE('',#10907,#2174);
#1531=LINE('',#10910,#2175);
#1532=LINE('',#10913,#2176);
#1533=LINE('',#10915,#2177);
#1534=LINE('',#10919,#2178);
#1535=LINE('',#10920,#2179);
#1536=LINE('',#10923,#2180);
#1537=LINE('',#10927,#2181);
#1538=LINE('',#10928,#2182);
#1539=LINE('',#10931,#2183);
#1540=LINE('',#10935,#2184);
#1541=LINE('',#10936,#2185);
#1542=LINE('',#10939,#2186);
#1543=LINE('',#10942,#2187);
#1544=LINE('',#10945,#2188);
#1545=LINE('',#10947,#2189);
#1546=LINE('',#10951,#2190);
#1547=LINE('',#10952,#2191);
#1548=LINE('',#10955,#2192);
#1549=LINE('',#10959,#2193);
#1550=LINE('',#10960,#2194);
#1551=LINE('',#10963,#2195);
#1552=LINE('',#10967,#2196);
#1553=LINE('',#10968,#2197);
#1554=LINE('',#10971,#2198);
#1555=LINE('',#10974,#2199);
#1556=LINE('',#10977,#2200);
#1557=LINE('',#10979,#2201);
#1558=LINE('',#10983,#2202);
#1559=LINE('',#10984,#2203);
#1560=LINE('',#10987,#2204);
#1561=LINE('',#10991,#2205);
#1562=LINE('',#10992,#2206);
#1563=LINE('',#10995,#2207);
#1564=LINE('',#10999,#2208);
#1565=LINE('',#11000,#2209);
#1566=LINE('',#11003,#2210);
#1567=LINE('',#11006,#2211);
#1568=LINE('',#11009,#2212);
#1569=LINE('',#11011,#2213);
#1570=LINE('',#11015,#2214);
#1571=LINE('',#11016,#2215);
#1572=LINE('',#11019,#2216);
#1573=LINE('',#11023,#2217);
#1574=LINE('',#11024,#2218);
#1575=LINE('',#11027,#2219);
#1576=LINE('',#11031,#2220);
#1577=LINE('',#11032,#2221);
#1578=LINE('',#11035,#2222);
#1579=LINE('',#11038,#2223);
#1580=LINE('',#11041,#2224);
#1581=LINE('',#11043,#2225);
#1582=LINE('',#11047,#2226);
#1583=LINE('',#11048,#2227);
#1584=LINE('',#11051,#2228);
#1585=LINE('',#11055,#2229);
#1586=LINE('',#11056,#2230);
#1587=LINE('',#11059,#2231);
#1588=LINE('',#11063,#2232);
#1589=LINE('',#11064,#2233);
#1590=LINE('',#11067,#2234);
#1591=LINE('',#11070,#2235);
#1592=LINE('',#11073,#2236);
#1593=LINE('',#11075,#2237);
#1594=LINE('',#11079,#2238);
#1595=LINE('',#11080,#2239);
#1596=LINE('',#11083,#2240);
#1597=LINE('',#11087,#2241);
#1598=LINE('',#11089,#2242);
#1599=LINE('',#11093,#2243);
#1600=LINE('',#11094,#2244);
#1601=LINE('',#11097,#2245);
#1602=LINE('',#11100,#2246);
#1603=LINE('',#11103,#2247);
#1604=LINE('',#11106,#2248);
#1605=LINE('',#11109,#2249);
#1606=LINE('',#11110,#2250);
#1607=LINE('',#11114,#2251);
#1608=LINE('',#11117,#2252);
#1609=LINE('',#11118,#2253);
#1610=LINE('',#11121,#2254);
#1611=LINE('',#11123,#2255);
#1612=LINE('',#11127,#2256);
#1613=LINE('',#11128,#2257);
#1614=LINE('',#11131,#2258);
#1615=LINE('',#11135,#2259);
#1616=LINE('',#11137,#2260);
#1617=LINE('',#11140,#2261);
#1618=LINE('',#11143,#2262);
#1619=LINE('',#11145,#2263);
#1620=LINE('',#11149,#2264);
#1621=LINE('',#11150,#2265);
#1622=LINE('',#11153,#2266);
#1623=LINE('',#11157,#2267);
#1624=LINE('',#11158,#2268);
#1625=LINE('',#11161,#2269);
#1626=LINE('',#11165,#2270);
#1627=LINE('',#11166,#2271);
#1628=LINE('',#11169,#2272);
#1629=LINE('',#11172,#2273);
#1630=LINE('',#11175,#2274);
#1631=LINE('',#11177,#2275);
#1632=LINE('',#11181,#2276);
#1633=LINE('',#11182,#2277);
#1634=LINE('',#11185,#2278);
#1635=LINE('',#11189,#2279);
#1636=LINE('',#11190,#2280);
#1637=LINE('',#11193,#2281);
#1638=LINE('',#11197,#2282);
#1639=LINE('',#11198,#2283);
#1640=LINE('',#11201,#2284);
#1641=LINE('',#11204,#2285);
#1642=LINE('',#11207,#2286);
#1643=LINE('',#11209,#2287);
#1644=LINE('',#11213,#2288);
#1645=LINE('',#11214,#2289);
#1646=LINE('',#11217,#2290);
#1647=LINE('',#11221,#2291);
#1648=LINE('',#11222,#2292);
#1649=LINE('',#11225,#2293);
#1650=LINE('',#11229,#2294);
#1651=LINE('',#11230,#2295);
#1652=LINE('',#11233,#2296);
#1653=LINE('',#11236,#2297);
#1654=LINE('',#11240,#2298);
#1655=LINE('',#11242,#2299);
#1656=LINE('',#11244,#2300);
#1657=LINE('',#11245,#2301);
#1658=LINE('',#11253,#2302);
#1659=LINE('',#11257,#2303);
#1660=LINE('',#11261,#2304);
#1661=LINE('',#11265,#2305);
#1662=LINE('',#11268,#2306);
#1663=LINE('',#11273,#2307);
#1664=LINE('',#11276,#2308);
#1665=LINE('',#11280,#2309);
#1666=LINE('',#11282,#2310);
#1667=LINE('',#11286,#2311);
#1668=LINE('',#11288,#2312);
#1669=LINE('',#11290,#2313);
#1670=LINE('',#11292,#2314);
#1671=LINE('',#11294,#2315);
#1672=LINE('',#11296,#2316);
#1673=LINE('',#11298,#2317);
#1674=LINE('',#11300,#2318);
#1675=LINE('',#11302,#2319);
#1676=LINE('',#11304,#2320);
#1677=LINE('',#11306,#2321);
#1678=LINE('',#11308,#2322);
#1679=LINE('',#11312,#2323);
#1680=LINE('',#11313,#2324);
#1681=LINE('',#11318,#2325);
#1682=LINE('',#11319,#2326);
#1683=LINE('',#11326,#2327);
#1684=LINE('',#11331,#2328);
#1685=LINE('',#11335,#2329);
#1686=LINE('',#11338,#2330);
#1687=LINE('',#11339,#2331);
#1688=LINE('',#11347,#2332);
#1689=LINE('',#11350,#2333);
#1690=LINE('',#11354,#2334);
#1691=LINE('',#11355,#2335);
#1692=LINE('',#11356,#2336);
#1693=LINE('',#11360,#2337);
#1694=LINE('',#11363,#2338);
#1695=LINE('',#11364,#2339);
#1696=LINE('',#11422,#2340);
#1697=LINE('',#11428,#2341);
#1698=LINE('',#11431,#2342);
#1699=LINE('',#11434,#2343);
#1700=LINE('',#11436,#2344);
#1701=LINE('',#11437,#2345);
#1702=LINE('',#11443,#2346);
#1703=LINE('',#11446,#2347);
#1704=LINE('',#11448,#2348);
#1705=LINE('',#11449,#2349);
#1706=LINE('',#11455,#2350);
#1707=LINE('',#11457,#2351);
#1708=LINE('',#11458,#2352);
#1709=LINE('',#11462,#2353);
#1710=LINE('',#11463,#2354);
#1711=LINE('',#11464,#2355);
#1712=LINE('',#11522,#2356);
#1713=LINE('',#11525,#2357);
#1714=LINE('',#11526,#2358);
#1715=LINE('',#11530,#2359);
#1716=LINE('',#11533,#2360);
#1717=LINE('',#11534,#2361);
#1718=LINE('',#11539,#2362);
#1719=LINE('',#11540,#2363);
#1720=LINE('',#11582,#2364);
#1721=LINE('',#11585,#2365);
#1722=LINE('',#11625,#2366);
#1723=LINE('',#11643,#2367);
#1724=LINE('',#11646,#2368);
#1725=LINE('',#11647,#2369);
#1726=LINE('',#11667,#2370);
#1727=LINE('',#11671,#2371);
#1728=LINE('',#11674,#2372);
#1729=LINE('',#11675,#2373);
#1730=LINE('',#11679,#2374);
#1731=LINE('',#11683,#2375);
#1732=LINE('',#11686,#2376);
#1733=LINE('',#11687,#2377);
#1734=LINE('',#11733,#2378);
#1735=LINE('',#11737,#2379);
#1736=LINE('',#11740,#2380);
#1737=LINE('',#11741,#2381);
#1738=LINE('',#11772,#2382);
#1739=LINE('',#11774,#2383);
#1740=LINE('',#11821,#2384);
#1741=LINE('',#11829,#2385);
#1742=LINE('',#11837,#2386);
#1743=LINE('',#11883,#2387);
#1744=LINE('',#11943,#2388);
#1745=LINE('',#12003,#2389);
#1746=LINE('',#12100,#2390);
#1747=LINE('',#12132,#2391);
#1748=LINE('',#12168,#2392);
#1749=LINE('',#12200,#2393);
#1750=LINE('',#12232,#2394);
#1751=LINE('',#12262,#2395);
#1752=LINE('',#12317,#2396);
#1753=LINE('',#12322,#2397);
#1754=LINE('',#12324,#2398);
#1755=LINE('',#12327,#2399);
#1756=LINE('',#12333,#2400);
#1757=LINE('',#12336,#2401);
#1758=LINE('',#12338,#2402);
#1759=LINE('',#12339,#2403);
#1760=LINE('',#12357,#2404);
#1761=LINE('',#12359,#2405);
#1762=LINE('',#12366,#2406);
#1763=LINE('',#12370,#2407);
#1764=LINE('',#12371,#2408);
#1765=LINE('',#12391,#2409);
#1766=LINE('',#12392,#2410);
#1767=LINE('',#12422,#2411);
#1768=LINE('',#12432,#2412);
#1769=LINE('',#12434,#2413);
#1770=LINE('',#12435,#2414);
#1771=LINE('',#12469,#2415);
#1772=LINE('',#12471,#2416);
#1773=LINE('',#12494,#2417);
#1774=LINE('',#12510,#2418);
#1775=LINE('',#12525,#2419);
#1776=LINE('',#12526,#2420);
#1777=LINE('',#12532,#2421);
#1778=LINE('',#12549,#2422);
#1779=LINE('',#12550,#2423);
#1780=LINE('',#12553,#2424);
#1781=LINE('',#12557,#2425);
#1782=LINE('',#12558,#2426);
#1783=LINE('',#12577,#2427);
#1784=LINE('',#12578,#2428);
#1785=LINE('',#12595,#2429);
#1786=LINE('',#12597,#2430);
#1787=LINE('',#12615,#2431);
#1788=LINE('',#12617,#2432);
#1789=LINE('',#12621,#2433);
#1790=LINE('',#12622,#2434);
#1791=LINE('',#12624,#2435);
#1792=LINE('',#12626,#2436);
#1793=LINE('',#12627,#2437);
#1794=LINE('',#12630,#2438);
#1795=LINE('',#12631,#2439);
#1796=LINE('',#12633,#2440);
#1797=LINE('',#12636,#2441);
#1798=LINE('',#12638,#2442);
#1799=LINE('',#12642,#2443);
#1800=LINE('',#12643,#2444);
#1801=LINE('',#12646,#2445);
#1802=LINE('',#12650,#2446);
#1803=LINE('',#12651,#2447);
#1804=LINE('',#12654,#2448);
#1805=LINE('',#12657,#2449);
#1806=LINE('',#12660,#2450);
#1807=LINE('',#12661,#2451);
#1808=LINE('',#12664,#2452);
#1809=LINE('',#12667,#2453);
#1810=LINE('',#12671,#2454);
#1811=LINE('',#12675,#2455);
#1812=LINE('',#12677,#2456);
#1813=LINE('',#12678,#2457);
#1814=LINE('',#12681,#2458);
#1815=LINE('',#12684,#2459);
#1816=LINE('',#12687,#2460);
#1817=LINE('',#12688,#2461);
#1818=LINE('',#12691,#2462);
#1819=LINE('',#12695,#2463);
#1820=LINE('',#12696,#2464);
#1821=LINE('',#12701,#2465);
#1822=LINE('',#12703,#2466);
#1823=LINE('',#12704,#2467);
#1824=LINE('',#12705,#2468);
#1825=LINE('',#12708,#2469);
#1826=LINE('',#12712,#2470);
#1827=LINE('',#12713,#2471);
#1828=LINE('',#12716,#2472);
#1829=LINE('',#12720,#2473);
#1830=LINE('',#12721,#2474);
#1831=LINE('',#12724,#2475);
#1832=LINE('',#12728,#2476);
#1833=LINE('',#12729,#2477);
#1834=LINE('',#12733,#2478);
#1835=LINE('',#12736,#2479);
#1836=LINE('',#12737,#2480);
#1837=LINE('',#12740,#2481);
#1838=LINE('',#12743,#2482);
#1839=LINE('',#12746,#2483);
#1840=LINE('',#12748,#2484);
#1841=LINE('',#12749,#2485);
#1842=LINE('',#12752,#2486);
#1843=LINE('',#12753,#2487);
#1844=LINE('',#12756,#2488);
#1845=LINE('',#12757,#2489);
#1846=LINE('',#12759,#2490);
#1847=LINE('',#12762,#2491);
#1848=LINE('',#12763,#2492);
#1849=LINE('',#12789,#2493);
#1850=LINE('',#12793,#2494);
#1851=LINE('',#12794,#2495);
#1852=LINE('',#12798,#2496);
#1853=LINE('',#12800,#2497);
#1854=LINE('',#12802,#2498);
#1855=LINE('',#12810,#2499);
#1856=LINE('',#12814,#2500);
#1857=LINE('',#12815,#2501);
#1858=LINE('',#12817,#2502);
#1859=LINE('',#12883,#2503);
#1860=LINE('',#12971,#2504);
#1861=LINE('',#13006,#2505);
#1862=LINE('',#13008,#2506);
#1863=LINE('',#13009,#2507);
#1864=LINE('',#13015,#2508);
#1865=LINE('',#13018,#2509);
#1866=LINE('',#13019,#2510);
#1867=LINE('',#13023,#2511);
#1868=LINE('',#13025,#2512);
#1869=LINE('',#13027,#2513);
#1870=LINE('',#13028,#2514);
#1871=LINE('',#13030,#2515);
#1872=LINE('',#13032,#2516);
#1873=LINE('',#13061,#2517);
#1874=LINE('',#13098,#2518);
#1875=VECTOR('',#7843,0.8115);
#1876=VECTOR('',#7852,0.8115);
#1877=VECTOR('',#7861,0.8115);
#1878=VECTOR('',#7870,0.8115);
#1879=VECTOR('',#7879,2.05);
#1880=VECTOR('',#7888,2.05);
#1881=VECTOR('',#7897,10.);
#1882=VECTOR('',#7900,10.);
#1883=VECTOR('',#7903,10.);
#1884=VECTOR('',#7904,10.);
#1885=VECTOR('',#7905,10.);
#1886=VECTOR('',#7910,1.95000000000001);
#1887=VECTOR('',#7915,10.);
#1888=VECTOR('',#7918,10.);
#1889=VECTOR('',#7921,10.);
#1890=VECTOR('',#7924,10.);
#1891=VECTOR('',#7925,10.);
#1892=VECTOR('',#7926,10.);
#1893=VECTOR('',#7929,10.);
#1894=VECTOR('',#7930,10.);
#1895=VECTOR('',#7931,10.);
#1896=VECTOR('',#7934,10.);
#1897=VECTOR('',#7937,10.);
#1898=VECTOR('',#7938,10.);
#1899=VECTOR('',#7941,10.);
#1900=VECTOR('',#7944,10.);
#1901=VECTOR('',#7947,10.);
#1902=VECTOR('',#7950,10.);
#1903=VECTOR('',#7953,10.);
#1904=VECTOR('',#7956,10.);
#1905=VECTOR('',#7959,10.);
#1906=VECTOR('',#7962,10.);
#1907=VECTOR('',#7965,10.);
#1908=VECTOR('',#7968,10.);
#1909=VECTOR('',#7969,10.);
#1910=VECTOR('',#7970,10.);
#1911=VECTOR('',#7971,10.);
#1912=VECTOR('',#7972,10.);
#1913=VECTOR('',#7973,10.);
#1914=VECTOR('',#7976,10.);
#1915=VECTOR('',#7981,10.);
#1916=VECTOR('',#7984,10.);
#1917=VECTOR('',#7987,10.);
#1918=VECTOR('',#7990,10.);
#1919=VECTOR('',#7991,10.);
#1920=VECTOR('',#7992,10.);
#1921=VECTOR('',#7993,10.);
#1922=VECTOR('',#7994,10.);
#1923=VECTOR('',#7995,10.);
#1924=VECTOR('',#7996,10.);
#1925=VECTOR('',#7997,10.);
#1926=VECTOR('',#8002,10.);
#1927=VECTOR('',#8003,10.);
#1928=VECTOR('',#8006,10.);
#1929=VECTOR('',#8009,10.);
#1930=VECTOR('',#8012,10.);
#1931=VECTOR('',#8015,10.);
#1932=VECTOR('',#8018,10.);
#1933=VECTOR('',#8021,10.);
#1934=VECTOR('',#8024,10.);
#1935=VECTOR('',#8027,10.);
#1936=VECTOR('',#8030,10.);
#1937=VECTOR('',#8033,10.);
#1938=VECTOR('',#8036,10.);
#1939=VECTOR('',#8039,10.);
#1940=VECTOR('',#8042,10.);
#1941=VECTOR('',#8045,10.);
#1942=VECTOR('',#8048,10.);
#1943=VECTOR('',#8051,10.);
#1944=VECTOR('',#8052,10.);
#1945=VECTOR('',#8055,10.);
#1946=VECTOR('',#8058,10.);
#1947=VECTOR('',#8061,10.);
#1948=VECTOR('',#8066,10.);
#1949=VECTOR('',#8069,10.);
#1950=VECTOR('',#8072,10.);
#1951=VECTOR('',#8075,10.);
#1952=VECTOR('',#8078,10.);
#1953=VECTOR('',#8081,10.);
#1954=VECTOR('',#8084,10.);
#1955=VECTOR('',#8087,10.);
#1956=VECTOR('',#8090,10.);
#1957=VECTOR('',#8093,10.);
#1958=VECTOR('',#8096,10.);
#1959=VECTOR('',#8099,10.);
#1960=VECTOR('',#8102,9.99999999999999);
#1961=VECTOR('',#8105,10.);
#1962=VECTOR('',#8108,10.);
#1963=VECTOR('',#8111,10.);
#1964=VECTOR('',#8114,10.);
#1965=VECTOR('',#8117,10.);
#1966=VECTOR('',#8120,10.);
#1967=VECTOR('',#8123,10.);
#1968=VECTOR('',#8126,10.);
#1969=VECTOR('',#8129,10.);
#1970=VECTOR('',#8132,10.);
#1971=VECTOR('',#8135,10.);
#1972=VECTOR('',#8138,10.);
#1973=VECTOR('',#8141,10.);
#1974=VECTOR('',#8144,10.);
#1975=VECTOR('',#8147,10.);
#1976=VECTOR('',#8150,10.);
#1977=VECTOR('',#8153,10.);
#1978=VECTOR('',#8156,10.);
#1979=VECTOR('',#8159,10.);
#1980=VECTOR('',#8164,10.);
#1981=VECTOR('',#8167,10.);
#1982=VECTOR('',#8170,10.);
#1983=VECTOR('',#8173,10.);
#1984=VECTOR('',#8176,10.);
#1985=VECTOR('',#8179,10.);
#1986=VECTOR('',#8182,10.);
#1987=VECTOR('',#8185,10.);
#1988=VECTOR('',#8188,10.);
#1989=VECTOR('',#8191,10.);
#1990=VECTOR('',#8194,10.);
#1991=VECTOR('',#8197,10.);
#1992=VECTOR('',#8200,10.);
#1993=VECTOR('',#8203,10.);
#1994=VECTOR('',#8206,10.);
#1995=VECTOR('',#8209,10.);
#1996=VECTOR('',#8212,10.);
#1997=VECTOR('',#8215,10.);
#1998=VECTOR('',#8218,10.);
#1999=VECTOR('',#8221,10.);
#2000=VECTOR('',#8226,10.);
#2001=VECTOR('',#8227,10.);
#2002=VECTOR('',#8228,10.);
#2003=VECTOR('',#8231,10.);
#2004=VECTOR('',#8232,10.);
#2005=VECTOR('',#8233,10.);
#2006=VECTOR('',#8236,10.);
#2007=VECTOR('',#8237,10.);
#2008=VECTOR('',#8238,10.);
#2009=VECTOR('',#8239,10.);
#2010=VECTOR('',#8242,10.);
#2011=VECTOR('',#8243,10.);
#2012=VECTOR('',#8244,2.);
#2013=VECTOR('',#8251,10.);
#2014=VECTOR('',#8256,10.);
#2015=VECTOR('',#8259,10.);
#2016=VECTOR('',#8262,10.);
#2017=VECTOR('',#8263,10.);
#2018=VECTOR('',#8264,10.);
#2019=VECTOR('',#8265,10.);
#2020=VECTOR('',#8266,10.);
#2021=VECTOR('',#8269,10.);
#2022=VECTOR('',#8272,10.);
#2023=VECTOR('',#8273,10.);
#2024=VECTOR('',#8274,10.);
#2025=VECTOR('',#8275,10.);
#2026=VECTOR('',#8276,10.);
#2027=VECTOR('',#8277,10.);
#2028=VECTOR('',#8278,10.);
#2029=VECTOR('',#8279,10.);
#2030=VECTOR('',#8280,10.);
#2031=VECTOR('',#8281,10.);
#2032=VECTOR('',#8282,10.);
#2033=VECTOR('',#8287,10.);
#2034=VECTOR('',#8290,10.);
#2035=VECTOR('',#8293,10.);
#2036=VECTOR('',#8294,10.);
#2037=VECTOR('',#8295,10.);
#2038=VECTOR('',#8298,10.);
#2039=VECTOR('',#8299,10.);
#2040=VECTOR('',#8300,10.);
#2041=VECTOR('',#8301,10.);
#2042=VECTOR('',#8302,10.);
#2043=VECTOR('',#8303,10.);
#2044=VECTOR('',#8310,10.0012795857377);
#2045=VECTOR('',#8311,10.);
#2046=VECTOR('',#8312,10.);
#2047=VECTOR('',#8315,10.);
#2048=VECTOR('',#8318,10.);
#2049=VECTOR('',#8319,10.);
#2050=VECTOR('',#8322,10.);
#2051=VECTOR('',#8323,10.);
#2052=VECTOR('',#8324,10.);
#2053=VECTOR('',#8329,10.);
#2054=VECTOR('',#8332,10.);
#2055=VECTOR('',#8339,10.);
#2056=VECTOR('',#8340,10.);
#2057=VECTOR('',#8341,10.);
#2058=VECTOR('',#8344,10.);
#2059=VECTOR('',#8349,10.);
#2060=VECTOR('',#8354,10.);
#2061=VECTOR('',#8359,10.);
#2062=VECTOR('',#8362,10.);
#2063=VECTOR('',#8365,10.);
#2064=VECTOR('',#8368,10.);
#2065=VECTOR('',#8371,10.);
#2066=VECTOR('',#8374,10.);
#2067=VECTOR('',#8377,10.);
#2068=VECTOR('',#8380,10.);
#2069=VECTOR('',#8383,10.);
#2070=VECTOR('',#8386,10.);
#2071=VECTOR('',#8389,10.);
#2072=VECTOR('',#8392,10.);
#2073=VECTOR('',#8395,10.);
#2074=VECTOR('',#8398,10.);
#2075=VECTOR('',#8401,10.);
#2076=VECTOR('',#8404,10.);
#2077=VECTOR('',#8405,10.);
#2078=VECTOR('',#8408,10.);
#2079=VECTOR('',#8411,10.);
#2080=VECTOR('',#8414,10.);
#2081=VECTOR('',#8419,10.);
#2082=VECTOR('',#8420,10.);
#2083=VECTOR('',#8429,10.);
#2084=VECTOR('',#8434,0.8115);
#2085=VECTOR('',#8443,10.);
#2086=VECTOR('',#8444,10.);
#2087=VECTOR('',#8445,10.);
#2088=VECTOR('',#8448,10.);
#2089=VECTOR('',#8449,10.);
#2090=VECTOR('',#8450,10.);
#2091=VECTOR('',#8455,0.8115);
#2092=VECTOR('',#8462,1.95000000000001);
#2093=VECTOR('',#8469,10.);
#2094=VECTOR('',#8470,10.);
#2095=VECTOR('',#8471,10.);
#2096=VECTOR('',#8472,10.);
#2097=VECTOR('',#8473,10.);
#2098=VECTOR('',#8476,10.);
#2099=VECTOR('',#8477,10.);
#2100=VECTOR('',#8480,10.);
#2101=VECTOR('',#8483,10.);
#2102=VECTOR('',#8486,10.);
#2103=VECTOR('',#8489,10.);
#2104=VECTOR('',#8492,10.);
#2105=VECTOR('',#8499,10.);
#2106=VECTOR('',#8502,10.);
#2107=VECTOR('',#8505,10.);
#2108=VECTOR('',#8508,10.);
#2109=VECTOR('',#8509,10.);
#2110=VECTOR('',#8514,10.);
#2111=VECTOR('',#8515,10.);
#2112=VECTOR('',#8518,10.);
#2113=VECTOR('',#8523,10.);
#2114=VECTOR('',#8524,10.);
#2115=VECTOR('',#8527,10.);
#2116=VECTOR('',#8532,10.);
#2117=VECTOR('',#8533,10.);
#2118=VECTOR('',#8536,10.);
#2119=VECTOR('',#8541,10.);
#2120=VECTOR('',#8544,10.);
#2121=VECTOR('',#8545,10.);
#2122=VECTOR('',#8550,10.);
#2123=VECTOR('',#8551,10.);
#2124=VECTOR('',#8554,10.);
#2125=VECTOR('',#8559,10.);
#2126=VECTOR('',#8560,10.);
#2127=VECTOR('',#8563,10.);
#2128=VECTOR('',#8568,10.);
#2129=VECTOR('',#8569,10.);
#2130=VECTOR('',#8572,10.);
#2131=VECTOR('',#8577,10.);
#2132=VECTOR('',#8580,10.);
#2133=VECTOR('',#8581,10.);
#2134=VECTOR('',#8586,10.);
#2135=VECTOR('',#8587,10.);
#2136=VECTOR('',#8590,10.);
#2137=VECTOR('',#8595,10.);
#2138=VECTOR('',#8596,10.);
#2139=VECTOR('',#8599,10.);
#2140=VECTOR('',#8604,10.);
#2141=VECTOR('',#8605,10.);
#2142=VECTOR('',#8608,10.);
#2143=VECTOR('',#8613,10.);
#2144=VECTOR('',#8616,10.);
#2145=VECTOR('',#8617,10.);
#2146=VECTOR('',#8622,10.);
#2147=VECTOR('',#8623,10.);
#2148=VECTOR('',#8626,10.);
#2149=VECTOR('',#8631,10.);
#2150=VECTOR('',#8632,10.);
#2151=VECTOR('',#8635,10.);
#2152=VECTOR('',#8640,10.);
#2153=VECTOR('',#8641,10.);
#2154=VECTOR('',#8644,10.);
#2155=VECTOR('',#8649,10.);
#2156=VECTOR('',#8652,10.);
#2157=VECTOR('',#8653,10.);
#2158=VECTOR('',#8654,10.);
#2159=VECTOR('',#8659,10.);
#2160=VECTOR('',#8662,10.);
#2161=VECTOR('',#8663,10.);
#2162=VECTOR('',#8664,10.);
#2163=VECTOR('',#8669,10.);
#2164=VECTOR('',#8672,10.);
#2165=VECTOR('',#8673,10.);
#2166=VECTOR('',#8678,10.);
#2167=VECTOR('',#8679,10.);
#2168=VECTOR('',#8682,10.);
#2169=VECTOR('',#8687,10.);
#2170=VECTOR('',#8688,10.);
#2171=VECTOR('',#8691,10.);
#2172=VECTOR('',#8696,10.);
#2173=VECTOR('',#8697,10.);
#2174=VECTOR('',#8700,10.);
#2175=VECTOR('',#8705,10.);
#2176=VECTOR('',#8708,10.);
#2177=VECTOR('',#8709,10.);
#2178=VECTOR('',#8714,10.);
#2179=VECTOR('',#8715,10.);
#2180=VECTOR('',#8718,10.);
#2181=VECTOR('',#8723,10.);
#2182=VECTOR('',#8724,10.);
#2183=VECTOR('',#8727,10.);
#2184=VECTOR('',#8732,10.);
#2185=VECTOR('',#8733,10.);
#2186=VECTOR('',#8736,10.);
#2187=VECTOR('',#8741,10.);
#2188=VECTOR('',#8744,10.);
#2189=VECTOR('',#8745,10.);
#2190=VECTOR('',#8750,10.);
#2191=VECTOR('',#8751,10.);
#2192=VECTOR('',#8754,10.);
#2193=VECTOR('',#8759,10.);
#2194=VECTOR('',#8760,10.);
#2195=VECTOR('',#8763,10.);
#2196=VECTOR('',#8768,10.);
#2197=VECTOR('',#8769,10.);
#2198=VECTOR('',#8772,10.);
#2199=VECTOR('',#8777,10.);
#2200=VECTOR('',#8780,10.);
#2201=VECTOR('',#8781,10.);
#2202=VECTOR('',#8786,10.);
#2203=VECTOR('',#8787,10.);
#2204=VECTOR('',#8790,10.);
#2205=VECTOR('',#8795,10.);
#2206=VECTOR('',#8796,10.);
#2207=VECTOR('',#8799,10.);
#2208=VECTOR('',#8804,10.);
#2209=VECTOR('',#8805,10.);
#2210=VECTOR('',#8808,10.);
#2211=VECTOR('',#8813,10.);
#2212=VECTOR('',#8816,10.);
#2213=VECTOR('',#8817,10.);
#2214=VECTOR('',#8822,10.);
#2215=VECTOR('',#8823,10.);
#2216=VECTOR('',#8826,10.);
#2217=VECTOR('',#8831,10.);
#2218=VECTOR('',#8832,10.);
#2219=VECTOR('',#8835,10.);
#2220=VECTOR('',#8840,10.);
#2221=VECTOR('',#8841,10.);
#2222=VECTOR('',#8844,10.);
#2223=VECTOR('',#8849,10.);
#2224=VECTOR('',#8852,10.);
#2225=VECTOR('',#8853,10.);
#2226=VECTOR('',#8858,10.);
#2227=VECTOR('',#8859,10.);
#2228=VECTOR('',#8862,10.);
#2229=VECTOR('',#8867,10.);
#2230=VECTOR('',#8868,10.);
#2231=VECTOR('',#8871,10.);
#2232=VECTOR('',#8876,10.);
#2233=VECTOR('',#8877,10.);
#2234=VECTOR('',#8880,10.);
#2235=VECTOR('',#8885,10.);
#2236=VECTOR('',#8888,10.);
#2237=VECTOR('',#8889,10.);
#2238=VECTOR('',#8894,10.);
#2239=VECTOR('',#8895,10.);
#2240=VECTOR('',#8898,10.);
#2241=VECTOR('',#8903,10.);
#2242=VECTOR('',#8904,10.);
#2243=VECTOR('',#8909,10.);
#2244=VECTOR('',#8910,10.);
#2245=VECTOR('',#8913,10.);
#2246=VECTOR('',#8918,10.);
#2247=VECTOR('',#8921,10.);
#2248=VECTOR('',#8924,10.);
#2249=VECTOR('',#8927,10.);
#2250=VECTOR('',#8928,10.);
#2251=VECTOR('',#8933,10.);
#2252=VECTOR('',#8936,10.);
#2253=VECTOR('',#8937,10.);
#2254=VECTOR('',#8940,10.);
#2255=VECTOR('',#8941,10.);
#2256=VECTOR('',#8946,10.);
#2257=VECTOR('',#8947,10.);
#2258=VECTOR('',#8950,10.);
#2259=VECTOR('',#8955,10.);
#2260=VECTOR('',#8956,10.);
#2261=VECTOR('',#8961,10.);
#2262=VECTOR('',#8964,10.);
#2263=VECTOR('',#8965,10.);
#2264=VECTOR('',#8970,10.);
#2265=VECTOR('',#8971,10.);
#2266=VECTOR('',#8974,10.);
#2267=VECTOR('',#8979,10.);
#2268=VECTOR('',#8980,10.);
#2269=VECTOR('',#8983,10.);
#2270=VECTOR('',#8988,10.);
#2271=VECTOR('',#8989,10.);
#2272=VECTOR('',#8992,10.);
#2273=VECTOR('',#8997,10.);
#2274=VECTOR('',#9000,10.);
#2275=VECTOR('',#9001,10.);
#2276=VECTOR('',#9006,10.);
#2277=VECTOR('',#9007,10.);
#2278=VECTOR('',#9010,10.);
#2279=VECTOR('',#9015,10.);
#2280=VECTOR('',#9016,10.);
#2281=VECTOR('',#9019,10.);
#2282=VECTOR('',#9024,10.);
#2283=VECTOR('',#9025,10.);
#2284=VECTOR('',#9028,10.);
#2285=VECTOR('',#9033,10.);
#2286=VECTOR('',#9036,10.);
#2287=VECTOR('',#9037,10.);
#2288=VECTOR('',#9042,10.);
#2289=VECTOR('',#9043,10.);
#2290=VECTOR('',#9046,10.);
#2291=VECTOR('',#9051,10.);
#2292=VECTOR('',#9052,10.);
#2293=VECTOR('',#9055,10.);
#2294=VECTOR('',#9060,10.);
#2295=VECTOR('',#9061,10.);
#2296=VECTOR('',#9064,10.);
#2297=VECTOR('',#9069,10.);
#2298=VECTOR('',#9072,10.);
#2299=VECTOR('',#9073,10.);
#2300=VECTOR('',#9074,10.);
#2301=VECTOR('',#9075,10.);
#2302=VECTOR('',#9086,10.);
#2303=VECTOR('',#9089,10.);
#2304=VECTOR('',#9092,10.);
#2305=VECTOR('',#9095,10.);
#2306=VECTOR('',#9098,10.);
#2307=VECTOR('',#9105,1.95);
#2308=VECTOR('',#9108,10.);
#2309=VECTOR('',#9113,10.);
#2310=VECTOR('',#9114,1.95);
#2311=VECTOR('',#9121,10.);
#2312=VECTOR('',#9124,10.);
#2313=VECTOR('',#9127,10.);
#2314=VECTOR('',#9130,10.);
#2315=VECTOR('',#9133,10.);
#2316=VECTOR('',#9136,10.);
#2317=VECTOR('',#9139,10.);
#2318=VECTOR('',#9142,10.);
#2319=VECTOR('',#9145,10.);
#2320=VECTOR('',#9148,10.);
#2321=VECTOR('',#9151,10.);
#2322=VECTOR('',#9154,10.);
#2323=VECTOR('',#9159,10.);
#2324=VECTOR('',#9160,10.);
#2325=VECTOR('',#9165,10.);
#2326=VECTOR('',#9166,10.);
#2327=VECTOR('',#9169,10.);
#2328=VECTOR('',#9170,10.);
#2329=VECTOR('',#9175,10.);
#2330=VECTOR('',#9178,10.);
#2331=VECTOR('',#9179,10.);
#2332=VECTOR('',#9186,10.);
#2333=VECTOR('',#9189,10.);
#2334=VECTOR('',#9192,10.);
#2335=VECTOR('',#9193,10.);
#2336=VECTOR('',#9194,10.);
#2337=VECTOR('',#9199,10.);
#2338=VECTOR('',#9202,10.);
#2339=VECTOR('',#9203,10.);
#2340=VECTOR('',#9206,10.);
#2341=VECTOR('',#9211,10.);
#2342=VECTOR('',#9214,10.);
#2343=VECTOR('',#9217,10.);
#2344=VECTOR('',#9218,10.);
#2345=VECTOR('',#9219,10.);
#2346=VECTOR('',#9226,10.);
#2347=VECTOR('',#9229,10.);
#2348=VECTOR('',#9230,10.);
#2349=VECTOR('',#9231,10.);
#2350=VECTOR('',#9238,10.);
#2351=VECTOR('',#9241,10.);
#2352=VECTOR('',#9242,10.);
#2353=VECTOR('',#9245,10.);
#2354=VECTOR('',#9246,10.);
#2355=VECTOR('',#9247,10.);
#2356=VECTOR('',#9250,10.);
#2357=VECTOR('',#9253,10.);
#2358=VECTOR('',#9254,10.);
#2359=VECTOR('',#9259,10.);
#2360=VECTOR('',#9262,10.);
#2361=VECTOR('',#9263,10.);
#2362=VECTOR('',#9270,10.);
#2363=VECTOR('',#9271,1.);
#2364=VECTOR('',#9276,1.);
#2365=VECTOR('',#9279,1.);
#2366=VECTOR('',#9284,1.);
#2367=VECTOR('',#9289,10.);
#2368=VECTOR('',#9292,10.);
#2369=VECTOR('',#9293,10.);
#2370=VECTOR('',#9302,10.);
#2371=VECTOR('',#9307,10.);
#2372=VECTOR('',#9310,10.);
#2373=VECTOR('',#9311,10.);
#2374=VECTOR('',#9316,10.);
#2375=VECTOR('',#9321,10.);
#2376=VECTOR('',#9324,10.);
#2377=VECTOR('',#9325,10.);
#2378=VECTOR('',#9328,10.);
#2379=VECTOR('',#9333,10.);
#2380=VECTOR('',#9336,10.);
#2381=VECTOR('',#9337,10.);
#2382=VECTOR('',#9340,10.);
#2383=VECTOR('',#9343,10.);
#2384=VECTOR('',#9358,10.);
#2385=VECTOR('',#9369,10.);
#2386=VECTOR('',#9380,10.);
#2387=VECTOR('',#9389,10.);
#2388=VECTOR('',#9402,10.);
#2389=VECTOR('',#9415,10.);
#2390=VECTOR('',#9434,10.);
#2391=VECTOR('',#9443,10.);
#2392=VECTOR('',#9452,10.);
#2393=VECTOR('',#9461,10.);
#2394=VECTOR('',#9470,10.);
#2395=VECTOR('',#9477,10.);
#2396=VECTOR('',#9482,10.);
#2397=VECTOR('',#9487,10.);
#2398=VECTOR('',#9488,10.);
#2399=VECTOR('',#9491,10.);
#2400=VECTOR('',#9496,10.);
#2401=VECTOR('',#9499,10.);
#2402=VECTOR('',#9502,10.);
#2403=VECTOR('',#9503,10.);
#2404=VECTOR('',#9504,10.);
#2405=VECTOR('',#9505,10.);
#2406=VECTOR('',#9508,10.);
#2407=VECTOR('',#9513,10.);
#2408=VECTOR('',#9514,10.);
#2409=VECTOR('',#9519,10.);
#2410=VECTOR('',#9520,10.);
#2411=VECTOR('',#9521,10.);
#2412=VECTOR('',#9524,10.);
#2413=VECTOR('',#9525,10.);
#2414=VECTOR('',#9526,10.);
#2415=VECTOR('',#9529,10.);
#2416=VECTOR('',#9532,10.);
#2417=VECTOR('',#9537,10.);
#2418=VECTOR('',#9538,10.);
#2419=VECTOR('',#9539,10.);
#2420=VECTOR('',#9540,10.);
#2421=VECTOR('',#9547,10.);
#2422=VECTOR('',#9548,10.);
#2423=VECTOR('',#9549,10.);
#2424=VECTOR('',#9552,10.);
#2425=VECTOR('',#9557,9.99999999999999);
#2426=VECTOR('',#9558,10.);
#2427=VECTOR('',#9563,10.);
#2428=VECTOR('',#9564,10.);
#2429=VECTOR('',#9565,10.);
#2430=VECTOR('',#9568,10.);
#2431=VECTOR('',#9571,10.);
#2432=VECTOR('',#9574,10.);
#2433=VECTOR('',#9579,10.);
#2434=VECTOR('',#9580,10.);
#2435=VECTOR('',#9583,10.);
#2436=VECTOR('',#9584,10.);
#2437=VECTOR('',#9585,10.);
#2438=VECTOR('',#9588,10.);
#2439=VECTOR('',#9589,10.);
#2440=VECTOR('',#9592,10.);
#2441=VECTOR('',#9595,10.);
#2442=VECTOR('',#9596,10.);
#2443=VECTOR('',#9601,10.);
#2444=VECTOR('',#9602,10.);
#2445=VECTOR('',#9605,10.);
#2446=VECTOR('',#9610,10.);
#2447=VECTOR('',#9611,10.);
#2448=VECTOR('',#9614,10.);
#2449=VECTOR('',#9619,10.);
#2450=VECTOR('',#9622,10.);
#2451=VECTOR('',#9623,10.);
#2452=VECTOR('',#9626,10.);
#2453=VECTOR('',#9631,10.);
#2454=VECTOR('',#9636,10.);
#2455=VECTOR('',#9641,10.);
#2456=VECTOR('',#9642,10.);
#2457=VECTOR('',#9643,10.);
#2458=VECTOR('',#9646,10.);
#2459=VECTOR('',#9651,10.);
#2460=VECTOR('',#9654,10.);
#2461=VECTOR('',#9655,10.);
#2462=VECTOR('',#9658,10.);
#2463=VECTOR('',#9663,10.);
#2464=VECTOR('',#9664,10.);
#2465=VECTOR('',#9671,10.);
#2466=VECTOR('',#9672,10.);
#2467=VECTOR('',#9673,10.);
#2468=VECTOR('',#9674,10.);
#2469=VECTOR('',#9677,10.);
#2470=VECTOR('',#9682,10.);
#2471=VECTOR('',#9683,10.);
#2472=VECTOR('',#9686,10.);
#2473=VECTOR('',#9691,10.);
#2474=VECTOR('',#9692,10.);
#2475=VECTOR('',#9695,10.);
#2476=VECTOR('',#9700,10.);
#2477=VECTOR('',#9701,10.);
#2478=VECTOR('',#9708,10.);
#2479=VECTOR('',#9711,10.);
#2480=VECTOR('',#9712,10.);
#2481=VECTOR('',#9715,10.);
#2482=VECTOR('',#9720,10.);
#2483=VECTOR('',#9723,10.);
#2484=VECTOR('',#9724,10.);
#2485=VECTOR('',#9725,10.);
#2486=VECTOR('',#9728,10.);
#2487=VECTOR('',#9729,10.);
#2488=VECTOR('',#9732,10.);
#2489=VECTOR('',#9733,10.);
#2490=VECTOR('',#9736,10.);
#2491=VECTOR('',#9739,10.);
#2492=VECTOR('',#9740,10.);
#2493=VECTOR('',#9753,10.);
#2494=VECTOR('',#9756,10.);
#2495=VECTOR('',#9757,10.);
#2496=VECTOR('',#9760,10.);
#2497=VECTOR('',#9761,10.);
#2498=VECTOR('',#9762,10.);
#2499=VECTOR('',#9775,10.);
#2500=VECTOR('',#9778,10.);
#2501=VECTOR('',#9779,10.);
#2502=VECTOR('',#9780,10.);
#2503=VECTOR('',#9807,10.);
#2504=VECTOR('',#9830,10.);
#2505=VECTOR('',#9833,10.);
#2506=VECTOR('',#9834,2.);
#2507=VECTOR('',#9835,10.);
#2508=VECTOR('',#9844,10.);
#2509=VECTOR('',#9847,2.);
#2510=VECTOR('',#9848,10.);
#2511=VECTOR('',#9855,10.);
#2512=VECTOR('',#9858,10.);
#2513=VECTOR('',#9861,10.);
#2514=VECTOR('',#9862,10.);
#2515=VECTOR('',#9865,10.);
#2516=VECTOR('',#9868,10.);
#2517=VECTOR('',#9885,10.0023480581671);
#2518=VECTOR('',#9886,10.0015265155909);
#2519=CIRCLE('',#7128,0.8115);
#2520=CIRCLE('',#7129,0.8115);
#2521=CIRCLE('',#7132,0.8115);
#2522=CIRCLE('',#7133,0.8115);
#2523=CIRCLE('',#7136,0.8115);
#2524=CIRCLE('',#7137,0.8115);
#2525=CIRCLE('',#7140,0.8115);
#2526=CIRCLE('',#7141,0.8115);
#2527=CIRCLE('',#7144,2.05);
#2528=CIRCLE('',#7145,2.05);
#2529=CIRCLE('',#7148,2.05);
#2530=CIRCLE('',#7149,2.05);
#2531=CIRCLE('',#7152,2.15);
#2532=CIRCLE('',#7153,2.15);
#2533=CIRCLE('',#7156,1.95000000000001);
#2534=CIRCLE('',#7157,1.95000000000001);
#2535=CIRCLE('',#7158,1.95000000000001);
#2536=CIRCLE('',#7159,1.95000000000001);
#2537=CIRCLE('',#7160,1.95000000000001);
#2538=CIRCLE('',#7164,2.40000442636833);
#2539=CIRCLE('',#7165,2.40005486468514);
#2540=CIRCLE('',#7166,2.3999771577706);
#2541=CIRCLE('',#7167,1.599907588047);
#2542=CIRCLE('',#7168,2.40016529247543);
#2543=CIRCLE('',#7169,1.600112197071);
#2544=CIRCLE('',#7170,2.40594381079582);
#2545=CIRCLE('',#7171,1.59934536782406);
#2546=CIRCLE('',#7172,2.39994900559742);
#2547=CIRCLE('',#7173,234.2);
#2548=CIRCLE('',#7174,233.2);
#2549=CIRCLE('',#7175,119.57670936989);
#2550=CIRCLE('',#7176,119.57670936989);
#2551=CIRCLE('',#7177,55.8000000000023);
#2552=CIRCLE('',#7178,2.40000901480474);
#2553=CIRCLE('',#7179,2.4000742494232);
#2554=CIRCLE('',#7180,2.30000000000002);
#2555=CIRCLE('',#7181,1.95);
#2556=CIRCLE('',#7182,1.95);
#2557=CIRCLE('',#7183,1.43665563635053);
#2558=CIRCLE('',#7184,1.43665563634933);
#2559=CIRCLE('',#7185,1.43665563634986);
#2560=CIRCLE('',#7186,1.43665563634903);
#2561=CIRCLE('',#7187,1.43665563634901);
#2562=CIRCLE('',#7188,1.43665563634991);
#2563=CIRCLE('',#7189,1.43665563634929);
#2564=CIRCLE('',#7190,1.43665563634986);
#2565=CIRCLE('',#7191,1.43665563634901);
#2566=CIRCLE('',#7192,1.4366556363499);
#2567=CIRCLE('',#7193,1.43665563634935);
#2568=CIRCLE('',#7194,1.43665563634986);
#2569=CIRCLE('',#7195,1.43665563634924);
#2570=CIRCLE('',#7196,1.43665563634982);
#2571=CIRCLE('',#7197,1.43665563634901);
#2572=CIRCLE('',#7198,1.43665563634994);
#2573=CIRCLE('',#7199,1.43665563634905);
#2574=CIRCLE('',#7200,1.43665563634993);
#2575=CIRCLE('',#7201,1.43665563634933);
#2576=CIRCLE('',#7202,1.43665563634994);
#2577=CIRCLE('',#7203,1.43665563634931);
#2578=CIRCLE('',#7204,1.43665563634995);
#2579=CIRCLE('',#7205,1.43665563634896);
#2580=CIRCLE('',#7206,1.43665563634994);
#2581=CIRCLE('',#7207,1.4366556363499);
#2582=CIRCLE('',#7208,1.4366556363493);
#2583=CIRCLE('',#7209,1.43665563634988);
#2584=CIRCLE('',#7210,1.43665563634901);
#2585=CIRCLE('',#7211,1.43665563634929);
#2586=CIRCLE('',#7212,1.43665563634995);
#2587=CIRCLE('',#7213,1.43665563634899);
#2588=CIRCLE('',#7214,1.43665563634996);
#2589=CIRCLE('',#7215,1.43665563635021);
#2590=CIRCLE('',#7216,1.43665563634901);
#2591=CIRCLE('',#7217,1.43665563635033);
#2592=CIRCLE('',#7218,1.43665563634856);
#2593=CIRCLE('',#7219,1.43665563634931);
#2594=CIRCLE('',#7220,1.43665563634988);
#2595=CIRCLE('',#7221,1.43665563634904);
#2596=CIRCLE('',#7222,1.43665563634995);
#2597=CIRCLE('',#7223,1.43665563634991);
#2598=CIRCLE('',#7224,1.43665563634931);
#2599=CIRCLE('',#7225,1.43665563634988);
#2600=CIRCLE('',#7226,1.43665563634901);
#2601=CIRCLE('',#7227,1.43665563634996);
#2602=CIRCLE('',#7228,1.43665563634931);
#2603=CIRCLE('',#7229,1.43665563634997);
#2604=CIRCLE('',#7230,1.43665563634899);
#2605=CIRCLE('',#7231,1.43665563634929);
#2606=CIRCLE('',#7232,1.43665563634988);
#2607=CIRCLE('',#7233,1.43665563634904);
#2608=CIRCLE('',#7234,1.43665563634989);
#2609=CIRCLE('',#7235,1.95);
#2610=CIRCLE('',#7236,1.43665563634991);
#2611=CIRCLE('',#7237,1.43665563634932);
#2612=CIRCLE('',#7238,1.43665563634988);
#2613=CIRCLE('',#7239,1.43665563634899);
#2614=CIRCLE('',#7240,1.43665563635023);
#2615=CIRCLE('',#7241,1.43665563634896);
#2616=CIRCLE('',#7242,1.43665563635032);
#2617=CIRCLE('',#7243,1.43665563634856);
#2618=CIRCLE('',#7244,1.4366556363499);
#2619=CIRCLE('',#7245,1.43665563634931);
#2620=CIRCLE('',#7246,1.43665563634986);
#2621=CIRCLE('',#7247,1.43665563634903);
#2622=CIRCLE('',#7248,1.4366556363493);
#2623=CIRCLE('',#7249,1.43665563634984);
#2624=CIRCLE('',#7250,1.43665563634902);
#2625=CIRCLE('',#7251,1.43665563634989);
#2626=CIRCLE('',#7252,1.43665563634991);
#2627=CIRCLE('',#7253,1.43665563634928);
#2628=CIRCLE('',#7254,1.43665563634984);
#2629=CIRCLE('',#7255,1.43665563634903);
#2630=CIRCLE('',#7256,1.95000000000001);
#2631=CIRCLE('',#7262,2.15000000000001);
#2632=CIRCLE('',#7263,2.15000000000001);
#2633=CIRCLE('',#7265,2.33303027798232);
#2634=CIRCLE('',#7266,2.33303027798238);
#2635=CIRCLE('',#7267,2.33303027798235);
#2636=CIRCLE('',#7271,1.99999999999998);
#2637=CIRCLE('',#7276,1.99999999999998);
#2638=CIRCLE('',#7281,233.2);
#2639=CIRCLE('',#7284,234.2);
#2640=CIRCLE('',#7286,2.40002240575253);
#2641=CIRCLE('',#7287,3.60002240573778);
#2642=CIRCLE('',#7288,0.5);
#2643=CIRCLE('',#7289,3.60000442636831);
#2644=CIRCLE('',#7290,0.5);
#2645=CIRCLE('',#7291,3.60005486468514);
#2646=CIRCLE('',#7292,3.59997715776275);
#2647=CIRCLE('',#7293,1.);
#2648=CIRCLE('',#7294,0.399907588046984);
#2649=CIRCLE('',#7295,3.60016529175154);
#2650=CIRCLE('',#7296,0.400112197070994);
#2651=CIRCLE('',#7297,3.60594381079585);
#2652=CIRCLE('',#7298,0.799345367824066);
#2653=CIRCLE('',#7299,3.5999489980277);
#2654=CIRCLE('',#7300,235.4);
#2655=CIRCLE('',#7301,2.39994900559742);
#2656=CIRCLE('',#7302,1.59934536782406);
#2657=CIRCLE('',#7303,2.40594381079582);
#2658=CIRCLE('',#7304,1.600112197071);
#2659=CIRCLE('',#7305,2.40016529247543);
#2660=CIRCLE('',#7306,1.599907588047);
#2661=CIRCLE('',#7307,2.3999771577706);
#2662=CIRCLE('',#7308,2.40005486468514);
#2663=CIRCLE('',#7309,2.40000442636833);
#2664=CIRCLE('',#7314,119.420873599828);
#2665=CIRCLE('',#7317,119.57670936989);
#2666=CIRCLE('',#7319,0.8115);
#2667=CIRCLE('',#7320,0.8115);
#2668=CIRCLE('',#7326,0.8115);
#2669=CIRCLE('',#7327,0.8115);
#2670=CIRCLE('',#7330,1.95000000000001);
#2671=CIRCLE('',#7341,2.40002240575253);
#2672=CIRCLE('',#7394,1.43665563634901);
#2673=CIRCLE('',#7482,1.43665563634993);
#2674=CIRCLE('',#7485,1.43665563634933);
#2675=CIRCLE('',#7533,1.53499999999999);
#2676=CIRCLE('',#7534,1.53499999999999);
#2677=CIRCLE('',#7536,1.53499999999999);
#2678=CIRCLE('',#7537,0.999999999999996);
#2679=CIRCLE('',#7538,1.2);
#2680=CIRCLE('',#7539,1.53500000000001);
#2681=CIRCLE('',#7540,1.53499999999998);
#2682=CIRCLE('',#7542,1.95);
#2683=CIRCLE('',#7546,1.95);
#2684=CIRCLE('',#7547,1.95);
#2685=CIRCLE('',#7564,1.2);
#2686=CIRCLE('',#7567,1.53500000000001);
#2687=CIRCLE('',#7571,54.5999999999997);
#2688=CIRCLE('',#7572,54.5999999999997);
#2689=CIRCLE('',#7579,1.09999999999994);
#2690=CIRCLE('',#7580,1.09999999999994);
#2691=CIRCLE('',#7583,3.60007424876083);
#2692=CIRCLE('',#7584,3.60007424876083);
#2693=CIRCLE('',#7587,3.60000901479337);
#2694=CIRCLE('',#7588,3.60000901479337);
#2695=CIRCLE('',#7594,0.799778956571136);
#2696=CIRCLE('',#7600,0.999999999999996);
#2697=CIRCLE('',#7601,0.999999999999996);
#2698=CIRCLE('',#7603,0.999999999999996);
#2699=CIRCLE('',#7605,1.53499999999998);
#2700=CIRCLE('',#7608,1.53499999999999);
#2701=CIRCLE('',#7621,0.999999999999999);
#2702=CIRCLE('',#7626,0.999999998321119);
#2703=CIRCLE('',#7627,1.);
#2704=CIRCLE('',#7629,55.5999999999997);
#2705=CIRCLE('',#7630,1.);
#2706=CIRCLE('',#7632,1.);
#2707=CIRCLE('',#7634,2.60000901479337);
#2708=CIRCLE('',#7635,1.);
#2709=CIRCLE('',#7637,1.);
#2710=CIRCLE('',#7639,2.60007424876083);
#2711=CIRCLE('',#7640,1.);
#2712=CIRCLE('',#7642,0.999999999999996);
#2713=CIRCLE('',#7645,0.999999999999995);
#2714=CIRCLE('',#7646,0.999999999999994);
#2715=CIRCLE('',#7648,0.999999999999988);
#2716=CIRCLE('',#7651,0.999999999999999);
#2717=CIRCLE('',#7652,0.999999999999986);
#2718=CIRCLE('',#7654,0.999999999999988);
#2719=CIRCLE('',#7659,2.09999999999994);
#2720=CIRCLE('',#7661,0.999999999999971);
#2721=CIRCLE('',#7665,0.999999999999979);
#2722=CIRCLE('',#7666,0.999999999989244);
#2723=CIRCLE('',#7667,1.);
#2724=CIRCLE('',#7670,1.);
#2725=CIRCLE('',#7671,0.999999999999992);
#2726=CIRCLE('',#7674,0.999999999999999);
#2727=CIRCLE('',#7675,1.00000000229638);
#2728=CIRCLE('',#7678,0.99999999995702);
#2729=CIRCLE('',#7679,1.00000000000001);
#2730=CIRCLE('',#7682,0.999999999999998);
#2731=CIRCLE('',#7683,1.00000000184235);
#2732=CIRCLE('',#7689,1.6999999999984);
#2733=CIRCLE('',#7690,1.49999999999849);
#2734=CIRCLE('',#7692,1.19999999999999);
#2735=CIRCLE('',#7693,1.19999999999999);
#2736=CIRCLE('',#7696,1.70000000000159);
#2737=CIRCLE('',#7699,1.50000000000151);
#2738=CIRCLE('',#7706,2.03499999999832);
#2739=CIRCLE('',#7707,2.03499999999867);
#2740=CIRCLE('',#7709,2.03500000000165);
#2741=CIRCLE('',#7712,2.03500000000131);
#2742=CIRCLE('',#7736,1.43665563634982);
#2743=CIRCLE('',#7743,1.43665563634905);
#2744=CIRCLE('',#7746,1.43665563634994);
#2745=CIRCLE('',#7749,2.30000000000001);
#2746=CIRCLE('',#7752,2.40007424892679);
#2747=CIRCLE('',#7755,2.40000901479462);
#2748=CIRCLE('',#7758,55.8);
#2749=CIRCLE('',#7770,3.60002240573778);
#2750=CIRCLE('',#7771,3.1999999999878);
#2751=CIRCLE('',#7772,0.400022405737781);
#2752=CIRCLE('',#7773,3.2);
#2753=CIRCLE('',#7775,2.42);
#2754=CIRCLE('',#7777,2.42);
#2755=CIRCLE('',#7779,3.2);
#2756=CIRCLE('',#7780,3.2);
#2757=CIRCLE('',#7782,3.2);
#2758=CIRCLE('',#7784,2.42);
#2759=CIRCLE('',#7786,3.2);
#2760=CIRCLE('',#7788,0.78);
#2761=CIRCLE('',#7790,0.78);
#2762=CIRCLE('',#7792,0.78);
#2763=CIRCLE('',#7794,0.78);
#2764=CIRCLE('',#7797,0.599999999999999);
#2765=CIRCLE('',#7798,0.600000000000005);
#2766=CIRCLE('',#7800,0.6);
#2767=CIRCLE('',#7801,0.599999999999998);
#2768=CIRCLE('',#7804,0.599999999999987);
#2769=CIRCLE('',#7805,0.600000000000005);
#2770=CIRCLE('',#7806,3.8);
#2771=CIRCLE('',#7810,2.33303027798234);
#2772=CIRCLE('',#7812,2.33303027798234);
#2773=CIRCLE('',#7815,2.33303027798234);
#2774=CIRCLE('',#7823,118.421167811191);
#2775=CIRCLE('',#7827,118.37670936989);
#2776=VERTEX_POINT('',#9896);
#2777=VERTEX_POINT('',#9898);
#2778=VERTEX_POINT('',#9903);
#2779=VERTEX_POINT('',#9905);
#2780=VERTEX_POINT('',#9910);
#2781=VERTEX_POINT('',#9912);
#2782=VERTEX_POINT('',#9917);
#2783=VERTEX_POINT('',#9919);
#2784=VERTEX_POINT('',#9924);
#2785=VERTEX_POINT('',#9926);
#2786=VERTEX_POINT('',#9931);
#2787=VERTEX_POINT('',#9933);
#2788=VERTEX_POINT('',#9938);
#2789=VERTEX_POINT('',#9939);
#2790=VERTEX_POINT('',#9941);
#2791=VERTEX_POINT('',#9943);
#2792=VERTEX_POINT('',#9947);
#2793=VERTEX_POINT('',#9949);
#2794=VERTEX_POINT('',#9953);
#2795=VERTEX_POINT('',#9954);
#2796=VERTEX_POINT('',#9956);
#2797=VERTEX_POINT('',#9959);
#2798=VERTEX_POINT('',#9961);
#2799=VERTEX_POINT('',#9963);
#2800=VERTEX_POINT('',#9965);
#2801=VERTEX_POINT('',#9967);
#2802=VERTEX_POINT('',#9971);
#2803=VERTEX_POINT('',#9973);
#2804=VERTEX_POINT('',#9977);
#2805=VERTEX_POINT('',#9979);
#2806=VERTEX_POINT('',#9983);
#2807=VERTEX_POINT('',#9985);
#2808=VERTEX_POINT('',#9987);
#2809=VERTEX_POINT('',#9989);
#2810=VERTEX_POINT('',#9991);
#2811=VERTEX_POINT('',#9993);
#2812=VERTEX_POINT('',#9995);
#2813=VERTEX_POINT('',#9997);
#2814=VERTEX_POINT('',#9999);
#2815=VERTEX_POINT('',#10001);
#2816=VERTEX_POINT('',#10003);
#2817=VERTEX_POINT('',#10005);
#2818=VERTEX_POINT('',#10007);
#2819=VERTEX_POINT('',#10009);
#2820=VERTEX_POINT('',#10011);
#2821=VERTEX_POINT('',#10013);
#2822=VERTEX_POINT('',#10015);
#2823=VERTEX_POINT('',#10017);
#2824=VERTEX_POINT('',#10019);
#2825=VERTEX_POINT('',#10021);
#2826=VERTEX_POINT('',#10023);
#2827=VERTEX_POINT('',#10025);
#2828=VERTEX_POINT('',#10027);
#2829=VERTEX_POINT('',#10029);
#2830=VERTEX_POINT('',#10031);
#2831=VERTEX_POINT('',#10033);
#2832=VERTEX_POINT('',#10035);
#2833=VERTEX_POINT('',#10037);
#2834=VERTEX_POINT('',#10039);
#2835=VERTEX_POINT('',#10041);
#2836=VERTEX_POINT('',#10043);
#2837=VERTEX_POINT('',#10045);
#2838=VERTEX_POINT('',#10047);
#2839=VERTEX_POINT('',#10049);
#2840=VERTEX_POINT('',#10051);
#2841=VERTEX_POINT('',#10053);
#2842=VERTEX_POINT('',#10055);
#2843=VERTEX_POINT('',#10057);
#2844=VERTEX_POINT('',#10059);
#2845=VERTEX_POINT('',#10061);
#2846=VERTEX_POINT('',#10063);
#2847=VERTEX_POINT('',#10065);
#2848=VERTEX_POINT('',#10067);
#2849=VERTEX_POINT('',#10069);
#2850=VERTEX_POINT('',#10071);
#2851=VERTEX_POINT('',#10073);
#2852=VERTEX_POINT('',#10075);
#2853=VERTEX_POINT('',#10077);
#2854=VERTEX_POINT('',#10079);
#2855=VERTEX_POINT('',#10081);
#2856=VERTEX_POINT('',#10084);
#2857=VERTEX_POINT('',#10085);
#2858=VERTEX_POINT('',#10087);
#2859=VERTEX_POINT('',#10089);
#2860=VERTEX_POINT('',#10091);
#2861=VERTEX_POINT('',#10093);
#2862=VERTEX_POINT('',#10095);
#2863=VERTEX_POINT('',#10097);
#2864=VERTEX_POINT('',#10100);
#2865=VERTEX_POINT('',#10101);
#2866=VERTEX_POINT('',#10103);
#2867=VERTEX_POINT('',#10105);
#2868=VERTEX_POINT('',#10107);
#2869=VERTEX_POINT('',#10109);
#2870=VERTEX_POINT('',#10111);
#2871=VERTEX_POINT('',#10113);
#2872=VERTEX_POINT('',#10116);
#2873=VERTEX_POINT('',#10117);
#2874=VERTEX_POINT('',#10119);
#2875=VERTEX_POINT('',#10121);
#2876=VERTEX_POINT('',#10123);
#2877=VERTEX_POINT('',#10125);
#2878=VERTEX_POINT('',#10127);
#2879=VERTEX_POINT('',#10129);
#2880=VERTEX_POINT('',#10132);
#2881=VERTEX_POINT('',#10133);
#2882=VERTEX_POINT('',#10135);
#2883=VERTEX_POINT('',#10137);
#2884=VERTEX_POINT('',#10139);
#2885=VERTEX_POINT('',#10141);
#2886=VERTEX_POINT('',#10143);
#2887=VERTEX_POINT('',#10145);
#2888=VERTEX_POINT('',#10148);
#2889=VERTEX_POINT('',#10149);
#2890=VERTEX_POINT('',#10151);
#2891=VERTEX_POINT('',#10153);
#2892=VERTEX_POINT('',#10155);
#2893=VERTEX_POINT('',#10157);
#2894=VERTEX_POINT('',#10159);
#2895=VERTEX_POINT('',#10161);
#2896=VERTEX_POINT('',#10164);
#2897=VERTEX_POINT('',#10165);
#2898=VERTEX_POINT('',#10167);
#2899=VERTEX_POINT('',#10169);
#2900=VERTEX_POINT('',#10171);
#2901=VERTEX_POINT('',#10173);
#2902=VERTEX_POINT('',#10175);
#2903=VERTEX_POINT('',#10177);
#2904=VERTEX_POINT('',#10180);
#2905=VERTEX_POINT('',#10181);
#2906=VERTEX_POINT('',#10183);
#2907=VERTEX_POINT('',#10185);
#2908=VERTEX_POINT('',#10187);
#2909=VERTEX_POINT('',#10189);
#2910=VERTEX_POINT('',#10191);
#2911=VERTEX_POINT('',#10193);
#2912=VERTEX_POINT('',#10196);
#2913=VERTEX_POINT('',#10197);
#2914=VERTEX_POINT('',#10199);
#2915=VERTEX_POINT('',#10201);
#2916=VERTEX_POINT('',#10203);
#2917=VERTEX_POINT('',#10205);
#2918=VERTEX_POINT('',#10207);
#2919=VERTEX_POINT('',#10209);
#2920=VERTEX_POINT('',#10212);
#2921=VERTEX_POINT('',#10213);
#2922=VERTEX_POINT('',#10215);
#2923=VERTEX_POINT('',#10217);
#2924=VERTEX_POINT('',#10219);
#2925=VERTEX_POINT('',#10221);
#2926=VERTEX_POINT('',#10223);
#2927=VERTEX_POINT('',#10225);
#2928=VERTEX_POINT('',#10228);
#2929=VERTEX_POINT('',#10229);
#2930=VERTEX_POINT('',#10231);
#2931=VERTEX_POINT('',#10233);
#2932=VERTEX_POINT('',#10235);
#2933=VERTEX_POINT('',#10237);
#2934=VERTEX_POINT('',#10239);
#2935=VERTEX_POINT('',#10241);
#2936=VERTEX_POINT('',#10244);
#2937=VERTEX_POINT('',#10245);
#2938=VERTEX_POINT('',#10247);
#2939=VERTEX_POINT('',#10249);
#2940=VERTEX_POINT('',#10251);
#2941=VERTEX_POINT('',#10253);
#2942=VERTEX_POINT('',#10255);
#2943=VERTEX_POINT('',#10257);
#2944=VERTEX_POINT('',#10260);
#2945=VERTEX_POINT('',#10261);
#2946=VERTEX_POINT('',#10263);
#2947=VERTEX_POINT('',#10265);
#2948=VERTEX_POINT('',#10267);
#2949=VERTEX_POINT('',#10269);
#2950=VERTEX_POINT('',#10271);
#2951=VERTEX_POINT('',#10273);
#2952=VERTEX_POINT('',#10276);
#2953=VERTEX_POINT('',#10277);
#2954=VERTEX_POINT('',#10279);
#2955=VERTEX_POINT('',#10281);
#2956=VERTEX_POINT('',#10283);
#2957=VERTEX_POINT('',#10285);
#2958=VERTEX_POINT('',#10287);
#2959=VERTEX_POINT('',#10289);
#2960=VERTEX_POINT('',#10292);
#2961=VERTEX_POINT('',#10294);
#2962=VERTEX_POINT('',#10295);
#2963=VERTEX_POINT('',#10297);
#2964=VERTEX_POINT('',#10299);
#2965=VERTEX_POINT('',#10301);
#2966=VERTEX_POINT('',#10303);
#2967=VERTEX_POINT('',#10305);
#2968=VERTEX_POINT('',#10307);
#2969=VERTEX_POINT('',#10310);
#2970=VERTEX_POINT('',#10311);
#2971=VERTEX_POINT('',#10313);
#2972=VERTEX_POINT('',#10315);
#2973=VERTEX_POINT('',#10317);
#2974=VERTEX_POINT('',#10319);
#2975=VERTEX_POINT('',#10321);
#2976=VERTEX_POINT('',#10323);
#2977=VERTEX_POINT('',#10326);
#2978=VERTEX_POINT('',#10327);
#2979=VERTEX_POINT('',#10329);
#2980=VERTEX_POINT('',#10331);
#2981=VERTEX_POINT('',#10333);
#2982=VERTEX_POINT('',#10335);
#2983=VERTEX_POINT('',#10337);
#2984=VERTEX_POINT('',#10339);
#2985=VERTEX_POINT('',#10342);
#2986=VERTEX_POINT('',#10343);
#2987=VERTEX_POINT('',#10345);
#2988=VERTEX_POINT('',#10347);
#2989=VERTEX_POINT('',#10349);
#2990=VERTEX_POINT('',#10351);
#2991=VERTEX_POINT('',#10353);
#2992=VERTEX_POINT('',#10355);
#2993=VERTEX_POINT('',#10358);
#2994=VERTEX_POINT('',#10359);
#2995=VERTEX_POINT('',#10361);
#2996=VERTEX_POINT('',#10363);
#2997=VERTEX_POINT('',#10365);
#2998=VERTEX_POINT('',#10367);
#2999=VERTEX_POINT('',#10369);
#3000=VERTEX_POINT('',#10371);
#3001=VERTEX_POINT('',#10374);
#3002=VERTEX_POINT('',#10377);
#3003=VERTEX_POINT('',#10379);
#3004=VERTEX_POINT('',#10383);
#3005=VERTEX_POINT('',#10385);
#3006=VERTEX_POINT('',#10389);
#3007=VERTEX_POINT('',#10390);
#3008=VERTEX_POINT('',#10392);
#3009=VERTEX_POINT('',#10394);
#3010=VERTEX_POINT('',#10398);
#3011=VERTEX_POINT('',#10400);
#3012=VERTEX_POINT('',#10404);
#3013=VERTEX_POINT('',#10406);
#3014=VERTEX_POINT('',#10410);
#3015=VERTEX_POINT('',#10412);
#3016=VERTEX_POINT('',#10414);
#3017=VERTEX_POINT('',#10416);
#3018=VERTEX_POINT('',#10420);
#3019=VERTEX_POINT('',#10421);
#3020=VERTEX_POINT('',#10423);
#3021=VERTEX_POINT('',#10425);
#3022=VERTEX_POINT('',#10431);
#3023=VERTEX_POINT('',#10432);
#3024=VERTEX_POINT('',#10434);
#3025=VERTEX_POINT('',#10436);
#3026=VERTEX_POINT('',#10438);
#3027=VERTEX_POINT('',#10440);
#3028=VERTEX_POINT('',#10453);
#3029=VERTEX_POINT('',#10455);
#3030=VERTEX_POINT('',#10457);
#3031=VERTEX_POINT('',#10459);
#3032=VERTEX_POINT('',#10461);
#3033=VERTEX_POINT('',#10466);
#3034=VERTEX_POINT('',#10467);
#3035=VERTEX_POINT('',#10469);
#3036=VERTEX_POINT('',#10471);
#3037=VERTEX_POINT('',#10475);
#3038=VERTEX_POINT('',#10477);
#3039=VERTEX_POINT('',#10481);
#3040=VERTEX_POINT('',#10484);
#3041=VERTEX_POINT('',#10486);
#3042=VERTEX_POINT('',#10488);
#3043=VERTEX_POINT('',#10490);
#3044=VERTEX_POINT('',#10523);
#3045=VERTEX_POINT('',#10525);
#3046=VERTEX_POINT('',#10531);
#3047=VERTEX_POINT('',#10535);
#3048=VERTEX_POINT('',#10537);
#3049=VERTEX_POINT('',#10539);
#3050=VERTEX_POINT('',#10545);
#3051=VERTEX_POINT('',#10549);
#3052=VERTEX_POINT('',#10551);
#3053=VERTEX_POINT('',#10553);
#3054=VERTEX_POINT('',#10555);
#3055=VERTEX_POINT('',#10559);
#3056=VERTEX_POINT('',#10561);
#3057=VERTEX_POINT('',#10563);
#3058=VERTEX_POINT('',#10565);
#3059=VERTEX_POINT('',#10567);
#3060=VERTEX_POINT('',#10569);
#3061=VERTEX_POINT('',#10571);
#3062=VERTEX_POINT('',#10573);
#3063=VERTEX_POINT('',#10575);
#3064=VERTEX_POINT('',#10577);
#3065=VERTEX_POINT('',#10579);
#3066=VERTEX_POINT('',#10581);
#3067=VERTEX_POINT('',#10583);
#3068=VERTEX_POINT('',#10585);
#3069=VERTEX_POINT('',#10587);
#3070=VERTEX_POINT('',#10589);
#3071=VERTEX_POINT('',#10591);
#3072=VERTEX_POINT('',#10593);
#3073=VERTEX_POINT('',#10595);
#3074=VERTEX_POINT('',#10597);
#3075=VERTEX_POINT('',#10599);
#3076=VERTEX_POINT('',#10601);
#3077=VERTEX_POINT('',#10603);
#3078=VERTEX_POINT('',#10605);
#3079=VERTEX_POINT('',#10608);
#3080=VERTEX_POINT('',#10610);
#3081=VERTEX_POINT('',#10612);
#3082=VERTEX_POINT('',#10614);
#3083=VERTEX_POINT('',#10616);
#3084=VERTEX_POINT('',#10618);
#3085=VERTEX_POINT('',#10620);
#3086=VERTEX_POINT('',#10622);
#3087=VERTEX_POINT('',#10624);
#3088=VERTEX_POINT('',#10626);
#3089=VERTEX_POINT('',#10628);
#3090=VERTEX_POINT('',#10630);
#3091=VERTEX_POINT('',#10632);
#3092=VERTEX_POINT('',#10634);
#3093=VERTEX_POINT('',#10636);
#3094=VERTEX_POINT('',#10638);
#3095=VERTEX_POINT('',#10640);
#3096=VERTEX_POINT('',#10642);
#3097=VERTEX_POINT('',#10644);
#3098=VERTEX_POINT('',#10653);
#3099=VERTEX_POINT('',#10655);
#3100=VERTEX_POINT('',#10659);
#3101=VERTEX_POINT('',#10661);
#3102=VERTEX_POINT('',#10665);
#3103=VERTEX_POINT('',#10667);
#3104=VERTEX_POINT('',#10673);
#3105=VERTEX_POINT('',#10675);
#3106=VERTEX_POINT('',#10679);
#3107=VERTEX_POINT('',#10681);
#3108=VERTEX_POINT('',#10685);
#3109=VERTEX_POINT('',#10687);
#3110=VERTEX_POINT('',#10692);
#3111=VERTEX_POINT('',#10697);
#3112=VERTEX_POINT('',#10698);
#3113=VERTEX_POINT('',#10700);
#3114=VERTEX_POINT('',#10702);
#3115=VERTEX_POINT('',#10721);
#3116=VERTEX_POINT('',#10725);
#3117=VERTEX_POINT('',#10726);
#3118=VERTEX_POINT('',#10728);
#3119=VERTEX_POINT('',#10732);
#3120=VERTEX_POINT('',#10734);
#3121=VERTEX_POINT('',#10738);
#3122=VERTEX_POINT('',#10742);
#3123=VERTEX_POINT('',#10746);
#3124=VERTEX_POINT('',#10750);
#3125=VERTEX_POINT('',#10754);
#3126=VERTEX_POINT('',#10758);
#3127=VERTEX_POINT('',#10764);
#3128=VERTEX_POINT('',#10766);
#3129=VERTEX_POINT('',#10770);
#3130=VERTEX_POINT('',#10774);
#3131=VERTEX_POINT('',#10778);
#3132=VERTEX_POINT('',#10782);
#3133=VERTEX_POINT('',#10786);
#3134=VERTEX_POINT('',#10790);
#3135=VERTEX_POINT('',#10796);
#3136=VERTEX_POINT('',#10798);
#3137=VERTEX_POINT('',#10802);
#3138=VERTEX_POINT('',#10806);
#3139=VERTEX_POINT('',#10810);
#3140=VERTEX_POINT('',#10814);
#3141=VERTEX_POINT('',#10818);
#3142=VERTEX_POINT('',#10822);
#3143=VERTEX_POINT('',#10828);
#3144=VERTEX_POINT('',#10830);
#3145=VERTEX_POINT('',#10834);
#3146=VERTEX_POINT('',#10838);
#3147=VERTEX_POINT('',#10842);
#3148=VERTEX_POINT('',#10846);
#3149=VERTEX_POINT('',#10850);
#3150=VERTEX_POINT('',#10854);
#3151=VERTEX_POINT('',#10860);
#3152=VERTEX_POINT('',#10862);
#3153=VERTEX_POINT('',#10866);
#3154=VERTEX_POINT('',#10870);
#3155=VERTEX_POINT('',#10872);
#3156=VERTEX_POINT('',#10876);
#3157=VERTEX_POINT('',#10880);
#3158=VERTEX_POINT('',#10882);
#3159=VERTEX_POINT('',#10886);
#3160=VERTEX_POINT('',#10890);
#3161=VERTEX_POINT('',#10894);
#3162=VERTEX_POINT('',#10898);
#3163=VERTEX_POINT('',#10902);
#3164=VERTEX_POINT('',#10906);
#3165=VERTEX_POINT('',#10912);
#3166=VERTEX_POINT('',#10914);
#3167=VERTEX_POINT('',#10918);
#3168=VERTEX_POINT('',#10922);
#3169=VERTEX_POINT('',#10926);
#3170=VERTEX_POINT('',#10930);
#3171=VERTEX_POINT('',#10934);
#3172=VERTEX_POINT('',#10938);
#3173=VERTEX_POINT('',#10944);
#3174=VERTEX_POINT('',#10946);
#3175=VERTEX_POINT('',#10950);
#3176=VERTEX_POINT('',#10954);
#3177=VERTEX_POINT('',#10958);
#3178=VERTEX_POINT('',#10962);
#3179=VERTEX_POINT('',#10966);
#3180=VERTEX_POINT('',#10970);
#3181=VERTEX_POINT('',#10976);
#3182=VERTEX_POINT('',#10978);
#3183=VERTEX_POINT('',#10982);
#3184=VERTEX_POINT('',#10986);
#3185=VERTEX_POINT('',#10990);
#3186=VERTEX_POINT('',#10994);
#3187=VERTEX_POINT('',#10998);
#3188=VERTEX_POINT('',#11002);
#3189=VERTEX_POINT('',#11008);
#3190=VERTEX_POINT('',#11010);
#3191=VERTEX_POINT('',#11014);
#3192=VERTEX_POINT('',#11018);
#3193=VERTEX_POINT('',#11022);
#3194=VERTEX_POINT('',#11026);
#3195=VERTEX_POINT('',#11030);
#3196=VERTEX_POINT('',#11034);
#3197=VERTEX_POINT('',#11040);
#3198=VERTEX_POINT('',#11042);
#3199=VERTEX_POINT('',#11046);
#3200=VERTEX_POINT('',#11050);
#3201=VERTEX_POINT('',#11054);
#3202=VERTEX_POINT('',#11058);
#3203=VERTEX_POINT('',#11062);
#3204=VERTEX_POINT('',#11066);
#3205=VERTEX_POINT('',#11072);
#3206=VERTEX_POINT('',#11074);
#3207=VERTEX_POINT('',#11078);
#3208=VERTEX_POINT('',#11082);
#3209=VERTEX_POINT('',#11086);
#3210=VERTEX_POINT('',#11088);
#3211=VERTEX_POINT('',#11092);
#3212=VERTEX_POINT('',#11096);
#3213=VERTEX_POINT('',#11102);
#3214=VERTEX_POINT('',#11104);
#3215=VERTEX_POINT('',#11108);
#3216=VERTEX_POINT('',#11112);
#3217=VERTEX_POINT('',#11116);
#3218=VERTEX_POINT('',#11120);
#3219=VERTEX_POINT('',#11122);
#3220=VERTEX_POINT('',#11126);
#3221=VERTEX_POINT('',#11130);
#3222=VERTEX_POINT('',#11134);
#3223=VERTEX_POINT('',#11136);
#3224=VERTEX_POINT('',#11142);
#3225=VERTEX_POINT('',#11144);
#3226=VERTEX_POINT('',#11148);
#3227=VERTEX_POINT('',#11152);
#3228=VERTEX_POINT('',#11156);
#3229=VERTEX_POINT('',#11160);
#3230=VERTEX_POINT('',#11164);
#3231=VERTEX_POINT('',#11168);
#3232=VERTEX_POINT('',#11174);
#3233=VERTEX_POINT('',#11176);
#3234=VERTEX_POINT('',#11180);
#3235=VERTEX_POINT('',#11184);
#3236=VERTEX_POINT('',#11188);
#3237=VERTEX_POINT('',#11192);
#3238=VERTEX_POINT('',#11196);
#3239=VERTEX_POINT('',#11200);
#3240=VERTEX_POINT('',#11206);
#3241=VERTEX_POINT('',#11208);
#3242=VERTEX_POINT('',#11212);
#3243=VERTEX_POINT('',#11216);
#3244=VERTEX_POINT('',#11220);
#3245=VERTEX_POINT('',#11224);
#3246=VERTEX_POINT('',#11228);
#3247=VERTEX_POINT('',#11232);
#3248=VERTEX_POINT('',#11238);
#3249=VERTEX_POINT('',#11239);
#3250=VERTEX_POINT('',#11241);
#3251=VERTEX_POINT('',#11243);
#3252=VERTEX_POINT('',#11250);
#3253=VERTEX_POINT('',#11252);
#3254=VERTEX_POINT('',#11254);
#3255=VERTEX_POINT('',#11256);
#3256=VERTEX_POINT('',#11258);
#3257=VERTEX_POINT('',#11260);
#3258=VERTEX_POINT('',#11262);
#3259=VERTEX_POINT('',#11264);
#3260=VERTEX_POINT('',#11266);
#3261=VERTEX_POINT('',#11270);
#3262=VERTEX_POINT('',#11275);
#3263=VERTEX_POINT('',#11277);
#3264=VERTEX_POINT('',#11281);
#3265=VERTEX_POINT('',#11311);
#3266=VERTEX_POINT('',#11315);
#3267=VERTEX_POINT('',#11316);
#3268=VERTEX_POINT('',#11321);
#3269=VERTEX_POINT('',#11322);
#3270=VERTEX_POINT('',#11327);
#3271=VERTEX_POINT('',#11333);
#3272=VERTEX_POINT('',#11337);
#3273=VERTEX_POINT('',#11341);
#3274=VERTEX_POINT('',#11342);
#3275=VERTEX_POINT('',#11344);
#3276=VERTEX_POINT('',#11346);
#3277=VERTEX_POINT('',#11348);
#3278=VERTEX_POINT('',#11352);
#3279=VERTEX_POINT('',#11353);
#3280=VERTEX_POINT('',#11358);
#3281=VERTEX_POINT('',#11362);
#3282=VERTEX_POINT('',#11366);
#3283=VERTEX_POINT('',#11424);
#3284=VERTEX_POINT('',#11425);
#3285=VERTEX_POINT('',#11427);
#3286=VERTEX_POINT('',#11429);
#3287=VERTEX_POINT('',#11433);
#3288=VERTEX_POINT('',#11435);
#3289=VERTEX_POINT('',#11439);
#3290=VERTEX_POINT('',#11441);
#3291=VERTEX_POINT('',#11445);
#3292=VERTEX_POINT('',#11447);
#3293=VERTEX_POINT('',#11451);
#3294=VERTEX_POINT('',#11453);
#3295=VERTEX_POINT('',#11460);
#3296=VERTEX_POINT('',#11461);
#3297=VERTEX_POINT('',#11466);
#3298=VERTEX_POINT('',#11524);
#3299=VERTEX_POINT('',#11528);
#3300=VERTEX_POINT('',#11532);
#3301=VERTEX_POINT('',#11538);
#3302=VERTEX_POINT('',#11542);
#3303=VERTEX_POINT('',#11543);
#3304=VERTEX_POINT('',#11545);
#3305=VERTEX_POINT('',#11552);
#3306=VERTEX_POINT('',#11581);
#3307=VERTEX_POINT('',#11583);
#3308=VERTEX_POINT('',#11587);
#3309=VERTEX_POINT('',#11588);
#3310=VERTEX_POINT('',#11617);
#3311=VERTEX_POINT('',#11627);
#3312=VERTEX_POINT('',#11629);
#3313=VERTEX_POINT('',#11636);
#3314=VERTEX_POINT('',#11645);
#3315=VERTEX_POINT('',#11649);
#3316=VERTEX_POINT('',#11656);
#3317=VERTEX_POINT('',#11665);
#3318=VERTEX_POINT('',#11669);
#3319=VERTEX_POINT('',#11673);
#3320=VERTEX_POINT('',#11677);
#3321=VERTEX_POINT('',#11681);
#3322=VERTEX_POINT('',#11685);
#3323=VERTEX_POINT('',#11689);
#3324=VERTEX_POINT('',#11735);
#3325=VERTEX_POINT('',#11739);
#3326=VERTEX_POINT('',#11743);
#3327=VERTEX_POINT('',#11776);
#3328=VERTEX_POINT('',#11780);
#3329=VERTEX_POINT('',#11811);
#3330=VERTEX_POINT('',#11816);
#3331=VERTEX_POINT('',#11820);
#3332=VERTEX_POINT('',#11824);
#3333=VERTEX_POINT('',#11828);
#3334=VERTEX_POINT('',#11832);
#3335=VERTEX_POINT('',#11836);
#3336=VERTEX_POINT('',#11877);
#3337=VERTEX_POINT('',#11881);
#3338=VERTEX_POINT('',#11909);
#3339=VERTEX_POINT('',#11937);
#3340=VERTEX_POINT('',#11941);
#3341=VERTEX_POINT('',#11969);
#3342=VERTEX_POINT('',#11997);
#3343=VERTEX_POINT('',#12001);
#3344=VERTEX_POINT('',#12005);
#3345=VERTEX_POINT('',#12041);
#3346=VERTEX_POINT('',#12064);
#3347=VERTEX_POINT('',#12096);
#3348=VERTEX_POINT('',#12098);
#3349=VERTEX_POINT('',#12126);
#3350=VERTEX_POINT('',#12130);
#3351=VERTEX_POINT('',#12153);
#3352=VERTEX_POINT('',#12157);
#3353=VERTEX_POINT('',#12166);
#3354=VERTEX_POINT('',#12194);
#3355=VERTEX_POINT('',#12198);
#3356=VERTEX_POINT('',#12226);
#3357=VERTEX_POINT('',#12230);
#3358=VERTEX_POINT('',#12258);
#3359=VERTEX_POINT('',#12288);
#3360=VERTEX_POINT('',#12319);
#3361=VERTEX_POINT('',#12320);
#3362=VERTEX_POINT('',#12323);
#3363=VERTEX_POINT('',#12325);
#3364=VERTEX_POINT('',#12329);
#3365=VERTEX_POINT('',#12330);
#3366=VERTEX_POINT('',#12332);
#3367=VERTEX_POINT('',#12334);
#3368=VERTEX_POINT('',#12356);
#3369=VERTEX_POINT('',#12358);
#3370=VERTEX_POINT('',#12365);
#3371=VERTEX_POINT('',#12369);
#3372=VERTEX_POINT('',#12390);
#3373=VERTEX_POINT('',#12421);
#3374=VERTEX_POINT('',#12433);
#3375=VERTEX_POINT('',#12478);
#3376=VERTEX_POINT('',#12479);
#3377=VERTEX_POINT('',#12486);
#3378=VERTEX_POINT('',#12493);
#3379=VERTEX_POINT('',#12495);
#3380=VERTEX_POINT('',#12502);
#3381=VERTEX_POINT('',#12509);
#3382=VERTEX_POINT('',#12511);
#3383=VERTEX_POINT('',#12518);
#3384=VERTEX_POINT('',#12528);
#3385=VERTEX_POINT('',#12530);
#3386=VERTEX_POINT('',#12552);
#3387=VERTEX_POINT('',#12556);
#3388=VERTEX_POINT('',#12620);
#3389=VERTEX_POINT('',#12625);
#3390=VERTEX_POINT('',#12629);
#3391=VERTEX_POINT('',#12635);
#3392=VERTEX_POINT('',#12637);
#3393=VERTEX_POINT('',#12641);
#3394=VERTEX_POINT('',#12645);
#3395=VERTEX_POINT('',#12649);
#3396=VERTEX_POINT('',#12653);
#3397=VERTEX_POINT('',#12659);
#3398=VERTEX_POINT('',#12663);
#3399=VERTEX_POINT('',#12670);
#3400=VERTEX_POINT('',#12674);
#3401=VERTEX_POINT('',#12676);
#3402=VERTEX_POINT('',#12680);
#3403=VERTEX_POINT('',#12686);
#3404=VERTEX_POINT('',#12690);
#3405=VERTEX_POINT('',#12694);
#3406=VERTEX_POINT('',#12700);
#3407=VERTEX_POINT('',#12702);
#3408=VERTEX_POINT('',#12707);
#3409=VERTEX_POINT('',#12711);
#3410=VERTEX_POINT('',#12715);
#3411=VERTEX_POINT('',#12719);
#3412=VERTEX_POINT('',#12723);
#3413=VERTEX_POINT('',#12727);
#3414=VERTEX_POINT('',#12735);
#3415=VERTEX_POINT('',#12739);
#3416=VERTEX_POINT('',#12745);
#3417=VERTEX_POINT('',#12747);
#3418=VERTEX_POINT('',#12751);
#3419=VERTEX_POINT('',#12755);
#3420=VERTEX_POINT('',#12761);
#3421=VERTEX_POINT('',#12781);
#3422=VERTEX_POINT('',#12783);
#3423=VERTEX_POINT('',#12787);
#3424=VERTEX_POINT('',#12788);
#3425=VERTEX_POINT('',#12790);
#3426=VERTEX_POINT('',#12792);
#3427=VERTEX_POINT('',#12796);
#3428=VERTEX_POINT('',#12797);
#3429=VERTEX_POINT('',#12799);
#3430=VERTEX_POINT('',#12801);
#3431=VERTEX_POINT('',#12808);
#3432=VERTEX_POINT('',#12812);
#3433=VERTEX_POINT('',#12813);
#3434=VERTEX_POINT('',#12816);
#3435=VERTEX_POINT('',#12822);
#3436=VERTEX_POINT('',#12849);
#3437=VERTEX_POINT('',#12856);
#3438=VERTEX_POINT('',#12874);
#3439=VERTEX_POINT('',#12905);
#3440=VERTEX_POINT('',#12960);
#3441=VERTEX_POINT('',#12965);
#3442=VERTEX_POINT('',#12967);
#3443=VERTEX_POINT('',#13005);
#3444=VERTEX_POINT('',#13007);
#3445=VERTEX_POINT('',#13013);
#3446=VERTEX_POINT('',#13017);
#3447=EDGE_CURVE('',#2776,#2776,#2519,.T.);
#3448=EDGE_CURVE('',#2776,#2777,#1231,.T.);
#3449=EDGE_CURVE('',#2777,#2777,#2520,.T.);
#3450=EDGE_CURVE('',#2778,#2778,#2521,.T.);
#3451=EDGE_CURVE('',#2778,#2779,#1232,.T.);
#3452=EDGE_CURVE('',#2779,#2779,#2522,.T.);
#3453=EDGE_CURVE('',#2780,#2780,#2523,.T.);
#3454=EDGE_CURVE('',#2780,#2781,#1233,.T.);
#3455=EDGE_CURVE('',#2781,#2781,#2524,.T.);
#3456=EDGE_CURVE('',#2782,#2782,#2525,.T.);
#3457=EDGE_CURVE('',#2782,#2783,#1234,.T.);
#3458=EDGE_CURVE('',#2783,#2783,#2526,.T.);
#3459=EDGE_CURVE('',#2784,#2784,#2527,.T.);
#3460=EDGE_CURVE('',#2784,#2785,#1235,.T.);
#3461=EDGE_CURVE('',#2785,#2785,#2528,.T.);
#3462=EDGE_CURVE('',#2786,#2786,#2529,.T.);
#3463=EDGE_CURVE('',#2786,#2787,#1236,.T.);
#3464=EDGE_CURVE('',#2787,#2787,#2530,.T.);
#3465=EDGE_CURVE('',#2788,#2789,#2531,.F.);
#3466=EDGE_CURVE('',#2789,#2790,#1237,.T.);
#3467=EDGE_CURVE('',#2790,#2791,#2532,.T.);
#3468=EDGE_CURVE('',#2791,#2788,#1238,.T.);
#3469=EDGE_CURVE('',#2792,#2788,#1239,.T.);
#3470=EDGE_CURVE('',#2791,#2793,#1240,.T.);
#3471=EDGE_CURVE('',#2793,#2792,#1241,.T.);
#3472=EDGE_CURVE('',#2794,#2795,#2533,.T.);
#3473=EDGE_CURVE('',#2795,#2796,#1242,.T.);
#3474=EDGE_CURVE('',#2796,#2796,#2534,.F.);
#3475=EDGE_CURVE('',#2795,#2797,#2535,.T.);
#3476=EDGE_CURVE('',#2797,#2798,#1243,.T.);
#3477=EDGE_CURVE('',#2798,#2799,#2536,.T.);
#3478=EDGE_CURVE('',#2800,#2799,#1244,.T.);
#3479=EDGE_CURVE('',#2801,#2800,#2537,.T.);
#3480=EDGE_CURVE('',#2794,#2801,#1245,.T.);
#3481=EDGE_CURVE('',#2802,#2794,#1246,.T.);
#3482=EDGE_CURVE('',#2801,#2803,#1247,.T.);
#3483=EDGE_CURVE('',#2803,#2802,#1248,.T.);
#3484=EDGE_CURVE('',#2803,#2804,#1249,.T.);
#3485=EDGE_CURVE('',#2804,#2805,#1250,.F.);
#3486=EDGE_CURVE('',#2802,#2805,#1251,.T.);
#3487=EDGE_CURVE('',#2805,#2806,#1252,.T.);
#3488=EDGE_CURVE('',#2806,#2807,#2538,.T.);
#3489=EDGE_CURVE('',#2807,#2808,#1253,.T.);
#3490=EDGE_CURVE('',#2808,#2809,#1254,.T.);
#3491=EDGE_CURVE('',#2809,#2810,#2539,.T.);
#3492=EDGE_CURVE('',#2810,#2811,#1255,.T.);
#3493=EDGE_CURVE('',#2811,#2812,#2540,.T.);
#3494=EDGE_CURVE('',#2812,#2813,#1256,.T.);
#3495=EDGE_CURVE('',#2813,#2814,#2541,.T.);
#3496=EDGE_CURVE('',#2814,#2815,#1257,.T.);
#3497=EDGE_CURVE('',#2815,#2816,#2542,.T.);
#3498=EDGE_CURVE('',#2816,#2817,#1258,.T.);
#3499=EDGE_CURVE('',#2817,#2818,#2543,.T.);
#3500=EDGE_CURVE('',#2818,#2819,#1259,.T.);
#3501=EDGE_CURVE('',#2819,#2820,#2544,.T.);
#3502=EDGE_CURVE('',#2820,#2821,#1260,.T.);
#3503=EDGE_CURVE('',#2821,#2822,#2545,.T.);
#3504=EDGE_CURVE('',#2822,#2823,#1261,.T.);
#3505=EDGE_CURVE('',#2823,#2824,#2546,.T.);
#3506=EDGE_CURVE('',#2824,#2825,#1262,.T.);
#3507=EDGE_CURVE('',#2826,#2825,#2547,.T.);
#3508=EDGE_CURVE('',#2827,#2826,#1263,.T.);
#3509=EDGE_CURVE('',#2828,#2827,#2548,.T.);
#3510=EDGE_CURVE('',#2829,#2828,#1264,.T.);
#3511=EDGE_CURVE('',#2830,#2829,#1265,.T.);
#3512=EDGE_CURVE('',#2831,#2830,#1266,.T.);
#3513=EDGE_CURVE('',#2832,#2831,#1267,.T.);
#3514=EDGE_CURVE('',#2833,#2832,#1268,.T.);
#3515=EDGE_CURVE('',#2834,#2833,#1269,.T.);
#3516=EDGE_CURVE('',#2834,#2835,#2549,.T.);
#3517=EDGE_CURVE('',#2836,#2835,#1270,.T.);
#3518=EDGE_CURVE('',#2836,#2837,#2550,.T.);
#3519=EDGE_CURVE('',#2837,#2838,#2551,.T.);
#3520=EDGE_CURVE('',#2838,#2839,#1271,.T.);
#3521=EDGE_CURVE('',#2839,#2840,#2552,.T.);
#3522=EDGE_CURVE('',#2840,#2841,#1272,.T.);
#3523=EDGE_CURVE('',#2841,#2842,#2553,.T.);
#3524=EDGE_CURVE('',#2842,#2843,#1273,.T.);
#3525=EDGE_CURVE('',#2843,#2844,#2554,.T.);
#3526=EDGE_CURVE('',#2844,#2845,#1274,.T.);
#3527=EDGE_CURVE('',#2845,#2846,#1275,.T.);
#3528=EDGE_CURVE('',#2846,#2847,#1276,.T.);
#3529=EDGE_CURVE('',#2847,#2848,#1277,.T.);
#3530=EDGE_CURVE('',#2848,#2849,#1278,.T.);
#3531=EDGE_CURVE('',#2849,#2850,#1279,.T.);
#3532=EDGE_CURVE('',#2850,#2851,#1280,.T.);
#3533=EDGE_CURVE('',#2852,#2851,#1281,.T.);
#3534=EDGE_CURVE('',#2852,#2853,#2555,.F.);
#3535=EDGE_CURVE('',#2853,#2854,#2556,.F.);
#3536=EDGE_CURVE('',#2854,#2855,#1282,.T.);
#3537=EDGE_CURVE('',#2855,#2797,#1283,.T.);
#3538=EDGE_CURVE('',#2856,#2857,#2557,.T.);
#3539=EDGE_CURVE('',#2858,#2857,#1284,.T.);
#3540=EDGE_CURVE('',#2858,#2859,#2558,.T.);
#3541=EDGE_CURVE('',#2859,#2860,#1285,.T.);
#3542=EDGE_CURVE('',#2860,#2861,#2559,.T.);
#3543=EDGE_CURVE('',#2861,#2862,#1286,.T.);
#3544=EDGE_CURVE('',#2862,#2863,#2560,.T.);
#3545=EDGE_CURVE('',#2863,#2856,#1287,.T.);
#3546=EDGE_CURVE('',#2864,#2865,#2561,.T.);
#3547=EDGE_CURVE('',#2865,#2866,#1288,.T.);
#3548=EDGE_CURVE('',#2866,#2867,#2562,.T.);
#3549=EDGE_CURVE('',#2867,#2868,#1289,.T.);
#3550=EDGE_CURVE('',#2868,#2869,#2563,.T.);
#3551=EDGE_CURVE('',#2869,#2870,#1290,.T.);
#3552=EDGE_CURVE('',#2870,#2871,#2564,.T.);
#3553=EDGE_CURVE('',#2871,#2864,#1291,.T.);
#3554=EDGE_CURVE('',#2872,#2873,#2565,.T.);
#3555=EDGE_CURVE('',#2873,#2874,#1292,.T.);
#3556=EDGE_CURVE('',#2874,#2875,#2566,.T.);
#3557=EDGE_CURVE('',#2875,#2876,#1293,.T.);
#3558=EDGE_CURVE('',#2876,#2877,#2567,.T.);
#3559=EDGE_CURVE('',#2877,#2878,#1294,.T.);
#3560=EDGE_CURVE('',#2878,#2879,#2568,.T.);
#3561=EDGE_CURVE('',#2879,#2872,#1295,.T.);
#3562=EDGE_CURVE('',#2880,#2881,#2569,.T.);
#3563=EDGE_CURVE('',#2881,#2882,#1296,.T.);
#3564=EDGE_CURVE('',#2882,#2883,#2570,.T.);
#3565=EDGE_CURVE('',#2883,#2884,#1297,.T.);
#3566=EDGE_CURVE('',#2884,#2885,#2571,.T.);
#3567=EDGE_CURVE('',#2885,#2886,#1298,.T.);
#3568=EDGE_CURVE('',#2886,#2887,#2572,.T.);
#3569=EDGE_CURVE('',#2887,#2880,#1299,.T.);
#3570=EDGE_CURVE('',#2888,#2889,#1300,.T.);
#3571=EDGE_CURVE('',#2889,#2890,#2573,.T.);
#3572=EDGE_CURVE('',#2890,#2891,#1301,.T.);
#3573=EDGE_CURVE('',#2891,#2892,#2574,.T.);
#3574=EDGE_CURVE('',#2892,#2893,#1302,.T.);
#3575=EDGE_CURVE('',#2893,#2894,#2575,.T.);
#3576=EDGE_CURVE('',#2894,#2895,#1303,.T.);
#3577=EDGE_CURVE('',#2895,#2888,#2576,.T.);
#3578=EDGE_CURVE('',#2896,#2897,#2577,.T.);
#3579=EDGE_CURVE('',#2897,#2898,#1304,.T.);
#3580=EDGE_CURVE('',#2898,#2899,#2578,.T.);
#3581=EDGE_CURVE('',#2899,#2900,#1305,.T.);
#3582=EDGE_CURVE('',#2900,#2901,#2579,.T.);
#3583=EDGE_CURVE('',#2901,#2902,#1306,.T.);
#3584=EDGE_CURVE('',#2902,#2903,#2580,.T.);
#3585=EDGE_CURVE('',#2903,#2896,#1307,.T.);
#3586=EDGE_CURVE('',#2904,#2905,#2581,.T.);
#3587=EDGE_CURVE('',#2905,#2906,#1308,.T.);
#3588=EDGE_CURVE('',#2906,#2907,#2582,.T.);
#3589=EDGE_CURVE('',#2907,#2908,#1309,.T.);
#3590=EDGE_CURVE('',#2908,#2909,#2583,.T.);
#3591=EDGE_CURVE('',#2909,#2910,#1310,.T.);
#3592=EDGE_CURVE('',#2910,#2911,#2584,.T.);
#3593=EDGE_CURVE('',#2911,#2904,#1311,.T.);
#3594=EDGE_CURVE('',#2912,#2913,#2585,.T.);
#3595=EDGE_CURVE('',#2913,#2914,#1312,.T.);
#3596=EDGE_CURVE('',#2914,#2915,#2586,.T.);
#3597=EDGE_CURVE('',#2915,#2916,#1313,.T.);
#3598=EDGE_CURVE('',#2916,#2917,#2587,.T.);
#3599=EDGE_CURVE('',#2917,#2918,#1314,.T.);
#3600=EDGE_CURVE('',#2918,#2919,#2588,.T.);
#3601=EDGE_CURVE('',#2919,#2912,#1315,.T.);
#3602=EDGE_CURVE('',#2920,#2921,#2589,.T.);
#3603=EDGE_CURVE('',#2921,#2922,#1316,.T.);
#3604=EDGE_CURVE('',#2922,#2923,#2590,.T.);
#3605=EDGE_CURVE('',#2923,#2924,#1317,.T.);
#3606=EDGE_CURVE('',#2924,#2925,#2591,.T.);
#3607=EDGE_CURVE('',#2925,#2926,#1318,.T.);
#3608=EDGE_CURVE('',#2926,#2927,#2592,.T.);
#3609=EDGE_CURVE('',#2927,#2920,#1319,.T.);
#3610=EDGE_CURVE('',#2928,#2929,#2593,.T.);
#3611=EDGE_CURVE('',#2929,#2930,#1320,.T.);
#3612=EDGE_CURVE('',#2930,#2931,#2594,.T.);
#3613=EDGE_CURVE('',#2931,#2932,#1321,.T.);
#3614=EDGE_CURVE('',#2932,#2933,#2595,.T.);
#3615=EDGE_CURVE('',#2933,#2934,#1322,.T.);
#3616=EDGE_CURVE('',#2934,#2935,#2596,.T.);
#3617=EDGE_CURVE('',#2935,#2928,#1323,.T.);
#3618=EDGE_CURVE('',#2936,#2937,#2597,.T.);
#3619=EDGE_CURVE('',#2937,#2938,#1324,.T.);
#3620=EDGE_CURVE('',#2938,#2939,#2598,.T.);
#3621=EDGE_CURVE('',#2939,#2940,#1325,.T.);
#3622=EDGE_CURVE('',#2940,#2941,#2599,.T.);
#3623=EDGE_CURVE('',#2941,#2942,#1326,.T.);
#3624=EDGE_CURVE('',#2942,#2943,#2600,.T.);
#3625=EDGE_CURVE('',#2943,#2936,#1327,.T.);
#3626=EDGE_CURVE('',#2944,#2945,#2601,.T.);
#3627=EDGE_CURVE('',#2945,#2946,#1328,.T.);
#3628=EDGE_CURVE('',#2946,#2947,#2602,.T.);
#3629=EDGE_CURVE('',#2947,#2948,#1329,.T.);
#3630=EDGE_CURVE('',#2948,#2949,#2603,.T.);
#3631=EDGE_CURVE('',#2949,#2950,#1330,.T.);
#3632=EDGE_CURVE('',#2950,#2951,#2604,.T.);
#3633=EDGE_CURVE('',#2951,#2944,#1331,.T.);
#3634=EDGE_CURVE('',#2952,#2953,#2605,.T.);
#3635=EDGE_CURVE('',#2953,#2954,#1332,.T.);
#3636=EDGE_CURVE('',#2954,#2955,#2606,.T.);
#3637=EDGE_CURVE('',#2955,#2956,#1333,.T.);
#3638=EDGE_CURVE('',#2956,#2957,#2607,.T.);
#3639=EDGE_CURVE('',#2957,#2958,#1334,.T.);
#3640=EDGE_CURVE('',#2958,#2959,#2608,.T.);
#3641=EDGE_CURVE('',#2959,#2952,#1335,.T.);
#3642=EDGE_CURVE('',#2960,#2960,#2609,.F.);
#3643=EDGE_CURVE('',#2961,#2962,#2610,.T.);
#3644=EDGE_CURVE('',#2962,#2963,#1336,.T.);
#3645=EDGE_CURVE('',#2963,#2964,#2611,.T.);
#3646=EDGE_CURVE('',#2964,#2965,#1337,.T.);
#3647=EDGE_CURVE('',#2965,#2966,#2612,.T.);
#3648=EDGE_CURVE('',#2966,#2967,#1338,.T.);
#3649=EDGE_CURVE('',#2967,#2968,#2613,.T.);
#3650=EDGE_CURVE('',#2968,#2961,#1339,.T.);
#3651=EDGE_CURVE('',#2969,#2970,#2614,.T.);
#3652=EDGE_CURVE('',#2970,#2971,#1340,.T.);
#3653=EDGE_CURVE('',#2971,#2972,#2615,.T.);
#3654=EDGE_CURVE('',#2972,#2973,#1341,.T.);
#3655=EDGE_CURVE('',#2973,#2974,#2616,.T.);
#3656=EDGE_CURVE('',#2974,#2975,#1342,.T.);
#3657=EDGE_CURVE('',#2975,#2976,#2617,.T.);
#3658=EDGE_CURVE('',#2976,#2969,#1343,.T.);
#3659=EDGE_CURVE('',#2977,#2978,#2618,.T.);
#3660=EDGE_CURVE('',#2978,#2979,#1344,.T.);
#3661=EDGE_CURVE('',#2979,#2980,#2619,.T.);
#3662=EDGE_CURVE('',#2980,#2981,#1345,.T.);
#3663=EDGE_CURVE('',#2981,#2982,#2620,.T.);
#3664=EDGE_CURVE('',#2982,#2983,#1346,.T.);
#3665=EDGE_CURVE('',#2983,#2984,#2621,.T.);
#3666=EDGE_CURVE('',#2984,#2977,#1347,.T.);
#3667=EDGE_CURVE('',#2985,#2986,#2622,.T.);
#3668=EDGE_CURVE('',#2986,#2987,#1348,.T.);
#3669=EDGE_CURVE('',#2987,#2988,#2623,.T.);
#3670=EDGE_CURVE('',#2988,#2989,#1349,.T.);
#3671=EDGE_CURVE('',#2989,#2990,#2624,.T.);
#3672=EDGE_CURVE('',#2990,#2991,#1350,.T.);
#3673=EDGE_CURVE('',#2991,#2992,#2625,.T.);
#3674=EDGE_CURVE('',#2992,#2985,#1351,.T.);
#3675=EDGE_CURVE('',#2993,#2994,#2626,.T.);
#3676=EDGE_CURVE('',#2994,#2995,#1352,.T.);
#3677=EDGE_CURVE('',#2995,#2996,#2627,.T.);
#3678=EDGE_CURVE('',#2996,#2997,#1353,.T.);
#3679=EDGE_CURVE('',#2997,#2998,#2628,.T.);
#3680=EDGE_CURVE('',#2998,#2999,#1354,.T.);
#3681=EDGE_CURVE('',#2999,#3000,#2629,.T.);
#3682=EDGE_CURVE('',#3000,#2993,#1355,.T.);
#3683=EDGE_CURVE('',#3001,#3001,#2630,.T.);
#3684=EDGE_CURVE('',#2799,#3002,#1356,.T.);
#3685=EDGE_CURVE('',#3002,#3003,#1357,.T.);
#3686=EDGE_CURVE('',#3003,#2800,#1358,.T.);
#3687=EDGE_CURVE('',#3004,#3002,#1359,.F.);
#3688=EDGE_CURVE('',#3005,#3004,#1360,.T.);
#3689=EDGE_CURVE('',#3005,#3003,#1361,.T.);
#3690=EDGE_CURVE('',#3006,#3007,#1362,.F.);
#3691=EDGE_CURVE('',#3007,#3008,#1363,.T.);
#3692=EDGE_CURVE('',#3008,#3009,#1364,.F.);
#3693=EDGE_CURVE('',#3009,#3006,#1365,.T.);
#3694=EDGE_CURVE('',#3010,#3007,#1366,.T.);
#3695=EDGE_CURVE('',#3011,#3010,#1367,.T.);
#3696=EDGE_CURVE('',#3011,#3008,#1368,.T.);
#3697=EDGE_CURVE('',#3012,#3006,#2631,.F.);
#3698=EDGE_CURVE('',#3009,#3013,#2632,.T.);
#3699=EDGE_CURVE('',#3013,#3012,#1369,.T.);
#3700=EDGE_CURVE('',#2792,#3014,#2633,.T.);
#3701=EDGE_CURVE('',#3014,#3015,#1370,.T.);
#3702=EDGE_CURVE('',#3015,#3016,#2634,.T.);
#3703=EDGE_CURVE('',#3016,#3017,#1371,.T.);
#3704=EDGE_CURVE('',#3017,#3010,#2635,.T.);
#3705=EDGE_CURVE('',#2789,#3012,#1372,.T.);
#3706=EDGE_CURVE('',#3018,#3019,#1373,.T.);
#3707=EDGE_CURVE('',#3019,#3020,#1374,.T.);
#3708=EDGE_CURVE('',#3020,#3021,#1375,.T.);
#3709=EDGE_CURVE('',#3021,#3018,#1376,.T.);
#3710=EDGE_CURVE('',#3013,#2790,#1377,.T.);
#3711=EDGE_CURVE('',#3022,#3023,#1378,.T.);
#3712=EDGE_CURVE('',#3023,#3024,#1379,.T.);
#3713=EDGE_CURVE('',#3024,#3025,#1380,.T.);
#3714=EDGE_CURVE('',#3025,#3026,#1381,.T.);
#3715=EDGE_CURVE('',#3026,#3027,#164,.T.);
#3716=EDGE_CURVE('',#3027,#3028,#1382,.T.);
#3717=EDGE_CURVE('',#3028,#3029,#1383,.T.);
#3718=EDGE_CURVE('',#3029,#3030,#1384,.T.);
#3719=EDGE_CURVE('',#3030,#3031,#1385,.T.);
#3720=EDGE_CURVE('',#3031,#3032,#1386,.T.);
#3721=EDGE_CURVE('',#3032,#2833,#1387,.T.);
#3722=EDGE_CURVE('',#2832,#3022,#1388,.T.);
#3723=EDGE_CURVE('',#3033,#3034,#2636,.T.);
#3724=EDGE_CURVE('',#3035,#3034,#1389,.T.);
#3725=EDGE_CURVE('',#3035,#3036,#67,.T.);
#3726=EDGE_CURVE('',#3033,#3036,#1390,.T.);
#3727=EDGE_CURVE('',#3037,#3033,#1391,.T.);
#3728=EDGE_CURVE('',#3036,#3038,#1392,.T.);
#3729=EDGE_CURVE('',#3037,#3038,#1393,.T.);
#3730=EDGE_CURVE('',#3034,#3039,#1394,.T.);
#3731=EDGE_CURVE('',#3039,#2827,#1395,.T.);
#3732=EDGE_CURVE('',#2826,#3040,#1396,.T.);
#3733=EDGE_CURVE('',#3040,#3041,#1397,.T.);
#3734=EDGE_CURVE('',#3041,#3042,#1398,.T.);
#3735=EDGE_CURVE('',#3042,#3043,#165,.T.);
#3736=EDGE_CURVE('',#3043,#3035,#1399,.T.);
#3737=EDGE_CURVE('',#3023,#3037,#2637,.T.);
#3738=EDGE_CURVE('',#3038,#3024,#68,.T.);
#3739=EDGE_CURVE('',#3044,#3031,#1400,.T.);
#3740=EDGE_CURVE('',#3044,#3045,#1401,.T.);
#3741=EDGE_CURVE('',#3032,#3045,#1402,.T.);
#3742=EDGE_CURVE('',#2834,#3045,#1403,.T.);
#3743=EDGE_CURVE('',#2831,#3046,#1404,.T.);
#3744=EDGE_CURVE('',#3022,#3046,#1405,.T.);
#3745=EDGE_CURVE('',#3046,#3047,#1406,.T.);
#3746=EDGE_CURVE('',#3047,#3048,#1407,.T.);
#3747=EDGE_CURVE('',#3048,#3049,#1408,.T.);
#3748=EDGE_CURVE('',#3049,#3039,#2638,.T.);
#3749=EDGE_CURVE('',#2828,#3049,#1409,.T.);
#3750=EDGE_CURVE('',#2825,#3050,#1410,.T.);
#3751=EDGE_CURVE('',#3050,#3040,#2639,.T.);
#3752=EDGE_CURVE('',#3051,#3005,#2640,.T.);
#3753=EDGE_CURVE('',#3052,#3051,#1411,.T.);
#3754=EDGE_CURVE('',#3053,#3052,#1412,.T.);
#3755=EDGE_CURVE('',#3053,#3054,#33,.T.);
#3756=EDGE_CURVE('',#3054,#3055,#1413,.T.);
#3757=EDGE_CURVE('',#3055,#3056,#2641,.T.);
#3758=EDGE_CURVE('',#3056,#3057,#1414,.T.);
#3759=EDGE_CURVE('',#3057,#3058,#2642,.T.);
#3760=EDGE_CURVE('',#3058,#3059,#2643,.T.);
#3761=EDGE_CURVE('',#3059,#3060,#1415,.T.);
#3762=EDGE_CURVE('',#3060,#3061,#2644,.T.);
#3763=EDGE_CURVE('',#3061,#3062,#2645,.T.);
#3764=EDGE_CURVE('',#3062,#3063,#1416,.T.);
#3765=EDGE_CURVE('',#3063,#3064,#2646,.T.);
#3766=EDGE_CURVE('',#3064,#3065,#2647,.T.);
#3767=EDGE_CURVE('',#3065,#3066,#1417,.T.);
#3768=EDGE_CURVE('',#3067,#3066,#2648,.T.);
#3769=EDGE_CURVE('',#3067,#3068,#1418,.T.);
#3770=EDGE_CURVE('',#3068,#3069,#2649,.T.);
#3771=EDGE_CURVE('',#3069,#3070,#1419,.T.);
#3772=EDGE_CURVE('',#3071,#3070,#2650,.T.);
#3773=EDGE_CURVE('',#3071,#3072,#1420,.T.);
#3774=EDGE_CURVE('',#3072,#3073,#2651,.T.);
#3775=EDGE_CURVE('',#3073,#3074,#1421,.T.);
#3776=EDGE_CURVE('',#3075,#3074,#2652,.T.);
#3777=EDGE_CURVE('',#3075,#3076,#1422,.T.);
#3778=EDGE_CURVE('',#3076,#3077,#2653,.T.);
#3779=EDGE_CURVE('',#3077,#3078,#1423,.T.);
#3780=EDGE_CURVE('',#3078,#3041,#2654,.T.);
#3781=EDGE_CURVE('',#3079,#3050,#1424,.T.);
#3782=EDGE_CURVE('',#3080,#3079,#2655,.T.);
#3783=EDGE_CURVE('',#3081,#3080,#1425,.T.);
#3784=EDGE_CURVE('',#3082,#3081,#2656,.T.);
#3785=EDGE_CURVE('',#3083,#3082,#1426,.T.);
#3786=EDGE_CURVE('',#3084,#3083,#2657,.T.);
#3787=EDGE_CURVE('',#3085,#3084,#1427,.T.);
#3788=EDGE_CURVE('',#3086,#3085,#2658,.T.);
#3789=EDGE_CURVE('',#3087,#3086,#1428,.T.);
#3790=EDGE_CURVE('',#3088,#3087,#2659,.T.);
#3791=EDGE_CURVE('',#3089,#3088,#1429,.T.);
#3792=EDGE_CURVE('',#3090,#3089,#2660,.T.);
#3793=EDGE_CURVE('',#3091,#3090,#1430,.T.);
#3794=EDGE_CURVE('',#3092,#3091,#2661,.T.);
#3795=EDGE_CURVE('',#3093,#3092,#1431,.T.);
#3796=EDGE_CURVE('',#3094,#3093,#2662,.T.);
#3797=EDGE_CURVE('',#3095,#3094,#1432,.T.);
#3798=EDGE_CURVE('',#3096,#3095,#1433,.T.);
#3799=EDGE_CURVE('',#3097,#3096,#2663,.T.);
#3800=EDGE_CURVE('',#2804,#3097,#1434,.T.);
#3801=EDGE_CURVE('',#2830,#3047,#1435,.T.);
#3802=EDGE_CURVE('',#2829,#3048,#1436,.T.);
#3803=EDGE_CURVE('',#3098,#3025,#1437,.T.);
#3804=EDGE_CURVE('',#3098,#3099,#1438,.T.);
#3805=EDGE_CURVE('',#3026,#3099,#2664,.T.);
#3806=EDGE_CURVE('',#3100,#2836,#69,.T.);
#3807=EDGE_CURVE('',#3100,#3101,#2665,.T.);
#3808=EDGE_CURVE('',#2837,#3101,#1439,.T.);
#3809=EDGE_CURVE('',#3102,#3102,#2666,.T.);
#3810=EDGE_CURVE('',#3102,#3103,#1440,.T.);
#3811=EDGE_CURVE('',#3103,#3103,#2667,.T.);
#3812=EDGE_CURVE('',#3104,#2847,#1441,.T.);
#3813=EDGE_CURVE('',#3105,#3104,#1442,.F.);
#3814=EDGE_CURVE('',#2848,#3105,#1443,.T.);
#3815=EDGE_CURVE('',#3105,#3106,#1444,.T.);
#3816=EDGE_CURVE('',#3106,#3107,#1445,.T.);
#3817=EDGE_CURVE('',#2849,#3107,#1446,.T.);
#3818=EDGE_CURVE('',#3108,#3108,#2668,.T.);
#3819=EDGE_CURVE('',#3108,#3109,#1447,.T.);
#3820=EDGE_CURVE('',#3109,#3109,#2669,.T.);
#3821=EDGE_CURVE('',#3001,#3110,#1448,.T.);
#3822=EDGE_CURVE('',#3110,#3110,#2670,.F.);
#3823=EDGE_CURVE('',#3111,#3112,#1449,.T.);
#3824=EDGE_CURVE('',#3112,#3113,#1450,.T.);
#3825=EDGE_CURVE('',#3113,#3114,#1451,.T.);
#3826=EDGE_CURVE('',#3114,#3057,#1452,.T.);
#3827=EDGE_CURVE('',#3056,#3111,#1453,.T.);
#3828=EDGE_CURVE('',#3092,#2811,#1454,.T.);
#3829=EDGE_CURVE('',#3091,#2812,#1455,.T.);
#3830=EDGE_CURVE('',#3093,#2810,#1456,.T.);
#3831=EDGE_CURVE('',#3094,#2809,#1457,.T.);
#3832=EDGE_CURVE('',#3095,#2808,#1458,.F.);
#3833=EDGE_CURVE('',#3096,#2807,#1459,.T.);
#3834=EDGE_CURVE('',#3097,#2806,#1460,.T.);
#3835=EDGE_CURVE('',#3115,#3004,#2671,.F.);
#3836=EDGE_CURVE('',#3051,#3115,#1461,.T.);
#3837=EDGE_CURVE('',#3116,#3117,#1462,.T.);
#3838=EDGE_CURVE('',#3118,#3116,#70,.F.);
#3839=EDGE_CURVE('',#3118,#3117,#1463,.T.);
#3840=EDGE_CURVE('',#2966,#3119,#1464,.T.);
#3841=EDGE_CURVE('',#2965,#3120,#1465,.T.);
#3842=EDGE_CURVE('',#3120,#3119,#71,.T.);
#3843=EDGE_CURVE('',#2967,#3121,#1466,.T.);
#3844=EDGE_CURVE('',#3119,#3121,#1467,.T.);
#3845=EDGE_CURVE('',#2968,#3122,#1468,.T.);
#3846=EDGE_CURVE('',#3121,#3122,#72,.T.);
#3847=EDGE_CURVE('',#3123,#2961,#1469,.T.);
#3848=EDGE_CURVE('',#3122,#3123,#1470,.T.);
#3849=EDGE_CURVE('',#2962,#3124,#1471,.T.);
#3850=EDGE_CURVE('',#3123,#3124,#73,.T.);
#3851=EDGE_CURVE('',#2963,#3125,#1472,.T.);
#3852=EDGE_CURVE('',#3124,#3125,#1473,.T.);
#3853=EDGE_CURVE('',#2964,#3126,#1474,.T.);
#3854=EDGE_CURVE('',#3125,#3126,#74,.T.);
#3855=EDGE_CURVE('',#3126,#3120,#1475,.T.);
#3856=EDGE_CURVE('',#2957,#3127,#1476,.T.);
#3857=EDGE_CURVE('',#2956,#3128,#1477,.T.);
#3858=EDGE_CURVE('',#3128,#3127,#75,.T.);
#3859=EDGE_CURVE('',#2958,#3129,#1478,.T.);
#3860=EDGE_CURVE('',#3127,#3129,#1479,.T.);
#3861=EDGE_CURVE('',#2959,#3130,#1480,.T.);
#3862=EDGE_CURVE('',#3129,#3130,#76,.T.);
#3863=EDGE_CURVE('',#3131,#2952,#1481,.T.);
#3864=EDGE_CURVE('',#3130,#3131,#1482,.T.);
#3865=EDGE_CURVE('',#2953,#3132,#1483,.T.);
#3866=EDGE_CURVE('',#3131,#3132,#77,.T.);
#3867=EDGE_CURVE('',#2954,#3133,#1484,.T.);
#3868=EDGE_CURVE('',#3132,#3133,#1485,.T.);
#3869=EDGE_CURVE('',#2955,#3134,#1486,.T.);
#3870=EDGE_CURVE('',#3133,#3134,#78,.T.);
#3871=EDGE_CURVE('',#3134,#3128,#1487,.T.);
#3872=EDGE_CURVE('',#2949,#3135,#1488,.T.);
#3873=EDGE_CURVE('',#2948,#3136,#1489,.T.);
#3874=EDGE_CURVE('',#3136,#3135,#79,.T.);
#3875=EDGE_CURVE('',#2950,#3137,#1490,.T.);
#3876=EDGE_CURVE('',#3135,#3137,#1491,.T.);
#3877=EDGE_CURVE('',#2951,#3138,#1492,.T.);
#3878=EDGE_CURVE('',#3137,#3138,#80,.T.);
#3879=EDGE_CURVE('',#3139,#2944,#1493,.T.);
#3880=EDGE_CURVE('',#3138,#3139,#1494,.T.);
#3881=EDGE_CURVE('',#2945,#3140,#1495,.T.);
#3882=EDGE_CURVE('',#3139,#3140,#81,.T.);
#3883=EDGE_CURVE('',#2946,#3141,#1496,.T.);
#3884=EDGE_CURVE('',#3140,#3141,#1497,.T.);
#3885=EDGE_CURVE('',#2947,#3142,#1498,.T.);
#3886=EDGE_CURVE('',#3141,#3142,#82,.T.);
#3887=EDGE_CURVE('',#3142,#3136,#1499,.T.);
#3888=EDGE_CURVE('',#2941,#3143,#1500,.T.);
#3889=EDGE_CURVE('',#2940,#3144,#1501,.T.);
#3890=EDGE_CURVE('',#3144,#3143,#83,.T.);
#3891=EDGE_CURVE('',#2942,#3145,#1502,.T.);
#3892=EDGE_CURVE('',#3143,#3145,#1503,.T.);
#3893=EDGE_CURVE('',#2943,#3146,#1504,.T.);
#3894=EDGE_CURVE('',#3145,#3146,#84,.T.);
#3895=EDGE_CURVE('',#3147,#2936,#1505,.T.);
#3896=EDGE_CURVE('',#3146,#3147,#1506,.T.);
#3897=EDGE_CURVE('',#2937,#3148,#1507,.T.);
#3898=EDGE_CURVE('',#3147,#3148,#85,.T.);
#3899=EDGE_CURVE('',#2938,#3149,#1508,.T.);
#3900=EDGE_CURVE('',#3148,#3149,#1509,.T.);
#3901=EDGE_CURVE('',#2939,#3150,#1510,.T.);
#3902=EDGE_CURVE('',#3149,#3150,#86,.T.);
#3903=EDGE_CURVE('',#3150,#3144,#1511,.T.);
#3904=EDGE_CURVE('',#2883,#3151,#1512,.T.);
#3905=EDGE_CURVE('',#3151,#3152,#1513,.T.);
#3906=EDGE_CURVE('',#2884,#3152,#1514,.T.);
#3907=EDGE_CURVE('',#3152,#3153,#2672,.T.);
#3908=EDGE_CURVE('',#2885,#3153,#1515,.T.);
#3909=EDGE_CURVE('',#3153,#3154,#1516,.T.);
#3910=EDGE_CURVE('',#3154,#3155,#1517,.T.);
#3911=EDGE_CURVE('',#3155,#2886,#1518,.T.);
#3912=EDGE_CURVE('',#3155,#3156,#87,.T.);
#3913=EDGE_CURVE('',#2887,#3156,#1519,.T.);
#3914=EDGE_CURVE('',#2909,#3157,#1520,.T.);
#3915=EDGE_CURVE('',#2908,#3158,#1521,.T.);
#3916=EDGE_CURVE('',#3158,#3157,#88,.T.);
#3917=EDGE_CURVE('',#2910,#3159,#1522,.T.);
#3918=EDGE_CURVE('',#3157,#3159,#1523,.T.);
#3919=EDGE_CURVE('',#2911,#3160,#1524,.T.);
#3920=EDGE_CURVE('',#3159,#3160,#89,.T.);
#3921=EDGE_CURVE('',#3161,#2904,#1525,.T.);
#3922=EDGE_CURVE('',#3160,#3161,#1526,.T.);
#3923=EDGE_CURVE('',#2905,#3162,#1527,.T.);
#3924=EDGE_CURVE('',#3161,#3162,#90,.T.);
#3925=EDGE_CURVE('',#2906,#3163,#1528,.T.);
#3926=EDGE_CURVE('',#3162,#3163,#1529,.T.);
#3927=EDGE_CURVE('',#2907,#3164,#1530,.T.);
#3928=EDGE_CURVE('',#3163,#3164,#91,.T.);
#3929=EDGE_CURVE('',#3164,#3158,#1531,.T.);
#3930=EDGE_CURVE('',#2982,#3165,#1532,.T.);
#3931=EDGE_CURVE('',#2981,#3166,#1533,.T.);
#3932=EDGE_CURVE('',#3166,#3165,#92,.T.);
#3933=EDGE_CURVE('',#2983,#3167,#1534,.T.);
#3934=EDGE_CURVE('',#3165,#3167,#1535,.T.);
#3935=EDGE_CURVE('',#2984,#3168,#1536,.T.);
#3936=EDGE_CURVE('',#3167,#3168,#93,.T.);
#3937=EDGE_CURVE('',#3169,#2977,#1537,.T.);
#3938=EDGE_CURVE('',#3168,#3169,#1538,.T.);
#3939=EDGE_CURVE('',#2978,#3170,#1539,.T.);
#3940=EDGE_CURVE('',#3169,#3170,#94,.T.);
#3941=EDGE_CURVE('',#2979,#3171,#1540,.T.);
#3942=EDGE_CURVE('',#3170,#3171,#1541,.T.);
#3943=EDGE_CURVE('',#2980,#3172,#1542,.T.);
#3944=EDGE_CURVE('',#3171,#3172,#95,.T.);
#3945=EDGE_CURVE('',#3172,#3166,#1543,.T.);
#3946=EDGE_CURVE('',#2933,#3173,#1544,.T.);
#3947=EDGE_CURVE('',#2932,#3174,#1545,.T.);
#3948=EDGE_CURVE('',#3174,#3173,#96,.T.);
#3949=EDGE_CURVE('',#2934,#3175,#1546,.T.);
#3950=EDGE_CURVE('',#3173,#3175,#1547,.T.);
#3951=EDGE_CURVE('',#2935,#3176,#1548,.T.);
#3952=EDGE_CURVE('',#3175,#3176,#97,.T.);
#3953=EDGE_CURVE('',#3177,#2928,#1549,.T.);
#3954=EDGE_CURVE('',#3176,#3177,#1550,.T.);
#3955=EDGE_CURVE('',#2929,#3178,#1551,.T.);
#3956=EDGE_CURVE('',#3177,#3178,#98,.T.);
#3957=EDGE_CURVE('',#2930,#3179,#1552,.T.);
#3958=EDGE_CURVE('',#3178,#3179,#1553,.T.);
#3959=EDGE_CURVE('',#2931,#3180,#1554,.T.);
#3960=EDGE_CURVE('',#3179,#3180,#99,.T.);
#3961=EDGE_CURVE('',#3180,#3174,#1555,.T.);
#3962=EDGE_CURVE('',#2925,#3181,#1556,.T.);
#3963=EDGE_CURVE('',#2924,#3182,#1557,.T.);
#3964=EDGE_CURVE('',#3182,#3181,#100,.T.);
#3965=EDGE_CURVE('',#2926,#3183,#1558,.T.);
#3966=EDGE_CURVE('',#3181,#3183,#1559,.T.);
#3967=EDGE_CURVE('',#2927,#3184,#1560,.T.);
#3968=EDGE_CURVE('',#3183,#3184,#101,.T.);
#3969=EDGE_CURVE('',#3185,#2920,#1561,.T.);
#3970=EDGE_CURVE('',#3184,#3185,#1562,.T.);
#3971=EDGE_CURVE('',#2921,#3186,#1563,.T.);
#3972=EDGE_CURVE('',#3185,#3186,#102,.T.);
#3973=EDGE_CURVE('',#2922,#3187,#1564,.T.);
#3974=EDGE_CURVE('',#3186,#3187,#1565,.T.);
#3975=EDGE_CURVE('',#2923,#3188,#1566,.T.);
#3976=EDGE_CURVE('',#3187,#3188,#103,.T.);
#3977=EDGE_CURVE('',#3188,#3182,#1567,.T.);
#3978=EDGE_CURVE('',#2990,#3189,#1568,.T.);
#3979=EDGE_CURVE('',#2989,#3190,#1569,.T.);
#3980=EDGE_CURVE('',#3190,#3189,#104,.T.);
#3981=EDGE_CURVE('',#2991,#3191,#1570,.T.);
#3982=EDGE_CURVE('',#3189,#3191,#1571,.T.);
#3983=EDGE_CURVE('',#2992,#3192,#1572,.T.);
#3984=EDGE_CURVE('',#3191,#3192,#105,.T.);
#3985=EDGE_CURVE('',#3193,#2985,#1573,.T.);
#3986=EDGE_CURVE('',#3192,#3193,#1574,.T.);
#3987=EDGE_CURVE('',#2986,#3194,#1575,.T.);
#3988=EDGE_CURVE('',#3193,#3194,#106,.T.);
#3989=EDGE_CURVE('',#2987,#3195,#1576,.T.);
#3990=EDGE_CURVE('',#3194,#3195,#1577,.T.);
#3991=EDGE_CURVE('',#2988,#3196,#1578,.T.);
#3992=EDGE_CURVE('',#3195,#3196,#107,.T.);
#3993=EDGE_CURVE('',#3196,#3190,#1579,.T.);
#3994=EDGE_CURVE('',#2917,#3197,#1580,.T.);
#3995=EDGE_CURVE('',#2916,#3198,#1581,.T.);
#3996=EDGE_CURVE('',#3198,#3197,#108,.T.);
#3997=EDGE_CURVE('',#2918,#3199,#1582,.T.);
#3998=EDGE_CURVE('',#3197,#3199,#1583,.T.);
#3999=EDGE_CURVE('',#2919,#3200,#1584,.T.);
#4000=EDGE_CURVE('',#3199,#3200,#109,.T.);
#4001=EDGE_CURVE('',#3201,#2912,#1585,.T.);
#4002=EDGE_CURVE('',#3200,#3201,#1586,.T.);
#4003=EDGE_CURVE('',#2913,#3202,#1587,.T.);
#4004=EDGE_CURVE('',#3201,#3202,#110,.T.);
#4005=EDGE_CURVE('',#2914,#3203,#1588,.T.);
#4006=EDGE_CURVE('',#3202,#3203,#1589,.T.);
#4007=EDGE_CURVE('',#2915,#3204,#1590,.T.);
#4008=EDGE_CURVE('',#3203,#3204,#111,.T.);
#4009=EDGE_CURVE('',#3204,#3198,#1591,.T.);
#4010=EDGE_CURVE('',#2879,#3205,#1592,.T.);
#4011=EDGE_CURVE('',#2878,#3206,#1593,.T.);
#4012=EDGE_CURVE('',#3206,#3205,#112,.T.);
#4013=EDGE_CURVE('',#2872,#3207,#1594,.T.);
#4014=EDGE_CURVE('',#3205,#3207,#1595,.T.);
#4015=EDGE_CURVE('',#2873,#3208,#1596,.T.);
#4016=EDGE_CURVE('',#3207,#3208,#113,.T.);
#4017=EDGE_CURVE('',#2875,#3209,#1597,.T.);
#4018=EDGE_CURVE('',#3210,#2874,#1598,.T.);
#4019=EDGE_CURVE('',#3210,#3209,#114,.T.);
#4020=EDGE_CURVE('',#2876,#3211,#1599,.T.);
#4021=EDGE_CURVE('',#3209,#3211,#1600,.T.);
#4022=EDGE_CURVE('',#2877,#3212,#1601,.T.);
#4023=EDGE_CURVE('',#3211,#3212,#115,.T.);
#4024=EDGE_CURVE('',#3212,#3206,#1602,.T.);
#4025=EDGE_CURVE('',#3213,#2891,#1603,.T.);
#4026=EDGE_CURVE('',#3213,#3214,#2673,.T.);
#4027=EDGE_CURVE('',#2892,#3214,#1604,.T.);
#4028=EDGE_CURVE('',#3214,#3215,#1605,.T.);
#4029=EDGE_CURVE('',#2893,#3215,#1606,.T.);
#4030=EDGE_CURVE('',#3215,#3216,#2674,.T.);
#4031=EDGE_CURVE('',#2894,#3216,#1607,.T.);
#4032=EDGE_CURVE('',#3216,#3217,#1608,.T.);
#4033=EDGE_CURVE('',#2895,#3217,#1609,.T.);
#4034=EDGE_CURVE('',#2871,#3218,#1610,.T.);
#4035=EDGE_CURVE('',#2870,#3219,#1611,.T.);
#4036=EDGE_CURVE('',#3219,#3218,#116,.T.);
#4037=EDGE_CURVE('',#2864,#3220,#1612,.T.);
#4038=EDGE_CURVE('',#3218,#3220,#1613,.T.);
#4039=EDGE_CURVE('',#2865,#3221,#1614,.T.);
#4040=EDGE_CURVE('',#3220,#3221,#117,.T.);
#4041=EDGE_CURVE('',#2869,#3222,#1615,.T.);
#4042=EDGE_CURVE('',#2868,#3223,#1616,.T.);
#4043=EDGE_CURVE('',#3223,#3222,#118,.T.);
#4044=EDGE_CURVE('',#3222,#3219,#1617,.T.);
#4045=EDGE_CURVE('',#2901,#3224,#1618,.T.);
#4046=EDGE_CURVE('',#2900,#3225,#1619,.T.);
#4047=EDGE_CURVE('',#3225,#3224,#119,.T.);
#4048=EDGE_CURVE('',#2902,#3226,#1620,.T.);
#4049=EDGE_CURVE('',#3224,#3226,#1621,.T.);
#4050=EDGE_CURVE('',#2903,#3227,#1622,.T.);
#4051=EDGE_CURVE('',#3226,#3227,#120,.T.);
#4052=EDGE_CURVE('',#3228,#2896,#1623,.T.);
#4053=EDGE_CURVE('',#3227,#3228,#1624,.T.);
#4054=EDGE_CURVE('',#2897,#3229,#1625,.T.);
#4055=EDGE_CURVE('',#3228,#3229,#121,.T.);
#4056=EDGE_CURVE('',#2898,#3230,#1626,.T.);
#4057=EDGE_CURVE('',#3229,#3230,#1627,.T.);
#4058=EDGE_CURVE('',#2899,#3231,#1628,.T.);
#4059=EDGE_CURVE('',#3230,#3231,#122,.T.);
#4060=EDGE_CURVE('',#3231,#3225,#1629,.T.);
#4061=EDGE_CURVE('',#2998,#3232,#1630,.T.);
#4062=EDGE_CURVE('',#2997,#3233,#1631,.T.);
#4063=EDGE_CURVE('',#3233,#3232,#123,.T.);
#4064=EDGE_CURVE('',#2999,#3234,#1632,.T.);
#4065=EDGE_CURVE('',#3232,#3234,#1633,.T.);
#4066=EDGE_CURVE('',#3000,#3235,#1634,.T.);
#4067=EDGE_CURVE('',#3234,#3235,#124,.T.);
#4068=EDGE_CURVE('',#3236,#2993,#1635,.T.);
#4069=EDGE_CURVE('',#3235,#3236,#1636,.T.);
#4070=EDGE_CURVE('',#2994,#3237,#1637,.T.);
#4071=EDGE_CURVE('',#3236,#3237,#125,.T.);
#4072=EDGE_CURVE('',#2995,#3238,#1638,.T.);
#4073=EDGE_CURVE('',#3237,#3238,#1639,.T.);
#4074=EDGE_CURVE('',#2996,#3239,#1640,.T.);
#4075=EDGE_CURVE('',#3238,#3239,#126,.T.);
#4076=EDGE_CURVE('',#3239,#3233,#1641,.T.);
#4077=EDGE_CURVE('',#2974,#3240,#1642,.T.);
#4078=EDGE_CURVE('',#2973,#3241,#1643,.T.);
#4079=EDGE_CURVE('',#3241,#3240,#127,.T.);
#4080=EDGE_CURVE('',#2975,#3242,#1644,.T.);
#4081=EDGE_CURVE('',#3240,#3242,#1645,.T.);
#4082=EDGE_CURVE('',#2976,#3243,#1646,.T.);
#4083=EDGE_CURVE('',#3242,#3243,#128,.T.);
#4084=EDGE_CURVE('',#3244,#2969,#1647,.T.);
#4085=EDGE_CURVE('',#3243,#3244,#1648,.T.);
#4086=EDGE_CURVE('',#2970,#3245,#1649,.T.);
#4087=EDGE_CURVE('',#3244,#3245,#129,.T.);
#4088=EDGE_CURVE('',#2971,#3246,#1650,.T.);
#4089=EDGE_CURVE('',#3245,#3246,#1651,.T.);
#4090=EDGE_CURVE('',#2972,#3247,#1652,.T.);
#4091=EDGE_CURVE('',#3246,#3247,#130,.T.);
#4092=EDGE_CURVE('',#3247,#3241,#1653,.T.);
#4093=EDGE_CURVE('',#3248,#3249,#1654,.T.);
#4094=EDGE_CURVE('',#3249,#3250,#1655,.T.);
#4095=EDGE_CURVE('',#3250,#3251,#1656,.T.);
#4096=EDGE_CURVE('',#3248,#3251,#1657,.T.);
#4097=EDGE_CURVE('',#3249,#3053,#2675,.T.);
#4098=EDGE_CURVE('',#3052,#3250,#2676,.T.);
#4099=EDGE_CURVE('',#3251,#3252,#2677,.T.);
#4100=EDGE_CURVE('',#3253,#3115,#1658,.F.);
#4101=EDGE_CURVE('',#3253,#3254,#2678,.T.);
#4102=EDGE_CURVE('',#3255,#3254,#1659,.T.);
#4103=EDGE_CURVE('',#3256,#3255,#2679,.T.);
#4104=EDGE_CURVE('',#3256,#3257,#1660,.T.);
#4105=EDGE_CURVE('',#3258,#3257,#2680,.T.);
#4106=EDGE_CURVE('',#3259,#3258,#1661,.T.);
#4107=EDGE_CURVE('',#3260,#3259,#2681,.T.);
#4108=EDGE_CURVE('',#3252,#3260,#1662,.T.);
#4109=EDGE_CURVE('',#3261,#3261,#2682,.F.);
#4110=EDGE_CURVE('',#2960,#3261,#1663,.T.);
#4111=EDGE_CURVE('',#3262,#2852,#1664,.F.);
#4112=EDGE_CURVE('',#3262,#3263,#131,.F.);
#4113=EDGE_CURVE('',#3118,#3263,#2683,.T.);
#4114=EDGE_CURVE('',#2854,#3116,#1665,.F.);
#4115=EDGE_CURVE('',#2853,#3264,#1666,.T.);
#4116=EDGE_CURVE('',#3264,#3264,#2684,.F.);
#4117=EDGE_CURVE('',#3079,#2824,#1667,.T.);
#4118=EDGE_CURVE('',#3080,#2823,#1668,.T.);
#4119=EDGE_CURVE('',#3081,#2822,#1669,.T.);
#4120=EDGE_CURVE('',#3082,#2821,#1670,.T.);
#4121=EDGE_CURVE('',#3083,#2820,#1671,.F.);
#4122=EDGE_CURVE('',#3084,#2819,#1672,.F.);
#4123=EDGE_CURVE('',#3085,#2818,#1673,.T.);
#4124=EDGE_CURVE('',#3086,#2817,#1674,.T.);
#4125=EDGE_CURVE('',#3087,#2816,#1675,.T.);
#4126=EDGE_CURVE('',#3088,#2815,#1676,.T.);
#4127=EDGE_CURVE('',#3089,#2814,#1677,.T.);
#4128=EDGE_CURVE('',#3090,#2813,#1678,.T.);
#4129=EDGE_CURVE('',#3265,#3117,#1679,.T.);
#4130=EDGE_CURVE('',#3265,#2855,#1680,.T.);
#4131=EDGE_CURVE('',#3266,#3267,#2685,.T.);
#4132=EDGE_CURVE('',#3267,#3256,#1681,.T.);
#4133=EDGE_CURVE('',#3266,#3255,#1682,.T.);
#4134=EDGE_CURVE('',#3268,#3269,#34,.T.);
#4135=EDGE_CURVE('',#3257,#3269,#1683,.T.);
#4136=EDGE_CURVE('',#3267,#3270,#35,.T.);
#4137=EDGE_CURVE('',#3270,#3268,#1684,.T.);
#4138=EDGE_CURVE('',#3269,#3271,#2686,.T.);
#4139=EDGE_CURVE('',#3271,#3258,#1685,.T.);
#4140=EDGE_CURVE('',#3271,#3272,#1686,.T.);
#4141=EDGE_CURVE('',#3272,#3259,#1687,.T.);
#4142=EDGE_CURVE('',#3273,#3274,#132,.T.);
#4143=EDGE_CURVE('',#3274,#3275,#2687,.T.);
#4144=EDGE_CURVE('',#3276,#3275,#1688,.T.);
#4145=EDGE_CURVE('',#3276,#3277,#2688,.T.);
#4146=EDGE_CURVE('',#3277,#3273,#1689,.T.);
#4147=EDGE_CURVE('',#3278,#3279,#1690,.T.);
#4148=EDGE_CURVE('',#3072,#3279,#1691,.T.);
#4149=EDGE_CURVE('',#3071,#3278,#1692,.T.);
#4150=EDGE_CURVE('',#3280,#3278,#133,.T.);
#4151=EDGE_CURVE('',#3070,#3280,#1693,.T.);
#4152=EDGE_CURVE('',#3281,#3280,#1694,.T.);
#4153=EDGE_CURVE('',#3069,#3281,#1695,.T.);
#4154=EDGE_CURVE('',#3282,#3281,#166,.T.);
#4155=EDGE_CURVE('',#3068,#3282,#1696,.T.);
#4156=EDGE_CURVE('',#3283,#3284,#2689,.T.);
#4157=EDGE_CURVE('',#3285,#3284,#1697,.T.);
#4158=EDGE_CURVE('',#3285,#3286,#2690,.T.);
#4159=EDGE_CURVE('',#3286,#3283,#1698,.T.);
#4160=EDGE_CURVE('',#3287,#3283,#1699,.T.);
#4161=EDGE_CURVE('',#3288,#3286,#1700,.T.);
#4162=EDGE_CURVE('',#3288,#3287,#1701,.T.);
#4163=EDGE_CURVE('',#3289,#3287,#2691,.T.);
#4164=EDGE_CURVE('',#3290,#3288,#2692,.T.);
#4165=EDGE_CURVE('',#3290,#3289,#1702,.T.);
#4166=EDGE_CURVE('',#3291,#3289,#1703,.T.);
#4167=EDGE_CURVE('',#3292,#3290,#1704,.T.);
#4168=EDGE_CURVE('',#3292,#3291,#1705,.T.);
#4169=EDGE_CURVE('',#3293,#3291,#2693,.T.);
#4170=EDGE_CURVE('',#3294,#3292,#2694,.T.);
#4171=EDGE_CURVE('',#3294,#3293,#1706,.T.);
#4172=EDGE_CURVE('',#3275,#3293,#1707,.T.);
#4173=EDGE_CURVE('',#3276,#3294,#1708,.T.);
#4174=EDGE_CURVE('',#3295,#3296,#1709,.T.);
#4175=EDGE_CURVE('',#3078,#3296,#1710,.T.);
#4176=EDGE_CURVE('',#3077,#3295,#1711,.T.);
#4177=EDGE_CURVE('',#3297,#3295,#167,.T.);
#4178=EDGE_CURVE('',#3076,#3297,#1712,.T.);
#4179=EDGE_CURVE('',#3298,#3297,#1713,.T.);
#4180=EDGE_CURVE('',#3075,#3298,#1714,.T.);
#4181=EDGE_CURVE('',#3299,#3298,#2695,.T.);
#4182=EDGE_CURVE('',#3074,#3299,#1715,.T.);
#4183=EDGE_CURVE('',#3300,#3299,#1716,.T.);
#4184=EDGE_CURVE('',#3073,#3300,#1717,.T.);
#4185=EDGE_CURVE('',#3279,#3300,#134,.T.);
#4186=EDGE_CURVE('',#3301,#3266,#1718,.T.);
#4187=EDGE_CURVE('',#3254,#3301,#1719,.T.);
#4188=EDGE_CURVE('',#3302,#3303,#2696,.T.);
#4189=EDGE_CURVE('',#3303,#3304,#168,.T.);
#4190=EDGE_CURVE('',#3304,#3305,#169,.T.);
#4191=EDGE_CURVE('',#3306,#3305,#1720,.T.);
#4192=EDGE_CURVE('',#3306,#3307,#2697,.F.);
#4193=EDGE_CURVE('',#3302,#3307,#1721,.T.);
#4194=EDGE_CURVE('',#3308,#3309,#170,.T.);
#4195=EDGE_CURVE('',#3309,#3310,#171,.T.);
#4196=EDGE_CURVE('',#3310,#3301,#2698,.T.);
#4197=EDGE_CURVE('',#3308,#3253,#1722,.T.);
#4198=EDGE_CURVE('',#3272,#3311,#2699,.T.);
#4199=EDGE_CURVE('',#3311,#3312,#172,.T.);
#4200=EDGE_CURVE('',#3312,#3313,#173,.T.);
#4201=EDGE_CURVE('',#3313,#3260,#1723,.T.);
#4202=EDGE_CURVE('',#3313,#3314,#1724,.T.);
#4203=EDGE_CURVE('',#3314,#3252,#1725,.T.);
#4204=EDGE_CURVE('',#3314,#3315,#174,.T.);
#4205=EDGE_CURVE('',#3315,#3316,#175,.T.);
#4206=EDGE_CURVE('',#3316,#3248,#2700,.T.);
#4207=EDGE_CURVE('',#3114,#3317,#135,.T.);
#4208=EDGE_CURVE('',#3058,#3317,#1726,.T.);
#4209=EDGE_CURVE('',#3317,#3318,#136,.T.);
#4210=EDGE_CURVE('',#3059,#3318,#1727,.T.);
#4211=EDGE_CURVE('',#3318,#3319,#1728,.T.);
#4212=EDGE_CURVE('',#3319,#3060,#1729,.T.);
#4213=EDGE_CURVE('',#3319,#3320,#137,.T.);
#4214=EDGE_CURVE('',#3061,#3320,#1730,.T.);
#4215=EDGE_CURVE('',#3320,#3321,#138,.T.);
#4216=EDGE_CURVE('',#3062,#3321,#1731,.T.);
#4217=EDGE_CURVE('',#3321,#3322,#1732,.T.);
#4218=EDGE_CURVE('',#3063,#3322,#1733,.T.);
#4219=EDGE_CURVE('',#3322,#3323,#176,.T.);
#4220=EDGE_CURVE('',#3323,#3064,#1734,.T.);
#4221=EDGE_CURVE('',#3323,#3324,#2701,.T.);
#4222=EDGE_CURVE('',#3065,#3324,#1735,.T.);
#4223=EDGE_CURVE('',#3324,#3325,#1736,.T.);
#4224=EDGE_CURVE('',#3066,#3325,#1737,.T.);
#4225=EDGE_CURVE('',#3325,#3326,#177,.T.);
#4226=EDGE_CURVE('',#3067,#3326,#1738,.T.);
#4227=EDGE_CURVE('',#3326,#3282,#1739,.T.);
#4228=EDGE_CURVE('',#3323,#3327,#2702,.T.);
#4229=EDGE_CURVE('',#3327,#3324,#2703,.T.);
#4230=EDGE_CURVE('',#3274,#3328,#178,.T.);
#4231=EDGE_CURVE('',#3329,#3328,#179,.T.);
#4232=EDGE_CURVE('',#3330,#3329,#2704,.T.);
#4233=EDGE_CURVE('',#3330,#3275,#2705,.T.);
#4234=EDGE_CURVE('',#3331,#3330,#1740,.T.);
#4235=EDGE_CURVE('',#3331,#3293,#2706,.T.);
#4236=EDGE_CURVE('',#3332,#3331,#2707,.T.);
#4237=EDGE_CURVE('',#3332,#3291,#2708,.T.);
#4238=EDGE_CURVE('',#3333,#3332,#1741,.T.);
#4239=EDGE_CURVE('',#3333,#3289,#2709,.T.);
#4240=EDGE_CURVE('',#3334,#3333,#2710,.T.);
#4241=EDGE_CURVE('',#3334,#3287,#2711,.T.);
#4242=EDGE_CURVE('',#3335,#3334,#1742,.T.);
#4243=EDGE_CURVE('',#3335,#3283,#180,.T.);
#4244=EDGE_CURVE('',#3322,#3336,#2712,.T.);
#4245=EDGE_CURVE('',#3327,#3336,#139,.T.);
#4246=EDGE_CURVE('',#3321,#3337,#2713,.T.);
#4247=EDGE_CURVE('',#3336,#3337,#1743,.T.);
#4248=EDGE_CURVE('',#3320,#3338,#2714,.T.);
#4249=EDGE_CURVE('',#3337,#3338,#140,.T.);
#4250=EDGE_CURVE('',#3319,#3339,#2715,.T.);
#4251=EDGE_CURVE('',#3338,#3339,#141,.T.);
#4252=EDGE_CURVE('',#3318,#3340,#2716,.T.);
#4253=EDGE_CURVE('',#3339,#3340,#1744,.T.);
#4254=EDGE_CURVE('',#3317,#3341,#2717,.T.);
#4255=EDGE_CURVE('',#3340,#3341,#142,.T.);
#4256=EDGE_CURVE('',#3114,#3342,#2718,.T.);
#4257=EDGE_CURVE('',#3341,#3342,#143,.T.);
#4258=EDGE_CURVE('',#3343,#3113,#144,.T.);
#4259=EDGE_CURVE('',#3342,#3343,#1745,.T.);
#4260=EDGE_CURVE('',#3344,#3335,#2719,.T.);
#4261=EDGE_CURVE('',#3284,#3344,#181,.T.);
#4262=EDGE_CURVE('',#3328,#3345,#145,.T.);
#4263=EDGE_CURVE('',#3273,#3345,#2720,.T.);
#4264=EDGE_CURVE('',#3346,#3273,#146,.T.);
#4265=EDGE_CURVE('',#3099,#3346,#182,.T.);
#4266=EDGE_CURVE('',#3345,#3099,#147,.T.);
#4267=EDGE_CURVE('',#3296,#3347,#2721,.T.);
#4268=EDGE_CURVE('',#3295,#3348,#2722,.T.);
#4269=EDGE_CURVE('',#3347,#3348,#1746,.T.);
#4270=EDGE_CURVE('',#3297,#3349,#2723,.T.);
#4271=EDGE_CURVE('',#3348,#3349,#148,.T.);
#4272=EDGE_CURVE('',#3298,#3350,#2724,.T.);
#4273=EDGE_CURVE('',#3349,#3350,#1747,.T.);
#4274=EDGE_CURVE('',#3299,#3351,#2725,.T.);
#4275=EDGE_CURVE('',#3350,#3351,#149,.T.);
#4276=EDGE_CURVE('',#3352,#3279,#183,.T.);
#4277=EDGE_CURVE('',#3278,#3353,#2726,.T.);
#4278=EDGE_CURVE('',#3352,#3353,#1748,.T.);
#4279=EDGE_CURVE('',#3280,#3354,#2727,.T.);
#4280=EDGE_CURVE('',#3353,#3354,#150,.T.);
#4281=EDGE_CURVE('',#3281,#3355,#2728,.T.);
#4282=EDGE_CURVE('',#3354,#3355,#1749,.T.);
#4283=EDGE_CURVE('',#3282,#3356,#2729,.T.);
#4284=EDGE_CURVE('',#3355,#3356,#151,.T.);
#4285=EDGE_CURVE('',#3326,#3357,#2730,.T.);
#4286=EDGE_CURVE('',#3356,#3357,#1750,.T.);
#4287=EDGE_CURVE('',#3325,#3358,#2731,.T.);
#4288=EDGE_CURVE('',#3357,#3358,#152,.T.);
#4289=EDGE_CURVE('',#3358,#3327,#1751,.T.);
#4290=EDGE_CURVE('',#3359,#3300,#184,.T.);
#4291=EDGE_CURVE('',#3359,#3352,#153,.T.);
#4292=EDGE_CURVE('',#3351,#3359,#1752,.T.);
#4293=EDGE_CURVE('',#3360,#3361,#2732,.T.);
#4294=EDGE_CURVE('',#3285,#3361,#1753,.T.);
#4295=EDGE_CURVE('',#3284,#3362,#1754,.T.);
#4296=EDGE_CURVE('',#3362,#3363,#2733,.T.);
#4297=EDGE_CURVE('',#3363,#3360,#1755,.T.);
#4298=EDGE_CURVE('',#3364,#3365,#2734,.T.);
#4299=EDGE_CURVE('',#3365,#3366,#1756,.T.);
#4300=EDGE_CURVE('',#3366,#3367,#2735,.T.);
#4301=EDGE_CURVE('',#3364,#3367,#1757,.T.);
#4302=EDGE_CURVE('',#3365,#3302,#1758,.T.);
#4303=EDGE_CURVE('',#3307,#3366,#1759,.T.);
#4304=EDGE_CURVE('',#3368,#3310,#1760,.T.);
#4305=EDGE_CURVE('',#3309,#3369,#1761,.T.);
#4306=EDGE_CURVE('',#3368,#3369,#185,.T.);
#4307=EDGE_CURVE('',#3266,#3370,#1762,.T.);
#4308=EDGE_CURVE('',#3270,#3370,#2736,.T.);
#4309=EDGE_CURVE('',#3301,#3371,#1763,.T.);
#4310=EDGE_CURVE('',#3370,#3371,#1764,.T.);
#4311=EDGE_CURVE('',#3371,#3368,#2737,.T.);
#4312=EDGE_CURVE('',#3372,#3304,#1765,.T.);
#4313=EDGE_CURVE('',#3303,#3362,#1766,.T.);
#4314=EDGE_CURVE('',#3372,#3362,#186,.T.);
#4315=EDGE_CURVE('',#3308,#3373,#1767,.T.);
#4316=EDGE_CURVE('',#3369,#3373,#187,.T.);
#4317=EDGE_CURVE('',#3305,#3308,#1768,.T.);
#4318=EDGE_CURVE('',#3305,#3374,#1769,.T.);
#4319=EDGE_CURVE('',#3373,#3374,#1770,.T.);
#4320=EDGE_CURVE('',#3374,#3372,#188,.T.);
#4321=EDGE_CURVE('',#3302,#3363,#1771,.T.);
#4322=EDGE_CURVE('',#3365,#3360,#1772,.T.);
#4323=EDGE_CURVE('',#3361,#3364,#36,.T.);
#4324=EDGE_CURVE('',#3375,#3376,#189,.T.);
#4325=EDGE_CURVE('',#3376,#3377,#190,.T.);
#4326=EDGE_CURVE('',#3378,#3377,#1773,.T.);
#4327=EDGE_CURVE('',#3378,#3379,#191,.T.);
#4328=EDGE_CURVE('',#3379,#3380,#192,.T.);
#4329=EDGE_CURVE('',#3380,#3381,#1774,.T.);
#4330=EDGE_CURVE('',#3381,#3382,#193,.T.);
#4331=EDGE_CURVE('',#3382,#3383,#194,.T.);
#4332=EDGE_CURVE('',#3368,#3383,#1775,.T.);
#4333=EDGE_CURVE('',#3375,#3344,#1776,.T.);
#4334=EDGE_CURVE('',#3384,#3268,#2738,.T.);
#4335=EDGE_CURVE('',#3383,#3385,#2739,.T.);
#4336=EDGE_CURVE('',#3385,#3384,#1777,.T.);
#4337=EDGE_CURVE('',#3378,#3316,#1778,.T.);
#4338=EDGE_CURVE('',#3315,#3379,#1779,.T.);
#4339=EDGE_CURVE('',#3249,#3386,#1780,.T.);
#4340=EDGE_CURVE('',#3054,#3386,#2740,.T.);
#4341=EDGE_CURVE('',#3248,#3387,#1781,.T.);
#4342=EDGE_CURVE('',#3386,#3387,#1782,.T.);
#4343=EDGE_CURVE('',#3387,#3378,#2741,.T.);
#4344=EDGE_CURVE('',#3382,#3312,#1783,.T.);
#4345=EDGE_CURVE('',#3311,#3383,#1784,.T.);
#4346=EDGE_CURVE('',#3314,#3380,#1785,.T.);
#4347=EDGE_CURVE('',#3313,#3381,#1786,.T.);
#4348=EDGE_CURVE('',#3272,#3385,#1787,.T.);
#4349=EDGE_CURVE('',#3271,#3384,#1788,.T.);
#4350=EDGE_CURVE('',#3388,#2851,#1789,.T.);
#4351=EDGE_CURVE('',#3388,#3262,#1790,.T.);
#4352=EDGE_CURVE('',#3106,#3263,#1791,.T.);
#4353=EDGE_CURVE('',#3389,#3388,#1792,.T.);
#4354=EDGE_CURVE('',#3107,#3389,#1793,.T.);
#4355=EDGE_CURVE('',#2846,#3390,#1794,.T.);
#4356=EDGE_CURVE('',#3390,#3104,#1795,.T.);
#4357=EDGE_CURVE('',#2850,#3389,#1796,.T.);
#4358=EDGE_CURVE('',#2857,#3391,#1797,.T.);
#4359=EDGE_CURVE('',#2856,#3392,#1798,.T.);
#4360=EDGE_CURVE('',#3392,#3391,#154,.T.);
#4361=EDGE_CURVE('',#2863,#3393,#1799,.T.);
#4362=EDGE_CURVE('',#3393,#3392,#1800,.T.);
#4363=EDGE_CURVE('',#2862,#3394,#1801,.T.);
#4364=EDGE_CURVE('',#3394,#3393,#155,.T.);
#4365=EDGE_CURVE('',#2861,#3395,#1802,.T.);
#4366=EDGE_CURVE('',#3395,#3394,#1803,.T.);
#4367=EDGE_CURVE('',#2860,#3396,#1804,.T.);
#4368=EDGE_CURVE('',#3396,#3395,#156,.T.);
#4369=EDGE_CURVE('',#3208,#3210,#1805,.T.);
#4370=EDGE_CURVE('',#2867,#3397,#1806,.T.);
#4371=EDGE_CURVE('',#3397,#3223,#1807,.T.);
#4372=EDGE_CURVE('',#2866,#3398,#1808,.T.);
#4373=EDGE_CURVE('',#3398,#3397,#157,.T.);
#4374=EDGE_CURVE('',#3221,#3398,#1809,.T.);
#4375=EDGE_CURVE('',#2882,#3399,#1810,.T.);
#4376=EDGE_CURVE('',#3399,#3151,#2742,.T.);
#4377=EDGE_CURVE('',#2881,#3400,#1811,.T.);
#4378=EDGE_CURVE('',#3400,#3401,#1812,.T.);
#4379=EDGE_CURVE('',#3401,#3399,#1813,.T.);
#4380=EDGE_CURVE('',#2880,#3402,#1814,.T.);
#4381=EDGE_CURVE('',#3402,#3400,#158,.T.);
#4382=EDGE_CURVE('',#3156,#3402,#1815,.T.);
#4383=EDGE_CURVE('',#2890,#3403,#1816,.T.);
#4384=EDGE_CURVE('',#3403,#3213,#1817,.T.);
#4385=EDGE_CURVE('',#2889,#3404,#1818,.T.);
#4386=EDGE_CURVE('',#3404,#3403,#2743,.T.);
#4387=EDGE_CURVE('',#2888,#3405,#1819,.T.);
#4388=EDGE_CURVE('',#3405,#3404,#1820,.T.);
#4389=EDGE_CURVE('',#3217,#3405,#2744,.T.);
#4390=EDGE_CURVE('',#2845,#3406,#1821,.T.);
#4391=EDGE_CURVE('',#3407,#2844,#1822,.T.);
#4392=EDGE_CURVE('',#3407,#3367,#1823,.T.);
#4393=EDGE_CURVE('',#3406,#3306,#1824,.F.);
#4394=EDGE_CURVE('',#3408,#2843,#1825,.T.);
#4395=EDGE_CURVE('',#3408,#3407,#2745,.T.);
#4396=EDGE_CURVE('',#3409,#2842,#1826,.T.);
#4397=EDGE_CURVE('',#3409,#3408,#1827,.T.);
#4398=EDGE_CURVE('',#3410,#2841,#1828,.T.);
#4399=EDGE_CURVE('',#3410,#3409,#2746,.T.);
#4400=EDGE_CURVE('',#3411,#2840,#1829,.T.);
#4401=EDGE_CURVE('',#3411,#3410,#1830,.T.);
#4402=EDGE_CURVE('',#3412,#2839,#1831,.T.);
#4403=EDGE_CURVE('',#3412,#3411,#2747,.T.);
#4404=EDGE_CURVE('',#3413,#2838,#1832,.T.);
#4405=EDGE_CURVE('',#3413,#3412,#1833,.T.);
#4406=EDGE_CURVE('',#3101,#3413,#2748,.T.);
#4407=EDGE_CURVE('',#3406,#3390,#1834,.T.);
#4408=EDGE_CURVE('',#3414,#2859,#1835,.T.);
#4409=EDGE_CURVE('',#3414,#3396,#1836,.T.);
#4410=EDGE_CURVE('',#3415,#2858,#1837,.T.);
#4411=EDGE_CURVE('',#3415,#3414,#159,.T.);
#4412=EDGE_CURVE('',#3391,#3415,#1838,.T.);
#4413=EDGE_CURVE('',#3416,#3020,#1839,.T.);
#4414=EDGE_CURVE('',#3417,#3416,#1840,.T.);
#4415=EDGE_CURVE('',#3021,#3417,#1841,.T.);
#4416=EDGE_CURVE('',#3418,#3417,#1842,.T.);
#4417=EDGE_CURVE('',#3418,#3018,#1843,.T.);
#4418=EDGE_CURVE('',#3019,#3419,#1844,.T.);
#4419=EDGE_CURVE('',#3419,#3418,#1845,.T.);
#4420=EDGE_CURVE('',#3416,#3419,#1846,.T.);
#4421=EDGE_CURVE('',#3377,#3420,#1847,.T.);
#4422=EDGE_CURVE('',#3055,#3420,#1848,.T.);
#4423=EDGE_CURVE('',#3420,#3111,#2749,.T.);
#4424=EDGE_CURVE('',#3420,#3421,#2750,.T.);
#4425=EDGE_CURVE('',#3422,#3421,#2751,.T.);
#4426=EDGE_CURVE('',#3111,#3422,#2752,.T.);
#4427=EDGE_CURVE('',#3423,#3424,#1849,.T.);
#4428=EDGE_CURVE('',#3424,#3425,#2753,.T.);
#4429=EDGE_CURVE('',#3425,#3426,#1850,.T.);
#4430=EDGE_CURVE('',#3426,#3423,#1851,.T.);
#4431=EDGE_CURVE('',#3427,#3428,#1852,.T.);
#4432=EDGE_CURVE('',#3428,#3429,#1853,.T.);
#4433=EDGE_CURVE('',#3429,#3430,#1854,.T.);
#4434=EDGE_CURVE('',#3430,#3427,#2754,.T.);
#4435=EDGE_CURVE('',#3428,#3423,#2755,.T.);
#4436=EDGE_CURVE('',#3426,#3429,#2756,.T.);
#4437=EDGE_CURVE('',#3377,#3431,#2757,.T.);
#4438=EDGE_CURVE('',#3421,#3431,#1855,.T.);
#4439=EDGE_CURVE('',#3432,#3433,#1856,.T.);
#4440=EDGE_CURVE('',#3422,#3433,#1857,.T.);
#4441=EDGE_CURVE('',#3431,#3434,#1858,.T.);
#4442=EDGE_CURVE('',#3434,#3432,#2758,.T.);
#4443=EDGE_CURVE('',#3433,#3112,#2759,.T.);
#4444=EDGE_CURVE('',#3424,#3435,#195,.T.);
#4445=EDGE_CURVE('',#3435,#3112,#196,.T.);
#4446=EDGE_CURVE('',#3433,#3425,#2760,.T.);
#4447=EDGE_CURVE('',#3432,#3426,#2761,.T.);
#4448=EDGE_CURVE('',#3434,#3429,#2762,.T.);
#4449=EDGE_CURVE('',#3431,#3430,#2763,.T.);
#4450=EDGE_CURVE('',#3377,#3436,#197,.T.);
#4451=EDGE_CURVE('',#3436,#3437,#198,.T.);
#4452=EDGE_CURVE('',#3437,#3427,#199,.T.);
#4453=EDGE_CURVE('',#3112,#3438,#200,.T.);
#4454=EDGE_CURVE('',#3343,#3438,#1859,.T.);
#4455=EDGE_CURVE('',#3438,#3435,#2764,.T.);
#4456=EDGE_CURVE('',#3424,#3439,#2765,.T.);
#4457=EDGE_CURVE('',#3438,#3439,#160,.T.);
#4458=EDGE_CURVE('',#3440,#3427,#2766,.T.);
#4459=EDGE_CURVE('',#3437,#3375,#2767,.T.);
#4460=EDGE_CURVE('',#3440,#3375,#161,.T.);
#4461=EDGE_CURVE('',#3423,#3441,#2768,.T.);
#4462=EDGE_CURVE('',#3428,#3442,#2769,.T.);
#4463=EDGE_CURVE('',#3441,#3442,#2770,.T.);
#4464=EDGE_CURVE('',#3442,#3440,#1860,.T.);
#4465=EDGE_CURVE('',#3443,#3016,#1861,.T.);
#4466=EDGE_CURVE('',#3443,#3444,#1862,.T.);
#4467=EDGE_CURVE('',#3444,#3017,#1863,.T.);
#4468=EDGE_CURVE('',#3444,#3011,#2771,.T.);
#4469=EDGE_CURVE('',#2793,#3445,#2772,.T.);
#4470=EDGE_CURVE('',#3445,#3014,#1864,.T.);
#4471=EDGE_CURVE('',#3445,#3446,#1865,.T.);
#4472=EDGE_CURVE('',#3446,#3015,#1866,.T.);
#4473=EDGE_CURVE('',#3446,#3443,#2773,.T.);
#4474=EDGE_CURVE('',#3439,#3441,#1867,.T.);
#4475=EDGE_CURVE('',#3265,#2798,#1868,.T.);
#4476=EDGE_CURVE('',#3329,#3154,#1869,.T.);
#4477=EDGE_CURVE('',#3401,#3343,#1870,.T.);
#4478=EDGE_CURVE('',#2835,#3044,#1871,.T.);
#4479=EDGE_CURVE('',#2836,#3044,#1872,.T.);
#4480=EDGE_CURVE('',#3043,#3347,#162,.T.);
#4481=EDGE_CURVE('',#3027,#3346,#2774,.T.);
#4482=EDGE_CURVE('',#3296,#3042,#163,.T.);
#4483=EDGE_CURVE('',#3028,#3277,#2775,.T.);
#4484=EDGE_CURVE('',#3100,#3029,#1873,.T.);
#4485=EDGE_CURVE('',#2836,#3030,#1874,.T.);
#4486=ORIENTED_EDGE('',*,*,#3447,.T.);
#4487=ORIENTED_EDGE('',*,*,#3448,.T.);
#4488=ORIENTED_EDGE('',*,*,#3449,.F.);
#4489=ORIENTED_EDGE('',*,*,#3448,.F.);
#4490=ORIENTED_EDGE('',*,*,#3449,.T.);
#4491=ORIENTED_EDGE('',*,*,#3450,.T.);
#4492=ORIENTED_EDGE('',*,*,#3451,.T.);
#4493=ORIENTED_EDGE('',*,*,#3452,.F.);
#4494=ORIENTED_EDGE('',*,*,#3451,.F.);
#4495=ORIENTED_EDGE('',*,*,#3452,.T.);
#4496=ORIENTED_EDGE('',*,*,#3453,.T.);
#4497=ORIENTED_EDGE('',*,*,#3454,.T.);
#4498=ORIENTED_EDGE('',*,*,#3455,.F.);
#4499=ORIENTED_EDGE('',*,*,#3454,.F.);
#4500=ORIENTED_EDGE('',*,*,#3455,.T.);
#4501=ORIENTED_EDGE('',*,*,#3456,.T.);
#4502=ORIENTED_EDGE('',*,*,#3457,.T.);
#4503=ORIENTED_EDGE('',*,*,#3458,.F.);
#4504=ORIENTED_EDGE('',*,*,#3457,.F.);
#4505=ORIENTED_EDGE('',*,*,#3458,.T.);
#4506=ORIENTED_EDGE('',*,*,#3459,.T.);
#4507=ORIENTED_EDGE('',*,*,#3460,.T.);
#4508=ORIENTED_EDGE('',*,*,#3461,.T.);
#4509=ORIENTED_EDGE('',*,*,#3460,.F.);
#4510=ORIENTED_EDGE('',*,*,#3461,.F.);
#4511=ORIENTED_EDGE('',*,*,#3456,.F.);
#4512=ORIENTED_EDGE('',*,*,#3462,.T.);
#4513=ORIENTED_EDGE('',*,*,#3463,.T.);
#4514=ORIENTED_EDGE('',*,*,#3464,.T.);
#4515=ORIENTED_EDGE('',*,*,#3463,.F.);
#4516=ORIENTED_EDGE('',*,*,#3464,.F.);
#4517=ORIENTED_EDGE('',*,*,#3453,.F.);
#4518=ORIENTED_EDGE('',*,*,#3465,.T.);
#4519=ORIENTED_EDGE('',*,*,#3466,.T.);
#4520=ORIENTED_EDGE('',*,*,#3467,.T.);
#4521=ORIENTED_EDGE('',*,*,#3468,.T.);
#4522=ORIENTED_EDGE('',*,*,#3469,.T.);
#4523=ORIENTED_EDGE('',*,*,#3468,.F.);
#4524=ORIENTED_EDGE('',*,*,#3470,.T.);
#4525=ORIENTED_EDGE('',*,*,#3471,.T.);
#4526=ORIENTED_EDGE('',*,*,#3472,.T.);
#4527=ORIENTED_EDGE('',*,*,#3473,.T.);
#4528=ORIENTED_EDGE('',*,*,#3474,.F.);
#4529=ORIENTED_EDGE('',*,*,#3473,.F.);
#4530=ORIENTED_EDGE('',*,*,#3475,.T.);
#4531=ORIENTED_EDGE('',*,*,#3476,.T.);
#4532=ORIENTED_EDGE('',*,*,#3477,.T.);
#4533=ORIENTED_EDGE('',*,*,#3478,.F.);
#4534=ORIENTED_EDGE('',*,*,#3479,.F.);
#4535=ORIENTED_EDGE('',*,*,#3480,.F.);
#4536=ORIENTED_EDGE('',*,*,#3481,.T.);
#4537=ORIENTED_EDGE('',*,*,#3480,.T.);
#4538=ORIENTED_EDGE('',*,*,#3482,.T.);
#4539=ORIENTED_EDGE('',*,*,#3483,.T.);
#4540=ORIENTED_EDGE('',*,*,#3483,.F.);
#4541=ORIENTED_EDGE('',*,*,#3484,.T.);
#4542=ORIENTED_EDGE('',*,*,#3485,.T.);
#4543=ORIENTED_EDGE('',*,*,#3486,.F.);
#4544=ORIENTED_EDGE('',*,*,#3481,.F.);
#4545=ORIENTED_EDGE('',*,*,#3486,.T.);
#4546=ORIENTED_EDGE('',*,*,#3487,.T.);
#4547=ORIENTED_EDGE('',*,*,#3488,.T.);
#4548=ORIENTED_EDGE('',*,*,#3489,.T.);
#4549=ORIENTED_EDGE('',*,*,#3490,.T.);
#4550=ORIENTED_EDGE('',*,*,#3491,.T.);
#4551=ORIENTED_EDGE('',*,*,#3492,.T.);
#4552=ORIENTED_EDGE('',*,*,#3493,.T.);
#4553=ORIENTED_EDGE('',*,*,#3494,.T.);
#4554=ORIENTED_EDGE('',*,*,#3495,.T.);
#4555=ORIENTED_EDGE('',*,*,#3496,.T.);
#4556=ORIENTED_EDGE('',*,*,#3497,.T.);
#4557=ORIENTED_EDGE('',*,*,#3498,.T.);
#4558=ORIENTED_EDGE('',*,*,#3499,.T.);
#4559=ORIENTED_EDGE('',*,*,#3500,.T.);
#4560=ORIENTED_EDGE('',*,*,#3501,.T.);
#4561=ORIENTED_EDGE('',*,*,#3502,.T.);
#4562=ORIENTED_EDGE('',*,*,#3503,.T.);
#4563=ORIENTED_EDGE('',*,*,#3504,.T.);
#4564=ORIENTED_EDGE('',*,*,#3505,.T.);
#4565=ORIENTED_EDGE('',*,*,#3506,.T.);
#4566=ORIENTED_EDGE('',*,*,#3507,.F.);
#4567=ORIENTED_EDGE('',*,*,#3508,.F.);
#4568=ORIENTED_EDGE('',*,*,#3509,.F.);
#4569=ORIENTED_EDGE('',*,*,#3510,.F.);
#4570=ORIENTED_EDGE('',*,*,#3511,.F.);
#4571=ORIENTED_EDGE('',*,*,#3512,.F.);
#4572=ORIENTED_EDGE('',*,*,#3513,.F.);
#4573=ORIENTED_EDGE('',*,*,#3514,.F.);
#4574=ORIENTED_EDGE('',*,*,#3515,.F.);
#4575=ORIENTED_EDGE('',*,*,#3516,.T.);
#4576=ORIENTED_EDGE('',*,*,#3517,.F.);
#4577=ORIENTED_EDGE('',*,*,#3518,.T.);
#4578=ORIENTED_EDGE('',*,*,#3519,.T.);
#4579=ORIENTED_EDGE('',*,*,#3520,.T.);
#4580=ORIENTED_EDGE('',*,*,#3521,.T.);
#4581=ORIENTED_EDGE('',*,*,#3522,.T.);
#4582=ORIENTED_EDGE('',*,*,#3523,.T.);
#4583=ORIENTED_EDGE('',*,*,#3524,.T.);
#4584=ORIENTED_EDGE('',*,*,#3525,.T.);
#4585=ORIENTED_EDGE('',*,*,#3526,.T.);
#4586=ORIENTED_EDGE('',*,*,#3527,.T.);
#4587=ORIENTED_EDGE('',*,*,#3528,.T.);
#4588=ORIENTED_EDGE('',*,*,#3529,.T.);
#4589=ORIENTED_EDGE('',*,*,#3530,.T.);
#4590=ORIENTED_EDGE('',*,*,#3531,.T.);
#4591=ORIENTED_EDGE('',*,*,#3532,.T.);
#4592=ORIENTED_EDGE('',*,*,#3533,.F.);
#4593=ORIENTED_EDGE('',*,*,#3534,.T.);
#4594=ORIENTED_EDGE('',*,*,#3535,.T.);
#4595=ORIENTED_EDGE('',*,*,#3536,.T.);
#4596=ORIENTED_EDGE('',*,*,#3537,.T.);
#4597=ORIENTED_EDGE('',*,*,#3475,.F.);
#4598=ORIENTED_EDGE('',*,*,#3472,.F.);
#4599=ORIENTED_EDGE('',*,*,#3459,.F.);
#4600=ORIENTED_EDGE('',*,*,#3462,.F.);
#4601=ORIENTED_EDGE('',*,*,#3538,.T.);
#4602=ORIENTED_EDGE('',*,*,#3539,.F.);
#4603=ORIENTED_EDGE('',*,*,#3540,.T.);
#4604=ORIENTED_EDGE('',*,*,#3541,.T.);
#4605=ORIENTED_EDGE('',*,*,#3542,.T.);
#4606=ORIENTED_EDGE('',*,*,#3543,.T.);
#4607=ORIENTED_EDGE('',*,*,#3544,.T.);
#4608=ORIENTED_EDGE('',*,*,#3545,.T.);
#4609=ORIENTED_EDGE('',*,*,#3546,.T.);
#4610=ORIENTED_EDGE('',*,*,#3547,.T.);
#4611=ORIENTED_EDGE('',*,*,#3548,.T.);
#4612=ORIENTED_EDGE('',*,*,#3549,.T.);
#4613=ORIENTED_EDGE('',*,*,#3550,.T.);
#4614=ORIENTED_EDGE('',*,*,#3551,.T.);
#4615=ORIENTED_EDGE('',*,*,#3552,.T.);
#4616=ORIENTED_EDGE('',*,*,#3553,.T.);
#4617=ORIENTED_EDGE('',*,*,#3554,.T.);
#4618=ORIENTED_EDGE('',*,*,#3555,.T.);
#4619=ORIENTED_EDGE('',*,*,#3556,.T.);
#4620=ORIENTED_EDGE('',*,*,#3557,.T.);
#4621=ORIENTED_EDGE('',*,*,#3558,.T.);
#4622=ORIENTED_EDGE('',*,*,#3559,.T.);
#4623=ORIENTED_EDGE('',*,*,#3560,.T.);
#4624=ORIENTED_EDGE('',*,*,#3561,.T.);
#4625=ORIENTED_EDGE('',*,*,#3562,.T.);
#4626=ORIENTED_EDGE('',*,*,#3563,.T.);
#4627=ORIENTED_EDGE('',*,*,#3564,.T.);
#4628=ORIENTED_EDGE('',*,*,#3565,.T.);
#4629=ORIENTED_EDGE('',*,*,#3566,.T.);
#4630=ORIENTED_EDGE('',*,*,#3567,.T.);
#4631=ORIENTED_EDGE('',*,*,#3568,.T.);
#4632=ORIENTED_EDGE('',*,*,#3569,.T.);
#4633=ORIENTED_EDGE('',*,*,#3570,.T.);
#4634=ORIENTED_EDGE('',*,*,#3571,.T.);
#4635=ORIENTED_EDGE('',*,*,#3572,.T.);
#4636=ORIENTED_EDGE('',*,*,#3573,.T.);
#4637=ORIENTED_EDGE('',*,*,#3574,.T.);
#4638=ORIENTED_EDGE('',*,*,#3575,.T.);
#4639=ORIENTED_EDGE('',*,*,#3576,.T.);
#4640=ORIENTED_EDGE('',*,*,#3577,.T.);
#4641=ORIENTED_EDGE('',*,*,#3578,.T.);
#4642=ORIENTED_EDGE('',*,*,#3579,.T.);
#4643=ORIENTED_EDGE('',*,*,#3580,.T.);
#4644=ORIENTED_EDGE('',*,*,#3581,.T.);
#4645=ORIENTED_EDGE('',*,*,#3582,.T.);
#4646=ORIENTED_EDGE('',*,*,#3583,.T.);
#4647=ORIENTED_EDGE('',*,*,#3584,.T.);
#4648=ORIENTED_EDGE('',*,*,#3585,.T.);
#4649=ORIENTED_EDGE('',*,*,#3586,.T.);
#4650=ORIENTED_EDGE('',*,*,#3587,.T.);
#4651=ORIENTED_EDGE('',*,*,#3588,.T.);
#4652=ORIENTED_EDGE('',*,*,#3589,.T.);
#4653=ORIENTED_EDGE('',*,*,#3590,.T.);
#4654=ORIENTED_EDGE('',*,*,#3591,.T.);
#4655=ORIENTED_EDGE('',*,*,#3592,.T.);
#4656=ORIENTED_EDGE('',*,*,#3593,.T.);
#4657=ORIENTED_EDGE('',*,*,#3594,.T.);
#4658=ORIENTED_EDGE('',*,*,#3595,.T.);
#4659=ORIENTED_EDGE('',*,*,#3596,.T.);
#4660=ORIENTED_EDGE('',*,*,#3597,.T.);
#4661=ORIENTED_EDGE('',*,*,#3598,.T.);
#4662=ORIENTED_EDGE('',*,*,#3599,.T.);
#4663=ORIENTED_EDGE('',*,*,#3600,.T.);
#4664=ORIENTED_EDGE('',*,*,#3601,.T.);
#4665=ORIENTED_EDGE('',*,*,#3602,.T.);
#4666=ORIENTED_EDGE('',*,*,#3603,.T.);
#4667=ORIENTED_EDGE('',*,*,#3604,.T.);
#4668=ORIENTED_EDGE('',*,*,#3605,.T.);
#4669=ORIENTED_EDGE('',*,*,#3606,.T.);
#4670=ORIENTED_EDGE('',*,*,#3607,.T.);
#4671=ORIENTED_EDGE('',*,*,#3608,.T.);
#4672=ORIENTED_EDGE('',*,*,#3609,.T.);
#4673=ORIENTED_EDGE('',*,*,#3610,.T.);
#4674=ORIENTED_EDGE('',*,*,#3611,.T.);
#4675=ORIENTED_EDGE('',*,*,#3612,.T.);
#4676=ORIENTED_EDGE('',*,*,#3613,.T.);
#4677=ORIENTED_EDGE('',*,*,#3614,.T.);
#4678=ORIENTED_EDGE('',*,*,#3615,.T.);
#4679=ORIENTED_EDGE('',*,*,#3616,.T.);
#4680=ORIENTED_EDGE('',*,*,#3617,.T.);
#4681=ORIENTED_EDGE('',*,*,#3618,.T.);
#4682=ORIENTED_EDGE('',*,*,#3619,.T.);
#4683=ORIENTED_EDGE('',*,*,#3620,.T.);
#4684=ORIENTED_EDGE('',*,*,#3621,.T.);
#4685=ORIENTED_EDGE('',*,*,#3622,.T.);
#4686=ORIENTED_EDGE('',*,*,#3623,.T.);
#4687=ORIENTED_EDGE('',*,*,#3624,.T.);
#4688=ORIENTED_EDGE('',*,*,#3625,.T.);
#4689=ORIENTED_EDGE('',*,*,#3626,.T.);
#4690=ORIENTED_EDGE('',*,*,#3627,.T.);
#4691=ORIENTED_EDGE('',*,*,#3628,.T.);
#4692=ORIENTED_EDGE('',*,*,#3629,.T.);
#4693=ORIENTED_EDGE('',*,*,#3630,.T.);
#4694=ORIENTED_EDGE('',*,*,#3631,.T.);
#4695=ORIENTED_EDGE('',*,*,#3632,.T.);
#4696=ORIENTED_EDGE('',*,*,#3633,.T.);
#4697=ORIENTED_EDGE('',*,*,#3634,.T.);
#4698=ORIENTED_EDGE('',*,*,#3635,.T.);
#4699=ORIENTED_EDGE('',*,*,#3636,.T.);
#4700=ORIENTED_EDGE('',*,*,#3637,.T.);
#4701=ORIENTED_EDGE('',*,*,#3638,.T.);
#4702=ORIENTED_EDGE('',*,*,#3639,.T.);
#4703=ORIENTED_EDGE('',*,*,#3640,.T.);
#4704=ORIENTED_EDGE('',*,*,#3641,.T.);
#4705=ORIENTED_EDGE('',*,*,#3642,.T.);
#4706=ORIENTED_EDGE('',*,*,#3643,.T.);
#4707=ORIENTED_EDGE('',*,*,#3644,.T.);
#4708=ORIENTED_EDGE('',*,*,#3645,.T.);
#4709=ORIENTED_EDGE('',*,*,#3646,.T.);
#4710=ORIENTED_EDGE('',*,*,#3647,.T.);
#4711=ORIENTED_EDGE('',*,*,#3648,.T.);
#4712=ORIENTED_EDGE('',*,*,#3649,.T.);
#4713=ORIENTED_EDGE('',*,*,#3650,.T.);
#4714=ORIENTED_EDGE('',*,*,#3651,.T.);
#4715=ORIENTED_EDGE('',*,*,#3652,.T.);
#4716=ORIENTED_EDGE('',*,*,#3653,.T.);
#4717=ORIENTED_EDGE('',*,*,#3654,.T.);
#4718=ORIENTED_EDGE('',*,*,#3655,.T.);
#4719=ORIENTED_EDGE('',*,*,#3656,.T.);
#4720=ORIENTED_EDGE('',*,*,#3657,.T.);
#4721=ORIENTED_EDGE('',*,*,#3658,.T.);
#4722=ORIENTED_EDGE('',*,*,#3659,.T.);
#4723=ORIENTED_EDGE('',*,*,#3660,.T.);
#4724=ORIENTED_EDGE('',*,*,#3661,.T.);
#4725=ORIENTED_EDGE('',*,*,#3662,.T.);
#4726=ORIENTED_EDGE('',*,*,#3663,.T.);
#4727=ORIENTED_EDGE('',*,*,#3664,.T.);
#4728=ORIENTED_EDGE('',*,*,#3665,.T.);
#4729=ORIENTED_EDGE('',*,*,#3666,.T.);
#4730=ORIENTED_EDGE('',*,*,#3667,.T.);
#4731=ORIENTED_EDGE('',*,*,#3668,.T.);
#4732=ORIENTED_EDGE('',*,*,#3669,.T.);
#4733=ORIENTED_EDGE('',*,*,#3670,.T.);
#4734=ORIENTED_EDGE('',*,*,#3671,.T.);
#4735=ORIENTED_EDGE('',*,*,#3672,.T.);
#4736=ORIENTED_EDGE('',*,*,#3673,.T.);
#4737=ORIENTED_EDGE('',*,*,#3674,.T.);
#4738=ORIENTED_EDGE('',*,*,#3675,.T.);
#4739=ORIENTED_EDGE('',*,*,#3676,.T.);
#4740=ORIENTED_EDGE('',*,*,#3677,.T.);
#4741=ORIENTED_EDGE('',*,*,#3678,.T.);
#4742=ORIENTED_EDGE('',*,*,#3679,.T.);
#4743=ORIENTED_EDGE('',*,*,#3680,.T.);
#4744=ORIENTED_EDGE('',*,*,#3681,.T.);
#4745=ORIENTED_EDGE('',*,*,#3682,.T.);
#4746=ORIENTED_EDGE('',*,*,#3683,.F.);
#4747=ORIENTED_EDGE('',*,*,#3478,.T.);
#4748=ORIENTED_EDGE('',*,*,#3684,.T.);
#4749=ORIENTED_EDGE('',*,*,#3685,.T.);
#4750=ORIENTED_EDGE('',*,*,#3686,.T.);
#4751=ORIENTED_EDGE('',*,*,#3685,.F.);
#4752=ORIENTED_EDGE('',*,*,#3687,.F.);
#4753=ORIENTED_EDGE('',*,*,#3688,.F.);
#4754=ORIENTED_EDGE('',*,*,#3689,.T.);
#4755=ORIENTED_EDGE('',*,*,#3690,.T.);
#4756=ORIENTED_EDGE('',*,*,#3691,.T.);
#4757=ORIENTED_EDGE('',*,*,#3692,.T.);
#4758=ORIENTED_EDGE('',*,*,#3693,.T.);
#4759=ORIENTED_EDGE('',*,*,#3691,.F.);
#4760=ORIENTED_EDGE('',*,*,#3694,.F.);
#4761=ORIENTED_EDGE('',*,*,#3695,.F.);
#4762=ORIENTED_EDGE('',*,*,#3696,.T.);
#4763=ORIENTED_EDGE('',*,*,#3697,.T.);
#4764=ORIENTED_EDGE('',*,*,#3693,.F.);
#4765=ORIENTED_EDGE('',*,*,#3698,.T.);
#4766=ORIENTED_EDGE('',*,*,#3699,.T.);
#4767=ORIENTED_EDGE('',*,*,#3465,.F.);
#4768=ORIENTED_EDGE('',*,*,#3469,.F.);
#4769=ORIENTED_EDGE('',*,*,#3700,.T.);
#4770=ORIENTED_EDGE('',*,*,#3701,.T.);
#4771=ORIENTED_EDGE('',*,*,#3702,.T.);
#4772=ORIENTED_EDGE('',*,*,#3703,.T.);
#4773=ORIENTED_EDGE('',*,*,#3704,.T.);
#4774=ORIENTED_EDGE('',*,*,#3694,.T.);
#4775=ORIENTED_EDGE('',*,*,#3690,.F.);
#4776=ORIENTED_EDGE('',*,*,#3697,.F.);
#4777=ORIENTED_EDGE('',*,*,#3705,.F.);
#4778=ORIENTED_EDGE('',*,*,#3706,.T.);
#4779=ORIENTED_EDGE('',*,*,#3707,.T.);
#4780=ORIENTED_EDGE('',*,*,#3708,.T.);
#4781=ORIENTED_EDGE('',*,*,#3709,.T.);
#4782=ORIENTED_EDGE('',*,*,#3466,.F.);
#4783=ORIENTED_EDGE('',*,*,#3705,.T.);
#4784=ORIENTED_EDGE('',*,*,#3699,.F.);
#4785=ORIENTED_EDGE('',*,*,#3710,.T.);
#4786=ORIENTED_EDGE('',*,*,#3711,.T.);
#4787=ORIENTED_EDGE('',*,*,#3712,.T.);
#4788=ORIENTED_EDGE('',*,*,#3713,.T.);
#4789=ORIENTED_EDGE('',*,*,#3714,.T.);
#4790=ORIENTED_EDGE('',*,*,#3715,.T.);
#4791=ORIENTED_EDGE('',*,*,#3716,.T.);
#4792=ORIENTED_EDGE('',*,*,#3717,.T.);
#4793=ORIENTED_EDGE('',*,*,#3718,.T.);
#4794=ORIENTED_EDGE('',*,*,#3719,.T.);
#4795=ORIENTED_EDGE('',*,*,#3720,.T.);
#4796=ORIENTED_EDGE('',*,*,#3721,.T.);
#4797=ORIENTED_EDGE('',*,*,#3514,.T.);
#4798=ORIENTED_EDGE('',*,*,#3722,.T.);
#4799=ORIENTED_EDGE('',*,*,#3723,.T.);
#4800=ORIENTED_EDGE('',*,*,#3724,.F.);
#4801=ORIENTED_EDGE('',*,*,#3725,.T.);
#4802=ORIENTED_EDGE('',*,*,#3726,.F.);
#4803=ORIENTED_EDGE('',*,*,#3727,.T.);
#4804=ORIENTED_EDGE('',*,*,#3726,.T.);
#4805=ORIENTED_EDGE('',*,*,#3728,.T.);
#4806=ORIENTED_EDGE('',*,*,#3729,.F.);
#4807=ORIENTED_EDGE('',*,*,#3730,.T.);
#4808=ORIENTED_EDGE('',*,*,#3731,.T.);
#4809=ORIENTED_EDGE('',*,*,#3508,.T.);
#4810=ORIENTED_EDGE('',*,*,#3732,.T.);
#4811=ORIENTED_EDGE('',*,*,#3733,.T.);
#4812=ORIENTED_EDGE('',*,*,#3734,.T.);
#4813=ORIENTED_EDGE('',*,*,#3735,.T.);
#4814=ORIENTED_EDGE('',*,*,#3736,.T.);
#4815=ORIENTED_EDGE('',*,*,#3724,.T.);
#4816=ORIENTED_EDGE('',*,*,#3737,.T.);
#4817=ORIENTED_EDGE('',*,*,#3729,.T.);
#4818=ORIENTED_EDGE('',*,*,#3738,.T.);
#4819=ORIENTED_EDGE('',*,*,#3712,.F.);
#4820=ORIENTED_EDGE('',*,*,#3720,.F.);
#4821=ORIENTED_EDGE('',*,*,#3739,.F.);
#4822=ORIENTED_EDGE('',*,*,#3740,.T.);
#4823=ORIENTED_EDGE('',*,*,#3741,.F.);
#4824=ORIENTED_EDGE('',*,*,#3721,.F.);
#4825=ORIENTED_EDGE('',*,*,#3741,.T.);
#4826=ORIENTED_EDGE('',*,*,#3742,.F.);
#4827=ORIENTED_EDGE('',*,*,#3515,.T.);
#4828=ORIENTED_EDGE('',*,*,#3722,.F.);
#4829=ORIENTED_EDGE('',*,*,#3513,.T.);
#4830=ORIENTED_EDGE('',*,*,#3743,.T.);
#4831=ORIENTED_EDGE('',*,*,#3744,.F.);
#4832=ORIENTED_EDGE('',*,*,#3711,.F.);
#4833=ORIENTED_EDGE('',*,*,#3744,.T.);
#4834=ORIENTED_EDGE('',*,*,#3745,.T.);
#4835=ORIENTED_EDGE('',*,*,#3746,.T.);
#4836=ORIENTED_EDGE('',*,*,#3747,.T.);
#4837=ORIENTED_EDGE('',*,*,#3748,.T.);
#4838=ORIENTED_EDGE('',*,*,#3730,.F.);
#4839=ORIENTED_EDGE('',*,*,#3723,.F.);
#4840=ORIENTED_EDGE('',*,*,#3727,.F.);
#4841=ORIENTED_EDGE('',*,*,#3737,.F.);
#4842=ORIENTED_EDGE('',*,*,#3731,.F.);
#4843=ORIENTED_EDGE('',*,*,#3748,.F.);
#4844=ORIENTED_EDGE('',*,*,#3749,.F.);
#4845=ORIENTED_EDGE('',*,*,#3509,.T.);
#4846=ORIENTED_EDGE('',*,*,#3732,.F.);
#4847=ORIENTED_EDGE('',*,*,#3507,.T.);
#4848=ORIENTED_EDGE('',*,*,#3750,.T.);
#4849=ORIENTED_EDGE('',*,*,#3751,.T.);
#4850=ORIENTED_EDGE('',*,*,#3479,.T.);
#4851=ORIENTED_EDGE('',*,*,#3686,.F.);
#4852=ORIENTED_EDGE('',*,*,#3689,.F.);
#4853=ORIENTED_EDGE('',*,*,#3752,.F.);
#4854=ORIENTED_EDGE('',*,*,#3753,.F.);
#4855=ORIENTED_EDGE('',*,*,#3754,.F.);
#4856=ORIENTED_EDGE('',*,*,#3755,.T.);
#4857=ORIENTED_EDGE('',*,*,#3756,.T.);
#4858=ORIENTED_EDGE('',*,*,#3757,.T.);
#4859=ORIENTED_EDGE('',*,*,#3758,.T.);
#4860=ORIENTED_EDGE('',*,*,#3759,.T.);
#4861=ORIENTED_EDGE('',*,*,#3760,.T.);
#4862=ORIENTED_EDGE('',*,*,#3761,.T.);
#4863=ORIENTED_EDGE('',*,*,#3762,.T.);
#4864=ORIENTED_EDGE('',*,*,#3763,.T.);
#4865=ORIENTED_EDGE('',*,*,#3764,.T.);
#4866=ORIENTED_EDGE('',*,*,#3765,.T.);
#4867=ORIENTED_EDGE('',*,*,#3766,.T.);
#4868=ORIENTED_EDGE('',*,*,#3767,.T.);
#4869=ORIENTED_EDGE('',*,*,#3768,.F.);
#4870=ORIENTED_EDGE('',*,*,#3769,.T.);
#4871=ORIENTED_EDGE('',*,*,#3770,.T.);
#4872=ORIENTED_EDGE('',*,*,#3771,.T.);
#4873=ORIENTED_EDGE('',*,*,#3772,.F.);
#4874=ORIENTED_EDGE('',*,*,#3773,.T.);
#4875=ORIENTED_EDGE('',*,*,#3774,.T.);
#4876=ORIENTED_EDGE('',*,*,#3775,.T.);
#4877=ORIENTED_EDGE('',*,*,#3776,.F.);
#4878=ORIENTED_EDGE('',*,*,#3777,.T.);
#4879=ORIENTED_EDGE('',*,*,#3778,.T.);
#4880=ORIENTED_EDGE('',*,*,#3779,.T.);
#4881=ORIENTED_EDGE('',*,*,#3780,.T.);
#4882=ORIENTED_EDGE('',*,*,#3733,.F.);
#4883=ORIENTED_EDGE('',*,*,#3751,.F.);
#4884=ORIENTED_EDGE('',*,*,#3781,.F.);
#4885=ORIENTED_EDGE('',*,*,#3782,.F.);
#4886=ORIENTED_EDGE('',*,*,#3783,.F.);
#4887=ORIENTED_EDGE('',*,*,#3784,.F.);
#4888=ORIENTED_EDGE('',*,*,#3785,.F.);
#4889=ORIENTED_EDGE('',*,*,#3786,.F.);
#4890=ORIENTED_EDGE('',*,*,#3787,.F.);
#4891=ORIENTED_EDGE('',*,*,#3788,.F.);
#4892=ORIENTED_EDGE('',*,*,#3789,.F.);
#4893=ORIENTED_EDGE('',*,*,#3790,.F.);
#4894=ORIENTED_EDGE('',*,*,#3791,.F.);
#4895=ORIENTED_EDGE('',*,*,#3792,.F.);
#4896=ORIENTED_EDGE('',*,*,#3793,.F.);
#4897=ORIENTED_EDGE('',*,*,#3794,.F.);
#4898=ORIENTED_EDGE('',*,*,#3795,.F.);
#4899=ORIENTED_EDGE('',*,*,#3796,.F.);
#4900=ORIENTED_EDGE('',*,*,#3797,.F.);
#4901=ORIENTED_EDGE('',*,*,#3798,.F.);
#4902=ORIENTED_EDGE('',*,*,#3799,.F.);
#4903=ORIENTED_EDGE('',*,*,#3800,.F.);
#4904=ORIENTED_EDGE('',*,*,#3484,.F.);
#4905=ORIENTED_EDGE('',*,*,#3482,.F.);
#4906=ORIENTED_EDGE('',*,*,#3512,.T.);
#4907=ORIENTED_EDGE('',*,*,#3801,.T.);
#4908=ORIENTED_EDGE('',*,*,#3745,.F.);
#4909=ORIENTED_EDGE('',*,*,#3743,.F.);
#4910=ORIENTED_EDGE('',*,*,#3511,.T.);
#4911=ORIENTED_EDGE('',*,*,#3802,.T.);
#4912=ORIENTED_EDGE('',*,*,#3746,.F.);
#4913=ORIENTED_EDGE('',*,*,#3801,.F.);
#4914=ORIENTED_EDGE('',*,*,#3510,.T.);
#4915=ORIENTED_EDGE('',*,*,#3749,.T.);
#4916=ORIENTED_EDGE('',*,*,#3747,.F.);
#4917=ORIENTED_EDGE('',*,*,#3802,.F.);
#4918=ORIENTED_EDGE('',*,*,#3714,.F.);
#4919=ORIENTED_EDGE('',*,*,#3803,.F.);
#4920=ORIENTED_EDGE('',*,*,#3804,.T.);
#4921=ORIENTED_EDGE('',*,*,#3805,.F.);
#4922=ORIENTED_EDGE('',*,*,#3518,.F.);
#4923=ORIENTED_EDGE('',*,*,#3806,.F.);
#4924=ORIENTED_EDGE('',*,*,#3807,.T.);
#4925=ORIENTED_EDGE('',*,*,#3808,.F.);
#4926=ORIENTED_EDGE('',*,*,#3809,.T.);
#4927=ORIENTED_EDGE('',*,*,#3810,.T.);
#4928=ORIENTED_EDGE('',*,*,#3811,.F.);
#4929=ORIENTED_EDGE('',*,*,#3810,.F.);
#4930=ORIENTED_EDGE('',*,*,#3811,.T.);
#4931=ORIENTED_EDGE('',*,*,#3474,.T.);
#4932=ORIENTED_EDGE('',*,*,#3809,.F.);
#4933=ORIENTED_EDGE('',*,*,#3529,.F.);
#4934=ORIENTED_EDGE('',*,*,#3812,.F.);
#4935=ORIENTED_EDGE('',*,*,#3813,.F.);
#4936=ORIENTED_EDGE('',*,*,#3814,.F.);
#4937=ORIENTED_EDGE('',*,*,#3814,.T.);
#4938=ORIENTED_EDGE('',*,*,#3815,.T.);
#4939=ORIENTED_EDGE('',*,*,#3816,.T.);
#4940=ORIENTED_EDGE('',*,*,#3817,.F.);
#4941=ORIENTED_EDGE('',*,*,#3530,.F.);
#4942=ORIENTED_EDGE('',*,*,#3818,.T.);
#4943=ORIENTED_EDGE('',*,*,#3819,.T.);
#4944=ORIENTED_EDGE('',*,*,#3820,.F.);
#4945=ORIENTED_EDGE('',*,*,#3819,.F.);
#4946=ORIENTED_EDGE('',*,*,#3820,.T.);
#4947=ORIENTED_EDGE('',*,*,#3683,.T.);
#4948=ORIENTED_EDGE('',*,*,#3821,.T.);
#4949=ORIENTED_EDGE('',*,*,#3822,.T.);
#4950=ORIENTED_EDGE('',*,*,#3821,.F.);
#4951=ORIENTED_EDGE('',*,*,#3822,.F.);
#4952=ORIENTED_EDGE('',*,*,#3818,.F.);
#4953=ORIENTED_EDGE('',*,*,#3823,.T.);
#4954=ORIENTED_EDGE('',*,*,#3824,.T.);
#4955=ORIENTED_EDGE('',*,*,#3825,.T.);
#4956=ORIENTED_EDGE('',*,*,#3826,.T.);
#4957=ORIENTED_EDGE('',*,*,#3758,.F.);
#4958=ORIENTED_EDGE('',*,*,#3827,.T.);
#4959=ORIENTED_EDGE('',*,*,#3493,.F.);
#4960=ORIENTED_EDGE('',*,*,#3828,.F.);
#4961=ORIENTED_EDGE('',*,*,#3794,.T.);
#4962=ORIENTED_EDGE('',*,*,#3829,.T.);
#4963=ORIENTED_EDGE('',*,*,#3492,.F.);
#4964=ORIENTED_EDGE('',*,*,#3830,.F.);
#4965=ORIENTED_EDGE('',*,*,#3795,.T.);
#4966=ORIENTED_EDGE('',*,*,#3828,.T.);
#4967=ORIENTED_EDGE('',*,*,#3491,.F.);
#4968=ORIENTED_EDGE('',*,*,#3831,.F.);
#4969=ORIENTED_EDGE('',*,*,#3796,.T.);
#4970=ORIENTED_EDGE('',*,*,#3830,.T.);
#4971=ORIENTED_EDGE('',*,*,#3490,.F.);
#4972=ORIENTED_EDGE('',*,*,#3832,.F.);
#4973=ORIENTED_EDGE('',*,*,#3797,.T.);
#4974=ORIENTED_EDGE('',*,*,#3831,.T.);
#4975=ORIENTED_EDGE('',*,*,#3489,.F.);
#4976=ORIENTED_EDGE('',*,*,#3833,.F.);
#4977=ORIENTED_EDGE('',*,*,#3798,.T.);
#4978=ORIENTED_EDGE('',*,*,#3832,.T.);
#4979=ORIENTED_EDGE('',*,*,#3488,.F.);
#4980=ORIENTED_EDGE('',*,*,#3834,.F.);
#4981=ORIENTED_EDGE('',*,*,#3799,.T.);
#4982=ORIENTED_EDGE('',*,*,#3833,.T.);
#4983=ORIENTED_EDGE('',*,*,#3487,.F.);
#4984=ORIENTED_EDGE('',*,*,#3485,.F.);
#4985=ORIENTED_EDGE('',*,*,#3800,.T.);
#4986=ORIENTED_EDGE('',*,*,#3834,.T.);
#4987=ORIENTED_EDGE('',*,*,#3752,.T.);
#4988=ORIENTED_EDGE('',*,*,#3688,.T.);
#4989=ORIENTED_EDGE('',*,*,#3835,.F.);
#4990=ORIENTED_EDGE('',*,*,#3836,.F.);
#4991=ORIENTED_EDGE('',*,*,#3837,.F.);
#4992=ORIENTED_EDGE('',*,*,#3838,.F.);
#4993=ORIENTED_EDGE('',*,*,#3839,.T.);
#4994=ORIENTED_EDGE('',*,*,#3840,.F.);
#4995=ORIENTED_EDGE('',*,*,#3647,.F.);
#4996=ORIENTED_EDGE('',*,*,#3841,.T.);
#4997=ORIENTED_EDGE('',*,*,#3842,.T.);
#4998=ORIENTED_EDGE('',*,*,#3843,.F.);
#4999=ORIENTED_EDGE('',*,*,#3648,.F.);
#5000=ORIENTED_EDGE('',*,*,#3840,.T.);
#5001=ORIENTED_EDGE('',*,*,#3844,.T.);
#5002=ORIENTED_EDGE('',*,*,#3845,.F.);
#5003=ORIENTED_EDGE('',*,*,#3649,.F.);
#5004=ORIENTED_EDGE('',*,*,#3843,.T.);
#5005=ORIENTED_EDGE('',*,*,#3846,.T.);
#5006=ORIENTED_EDGE('',*,*,#3847,.T.);
#5007=ORIENTED_EDGE('',*,*,#3650,.F.);
#5008=ORIENTED_EDGE('',*,*,#3845,.T.);
#5009=ORIENTED_EDGE('',*,*,#3848,.T.);
#5010=ORIENTED_EDGE('',*,*,#3849,.F.);
#5011=ORIENTED_EDGE('',*,*,#3643,.F.);
#5012=ORIENTED_EDGE('',*,*,#3847,.F.);
#5013=ORIENTED_EDGE('',*,*,#3850,.T.);
#5014=ORIENTED_EDGE('',*,*,#3851,.F.);
#5015=ORIENTED_EDGE('',*,*,#3644,.F.);
#5016=ORIENTED_EDGE('',*,*,#3849,.T.);
#5017=ORIENTED_EDGE('',*,*,#3852,.T.);
#5018=ORIENTED_EDGE('',*,*,#3853,.F.);
#5019=ORIENTED_EDGE('',*,*,#3645,.F.);
#5020=ORIENTED_EDGE('',*,*,#3851,.T.);
#5021=ORIENTED_EDGE('',*,*,#3854,.T.);
#5022=ORIENTED_EDGE('',*,*,#3841,.F.);
#5023=ORIENTED_EDGE('',*,*,#3646,.F.);
#5024=ORIENTED_EDGE('',*,*,#3853,.T.);
#5025=ORIENTED_EDGE('',*,*,#3855,.T.);
#5026=ORIENTED_EDGE('',*,*,#3856,.F.);
#5027=ORIENTED_EDGE('',*,*,#3638,.F.);
#5028=ORIENTED_EDGE('',*,*,#3857,.T.);
#5029=ORIENTED_EDGE('',*,*,#3858,.T.);
#5030=ORIENTED_EDGE('',*,*,#3859,.F.);
#5031=ORIENTED_EDGE('',*,*,#3639,.F.);
#5032=ORIENTED_EDGE('',*,*,#3856,.T.);
#5033=ORIENTED_EDGE('',*,*,#3860,.T.);
#5034=ORIENTED_EDGE('',*,*,#3861,.F.);
#5035=ORIENTED_EDGE('',*,*,#3640,.F.);
#5036=ORIENTED_EDGE('',*,*,#3859,.T.);
#5037=ORIENTED_EDGE('',*,*,#3862,.T.);
#5038=ORIENTED_EDGE('',*,*,#3863,.T.);
#5039=ORIENTED_EDGE('',*,*,#3641,.F.);
#5040=ORIENTED_EDGE('',*,*,#3861,.T.);
#5041=ORIENTED_EDGE('',*,*,#3864,.T.);
#5042=ORIENTED_EDGE('',*,*,#3865,.F.);
#5043=ORIENTED_EDGE('',*,*,#3634,.F.);
#5044=ORIENTED_EDGE('',*,*,#3863,.F.);
#5045=ORIENTED_EDGE('',*,*,#3866,.T.);
#5046=ORIENTED_EDGE('',*,*,#3867,.F.);
#5047=ORIENTED_EDGE('',*,*,#3635,.F.);
#5048=ORIENTED_EDGE('',*,*,#3865,.T.);
#5049=ORIENTED_EDGE('',*,*,#3868,.T.);
#5050=ORIENTED_EDGE('',*,*,#3869,.F.);
#5051=ORIENTED_EDGE('',*,*,#3636,.F.);
#5052=ORIENTED_EDGE('',*,*,#3867,.T.);
#5053=ORIENTED_EDGE('',*,*,#3870,.T.);
#5054=ORIENTED_EDGE('',*,*,#3857,.F.);
#5055=ORIENTED_EDGE('',*,*,#3637,.F.);
#5056=ORIENTED_EDGE('',*,*,#3869,.T.);
#5057=ORIENTED_EDGE('',*,*,#3871,.T.);
#5058=ORIENTED_EDGE('',*,*,#3872,.F.);
#5059=ORIENTED_EDGE('',*,*,#3630,.F.);
#5060=ORIENTED_EDGE('',*,*,#3873,.T.);
#5061=ORIENTED_EDGE('',*,*,#3874,.T.);
#5062=ORIENTED_EDGE('',*,*,#3875,.F.);
#5063=ORIENTED_EDGE('',*,*,#3631,.F.);
#5064=ORIENTED_EDGE('',*,*,#3872,.T.);
#5065=ORIENTED_EDGE('',*,*,#3876,.T.);
#5066=ORIENTED_EDGE('',*,*,#3877,.F.);
#5067=ORIENTED_EDGE('',*,*,#3632,.F.);
#5068=ORIENTED_EDGE('',*,*,#3875,.T.);
#5069=ORIENTED_EDGE('',*,*,#3878,.T.);
#5070=ORIENTED_EDGE('',*,*,#3879,.T.);
#5071=ORIENTED_EDGE('',*,*,#3633,.F.);
#5072=ORIENTED_EDGE('',*,*,#3877,.T.);
#5073=ORIENTED_EDGE('',*,*,#3880,.T.);
#5074=ORIENTED_EDGE('',*,*,#3881,.F.);
#5075=ORIENTED_EDGE('',*,*,#3626,.F.);
#5076=ORIENTED_EDGE('',*,*,#3879,.F.);
#5077=ORIENTED_EDGE('',*,*,#3882,.T.);
#5078=ORIENTED_EDGE('',*,*,#3883,.F.);
#5079=ORIENTED_EDGE('',*,*,#3627,.F.);
#5080=ORIENTED_EDGE('',*,*,#3881,.T.);
#5081=ORIENTED_EDGE('',*,*,#3884,.T.);
#5082=ORIENTED_EDGE('',*,*,#3885,.F.);
#5083=ORIENTED_EDGE('',*,*,#3628,.F.);
#5084=ORIENTED_EDGE('',*,*,#3883,.T.);
#5085=ORIENTED_EDGE('',*,*,#3886,.T.);
#5086=ORIENTED_EDGE('',*,*,#3873,.F.);
#5087=ORIENTED_EDGE('',*,*,#3629,.F.);
#5088=ORIENTED_EDGE('',*,*,#3885,.T.);
#5089=ORIENTED_EDGE('',*,*,#3887,.T.);
#5090=ORIENTED_EDGE('',*,*,#3888,.F.);
#5091=ORIENTED_EDGE('',*,*,#3622,.F.);
#5092=ORIENTED_EDGE('',*,*,#3889,.T.);
#5093=ORIENTED_EDGE('',*,*,#3890,.T.);
#5094=ORIENTED_EDGE('',*,*,#3891,.F.);
#5095=ORIENTED_EDGE('',*,*,#3623,.F.);
#5096=ORIENTED_EDGE('',*,*,#3888,.T.);
#5097=ORIENTED_EDGE('',*,*,#3892,.T.);
#5098=ORIENTED_EDGE('',*,*,#3893,.F.);
#5099=ORIENTED_EDGE('',*,*,#3624,.F.);
#5100=ORIENTED_EDGE('',*,*,#3891,.T.);
#5101=ORIENTED_EDGE('',*,*,#3894,.T.);
#5102=ORIENTED_EDGE('',*,*,#3895,.T.);
#5103=ORIENTED_EDGE('',*,*,#3625,.F.);
#5104=ORIENTED_EDGE('',*,*,#3893,.T.);
#5105=ORIENTED_EDGE('',*,*,#3896,.T.);
#5106=ORIENTED_EDGE('',*,*,#3897,.F.);
#5107=ORIENTED_EDGE('',*,*,#3618,.F.);
#5108=ORIENTED_EDGE('',*,*,#3895,.F.);
#5109=ORIENTED_EDGE('',*,*,#3898,.T.);
#5110=ORIENTED_EDGE('',*,*,#3899,.F.);
#5111=ORIENTED_EDGE('',*,*,#3619,.F.);
#5112=ORIENTED_EDGE('',*,*,#3897,.T.);
#5113=ORIENTED_EDGE('',*,*,#3900,.T.);
#5114=ORIENTED_EDGE('',*,*,#3901,.F.);
#5115=ORIENTED_EDGE('',*,*,#3620,.F.);
#5116=ORIENTED_EDGE('',*,*,#3899,.T.);
#5117=ORIENTED_EDGE('',*,*,#3902,.T.);
#5118=ORIENTED_EDGE('',*,*,#3889,.F.);
#5119=ORIENTED_EDGE('',*,*,#3621,.F.);
#5120=ORIENTED_EDGE('',*,*,#3901,.T.);
#5121=ORIENTED_EDGE('',*,*,#3903,.T.);
#5122=ORIENTED_EDGE('',*,*,#3565,.F.);
#5123=ORIENTED_EDGE('',*,*,#3904,.T.);
#5124=ORIENTED_EDGE('',*,*,#3905,.T.);
#5125=ORIENTED_EDGE('',*,*,#3906,.F.);
#5126=ORIENTED_EDGE('',*,*,#3566,.F.);
#5127=ORIENTED_EDGE('',*,*,#3906,.T.);
#5128=ORIENTED_EDGE('',*,*,#3907,.T.);
#5129=ORIENTED_EDGE('',*,*,#3908,.F.);
#5130=ORIENTED_EDGE('',*,*,#3567,.F.);
#5131=ORIENTED_EDGE('',*,*,#3908,.T.);
#5132=ORIENTED_EDGE('',*,*,#3909,.T.);
#5133=ORIENTED_EDGE('',*,*,#3910,.T.);
#5134=ORIENTED_EDGE('',*,*,#3911,.T.);
#5135=ORIENTED_EDGE('',*,*,#3568,.F.);
#5136=ORIENTED_EDGE('',*,*,#3911,.F.);
#5137=ORIENTED_EDGE('',*,*,#3912,.T.);
#5138=ORIENTED_EDGE('',*,*,#3913,.F.);
#5139=ORIENTED_EDGE('',*,*,#3914,.F.);
#5140=ORIENTED_EDGE('',*,*,#3590,.F.);
#5141=ORIENTED_EDGE('',*,*,#3915,.T.);
#5142=ORIENTED_EDGE('',*,*,#3916,.T.);
#5143=ORIENTED_EDGE('',*,*,#3917,.F.);
#5144=ORIENTED_EDGE('',*,*,#3591,.F.);
#5145=ORIENTED_EDGE('',*,*,#3914,.T.);
#5146=ORIENTED_EDGE('',*,*,#3918,.T.);
#5147=ORIENTED_EDGE('',*,*,#3919,.F.);
#5148=ORIENTED_EDGE('',*,*,#3592,.F.);
#5149=ORIENTED_EDGE('',*,*,#3917,.T.);
#5150=ORIENTED_EDGE('',*,*,#3920,.T.);
#5151=ORIENTED_EDGE('',*,*,#3921,.T.);
#5152=ORIENTED_EDGE('',*,*,#3593,.F.);
#5153=ORIENTED_EDGE('',*,*,#3919,.T.);
#5154=ORIENTED_EDGE('',*,*,#3922,.T.);
#5155=ORIENTED_EDGE('',*,*,#3923,.F.);
#5156=ORIENTED_EDGE('',*,*,#3586,.F.);
#5157=ORIENTED_EDGE('',*,*,#3921,.F.);
#5158=ORIENTED_EDGE('',*,*,#3924,.T.);
#5159=ORIENTED_EDGE('',*,*,#3925,.F.);
#5160=ORIENTED_EDGE('',*,*,#3587,.F.);
#5161=ORIENTED_EDGE('',*,*,#3923,.T.);
#5162=ORIENTED_EDGE('',*,*,#3926,.T.);
#5163=ORIENTED_EDGE('',*,*,#3927,.F.);
#5164=ORIENTED_EDGE('',*,*,#3588,.F.);
#5165=ORIENTED_EDGE('',*,*,#3925,.T.);
#5166=ORIENTED_EDGE('',*,*,#3928,.T.);
#5167=ORIENTED_EDGE('',*,*,#3915,.F.);
#5168=ORIENTED_EDGE('',*,*,#3589,.F.);
#5169=ORIENTED_EDGE('',*,*,#3927,.T.);
#5170=ORIENTED_EDGE('',*,*,#3929,.T.);
#5171=ORIENTED_EDGE('',*,*,#3930,.F.);
#5172=ORIENTED_EDGE('',*,*,#3663,.F.);
#5173=ORIENTED_EDGE('',*,*,#3931,.T.);
#5174=ORIENTED_EDGE('',*,*,#3932,.T.);
#5175=ORIENTED_EDGE('',*,*,#3933,.F.);
#5176=ORIENTED_EDGE('',*,*,#3664,.F.);
#5177=ORIENTED_EDGE('',*,*,#3930,.T.);
#5178=ORIENTED_EDGE('',*,*,#3934,.T.);
#5179=ORIENTED_EDGE('',*,*,#3935,.F.);
#5180=ORIENTED_EDGE('',*,*,#3665,.F.);
#5181=ORIENTED_EDGE('',*,*,#3933,.T.);
#5182=ORIENTED_EDGE('',*,*,#3936,.T.);
#5183=ORIENTED_EDGE('',*,*,#3937,.T.);
#5184=ORIENTED_EDGE('',*,*,#3666,.F.);
#5185=ORIENTED_EDGE('',*,*,#3935,.T.);
#5186=ORIENTED_EDGE('',*,*,#3938,.T.);
#5187=ORIENTED_EDGE('',*,*,#3939,.F.);
#5188=ORIENTED_EDGE('',*,*,#3659,.F.);
#5189=ORIENTED_EDGE('',*,*,#3937,.F.);
#5190=ORIENTED_EDGE('',*,*,#3940,.T.);
#5191=ORIENTED_EDGE('',*,*,#3941,.F.);
#5192=ORIENTED_EDGE('',*,*,#3660,.F.);
#5193=ORIENTED_EDGE('',*,*,#3939,.T.);
#5194=ORIENTED_EDGE('',*,*,#3942,.T.);
#5195=ORIENTED_EDGE('',*,*,#3943,.F.);
#5196=ORIENTED_EDGE('',*,*,#3661,.F.);
#5197=ORIENTED_EDGE('',*,*,#3941,.T.);
#5198=ORIENTED_EDGE('',*,*,#3944,.T.);
#5199=ORIENTED_EDGE('',*,*,#3931,.F.);
#5200=ORIENTED_EDGE('',*,*,#3662,.F.);
#5201=ORIENTED_EDGE('',*,*,#3943,.T.);
#5202=ORIENTED_EDGE('',*,*,#3945,.T.);
#5203=ORIENTED_EDGE('',*,*,#3946,.F.);
#5204=ORIENTED_EDGE('',*,*,#3614,.F.);
#5205=ORIENTED_EDGE('',*,*,#3947,.T.);
#5206=ORIENTED_EDGE('',*,*,#3948,.T.);
#5207=ORIENTED_EDGE('',*,*,#3949,.F.);
#5208=ORIENTED_EDGE('',*,*,#3615,.F.);
#5209=ORIENTED_EDGE('',*,*,#3946,.T.);
#5210=ORIENTED_EDGE('',*,*,#3950,.T.);
#5211=ORIENTED_EDGE('',*,*,#3951,.F.);
#5212=ORIENTED_EDGE('',*,*,#3616,.F.);
#5213=ORIENTED_EDGE('',*,*,#3949,.T.);
#5214=ORIENTED_EDGE('',*,*,#3952,.T.);
#5215=ORIENTED_EDGE('',*,*,#3953,.T.);
#5216=ORIENTED_EDGE('',*,*,#3617,.F.);
#5217=ORIENTED_EDGE('',*,*,#3951,.T.);
#5218=ORIENTED_EDGE('',*,*,#3954,.T.);
#5219=ORIENTED_EDGE('',*,*,#3955,.F.);
#5220=ORIENTED_EDGE('',*,*,#3610,.F.);
#5221=ORIENTED_EDGE('',*,*,#3953,.F.);
#5222=ORIENTED_EDGE('',*,*,#3956,.T.);
#5223=ORIENTED_EDGE('',*,*,#3957,.F.);
#5224=ORIENTED_EDGE('',*,*,#3611,.F.);
#5225=ORIENTED_EDGE('',*,*,#3955,.T.);
#5226=ORIENTED_EDGE('',*,*,#3958,.T.);
#5227=ORIENTED_EDGE('',*,*,#3959,.F.);
#5228=ORIENTED_EDGE('',*,*,#3612,.F.);
#5229=ORIENTED_EDGE('',*,*,#3957,.T.);
#5230=ORIENTED_EDGE('',*,*,#3960,.T.);
#5231=ORIENTED_EDGE('',*,*,#3947,.F.);
#5232=ORIENTED_EDGE('',*,*,#3613,.F.);
#5233=ORIENTED_EDGE('',*,*,#3959,.T.);
#5234=ORIENTED_EDGE('',*,*,#3961,.T.);
#5235=ORIENTED_EDGE('',*,*,#3962,.F.);
#5236=ORIENTED_EDGE('',*,*,#3606,.F.);
#5237=ORIENTED_EDGE('',*,*,#3963,.T.);
#5238=ORIENTED_EDGE('',*,*,#3964,.T.);
#5239=ORIENTED_EDGE('',*,*,#3965,.F.);
#5240=ORIENTED_EDGE('',*,*,#3607,.F.);
#5241=ORIENTED_EDGE('',*,*,#3962,.T.);
#5242=ORIENTED_EDGE('',*,*,#3966,.T.);
#5243=ORIENTED_EDGE('',*,*,#3967,.F.);
#5244=ORIENTED_EDGE('',*,*,#3608,.F.);
#5245=ORIENTED_EDGE('',*,*,#3965,.T.);
#5246=ORIENTED_EDGE('',*,*,#3968,.T.);
#5247=ORIENTED_EDGE('',*,*,#3969,.T.);
#5248=ORIENTED_EDGE('',*,*,#3609,.F.);
#5249=ORIENTED_EDGE('',*,*,#3967,.T.);
#5250=ORIENTED_EDGE('',*,*,#3970,.T.);
#5251=ORIENTED_EDGE('',*,*,#3971,.F.);
#5252=ORIENTED_EDGE('',*,*,#3602,.F.);
#5253=ORIENTED_EDGE('',*,*,#3969,.F.);
#5254=ORIENTED_EDGE('',*,*,#3972,.T.);
#5255=ORIENTED_EDGE('',*,*,#3973,.F.);
#5256=ORIENTED_EDGE('',*,*,#3603,.F.);
#5257=ORIENTED_EDGE('',*,*,#3971,.T.);
#5258=ORIENTED_EDGE('',*,*,#3974,.T.);
#5259=ORIENTED_EDGE('',*,*,#3975,.F.);
#5260=ORIENTED_EDGE('',*,*,#3604,.F.);
#5261=ORIENTED_EDGE('',*,*,#3973,.T.);
#5262=ORIENTED_EDGE('',*,*,#3976,.T.);
#5263=ORIENTED_EDGE('',*,*,#3963,.F.);
#5264=ORIENTED_EDGE('',*,*,#3605,.F.);
#5265=ORIENTED_EDGE('',*,*,#3975,.T.);
#5266=ORIENTED_EDGE('',*,*,#3977,.T.);
#5267=ORIENTED_EDGE('',*,*,#3978,.F.);
#5268=ORIENTED_EDGE('',*,*,#3671,.F.);
#5269=ORIENTED_EDGE('',*,*,#3979,.T.);
#5270=ORIENTED_EDGE('',*,*,#3980,.T.);
#5271=ORIENTED_EDGE('',*,*,#3981,.F.);
#5272=ORIENTED_EDGE('',*,*,#3672,.F.);
#5273=ORIENTED_EDGE('',*,*,#3978,.T.);
#5274=ORIENTED_EDGE('',*,*,#3982,.T.);
#5275=ORIENTED_EDGE('',*,*,#3983,.F.);
#5276=ORIENTED_EDGE('',*,*,#3673,.F.);
#5277=ORIENTED_EDGE('',*,*,#3981,.T.);
#5278=ORIENTED_EDGE('',*,*,#3984,.T.);
#5279=ORIENTED_EDGE('',*,*,#3985,.T.);
#5280=ORIENTED_EDGE('',*,*,#3674,.F.);
#5281=ORIENTED_EDGE('',*,*,#3983,.T.);
#5282=ORIENTED_EDGE('',*,*,#3986,.T.);
#5283=ORIENTED_EDGE('',*,*,#3987,.F.);
#5284=ORIENTED_EDGE('',*,*,#3667,.F.);
#5285=ORIENTED_EDGE('',*,*,#3985,.F.);
#5286=ORIENTED_EDGE('',*,*,#3988,.T.);
#5287=ORIENTED_EDGE('',*,*,#3989,.F.);
#5288=ORIENTED_EDGE('',*,*,#3668,.F.);
#5289=ORIENTED_EDGE('',*,*,#3987,.T.);
#5290=ORIENTED_EDGE('',*,*,#3990,.T.);
#5291=ORIENTED_EDGE('',*,*,#3991,.F.);
#5292=ORIENTED_EDGE('',*,*,#3669,.F.);
#5293=ORIENTED_EDGE('',*,*,#3989,.T.);
#5294=ORIENTED_EDGE('',*,*,#3992,.T.);
#5295=ORIENTED_EDGE('',*,*,#3979,.F.);
#5296=ORIENTED_EDGE('',*,*,#3670,.F.);
#5297=ORIENTED_EDGE('',*,*,#3991,.T.);
#5298=ORIENTED_EDGE('',*,*,#3993,.T.);
#5299=ORIENTED_EDGE('',*,*,#3994,.F.);
#5300=ORIENTED_EDGE('',*,*,#3598,.F.);
#5301=ORIENTED_EDGE('',*,*,#3995,.T.);
#5302=ORIENTED_EDGE('',*,*,#3996,.T.);
#5303=ORIENTED_EDGE('',*,*,#3997,.F.);
#5304=ORIENTED_EDGE('',*,*,#3599,.F.);
#5305=ORIENTED_EDGE('',*,*,#3994,.T.);
#5306=ORIENTED_EDGE('',*,*,#3998,.T.);
#5307=ORIENTED_EDGE('',*,*,#3999,.F.);
#5308=ORIENTED_EDGE('',*,*,#3600,.F.);
#5309=ORIENTED_EDGE('',*,*,#3997,.T.);
#5310=ORIENTED_EDGE('',*,*,#4000,.T.);
#5311=ORIENTED_EDGE('',*,*,#4001,.T.);
#5312=ORIENTED_EDGE('',*,*,#3601,.F.);
#5313=ORIENTED_EDGE('',*,*,#3999,.T.);
#5314=ORIENTED_EDGE('',*,*,#4002,.T.);
#5315=ORIENTED_EDGE('',*,*,#4003,.F.);
#5316=ORIENTED_EDGE('',*,*,#3594,.F.);
#5317=ORIENTED_EDGE('',*,*,#4001,.F.);
#5318=ORIENTED_EDGE('',*,*,#4004,.T.);
#5319=ORIENTED_EDGE('',*,*,#4005,.F.);
#5320=ORIENTED_EDGE('',*,*,#3595,.F.);
#5321=ORIENTED_EDGE('',*,*,#4003,.T.);
#5322=ORIENTED_EDGE('',*,*,#4006,.T.);
#5323=ORIENTED_EDGE('',*,*,#4007,.F.);
#5324=ORIENTED_EDGE('',*,*,#3596,.F.);
#5325=ORIENTED_EDGE('',*,*,#4005,.T.);
#5326=ORIENTED_EDGE('',*,*,#4008,.T.);
#5327=ORIENTED_EDGE('',*,*,#3995,.F.);
#5328=ORIENTED_EDGE('',*,*,#3597,.F.);
#5329=ORIENTED_EDGE('',*,*,#4007,.T.);
#5330=ORIENTED_EDGE('',*,*,#4009,.T.);
#5331=ORIENTED_EDGE('',*,*,#4010,.F.);
#5332=ORIENTED_EDGE('',*,*,#3560,.F.);
#5333=ORIENTED_EDGE('',*,*,#4011,.T.);
#5334=ORIENTED_EDGE('',*,*,#4012,.T.);
#5335=ORIENTED_EDGE('',*,*,#4013,.F.);
#5336=ORIENTED_EDGE('',*,*,#3561,.F.);
#5337=ORIENTED_EDGE('',*,*,#4010,.T.);
#5338=ORIENTED_EDGE('',*,*,#4014,.T.);
#5339=ORIENTED_EDGE('',*,*,#4015,.F.);
#5340=ORIENTED_EDGE('',*,*,#3554,.F.);
#5341=ORIENTED_EDGE('',*,*,#4013,.T.);
#5342=ORIENTED_EDGE('',*,*,#4016,.T.);
#5343=ORIENTED_EDGE('',*,*,#4017,.F.);
#5344=ORIENTED_EDGE('',*,*,#3556,.F.);
#5345=ORIENTED_EDGE('',*,*,#4018,.F.);
#5346=ORIENTED_EDGE('',*,*,#4019,.T.);
#5347=ORIENTED_EDGE('',*,*,#4020,.F.);
#5348=ORIENTED_EDGE('',*,*,#3557,.F.);
#5349=ORIENTED_EDGE('',*,*,#4017,.T.);
#5350=ORIENTED_EDGE('',*,*,#4021,.T.);
#5351=ORIENTED_EDGE('',*,*,#4022,.F.);
#5352=ORIENTED_EDGE('',*,*,#3558,.F.);
#5353=ORIENTED_EDGE('',*,*,#4020,.T.);
#5354=ORIENTED_EDGE('',*,*,#4023,.T.);
#5355=ORIENTED_EDGE('',*,*,#4011,.F.);
#5356=ORIENTED_EDGE('',*,*,#3559,.F.);
#5357=ORIENTED_EDGE('',*,*,#4022,.T.);
#5358=ORIENTED_EDGE('',*,*,#4024,.T.);
#5359=ORIENTED_EDGE('',*,*,#3573,.F.);
#5360=ORIENTED_EDGE('',*,*,#4025,.F.);
#5361=ORIENTED_EDGE('',*,*,#4026,.T.);
#5362=ORIENTED_EDGE('',*,*,#4027,.F.);
#5363=ORIENTED_EDGE('',*,*,#3574,.F.);
#5364=ORIENTED_EDGE('',*,*,#4027,.T.);
#5365=ORIENTED_EDGE('',*,*,#4028,.T.);
#5366=ORIENTED_EDGE('',*,*,#4029,.F.);
#5367=ORIENTED_EDGE('',*,*,#3575,.F.);
#5368=ORIENTED_EDGE('',*,*,#4029,.T.);
#5369=ORIENTED_EDGE('',*,*,#4030,.T.);
#5370=ORIENTED_EDGE('',*,*,#4031,.F.);
#5371=ORIENTED_EDGE('',*,*,#3576,.F.);
#5372=ORIENTED_EDGE('',*,*,#4031,.T.);
#5373=ORIENTED_EDGE('',*,*,#4032,.T.);
#5374=ORIENTED_EDGE('',*,*,#4033,.F.);
#5375=ORIENTED_EDGE('',*,*,#4034,.F.);
#5376=ORIENTED_EDGE('',*,*,#3552,.F.);
#5377=ORIENTED_EDGE('',*,*,#4035,.T.);
#5378=ORIENTED_EDGE('',*,*,#4036,.T.);
#5379=ORIENTED_EDGE('',*,*,#4037,.F.);
#5380=ORIENTED_EDGE('',*,*,#3553,.F.);
#5381=ORIENTED_EDGE('',*,*,#4034,.T.);
#5382=ORIENTED_EDGE('',*,*,#4038,.T.);
#5383=ORIENTED_EDGE('',*,*,#4039,.F.);
#5384=ORIENTED_EDGE('',*,*,#3546,.F.);
#5385=ORIENTED_EDGE('',*,*,#4037,.T.);
#5386=ORIENTED_EDGE('',*,*,#4040,.T.);
#5387=ORIENTED_EDGE('',*,*,#4041,.F.);
#5388=ORIENTED_EDGE('',*,*,#3550,.F.);
#5389=ORIENTED_EDGE('',*,*,#4042,.T.);
#5390=ORIENTED_EDGE('',*,*,#4043,.T.);
#5391=ORIENTED_EDGE('',*,*,#4035,.F.);
#5392=ORIENTED_EDGE('',*,*,#3551,.F.);
#5393=ORIENTED_EDGE('',*,*,#4041,.T.);
#5394=ORIENTED_EDGE('',*,*,#4044,.T.);
#5395=ORIENTED_EDGE('',*,*,#4045,.F.);
#5396=ORIENTED_EDGE('',*,*,#3582,.F.);
#5397=ORIENTED_EDGE('',*,*,#4046,.T.);
#5398=ORIENTED_EDGE('',*,*,#4047,.T.);
#5399=ORIENTED_EDGE('',*,*,#4048,.F.);
#5400=ORIENTED_EDGE('',*,*,#3583,.F.);
#5401=ORIENTED_EDGE('',*,*,#4045,.T.);
#5402=ORIENTED_EDGE('',*,*,#4049,.T.);
#5403=ORIENTED_EDGE('',*,*,#4050,.F.);
#5404=ORIENTED_EDGE('',*,*,#3584,.F.);
#5405=ORIENTED_EDGE('',*,*,#4048,.T.);
#5406=ORIENTED_EDGE('',*,*,#4051,.T.);
#5407=ORIENTED_EDGE('',*,*,#4052,.T.);
#5408=ORIENTED_EDGE('',*,*,#3585,.F.);
#5409=ORIENTED_EDGE('',*,*,#4050,.T.);
#5410=ORIENTED_EDGE('',*,*,#4053,.T.);
#5411=ORIENTED_EDGE('',*,*,#4054,.F.);
#5412=ORIENTED_EDGE('',*,*,#3578,.F.);
#5413=ORIENTED_EDGE('',*,*,#4052,.F.);
#5414=ORIENTED_EDGE('',*,*,#4055,.T.);
#5415=ORIENTED_EDGE('',*,*,#4056,.F.);
#5416=ORIENTED_EDGE('',*,*,#3579,.F.);
#5417=ORIENTED_EDGE('',*,*,#4054,.T.);
#5418=ORIENTED_EDGE('',*,*,#4057,.T.);
#5419=ORIENTED_EDGE('',*,*,#4058,.F.);
#5420=ORIENTED_EDGE('',*,*,#3580,.F.);
#5421=ORIENTED_EDGE('',*,*,#4056,.T.);
#5422=ORIENTED_EDGE('',*,*,#4059,.T.);
#5423=ORIENTED_EDGE('',*,*,#4046,.F.);
#5424=ORIENTED_EDGE('',*,*,#3581,.F.);
#5425=ORIENTED_EDGE('',*,*,#4058,.T.);
#5426=ORIENTED_EDGE('',*,*,#4060,.T.);
#5427=ORIENTED_EDGE('',*,*,#4061,.F.);
#5428=ORIENTED_EDGE('',*,*,#3679,.F.);
#5429=ORIENTED_EDGE('',*,*,#4062,.T.);
#5430=ORIENTED_EDGE('',*,*,#4063,.T.);
#5431=ORIENTED_EDGE('',*,*,#4064,.F.);
#5432=ORIENTED_EDGE('',*,*,#3680,.F.);
#5433=ORIENTED_EDGE('',*,*,#4061,.T.);
#5434=ORIENTED_EDGE('',*,*,#4065,.T.);
#5435=ORIENTED_EDGE('',*,*,#4066,.F.);
#5436=ORIENTED_EDGE('',*,*,#3681,.F.);
#5437=ORIENTED_EDGE('',*,*,#4064,.T.);
#5438=ORIENTED_EDGE('',*,*,#4067,.T.);
#5439=ORIENTED_EDGE('',*,*,#4068,.T.);
#5440=ORIENTED_EDGE('',*,*,#3682,.F.);
#5441=ORIENTED_EDGE('',*,*,#4066,.T.);
#5442=ORIENTED_EDGE('',*,*,#4069,.T.);
#5443=ORIENTED_EDGE('',*,*,#4070,.F.);
#5444=ORIENTED_EDGE('',*,*,#3675,.F.);
#5445=ORIENTED_EDGE('',*,*,#4068,.F.);
#5446=ORIENTED_EDGE('',*,*,#4071,.T.);
#5447=ORIENTED_EDGE('',*,*,#4072,.F.);
#5448=ORIENTED_EDGE('',*,*,#3676,.F.);
#5449=ORIENTED_EDGE('',*,*,#4070,.T.);
#5450=ORIENTED_EDGE('',*,*,#4073,.T.);
#5451=ORIENTED_EDGE('',*,*,#4074,.F.);
#5452=ORIENTED_EDGE('',*,*,#3677,.F.);
#5453=ORIENTED_EDGE('',*,*,#4072,.T.);
#5454=ORIENTED_EDGE('',*,*,#4075,.T.);
#5455=ORIENTED_EDGE('',*,*,#4062,.F.);
#5456=ORIENTED_EDGE('',*,*,#3678,.F.);
#5457=ORIENTED_EDGE('',*,*,#4074,.T.);
#5458=ORIENTED_EDGE('',*,*,#4076,.T.);
#5459=ORIENTED_EDGE('',*,*,#4077,.F.);
#5460=ORIENTED_EDGE('',*,*,#3655,.F.);
#5461=ORIENTED_EDGE('',*,*,#4078,.T.);
#5462=ORIENTED_EDGE('',*,*,#4079,.T.);
#5463=ORIENTED_EDGE('',*,*,#4080,.F.);
#5464=ORIENTED_EDGE('',*,*,#3656,.F.);
#5465=ORIENTED_EDGE('',*,*,#4077,.T.);
#5466=ORIENTED_EDGE('',*,*,#4081,.T.);
#5467=ORIENTED_EDGE('',*,*,#4082,.F.);
#5468=ORIENTED_EDGE('',*,*,#3657,.F.);
#5469=ORIENTED_EDGE('',*,*,#4080,.T.);
#5470=ORIENTED_EDGE('',*,*,#4083,.T.);
#5471=ORIENTED_EDGE('',*,*,#4084,.T.);
#5472=ORIENTED_EDGE('',*,*,#3658,.F.);
#5473=ORIENTED_EDGE('',*,*,#4082,.T.);
#5474=ORIENTED_EDGE('',*,*,#4085,.T.);
#5475=ORIENTED_EDGE('',*,*,#4086,.F.);
#5476=ORIENTED_EDGE('',*,*,#3651,.F.);
#5477=ORIENTED_EDGE('',*,*,#4084,.F.);
#5478=ORIENTED_EDGE('',*,*,#4087,.T.);
#5479=ORIENTED_EDGE('',*,*,#4088,.F.);
#5480=ORIENTED_EDGE('',*,*,#3652,.F.);
#5481=ORIENTED_EDGE('',*,*,#4086,.T.);
#5482=ORIENTED_EDGE('',*,*,#4089,.T.);
#5483=ORIENTED_EDGE('',*,*,#4090,.F.);
#5484=ORIENTED_EDGE('',*,*,#3653,.F.);
#5485=ORIENTED_EDGE('',*,*,#4088,.T.);
#5486=ORIENTED_EDGE('',*,*,#4091,.T.);
#5487=ORIENTED_EDGE('',*,*,#4078,.F.);
#5488=ORIENTED_EDGE('',*,*,#3654,.F.);
#5489=ORIENTED_EDGE('',*,*,#4090,.T.);
#5490=ORIENTED_EDGE('',*,*,#4092,.T.);
#5491=ORIENTED_EDGE('',*,*,#4093,.T.);
#5492=ORIENTED_EDGE('',*,*,#4094,.T.);
#5493=ORIENTED_EDGE('',*,*,#4095,.T.);
#5494=ORIENTED_EDGE('',*,*,#4096,.F.);
#5495=ORIENTED_EDGE('',*,*,#4097,.T.);
#5496=ORIENTED_EDGE('',*,*,#3754,.T.);
#5497=ORIENTED_EDGE('',*,*,#4098,.T.);
#5498=ORIENTED_EDGE('',*,*,#4094,.F.);
#5499=ORIENTED_EDGE('',*,*,#4099,.F.);
#5500=ORIENTED_EDGE('',*,*,#4095,.F.);
#5501=ORIENTED_EDGE('',*,*,#4098,.F.);
#5502=ORIENTED_EDGE('',*,*,#3753,.T.);
#5503=ORIENTED_EDGE('',*,*,#3836,.T.);
#5504=ORIENTED_EDGE('',*,*,#4100,.F.);
#5505=ORIENTED_EDGE('',*,*,#4101,.T.);
#5506=ORIENTED_EDGE('',*,*,#4102,.F.);
#5507=ORIENTED_EDGE('',*,*,#4103,.F.);
#5508=ORIENTED_EDGE('',*,*,#4104,.T.);
#5509=ORIENTED_EDGE('',*,*,#4105,.F.);
#5510=ORIENTED_EDGE('',*,*,#4106,.F.);
#5511=ORIENTED_EDGE('',*,*,#4107,.F.);
#5512=ORIENTED_EDGE('',*,*,#4108,.F.);
#5513=ORIENTED_EDGE('',*,*,#4109,.T.);
#5514=ORIENTED_EDGE('',*,*,#3447,.F.);
#5515=ORIENTED_EDGE('',*,*,#3642,.F.);
#5516=ORIENTED_EDGE('',*,*,#4110,.T.);
#5517=ORIENTED_EDGE('',*,*,#4109,.F.);
#5518=ORIENTED_EDGE('',*,*,#4110,.F.);
#5519=ORIENTED_EDGE('',*,*,#3534,.F.);
#5520=ORIENTED_EDGE('',*,*,#4111,.F.);
#5521=ORIENTED_EDGE('',*,*,#4112,.T.);
#5522=ORIENTED_EDGE('',*,*,#4113,.F.);
#5523=ORIENTED_EDGE('',*,*,#3838,.T.);
#5524=ORIENTED_EDGE('',*,*,#4114,.F.);
#5525=ORIENTED_EDGE('',*,*,#3535,.F.);
#5526=ORIENTED_EDGE('',*,*,#4115,.T.);
#5527=ORIENTED_EDGE('',*,*,#4116,.F.);
#5528=ORIENTED_EDGE('',*,*,#4115,.F.);
#5529=ORIENTED_EDGE('',*,*,#4116,.T.);
#5530=ORIENTED_EDGE('',*,*,#3450,.F.);
#5531=ORIENTED_EDGE('',*,*,#3506,.F.);
#5532=ORIENTED_EDGE('',*,*,#4117,.F.);
#5533=ORIENTED_EDGE('',*,*,#3781,.T.);
#5534=ORIENTED_EDGE('',*,*,#3750,.F.);
#5535=ORIENTED_EDGE('',*,*,#3505,.F.);
#5536=ORIENTED_EDGE('',*,*,#4118,.F.);
#5537=ORIENTED_EDGE('',*,*,#3782,.T.);
#5538=ORIENTED_EDGE('',*,*,#4117,.T.);
#5539=ORIENTED_EDGE('',*,*,#3504,.F.);
#5540=ORIENTED_EDGE('',*,*,#4119,.F.);
#5541=ORIENTED_EDGE('',*,*,#3783,.T.);
#5542=ORIENTED_EDGE('',*,*,#4118,.T.);
#5543=ORIENTED_EDGE('',*,*,#3503,.F.);
#5544=ORIENTED_EDGE('',*,*,#4120,.F.);
#5545=ORIENTED_EDGE('',*,*,#3784,.T.);
#5546=ORIENTED_EDGE('',*,*,#4119,.T.);
#5547=ORIENTED_EDGE('',*,*,#3502,.F.);
#5548=ORIENTED_EDGE('',*,*,#4121,.F.);
#5549=ORIENTED_EDGE('',*,*,#3785,.T.);
#5550=ORIENTED_EDGE('',*,*,#4120,.T.);
#5551=ORIENTED_EDGE('',*,*,#3501,.F.);
#5552=ORIENTED_EDGE('',*,*,#4122,.F.);
#5553=ORIENTED_EDGE('',*,*,#3786,.T.);
#5554=ORIENTED_EDGE('',*,*,#4121,.T.);
#5555=ORIENTED_EDGE('',*,*,#3500,.F.);
#5556=ORIENTED_EDGE('',*,*,#4123,.F.);
#5557=ORIENTED_EDGE('',*,*,#3787,.T.);
#5558=ORIENTED_EDGE('',*,*,#4122,.T.);
#5559=ORIENTED_EDGE('',*,*,#3499,.F.);
#5560=ORIENTED_EDGE('',*,*,#4124,.F.);
#5561=ORIENTED_EDGE('',*,*,#3788,.T.);
#5562=ORIENTED_EDGE('',*,*,#4123,.T.);
#5563=ORIENTED_EDGE('',*,*,#3498,.F.);
#5564=ORIENTED_EDGE('',*,*,#4125,.F.);
#5565=ORIENTED_EDGE('',*,*,#3789,.T.);
#5566=ORIENTED_EDGE('',*,*,#4124,.T.);
#5567=ORIENTED_EDGE('',*,*,#3497,.F.);
#5568=ORIENTED_EDGE('',*,*,#4126,.F.);
#5569=ORIENTED_EDGE('',*,*,#3790,.T.);
#5570=ORIENTED_EDGE('',*,*,#4125,.T.);
#5571=ORIENTED_EDGE('',*,*,#3496,.F.);
#5572=ORIENTED_EDGE('',*,*,#4127,.F.);
#5573=ORIENTED_EDGE('',*,*,#3791,.T.);
#5574=ORIENTED_EDGE('',*,*,#4126,.T.);
#5575=ORIENTED_EDGE('',*,*,#3495,.F.);
#5576=ORIENTED_EDGE('',*,*,#4128,.F.);
#5577=ORIENTED_EDGE('',*,*,#3792,.T.);
#5578=ORIENTED_EDGE('',*,*,#4127,.T.);
#5579=ORIENTED_EDGE('',*,*,#3494,.F.);
#5580=ORIENTED_EDGE('',*,*,#3829,.F.);
#5581=ORIENTED_EDGE('',*,*,#3793,.T.);
#5582=ORIENTED_EDGE('',*,*,#4128,.T.);
#5583=ORIENTED_EDGE('',*,*,#4129,.F.);
#5584=ORIENTED_EDGE('',*,*,#4130,.T.);
#5585=ORIENTED_EDGE('',*,*,#3536,.F.);
#5586=ORIENTED_EDGE('',*,*,#4114,.T.);
#5587=ORIENTED_EDGE('',*,*,#3837,.T.);
#5588=ORIENTED_EDGE('',*,*,#4131,.T.);
#5589=ORIENTED_EDGE('',*,*,#4132,.T.);
#5590=ORIENTED_EDGE('',*,*,#4103,.T.);
#5591=ORIENTED_EDGE('',*,*,#4133,.F.);
#5592=ORIENTED_EDGE('',*,*,#4134,.T.);
#5593=ORIENTED_EDGE('',*,*,#4135,.F.);
#5594=ORIENTED_EDGE('',*,*,#4104,.F.);
#5595=ORIENTED_EDGE('',*,*,#4132,.F.);
#5596=ORIENTED_EDGE('',*,*,#4136,.T.);
#5597=ORIENTED_EDGE('',*,*,#4137,.T.);
#5598=ORIENTED_EDGE('',*,*,#4138,.T.);
#5599=ORIENTED_EDGE('',*,*,#4139,.T.);
#5600=ORIENTED_EDGE('',*,*,#4105,.T.);
#5601=ORIENTED_EDGE('',*,*,#4135,.T.);
#5602=ORIENTED_EDGE('',*,*,#4140,.T.);
#5603=ORIENTED_EDGE('',*,*,#4141,.T.);
#5604=ORIENTED_EDGE('',*,*,#4106,.T.);
#5605=ORIENTED_EDGE('',*,*,#4139,.F.);
#5606=ORIENTED_EDGE('',*,*,#4142,.T.);
#5607=ORIENTED_EDGE('',*,*,#4143,.T.);
#5608=ORIENTED_EDGE('',*,*,#4144,.F.);
#5609=ORIENTED_EDGE('',*,*,#4145,.T.);
#5610=ORIENTED_EDGE('',*,*,#4146,.T.);
#5611=ORIENTED_EDGE('',*,*,#4147,.T.);
#5612=ORIENTED_EDGE('',*,*,#4148,.F.);
#5613=ORIENTED_EDGE('',*,*,#3773,.F.);
#5614=ORIENTED_EDGE('',*,*,#4149,.T.);
#5615=ORIENTED_EDGE('',*,*,#4150,.T.);
#5616=ORIENTED_EDGE('',*,*,#4149,.F.);
#5617=ORIENTED_EDGE('',*,*,#3772,.T.);
#5618=ORIENTED_EDGE('',*,*,#4151,.T.);
#5619=ORIENTED_EDGE('',*,*,#4152,.T.);
#5620=ORIENTED_EDGE('',*,*,#4151,.F.);
#5621=ORIENTED_EDGE('',*,*,#3771,.F.);
#5622=ORIENTED_EDGE('',*,*,#4153,.T.);
#5623=ORIENTED_EDGE('',*,*,#4154,.T.);
#5624=ORIENTED_EDGE('',*,*,#4153,.F.);
#5625=ORIENTED_EDGE('',*,*,#3770,.F.);
#5626=ORIENTED_EDGE('',*,*,#4155,.T.);
#5627=ORIENTED_EDGE('',*,*,#4156,.T.);
#5628=ORIENTED_EDGE('',*,*,#4157,.F.);
#5629=ORIENTED_EDGE('',*,*,#4158,.T.);
#5630=ORIENTED_EDGE('',*,*,#4159,.T.);
#5631=ORIENTED_EDGE('',*,*,#4160,.T.);
#5632=ORIENTED_EDGE('',*,*,#4159,.F.);
#5633=ORIENTED_EDGE('',*,*,#4161,.F.);
#5634=ORIENTED_EDGE('',*,*,#4162,.T.);
#5635=ORIENTED_EDGE('',*,*,#4163,.T.);
#5636=ORIENTED_EDGE('',*,*,#4162,.F.);
#5637=ORIENTED_EDGE('',*,*,#4164,.F.);
#5638=ORIENTED_EDGE('',*,*,#4165,.T.);
#5639=ORIENTED_EDGE('',*,*,#4166,.T.);
#5640=ORIENTED_EDGE('',*,*,#4165,.F.);
#5641=ORIENTED_EDGE('',*,*,#4167,.F.);
#5642=ORIENTED_EDGE('',*,*,#4168,.T.);
#5643=ORIENTED_EDGE('',*,*,#4169,.T.);
#5644=ORIENTED_EDGE('',*,*,#4168,.F.);
#5645=ORIENTED_EDGE('',*,*,#4170,.F.);
#5646=ORIENTED_EDGE('',*,*,#4171,.T.);
#5647=ORIENTED_EDGE('',*,*,#4172,.T.);
#5648=ORIENTED_EDGE('',*,*,#4171,.F.);
#5649=ORIENTED_EDGE('',*,*,#4173,.F.);
#5650=ORIENTED_EDGE('',*,*,#4144,.T.);
#5651=ORIENTED_EDGE('',*,*,#4174,.T.);
#5652=ORIENTED_EDGE('',*,*,#4175,.F.);
#5653=ORIENTED_EDGE('',*,*,#3779,.F.);
#5654=ORIENTED_EDGE('',*,*,#4176,.T.);
#5655=ORIENTED_EDGE('',*,*,#4177,.T.);
#5656=ORIENTED_EDGE('',*,*,#4176,.F.);
#5657=ORIENTED_EDGE('',*,*,#3778,.F.);
#5658=ORIENTED_EDGE('',*,*,#4178,.T.);
#5659=ORIENTED_EDGE('',*,*,#4179,.T.);
#5660=ORIENTED_EDGE('',*,*,#4178,.F.);
#5661=ORIENTED_EDGE('',*,*,#3777,.F.);
#5662=ORIENTED_EDGE('',*,*,#4180,.T.);
#5663=ORIENTED_EDGE('',*,*,#4181,.T.);
#5664=ORIENTED_EDGE('',*,*,#4180,.F.);
#5665=ORIENTED_EDGE('',*,*,#3776,.T.);
#5666=ORIENTED_EDGE('',*,*,#4182,.T.);
#5667=ORIENTED_EDGE('',*,*,#4183,.T.);
#5668=ORIENTED_EDGE('',*,*,#4182,.F.);
#5669=ORIENTED_EDGE('',*,*,#3775,.F.);
#5670=ORIENTED_EDGE('',*,*,#4184,.T.);
#5671=ORIENTED_EDGE('',*,*,#4185,.T.);
#5672=ORIENTED_EDGE('',*,*,#4184,.F.);
#5673=ORIENTED_EDGE('',*,*,#3774,.F.);
#5674=ORIENTED_EDGE('',*,*,#4148,.T.);
#5675=ORIENTED_EDGE('',*,*,#4186,.T.);
#5676=ORIENTED_EDGE('',*,*,#4133,.T.);
#5677=ORIENTED_EDGE('',*,*,#4102,.T.);
#5678=ORIENTED_EDGE('',*,*,#4187,.T.);
#5679=ORIENTED_EDGE('',*,*,#4188,.T.);
#5680=ORIENTED_EDGE('',*,*,#4189,.T.);
#5681=ORIENTED_EDGE('',*,*,#4190,.T.);
#5682=ORIENTED_EDGE('',*,*,#4191,.F.);
#5683=ORIENTED_EDGE('',*,*,#4192,.T.);
#5684=ORIENTED_EDGE('',*,*,#4193,.F.);
#5685=ORIENTED_EDGE('',*,*,#4194,.T.);
#5686=ORIENTED_EDGE('',*,*,#4195,.T.);
#5687=ORIENTED_EDGE('',*,*,#4196,.T.);
#5688=ORIENTED_EDGE('',*,*,#4187,.F.);
#5689=ORIENTED_EDGE('',*,*,#4101,.F.);
#5690=ORIENTED_EDGE('',*,*,#4197,.F.);
#5691=ORIENTED_EDGE('',*,*,#4198,.T.);
#5692=ORIENTED_EDGE('',*,*,#4199,.T.);
#5693=ORIENTED_EDGE('',*,*,#4200,.T.);
#5694=ORIENTED_EDGE('',*,*,#4201,.T.);
#5695=ORIENTED_EDGE('',*,*,#4107,.T.);
#5696=ORIENTED_EDGE('',*,*,#4141,.F.);
#5697=ORIENTED_EDGE('',*,*,#4202,.T.);
#5698=ORIENTED_EDGE('',*,*,#4203,.T.);
#5699=ORIENTED_EDGE('',*,*,#4108,.T.);
#5700=ORIENTED_EDGE('',*,*,#4201,.F.);
#5701=ORIENTED_EDGE('',*,*,#4204,.T.);
#5702=ORIENTED_EDGE('',*,*,#4205,.T.);
#5703=ORIENTED_EDGE('',*,*,#4206,.T.);
#5704=ORIENTED_EDGE('',*,*,#4096,.T.);
#5705=ORIENTED_EDGE('',*,*,#4099,.T.);
#5706=ORIENTED_EDGE('',*,*,#4203,.F.);
#5707=ORIENTED_EDGE('',*,*,#4207,.T.);
#5708=ORIENTED_EDGE('',*,*,#4208,.F.);
#5709=ORIENTED_EDGE('',*,*,#3759,.F.);
#5710=ORIENTED_EDGE('',*,*,#3826,.F.);
#5711=ORIENTED_EDGE('',*,*,#4209,.T.);
#5712=ORIENTED_EDGE('',*,*,#4210,.F.);
#5713=ORIENTED_EDGE('',*,*,#3760,.F.);
#5714=ORIENTED_EDGE('',*,*,#4208,.T.);
#5715=ORIENTED_EDGE('',*,*,#4211,.T.);
#5716=ORIENTED_EDGE('',*,*,#4212,.T.);
#5717=ORIENTED_EDGE('',*,*,#3761,.F.);
#5718=ORIENTED_EDGE('',*,*,#4210,.T.);
#5719=ORIENTED_EDGE('',*,*,#4213,.T.);
#5720=ORIENTED_EDGE('',*,*,#4214,.F.);
#5721=ORIENTED_EDGE('',*,*,#3762,.F.);
#5722=ORIENTED_EDGE('',*,*,#4212,.F.);
#5723=ORIENTED_EDGE('',*,*,#4215,.T.);
#5724=ORIENTED_EDGE('',*,*,#4216,.F.);
#5725=ORIENTED_EDGE('',*,*,#3763,.F.);
#5726=ORIENTED_EDGE('',*,*,#4214,.T.);
#5727=ORIENTED_EDGE('',*,*,#4217,.T.);
#5728=ORIENTED_EDGE('',*,*,#4218,.F.);
#5729=ORIENTED_EDGE('',*,*,#3764,.F.);
#5730=ORIENTED_EDGE('',*,*,#4216,.T.);
#5731=ORIENTED_EDGE('',*,*,#4219,.T.);
#5732=ORIENTED_EDGE('',*,*,#4220,.T.);
#5733=ORIENTED_EDGE('',*,*,#3765,.F.);
#5734=ORIENTED_EDGE('',*,*,#4218,.T.);
#5735=ORIENTED_EDGE('',*,*,#4221,.T.);
#5736=ORIENTED_EDGE('',*,*,#4222,.F.);
#5737=ORIENTED_EDGE('',*,*,#3766,.F.);
#5738=ORIENTED_EDGE('',*,*,#4220,.F.);
#5739=ORIENTED_EDGE('',*,*,#4223,.T.);
#5740=ORIENTED_EDGE('',*,*,#4224,.F.);
#5741=ORIENTED_EDGE('',*,*,#3767,.F.);
#5742=ORIENTED_EDGE('',*,*,#4222,.T.);
#5743=ORIENTED_EDGE('',*,*,#4225,.T.);
#5744=ORIENTED_EDGE('',*,*,#4226,.F.);
#5745=ORIENTED_EDGE('',*,*,#3768,.T.);
#5746=ORIENTED_EDGE('',*,*,#4224,.T.);
#5747=ORIENTED_EDGE('',*,*,#4227,.T.);
#5748=ORIENTED_EDGE('',*,*,#4155,.F.);
#5749=ORIENTED_EDGE('',*,*,#3769,.F.);
#5750=ORIENTED_EDGE('',*,*,#4226,.T.);
#5751=ORIENTED_EDGE('',*,*,#4228,.T.);
#5752=ORIENTED_EDGE('',*,*,#4229,.T.);
#5753=ORIENTED_EDGE('',*,*,#4221,.F.);
#5754=ORIENTED_EDGE('',*,*,#4143,.F.);
#5755=ORIENTED_EDGE('',*,*,#4230,.T.);
#5756=ORIENTED_EDGE('',*,*,#4231,.F.);
#5757=ORIENTED_EDGE('',*,*,#4232,.F.);
#5758=ORIENTED_EDGE('',*,*,#4233,.T.);
#5759=ORIENTED_EDGE('',*,*,#4233,.F.);
#5760=ORIENTED_EDGE('',*,*,#4234,.F.);
#5761=ORIENTED_EDGE('',*,*,#4235,.T.);
#5762=ORIENTED_EDGE('',*,*,#4172,.F.);
#5763=ORIENTED_EDGE('',*,*,#4235,.F.);
#5764=ORIENTED_EDGE('',*,*,#4236,.F.);
#5765=ORIENTED_EDGE('',*,*,#4237,.T.);
#5766=ORIENTED_EDGE('',*,*,#4169,.F.);
#5767=ORIENTED_EDGE('',*,*,#4237,.F.);
#5768=ORIENTED_EDGE('',*,*,#4238,.F.);
#5769=ORIENTED_EDGE('',*,*,#4239,.T.);
#5770=ORIENTED_EDGE('',*,*,#4166,.F.);
#5771=ORIENTED_EDGE('',*,*,#4239,.F.);
#5772=ORIENTED_EDGE('',*,*,#4240,.F.);
#5773=ORIENTED_EDGE('',*,*,#4241,.T.);
#5774=ORIENTED_EDGE('',*,*,#4163,.F.);
#5775=ORIENTED_EDGE('',*,*,#4242,.F.);
#5776=ORIENTED_EDGE('',*,*,#4243,.T.);
#5777=ORIENTED_EDGE('',*,*,#4160,.F.);
#5778=ORIENTED_EDGE('',*,*,#4241,.F.);
#5779=ORIENTED_EDGE('',*,*,#4228,.F.);
#5780=ORIENTED_EDGE('',*,*,#4219,.F.);
#5781=ORIENTED_EDGE('',*,*,#4244,.T.);
#5782=ORIENTED_EDGE('',*,*,#4245,.F.);
#5783=ORIENTED_EDGE('',*,*,#4244,.F.);
#5784=ORIENTED_EDGE('',*,*,#4217,.F.);
#5785=ORIENTED_EDGE('',*,*,#4246,.T.);
#5786=ORIENTED_EDGE('',*,*,#4247,.F.);
#5787=ORIENTED_EDGE('',*,*,#4246,.F.);
#5788=ORIENTED_EDGE('',*,*,#4215,.F.);
#5789=ORIENTED_EDGE('',*,*,#4248,.T.);
#5790=ORIENTED_EDGE('',*,*,#4249,.F.);
#5791=ORIENTED_EDGE('',*,*,#4248,.F.);
#5792=ORIENTED_EDGE('',*,*,#4213,.F.);
#5793=ORIENTED_EDGE('',*,*,#4250,.T.);
#5794=ORIENTED_EDGE('',*,*,#4251,.F.);
#5795=ORIENTED_EDGE('',*,*,#4250,.F.);
#5796=ORIENTED_EDGE('',*,*,#4211,.F.);
#5797=ORIENTED_EDGE('',*,*,#4252,.T.);
#5798=ORIENTED_EDGE('',*,*,#4253,.F.);
#5799=ORIENTED_EDGE('',*,*,#4252,.F.);
#5800=ORIENTED_EDGE('',*,*,#4209,.F.);
#5801=ORIENTED_EDGE('',*,*,#4254,.T.);
#5802=ORIENTED_EDGE('',*,*,#4255,.F.);
#5803=ORIENTED_EDGE('',*,*,#4254,.F.);
#5804=ORIENTED_EDGE('',*,*,#4207,.F.);
#5805=ORIENTED_EDGE('',*,*,#4256,.T.);
#5806=ORIENTED_EDGE('',*,*,#4257,.F.);
#5807=ORIENTED_EDGE('',*,*,#3825,.F.);
#5808=ORIENTED_EDGE('',*,*,#4258,.F.);
#5809=ORIENTED_EDGE('',*,*,#4259,.F.);
#5810=ORIENTED_EDGE('',*,*,#4256,.F.);
#5811=ORIENTED_EDGE('',*,*,#4156,.F.);
#5812=ORIENTED_EDGE('',*,*,#4243,.F.);
#5813=ORIENTED_EDGE('',*,*,#4260,.F.);
#5814=ORIENTED_EDGE('',*,*,#4261,.F.);
#5815=ORIENTED_EDGE('',*,*,#4262,.F.);
#5816=ORIENTED_EDGE('',*,*,#4230,.F.);
#5817=ORIENTED_EDGE('',*,*,#4142,.F.);
#5818=ORIENTED_EDGE('',*,*,#4263,.T.);
#5819=ORIENTED_EDGE('',*,*,#4264,.F.);
#5820=ORIENTED_EDGE('',*,*,#4265,.F.);
#5821=ORIENTED_EDGE('',*,*,#4266,.F.);
#5822=ORIENTED_EDGE('',*,*,#4263,.F.);
#5823=ORIENTED_EDGE('',*,*,#4267,.F.);
#5824=ORIENTED_EDGE('',*,*,#4174,.F.);
#5825=ORIENTED_EDGE('',*,*,#4268,.T.);
#5826=ORIENTED_EDGE('',*,*,#4269,.F.);
#5827=ORIENTED_EDGE('',*,*,#4268,.F.);
#5828=ORIENTED_EDGE('',*,*,#4177,.F.);
#5829=ORIENTED_EDGE('',*,*,#4270,.T.);
#5830=ORIENTED_EDGE('',*,*,#4271,.F.);
#5831=ORIENTED_EDGE('',*,*,#4270,.F.);
#5832=ORIENTED_EDGE('',*,*,#4179,.F.);
#5833=ORIENTED_EDGE('',*,*,#4272,.T.);
#5834=ORIENTED_EDGE('',*,*,#4273,.F.);
#5835=ORIENTED_EDGE('',*,*,#4272,.F.);
#5836=ORIENTED_EDGE('',*,*,#4181,.F.);
#5837=ORIENTED_EDGE('',*,*,#4274,.T.);
#5838=ORIENTED_EDGE('',*,*,#4275,.F.);
#5839=ORIENTED_EDGE('',*,*,#4276,.T.);
#5840=ORIENTED_EDGE('',*,*,#4147,.F.);
#5841=ORIENTED_EDGE('',*,*,#4277,.T.);
#5842=ORIENTED_EDGE('',*,*,#4278,.F.);
#5843=ORIENTED_EDGE('',*,*,#4277,.F.);
#5844=ORIENTED_EDGE('',*,*,#4150,.F.);
#5845=ORIENTED_EDGE('',*,*,#4279,.T.);
#5846=ORIENTED_EDGE('',*,*,#4280,.F.);
#5847=ORIENTED_EDGE('',*,*,#4279,.F.);
#5848=ORIENTED_EDGE('',*,*,#4152,.F.);
#5849=ORIENTED_EDGE('',*,*,#4281,.T.);
#5850=ORIENTED_EDGE('',*,*,#4282,.F.);
#5851=ORIENTED_EDGE('',*,*,#4281,.F.);
#5852=ORIENTED_EDGE('',*,*,#4154,.F.);
#5853=ORIENTED_EDGE('',*,*,#4283,.T.);
#5854=ORIENTED_EDGE('',*,*,#4284,.F.);
#5855=ORIENTED_EDGE('',*,*,#4283,.F.);
#5856=ORIENTED_EDGE('',*,*,#4227,.F.);
#5857=ORIENTED_EDGE('',*,*,#4285,.T.);
#5858=ORIENTED_EDGE('',*,*,#4286,.F.);
#5859=ORIENTED_EDGE('',*,*,#4285,.F.);
#5860=ORIENTED_EDGE('',*,*,#4225,.F.);
#5861=ORIENTED_EDGE('',*,*,#4287,.T.);
#5862=ORIENTED_EDGE('',*,*,#4288,.F.);
#5863=ORIENTED_EDGE('',*,*,#4229,.F.);
#5864=ORIENTED_EDGE('',*,*,#4289,.F.);
#5865=ORIENTED_EDGE('',*,*,#4287,.F.);
#5866=ORIENTED_EDGE('',*,*,#4223,.F.);
#5867=ORIENTED_EDGE('',*,*,#4290,.T.);
#5868=ORIENTED_EDGE('',*,*,#4185,.F.);
#5869=ORIENTED_EDGE('',*,*,#4276,.F.);
#5870=ORIENTED_EDGE('',*,*,#4291,.F.);
#5871=ORIENTED_EDGE('',*,*,#4290,.F.);
#5872=ORIENTED_EDGE('',*,*,#4292,.F.);
#5873=ORIENTED_EDGE('',*,*,#4274,.F.);
#5874=ORIENTED_EDGE('',*,*,#4183,.F.);
#5875=ORIENTED_EDGE('',*,*,#4293,.T.);
#5876=ORIENTED_EDGE('',*,*,#4294,.F.);
#5877=ORIENTED_EDGE('',*,*,#4157,.T.);
#5878=ORIENTED_EDGE('',*,*,#4295,.T.);
#5879=ORIENTED_EDGE('',*,*,#4296,.T.);
#5880=ORIENTED_EDGE('',*,*,#4297,.T.);
#5881=ORIENTED_EDGE('',*,*,#4298,.T.);
#5882=ORIENTED_EDGE('',*,*,#4299,.T.);
#5883=ORIENTED_EDGE('',*,*,#4300,.T.);
#5884=ORIENTED_EDGE('',*,*,#4301,.F.);
#5885=ORIENTED_EDGE('',*,*,#4302,.T.);
#5886=ORIENTED_EDGE('',*,*,#4193,.T.);
#5887=ORIENTED_EDGE('',*,*,#4303,.T.);
#5888=ORIENTED_EDGE('',*,*,#4299,.F.);
#5889=ORIENTED_EDGE('',*,*,#4304,.T.);
#5890=ORIENTED_EDGE('',*,*,#4195,.F.);
#5891=ORIENTED_EDGE('',*,*,#4305,.T.);
#5892=ORIENTED_EDGE('',*,*,#4306,.F.);
#5893=ORIENTED_EDGE('',*,*,#4136,.F.);
#5894=ORIENTED_EDGE('',*,*,#4131,.F.);
#5895=ORIENTED_EDGE('',*,*,#4307,.T.);
#5896=ORIENTED_EDGE('',*,*,#4308,.F.);
#5897=ORIENTED_EDGE('',*,*,#4307,.F.);
#5898=ORIENTED_EDGE('',*,*,#4186,.F.);
#5899=ORIENTED_EDGE('',*,*,#4309,.T.);
#5900=ORIENTED_EDGE('',*,*,#4310,.F.);
#5901=ORIENTED_EDGE('',*,*,#4304,.F.);
#5902=ORIENTED_EDGE('',*,*,#4311,.F.);
#5903=ORIENTED_EDGE('',*,*,#4309,.F.);
#5904=ORIENTED_EDGE('',*,*,#4196,.F.);
#5905=ORIENTED_EDGE('',*,*,#4312,.T.);
#5906=ORIENTED_EDGE('',*,*,#4189,.F.);
#5907=ORIENTED_EDGE('',*,*,#4313,.T.);
#5908=ORIENTED_EDGE('',*,*,#4314,.F.);
#5909=ORIENTED_EDGE('',*,*,#4305,.F.);
#5910=ORIENTED_EDGE('',*,*,#4194,.F.);
#5911=ORIENTED_EDGE('',*,*,#4315,.T.);
#5912=ORIENTED_EDGE('',*,*,#4316,.F.);
#5913=ORIENTED_EDGE('',*,*,#4315,.F.);
#5914=ORIENTED_EDGE('',*,*,#4317,.F.);
#5915=ORIENTED_EDGE('',*,*,#4318,.T.);
#5916=ORIENTED_EDGE('',*,*,#4319,.F.);
#5917=ORIENTED_EDGE('',*,*,#4318,.F.);
#5918=ORIENTED_EDGE('',*,*,#4190,.F.);
#5919=ORIENTED_EDGE('',*,*,#4312,.F.);
#5920=ORIENTED_EDGE('',*,*,#4320,.F.);
#5921=ORIENTED_EDGE('',*,*,#4313,.F.);
#5922=ORIENTED_EDGE('',*,*,#4188,.F.);
#5923=ORIENTED_EDGE('',*,*,#4321,.T.);
#5924=ORIENTED_EDGE('',*,*,#4296,.F.);
#5925=ORIENTED_EDGE('',*,*,#4321,.F.);
#5926=ORIENTED_EDGE('',*,*,#4302,.F.);
#5927=ORIENTED_EDGE('',*,*,#4322,.T.);
#5928=ORIENTED_EDGE('',*,*,#4297,.F.);
#5929=ORIENTED_EDGE('',*,*,#4323,.F.);
#5930=ORIENTED_EDGE('',*,*,#4293,.F.);
#5931=ORIENTED_EDGE('',*,*,#4322,.F.);
#5932=ORIENTED_EDGE('',*,*,#4298,.F.);
#5933=ORIENTED_EDGE('',*,*,#4324,.T.);
#5934=ORIENTED_EDGE('',*,*,#4325,.T.);
#5935=ORIENTED_EDGE('',*,*,#4326,.F.);
#5936=ORIENTED_EDGE('',*,*,#4327,.T.);
#5937=ORIENTED_EDGE('',*,*,#4328,.T.);
#5938=ORIENTED_EDGE('',*,*,#4329,.T.);
#5939=ORIENTED_EDGE('',*,*,#4330,.T.);
#5940=ORIENTED_EDGE('',*,*,#4331,.T.);
#5941=ORIENTED_EDGE('',*,*,#4332,.F.);
#5942=ORIENTED_EDGE('',*,*,#4306,.T.);
#5943=ORIENTED_EDGE('',*,*,#4316,.T.);
#5944=ORIENTED_EDGE('',*,*,#4319,.T.);
#5945=ORIENTED_EDGE('',*,*,#4320,.T.);
#5946=ORIENTED_EDGE('',*,*,#4314,.T.);
#5947=ORIENTED_EDGE('',*,*,#4295,.F.);
#5948=ORIENTED_EDGE('',*,*,#4261,.T.);
#5949=ORIENTED_EDGE('',*,*,#4333,.F.);
#5950=ORIENTED_EDGE('',*,*,#4334,.T.);
#5951=ORIENTED_EDGE('',*,*,#4137,.F.);
#5952=ORIENTED_EDGE('',*,*,#4308,.T.);
#5953=ORIENTED_EDGE('',*,*,#4310,.T.);
#5954=ORIENTED_EDGE('',*,*,#4311,.T.);
#5955=ORIENTED_EDGE('',*,*,#4332,.T.);
#5956=ORIENTED_EDGE('',*,*,#4335,.T.);
#5957=ORIENTED_EDGE('',*,*,#4336,.T.);
#5958=ORIENTED_EDGE('',*,*,#4337,.T.);
#5959=ORIENTED_EDGE('',*,*,#4205,.F.);
#5960=ORIENTED_EDGE('',*,*,#4338,.T.);
#5961=ORIENTED_EDGE('',*,*,#4327,.F.);
#5962=ORIENTED_EDGE('',*,*,#3755,.F.);
#5963=ORIENTED_EDGE('',*,*,#4097,.F.);
#5964=ORIENTED_EDGE('',*,*,#4339,.T.);
#5965=ORIENTED_EDGE('',*,*,#4340,.F.);
#5966=ORIENTED_EDGE('',*,*,#4339,.F.);
#5967=ORIENTED_EDGE('',*,*,#4093,.F.);
#5968=ORIENTED_EDGE('',*,*,#4341,.T.);
#5969=ORIENTED_EDGE('',*,*,#4342,.F.);
#5970=ORIENTED_EDGE('',*,*,#4337,.F.);
#5971=ORIENTED_EDGE('',*,*,#4343,.F.);
#5972=ORIENTED_EDGE('',*,*,#4341,.F.);
#5973=ORIENTED_EDGE('',*,*,#4206,.F.);
#5974=ORIENTED_EDGE('',*,*,#4344,.T.);
#5975=ORIENTED_EDGE('',*,*,#4199,.F.);
#5976=ORIENTED_EDGE('',*,*,#4345,.T.);
#5977=ORIENTED_EDGE('',*,*,#4331,.F.);
#5978=ORIENTED_EDGE('',*,*,#4338,.F.);
#5979=ORIENTED_EDGE('',*,*,#4204,.F.);
#5980=ORIENTED_EDGE('',*,*,#4346,.T.);
#5981=ORIENTED_EDGE('',*,*,#4328,.F.);
#5982=ORIENTED_EDGE('',*,*,#4346,.F.);
#5983=ORIENTED_EDGE('',*,*,#4202,.F.);
#5984=ORIENTED_EDGE('',*,*,#4347,.T.);
#5985=ORIENTED_EDGE('',*,*,#4329,.F.);
#5986=ORIENTED_EDGE('',*,*,#4347,.F.);
#5987=ORIENTED_EDGE('',*,*,#4200,.F.);
#5988=ORIENTED_EDGE('',*,*,#4344,.F.);
#5989=ORIENTED_EDGE('',*,*,#4330,.F.);
#5990=ORIENTED_EDGE('',*,*,#4345,.F.);
#5991=ORIENTED_EDGE('',*,*,#4198,.F.);
#5992=ORIENTED_EDGE('',*,*,#4348,.T.);
#5993=ORIENTED_EDGE('',*,*,#4335,.F.);
#5994=ORIENTED_EDGE('',*,*,#4348,.F.);
#5995=ORIENTED_EDGE('',*,*,#4140,.F.);
#5996=ORIENTED_EDGE('',*,*,#4349,.T.);
#5997=ORIENTED_EDGE('',*,*,#4336,.F.);
#5998=ORIENTED_EDGE('',*,*,#4134,.F.);
#5999=ORIENTED_EDGE('',*,*,#4334,.F.);
#6000=ORIENTED_EDGE('',*,*,#4349,.F.);
#6001=ORIENTED_EDGE('',*,*,#4138,.F.);
#6002=ORIENTED_EDGE('',*,*,#4350,.F.);
#6003=ORIENTED_EDGE('',*,*,#4351,.T.);
#6004=ORIENTED_EDGE('',*,*,#4111,.T.);
#6005=ORIENTED_EDGE('',*,*,#3533,.T.);
#6006=ORIENTED_EDGE('',*,*,#3816,.F.);
#6007=ORIENTED_EDGE('',*,*,#4352,.T.);
#6008=ORIENTED_EDGE('',*,*,#4112,.F.);
#6009=ORIENTED_EDGE('',*,*,#4351,.F.);
#6010=ORIENTED_EDGE('',*,*,#4353,.F.);
#6011=ORIENTED_EDGE('',*,*,#4354,.F.);
#6012=ORIENTED_EDGE('',*,*,#3812,.T.);
#6013=ORIENTED_EDGE('',*,*,#3528,.F.);
#6014=ORIENTED_EDGE('',*,*,#4355,.T.);
#6015=ORIENTED_EDGE('',*,*,#4356,.T.);
#6016=ORIENTED_EDGE('',*,*,#3531,.F.);
#6017=ORIENTED_EDGE('',*,*,#3817,.T.);
#6018=ORIENTED_EDGE('',*,*,#4354,.T.);
#6019=ORIENTED_EDGE('',*,*,#4357,.F.);
#6020=ORIENTED_EDGE('',*,*,#4358,.F.);
#6021=ORIENTED_EDGE('',*,*,#3538,.F.);
#6022=ORIENTED_EDGE('',*,*,#4359,.T.);
#6023=ORIENTED_EDGE('',*,*,#4360,.T.);
#6024=ORIENTED_EDGE('',*,*,#3545,.F.);
#6025=ORIENTED_EDGE('',*,*,#4361,.T.);
#6026=ORIENTED_EDGE('',*,*,#4362,.T.);
#6027=ORIENTED_EDGE('',*,*,#4359,.F.);
#6028=ORIENTED_EDGE('',*,*,#3544,.F.);
#6029=ORIENTED_EDGE('',*,*,#4363,.T.);
#6030=ORIENTED_EDGE('',*,*,#4364,.T.);
#6031=ORIENTED_EDGE('',*,*,#4361,.F.);
#6032=ORIENTED_EDGE('',*,*,#3543,.F.);
#6033=ORIENTED_EDGE('',*,*,#4365,.T.);
#6034=ORIENTED_EDGE('',*,*,#4366,.T.);
#6035=ORIENTED_EDGE('',*,*,#4363,.F.);
#6036=ORIENTED_EDGE('',*,*,#3542,.F.);
#6037=ORIENTED_EDGE('',*,*,#4367,.T.);
#6038=ORIENTED_EDGE('',*,*,#4368,.T.);
#6039=ORIENTED_EDGE('',*,*,#4365,.F.);
#6040=ORIENTED_EDGE('',*,*,#3555,.F.);
#6041=ORIENTED_EDGE('',*,*,#4015,.T.);
#6042=ORIENTED_EDGE('',*,*,#4369,.T.);
#6043=ORIENTED_EDGE('',*,*,#4018,.T.);
#6044=ORIENTED_EDGE('',*,*,#3549,.F.);
#6045=ORIENTED_EDGE('',*,*,#4370,.T.);
#6046=ORIENTED_EDGE('',*,*,#4371,.T.);
#6047=ORIENTED_EDGE('',*,*,#4042,.F.);
#6048=ORIENTED_EDGE('',*,*,#3548,.F.);
#6049=ORIENTED_EDGE('',*,*,#4372,.T.);
#6050=ORIENTED_EDGE('',*,*,#4373,.T.);
#6051=ORIENTED_EDGE('',*,*,#4370,.F.);
#6052=ORIENTED_EDGE('',*,*,#3547,.F.);
#6053=ORIENTED_EDGE('',*,*,#4039,.T.);
#6054=ORIENTED_EDGE('',*,*,#4374,.T.);
#6055=ORIENTED_EDGE('',*,*,#4372,.F.);
#6056=ORIENTED_EDGE('',*,*,#3532,.F.);
#6057=ORIENTED_EDGE('',*,*,#4357,.T.);
#6058=ORIENTED_EDGE('',*,*,#4353,.T.);
#6059=ORIENTED_EDGE('',*,*,#4350,.T.);
#6060=ORIENTED_EDGE('',*,*,#3564,.F.);
#6061=ORIENTED_EDGE('',*,*,#4375,.T.);
#6062=ORIENTED_EDGE('',*,*,#4376,.T.);
#6063=ORIENTED_EDGE('',*,*,#3904,.F.);
#6064=ORIENTED_EDGE('',*,*,#3563,.F.);
#6065=ORIENTED_EDGE('',*,*,#4377,.T.);
#6066=ORIENTED_EDGE('',*,*,#4378,.T.);
#6067=ORIENTED_EDGE('',*,*,#4379,.T.);
#6068=ORIENTED_EDGE('',*,*,#4375,.F.);
#6069=ORIENTED_EDGE('',*,*,#3562,.F.);
#6070=ORIENTED_EDGE('',*,*,#4380,.T.);
#6071=ORIENTED_EDGE('',*,*,#4381,.T.);
#6072=ORIENTED_EDGE('',*,*,#4377,.F.);
#6073=ORIENTED_EDGE('',*,*,#3569,.F.);
#6074=ORIENTED_EDGE('',*,*,#3913,.T.);
#6075=ORIENTED_EDGE('',*,*,#4382,.T.);
#6076=ORIENTED_EDGE('',*,*,#4380,.F.);
#6077=ORIENTED_EDGE('',*,*,#3572,.F.);
#6078=ORIENTED_EDGE('',*,*,#4383,.T.);
#6079=ORIENTED_EDGE('',*,*,#4384,.T.);
#6080=ORIENTED_EDGE('',*,*,#4025,.T.);
#6081=ORIENTED_EDGE('',*,*,#3571,.F.);
#6082=ORIENTED_EDGE('',*,*,#4385,.T.);
#6083=ORIENTED_EDGE('',*,*,#4386,.T.);
#6084=ORIENTED_EDGE('',*,*,#4383,.F.);
#6085=ORIENTED_EDGE('',*,*,#3570,.F.);
#6086=ORIENTED_EDGE('',*,*,#4387,.T.);
#6087=ORIENTED_EDGE('',*,*,#4388,.T.);
#6088=ORIENTED_EDGE('',*,*,#4385,.F.);
#6089=ORIENTED_EDGE('',*,*,#3577,.F.);
#6090=ORIENTED_EDGE('',*,*,#4033,.T.);
#6091=ORIENTED_EDGE('',*,*,#4389,.T.);
#6092=ORIENTED_EDGE('',*,*,#4387,.F.);
#6093=ORIENTED_EDGE('',*,*,#4390,.F.);
#6094=ORIENTED_EDGE('',*,*,#3526,.F.);
#6095=ORIENTED_EDGE('',*,*,#4391,.F.);
#6096=ORIENTED_EDGE('',*,*,#4392,.T.);
#6097=ORIENTED_EDGE('',*,*,#4300,.F.);
#6098=ORIENTED_EDGE('',*,*,#4303,.F.);
#6099=ORIENTED_EDGE('',*,*,#4192,.F.);
#6100=ORIENTED_EDGE('',*,*,#4393,.F.);
#6101=ORIENTED_EDGE('',*,*,#4391,.T.);
#6102=ORIENTED_EDGE('',*,*,#3525,.F.);
#6103=ORIENTED_EDGE('',*,*,#4394,.F.);
#6104=ORIENTED_EDGE('',*,*,#4395,.T.);
#6105=ORIENTED_EDGE('',*,*,#4394,.T.);
#6106=ORIENTED_EDGE('',*,*,#3524,.F.);
#6107=ORIENTED_EDGE('',*,*,#4396,.F.);
#6108=ORIENTED_EDGE('',*,*,#4397,.T.);
#6109=ORIENTED_EDGE('',*,*,#4396,.T.);
#6110=ORIENTED_EDGE('',*,*,#3523,.F.);
#6111=ORIENTED_EDGE('',*,*,#4398,.F.);
#6112=ORIENTED_EDGE('',*,*,#4399,.T.);
#6113=ORIENTED_EDGE('',*,*,#4398,.T.);
#6114=ORIENTED_EDGE('',*,*,#3522,.F.);
#6115=ORIENTED_EDGE('',*,*,#4400,.F.);
#6116=ORIENTED_EDGE('',*,*,#4401,.T.);
#6117=ORIENTED_EDGE('',*,*,#4400,.T.);
#6118=ORIENTED_EDGE('',*,*,#3521,.F.);
#6119=ORIENTED_EDGE('',*,*,#4402,.F.);
#6120=ORIENTED_EDGE('',*,*,#4403,.T.);
#6121=ORIENTED_EDGE('',*,*,#4402,.T.);
#6122=ORIENTED_EDGE('',*,*,#3520,.F.);
#6123=ORIENTED_EDGE('',*,*,#4404,.F.);
#6124=ORIENTED_EDGE('',*,*,#4405,.T.);
#6125=ORIENTED_EDGE('',*,*,#4404,.T.);
#6126=ORIENTED_EDGE('',*,*,#3519,.F.);
#6127=ORIENTED_EDGE('',*,*,#3808,.T.);
#6128=ORIENTED_EDGE('',*,*,#4406,.T.);
#6129=ORIENTED_EDGE('',*,*,#3527,.F.);
#6130=ORIENTED_EDGE('',*,*,#4390,.T.);
#6131=ORIENTED_EDGE('',*,*,#4407,.T.);
#6132=ORIENTED_EDGE('',*,*,#4355,.F.);
#6133=ORIENTED_EDGE('',*,*,#4408,.F.);
#6134=ORIENTED_EDGE('',*,*,#4409,.T.);
#6135=ORIENTED_EDGE('',*,*,#4367,.F.);
#6136=ORIENTED_EDGE('',*,*,#3541,.F.);
#6137=ORIENTED_EDGE('',*,*,#4408,.T.);
#6138=ORIENTED_EDGE('',*,*,#3540,.F.);
#6139=ORIENTED_EDGE('',*,*,#4410,.F.);
#6140=ORIENTED_EDGE('',*,*,#4411,.T.);
#6141=ORIENTED_EDGE('',*,*,#4410,.T.);
#6142=ORIENTED_EDGE('',*,*,#3539,.T.);
#6143=ORIENTED_EDGE('',*,*,#4358,.T.);
#6144=ORIENTED_EDGE('',*,*,#4412,.T.);
#6145=ORIENTED_EDGE('',*,*,#4413,.F.);
#6146=ORIENTED_EDGE('',*,*,#4414,.F.);
#6147=ORIENTED_EDGE('',*,*,#4415,.F.);
#6148=ORIENTED_EDGE('',*,*,#3708,.F.);
#6149=ORIENTED_EDGE('',*,*,#4415,.T.);
#6150=ORIENTED_EDGE('',*,*,#4416,.F.);
#6151=ORIENTED_EDGE('',*,*,#4417,.T.);
#6152=ORIENTED_EDGE('',*,*,#3709,.F.);
#6153=ORIENTED_EDGE('',*,*,#4418,.F.);
#6154=ORIENTED_EDGE('',*,*,#3706,.F.);
#6155=ORIENTED_EDGE('',*,*,#4417,.F.);
#6156=ORIENTED_EDGE('',*,*,#4419,.F.);
#6157=ORIENTED_EDGE('',*,*,#4413,.T.);
#6158=ORIENTED_EDGE('',*,*,#3707,.F.);
#6159=ORIENTED_EDGE('',*,*,#4418,.T.);
#6160=ORIENTED_EDGE('',*,*,#4420,.F.);
#6161=ORIENTED_EDGE('',*,*,#4326,.T.);
#6162=ORIENTED_EDGE('',*,*,#4421,.T.);
#6163=ORIENTED_EDGE('',*,*,#4422,.F.);
#6164=ORIENTED_EDGE('',*,*,#3756,.F.);
#6165=ORIENTED_EDGE('',*,*,#4340,.T.);
#6166=ORIENTED_EDGE('',*,*,#4342,.T.);
#6167=ORIENTED_EDGE('',*,*,#4343,.T.);
#6168=ORIENTED_EDGE('',*,*,#4423,.T.);
#6169=ORIENTED_EDGE('',*,*,#3827,.F.);
#6170=ORIENTED_EDGE('',*,*,#3757,.F.);
#6171=ORIENTED_EDGE('',*,*,#4422,.T.);
#6172=ORIENTED_EDGE('',*,*,#4424,.T.);
#6173=ORIENTED_EDGE('',*,*,#4425,.F.);
#6174=ORIENTED_EDGE('',*,*,#4426,.F.);
#6175=ORIENTED_EDGE('',*,*,#4423,.F.);
#6176=ORIENTED_EDGE('',*,*,#4427,.T.);
#6177=ORIENTED_EDGE('',*,*,#4428,.T.);
#6178=ORIENTED_EDGE('',*,*,#4429,.T.);
#6179=ORIENTED_EDGE('',*,*,#4430,.T.);
#6180=ORIENTED_EDGE('',*,*,#4431,.T.);
#6181=ORIENTED_EDGE('',*,*,#4432,.T.);
#6182=ORIENTED_EDGE('',*,*,#4433,.T.);
#6183=ORIENTED_EDGE('',*,*,#4434,.T.);
#6184=ORIENTED_EDGE('',*,*,#4435,.T.);
#6185=ORIENTED_EDGE('',*,*,#4430,.F.);
#6186=ORIENTED_EDGE('',*,*,#4436,.T.);
#6187=ORIENTED_EDGE('',*,*,#4432,.F.);
#6188=ORIENTED_EDGE('',*,*,#4437,.T.);
#6189=ORIENTED_EDGE('',*,*,#4438,.F.);
#6190=ORIENTED_EDGE('',*,*,#4424,.F.);
#6191=ORIENTED_EDGE('',*,*,#4421,.F.);
#6192=ORIENTED_EDGE('',*,*,#4439,.T.);
#6193=ORIENTED_EDGE('',*,*,#4440,.F.);
#6194=ORIENTED_EDGE('',*,*,#4425,.T.);
#6195=ORIENTED_EDGE('',*,*,#4438,.T.);
#6196=ORIENTED_EDGE('',*,*,#4441,.T.);
#6197=ORIENTED_EDGE('',*,*,#4442,.T.);
#6198=ORIENTED_EDGE('',*,*,#4420,.T.);
#6199=ORIENTED_EDGE('',*,*,#4419,.T.);
#6200=ORIENTED_EDGE('',*,*,#4416,.T.);
#6201=ORIENTED_EDGE('',*,*,#4414,.T.);
#6202=ORIENTED_EDGE('',*,*,#4443,.T.);
#6203=ORIENTED_EDGE('',*,*,#3823,.F.);
#6204=ORIENTED_EDGE('',*,*,#4426,.T.);
#6205=ORIENTED_EDGE('',*,*,#4440,.T.);
#6206=ORIENTED_EDGE('',*,*,#4444,.T.);
#6207=ORIENTED_EDGE('',*,*,#4445,.T.);
#6208=ORIENTED_EDGE('',*,*,#4443,.F.);
#6209=ORIENTED_EDGE('',*,*,#4446,.T.);
#6210=ORIENTED_EDGE('',*,*,#4428,.F.);
#6211=ORIENTED_EDGE('',*,*,#4446,.F.);
#6212=ORIENTED_EDGE('',*,*,#4439,.F.);
#6213=ORIENTED_EDGE('',*,*,#4447,.T.);
#6214=ORIENTED_EDGE('',*,*,#4429,.F.);
#6215=ORIENTED_EDGE('',*,*,#4447,.F.);
#6216=ORIENTED_EDGE('',*,*,#4442,.F.);
#6217=ORIENTED_EDGE('',*,*,#4448,.T.);
#6218=ORIENTED_EDGE('',*,*,#4436,.F.);
#6219=ORIENTED_EDGE('',*,*,#4448,.F.);
#6220=ORIENTED_EDGE('',*,*,#4441,.F.);
#6221=ORIENTED_EDGE('',*,*,#4449,.T.);
#6222=ORIENTED_EDGE('',*,*,#4433,.F.);
#6223=ORIENTED_EDGE('',*,*,#4450,.T.);
#6224=ORIENTED_EDGE('',*,*,#4451,.T.);
#6225=ORIENTED_EDGE('',*,*,#4452,.T.);
#6226=ORIENTED_EDGE('',*,*,#4434,.F.);
#6227=ORIENTED_EDGE('',*,*,#4449,.F.);
#6228=ORIENTED_EDGE('',*,*,#4437,.F.);
#6229=ORIENTED_EDGE('',*,*,#4453,.T.);
#6230=ORIENTED_EDGE('',*,*,#4454,.F.);
#6231=ORIENTED_EDGE('',*,*,#4258,.T.);
#6232=ORIENTED_EDGE('',*,*,#3824,.F.);
#6233=ORIENTED_EDGE('',*,*,#4455,.T.);
#6234=ORIENTED_EDGE('',*,*,#4444,.F.);
#6235=ORIENTED_EDGE('',*,*,#4456,.T.);
#6236=ORIENTED_EDGE('',*,*,#4457,.F.);
#6237=ORIENTED_EDGE('',*,*,#4455,.F.);
#6238=ORIENTED_EDGE('',*,*,#4453,.F.);
#6239=ORIENTED_EDGE('',*,*,#4445,.F.);
#6240=ORIENTED_EDGE('',*,*,#4458,.T.);
#6241=ORIENTED_EDGE('',*,*,#4452,.F.);
#6242=ORIENTED_EDGE('',*,*,#4459,.T.);
#6243=ORIENTED_EDGE('',*,*,#4460,.F.);
#6244=ORIENTED_EDGE('',*,*,#4461,.F.);
#6245=ORIENTED_EDGE('',*,*,#4435,.F.);
#6246=ORIENTED_EDGE('',*,*,#4462,.T.);
#6247=ORIENTED_EDGE('',*,*,#4463,.F.);
#6248=ORIENTED_EDGE('',*,*,#4458,.F.);
#6249=ORIENTED_EDGE('',*,*,#4464,.F.);
#6250=ORIENTED_EDGE('',*,*,#4462,.F.);
#6251=ORIENTED_EDGE('',*,*,#4431,.F.);
#6252=ORIENTED_EDGE('',*,*,#4459,.F.);
#6253=ORIENTED_EDGE('',*,*,#4451,.F.);
#6254=ORIENTED_EDGE('',*,*,#4450,.F.);
#6255=ORIENTED_EDGE('',*,*,#4325,.F.);
#6256=ORIENTED_EDGE('',*,*,#4324,.F.);
#6257=ORIENTED_EDGE('',*,*,#3703,.F.);
#6258=ORIENTED_EDGE('',*,*,#4465,.F.);
#6259=ORIENTED_EDGE('',*,*,#4466,.T.);
#6260=ORIENTED_EDGE('',*,*,#4467,.T.);
#6261=ORIENTED_EDGE('',*,*,#3704,.F.);
#6262=ORIENTED_EDGE('',*,*,#4467,.F.);
#6263=ORIENTED_EDGE('',*,*,#4468,.T.);
#6264=ORIENTED_EDGE('',*,*,#3695,.T.);
#6265=ORIENTED_EDGE('',*,*,#3700,.F.);
#6266=ORIENTED_EDGE('',*,*,#3471,.F.);
#6267=ORIENTED_EDGE('',*,*,#4469,.T.);
#6268=ORIENTED_EDGE('',*,*,#4470,.T.);
#6269=ORIENTED_EDGE('',*,*,#3701,.F.);
#6270=ORIENTED_EDGE('',*,*,#4470,.F.);
#6271=ORIENTED_EDGE('',*,*,#4471,.T.);
#6272=ORIENTED_EDGE('',*,*,#4472,.T.);
#6273=ORIENTED_EDGE('',*,*,#3702,.F.);
#6274=ORIENTED_EDGE('',*,*,#4472,.F.);
#6275=ORIENTED_EDGE('',*,*,#4473,.T.);
#6276=ORIENTED_EDGE('',*,*,#4465,.T.);
#6277=ORIENTED_EDGE('',*,*,#4456,.F.);
#6278=ORIENTED_EDGE('',*,*,#4427,.F.);
#6279=ORIENTED_EDGE('',*,*,#4461,.T.);
#6280=ORIENTED_EDGE('',*,*,#4474,.F.);
#6281=ORIENTED_EDGE('',*,*,#3476,.F.);
#6282=ORIENTED_EDGE('',*,*,#3537,.F.);
#6283=ORIENTED_EDGE('',*,*,#4130,.F.);
#6284=ORIENTED_EDGE('',*,*,#4475,.T.);
#6285=ORIENTED_EDGE('',*,*,#4457,.T.);
#6286=ORIENTED_EDGE('',*,*,#4474,.T.);
#6287=ORIENTED_EDGE('',*,*,#4463,.T.);
#6288=ORIENTED_EDGE('',*,*,#4464,.T.);
#6289=ORIENTED_EDGE('',*,*,#4460,.T.);
#6290=ORIENTED_EDGE('',*,*,#4333,.T.);
#6291=ORIENTED_EDGE('',*,*,#4260,.T.);
#6292=ORIENTED_EDGE('',*,*,#4242,.T.);
#6293=ORIENTED_EDGE('',*,*,#4240,.T.);
#6294=ORIENTED_EDGE('',*,*,#4238,.T.);
#6295=ORIENTED_EDGE('',*,*,#4236,.T.);
#6296=ORIENTED_EDGE('',*,*,#4234,.T.);
#6297=ORIENTED_EDGE('',*,*,#4232,.T.);
#6298=ORIENTED_EDGE('',*,*,#4476,.T.);
#6299=ORIENTED_EDGE('',*,*,#3909,.F.);
#6300=ORIENTED_EDGE('',*,*,#3907,.F.);
#6301=ORIENTED_EDGE('',*,*,#3905,.F.);
#6302=ORIENTED_EDGE('',*,*,#4376,.F.);
#6303=ORIENTED_EDGE('',*,*,#4379,.F.);
#6304=ORIENTED_EDGE('',*,*,#4477,.T.);
#6305=ORIENTED_EDGE('',*,*,#4454,.T.);
#6306=ORIENTED_EDGE('',*,*,#4384,.F.);
#6307=ORIENTED_EDGE('',*,*,#4386,.F.);
#6308=ORIENTED_EDGE('',*,*,#4388,.F.);
#6309=ORIENTED_EDGE('',*,*,#4389,.F.);
#6310=ORIENTED_EDGE('',*,*,#4032,.F.);
#6311=ORIENTED_EDGE('',*,*,#4030,.F.);
#6312=ORIENTED_EDGE('',*,*,#4028,.F.);
#6313=ORIENTED_EDGE('',*,*,#4026,.F.);
#6314=ORIENTED_EDGE('',*,*,#3740,.F.);
#6315=ORIENTED_EDGE('',*,*,#4478,.F.);
#6316=ORIENTED_EDGE('',*,*,#3516,.F.);
#6317=ORIENTED_EDGE('',*,*,#3742,.T.);
#6318=ORIENTED_EDGE('',*,*,#4479,.F.);
#6319=ORIENTED_EDGE('',*,*,#3517,.T.);
#6320=ORIENTED_EDGE('',*,*,#4478,.T.);
#6321=ORIENTED_EDGE('',*,*,#3713,.F.);
#6322=ORIENTED_EDGE('',*,*,#3738,.F.);
#6323=ORIENTED_EDGE('',*,*,#3728,.F.);
#6324=ORIENTED_EDGE('',*,*,#3725,.F.);
#6325=ORIENTED_EDGE('',*,*,#3736,.F.);
#6326=ORIENTED_EDGE('',*,*,#4480,.T.);
#6327=ORIENTED_EDGE('',*,*,#4269,.T.);
#6328=ORIENTED_EDGE('',*,*,#4271,.T.);
#6329=ORIENTED_EDGE('',*,*,#4273,.T.);
#6330=ORIENTED_EDGE('',*,*,#4275,.T.);
#6331=ORIENTED_EDGE('',*,*,#4292,.T.);
#6332=ORIENTED_EDGE('',*,*,#4291,.T.);
#6333=ORIENTED_EDGE('',*,*,#4278,.T.);
#6334=ORIENTED_EDGE('',*,*,#4280,.T.);
#6335=ORIENTED_EDGE('',*,*,#4282,.T.);
#6336=ORIENTED_EDGE('',*,*,#4284,.T.);
#6337=ORIENTED_EDGE('',*,*,#4286,.T.);
#6338=ORIENTED_EDGE('',*,*,#4288,.T.);
#6339=ORIENTED_EDGE('',*,*,#4289,.T.);
#6340=ORIENTED_EDGE('',*,*,#4245,.T.);
#6341=ORIENTED_EDGE('',*,*,#4247,.T.);
#6342=ORIENTED_EDGE('',*,*,#4249,.T.);
#6343=ORIENTED_EDGE('',*,*,#4251,.T.);
#6344=ORIENTED_EDGE('',*,*,#4253,.T.);
#6345=ORIENTED_EDGE('',*,*,#4255,.T.);
#6346=ORIENTED_EDGE('',*,*,#4257,.T.);
#6347=ORIENTED_EDGE('',*,*,#4259,.T.);
#6348=ORIENTED_EDGE('',*,*,#4477,.F.);
#6349=ORIENTED_EDGE('',*,*,#4378,.F.);
#6350=ORIENTED_EDGE('',*,*,#4381,.F.);
#6351=ORIENTED_EDGE('',*,*,#4382,.F.);
#6352=ORIENTED_EDGE('',*,*,#3912,.F.);
#6353=ORIENTED_EDGE('',*,*,#3910,.F.);
#6354=ORIENTED_EDGE('',*,*,#4476,.F.);
#6355=ORIENTED_EDGE('',*,*,#4231,.T.);
#6356=ORIENTED_EDGE('',*,*,#4262,.T.);
#6357=ORIENTED_EDGE('',*,*,#4266,.T.);
#6358=ORIENTED_EDGE('',*,*,#3804,.F.);
#6359=ORIENTED_EDGE('',*,*,#3803,.T.);
#6360=ORIENTED_EDGE('',*,*,#4364,.F.);
#6361=ORIENTED_EDGE('',*,*,#4366,.F.);
#6362=ORIENTED_EDGE('',*,*,#4368,.F.);
#6363=ORIENTED_EDGE('',*,*,#4409,.F.);
#6364=ORIENTED_EDGE('',*,*,#4411,.F.);
#6365=ORIENTED_EDGE('',*,*,#4412,.F.);
#6366=ORIENTED_EDGE('',*,*,#4360,.F.);
#6367=ORIENTED_EDGE('',*,*,#4362,.F.);
#6368=ORIENTED_EDGE('',*,*,#4085,.F.);
#6369=ORIENTED_EDGE('',*,*,#4083,.F.);
#6370=ORIENTED_EDGE('',*,*,#4081,.F.);
#6371=ORIENTED_EDGE('',*,*,#4079,.F.);
#6372=ORIENTED_EDGE('',*,*,#4092,.F.);
#6373=ORIENTED_EDGE('',*,*,#4091,.F.);
#6374=ORIENTED_EDGE('',*,*,#4089,.F.);
#6375=ORIENTED_EDGE('',*,*,#4087,.F.);
#6376=ORIENTED_EDGE('',*,*,#4069,.F.);
#6377=ORIENTED_EDGE('',*,*,#4067,.F.);
#6378=ORIENTED_EDGE('',*,*,#4065,.F.);
#6379=ORIENTED_EDGE('',*,*,#4063,.F.);
#6380=ORIENTED_EDGE('',*,*,#4076,.F.);
#6381=ORIENTED_EDGE('',*,*,#4075,.F.);
#6382=ORIENTED_EDGE('',*,*,#4073,.F.);
#6383=ORIENTED_EDGE('',*,*,#4071,.F.);
#6384=ORIENTED_EDGE('',*,*,#4053,.F.);
#6385=ORIENTED_EDGE('',*,*,#4051,.F.);
#6386=ORIENTED_EDGE('',*,*,#4049,.F.);
#6387=ORIENTED_EDGE('',*,*,#4047,.F.);
#6388=ORIENTED_EDGE('',*,*,#4060,.F.);
#6389=ORIENTED_EDGE('',*,*,#4059,.F.);
#6390=ORIENTED_EDGE('',*,*,#4057,.F.);
#6391=ORIENTED_EDGE('',*,*,#4055,.F.);
#6392=ORIENTED_EDGE('',*,*,#4002,.F.);
#6393=ORIENTED_EDGE('',*,*,#4000,.F.);
#6394=ORIENTED_EDGE('',*,*,#3998,.F.);
#6395=ORIENTED_EDGE('',*,*,#3996,.F.);
#6396=ORIENTED_EDGE('',*,*,#4009,.F.);
#6397=ORIENTED_EDGE('',*,*,#4008,.F.);
#6398=ORIENTED_EDGE('',*,*,#4006,.F.);
#6399=ORIENTED_EDGE('',*,*,#4004,.F.);
#6400=ORIENTED_EDGE('',*,*,#3986,.F.);
#6401=ORIENTED_EDGE('',*,*,#3984,.F.);
#6402=ORIENTED_EDGE('',*,*,#3982,.F.);
#6403=ORIENTED_EDGE('',*,*,#3980,.F.);
#6404=ORIENTED_EDGE('',*,*,#3993,.F.);
#6405=ORIENTED_EDGE('',*,*,#3992,.F.);
#6406=ORIENTED_EDGE('',*,*,#3990,.F.);
#6407=ORIENTED_EDGE('',*,*,#3988,.F.);
#6408=ORIENTED_EDGE('',*,*,#3970,.F.);
#6409=ORIENTED_EDGE('',*,*,#3968,.F.);
#6410=ORIENTED_EDGE('',*,*,#3966,.F.);
#6411=ORIENTED_EDGE('',*,*,#3964,.F.);
#6412=ORIENTED_EDGE('',*,*,#3977,.F.);
#6413=ORIENTED_EDGE('',*,*,#3976,.F.);
#6414=ORIENTED_EDGE('',*,*,#3974,.F.);
#6415=ORIENTED_EDGE('',*,*,#3972,.F.);
#6416=ORIENTED_EDGE('',*,*,#3954,.F.);
#6417=ORIENTED_EDGE('',*,*,#3952,.F.);
#6418=ORIENTED_EDGE('',*,*,#3950,.F.);
#6419=ORIENTED_EDGE('',*,*,#3948,.F.);
#6420=ORIENTED_EDGE('',*,*,#3961,.F.);
#6421=ORIENTED_EDGE('',*,*,#3960,.F.);
#6422=ORIENTED_EDGE('',*,*,#3958,.F.);
#6423=ORIENTED_EDGE('',*,*,#3956,.F.);
#6424=ORIENTED_EDGE('',*,*,#3938,.F.);
#6425=ORIENTED_EDGE('',*,*,#3936,.F.);
#6426=ORIENTED_EDGE('',*,*,#3934,.F.);
#6427=ORIENTED_EDGE('',*,*,#3932,.F.);
#6428=ORIENTED_EDGE('',*,*,#3945,.F.);
#6429=ORIENTED_EDGE('',*,*,#3944,.F.);
#6430=ORIENTED_EDGE('',*,*,#3942,.F.);
#6431=ORIENTED_EDGE('',*,*,#3940,.F.);
#6432=ORIENTED_EDGE('',*,*,#3922,.F.);
#6433=ORIENTED_EDGE('',*,*,#3920,.F.);
#6434=ORIENTED_EDGE('',*,*,#3918,.F.);
#6435=ORIENTED_EDGE('',*,*,#3916,.F.);
#6436=ORIENTED_EDGE('',*,*,#3929,.F.);
#6437=ORIENTED_EDGE('',*,*,#3928,.F.);
#6438=ORIENTED_EDGE('',*,*,#3926,.F.);
#6439=ORIENTED_EDGE('',*,*,#3924,.F.);
#6440=ORIENTED_EDGE('',*,*,#3896,.F.);
#6441=ORIENTED_EDGE('',*,*,#3894,.F.);
#6442=ORIENTED_EDGE('',*,*,#3892,.F.);
#6443=ORIENTED_EDGE('',*,*,#3890,.F.);
#6444=ORIENTED_EDGE('',*,*,#3903,.F.);
#6445=ORIENTED_EDGE('',*,*,#3902,.F.);
#6446=ORIENTED_EDGE('',*,*,#3900,.F.);
#6447=ORIENTED_EDGE('',*,*,#3898,.F.);
#6448=ORIENTED_EDGE('',*,*,#3880,.F.);
#6449=ORIENTED_EDGE('',*,*,#3878,.F.);
#6450=ORIENTED_EDGE('',*,*,#3876,.F.);
#6451=ORIENTED_EDGE('',*,*,#3874,.F.);
#6452=ORIENTED_EDGE('',*,*,#3887,.F.);
#6453=ORIENTED_EDGE('',*,*,#3886,.F.);
#6454=ORIENTED_EDGE('',*,*,#3884,.F.);
#6455=ORIENTED_EDGE('',*,*,#3882,.F.);
#6456=ORIENTED_EDGE('',*,*,#3864,.F.);
#6457=ORIENTED_EDGE('',*,*,#3862,.F.);
#6458=ORIENTED_EDGE('',*,*,#3860,.F.);
#6459=ORIENTED_EDGE('',*,*,#3858,.F.);
#6460=ORIENTED_EDGE('',*,*,#3871,.F.);
#6461=ORIENTED_EDGE('',*,*,#3870,.F.);
#6462=ORIENTED_EDGE('',*,*,#3868,.F.);
#6463=ORIENTED_EDGE('',*,*,#3866,.F.);
#6464=ORIENTED_EDGE('',*,*,#4371,.F.);
#6465=ORIENTED_EDGE('',*,*,#4373,.F.);
#6466=ORIENTED_EDGE('',*,*,#4374,.F.);
#6467=ORIENTED_EDGE('',*,*,#4040,.F.);
#6468=ORIENTED_EDGE('',*,*,#4038,.F.);
#6469=ORIENTED_EDGE('',*,*,#4036,.F.);
#6470=ORIENTED_EDGE('',*,*,#4044,.F.);
#6471=ORIENTED_EDGE('',*,*,#4043,.F.);
#6472=ORIENTED_EDGE('',*,*,#4019,.F.);
#6473=ORIENTED_EDGE('',*,*,#4369,.F.);
#6474=ORIENTED_EDGE('',*,*,#4016,.F.);
#6475=ORIENTED_EDGE('',*,*,#4014,.F.);
#6476=ORIENTED_EDGE('',*,*,#4012,.F.);
#6477=ORIENTED_EDGE('',*,*,#4024,.F.);
#6478=ORIENTED_EDGE('',*,*,#4023,.F.);
#6479=ORIENTED_EDGE('',*,*,#4021,.F.);
#6480=ORIENTED_EDGE('',*,*,#3844,.F.);
#6481=ORIENTED_EDGE('',*,*,#3842,.F.);
#6482=ORIENTED_EDGE('',*,*,#3855,.F.);
#6483=ORIENTED_EDGE('',*,*,#3854,.F.);
#6484=ORIENTED_EDGE('',*,*,#3852,.F.);
#6485=ORIENTED_EDGE('',*,*,#3850,.F.);
#6486=ORIENTED_EDGE('',*,*,#3848,.F.);
#6487=ORIENTED_EDGE('',*,*,#3846,.F.);
#6488=ORIENTED_EDGE('',*,*,#3715,.F.);
#6489=ORIENTED_EDGE('',*,*,#3805,.T.);
#6490=ORIENTED_EDGE('',*,*,#4265,.T.);
#6491=ORIENTED_EDGE('',*,*,#4481,.F.);
#6492=ORIENTED_EDGE('',*,*,#3734,.F.);
#6493=ORIENTED_EDGE('',*,*,#3780,.F.);
#6494=ORIENTED_EDGE('',*,*,#4175,.T.);
#6495=ORIENTED_EDGE('',*,*,#4482,.T.);
#6496=ORIENTED_EDGE('',*,*,#3716,.F.);
#6497=ORIENTED_EDGE('',*,*,#4481,.T.);
#6498=ORIENTED_EDGE('',*,*,#4264,.T.);
#6499=ORIENTED_EDGE('',*,*,#4146,.F.);
#6500=ORIENTED_EDGE('',*,*,#4483,.F.);
#6501=ORIENTED_EDGE('',*,*,#3717,.F.);
#6502=ORIENTED_EDGE('',*,*,#4483,.T.);
#6503=ORIENTED_EDGE('',*,*,#4145,.F.);
#6504=ORIENTED_EDGE('',*,*,#4173,.T.);
#6505=ORIENTED_EDGE('',*,*,#4170,.T.);
#6506=ORIENTED_EDGE('',*,*,#4167,.T.);
#6507=ORIENTED_EDGE('',*,*,#4164,.T.);
#6508=ORIENTED_EDGE('',*,*,#4161,.T.);
#6509=ORIENTED_EDGE('',*,*,#4158,.F.);
#6510=ORIENTED_EDGE('',*,*,#4294,.T.);
#6511=ORIENTED_EDGE('',*,*,#4323,.T.);
#6512=ORIENTED_EDGE('',*,*,#4301,.T.);
#6513=ORIENTED_EDGE('',*,*,#4392,.F.);
#6514=ORIENTED_EDGE('',*,*,#4395,.F.);
#6515=ORIENTED_EDGE('',*,*,#4397,.F.);
#6516=ORIENTED_EDGE('',*,*,#4399,.F.);
#6517=ORIENTED_EDGE('',*,*,#4401,.F.);
#6518=ORIENTED_EDGE('',*,*,#4403,.F.);
#6519=ORIENTED_EDGE('',*,*,#4405,.F.);
#6520=ORIENTED_EDGE('',*,*,#4406,.F.);
#6521=ORIENTED_EDGE('',*,*,#3807,.F.);
#6522=ORIENTED_EDGE('',*,*,#4484,.T.);
#6523=ORIENTED_EDGE('',*,*,#3735,.F.);
#6524=ORIENTED_EDGE('',*,*,#4482,.F.);
#6525=ORIENTED_EDGE('',*,*,#4267,.T.);
#6526=ORIENTED_EDGE('',*,*,#4480,.F.);
#6527=ORIENTED_EDGE('',*,*,#3719,.F.);
#6528=ORIENTED_EDGE('',*,*,#4485,.F.);
#6529=ORIENTED_EDGE('',*,*,#4479,.T.);
#6530=ORIENTED_EDGE('',*,*,#3739,.T.);
#6531=ORIENTED_EDGE('',*,*,#3718,.F.);
#6532=ORIENTED_EDGE('',*,*,#4484,.F.);
#6533=ORIENTED_EDGE('',*,*,#3806,.T.);
#6534=ORIENTED_EDGE('',*,*,#4485,.T.);
#6535=ORIENTED_EDGE('',*,*,#4113,.T.);
#6536=ORIENTED_EDGE('',*,*,#4352,.F.);
#6537=ORIENTED_EDGE('',*,*,#3815,.F.);
#6538=ORIENTED_EDGE('',*,*,#3813,.T.);
#6539=ORIENTED_EDGE('',*,*,#4356,.F.);
#6540=ORIENTED_EDGE('',*,*,#4407,.F.);
#6541=ORIENTED_EDGE('',*,*,#4393,.T.);
#6542=ORIENTED_EDGE('',*,*,#4191,.T.);
#6543=ORIENTED_EDGE('',*,*,#4317,.T.);
#6544=ORIENTED_EDGE('',*,*,#4197,.T.);
#6545=ORIENTED_EDGE('',*,*,#4100,.T.);
#6546=ORIENTED_EDGE('',*,*,#3835,.T.);
#6547=ORIENTED_EDGE('',*,*,#3687,.T.);
#6548=ORIENTED_EDGE('',*,*,#3684,.F.);
#6549=ORIENTED_EDGE('',*,*,#3477,.F.);
#6550=ORIENTED_EDGE('',*,*,#4475,.F.);
#6551=ORIENTED_EDGE('',*,*,#4129,.T.);
#6552=ORIENTED_EDGE('',*,*,#3839,.F.);
#6553=ORIENTED_EDGE('',*,*,#3467,.F.);
#6554=ORIENTED_EDGE('',*,*,#3710,.F.);
#6555=ORIENTED_EDGE('',*,*,#3698,.F.);
#6556=ORIENTED_EDGE('',*,*,#3692,.F.);
#6557=ORIENTED_EDGE('',*,*,#3696,.F.);
#6558=ORIENTED_EDGE('',*,*,#4468,.F.);
#6559=ORIENTED_EDGE('',*,*,#4466,.F.);
#6560=ORIENTED_EDGE('',*,*,#4473,.F.);
#6561=ORIENTED_EDGE('',*,*,#4471,.F.);
#6562=ORIENTED_EDGE('',*,*,#4469,.F.);
#6563=ORIENTED_EDGE('',*,*,#3470,.F.);
#6564=CYLINDRICAL_SURFACE('',#7127,0.8115);
#6565=CYLINDRICAL_SURFACE('',#7131,0.8115);
#6566=CYLINDRICAL_SURFACE('',#7135,0.8115);
#6567=CYLINDRICAL_SURFACE('',#7139,0.8115);
#6568=CYLINDRICAL_SURFACE('',#7143,2.05);
#6569=CYLINDRICAL_SURFACE('',#7147,2.05);
#6570=CYLINDRICAL_SURFACE('',#7151,2.15);
#6571=CYLINDRICAL_SURFACE('',#7155,1.95000000000001);
#6572=CYLINDRICAL_SURFACE('',#7261,2.15000000000001);
#6573=CYLINDRICAL_SURFACE('',#7270,1.99999999999998);
#6574=CYLINDRICAL_SURFACE('',#7275,1.99999999999998);
#6575=CYLINDRICAL_SURFACE('',#7282,233.2);
#6576=CYLINDRICAL_SURFACE('',#7283,234.2);
#6577=CYLINDRICAL_SURFACE('',#7315,119.57670936989);
#6578=CYLINDRICAL_SURFACE('',#7318,0.8115);
#6579=CYLINDRICAL_SURFACE('',#7325,0.8115);
#6580=CYLINDRICAL_SURFACE('',#7329,1.95000000000001);
#6581=CYLINDRICAL_SURFACE('',#7333,2.3999771577706);
#6582=CYLINDRICAL_SURFACE('',#7335,2.40005486468514);
#6583=CYLINDRICAL_SURFACE('',#7338,2.40000442636833);
#6584=CYLINDRICAL_SURFACE('',#7340,2.40002240575253);
#6585=CYLINDRICAL_SURFACE('',#7344,1.43665563634989);
#6586=CYLINDRICAL_SURFACE('',#7347,1.43665563634899);
#6587=CYLINDRICAL_SURFACE('',#7350,1.43665563634991);
#6588=CYLINDRICAL_SURFACE('',#7353,1.43665563634932);
#6589=CYLINDRICAL_SURFACE('',#7356,1.43665563634903);
#6590=CYLINDRICAL_SURFACE('',#7359,1.43665563634989);
#6591=CYLINDRICAL_SURFACE('',#7362,1.4366556363493);
#6592=CYLINDRICAL_SURFACE('',#7365,1.43665563634988);
#6593=CYLINDRICAL_SURFACE('',#7368,1.43665563634997);
#6594=CYLINDRICAL_SURFACE('',#7371,1.43665563634899);
#6595=CYLINDRICAL_SURFACE('',#7374,1.43665563634995);
#6596=CYLINDRICAL_SURFACE('',#7377,1.43665563634931);
#6597=CYLINDRICAL_SURFACE('',#7380,1.43665563634988);
#6598=CYLINDRICAL_SURFACE('',#7383,1.43665563634901);
#6599=CYLINDRICAL_SURFACE('',#7386,1.43665563634991);
#6600=CYLINDRICAL_SURFACE('',#7389,1.43665563634932);
#6601=CYLINDRICAL_SURFACE('',#7393,1.43665563634901);
#6602=CYLINDRICAL_SURFACE('',#7396,1.43665563634994);
#6603=CYLINDRICAL_SURFACE('',#7398,1.43665563634988);
#6604=CYLINDRICAL_SURFACE('',#7401,1.43665563634901);
#6605=CYLINDRICAL_SURFACE('',#7404,1.43665563634991);
#6606=CYLINDRICAL_SURFACE('',#7407,1.4366556363493);
#6607=CYLINDRICAL_SURFACE('',#7410,1.43665563634986);
#6608=CYLINDRICAL_SURFACE('',#7413,1.43665563634903);
#6609=CYLINDRICAL_SURFACE('',#7416,1.43665563634991);
#6610=CYLINDRICAL_SURFACE('',#7419,1.43665563634933);
#6611=CYLINDRICAL_SURFACE('',#7422,1.43665563634904);
#6612=CYLINDRICAL_SURFACE('',#7425,1.43665563634993);
#6613=CYLINDRICAL_SURFACE('',#7428,1.43665563634931);
#6614=CYLINDRICAL_SURFACE('',#7431,1.43665563634988);
#6615=CYLINDRICAL_SURFACE('',#7434,1.43665563635034);
#6616=CYLINDRICAL_SURFACE('',#7437,1.43665563634856);
#6617=CYLINDRICAL_SURFACE('',#7440,1.43665563635021);
#6618=CYLINDRICAL_SURFACE('',#7443,1.43665563634901);
#6619=CYLINDRICAL_SURFACE('',#7446,1.43665563634902);
#6620=CYLINDRICAL_SURFACE('',#7449,1.43665563634989);
#6621=CYLINDRICAL_SURFACE('',#7452,1.4366556363493);
#6622=CYLINDRICAL_SURFACE('',#7455,1.43665563634984);
#6623=CYLINDRICAL_SURFACE('',#7458,1.43665563634898);
#6624=CYLINDRICAL_SURFACE('',#7461,1.43665563634996);
#6625=CYLINDRICAL_SURFACE('',#7464,1.4366556363493);
#6626=CYLINDRICAL_SURFACE('',#7467,1.43665563634995);
#6627=CYLINDRICAL_SURFACE('',#7470,1.43665563634986);
#6628=CYLINDRICAL_SURFACE('',#7473,1.43665563634901);
#6629=CYLINDRICAL_SURFACE('',#7475,1.43665563634991);
#6630=CYLINDRICAL_SURFACE('',#7478,1.43665563634933);
#6631=CYLINDRICAL_SURFACE('',#7481,1.43665563634993);
#6632=CYLINDRICAL_SURFACE('',#7484,1.43665563634933);
#6633=CYLINDRICAL_SURFACE('',#7487,1.43665563634986);
#6634=CYLINDRICAL_SURFACE('',#7490,1.43665563634903);
#6635=CYLINDRICAL_SURFACE('',#7492,1.43665563634929);
#6636=CYLINDRICAL_SURFACE('',#7495,1.43665563634897);
#6637=CYLINDRICAL_SURFACE('',#7498,1.43665563634994);
#6638=CYLINDRICAL_SURFACE('',#7501,1.43665563634931);
#6639=CYLINDRICAL_SURFACE('',#7504,1.43665563634995);
#6640=CYLINDRICAL_SURFACE('',#7507,1.43665563634984);
#6641=CYLINDRICAL_SURFACE('',#7510,1.43665563634903);
#6642=CYLINDRICAL_SURFACE('',#7513,1.43665563634991);
#6643=CYLINDRICAL_SURFACE('',#7516,1.4366556363493);
#6644=CYLINDRICAL_SURFACE('',#7519,1.43665563635033);
#6645=CYLINDRICAL_SURFACE('',#7522,1.43665563634858);
#6646=CYLINDRICAL_SURFACE('',#7525,1.43665563635022);
#6647=CYLINDRICAL_SURFACE('',#7528,1.43665563634898);
#6648=CYLINDRICAL_SURFACE('',#7532,1.53499999999999);
#6649=CYLINDRICAL_SURFACE('',#7543,1.95);
#6650=CYLINDRICAL_SURFACE('',#7544,1.95);
#6651=CYLINDRICAL_SURFACE('',#7550,2.39994900559742);
#6652=CYLINDRICAL_SURFACE('',#7552,1.59934536782406);
#6653=CYLINDRICAL_SURFACE('',#7554,2.40594381079582);
#6654=CYLINDRICAL_SURFACE('',#7556,1.600112197071);
#6655=CYLINDRICAL_SURFACE('',#7558,2.40016529247543);
#6656=CYLINDRICAL_SURFACE('',#7560,1.599907588047);
#6657=CYLINDRICAL_SURFACE('',#7563,1.2);
#6658=CYLINDRICAL_SURFACE('',#7566,1.53500000000001);
#6659=CYLINDRICAL_SURFACE('',#7569,54.5999999999997);
#6660=CYLINDRICAL_SURFACE('',#7574,0.400112197070994);
#6661=CYLINDRICAL_SURFACE('',#7577,3.60016529175154);
#6662=CYLINDRICAL_SURFACE('',#7578,1.09999999999994);
#6663=CYLINDRICAL_SURFACE('',#7582,3.60007424876083);
#6664=CYLINDRICAL_SURFACE('',#7586,3.60000901479337);
#6665=CYLINDRICAL_SURFACE('',#7591,3.5999489980277);
#6666=CYLINDRICAL_SURFACE('',#7593,0.799345367824066);
#6667=CYLINDRICAL_SURFACE('',#7596,3.60594381079585);
#6668=CYLINDRICAL_SURFACE('',#7599,0.999999999999996);
#6669=CYLINDRICAL_SURFACE('',#7602,0.999999999999996);
#6670=CYLINDRICAL_SURFACE('',#7604,1.53499999999998);
#6671=CYLINDRICAL_SURFACE('',#7607,1.53499999999999);
#6672=CYLINDRICAL_SURFACE('',#7609,0.5);
#6673=CYLINDRICAL_SURFACE('',#7611,3.60000442636831);
#6674=CYLINDRICAL_SURFACE('',#7614,0.5);
#6675=CYLINDRICAL_SURFACE('',#7616,3.60005486468514);
#6676=CYLINDRICAL_SURFACE('',#7619,3.59997715776275);
#6677=CYLINDRICAL_SURFACE('',#7620,1.);
#6678=CYLINDRICAL_SURFACE('',#7623,0.399907588046984);
#6679=CYLINDRICAL_SURFACE('',#7631,1.);
#6680=CYLINDRICAL_SURFACE('',#7636,1.);
#6681=CYLINDRICAL_SURFACE('',#7641,1.);
#6682=CYLINDRICAL_SURFACE('',#7644,1.);
#6683=CYLINDRICAL_SURFACE('',#7650,1.);
#6684=CYLINDRICAL_SURFACE('',#7656,1.);
#6685=CYLINDRICAL_SURFACE('',#7664,1.);
#6686=CYLINDRICAL_SURFACE('',#7669,1.);
#6687=CYLINDRICAL_SURFACE('',#7673,1.);
#6688=CYLINDRICAL_SURFACE('',#7677,1.);
#6689=CYLINDRICAL_SURFACE('',#7681,1.);
#6690=CYLINDRICAL_SURFACE('',#7685,1.);
#6691=CYLINDRICAL_SURFACE('',#7687,1.);
#6692=CYLINDRICAL_SURFACE('',#7691,1.19999999999999);
#6693=CYLINDRICAL_SURFACE('',#7704,1.);
#6694=CYLINDRICAL_SURFACE('',#7721,1.43665563634991);
#6695=CYLINDRICAL_SURFACE('',#7724,1.43665563634903);
#6696=CYLINDRICAL_SURFACE('',#7727,1.43665563634986);
#6697=CYLINDRICAL_SURFACE('',#7731,1.43665563634991);
#6698=CYLINDRICAL_SURFACE('',#7735,1.43665563634982);
#6699=CYLINDRICAL_SURFACE('',#7738,1.43665563634924);
#6700=CYLINDRICAL_SURFACE('',#7742,1.43665563634905);
#6701=CYLINDRICAL_SURFACE('',#7745,1.43665563634994);
#6702=CYLINDRICAL_SURFACE('',#7748,2.30000000000001);
#6703=CYLINDRICAL_SURFACE('',#7751,2.40007424892679);
#6704=CYLINDRICAL_SURFACE('',#7754,2.40000901479462);
#6705=CYLINDRICAL_SURFACE('',#7757,55.8);
#6706=CYLINDRICAL_SURFACE('',#7761,1.43665563634931);
#6707=CYLINDRICAL_SURFACE('',#7769,3.60002240573778);
#6708=CYLINDRICAL_SURFACE('',#7778,3.2);
#6709=CYLINDRICAL_SURFACE('',#7781,3.2);
#6710=CYLINDRICAL_SURFACE('',#7785,3.2);
#6711=CYLINDRICAL_SURFACE('',#7789,0.78);
#6712=CYLINDRICAL_SURFACE('',#7793,0.78);
#6713=CYLINDRICAL_SURFACE('',#7796,1.);
#6714=CYLINDRICAL_SURFACE('',#7807,0.6);
#6715=CYLINDRICAL_SURFACE('',#7809,2.33303027798235);
#6716=CYLINDRICAL_SURFACE('',#7811,2.33303027798232);
#6717=CYLINDRICAL_SURFACE('',#7814,2.33303027798238);
#6718=CYLINDRICAL_SURFACE('',#7816,0.6);
#6719=CYLINDRICAL_SURFACE('',#7819,119.57670936989);
#6720=CYLINDRICAL_SURFACE('',#7824,235.4);
#6721=CYLINDRICAL_SURFACE('',#7826,118.37670936989);
#6722=ADVANCED_FACE('',(#423),#6564,.F.);
#6723=ADVANCED_FACE('',(#424),#249,.T.);
#6724=ADVANCED_FACE('',(#425),#6565,.F.);
#6725=ADVANCED_FACE('',(#426),#250,.T.);
#6726=ADVANCED_FACE('',(#427),#6566,.F.);
#6727=ADVANCED_FACE('',(#428),#251,.T.);
#6728=ADVANCED_FACE('',(#429),#6567,.F.);
#6729=ADVANCED_FACE('',(#430),#252,.T.);
#6730=ADVANCED_FACE('',(#431),#6568,.T.);
#6731=ADVANCED_FACE('',(#432,#201),#253,.T.);
#6732=ADVANCED_FACE('',(#433),#6569,.T.);
#6733=ADVANCED_FACE('',(#434,#202),#254,.T.);
#6734=ADVANCED_FACE('',(#435),#6570,.T.);
#6735=ADVANCED_FACE('',(#436),#255,.F.);
#6736=ADVANCED_FACE('',(#437),#6571,.T.);
#6737=ADVANCED_FACE('',(#438),#256,.F.);
#6738=ADVANCED_FACE('',(#439),#257,.T.);
#6739=ADVANCED_FACE('',(#440,#203,#204,#205,#206,#207,#208,#209,#210,#211,
#212,#213,#214,#215,#216,#217,#218,#219,#220,#221,#222,#223,#224),#258,
 .F.);
#6740=ADVANCED_FACE('',(#441),#259,.F.);
#6741=ADVANCED_FACE('',(#442),#260,.T.);
#6742=ADVANCED_FACE('',(#443),#261,.F.);
#6743=ADVANCED_FACE('',(#444),#262,.T.);
#6744=ADVANCED_FACE('',(#445),#6572,.T.);
#6745=ADVANCED_FACE('',(#446,#225),#263,.T.);
#6746=ADVANCED_FACE('',(#447),#264,.F.);
#6747=ADVANCED_FACE('',(#448),#265,.T.);
#6748=ADVANCED_FACE('',(#449),#6573,.F.);
#6749=ADVANCED_FACE('',(#450),#266,.T.);
#6750=ADVANCED_FACE('',(#451),#267,.T.);
#6751=ADVANCED_FACE('',(#452),#6574,.F.);
#6752=ADVANCED_FACE('',(#453),#37,.T.);
#6753=ADVANCED_FACE('',(#454),#268,.F.);
#6754=ADVANCED_FACE('',(#455),#269,.T.);
#6755=ADVANCED_FACE('',(#456),#270,.T.);
#6756=ADVANCED_FACE('',(#457),#6575,.F.);
#6757=ADVANCED_FACE('',(#458),#6576,.F.);
#6758=ADVANCED_FACE('',(#459),#271,.F.);
#6759=ADVANCED_FACE('',(#460),#272,.T.);
#6760=ADVANCED_FACE('',(#461),#273,.T.);
#6761=ADVANCED_FACE('',(#462),#274,.T.);
#6762=ADVANCED_FACE('',(#463),#275,.T.);
#6763=ADVANCED_FACE('',(#464),#6577,.T.);
#6764=ADVANCED_FACE('',(#465),#6578,.F.);
#6765=ADVANCED_FACE('',(#466),#276,.T.);
#6766=ADVANCED_FACE('',(#467,#226),#277,.T.);
#6767=ADVANCED_FACE('',(#468),#278,.F.);
#6768=ADVANCED_FACE('',(#469),#279,.F.);
#6769=ADVANCED_FACE('',(#470),#6579,.F.);
#6770=ADVANCED_FACE('',(#471),#280,.T.);
#6771=ADVANCED_FACE('',(#472),#6580,.T.);
#6772=ADVANCED_FACE('',(#473,#227),#281,.F.);
#6773=ADVANCED_FACE('',(#474),#282,.F.);
#6774=ADVANCED_FACE('',(#475),#6581,.F.);
#6775=ADVANCED_FACE('',(#476),#283,.T.);
#6776=ADVANCED_FACE('',(#477),#6582,.F.);
#6777=ADVANCED_FACE('',(#478),#284,.T.);
#6778=ADVANCED_FACE('',(#479),#285,.T.);
#6779=ADVANCED_FACE('',(#480),#6583,.F.);
#6780=ADVANCED_FACE('',(#481),#286,.T.);
#6781=ADVANCED_FACE('',(#482),#6584,.F.);
#6782=ADVANCED_FACE('',(#483),#287,.T.);
#6783=ADVANCED_FACE('',(#484),#6585,.F.);
#6784=ADVANCED_FACE('',(#485),#288,.T.);
#6785=ADVANCED_FACE('',(#486),#6586,.F.);
#6786=ADVANCED_FACE('',(#487),#289,.T.);
#6787=ADVANCED_FACE('',(#488),#6587,.F.);
#6788=ADVANCED_FACE('',(#489),#290,.T.);
#6789=ADVANCED_FACE('',(#490),#6588,.F.);
#6790=ADVANCED_FACE('',(#491),#291,.T.);
#6791=ADVANCED_FACE('',(#492),#6589,.F.);
#6792=ADVANCED_FACE('',(#493),#292,.T.);
#6793=ADVANCED_FACE('',(#494),#6590,.F.);
#6794=ADVANCED_FACE('',(#495),#293,.T.);
#6795=ADVANCED_FACE('',(#496),#6591,.F.);
#6796=ADVANCED_FACE('',(#497),#294,.T.);
#6797=ADVANCED_FACE('',(#498),#6592,.F.);
#6798=ADVANCED_FACE('',(#499),#295,.T.);
#6799=ADVANCED_FACE('',(#500),#6593,.F.);
#6800=ADVANCED_FACE('',(#501),#296,.T.);
#6801=ADVANCED_FACE('',(#502),#6594,.F.);
#6802=ADVANCED_FACE('',(#503),#297,.T.);
#6803=ADVANCED_FACE('',(#504),#6595,.F.);
#6804=ADVANCED_FACE('',(#505),#298,.T.);
#6805=ADVANCED_FACE('',(#506),#6596,.F.);
#6806=ADVANCED_FACE('',(#507),#299,.T.);
#6807=ADVANCED_FACE('',(#508),#6597,.F.);
#6808=ADVANCED_FACE('',(#509),#300,.T.);
#6809=ADVANCED_FACE('',(#510),#6598,.F.);
#6810=ADVANCED_FACE('',(#511),#301,.T.);
#6811=ADVANCED_FACE('',(#512),#6599,.F.);
#6812=ADVANCED_FACE('',(#513),#302,.T.);
#6813=ADVANCED_FACE('',(#514),#6600,.F.);
#6814=ADVANCED_FACE('',(#515),#303,.T.);
#6815=ADVANCED_FACE('',(#516),#304,.T.);
#6816=ADVANCED_FACE('',(#517),#6601,.F.);
#6817=ADVANCED_FACE('',(#518),#305,.T.);
#6818=ADVANCED_FACE('',(#519),#6602,.F.);
#6819=ADVANCED_FACE('',(#520),#6603,.F.);
#6820=ADVANCED_FACE('',(#521),#306,.T.);
#6821=ADVANCED_FACE('',(#522),#6604,.F.);
#6822=ADVANCED_FACE('',(#523),#307,.T.);
#6823=ADVANCED_FACE('',(#524),#6605,.F.);
#6824=ADVANCED_FACE('',(#525),#308,.T.);
#6825=ADVANCED_FACE('',(#526),#6606,.F.);
#6826=ADVANCED_FACE('',(#527),#309,.T.);
#6827=ADVANCED_FACE('',(#528),#6607,.F.);
#6828=ADVANCED_FACE('',(#529),#310,.T.);
#6829=ADVANCED_FACE('',(#530),#6608,.F.);
#6830=ADVANCED_FACE('',(#531),#311,.T.);
#6831=ADVANCED_FACE('',(#532),#6609,.F.);
#6832=ADVANCED_FACE('',(#533),#312,.T.);
#6833=ADVANCED_FACE('',(#534),#6610,.F.);
#6834=ADVANCED_FACE('',(#535),#313,.T.);
#6835=ADVANCED_FACE('',(#536),#6611,.F.);
#6836=ADVANCED_FACE('',(#537),#314,.T.);
#6837=ADVANCED_FACE('',(#538),#6612,.F.);
#6838=ADVANCED_FACE('',(#539),#315,.T.);
#6839=ADVANCED_FACE('',(#540),#6613,.F.);
#6840=ADVANCED_FACE('',(#541),#316,.T.);
#6841=ADVANCED_FACE('',(#542),#6614,.F.);
#6842=ADVANCED_FACE('',(#543),#317,.T.);
#6843=ADVANCED_FACE('',(#544),#6615,.F.);
#6844=ADVANCED_FACE('',(#545),#318,.T.);
#6845=ADVANCED_FACE('',(#546),#6616,.F.);
#6846=ADVANCED_FACE('',(#547),#319,.T.);
#6847=ADVANCED_FACE('',(#548),#6617,.F.);
#6848=ADVANCED_FACE('',(#549),#320,.T.);
#6849=ADVANCED_FACE('',(#550),#6618,.F.);
#6850=ADVANCED_FACE('',(#551),#321,.T.);
#6851=ADVANCED_FACE('',(#552),#6619,.F.);
#6852=ADVANCED_FACE('',(#553),#322,.T.);
#6853=ADVANCED_FACE('',(#554),#6620,.F.);
#6854=ADVANCED_FACE('',(#555),#323,.T.);
#6855=ADVANCED_FACE('',(#556),#6621,.F.);
#6856=ADVANCED_FACE('',(#557),#324,.T.);
#6857=ADVANCED_FACE('',(#558),#6622,.F.);
#6858=ADVANCED_FACE('',(#559),#325,.T.);
#6859=ADVANCED_FACE('',(#560),#6623,.F.);
#6860=ADVANCED_FACE('',(#561),#326,.T.);
#6861=ADVANCED_FACE('',(#562),#6624,.F.);
#6862=ADVANCED_FACE('',(#563),#327,.T.);
#6863=ADVANCED_FACE('',(#564),#6625,.F.);
#6864=ADVANCED_FACE('',(#565),#328,.T.);
#6865=ADVANCED_FACE('',(#566),#6626,.F.);
#6866=ADVANCED_FACE('',(#567),#329,.T.);
#6867=ADVANCED_FACE('',(#568),#6627,.F.);
#6868=ADVANCED_FACE('',(#569),#330,.T.);
#6869=ADVANCED_FACE('',(#570),#6628,.F.);
#6870=ADVANCED_FACE('',(#571),#6629,.F.);
#6871=ADVANCED_FACE('',(#572),#331,.T.);
#6872=ADVANCED_FACE('',(#573),#6630,.F.);
#6873=ADVANCED_FACE('',(#574),#332,.T.);
#6874=ADVANCED_FACE('',(#575),#6631,.F.);
#6875=ADVANCED_FACE('',(#576),#333,.T.);
#6876=ADVANCED_FACE('',(#577),#6632,.F.);
#6877=ADVANCED_FACE('',(#578),#334,.T.);
#6878=ADVANCED_FACE('',(#579),#6633,.F.);
#6879=ADVANCED_FACE('',(#580),#335,.T.);
#6880=ADVANCED_FACE('',(#581),#6634,.F.);
#6881=ADVANCED_FACE('',(#582),#6635,.F.);
#6882=ADVANCED_FACE('',(#583),#336,.T.);
#6883=ADVANCED_FACE('',(#584),#6636,.F.);
#6884=ADVANCED_FACE('',(#585),#337,.T.);
#6885=ADVANCED_FACE('',(#586),#6637,.F.);
#6886=ADVANCED_FACE('',(#587),#338,.T.);
#6887=ADVANCED_FACE('',(#588),#6638,.F.);
#6888=ADVANCED_FACE('',(#589),#339,.T.);
#6889=ADVANCED_FACE('',(#590),#6639,.F.);
#6890=ADVANCED_FACE('',(#591),#340,.T.);
#6891=ADVANCED_FACE('',(#592),#6640,.F.);
#6892=ADVANCED_FACE('',(#593),#341,.T.);
#6893=ADVANCED_FACE('',(#594),#6641,.F.);
#6894=ADVANCED_FACE('',(#595),#342,.T.);
#6895=ADVANCED_FACE('',(#596),#6642,.F.);
#6896=ADVANCED_FACE('',(#597),#343,.T.);
#6897=ADVANCED_FACE('',(#598),#6643,.F.);
#6898=ADVANCED_FACE('',(#599),#344,.T.);
#6899=ADVANCED_FACE('',(#600),#6644,.F.);
#6900=ADVANCED_FACE('',(#601),#345,.T.);
#6901=ADVANCED_FACE('',(#602),#6645,.F.);
#6902=ADVANCED_FACE('',(#603),#346,.T.);
#6903=ADVANCED_FACE('',(#604),#6646,.F.);
#6904=ADVANCED_FACE('',(#605),#347,.T.);
#6905=ADVANCED_FACE('',(#606),#6647,.F.);
#6906=ADVANCED_FACE('',(#607),#348,.T.);
#6907=ADVANCED_FACE('',(#608),#349,.T.);
#6908=ADVANCED_FACE('',(#609),#6648,.F.);
#6909=ADVANCED_FACE('',(#610),#350,.T.);
#6910=ADVANCED_FACE('',(#611,#228),#351,.T.);
#6911=ADVANCED_FACE('',(#612),#6649,.T.);
#6912=ADVANCED_FACE('',(#613),#6650,.T.);
#6913=ADVANCED_FACE('',(#614,#229),#352,.T.);
#6914=ADVANCED_FACE('',(#615),#353,.T.);
#6915=ADVANCED_FACE('',(#616),#6651,.F.);
#6916=ADVANCED_FACE('',(#617),#354,.T.);
#6917=ADVANCED_FACE('',(#618),#6652,.T.);
#6918=ADVANCED_FACE('',(#619),#355,.T.);
#6919=ADVANCED_FACE('',(#620),#6653,.F.);
#6920=ADVANCED_FACE('',(#621),#356,.T.);
#6921=ADVANCED_FACE('',(#622),#6654,.T.);
#6922=ADVANCED_FACE('',(#623),#357,.T.);
#6923=ADVANCED_FACE('',(#624),#6655,.F.);
#6924=ADVANCED_FACE('',(#625),#358,.T.);
#6925=ADVANCED_FACE('',(#626),#6656,.T.);
#6926=ADVANCED_FACE('',(#627),#359,.T.);
#6927=ADVANCED_FACE('',(#628),#360,.F.);
#6928=ADVANCED_FACE('',(#629),#6657,.F.);
#6929=ADVANCED_FACE('',(#630),#361,.F.);
#6930=ADVANCED_FACE('',(#631),#6658,.F.);
#6931=ADVANCED_FACE('',(#632),#362,.T.);
#6932=ADVANCED_FACE('',(#633),#6659,.F.);
#6933=ADVANCED_FACE('',(#634),#363,.F.);
#6934=ADVANCED_FACE('',(#635),#6660,.F.);
#6935=ADVANCED_FACE('',(#636),#364,.F.);
#6936=ADVANCED_FACE('',(#637),#6661,.T.);
#6937=ADVANCED_FACE('',(#638),#6662,.F.);
#6938=ADVANCED_FACE('',(#639),#365,.F.);
#6939=ADVANCED_FACE('',(#640),#6663,.T.);
#6940=ADVANCED_FACE('',(#641),#366,.F.);
#6941=ADVANCED_FACE('',(#642),#6664,.T.);
#6942=ADVANCED_FACE('',(#643),#367,.F.);
#6943=ADVANCED_FACE('',(#644),#368,.F.);
#6944=ADVANCED_FACE('',(#645),#6665,.T.);
#6945=ADVANCED_FACE('',(#646),#369,.F.);
#6946=ADVANCED_FACE('',(#647),#6666,.F.);
#6947=ADVANCED_FACE('',(#648),#370,.F.);
#6948=ADVANCED_FACE('',(#649),#6667,.T.);
#6949=ADVANCED_FACE('',(#650),#371,.T.);
#6950=ADVANCED_FACE('',(#651),#6668,.F.);
#6951=ADVANCED_FACE('',(#652),#6669,.F.);
#6952=ADVANCED_FACE('',(#653),#6670,.F.);
#6953=ADVANCED_FACE('',(#654),#372,.T.);
#6954=ADVANCED_FACE('',(#655),#6671,.F.);
#6955=ADVANCED_FACE('',(#656),#6672,.F.);
#6956=ADVANCED_FACE('',(#657),#6673,.T.);
#6957=ADVANCED_FACE('',(#658),#373,.F.);
#6958=ADVANCED_FACE('',(#659),#6674,.F.);
#6959=ADVANCED_FACE('',(#660),#6675,.T.);
#6960=ADVANCED_FACE('',(#661),#374,.F.);
#6961=ADVANCED_FACE('',(#662),#6676,.T.);
#6962=ADVANCED_FACE('',(#663),#6677,.T.);
#6963=ADVANCED_FACE('',(#664),#375,.F.);
#6964=ADVANCED_FACE('',(#665),#6678,.F.);
#6965=ADVANCED_FACE('',(#666),#376,.F.);
#6966=ADVANCED_FACE('',(#667),#32,.T.);
#6967=ADVANCED_FACE('',(#668),#24,.T.);
#6968=ADVANCED_FACE('',(#669),#6679,.T.);
#6969=ADVANCED_FACE('',(#670),#25,.T.);
#6970=ADVANCED_FACE('',(#671),#6680,.T.);
#6971=ADVANCED_FACE('',(#672),#26,.T.);
#6972=ADVANCED_FACE('',(#673),#6681,.T.);
#6973=ADVANCED_FACE('',(#674),#38,.T.);
#6974=ADVANCED_FACE('',(#675),#6682,.T.);
#6975=ADVANCED_FACE('',(#676),#39,.T.);
#6976=ADVANCED_FACE('',(#677),#40,.T.);
#6977=ADVANCED_FACE('',(#678),#6683,.T.);
#6978=ADVANCED_FACE('',(#679),#41,.T.);
#6979=ADVANCED_FACE('',(#680),#42,.T.);
#6980=ADVANCED_FACE('',(#681),#6684,.T.);
#6981=ADVANCED_FACE('',(#682),#27,.T.);
#6982=ADVANCED_FACE('',(#683),#43,.T.);
#6983=ADVANCED_FACE('',(#684),#44,.T.);
#6984=ADVANCED_FACE('',(#685),#6685,.T.);
#6985=ADVANCED_FACE('',(#686),#45,.T.);
#6986=ADVANCED_FACE('',(#687),#6686,.T.);
#6987=ADVANCED_FACE('',(#688),#46,.T.);
#6988=ADVANCED_FACE('',(#689),#6687,.T.);
#6989=ADVANCED_FACE('',(#690),#47,.T.);
#6990=ADVANCED_FACE('',(#691),#6688,.T.);
#6991=ADVANCED_FACE('',(#692),#48,.T.);
#6992=ADVANCED_FACE('',(#693),#6689,.T.);
#6993=ADVANCED_FACE('',(#694),#49,.T.);
#6994=ADVANCED_FACE('',(#695),#6690,.T.);
#6995=ADVANCED_FACE('',(#696),#50,.T.);
#6996=ADVANCED_FACE('',(#697),#6691,.T.);
#6997=ADVANCED_FACE('',(#698),#377,.F.);
#6998=ADVANCED_FACE('',(#699),#6692,.F.);
#6999=ADVANCED_FACE('',(#700),#378,.T.);
#7000=ADVANCED_FACE('',(#701),#51,.F.);
#7001=ADVANCED_FACE('',(#702),#16,.F.);
#7002=ADVANCED_FACE('',(#703),#379,.F.);
#7003=ADVANCED_FACE('',(#704),#17,.F.);
#7004=ADVANCED_FACE('',(#705),#52,.F.);
#7005=ADVANCED_FACE('',(#706),#53,.F.);
#7006=ADVANCED_FACE('',(#707),#380,.F.);
#7007=ADVANCED_FACE('',(#708),#54,.F.);
#7008=ADVANCED_FACE('',(#709),#18,.F.);
#7009=ADVANCED_FACE('',(#710),#381,.F.);
#7010=ADVANCED_FACE('',(#711),#19,.F.);
#7011=ADVANCED_FACE('',(#712),#6693,.T.);
#7012=ADVANCED_FACE('',(#713),#382,.F.);
#7013=ADVANCED_FACE('',(#714),#55,.F.);
#7014=ADVANCED_FACE('',(#715),#20,.F.);
#7015=ADVANCED_FACE('',(#716),#383,.F.);
#7016=ADVANCED_FACE('',(#717),#21,.F.);
#7017=ADVANCED_FACE('',(#718),#56,.F.);
#7018=ADVANCED_FACE('',(#719),#57,.F.);
#7019=ADVANCED_FACE('',(#720),#384,.F.);
#7020=ADVANCED_FACE('',(#721),#58,.F.);
#7021=ADVANCED_FACE('',(#722),#22,.F.);
#7022=ADVANCED_FACE('',(#723),#385,.F.);
#7023=ADVANCED_FACE('',(#724),#23,.F.);
#7024=ADVANCED_FACE('',(#725),#386,.F.);
#7025=ADVANCED_FACE('',(#726),#387,.T.);
#7026=ADVANCED_FACE('',(#727),#388,.F.);
#7027=ADVANCED_FACE('',(#728),#389,.F.);
#7028=ADVANCED_FACE('',(#729),#6694,.F.);
#7029=ADVANCED_FACE('',(#730),#390,.T.);
#7030=ADVANCED_FACE('',(#731),#6695,.F.);
#7031=ADVANCED_FACE('',(#732),#391,.T.);
#7032=ADVANCED_FACE('',(#733),#6696,.F.);
#7033=ADVANCED_FACE('',(#734),#392,.T.);
#7034=ADVANCED_FACE('',(#735),#393,.T.);
#7035=ADVANCED_FACE('',(#736),#6697,.F.);
#7036=ADVANCED_FACE('',(#737),#394,.T.);
#7037=ADVANCED_FACE('',(#738),#395,.T.);
#7038=ADVANCED_FACE('',(#739),#6698,.F.);
#7039=ADVANCED_FACE('',(#740),#396,.T.);
#7040=ADVANCED_FACE('',(#741),#6699,.F.);
#7041=ADVANCED_FACE('',(#742),#397,.T.);
#7042=ADVANCED_FACE('',(#743),#398,.T.);
#7043=ADVANCED_FACE('',(#744),#6700,.F.);
#7044=ADVANCED_FACE('',(#745),#399,.T.);
#7045=ADVANCED_FACE('',(#746),#6701,.F.);
#7046=ADVANCED_FACE('',(#747),#400,.T.);
#7047=ADVANCED_FACE('',(#748),#6702,.T.);
#7048=ADVANCED_FACE('',(#749),#401,.T.);
#7049=ADVANCED_FACE('',(#750),#6703,.F.);
#7050=ADVANCED_FACE('',(#751),#402,.T.);
#7051=ADVANCED_FACE('',(#752),#6704,.F.);
#7052=ADVANCED_FACE('',(#753),#403,.T.);
#7053=ADVANCED_FACE('',(#754),#6705,.T.);
#7054=ADVANCED_FACE('',(#755),#404,.F.);
#7055=ADVANCED_FACE('',(#756),#405,.T.);
#7056=ADVANCED_FACE('',(#757),#6706,.F.);
#7057=ADVANCED_FACE('',(#758),#406,.T.);
#7058=ADVANCED_FACE('',(#759),#407,.F.);
#7059=ADVANCED_FACE('',(#760),#408,.F.);
#7060=ADVANCED_FACE('',(#761),#409,.F.);
#7061=ADVANCED_FACE('',(#762),#410,.F.);
#7062=ADVANCED_FACE('',(#763),#411,.F.);
#7063=ADVANCED_FACE('',(#764),#6707,.T.);
#7064=ADVANCED_FACE('',(#765),#15,.T.);
#7065=ADVANCED_FACE('',(#766),#412,.F.);
#7066=ADVANCED_FACE('',(#767),#413,.F.);
#7067=ADVANCED_FACE('',(#768),#6708,.T.);
#7068=ADVANCED_FACE('',(#769),#6709,.T.);
#7069=ADVANCED_FACE('',(#770,#230),#414,.F.);
#7070=ADVANCED_FACE('',(#771),#6710,.T.);
#7071=ADVANCED_FACE('',(#772),#28,.T.);
#7072=ADVANCED_FACE('',(#773),#6711,.T.);
#7073=ADVANCED_FACE('',(#774),#29,.T.);
#7074=ADVANCED_FACE('',(#775),#6712,.T.);
#7075=ADVANCED_FACE('',(#776),#30,.T.);
#7076=ADVANCED_FACE('',(#777),#6713,.T.);
#7077=ADVANCED_FACE('',(#778),#59,.F.);
#7078=ADVANCED_FACE('',(#779),#60,.F.);
#7079=ADVANCED_FACE('',(#780),#61,.F.);
#7080=ADVANCED_FACE('',(#781),#31,.F.);
#7081=ADVANCED_FACE('',(#782),#6714,.F.);
#7082=ADVANCED_FACE('',(#783),#62,.F.);
#7083=ADVANCED_FACE('',(#784),#415,.T.);
#7084=ADVANCED_FACE('',(#785),#6715,.F.);
#7085=ADVANCED_FACE('',(#786),#6716,.F.);
#7086=ADVANCED_FACE('',(#787),#416,.T.);
#7087=ADVANCED_FACE('',(#788),#6717,.F.);
#7088=ADVANCED_FACE('',(#789),#6718,.F.);
#7089=ADVANCED_FACE('',(#790),#417,.F.);
#7090=ADVANCED_FACE('',(#791,#231),#418,.T.);
#7091=ADVANCED_FACE('',(#792),#6719,.F.);
#7092=ADVANCED_FACE('',(#793),#419,.F.);
#7093=ADVANCED_FACE('',(#794,#232,#233,#234,#235,#236,#237,#238,#239,#240,
#241,#242,#243,#244,#245,#246,#247),#420,.F.);
#7094=ADVANCED_FACE('',(#795),#63,.T.);
#7095=ADVANCED_FACE('',(#796),#6720,.T.);
#7096=ADVANCED_FACE('',(#797),#6721,.F.);
#7097=ADVANCED_FACE('',(#798),#421,.F.);
#7098=ADVANCED_FACE('',(#799),#64,.T.);
#7099=ADVANCED_FACE('',(#800),#65,.T.);
#7100=ADVANCED_FACE('',(#801),#66,.T.);
#7101=ADVANCED_FACE('',(#802,#248),#422,.F.);
#7102=CLOSED_SHELL('',(#6722,#6723,#6724,#6725,#6726,#6727,#6728,#6729,
#6730,#6731,#6732,#6733,#6734,#6735,#6736,#6737,#6738,#6739,#6740,#6741,
#6742,#6743,#6744,#6745,#6746,#6747,#6748,#6749,#6750,#6751,#6752,#6753,
#6754,#6755,#6756,#6757,#6758,#6759,#6760,#6761,#6762,#6763,#6764,#6765,
#6766,#6767,#6768,#6769,#6770,#6771,#6772,#6773,#6774,#6775,#6776,#6777,
#6778,#6779,#6780,#6781,#6782,#6783,#6784,#6785,#6786,#6787,#6788,#6789,
#6790,#6791,#6792,#6793,#6794,#6795,#6796,#6797,#6798,#6799,#6800,#6801,
#6802,#6803,#6804,#6805,#6806,#6807,#6808,#6809,#6810,#6811,#6812,#6813,
#6814,#6815,#6816,#6817,#6818,#6819,#6820,#6821,#6822,#6823,#6824,#6825,
#6826,#6827,#6828,#6829,#6830,#6831,#6832,#6833,#6834,#6835,#6836,#6837,
#6838,#6839,#6840,#6841,#6842,#6843,#6844,#6845,#6846,#6847,#6848,#6849,
#6850,#6851,#6852,#6853,#6854,#6855,#6856,#6857,#6858,#6859,#6860,#6861,
#6862,#6863,#6864,#6865,#6866,#6867,#6868,#6869,#6870,#6871,#6872,#6873,
#6874,#6875,#6876,#6877,#6878,#6879,#6880,#6881,#6882,#6883,#6884,#6885,
#6886,#6887,#6888,#6889,#6890,#6891,#6892,#6893,#6894,#6895,#6896,#6897,
#6898,#6899,#6900,#6901,#6902,#6903,#6904,#6905,#6906,#6907,#6908,#6909,
#6910,#6911,#6912,#6913,#6914,#6915,#6916,#6917,#6918,#6919,#6920,#6921,
#6922,#6923,#6924,#6925,#6926,#6927,#6928,#6929,#6930,#6931,#6932,#6933,
#6934,#6935,#6936,#6937,#6938,#6939,#6940,#6941,#6942,#6943,#6944,#6945,
#6946,#6947,#6948,#6949,#6950,#6951,#6952,#6953,#6954,#6955,#6956,#6957,
#6958,#6959,#6960,#6961,#6962,#6963,#6964,#6965,#6966,#6967,#6968,#6969,
#6970,#6971,#6972,#6973,#6974,#6975,#6976,#6977,#6978,#6979,#6980,#6981,
#6982,#6983,#6984,#6985,#6986,#6987,#6988,#6989,#6990,#6991,#6992,#6993,
#6994,#6995,#6996,#6997,#6998,#6999,#7000,#7001,#7002,#7003,#7004,#7005,
#7006,#7007,#7008,#7009,#7010,#7011,#7012,#7013,#7014,#7015,#7016,#7017,
#7018,#7019,#7020,#7021,#7022,#7023,#7024,#7025,#7026,#7027,#7028,#7029,
#7030,#7031,#7032,#7033,#7034,#7035,#7036,#7037,#7038,#7039,#7040,#7041,
#7042,#7043,#7044,#7045,#7046,#7047,#7048,#7049,#7050,#7051,#7052,#7053,
#7054,#7055,#7056,#7057,#7058,#7059,#7060,#7061,#7062,#7063,#7064,#7065,
#7066,#7067,#7068,#7069,#7070,#7071,#7072,#7073,#7074,#7075,#7076,#7077,
#7078,#7079,#7080,#7081,#7082,#7083,#7084,#7085,#7086,#7087,#7088,#7089,
#7090,#7091,#7092,#7093,#7094,#7095,#7096,#7097,#7098,#7099,#7100,#7101));
#7103=ITEM_DEFINED_TRANSFORMATION($,$,#7125,#7126);
#7104=ITEM_DEFINED_TRANSFORMATION($,$,#7124,#7830);
#7105=(
REPRESENTATION_RELATIONSHIP($,$,#13139,#13138)
REPRESENTATION_RELATIONSHIP_WITH_TRANSFORMATION(#7103)
SHAPE_REPRESENTATION_RELATIONSHIP()
);
#7106=(
REPRESENTATION_RELATIONSHIP($,$,#13138,#13137)
REPRESENTATION_RELATIONSHIP_WITH_TRANSFORMATION(#7104)
SHAPE_REPRESENTATION_RELATIONSHIP()
);
#7107=CONTEXT_DEPENDENT_SHAPE_REPRESENTATION(#7105,#13135);
#7108=CONTEXT_DEPENDENT_SHAPE_REPRESENTATION(#7106,#13136);
#7109=NEXT_ASSEMBLY_USAGE_OCCURRENCE('bottom actual:1',
'bottom actual:1','bottom actual:1',#13142,#13143,'bottom actual:1');
#7110=NEXT_ASSEMBLY_USAGE_OCCURRENCE('duad_r2g_pg1316 v1 v27:1',
'duad_r2g_pg1316 v1 v27:1','duad_r2g_pg1316 v1 v27:1',#13141,#13142,
'duad_r2g_pg1316 v1 v27:1');
#7111=DERIVED_UNIT_ELEMENT(#7113,1.);
#7112=DERIVED_UNIT_ELEMENT(#13126,-3.);
#7113=(
MASS_UNIT()
NAMED_UNIT(*)
SI_UNIT(.KILO.,.GRAM.)
);
#7114=DERIVED_UNIT((#7111,#7112));
#7115=MEASURE_REPRESENTATION_ITEM('density measure',
POSITIVE_RATIO_MEASURE(7850.),#7114);
#7116=PROPERTY_DEFINITION_REPRESENTATION(#7121,#7118);
#7117=PROPERTY_DEFINITION_REPRESENTATION(#7122,#7119);
#7118=REPRESENTATION('material name',(#7120),#13123);
#7119=REPRESENTATION('density',(#7115),#13123);
#7120=DESCRIPTIVE_REPRESENTATION_ITEM('Steel','Steel');
#7121=PROPERTY_DEFINITION('material property','material name',#13143);
#7122=PROPERTY_DEFINITION('material property','density of part',#13143);
#7123=AXIS2_PLACEMENT_3D('',#9891,#7831,#7832);
#7124=AXIS2_PLACEMENT_3D('',#9892,#7833,#7834);
#7125=AXIS2_PLACEMENT_3D('',#9893,#7835,#7836);
#7126=AXIS2_PLACEMENT_3D('',#9894,#7837,#7838);
#7127=AXIS2_PLACEMENT_3D('',#9895,#7839,#7840);
#7128=AXIS2_PLACEMENT_3D('',#9897,#7841,#7842);
#7129=AXIS2_PLACEMENT_3D('',#9900,#7844,#7845);
#7130=AXIS2_PLACEMENT_3D('',#9901,#7846,#7847);
#7131=AXIS2_PLACEMENT_3D('',#9902,#7848,#7849);
#7132=AXIS2_PLACEMENT_3D('',#9904,#7850,#7851);
#7133=AXIS2_PLACEMENT_3D('',#9907,#7853,#7854);
#7134=AXIS2_PLACEMENT_3D('',#9908,#7855,#7856);
#7135=AXIS2_PLACEMENT_3D('',#9909,#7857,#7858);
#7136=AXIS2_PLACEMENT_3D('',#9911,#7859,#7860);
#7137=AXIS2_PLACEMENT_3D('',#9914,#7862,#7863);
#7138=AXIS2_PLACEMENT_3D('',#9915,#7864,#7865);
#7139=AXIS2_PLACEMENT_3D('',#9916,#7866,#7867);
#7140=AXIS2_PLACEMENT_3D('',#9918,#7868,#7869);
#7141=AXIS2_PLACEMENT_3D('',#9921,#7871,#7872);
#7142=AXIS2_PLACEMENT_3D('',#9922,#7873,#7874);
#7143=AXIS2_PLACEMENT_3D('',#9923,#7875,#7876);
#7144=AXIS2_PLACEMENT_3D('',#9925,#7877,#7878);
#7145=AXIS2_PLACEMENT_3D('',#9928,#7880,#7881);
#7146=AXIS2_PLACEMENT_3D('',#9929,#7882,#7883);
#7147=AXIS2_PLACEMENT_3D('',#9930,#7884,#7885);
#7148=AXIS2_PLACEMENT_3D('',#9932,#7886,#7887);
#7149=AXIS2_PLACEMENT_3D('',#9935,#7889,#7890);
#7150=AXIS2_PLACEMENT_3D('',#9936,#7891,#7892);
#7151=AXIS2_PLACEMENT_3D('',#9937,#7893,#7894);
#7152=AXIS2_PLACEMENT_3D('',#9940,#7895,#7896);
#7153=AXIS2_PLACEMENT_3D('',#9944,#7898,#7899);
#7154=AXIS2_PLACEMENT_3D('',#9946,#7901,#7902);
#7155=AXIS2_PLACEMENT_3D('',#9952,#7906,#7907);
#7156=AXIS2_PLACEMENT_3D('',#9955,#7908,#7909);
#7157=AXIS2_PLACEMENT_3D('',#9958,#7911,#7912);
#7158=AXIS2_PLACEMENT_3D('',#9960,#7913,#7914);
#7159=AXIS2_PLACEMENT_3D('',#9964,#7916,#7917);
#7160=AXIS2_PLACEMENT_3D('',#9968,#7919,#7920);
#7161=AXIS2_PLACEMENT_3D('',#9970,#7922,#7923);
#7162=AXIS2_PLACEMENT_3D('',#9976,#7927,#7928);
#7163=AXIS2_PLACEMENT_3D('',#9982,#7932,#7933);
#7164=AXIS2_PLACEMENT_3D('',#9986,#7935,#7936);
#7165=AXIS2_PLACEMENT_3D('',#9992,#7939,#7940);
#7166=AXIS2_PLACEMENT_3D('',#9996,#7942,#7943);
#7167=AXIS2_PLACEMENT_3D('',#10000,#7945,#7946);
#7168=AXIS2_PLACEMENT_3D('',#10004,#7948,#7949);
#7169=AXIS2_PLACEMENT_3D('',#10008,#7951,#7952);
#7170=AXIS2_PLACEMENT_3D('',#10012,#7954,#7955);
#7171=AXIS2_PLACEMENT_3D('',#10016,#7957,#7958);
#7172=AXIS2_PLACEMENT_3D('',#10020,#7960,#7961);
#7173=AXIS2_PLACEMENT_3D('',#10024,#7963,#7964);
#7174=AXIS2_PLACEMENT_3D('',#10028,#7966,#7967);
#7175=AXIS2_PLACEMENT_3D('',#10042,#7974,#7975);
#7176=AXIS2_PLACEMENT_3D('',#10046,#7977,#7978);
#7177=AXIS2_PLACEMENT_3D('',#10048,#7979,#7980);
#7178=AXIS2_PLACEMENT_3D('',#10052,#7982,#7983);
#7179=AXIS2_PLACEMENT_3D('',#10056,#7985,#7986);
#7180=AXIS2_PLACEMENT_3D('',#10060,#7988,#7989);
#7181=AXIS2_PLACEMENT_3D('',#10078,#7998,#7999);
#7182=AXIS2_PLACEMENT_3D('',#10080,#8000,#8001);
#7183=AXIS2_PLACEMENT_3D('',#10086,#8004,#8005);
#7184=AXIS2_PLACEMENT_3D('',#10090,#8007,#8008);
#7185=AXIS2_PLACEMENT_3D('',#10094,#8010,#8011);
#7186=AXIS2_PLACEMENT_3D('',#10098,#8013,#8014);
#7187=AXIS2_PLACEMENT_3D('',#10102,#8016,#8017);
#7188=AXIS2_PLACEMENT_3D('',#10106,#8019,#8020);
#7189=AXIS2_PLACEMENT_3D('',#10110,#8022,#8023);
#7190=AXIS2_PLACEMENT_3D('',#10114,#8025,#8026);
#7191=AXIS2_PLACEMENT_3D('',#10118,#8028,#8029);
#7192=AXIS2_PLACEMENT_3D('',#10122,#8031,#8032);
#7193=AXIS2_PLACEMENT_3D('',#10126,#8034,#8035);
#7194=AXIS2_PLACEMENT_3D('',#10130,#8037,#8038);
#7195=AXIS2_PLACEMENT_3D('',#10134,#8040,#8041);
#7196=AXIS2_PLACEMENT_3D('',#10138,#8043,#8044);
#7197=AXIS2_PLACEMENT_3D('',#10142,#8046,#8047);
#7198=AXIS2_PLACEMENT_3D('',#10146,#8049,#8050);
#7199=AXIS2_PLACEMENT_3D('',#10152,#8053,#8054);
#7200=AXIS2_PLACEMENT_3D('',#10156,#8056,#8057);
#7201=AXIS2_PLACEMENT_3D('',#10160,#8059,#8060);
#7202=AXIS2_PLACEMENT_3D('',#10163,#8062,#8063);
#7203=AXIS2_PLACEMENT_3D('',#10166,#8064,#8065);
#7204=AXIS2_PLACEMENT_3D('',#10170,#8067,#8068);
#7205=AXIS2_PLACEMENT_3D('',#10174,#8070,#8071);
#7206=AXIS2_PLACEMENT_3D('',#10178,#8073,#8074);
#7207=AXIS2_PLACEMENT_3D('',#10182,#8076,#8077);
#7208=AXIS2_PLACEMENT_3D('',#10186,#8079,#8080);
#7209=AXIS2_PLACEMENT_3D('',#10190,#8082,#8083);
#7210=AXIS2_PLACEMENT_3D('',#10194,#8085,#8086);
#7211=AXIS2_PLACEMENT_3D('',#10198,#8088,#8089);
#7212=AXIS2_PLACEMENT_3D('',#10202,#8091,#8092);
#7213=AXIS2_PLACEMENT_3D('',#10206,#8094,#8095);
#7214=AXIS2_PLACEMENT_3D('',#10210,#8097,#8098);
#7215=AXIS2_PLACEMENT_3D('',#10214,#8100,#8101);
#7216=AXIS2_PLACEMENT_3D('',#10218,#8103,#8104);
#7217=AXIS2_PLACEMENT_3D('',#10222,#8106,#8107);
#7218=AXIS2_PLACEMENT_3D('',#10226,#8109,#8110);
#7219=AXIS2_PLACEMENT_3D('',#10230,#8112,#8113);
#7220=AXIS2_PLACEMENT_3D('',#10234,#8115,#8116);
#7221=AXIS2_PLACEMENT_3D('',#10238,#8118,#8119);
#7222=AXIS2_PLACEMENT_3D('',#10242,#8121,#8122);
#7223=AXIS2_PLACEMENT_3D('',#10246,#8124,#8125);
#7224=AXIS2_PLACEMENT_3D('',#10250,#8127,#8128);
#7225=AXIS2_PLACEMENT_3D('',#10254,#8130,#8131);
#7226=AXIS2_PLACEMENT_3D('',#10258,#8133,#8134);
#7227=AXIS2_PLACEMENT_3D('',#10262,#8136,#8137);
#7228=AXIS2_PLACEMENT_3D('',#10266,#8139,#8140);
#7229=AXIS2_PLACEMENT_3D('',#10270,#8142,#8143);
#7230=AXIS2_PLACEMENT_3D('',#10274,#8145,#8146);
#7231=AXIS2_PLACEMENT_3D('',#10278,#8148,#8149);
#7232=AXIS2_PLACEMENT_3D('',#10282,#8151,#8152);
#7233=AXIS2_PLACEMENT_3D('',#10286,#8154,#8155);
#7234=AXIS2_PLACEMENT_3D('',#10290,#8157,#8158);
#7235=AXIS2_PLACEMENT_3D('',#10293,#8160,#8161);
#7236=AXIS2_PLACEMENT_3D('',#10296,#8162,#8163);
#7237=AXIS2_PLACEMENT_3D('',#10300,#8165,#8166);
#7238=AXIS2_PLACEMENT_3D('',#10304,#8168,#8169);
#7239=AXIS2_PLACEMENT_3D('',#10308,#8171,#8172);
#7240=AXIS2_PLACEMENT_3D('',#10312,#8174,#8175);
#7241=AXIS2_PLACEMENT_3D('',#10316,#8177,#8178);
#7242=AXIS2_PLACEMENT_3D('',#10320,#8180,#8181);
#7243=AXIS2_PLACEMENT_3D('',#10324,#8183,#8184);
#7244=AXIS2_PLACEMENT_3D('',#10328,#8186,#8187);
#7245=AXIS2_PLACEMENT_3D('',#10332,#8189,#8190);
#7246=AXIS2_PLACEMENT_3D('',#10336,#8192,#8193);
#7247=AXIS2_PLACEMENT_3D('',#10340,#8195,#8196);
#7248=AXIS2_PLACEMENT_3D('',#10344,#8198,#8199);
#7249=AXIS2_PLACEMENT_3D('',#10348,#8201,#8202);
#7250=AXIS2_PLACEMENT_3D('',#10352,#8204,#8205);
#7251=AXIS2_PLACEMENT_3D('',#10356,#8207,#8208);
#7252=AXIS2_PLACEMENT_3D('',#10360,#8210,#8211);
#7253=AXIS2_PLACEMENT_3D('',#10364,#8213,#8214);
#7254=AXIS2_PLACEMENT_3D('',#10368,#8216,#8217);
#7255=AXIS2_PLACEMENT_3D('',#10372,#8219,#8220);
#7256=AXIS2_PLACEMENT_3D('',#10375,#8222,#8223);
#7257=AXIS2_PLACEMENT_3D('',#10376,#8224,#8225);
#7258=AXIS2_PLACEMENT_3D('',#10382,#8229,#8230);
#7259=AXIS2_PLACEMENT_3D('',#10388,#8234,#8235);
#7260=AXIS2_PLACEMENT_3D('',#10397,#8240,#8241);
#7261=AXIS2_PLACEMENT_3D('',#10403,#8245,#8246);
#7262=AXIS2_PLACEMENT_3D('',#10405,#8247,#8248);
#7263=AXIS2_PLACEMENT_3D('',#10407,#8249,#8250);
#7264=AXIS2_PLACEMENT_3D('',#10409,#8252,#8253);
#7265=AXIS2_PLACEMENT_3D('',#10411,#8254,#8255);
#7266=AXIS2_PLACEMENT_3D('',#10415,#8257,#8258);
#7267=AXIS2_PLACEMENT_3D('',#10418,#8260,#8261);
#7268=AXIS2_PLACEMENT_3D('',#10428,#8267,#8268);
#7269=AXIS2_PLACEMENT_3D('',#10430,#8270,#8271);
#7270=AXIS2_PLACEMENT_3D('',#10465,#8283,#8284);
#7271=AXIS2_PLACEMENT_3D('',#10468,#8285,#8286);
#7272=AXIS2_PLACEMENT_3D('',#10472,#8288,#8289);
#7273=AXIS2_PLACEMENT_3D('',#10474,#8291,#8292);
#7274=AXIS2_PLACEMENT_3D('',#10480,#8296,#8297);
#7275=AXIS2_PLACEMENT_3D('',#10504,#8304,#8305);
#7276=AXIS2_PLACEMENT_3D('',#10505,#8306,#8307);
#7277=AXIS2_PLACEMENT_3D('',#10506,#8308,#8309);
#7278=AXIS2_PLACEMENT_3D('',#10528,#8313,#8314);
#7279=AXIS2_PLACEMENT_3D('',#10530,#8316,#8317);
#7280=AXIS2_PLACEMENT_3D('',#10534,#8320,#8321);
#7281=AXIS2_PLACEMENT_3D('',#10541,#8325,#8326);
#7282=AXIS2_PLACEMENT_3D('',#10542,#8327,#8328);
#7283=AXIS2_PLACEMENT_3D('',#10544,#8330,#8331);
#7284=AXIS2_PLACEMENT_3D('',#10547,#8333,#8334);
#7285=AXIS2_PLACEMENT_3D('',#10548,#8335,#8336);
#7286=AXIS2_PLACEMENT_3D('',#10550,#8337,#8338);
#7287=AXIS2_PLACEMENT_3D('',#10562,#8342,#8343);
#7288=AXIS2_PLACEMENT_3D('',#10566,#8345,#8346);
#7289=AXIS2_PLACEMENT_3D('',#10568,#8347,#8348);
#7290=AXIS2_PLACEMENT_3D('',#10572,#8350,#8351);
#7291=AXIS2_PLACEMENT_3D('',#10574,#8352,#8353);
#7292=AXIS2_PLACEMENT_3D('',#10578,#8355,#8356);
#7293=AXIS2_PLACEMENT_3D('',#10580,#8357,#8358);
#7294=AXIS2_PLACEMENT_3D('',#10584,#8360,#8361);
#7295=AXIS2_PLACEMENT_3D('',#10588,#8363,#8364);
#7296=AXIS2_PLACEMENT_3D('',#10592,#8366,#8367);
#7297=AXIS2_PLACEMENT_3D('',#10596,#8369,#8370);
#7298=AXIS2_PLACEMENT_3D('',#10600,#8372,#8373);
#7299=AXIS2_PLACEMENT_3D('',#10604,#8375,#8376);
#7300=AXIS2_PLACEMENT_3D('',#10607,#8378,#8379);
#7301=AXIS2_PLACEMENT_3D('',#10611,#8381,#8382);
#7302=AXIS2_PLACEMENT_3D('',#10615,#8384,#8385);
#7303=AXIS2_PLACEMENT_3D('',#10619,#8387,#8388);
#7304=AXIS2_PLACEMENT_3D('',#10623,#8390,#8391);
#7305=AXIS2_PLACEMENT_3D('',#10627,#8393,#8394);
#7306=AXIS2_PLACEMENT_3D('',#10631,#8396,#8397);
#7307=AXIS2_PLACEMENT_3D('',#10635,#8399,#8400);
#7308=AXIS2_PLACEMENT_3D('',#10639,#8402,#8403);
#7309=AXIS2_PLACEMENT_3D('',#10645,#8406,#8407);
#7310=AXIS2_PLACEMENT_3D('',#10647,#8409,#8410);
#7311=AXIS2_PLACEMENT_3D('',#10649,#8412,#8413);
#7312=AXIS2_PLACEMENT_3D('',#10651,#8415,#8416);
#7313=AXIS2_PLACEMENT_3D('',#10652,#8417,#8418);
#7314=AXIS2_PLACEMENT_3D('',#10657,#8421,#8422);
#7315=AXIS2_PLACEMENT_3D('',#10658,#8423,#8424);
#7316=AXIS2_PLACEMENT_3D('',#10660,#8425,#8426);
#7317=AXIS2_PLACEMENT_3D('',#10662,#8427,#8428);
#7318=AXIS2_PLACEMENT_3D('',#10664,#8430,#8431);
#7319=AXIS2_PLACEMENT_3D('',#10666,#8432,#8433);
#7320=AXIS2_PLACEMENT_3D('',#10669,#8435,#8436);
#7321=AXIS2_PLACEMENT_3D('',#10670,#8437,#8438);
#7322=AXIS2_PLACEMENT_3D('',#10671,#8439,#8440);
#7323=AXIS2_PLACEMENT_3D('',#10672,#8441,#8442);
#7324=AXIS2_PLACEMENT_3D('',#10678,#8446,#8447);
#7325=AXIS2_PLACEMENT_3D('',#10684,#8451,#8452);
#7326=AXIS2_PLACEMENT_3D('',#10686,#8453,#8454);
#7327=AXIS2_PLACEMENT_3D('',#10689,#8456,#8457);
#7328=AXIS2_PLACEMENT_3D('',#10690,#8458,#8459);
#7329=AXIS2_PLACEMENT_3D('',#10691,#8460,#8461);
#7330=AXIS2_PLACEMENT_3D('',#10694,#8463,#8464);
#7331=AXIS2_PLACEMENT_3D('',#10695,#8465,#8466);
#7332=AXIS2_PLACEMENT_3D('',#10696,#8467,#8468);
#7333=AXIS2_PLACEMENT_3D('',#10706,#8474,#8475);
#7334=AXIS2_PLACEMENT_3D('',#10709,#8478,#8479);
#7335=AXIS2_PLACEMENT_3D('',#10711,#8481,#8482);
#7336=AXIS2_PLACEMENT_3D('',#10713,#8484,#8485);
#7337=AXIS2_PLACEMENT_3D('',#10715,#8487,#8488);
#7338=AXIS2_PLACEMENT_3D('',#10717,#8490,#8491);
#7339=AXIS2_PLACEMENT_3D('',#10719,#8493,#8494);
#7340=AXIS2_PLACEMENT_3D('',#10720,#8495,#8496);
#7341=AXIS2_PLACEMENT_3D('',#10722,#8497,#8498);
#7342=AXIS2_PLACEMENT_3D('',#10724,#8500,#8501);
#7343=AXIS2_PLACEMENT_3D('',#10729,#8503,#8504);
#7344=AXIS2_PLACEMENT_3D('',#10731,#8506,#8507);
#7345=AXIS2_PLACEMENT_3D('',#10736,#8510,#8511);
#7346=AXIS2_PLACEMENT_3D('',#10737,#8512,#8513);
#7347=AXIS2_PLACEMENT_3D('',#10741,#8516,#8517);
#7348=AXIS2_PLACEMENT_3D('',#10744,#8519,#8520);
#7349=AXIS2_PLACEMENT_3D('',#10745,#8521,#8522);
#7350=AXIS2_PLACEMENT_3D('',#10749,#8525,#8526);
#7351=AXIS2_PLACEMENT_3D('',#10752,#8528,#8529);
#7352=AXIS2_PLACEMENT_3D('',#10753,#8530,#8531);
#7353=AXIS2_PLACEMENT_3D('',#10757,#8534,#8535);
#7354=AXIS2_PLACEMENT_3D('',#10760,#8537,#8538);
#7355=AXIS2_PLACEMENT_3D('',#10761,#8539,#8540);
#7356=AXIS2_PLACEMENT_3D('',#10763,#8542,#8543);
#7357=AXIS2_PLACEMENT_3D('',#10768,#8546,#8547);
#7358=AXIS2_PLACEMENT_3D('',#10769,#8548,#8549);
#7359=AXIS2_PLACEMENT_3D('',#10773,#8552,#8553);
#7360=AXIS2_PLACEMENT_3D('',#10776,#8555,#8556);
#7361=AXIS2_PLACEMENT_3D('',#10777,#8557,#8558);
#7362=AXIS2_PLACEMENT_3D('',#10781,#8561,#8562);
#7363=AXIS2_PLACEMENT_3D('',#10784,#8564,#8565);
#7364=AXIS2_PLACEMENT_3D('',#10785,#8566,#8567);
#7365=AXIS2_PLACEMENT_3D('',#10789,#8570,#8571);
#7366=AXIS2_PLACEMENT_3D('',#10792,#8573,#8574);
#7367=AXIS2_PLACEMENT_3D('',#10793,#8575,#8576);
#7368=AXIS2_PLACEMENT_3D('',#10795,#8578,#8579);
#7369=AXIS2_PLACEMENT_3D('',#10800,#8582,#8583);
#7370=AXIS2_PLACEMENT_3D('',#10801,#8584,#8585);
#7371=AXIS2_PLACEMENT_3D('',#10805,#8588,#8589);
#7372=AXIS2_PLACEMENT_3D('',#10808,#8591,#8592);
#7373=AXIS2_PLACEMENT_3D('',#10809,#8593,#8594);
#7374=AXIS2_PLACEMENT_3D('',#10813,#8597,#8598);
#7375=AXIS2_PLACEMENT_3D('',#10816,#8600,#8601);
#7376=AXIS2_PLACEMENT_3D('',#10817,#8602,#8603);
#7377=AXIS2_PLACEMENT_3D('',#10821,#8606,#8607);
#7378=AXIS2_PLACEMENT_3D('',#10824,#8609,#8610);
#7379=AXIS2_PLACEMENT_3D('',#10825,#8611,#8612);
#7380=AXIS2_PLACEMENT_3D('',#10827,#8614,#8615);
#7381=AXIS2_PLACEMENT_3D('',#10832,#8618,#8619);
#7382=AXIS2_PLACEMENT_3D('',#10833,#8620,#8621);
#7383=AXIS2_PLACEMENT_3D('',#10837,#8624,#8625);
#7384=AXIS2_PLACEMENT_3D('',#10840,#8627,#8628);
#7385=AXIS2_PLACEMENT_3D('',#10841,#8629,#8630);
#7386=AXIS2_PLACEMENT_3D('',#10845,#8633,#8634);
#7387=AXIS2_PLACEMENT_3D('',#10848,#8636,#8637);
#7388=AXIS2_PLACEMENT_3D('',#10849,#8638,#8639);
#7389=AXIS2_PLACEMENT_3D('',#10853,#8642,#8643);
#7390=AXIS2_PLACEMENT_3D('',#10856,#8645,#8646);
#7391=AXIS2_PLACEMENT_3D('',#10857,#8647,#8648);
#7392=AXIS2_PLACEMENT_3D('',#10859,#8650,#8651);
#7393=AXIS2_PLACEMENT_3D('',#10865,#8655,#8656);
#7394=AXIS2_PLACEMENT_3D('',#10867,#8657,#8658);
#7395=AXIS2_PLACEMENT_3D('',#10869,#8660,#8661);
#7396=AXIS2_PLACEMENT_3D('',#10875,#8665,#8666);
#7397=AXIS2_PLACEMENT_3D('',#10877,#8667,#8668);
#7398=AXIS2_PLACEMENT_3D('',#10879,#8670,#8671);
#7399=AXIS2_PLACEMENT_3D('',#10884,#8674,#8675);
#7400=AXIS2_PLACEMENT_3D('',#10885,#8676,#8677);
#7401=AXIS2_PLACEMENT_3D('',#10889,#8680,#8681);
#7402=AXIS2_PLACEMENT_3D('',#10892,#8683,#8684);
#7403=AXIS2_PLACEMENT_3D('',#10893,#8685,#8686);
#7404=AXIS2_PLACEMENT_3D('',#10897,#8689,#8690);
#7405=AXIS2_PLACEMENT_3D('',#10900,#8692,#8693);
#7406=AXIS2_PLACEMENT_3D('',#10901,#8694,#8695);
#7407=AXIS2_PLACEMENT_3D('',#10905,#8698,#8699);
#7408=AXIS2_PLACEMENT_3D('',#10908,#8701,#8702);
#7409=AXIS2_PLACEMENT_3D('',#10909,#8703,#8704);
#7410=AXIS2_PLACEMENT_3D('',#10911,#8706,#8707);
#7411=AXIS2_PLACEMENT_3D('',#10916,#8710,#8711);
#7412=AXIS2_PLACEMENT_3D('',#10917,#8712,#8713);
#7413=AXIS2_PLACEMENT_3D('',#10921,#8716,#8717);
#7414=AXIS2_PLACEMENT_3D('',#10924,#8719,#8720);
#7415=AXIS2_PLACEMENT_3D('',#10925,#8721,#8722);
#7416=AXIS2_PLACEMENT_3D('',#10929,#8725,#8726);
#7417=AXIS2_PLACEMENT_3D('',#10932,#8728,#8729);
#7418=AXIS2_PLACEMENT_3D('',#10933,#8730,#8731);
#7419=AXIS2_PLACEMENT_3D('',#10937,#8734,#8735);
#7420=AXIS2_PLACEMENT_3D('',#10940,#8737,#8738);
#7421=AXIS2_PLACEMENT_3D('',#10941,#8739,#8740);
#7422=AXIS2_PLACEMENT_3D('',#10943,#8742,#8743);
#7423=AXIS2_PLACEMENT_3D('',#10948,#8746,#8747);
#7424=AXIS2_PLACEMENT_3D('',#10949,#8748,#8749);
#7425=AXIS2_PLACEMENT_3D('',#10953,#8752,#8753);
#7426=AXIS2_PLACEMENT_3D('',#10956,#8755,#8756);
#7427=AXIS2_PLACEMENT_3D('',#10957,#8757,#8758);
#7428=AXIS2_PLACEMENT_3D('',#10961,#8761,#8762);
#7429=AXIS2_PLACEMENT_3D('',#10964,#8764,#8765);
#7430=AXIS2_PLACEMENT_3D('',#10965,#8766,#8767);
#7431=AXIS2_PLACEMENT_3D('',#10969,#8770,#8771);
#7432=AXIS2_PLACEMENT_3D('',#10972,#8773,#8774);
#7433=AXIS2_PLACEMENT_3D('',#10973,#8775,#8776);
#7434=AXIS2_PLACEMENT_3D('',#10975,#8778,#8779);
#7435=AXIS2_PLACEMENT_3D('',#10980,#8782,#8783);
#7436=AXIS2_PLACEMENT_3D('',#10981,#8784,#8785);
#7437=AXIS2_PLACEMENT_3D('',#10985,#8788,#8789);
#7438=AXIS2_PLACEMENT_3D('',#10988,#8791,#8792);
#7439=AXIS2_PLACEMENT_3D('',#10989,#8793,#8794);
#7440=AXIS2_PLACEMENT_3D('',#10993,#8797,#8798);
#7441=AXIS2_PLACEMENT_3D('',#10996,#8800,#8801);
#7442=AXIS2_PLACEMENT_3D('',#10997,#8802,#8803);
#7443=AXIS2_PLACEMENT_3D('',#11001,#8806,#8807);
#7444=AXIS2_PLACEMENT_3D('',#11004,#8809,#8810);
#7445=AXIS2_PLACEMENT_3D('',#11005,#8811,#8812);
#7446=AXIS2_PLACEMENT_3D('',#11007,#8814,#8815);
#7447=AXIS2_PLACEMENT_3D('',#11012,#8818,#8819);
#7448=AXIS2_PLACEMENT_3D('',#11013,#8820,#8821);
#7449=AXIS2_PLACEMENT_3D('',#11017,#8824,#8825);
#7450=AXIS2_PLACEMENT_3D('',#11020,#8827,#8828);
#7451=AXIS2_PLACEMENT_3D('',#11021,#8829,#8830);
#7452=AXIS2_PLACEMENT_3D('',#11025,#8833,#8834);
#7453=AXIS2_PLACEMENT_3D('',#11028,#8836,#8837);
#7454=AXIS2_PLACEMENT_3D('',#11029,#8838,#8839);
#7455=AXIS2_PLACEMENT_3D('',#11033,#8842,#8843);
#7456=AXIS2_PLACEMENT_3D('',#11036,#8845,#8846);
#7457=AXIS2_PLACEMENT_3D('',#11037,#8847,#8848);
#7458=AXIS2_PLACEMENT_3D('',#11039,#8850,#8851);
#7459=AXIS2_PLACEMENT_3D('',#11044,#8854,#8855);
#7460=AXIS2_PLACEMENT_3D('',#11045,#8856,#8857);
#7461=AXIS2_PLACEMENT_3D('',#11049,#8860,#8861);
#7462=AXIS2_PLACEMENT_3D('',#11052,#8863,#8864);
#7463=AXIS2_PLACEMENT_3D('',#11053,#8865,#8866);
#7464=AXIS2_PLACEMENT_3D('',#11057,#8869,#8870);
#7465=AXIS2_PLACEMENT_3D('',#11060,#8872,#8873);
#7466=AXIS2_PLACEMENT_3D('',#11061,#8874,#8875);
#7467=AXIS2_PLACEMENT_3D('',#11065,#8878,#8879);
#7468=AXIS2_PLACEMENT_3D('',#11068,#8881,#8882);
#7469=AXIS2_PLACEMENT_3D('',#11069,#8883,#8884);
#7470=AXIS2_PLACEMENT_3D('',#11071,#8886,#8887);
#7471=AXIS2_PLACEMENT_3D('',#11076,#8890,#8891);
#7472=AXIS2_PLACEMENT_3D('',#11077,#8892,#8893);
#7473=AXIS2_PLACEMENT_3D('',#11081,#8896,#8897);
#7474=AXIS2_PLACEMENT_3D('',#11084,#8899,#8900);
#7475=AXIS2_PLACEMENT_3D('',#11085,#8901,#8902);
#7476=AXIS2_PLACEMENT_3D('',#11090,#8905,#8906);
#7477=AXIS2_PLACEMENT_3D('',#11091,#8907,#8908);
#7478=AXIS2_PLACEMENT_3D('',#11095,#8911,#8912);
#7479=AXIS2_PLACEMENT_3D('',#11098,#8914,#8915);
#7480=AXIS2_PLACEMENT_3D('',#11099,#8916,#8917);
#7481=AXIS2_PLACEMENT_3D('',#11101,#8919,#8920);
#7482=AXIS2_PLACEMENT_3D('',#11105,#8922,#8923);
#7483=AXIS2_PLACEMENT_3D('',#11107,#8925,#8926);
#7484=AXIS2_PLACEMENT_3D('',#11111,#8929,#8930);
#7485=AXIS2_PLACEMENT_3D('',#11113,#8931,#8932);
#7486=AXIS2_PLACEMENT_3D('',#11115,#8934,#8935);
#7487=AXIS2_PLACEMENT_3D('',#11119,#8938,#8939);
#7488=AXIS2_PLACEMENT_3D('',#11124,#8942,#8943);
#7489=AXIS2_PLACEMENT_3D('',#11125,#8944,#8945);
#7490=AXIS2_PLACEMENT_3D('',#11129,#8948,#8949);
#7491=AXIS2_PLACEMENT_3D('',#11132,#8951,#8952);
#7492=AXIS2_PLACEMENT_3D('',#11133,#8953,#8954);
#7493=AXIS2_PLACEMENT_3D('',#11138,#8957,#8958);
#7494=AXIS2_PLACEMENT_3D('',#11139,#8959,#8960);
#7495=AXIS2_PLACEMENT_3D('',#11141,#8962,#8963);
#7496=AXIS2_PLACEMENT_3D('',#11146,#8966,#8967);
#7497=AXIS2_PLACEMENT_3D('',#11147,#8968,#8969);
#7498=AXIS2_PLACEMENT_3D('',#11151,#8972,#8973);
#7499=AXIS2_PLACEMENT_3D('',#11154,#8975,#8976);
#7500=AXIS2_PLACEMENT_3D('',#11155,#8977,#8978);
#7501=AXIS2_PLACEMENT_3D('',#11159,#8981,#8982);
#7502=AXIS2_PLACEMENT_3D('',#11162,#8984,#8985);
#7503=AXIS2_PLACEMENT_3D('',#11163,#8986,#8987);
#7504=AXIS2_PLACEMENT_3D('',#11167,#8990,#8991);
#7505=AXIS2_PLACEMENT_3D('',#11170,#8993,#8994);
#7506=AXIS2_PLACEMENT_3D('',#11171,#8995,#8996);
#7507=AXIS2_PLACEMENT_3D('',#11173,#8998,#8999);
#7508=AXIS2_PLACEMENT_3D('',#11178,#9002,#9003);
#7509=AXIS2_PLACEMENT_3D('',#11179,#9004,#9005);
#7510=AXIS2_PLACEMENT_3D('',#11183,#9008,#9009);
#7511=AXIS2_PLACEMENT_3D('',#11186,#9011,#9012);
#7512=AXIS2_PLACEMENT_3D('',#11187,#9013,#9014);
#7513=AXIS2_PLACEMENT_3D('',#11191,#9017,#9018);
#7514=AXIS2_PLACEMENT_3D('',#11194,#9020,#9021);
#7515=AXIS2_PLACEMENT_3D('',#11195,#9022,#9023);
#7516=AXIS2_PLACEMENT_3D('',#11199,#9026,#9027);
#7517=AXIS2_PLACEMENT_3D('',#11202,#9029,#9030);
#7518=AXIS2_PLACEMENT_3D('',#11203,#9031,#9032);
#7519=AXIS2_PLACEMENT_3D('',#11205,#9034,#9035);
#7520=AXIS2_PLACEMENT_3D('',#11210,#9038,#9039);
#7521=AXIS2_PLACEMENT_3D('',#11211,#9040,#9041);
#7522=AXIS2_PLACEMENT_3D('',#11215,#9044,#9045);
#7523=AXIS2_PLACEMENT_3D('',#11218,#9047,#9048);
#7524=AXIS2_PLACEMENT_3D('',#11219,#9049,#9050);
#7525=AXIS2_PLACEMENT_3D('',#11223,#9053,#9054);
#7526=AXIS2_PLACEMENT_3D('',#11226,#9056,#9057);
#7527=AXIS2_PLACEMENT_3D('',#11227,#9058,#9059);
#7528=AXIS2_PLACEMENT_3D('',#11231,#9062,#9063);
#7529=AXIS2_PLACEMENT_3D('',#11234,#9065,#9066);
#7530=AXIS2_PLACEMENT_3D('',#11235,#9067,#9068);
#7531=AXIS2_PLACEMENT_3D('',#11237,#9070,#9071);
#7532=AXIS2_PLACEMENT_3D('',#11246,#9076,#9077);
#7533=AXIS2_PLACEMENT_3D('',#11247,#9078,#9079);
#7534=AXIS2_PLACEMENT_3D('',#11248,#9080,#9081);
#7535=AXIS2_PLACEMENT_3D('',#11249,#9082,#9083);
#7536=AXIS2_PLACEMENT_3D('',#11251,#9084,#9085);
#7537=AXIS2_PLACEMENT_3D('',#11255,#9087,#9088);
#7538=AXIS2_PLACEMENT_3D('',#11259,#9090,#9091);
#7539=AXIS2_PLACEMENT_3D('',#11263,#9093,#9094);
#7540=AXIS2_PLACEMENT_3D('',#11267,#9096,#9097);
#7541=AXIS2_PLACEMENT_3D('',#11269,#9099,#9100);
#7542=AXIS2_PLACEMENT_3D('',#11271,#9101,#9102);
#7543=AXIS2_PLACEMENT_3D('',#11272,#9103,#9104);
#7544=AXIS2_PLACEMENT_3D('',#11274,#9106,#9107);
#7545=AXIS2_PLACEMENT_3D('',#11278,#9109,#9110);
#7546=AXIS2_PLACEMENT_3D('',#11279,#9111,#9112);
#7547=AXIS2_PLACEMENT_3D('',#11283,#9115,#9116);
#7548=AXIS2_PLACEMENT_3D('',#11284,#9117,#9118);
#7549=AXIS2_PLACEMENT_3D('',#11285,#9119,#9120);
#7550=AXIS2_PLACEMENT_3D('',#11287,#9122,#9123);
#7551=AXIS2_PLACEMENT_3D('',#11289,#9125,#9126);
#7552=AXIS2_PLACEMENT_3D('',#11291,#9128,#9129);
#7553=AXIS2_PLACEMENT_3D('',#11293,#9131,#9132);
#7554=AXIS2_PLACEMENT_3D('',#11295,#9134,#9135);
#7555=AXIS2_PLACEMENT_3D('',#11297,#9137,#9138);
#7556=AXIS2_PLACEMENT_3D('',#11299,#9140,#9141);
#7557=AXIS2_PLACEMENT_3D('',#11301,#9143,#9144);
#7558=AXIS2_PLACEMENT_3D('',#11303,#9146,#9147);
#7559=AXIS2_PLACEMENT_3D('',#11305,#9149,#9150);
#7560=AXIS2_PLACEMENT_3D('',#11307,#9152,#9153);
#7561=AXIS2_PLACEMENT_3D('',#11309,#9155,#9156);
#7562=AXIS2_PLACEMENT_3D('',#11310,#9157,#9158);
#7563=AXIS2_PLACEMENT_3D('',#11314,#9161,#9162);
#7564=AXIS2_PLACEMENT_3D('',#11317,#9163,#9164);
#7565=AXIS2_PLACEMENT_3D('',#11320,#9167,#9168);
#7566=AXIS2_PLACEMENT_3D('',#11332,#9171,#9172);
#7567=AXIS2_PLACEMENT_3D('',#11334,#9173,#9174);
#7568=AXIS2_PLACEMENT_3D('',#11336,#9176,#9177);
#7569=AXIS2_PLACEMENT_3D('',#11340,#9180,#9181);
#7570=AXIS2_PLACEMENT_3D('',#11343,#9182,#9183);
#7571=AXIS2_PLACEMENT_3D('',#11345,#9184,#9185);
#7572=AXIS2_PLACEMENT_3D('',#11349,#9187,#9188);
#7573=AXIS2_PLACEMENT_3D('',#11351,#9190,#9191);
#7574=AXIS2_PLACEMENT_3D('',#11357,#9195,#9196);
#7575=AXIS2_PLACEMENT_3D('',#11359,#9197,#9198);
#7576=AXIS2_PLACEMENT_3D('',#11361,#9200,#9201);
#7577=AXIS2_PLACEMENT_3D('',#11365,#9204,#9205);
#7578=AXIS2_PLACEMENT_3D('',#11423,#9207,#9208);
#7579=AXIS2_PLACEMENT_3D('',#11426,#9209,#9210);
#7580=AXIS2_PLACEMENT_3D('',#11430,#9212,#9213);
#7581=AXIS2_PLACEMENT_3D('',#11432,#9215,#9216);
#7582=AXIS2_PLACEMENT_3D('',#11438,#9220,#9221);
#7583=AXIS2_PLACEMENT_3D('',#11440,#9222,#9223);
#7584=AXIS2_PLACEMENT_3D('',#11442,#9224,#9225);
#7585=AXIS2_PLACEMENT_3D('',#11444,#9227,#9228);
#7586=AXIS2_PLACEMENT_3D('',#11450,#9232,#9233);
#7587=AXIS2_PLACEMENT_3D('',#11452,#9234,#9235);
#7588=AXIS2_PLACEMENT_3D('',#11454,#9236,#9237);
#7589=AXIS2_PLACEMENT_3D('',#11456,#9239,#9240);
#7590=AXIS2_PLACEMENT_3D('',#11459,#9243,#9244);
#7591=AXIS2_PLACEMENT_3D('',#11465,#9248,#9249);
#7592=AXIS2_PLACEMENT_3D('',#11523,#9251,#9252);
#7593=AXIS2_PLACEMENT_3D('',#11527,#9255,#9256);
#7594=AXIS2_PLACEMENT_3D('',#11529,#9257,#9258);
#7595=AXIS2_PLACEMENT_3D('',#11531,#9260,#9261);
#7596=AXIS2_PLACEMENT_3D('',#11535,#9264,#9265);
#7597=AXIS2_PLACEMENT_3D('',#11536,#9266,#9267);
#7598=AXIS2_PLACEMENT_3D('',#11537,#9268,#9269);
#7599=AXIS2_PLACEMENT_3D('',#11541,#9272,#9273);
#7600=AXIS2_PLACEMENT_3D('',#11544,#9274,#9275);
#7601=AXIS2_PLACEMENT_3D('',#11584,#9277,#9278);
#7602=AXIS2_PLACEMENT_3D('',#11586,#9280,#9281);
#7603=AXIS2_PLACEMENT_3D('',#11624,#9282,#9283);
#7604=AXIS2_PLACEMENT_3D('',#11626,#9285,#9286);
#7605=AXIS2_PLACEMENT_3D('',#11628,#9287,#9288);
#7606=AXIS2_PLACEMENT_3D('',#11644,#9290,#9291);
#7607=AXIS2_PLACEMENT_3D('',#11648,#9294,#9295);
#7608=AXIS2_PLACEMENT_3D('',#11663,#9296,#9297);
#7609=AXIS2_PLACEMENT_3D('',#11664,#9298,#9299);
#7610=AXIS2_PLACEMENT_3D('',#11666,#9300,#9301);
#7611=AXIS2_PLACEMENT_3D('',#11668,#9303,#9304);
#7612=AXIS2_PLACEMENT_3D('',#11670,#9305,#9306);
#7613=AXIS2_PLACEMENT_3D('',#11672,#9308,#9309);
#7614=AXIS2_PLACEMENT_3D('',#11676,#9312,#9313);
#7615=AXIS2_PLACEMENT_3D('',#11678,#9314,#9315);
#7616=AXIS2_PLACEMENT_3D('',#11680,#9317,#9318);
#7617=AXIS2_PLACEMENT_3D('',#11682,#9319,#9320);
#7618=AXIS2_PLACEMENT_3D('',#11684,#9322,#9323);
#7619=AXIS2_PLACEMENT_3D('',#11688,#9326,#9327);
#7620=AXIS2_PLACEMENT_3D('',#11734,#9329,#9330);
#7621=AXIS2_PLACEMENT_3D('',#11736,#9331,#9332);
#7622=AXIS2_PLACEMENT_3D('',#11738,#9334,#9335);
#7623=AXIS2_PLACEMENT_3D('',#11742,#9338,#9339);
#7624=AXIS2_PLACEMENT_3D('',#11773,#9341,#9342);
#7625=AXIS2_PLACEMENT_3D('',#11775,#9344,#9345);
#7626=AXIS2_PLACEMENT_3D('',#11777,#9346,#9347);
#7627=AXIS2_PLACEMENT_3D('',#11778,#9348,#9349);
#7628=AXIS2_PLACEMENT_3D('',#11779,#9350,#9351);
#7629=AXIS2_PLACEMENT_3D('',#11817,#9352,#9353);
#7630=AXIS2_PLACEMENT_3D('',#11818,#9354,#9355);
#7631=AXIS2_PLACEMENT_3D('',#11819,#9356,#9357);
#7632=AXIS2_PLACEMENT_3D('',#11822,#9359,#9360);
#7633=AXIS2_PLACEMENT_3D('',#11823,#9361,#9362);
#7634=AXIS2_PLACEMENT_3D('',#11825,#9363,#9364);
#7635=AXIS2_PLACEMENT_3D('',#11826,#9365,#9366);
#7636=AXIS2_PLACEMENT_3D('',#11827,#9367,#9368);
#7637=AXIS2_PLACEMENT_3D('',#11830,#9370,#9371);
#7638=AXIS2_PLACEMENT_3D('',#11831,#9372,#9373);
#7639=AXIS2_PLACEMENT_3D('',#11833,#9374,#9375);
#7640=AXIS2_PLACEMENT_3D('',#11834,#9376,#9377);
#7641=AXIS2_PLACEMENT_3D('',#11835,#9378,#9379);
#7642=AXIS2_PLACEMENT_3D('',#11878,#9381,#9382);
#7643=AXIS2_PLACEMENT_3D('',#11879,#9383,#9384);
#7644=AXIS2_PLACEMENT_3D('',#11880,#9385,#9386);
#7645=AXIS2_PLACEMENT_3D('',#11882,#9387,#9388);
#7646=AXIS2_PLACEMENT_3D('',#11910,#9390,#9391);
#7647=AXIS2_PLACEMENT_3D('',#11911,#9392,#9393);
#7648=AXIS2_PLACEMENT_3D('',#11938,#9394,#9395);
#7649=AXIS2_PLACEMENT_3D('',#11939,#9396,#9397);
#7650=AXIS2_PLACEMENT_3D('',#11940,#9398,#9399);
#7651=AXIS2_PLACEMENT_3D('',#11942,#9400,#9401);
#7652=AXIS2_PLACEMENT_3D('',#11970,#9403,#9404);
#7653=AXIS2_PLACEMENT_3D('',#11971,#9405,#9406);
#7654=AXIS2_PLACEMENT_3D('',#11998,#9407,#9408);
#7655=AXIS2_PLACEMENT_3D('',#11999,#9409,#9410);
#7656=AXIS2_PLACEMENT_3D('',#12000,#9411,#9412);
#7657=AXIS2_PLACEMENT_3D('',#12002,#9413,#9414);
#7658=AXIS2_PLACEMENT_3D('',#12004,#9416,#9417);
#7659=AXIS2_PLACEMENT_3D('',#12006,#9418,#9419);
#7660=AXIS2_PLACEMENT_3D('',#12042,#9420,#9421);
#7661=AXIS2_PLACEMENT_3D('',#12043,#9422,#9423);
#7662=AXIS2_PLACEMENT_3D('',#12065,#9424,#9425);
#7663=AXIS2_PLACEMENT_3D('',#12094,#9426,#9427);
#7664=AXIS2_PLACEMENT_3D('',#12095,#9428,#9429);
#7665=AXIS2_PLACEMENT_3D('',#12097,#9430,#9431);
#7666=AXIS2_PLACEMENT_3D('',#12099,#9432,#9433);
#7667=AXIS2_PLACEMENT_3D('',#12127,#9435,#9436);
#7668=AXIS2_PLACEMENT_3D('',#12128,#9437,#9438);
#7669=AXIS2_PLACEMENT_3D('',#12129,#9439,#9440);
#7670=AXIS2_PLACEMENT_3D('',#12131,#9441,#9442);
#7671=AXIS2_PLACEMENT_3D('',#12154,#9444,#9445);
#7672=AXIS2_PLACEMENT_3D('',#12155,#9446,#9447);
#7673=AXIS2_PLACEMENT_3D('',#12156,#9448,#9449);
#7674=AXIS2_PLACEMENT_3D('',#12167,#9450,#9451);
#7675=AXIS2_PLACEMENT_3D('',#12195,#9453,#9454);
#7676=AXIS2_PLACEMENT_3D('',#12196,#9455,#9456);
#7677=AXIS2_PLACEMENT_3D('',#12197,#9457,#9458);
#7678=AXIS2_PLACEMENT_3D('',#12199,#9459,#9460);
#7679=AXIS2_PLACEMENT_3D('',#12227,#9462,#9463);
#7680=AXIS2_PLACEMENT_3D('',#12228,#9464,#9465);
#7681=AXIS2_PLACEMENT_3D('',#12229,#9466,#9467);
#7682=AXIS2_PLACEMENT_3D('',#12231,#9468,#9469);
#7683=AXIS2_PLACEMENT_3D('',#12259,#9471,#9472);
#7684=AXIS2_PLACEMENT_3D('',#12260,#9473,#9474);
#7685=AXIS2_PLACEMENT_3D('',#12261,#9475,#9476);
#7686=AXIS2_PLACEMENT_3D('',#12315,#9478,#9479);
#7687=AXIS2_PLACEMENT_3D('',#12316,#9480,#9481);
#7688=AXIS2_PLACEMENT_3D('',#12318,#9483,#9484);
#7689=AXIS2_PLACEMENT_3D('',#12321,#9485,#9486);
#7690=AXIS2_PLACEMENT_3D('',#12326,#9489,#9490);
#7691=AXIS2_PLACEMENT_3D('',#12328,#9492,#9493);
#7692=AXIS2_PLACEMENT_3D('',#12331,#9494,#9495);
#7693=AXIS2_PLACEMENT_3D('',#12335,#9497,#9498);
#7694=AXIS2_PLACEMENT_3D('',#12337,#9500,#9501);
#7695=AXIS2_PLACEMENT_3D('',#12364,#9506,#9507);
#7696=AXIS2_PLACEMENT_3D('',#12367,#9509,#9510);
#7697=AXIS2_PLACEMENT_3D('',#12368,#9511,#9512);
#7698=AXIS2_PLACEMENT_3D('',#12372,#9515,#9516);
#7699=AXIS2_PLACEMENT_3D('',#12373,#9517,#9518);
#7700=AXIS2_PLACEMENT_3D('',#12431,#9522,#9523);
#7701=AXIS2_PLACEMENT_3D('',#12468,#9527,#9528);
#7702=AXIS2_PLACEMENT_3D('',#12470,#9530,#9531);
#7703=AXIS2_PLACEMENT_3D('',#12472,#9533,#9534);
#7704=AXIS2_PLACEMENT_3D('',#12477,#9535,#9536);
#7705=AXIS2_PLACEMENT_3D('',#12527,#9541,#9542);
#7706=AXIS2_PLACEMENT_3D('',#12529,#9543,#9544);
#7707=AXIS2_PLACEMENT_3D('',#12531,#9545,#9546);
#7708=AXIS2_PLACEMENT_3D('',#12551,#9550,#9551);
#7709=AXIS2_PLACEMENT_3D('',#12554,#9553,#9554);
#7710=AXIS2_PLACEMENT_3D('',#12555,#9555,#9556);
#7711=AXIS2_PLACEMENT_3D('',#12559,#9559,#9560);
#7712=AXIS2_PLACEMENT_3D('',#12560,#9561,#9562);
#7713=AXIS2_PLACEMENT_3D('',#12596,#9566,#9567);
#7714=AXIS2_PLACEMENT_3D('',#12614,#9569,#9570);
#7715=AXIS2_PLACEMENT_3D('',#12616,#9572,#9573);
#7716=AXIS2_PLACEMENT_3D('',#12618,#9575,#9576);
#7717=AXIS2_PLACEMENT_3D('',#12619,#9577,#9578);
#7718=AXIS2_PLACEMENT_3D('',#12623,#9581,#9582);
#7719=AXIS2_PLACEMENT_3D('',#12628,#9586,#9587);
#7720=AXIS2_PLACEMENT_3D('',#12632,#9590,#9591);
#7721=AXIS2_PLACEMENT_3D('',#12634,#9593,#9594);
#7722=AXIS2_PLACEMENT_3D('',#12639,#9597,#9598);
#7723=AXIS2_PLACEMENT_3D('',#12640,#9599,#9600);
#7724=AXIS2_PLACEMENT_3D('',#12644,#9603,#9604);
#7725=AXIS2_PLACEMENT_3D('',#12647,#9606,#9607);
#7726=AXIS2_PLACEMENT_3D('',#12648,#9608,#9609);
#7727=AXIS2_PLACEMENT_3D('',#12652,#9612,#9613);
#7728=AXIS2_PLACEMENT_3D('',#12655,#9615,#9616);
#7729=AXIS2_PLACEMENT_3D('',#12656,#9617,#9618);
#7730=AXIS2_PLACEMENT_3D('',#12658,#9620,#9621);
#7731=AXIS2_PLACEMENT_3D('',#12662,#9624,#9625);
#7732=AXIS2_PLACEMENT_3D('',#12665,#9627,#9628);
#7733=AXIS2_PLACEMENT_3D('',#12666,#9629,#9630);
#7734=AXIS2_PLACEMENT_3D('',#12668,#9632,#9633);
#7735=AXIS2_PLACEMENT_3D('',#12669,#9634,#9635);
#7736=AXIS2_PLACEMENT_3D('',#12672,#9637,#9638);
#7737=AXIS2_PLACEMENT_3D('',#12673,#9639,#9640);
#7738=AXIS2_PLACEMENT_3D('',#12679,#9644,#9645);
#7739=AXIS2_PLACEMENT_3D('',#12682,#9647,#9648);
#7740=AXIS2_PLACEMENT_3D('',#12683,#9649,#9650);
#7741=AXIS2_PLACEMENT_3D('',#12685,#9652,#9653);
#7742=AXIS2_PLACEMENT_3D('',#12689,#9656,#9657);
#7743=AXIS2_PLACEMENT_3D('',#12692,#9659,#9660);
#7744=AXIS2_PLACEMENT_3D('',#12693,#9661,#9662);
#7745=AXIS2_PLACEMENT_3D('',#12697,#9665,#9666);
#7746=AXIS2_PLACEMENT_3D('',#12698,#9667,#9668);
#7747=AXIS2_PLACEMENT_3D('',#12699,#9669,#9670);
#7748=AXIS2_PLACEMENT_3D('',#12706,#9675,#9676);
#7749=AXIS2_PLACEMENT_3D('',#12709,#9678,#9679);
#7750=AXIS2_PLACEMENT_3D('',#12710,#9680,#9681);
#7751=AXIS2_PLACEMENT_3D('',#12714,#9684,#9685);
#7752=AXIS2_PLACEMENT_3D('',#12717,#9687,#9688);
#7753=AXIS2_PLACEMENT_3D('',#12718,#9689,#9690);
#7754=AXIS2_PLACEMENT_3D('',#12722,#9693,#9694);
#7755=AXIS2_PLACEMENT_3D('',#12725,#9696,#9697);
#7756=AXIS2_PLACEMENT_3D('',#12726,#9698,#9699);
#7757=AXIS2_PLACEMENT_3D('',#12730,#9702,#9703);
#7758=AXIS2_PLACEMENT_3D('',#12731,#9704,#9705);
#7759=AXIS2_PLACEMENT_3D('',#12732,#9706,#9707);
#7760=AXIS2_PLACEMENT_3D('',#12734,#9709,#9710);
#7761=AXIS2_PLACEMENT_3D('',#12738,#9713,#9714);
#7762=AXIS2_PLACEMENT_3D('',#12741,#9716,#9717);
#7763=AXIS2_PLACEMENT_3D('',#12742,#9718,#9719);
#7764=AXIS2_PLACEMENT_3D('',#12744,#9721,#9722);
#7765=AXIS2_PLACEMENT_3D('',#12750,#9726,#9727);
#7766=AXIS2_PLACEMENT_3D('',#12754,#9730,#9731);
#7767=AXIS2_PLACEMENT_3D('',#12758,#9734,#9735);
#7768=AXIS2_PLACEMENT_3D('',#12760,#9737,#9738);
#7769=AXIS2_PLACEMENT_3D('',#12764,#9741,#9742);
#7770=AXIS2_PLACEMENT_3D('',#12765,#9743,#9744);
#7771=AXIS2_PLACEMENT_3D('',#12782,#9745,#9746);
#7772=AXIS2_PLACEMENT_3D('',#12784,#9747,#9748);
#7773=AXIS2_PLACEMENT_3D('',#12785,#9749,#9750);
#7774=AXIS2_PLACEMENT_3D('',#12786,#9751,#9752);
#7775=AXIS2_PLACEMENT_3D('',#12791,#9754,#9755);
#7776=AXIS2_PLACEMENT_3D('',#12795,#9758,#9759);
#7777=AXIS2_PLACEMENT_3D('',#12803,#9763,#9764);
#7778=AXIS2_PLACEMENT_3D('',#12804,#9765,#9766);
#7779=AXIS2_PLACEMENT_3D('',#12805,#9767,#9768);
#7780=AXIS2_PLACEMENT_3D('',#12806,#9769,#9770);
#7781=AXIS2_PLACEMENT_3D('',#12807,#9771,#9772);
#7782=AXIS2_PLACEMENT_3D('',#12809,#9773,#9774);
#7783=AXIS2_PLACEMENT_3D('',#12811,#9776,#9777);
#7784=AXIS2_PLACEMENT_3D('',#12818,#9781,#9782);
#7785=AXIS2_PLACEMENT_3D('',#12819,#9783,#9784);
#7786=AXIS2_PLACEMENT_3D('',#12820,#9785,#9786);
#7787=AXIS2_PLACEMENT_3D('',#12821,#9787,#9788);
#7788=AXIS2_PLACEMENT_3D('',#12841,#9789,#9790);
#7789=AXIS2_PLACEMENT_3D('',#12842,#9791,#9792);
#7790=AXIS2_PLACEMENT_3D('',#12843,#9793,#9794);
#7791=AXIS2_PLACEMENT_3D('',#12844,#9795,#9796);
#7792=AXIS2_PLACEMENT_3D('',#12845,#9797,#9798);
#7793=AXIS2_PLACEMENT_3D('',#12846,#9799,#9800);
#7794=AXIS2_PLACEMENT_3D('',#12847,#9801,#9802);
#7795=AXIS2_PLACEMENT_3D('',#12848,#9803,#9804);
#7796=AXIS2_PLACEMENT_3D('',#12873,#9805,#9806);
#7797=AXIS2_PLACEMENT_3D('',#12904,#9808,#9809);
#7798=AXIS2_PLACEMENT_3D('',#12906,#9810,#9811);
#7799=AXIS2_PLACEMENT_3D('',#12907,#9812,#9813);
#7800=AXIS2_PLACEMENT_3D('',#12961,#9814,#9815);
#7801=AXIS2_PLACEMENT_3D('',#12962,#9816,#9817);
#7802=AXIS2_PLACEMENT_3D('',#12963,#9818,#9819);
#7803=AXIS2_PLACEMENT_3D('',#12964,#9820,#9821);
#7804=AXIS2_PLACEMENT_3D('',#12966,#9822,#9823);
#7805=AXIS2_PLACEMENT_3D('',#12968,#9824,#9825);
#7806=AXIS2_PLACEMENT_3D('',#12969,#9826,#9827);
#7807=AXIS2_PLACEMENT_3D('',#12970,#9828,#9829);
#7808=AXIS2_PLACEMENT_3D('',#13004,#9831,#9832);
#7809=AXIS2_PLACEMENT_3D('',#13010,#9836,#9837);
#7810=AXIS2_PLACEMENT_3D('',#13011,#9838,#9839);
#7811=AXIS2_PLACEMENT_3D('',#13012,#9840,#9841);
#7812=AXIS2_PLACEMENT_3D('',#13014,#9842,#9843);
#7813=AXIS2_PLACEMENT_3D('',#13016,#9845,#9846);
#7814=AXIS2_PLACEMENT_3D('',#13020,#9849,#9850);
#7815=AXIS2_PLACEMENT_3D('',#13021,#9851,#9852);
#7816=AXIS2_PLACEMENT_3D('',#13022,#9853,#9854);
#7817=AXIS2_PLACEMENT_3D('',#13024,#9856,#9857);
#7818=AXIS2_PLACEMENT_3D('',#13026,#9859,#9860);
#7819=AXIS2_PLACEMENT_3D('',#13029,#9863,#9864);
#7820=AXIS2_PLACEMENT_3D('',#13031,#9866,#9867);
#7821=AXIS2_PLACEMENT_3D('',#13033,#9869,#9870);
#7822=AXIS2_PLACEMENT_3D('',#13034,#9871,#9872);
#7823=AXIS2_PLACEMENT_3D('',#13055,#9873,#9874);
#7824=AXIS2_PLACEMENT_3D('',#13056,#9875,#9876);
#7825=AXIS2_PLACEMENT_3D('',#13057,#9877,#9878);
#7826=AXIS2_PLACEMENT_3D('',#13058,#9879,#9880);
#7827=AXIS2_PLACEMENT_3D('',#13059,#9881,#9882);
#7828=AXIS2_PLACEMENT_3D('',#13060,#9883,#9884);
#7829=AXIS2_PLACEMENT_3D('',#13115,#9887,#9888);
#7830=AXIS2_PLACEMENT_3D('',#13116,#9889,#9890);
#7831=DIRECTION('axis',(0.,0.,1.));
#7832=DIRECTION('refdir',(1.,0.,0.));
#7833=DIRECTION('axis',(0.,0.,1.));
#7834=DIRECTION('refdir',(1.,0.,0.));
#7835=DIRECTION('axis',(0.,0.,1.));
#7836=DIRECTION('refdir',(1.,0.,0.));
#7837=DIRECTION('',(0.,0.,1.));
#7838=DIRECTION('',(1.,0.,0.));
#7839=DIRECTION('center_axis',(1.22464679914735E-16,0.,-1.));
#7840=DIRECTION('ref_axis',(1.,0.,1.22464679914735E-16));
#7841=DIRECTION('center_axis',(1.22464679914735E-16,0.,-1.));
#7842=DIRECTION('ref_axis',(1.,0.,1.22464679914735E-16));
#7843=DIRECTION('',(-1.22464679914735E-16,0.,1.));
#7844=DIRECTION('center_axis',(1.22464679914735E-16,0.,-1.));
#7845=DIRECTION('ref_axis',(1.,0.,1.22464679914735E-16));
#7846=DIRECTION('center_axis',(1.22464679914735E-16,0.,-1.));
#7847=DIRECTION('ref_axis',(1.,0.,1.22464679914735E-16));
#7848=DIRECTION('center_axis',(1.22464679914735E-16,0.,-1.));
#7849=DIRECTION('ref_axis',(1.,0.,1.22464679914735E-16));
#7850=DIRECTION('center_axis',(1.22464679914735E-16,0.,-1.));
#7851=DIRECTION('ref_axis',(1.,0.,1.22464679914735E-16));
#7852=DIRECTION('',(-1.22464679914735E-16,0.,1.));
#7853=DIRECTION('center_axis',(1.22464679914735E-16,0.,-1.));
#7854=DIRECTION('ref_axis',(1.,0.,1.22464679914735E-16));
#7855=DIRECTION('center_axis',(1.22464679914735E-16,0.,-1.));
#7856=DIRECTION('ref_axis',(1.,0.,1.22464679914735E-16));
#7857=DIRECTION('center_axis',(1.22464679914735E-16,0.,-1.));
#7858=DIRECTION('ref_axis',(1.,0.,1.22464679914735E-16));
#7859=DIRECTION('center_axis',(1.22464679914735E-16,0.,-1.));
#7860=DIRECTION('ref_axis',(1.,0.,1.22464679914735E-16));
#7861=DIRECTION('',(-1.22464679914735E-16,0.,1.));
#7862=DIRECTION('center_axis',(1.22464679914735E-16,0.,-1.));
#7863=DIRECTION('ref_axis',(1.,0.,1.22464679914735E-16));
#7864=DIRECTION('center_axis',(1.22464679914735E-16,0.,-1.));
#7865=DIRECTION('ref_axis',(1.,0.,1.22464679914735E-16));
#7866=DIRECTION('center_axis',(1.22464679914735E-16,0.,-1.));
#7867=DIRECTION('ref_axis',(1.,0.,1.22464679914735E-16));
#7868=DIRECTION('center_axis',(1.22464679914735E-16,0.,-1.));
#7869=DIRECTION('ref_axis',(1.,0.,1.22464679914735E-16));
#7870=DIRECTION('',(-1.22464679914735E-16,0.,1.));
#7871=DIRECTION('center_axis',(1.22464679914735E-16,0.,-1.));
#7872=DIRECTION('ref_axis',(1.,0.,1.22464679914735E-16));
#7873=DIRECTION('center_axis',(1.22464679914735E-16,0.,-1.));
#7874=DIRECTION('ref_axis',(1.,0.,1.22464679914735E-16));
#7875=DIRECTION('center_axis',(1.22464679914735E-16,0.,-1.));
#7876=DIRECTION('ref_axis',(1.,0.,1.22464679914735E-16));
#7877=DIRECTION('center_axis',(1.22464679914735E-16,0.,-1.));
#7878=DIRECTION('ref_axis',(1.,0.,1.22464679914735E-16));
#7879=DIRECTION('',(1.22464679914735E-16,0.,-1.));
#7880=DIRECTION('center_axis',(-1.22464679914735E-16,0.,1.));
#7881=DIRECTION('ref_axis',(1.,0.,1.22464679914735E-16));
#7882=DIRECTION('center_axis',(1.22464679914735E-16,0.,-1.));
#7883=DIRECTION('ref_axis',(-1.,0.,-1.22464679914735E-16));
#7884=DIRECTION('center_axis',(1.22464679914735E-16,0.,-1.));
#7885=DIRECTION('ref_axis',(1.,0.,1.22464679914735E-16));
#7886=DIRECTION('center_axis',(1.22464679914735E-16,0.,-1.));
#7887=DIRECTION('ref_axis',(1.,0.,1.22464679914735E-16));
#7888=DIRECTION('',(1.22464679914735E-16,0.,-1.));
#7889=DIRECTION('center_axis',(-1.22464679914735E-16,0.,1.));
#7890=DIRECTION('ref_axis',(1.,0.,1.22464679914735E-16));
#7891=DIRECTION('center_axis',(1.22464679914735E-16,0.,-1.));
#7892=DIRECTION('ref_axis',(-1.,0.,-1.22464679914735E-16));
#7893=DIRECTION('center_axis',(1.22464679914735E-16,0.,-1.));
#7894=DIRECTION('ref_axis',(-1.,0.,-1.22464679914735E-16));
#7895=DIRECTION('center_axis',(-1.22464679914735E-16,0.,1.));
#7896=DIRECTION('ref_axis',(-1.,0.,-1.22464679914735E-16));
#7897=DIRECTION('',(1.22464679914735E-16,0.,-1.));
#7898=DIRECTION('center_axis',(-1.22464679914735E-16,0.,1.));
#7899=DIRECTION('ref_axis',(-1.,0.,-1.22464679914735E-16));
#7900=DIRECTION('',(-1.22464679914735E-16,0.,1.));
#7901=DIRECTION('center_axis',(1.,0.,1.22464679914735E-16));
#7902=DIRECTION('ref_axis',(0.,1.,0.));
#7903=DIRECTION('',(0.,1.,0.));
#7904=DIRECTION('',(4.0752773549769E-11,-1.,4.99077536841015E-27));
#7905=DIRECTION('',(-1.22464679914735E-16,0.,1.));
#7906=DIRECTION('center_axis',(1.22464679914735E-16,0.,-1.));
#7907=DIRECTION('ref_axis',(-1.,0.,-1.22464679914735E-16));
#7908=DIRECTION('center_axis',(1.22464679914735E-16,0.,-1.));
#7909=DIRECTION('ref_axis',(-1.,0.,-1.22464679914735E-16));
#7910=DIRECTION('',(1.22464679914735E-16,0.,-1.));
#7911=DIRECTION('center_axis',(-1.22464679914735E-16,0.,1.));
#7912=DIRECTION('ref_axis',(-1.,0.,-1.22464679914735E-16));
#7913=DIRECTION('center_axis',(1.22464679914735E-16,0.,-1.));
#7914=DIRECTION('ref_axis',(-1.,0.,-1.22464679914735E-16));
#7915=DIRECTION('',(-1.22464679914735E-16,0.,1.));
#7916=DIRECTION('center_axis',(1.22464679914735E-16,0.,-1.));
#7917=DIRECTION('ref_axis',(-1.,0.,-1.22464679914735E-16));
#7918=DIRECTION('',(-1.22464679914735E-16,0.,1.));
#7919=DIRECTION('center_axis',(-1.22464679914735E-16,0.,1.));
#7920=DIRECTION('ref_axis',(-1.,0.,-1.22464679914735E-16));
#7921=DIRECTION('',(1.22464679914735E-16,0.,-1.));
#7922=DIRECTION('center_axis',(-0.999999999999999,-4.27509741759549E-8,
-1.22464679914735E-16));
#7923=DIRECTION('ref_axis',(-4.27509741759549E-8,0.999999999999999,-5.23548436850143E-24));
#7924=DIRECTION('',(4.27509741759549E-8,-0.999999999999999,5.23548436850143E-24));
#7925=DIRECTION('',(-4.27509741759549E-8,0.999999999999999,-5.23548436850143E-24));
#7926=DIRECTION('',(-1.22464679914735E-16,0.,1.));
#7927=DIRECTION('center_axis',(-3.13722250862034E-13,-1.,-3.84198950339493E-29));
#7928=DIRECTION('ref_axis',(1.,-3.13722250862034E-13,1.22464679914735E-16));
#7929=DIRECTION('',(1.,-3.13722250862034E-13,1.22464679914735E-16));
#7930=DIRECTION('',(1.22464679914735E-16,0.,-1.));
#7931=DIRECTION('',(1.,-3.13722250862034E-13,1.22464679914735E-16));
#7932=DIRECTION('center_axis',(-1.22464679914735E-16,0.,1.));
#7933=DIRECTION('ref_axis',(1.,0.,1.22464679914735E-16));
#7934=DIRECTION('',(0.173784383576532,0.984783726523202,2.12824489088796E-17));
#7935=DIRECTION('center_axis',(1.22464679914735E-16,0.,-1.));
#7936=DIRECTION('ref_axis',(-1.88632334730793E-6,0.999999999998221,-2.31007984943758E-22));
#7937=DIRECTION('',(1.,-1.73103191376008E-13,1.22464679914735E-16));
#7938=DIRECTION('',(0.173784383576496,0.984783726523208,2.12824489088752E-17));
#7939=DIRECTION('center_axis',(1.22464679914735E-16,0.,-1.));
#7940=DIRECTION('ref_axis',(-1.87232016606567E-5,0.999999999824721,-2.29293089835136E-21));
#7941=DIRECTION('',(1.,-2.4672236036754E-13,1.22464679914735E-16));
#7942=DIRECTION('center_axis',(1.22464679914735E-16,0.,-1.));
#7943=DIRECTION('ref_axis',(0.954304255371959,0.298836724950217,1.16868565175397E-16));
#7944=DIRECTION('',(0.173648502928254,-0.984807695659806,2.12658083287816E-17));
#7945=DIRECTION('center_axis',(-1.22464679914735E-16,0.,1.));
#7946=DIRECTION('ref_axis',(-0.984819477640742,-0.173581670862495,-1.2060560210307E-16));
#7947=DIRECTION('',(1.,2.9998935045963E-11,1.22464679914735E-16));
#7948=DIRECTION('center_axis',(1.22464679914735E-16,0.,-1.));
#7949=DIRECTION('ref_axis',(0.999995507652012,-0.00299744487771072,1.22464129760777E-16));
#7950=DIRECTION('',(-0.000847413404341212,-0.999999640945197,-1.03778211318103E-19));
#7951=DIRECTION('center_axis',(-1.22464679914735E-16,0.,1.));
#7952=DIRECTION('ref_axis',(-0.999999702286611,0.000771638963697421,-1.2246464345536E-16));
#7953=DIRECTION('',(0.965925795002573,-0.258819161865284,1.18291793306376E-16));
#7954=DIRECTION('center_axis',(1.22464679914735E-16,0.,-1.));
#7955=DIRECTION('ref_axis',(0.961722420232893,-0.274025521478177,1.17777028360646E-16));
#7956=DIRECTION('',(-0.258819068444375,-0.965925820034637,-3.16961943728704E-17));
#7957=DIRECTION('center_axis',(-1.22464679914735E-16,0.,1.));
#7958=DIRECTION('ref_axis',(-0.965906511621251,0.258891117668539,-1.18289431773255E-16));
#7959=DIRECTION('',(0.00027946828101685,-0.999999960948739,3.42249935810498E-20));
#7960=DIRECTION('center_axis',(1.22464679914735E-16,0.,-1.));
#7961=DIRECTION('ref_axis',(-2.07186658756551E-5,-0.999999999785368,-2.53730478472245E-21));
#7962=DIRECTION('',(-1.,8.7788324927087E-11,-1.22464679914735E-16));
#7963=DIRECTION('center_axis',(-1.22464679914735E-16,0.,1.));
#7964=DIRECTION('ref_axis',(-0.0584285336176736,-0.99829159390395,-7.15543166737575E-18));
#7965=DIRECTION('',(0.,-1.,0.));
#7966=DIRECTION('center_axis',(1.22464679914735E-16,0.,-1.));
#7967=DIRECTION('ref_axis',(-8.77881339187684E-11,-1.,-1.07509457206739E-26));
#7968=DIRECTION('',(0.,-1.,0.));
#7969=DIRECTION('',(1.,0.,1.22464679914735E-16));
#7970=DIRECTION('',(0.,1.,0.));
#7971=DIRECTION('',(-0.995234226312891,0.0975132543574551,-1.21881040965597E-16));
#7972=DIRECTION('',(1.20456247826723E-15,1.,1.47516358338297E-31));
#7973=DIRECTION('',(0.995221395983724,-0.0976441138840836,1.21879469703443E-16));
#7974=DIRECTION('center_axis',(-1.22464679914735E-16,0.,1.));
#7975=DIRECTION('ref_axis',(0.0651036755506762,0.997878505345111,7.97290078758634E-18));
#7976=DIRECTION('',(0.99789250457523,-0.0648887456541984,1.22206586162119E-16));
#7977=DIRECTION('center_axis',(-1.22464679914735E-16,0.,1.));
#7978=DIRECTION('ref_axis',(0.0648737170497157,0.99789348170842,7.94473899337255E-18));
#7979=DIRECTION('center_axis',(-1.22464679914735E-16,0.,1.));
#7980=DIRECTION('ref_axis',(-0.262780283281473,0.964855700464328,-3.21813032799691E-17));
#7981=DIRECTION('',(-0.911040253068281,-0.412317422975653,-1.11570252981446E-16));
#7982=DIRECTION('center_axis',(1.22464679914735E-16,0.,-1.));
#7983=DIRECTION('ref_axis',(-0.906305342849842,-0.422623503276653,-1.1099039371712E-16));
#7984=DIRECTION('',(-0.422618231013493,0.906307801364981,-5.17558063871991E-17));
#7985=DIRECTION('center_axis',(1.22464679914735E-16,0.,-1.));
#7986=DIRECTION('ref_axis',(-0.416649717081991,0.9090671115245,-5.1024874239011E-17));
#7987=DIRECTION('',(0.909084058657549,0.416612738997162,1.11330688259085E-16));
#7988=DIRECTION('center_axis',(-1.22464679914735E-16,0.,1.));
#7989=DIRECTION('ref_axis',(0.608565579276113,-0.793503582676429,7.45277888731747E-17));
#7990=DIRECTION('',(-3.39013107356773E-12,1.,-4.1517131679347E-28));
#7991=DIRECTION('',(1.,3.78172928191482E-13,1.22464679914735E-16));
#7992=DIRECTION('',(-3.72781087265289E-13,1.,-4.56525165302106E-29));
#7993=DIRECTION('',(0.707106781186522,0.707106781186573,8.65956056235462E-17));
#7994=DIRECTION('',(1.,-3.14709141271191E-13,1.22464679914735E-16));
#7995=DIRECTION('',(3.14228265440589E-13,1.,3.84818639473442E-29));
#7996=DIRECTION('',(1.,9.59762949049091E-13,1.22464679914735E-16));
#7997=DIRECTION('',(0.,-1.,0.));
#7998=DIRECTION('center_axis',(1.22464679914735E-16,0.,-1.));
#7999=DIRECTION('ref_axis',(-1.,0.,-1.22464679914735E-16));
#8000=DIRECTION('center_axis',(1.22464679914735E-16,0.,-1.));
#8001=DIRECTION('ref_axis',(-1.,0.,-1.22464679914735E-16));
#8002=DIRECTION('',(-0.00967520327453463,0.999953194125403,-1.18487067212588E-18));
#8003=DIRECTION('',(-2.5414573137261E-14,1.,-3.1123875644243E-30));
#8004=DIRECTION('center_axis',(-1.22464679914735E-16,0.,1.));
#8005=DIRECTION('ref_axis',(0.948595540049374,-0.316490918350648,1.16169449180692E-16));
#8006=DIRECTION('',(1.00881160804745E-12,-1.,1.235437906738E-28));
#8007=DIRECTION('center_axis',(-1.22464679914735E-16,0.,1.));
#8008=DIRECTION('ref_axis',(1.,9.76797687365196E-13,1.22464679914735E-16));
#8009=DIRECTION('',(-1.,-9.66391146211021E-13,-1.22464679914735E-16));
#8010=DIRECTION('center_axis',(-1.22464679914735E-16,0.,1.));
#8011=DIRECTION('ref_axis',(-1.,-9.27339576612184E-13,-1.22464679914735E-16));
#8012=DIRECTION('',(9.63739867346254E-13,-1.,1.18024094375628E-28));
#8013=DIRECTION('center_axis',(-1.22464679914735E-16,0.,1.));
#8014=DIRECTION('ref_axis',(1.00152674274174E-12,-1.,1.22651651975915E-28));
#8015=DIRECTION('',(1.,9.59762949049091E-13,1.22464679914735E-16));
#8016=DIRECTION('center_axis',(-1.22464679914735E-16,0.,1.));
#8017=DIRECTION('ref_axis',(1.00152674274175E-12,-1.,1.22651651975916E-28));
#8018=DIRECTION('',(1.,9.59762949049091E-13,1.22464679914735E-16));
#8019=DIRECTION('center_axis',(-1.22464679914735E-16,0.,1.));
#8020=DIRECTION('ref_axis',(1.,9.52068631988473E-13,1.22464679914735E-16));
#8021=DIRECTION('',(-1.01013724747984E-12,1.,-1.2370613468257E-28));
#8022=DIRECTION('center_axis',(-1.22464679914735E-16,0.,1.));
#8023=DIRECTION('ref_axis',(-8.28423355107212E-13,1.,-1.01452601017096E-28));
#8024=DIRECTION('',(-1.,-9.66391146211022E-13,-1.22464679914735E-16));
#8025=DIRECTION('center_axis',(-1.22464679914735E-16,0.,1.));
#8026=DIRECTION('ref_axis',(-1.,-9.27339576612184E-13,-1.22464679914735E-16));
#8027=DIRECTION('',(1.02737056010089E-12,-1.,1.25816606796578E-28));
#8028=DIRECTION('center_axis',(-1.22464679914735E-16,0.,1.));
#8029=DIRECTION('ref_axis',(1.03862032580626E-12,-1.,1.27194305752802E-28));
#8030=DIRECTION('',(1.,9.59762949049093E-13,1.22464679914735E-16));
#8031=DIRECTION('center_axis',(-1.22464679914735E-16,0.,1.));
#8032=DIRECTION('ref_axis',(1.,9.27339576612161E-13,1.22464679914735E-16));
#8033=DIRECTION('',(-1.00814878833126E-12,1.,-1.23462618669416E-28));
#8034=DIRECTION('center_axis',(-1.22464679914735E-16,0.,1.));
#8035=DIRECTION('ref_axis',(-7.85147508198597E-13,1.,-9.61528382773932E-29));
#8036=DIRECTION('',(-1.,-9.66391146211021E-13,-1.22464679914735E-16));
#8037=DIRECTION('center_axis',(-1.22464679914735E-16,0.,1.));
#8038=DIRECTION('ref_axis',(-1.,-9.27339576612184E-13,-1.22464679914735E-16));
#8039=DIRECTION('',(1.02737056010089E-12,-1.,1.25816606796578E-28));
#8040=DIRECTION('center_axis',(-1.22464679914735E-16,0.,1.));
#8041=DIRECTION('ref_axis',(-0.2079116908188,0.978147600733584,-2.54618386666558E-17));
#8042=DIRECTION('',(-0.978147600733564,-0.207911690818896,-1.19788532833202E-16));
#8043=DIRECTION('center_axis',(-1.22464679914735E-16,0.,1.));
#8044=DIRECTION('ref_axis',(-0.978147600733537,-0.207911690819025,-1.19788532833199E-16));
#8045=DIRECTION('',(0.207911690818893,-0.978147600733565,2.54618386666671E-17));
#8046=DIRECTION('center_axis',(-1.22464679914735E-16,0.,1.));
#8047=DIRECTION('ref_axis',(0.207911690819006,-0.978147600733541,2.5461838666681E-17));
#8048=DIRECTION('',(0.978147600733565,0.20791169081889,1.19788532833202E-16));
#8049=DIRECTION('center_axis',(-1.22464679914735E-16,0.,1.));
#8050=DIRECTION('ref_axis',(0.978147600733554,0.207911690818946,1.19788532833201E-16));
#8051=DIRECTION('',(-0.207911690818893,0.978147600733565,-2.54618386666671E-17));
#8052=DIRECTION('',(0.422618261741686,-0.90630778703619,5.17558101503174E-17));
#8053=DIRECTION('center_axis',(-1.22464679914735E-16,0.,1.));
#8054=DIRECTION('ref_axis',(0.422618261741642,-0.90630778703621,5.1755810150312E-17));
#8055=DIRECTION('',(0.906307787036191,0.422618261741684,1.10990693043619E-16));
#8056=DIRECTION('center_axis',(-1.22464679914735E-16,0.,1.));
#8057=DIRECTION('ref_axis',(0.906307787036187,0.422618261741692,1.10990693043619E-16));
#8058=DIRECTION('',(-0.422618261741684,0.906307787036191,-5.17558101503172E-17));
#8059=DIRECTION('center_axis',(-1.22464679914735E-16,0.,1.));
#8060=DIRECTION('ref_axis',(-0.422618261741647,0.906307787036208,-5.17558101503126E-17));
#8061=DIRECTION('',(-0.906307787036189,-0.422618261741689,-1.10990693043619E-16));
#8062=DIRECTION('center_axis',(-1.22464679914735E-16,0.,1.));
#8063=DIRECTION('ref_axis',(-0.906307787036182,-0.422618261741702,-1.10990693043618E-16));
#8064=DIRECTION('center_axis',(-1.22464679914735E-16,0.,1.));
#8065=DIRECTION('ref_axis',(0.0871557427466565,0.996194698091833,1.06735001382003E-17));
#8066=DIRECTION('',(-0.996194698091827,0.0871557427467262,-1.21998664834572E-16));
#8067=DIRECTION('center_axis',(-1.22464679914735E-16,0.,1.));
#8068=DIRECTION('ref_axis',(-0.996194698091833,0.0871557427466608,-1.21998664834573E-16));
#8069=DIRECTION('',(-0.0871557427466779,-0.996194698091831,-1.06735001382029E-17));
#8070=DIRECTION('center_axis',(-1.22464679914735E-16,0.,1.));
#8071=DIRECTION('ref_axis',(-0.0871557427464979,-0.996194698091847,-1.06735001381809E-17));
#8072=DIRECTION('',(0.996194698091825,-0.0871557427467495,1.21998664834572E-16));
#8073=DIRECTION('center_axis',(-1.22464679914735E-16,0.,1.));
#8074=DIRECTION('ref_axis',(0.99619469809183,-0.0871557427466981,1.21998664834572E-16));
#8075=DIRECTION('',(0.08715574274663,0.996194698091835,1.06735001381971E-17));
#8076=DIRECTION('center_axis',(-1.22464679914735E-16,0.,1.));
#8077=DIRECTION('ref_axis',(1.,9.27339576612161E-13,1.22464679914735E-16));
#8078=DIRECTION('',(-1.00814878833126E-12,1.,-1.23462618669416E-28));
#8079=DIRECTION('center_axis',(-1.22464679914735E-16,0.,1.));
#8080=DIRECTION('ref_axis',(-8.22241091263123E-13,1.,-1.00695492054281E-28));
#8081=DIRECTION('',(-1.,-9.67053965927216E-13,-1.22464679914735E-16));
#8082=DIRECTION('center_axis',(-1.22464679914735E-16,0.,1.));
#8083=DIRECTION('ref_axis',(-1.,-9.27339576612172E-13,-1.22464679914735E-16));
#8084=DIRECTION('',(1.02737056010089E-12,-1.,1.25816606796578E-28));
#8085=DIRECTION('center_axis',(-1.22464679914735E-16,0.,1.));
#8086=DIRECTION('ref_axis',(1.02625579811809E-12,-1.,1.25680087827173E-28));
#8087=DIRECTION('',(1.,8.97457895726844E-13,1.22464679914735E-16));
#8088=DIRECTION('center_axis',(-1.22464679914735E-16,0.,1.));
#8089=DIRECTION('ref_axis',(0.0871557427466575,0.996194698091833,1.06735001382004E-17));
#8090=DIRECTION('',(-0.996194698091827,0.0871557427467281,-1.21998664834572E-16));
#8091=DIRECTION('center_axis',(-1.22464679914735E-16,0.,1.));
#8092=DIRECTION('ref_axis',(-0.996194698091835,0.0871557427466362,-1.21998664834573E-16));
#8093=DIRECTION('',(-0.0871557427466779,-0.996194698091831,-1.06735001382029E-17));
#8094=DIRECTION('center_axis',(-1.22464679914735E-16,0.,1.));
#8095=DIRECTION('ref_axis',(-0.0871557427465085,-0.996194698091846,-1.06735001381822E-17));
#8096=DIRECTION('',(0.996194698091825,-0.0871557427467467,1.21998664834572E-16));
#8097=DIRECTION('center_axis',(-1.22464679914735E-16,0.,1.));
#8098=DIRECTION('ref_axis',(0.996194698091827,-0.0871557427467283,1.21998664834572E-16));
#8099=DIRECTION('',(0.0871557427466296,0.996194698091836,1.0673500138197E-17));
#8100=DIRECTION('center_axis',(-1.22464679914735E-16,0.,1.));
#8101=DIRECTION('ref_axis',(0.965925826289188,-0.258819045102074,1.18291797137882E-16));
#8102=DIRECTION('',(0.258819045101968,0.965925826289216,3.169619151425E-17));
#8103=DIRECTION('center_axis',(-1.22464679914735E-16,0.,1.));
#8104=DIRECTION('ref_axis',(0.25881904510207,0.965925826289189,3.16961915142625E-17));
#8105=DIRECTION('',(-0.965925826289182,0.258819045102096,-1.18291797137881E-16));
#8106=DIRECTION('center_axis',(-1.22464679914735E-16,0.,1.));
#8107=DIRECTION('ref_axis',(-0.965925826289191,0.258819045102064,-1.18291797137882E-16));
#8108=DIRECTION('',(-0.258819045101926,-0.965925826289228,-3.16961915142448E-17));
#8109=DIRECTION('center_axis',(-1.22464679914735E-16,0.,1.));
#8110=DIRECTION('ref_axis',(-0.258819045102038,-0.965925826289198,-3.16961915142585E-17));
#8111=DIRECTION('',(0.965925826289161,-0.258819045102173,1.18291797137878E-16));
#8112=DIRECTION('center_axis',(-1.22464679914735E-16,0.,1.));
#8113=DIRECTION('ref_axis',(-8.03694299730867E-13,1.,-9.8424165165838E-29));
#8114=DIRECTION('',(-1.,-9.21982225226015E-13,-1.22464679914735E-16));
#8115=DIRECTION('center_axis',(-1.22464679914735E-16,0.,1.));
#8116=DIRECTION('ref_axis',(-1.,-9.1497504892401E-13,-1.22464679914735E-16));
#8117=DIRECTION('',(9.63739867346253E-13,-1.,1.18024094375628E-28));
#8118=DIRECTION('center_axis',(-1.22464679914735E-16,0.,1.));
#8119=DIRECTION('ref_axis',(1.00152674274173E-12,-1.,1.22651651975913E-28));
#8120=DIRECTION('',(1.,8.96795076010649E-13,1.22464679914735E-16));
#8121=DIRECTION('center_axis',(-1.22464679914735E-16,0.,1.));
#8122=DIRECTION('ref_axis',(1.,9.27339576612126E-13,1.22464679914735E-16));
#8123=DIRECTION('',(-1.01146288691223E-12,1.,-1.2386847869134E-28));
#8124=DIRECTION('center_axis',(-1.22464679914735E-16,0.,1.));
#8125=DIRECTION('ref_axis',(1.,9.27339576612149E-13,1.22464679914735E-16));
#8126=DIRECTION('',(-1.01013724747984E-12,1.,-1.2370613468257E-28));
#8127=DIRECTION('center_axis',(-1.22464679914735E-16,0.,1.));
#8128=DIRECTION('ref_axis',(-8.03694299730867E-13,1.,-9.8424165165838E-29));
#8129=DIRECTION('',(-1.,-9.67053965927215E-13,-1.22464679914735E-16));
#8130=DIRECTION('center_axis',(-1.22464679914735E-16,0.,1.));
#8131=DIRECTION('ref_axis',(-1.,-9.27339576612172E-13,-1.22464679914735E-16));
#8132=DIRECTION('',(1.02737056010089E-12,-1.,1.25816606796578E-28));
#8133=DIRECTION('center_axis',(-1.22464679914735E-16,0.,1.));
#8134=DIRECTION('ref_axis',(1.02625579811809E-12,-1.,1.25680087827173E-28));
#8135=DIRECTION('',(1.,8.97457895726844E-13,1.22464679914735E-16));
#8136=DIRECTION('center_axis',(-1.22464679914735E-16,0.,1.));
#8137=DIRECTION('ref_axis',(0.996194698091827,-0.0871557427467283,1.21998664834572E-16));
#8138=DIRECTION('',(0.0871557427466313,0.996194698091835,1.06735001381972E-17));
#8139=DIRECTION('center_axis',(-1.22464679914735E-16,0.,1.));
#8140=DIRECTION('ref_axis',(0.0871557427466559,0.996194698091833,1.06735001382002E-17));
#8141=DIRECTION('',(-0.996194698091832,0.0871557427466745,-1.21998664834573E-16));
#8142=DIRECTION('center_axis',(-1.22464679914735E-16,0.,1.));
#8143=DIRECTION('ref_axis',(-0.996194698091835,0.0871557427466407,-1.21998664834573E-16));
#8144=DIRECTION('',(-0.0871557427466169,-0.996194698091837,-1.06735001381955E-17));
#8145=DIRECTION('center_axis',(-1.22464679914735E-16,0.,1.));
#8146=DIRECTION('ref_axis',(-0.0871557427465024,-0.996194698091847,-1.06735001381814E-17));
#8147=DIRECTION('',(0.996194698091825,-0.0871557427467466,1.21998664834572E-16));
#8148=DIRECTION('center_axis',(-1.22464679914735E-16,0.,1.));
#8149=DIRECTION('ref_axis',(-8.22241091263128E-13,1.,-1.00695492054282E-28));
#8150=DIRECTION('',(-1.,-9.20656585793628E-13,-1.22464679914735E-16));
#8151=DIRECTION('center_axis',(-1.22464679914735E-16,0.,1.));
#8152=DIRECTION('ref_axis',(-1.,-9.27339576612172E-13,-1.22464679914735E-16));
#8153=DIRECTION('',(9.63739867346254E-13,-1.,1.18024094375628E-28));
#8154=DIRECTION('center_axis',(-1.22464679914735E-16,0.,1.));
#8155=DIRECTION('ref_axis',(1.00152674274173E-12,-1.,1.22651651975913E-28));
#8156=DIRECTION('',(1.,8.98783535159231E-13,1.22464679914735E-16));
#8157=DIRECTION('center_axis',(-1.22464679914735E-16,0.,1.));
#8158=DIRECTION('ref_axis',(1.,9.52068631988491E-13,1.22464679914735E-16));
#8159=DIRECTION('',(-1.00881160804746E-12,1.,-1.23543790673802E-28));
#8160=DIRECTION('center_axis',(1.22464679914735E-16,0.,-1.));
#8161=DIRECTION('ref_axis',(-1.,0.,-1.22464679914735E-16));
#8162=DIRECTION('center_axis',(-1.22464679914735E-16,0.,1.));
#8163=DIRECTION('ref_axis',(0.96592582628918,-0.258819045102104,1.18291797137881E-16));
#8164=DIRECTION('',(0.258819045102012,0.965925826289205,3.16961915142553E-17));
#8165=DIRECTION('center_axis',(-1.22464679914735E-16,0.,1.));
#8166=DIRECTION('ref_axis',(0.258819045102105,0.96592582628918,3.16961915142667E-17));
#8167=DIRECTION('',(-0.965925826289194,0.258819045102052,-1.18291797137882E-16));
#8168=DIRECTION('center_axis',(-1.22464679914735E-16,0.,1.));
#8169=DIRECTION('ref_axis',(-0.965925826289189,0.258819045102072,-1.18291797137882E-16));
#8170=DIRECTION('',(-0.258819045101991,-0.96592582628921,-3.16961915142528E-17));
#8171=DIRECTION('center_axis',(-1.22464679914735E-16,0.,1.));
#8172=DIRECTION('ref_axis',(-0.25881904510201,-0.965925826289205,-3.16961915142551E-17));
#8173=DIRECTION('',(0.965925826289176,-0.258819045102118,1.1829179713788E-16));
#8174=DIRECTION('center_axis',(-1.22464679914735E-16,0.,1.));
#8175=DIRECTION('ref_axis',(0.965925826289189,-0.258819045102071,1.18291797137882E-16));
#8176=DIRECTION('',(0.258819045101964,0.965925826289218,3.16961915142494E-17));
#8177=DIRECTION('center_axis',(-1.22464679914735E-16,0.,1.));
#8178=DIRECTION('ref_axis',(0.258819045102071,0.965925826289189,3.16961915142626E-17));
#8179=DIRECTION('',(-0.965925826289182,0.258819045102097,-1.18291797137881E-16));
#8180=DIRECTION('center_axis',(-1.22464679914735E-16,0.,1.));
#8181=DIRECTION('ref_axis',(-0.965925826289193,0.258819045102053,-1.18291797137882E-16));
#8182=DIRECTION('',(-0.258819045101928,-0.965925826289227,-3.16961915142451E-17));
#8183=DIRECTION('center_axis',(-1.22464679914735E-16,0.,1.));
#8184=DIRECTION('ref_axis',(-0.258819045102038,-0.965925826289198,-3.16961915142585E-17));
#8185=DIRECTION('',(0.965925826289161,-0.258819045102173,1.18291797137878E-16));
#8186=DIRECTION('center_axis',(-1.22464679914735E-16,0.,1.));
#8187=DIRECTION('ref_axis',(1.,9.27339576612161E-13,1.22464679914735E-16));
#8188=DIRECTION('',(-1.00814878833126E-12,1.,-1.23462618669416E-28));
#8189=DIRECTION('center_axis',(-1.22464679914735E-16,0.,1.));
#8190=DIRECTION('ref_axis',(-7.85147508198616E-13,1.,-9.61528382773955E-29));
#8191=DIRECTION('',(-1.,-9.6639114621102E-13,-1.22464679914735E-16));
#8192=DIRECTION('center_axis',(-1.22464679914735E-16,0.,1.));
#8193=DIRECTION('ref_axis',(-1.,-9.02610521235859E-13,-1.22464679914735E-16));
#8194=DIRECTION('',(1.02670774038469E-12,-1.,1.25735434792192E-28));
#8195=DIRECTION('center_axis',(-1.22464679914735E-16,0.,1.));
#8196=DIRECTION('ref_axis',(1.00152674274174E-12,-1.,1.22651651975915E-28));
#8197=DIRECTION('',(1.,8.97457895726843E-13,1.22464679914735E-16));
#8198=DIRECTION('center_axis',(-1.22464679914735E-16,0.,1.));
#8199=DIRECTION('ref_axis',(-8.22241091263123E-13,1.,-1.00695492054281E-28));
#8200=DIRECTION('',(-1.,-9.2264504494221E-13,-1.22464679914735E-16));
#8201=DIRECTION('center_axis',(-1.22464679914735E-16,0.,1.));
#8202=DIRECTION('ref_axis',(-1.,-9.5206863198852E-13,-1.22464679914735E-16));
#8203=DIRECTION('',(9.63077047630061E-13,-1.,1.17942922371244E-28));
#8204=DIRECTION('center_axis',(-1.22464679914735E-16,0.,1.));
#8205=DIRECTION('ref_axis',(1.01389127042992E-12,-1.,1.24165869901544E-28));
#8206=DIRECTION('',(1.,8.98120715443037E-13,1.22464679914735E-16));
#8207=DIRECTION('center_axis',(-1.22464679914735E-16,0.,1.));
#8208=DIRECTION('ref_axis',(1.,9.52068631988491E-13,1.22464679914735E-16));
#8209=DIRECTION('',(-1.00881160804746E-12,1.,-1.23543790673802E-28));
#8210=DIRECTION('center_axis',(-1.22464679914735E-16,0.,1.));
#8211=DIRECTION('ref_axis',(1.,9.27339576612155E-13,1.22464679914735E-16));
#8212=DIRECTION('',(-1.00881160804745E-12,1.,-1.235437906738E-28));
#8213=DIRECTION('center_axis',(-1.22464679914735E-16,0.,1.));
#8214=DIRECTION('ref_axis',(-8.22241091263133E-13,1.,-1.00695492054282E-28));
#8215=DIRECTION('',(-1.,-9.67053965927216E-13,-1.22464679914735E-16));
#8216=DIRECTION('center_axis',(-1.22464679914735E-16,0.,1.));
#8217=DIRECTION('ref_axis',(-1.,-9.5206863198852E-13,-1.22464679914735E-16));
#8218=DIRECTION('',(1.0267077403847E-12,-1.,1.25735434792193E-28));
#8219=DIRECTION('center_axis',(-1.22464679914735E-16,0.,1.));
#8220=DIRECTION('ref_axis',(1.00152674274174E-12,-1.,1.22651651975915E-28));
#8221=DIRECTION('',(1.,8.97457895726843E-13,1.22464679914735E-16));
#8222=DIRECTION('center_axis',(1.22464679914735E-16,0.,-1.));
#8223=DIRECTION('ref_axis',(1.,0.,1.22464679914735E-16));
#8224=DIRECTION('center_axis',(0.999999999999999,4.27509699991169E-8,1.22464679914735E-16));
#8225=DIRECTION('ref_axis',(4.27509699991169E-8,-0.999999999999999,5.2354838569863E-24));
#8226=DIRECTION('',(-4.27509699991169E-8,0.999999999999999,-5.23548385698631E-24));
#8227=DIRECTION('',(1.22464679914735E-16,0.,-1.));
#8228=DIRECTION('',(4.27509699991169E-8,-0.999999999999999,5.23548385698631E-24));
#8229=DIRECTION('center_axis',(-3.13722250862034E-13,-1.,-3.84198950339493E-29));
#8230=DIRECTION('ref_axis',(1.,-3.13722250862034E-13,1.22464679914735E-16));
#8231=DIRECTION('',(-1.,3.13722250862034E-13,-1.22464679914735E-16));
#8232=DIRECTION('',(-1.22464679914735E-16,0.,1.));
#8233=DIRECTION('',(1.,-3.13722250862034E-13,1.22464679914735E-16));
#8234=DIRECTION('center_axis',(1.,4.07492943448843E-11,1.22464679914735E-16));
#8235=DIRECTION('ref_axis',(4.07492943448843E-11,-1.,4.99034928869759E-27));
#8236=DIRECTION('',(4.07492943448843E-11,-1.,4.99034928869759E-27));
#8237=DIRECTION('',(1.22464679914735E-16,0.,-1.));
#8238=DIRECTION('',(-4.07492943448843E-11,1.,-4.99034928869759E-27));
#8239=DIRECTION('',(-1.22464679914735E-16,0.,1.));
#8240=DIRECTION('center_axis',(-6.4013196939936E-16,-1.,-7.83935567356818E-32));
#8241=DIRECTION('ref_axis',(1.,-6.4013196939936E-16,1.22464679914735E-16));
#8242=DIRECTION('',(1.,-6.4013196939936E-16,1.22464679914735E-16));
#8243=DIRECTION('',(-1.22464679914735E-16,0.,1.));
#8244=DIRECTION('',(1.,0.,1.22464679914735E-16));
#8245=DIRECTION('center_axis',(1.22464679914735E-16,0.,-1.));
#8246=DIRECTION('ref_axis',(-1.,0.,-1.22464679914735E-16));
#8247=DIRECTION('center_axis',(-1.22464679914735E-16,0.,1.));
#8248=DIRECTION('ref_axis',(-1.,0.,-1.22464679914735E-16));
#8249=DIRECTION('center_axis',(-1.22464679914735E-16,0.,1.));
#8250=DIRECTION('ref_axis',(-1.,0.,-1.22464679914735E-16));
#8251=DIRECTION('',(-1.22464679914735E-16,0.,1.));
#8252=DIRECTION('center_axis',(1.22464679914735E-16,0.,-1.));
#8253=DIRECTION('ref_axis',(-1.,0.,-1.22464679914735E-16));
#8254=DIRECTION('center_axis',(1.22464679914735E-16,0.,-1.));
#8255=DIRECTION('ref_axis',(0.,-1.,0.));
#8256=DIRECTION('',(-1.,0.,-1.22464679914735E-16));
#8257=DIRECTION('center_axis',(1.22464679914735E-16,0.,-1.));
#8258=DIRECTION('ref_axis',(-1.,-7.61394678913665E-15,-1.22464679914735E-16));
#8259=DIRECTION('',(0.,1.,0.));
#8260=DIRECTION('center_axis',(1.22464679914735E-16,0.,-1.));
#8261=DIRECTION('ref_axis',(-7.61394678913673E-15,1.,-9.32439556419456E-31));
#8262=DIRECTION('',(0.,1.,0.));
#8263=DIRECTION('',(1.110223024625E-16,-1.,1.3596310734467E-32));
#8264=DIRECTION('',(1.,1.110223024625E-16,1.22464679914735E-16));
#8265=DIRECTION('',(-1.110223024625E-16,1.,-1.3596310734467E-32));
#8266=DIRECTION('',(-1.,-1.110223024625E-16,-1.22464679914735E-16));
#8267=DIRECTION('center_axis',(1.,0.,1.22464679914735E-16));
#8268=DIRECTION('ref_axis',(0.,1.,0.));
#8269=DIRECTION('',(4.0752773549769E-11,-1.,4.99077536841015E-27));
#8270=DIRECTION('center_axis',(1.,-1.20456247826723E-15,1.22464679914735E-16));
#8271=DIRECTION('ref_axis',(1.20456247826723E-15,1.,1.47516358338297E-31));
#8272=DIRECTION('',(1.20456247826723E-15,1.,1.47516358338297E-31));
#8273=DIRECTION('',(-1.22464679914735E-16,0.,1.));
#8274=DIRECTION('',(-1.20456247826723E-15,-1.,-6.00537658630734E-15));
#8275=DIRECTION('',(9.36273095160712E-10,-1.,-3.59609851289761E-11));
#8276=DIRECTION('',(1.22464679914735E-16,0.,-1.));
#8277=DIRECTION('',(1.20456247826723E-15,1.,1.47516358338297E-31));
#8278=DIRECTION('',(-1.22464662094392E-16,0.000539470368915311,0.99999985448585));
#8279=DIRECTION('',(-1.22464662096058E-16,0.000539445138200337,0.999999854499461));
#8280=DIRECTION('',(-1.22464662100337E-16,0.000539380368046762,0.999999854534399));
#8281=DIRECTION('',(1.22464679914735E-16,0.,-1.));
#8282=DIRECTION('',(-1.22464679914735E-16,0.,1.));
#8283=DIRECTION('center_axis',(1.22464679914735E-16,0.,-1.));
#8284=DIRECTION('ref_axis',(0.,1.,0.));
#8285=DIRECTION('center_axis',(1.22464679914735E-16,0.,-1.));
#8286=DIRECTION('ref_axis',(0.,1.,0.));
#8287=DIRECTION('',(1.22464679914735E-16,0.,-1.));
#8288=DIRECTION('center_axis',(0.0191974423996896,-6.02739438699088E-15,
0.999815712121644));
#8289=DIRECTION('ref_axis',(0.999815712121644,0.,-0.0191974423996896));
#8290=DIRECTION('',(-1.22464679914735E-16,0.,1.));
#8291=DIRECTION('center_axis',(0.,-1.,0.));
#8292=DIRECTION('ref_axis',(1.,0.,1.22464679914735E-16));
#8293=DIRECTION('',(1.,0.,1.22464679914735E-16));
#8294=DIRECTION('',(-0.999815712121644,0.,0.0191974423996896));
#8295=DIRECTION('',(-1.22464679914735E-16,0.,1.));
#8296=DIRECTION('center_axis',(-1.,0.,-1.22464679914735E-16));
#8297=DIRECTION('ref_axis',(0.,-1.,0.));
#8298=DIRECTION('',(0.,-1.,0.));
#8299=DIRECTION('',(1.22464679914735E-16,0.,-1.));
#8300=DIRECTION('',(1.22464679914735E-16,0.,-1.));
#8301=DIRECTION('',(0.,-1.,0.));
#8302=DIRECTION('',(-1.22464679914735E-16,0.,1.));
#8303=DIRECTION('',(-7.38278980189605E-31,1.,6.02850536745471E-15));
#8304=DIRECTION('center_axis',(1.22464679914735E-16,0.,-1.));
#8305=DIRECTION('ref_axis',(-1.,-8.88178419700136E-15,-1.22464679914735E-16));
#8306=DIRECTION('center_axis',(1.22464679914735E-16,0.,-1.));
#8307=DIRECTION('ref_axis',(-1.,-8.88178419700136E-15,-1.22464679914735E-16));
#8308=DIRECTION('center_axis',(0.0191974423996896,-6.02739438699088E-15,
0.999815712121644));
#8309=DIRECTION('ref_axis',(-0.999815712121644,-8.88014739183568E-15,0.0191974423996896));
#8310=DIRECTION('',(0.995206838869647,-0.0975575810211631,-0.0067724628004337));
#8311=DIRECTION('',(0.0190629327594868,-0.00124178799788885,0.999817514628132));
#8312=DIRECTION('',(-0.99503973693844,0.0976262907780116,0.0191057389913817));
#8313=DIRECTION('center_axis',(0.0976441138840836,0.995221395983724,1.19579551523723E-17));
#8314=DIRECTION('ref_axis',(-0.995221395983724,0.0976441138840836,-1.21879469703443E-16));
#8315=DIRECTION('',(-1.22464679914735E-16,0.,1.));
#8316=DIRECTION('center_axis',(0.0975132543574551,0.995234226312891,1.19419294823299E-17));
#8317=DIRECTION('ref_axis',(-0.995234226312891,0.097513254357455,-1.21881040965597E-16));
#8318=DIRECTION('',(-1.22464679914735E-16,0.,1.));
#8319=DIRECTION('',(-0.995234226312891,0.0975132543574551,-1.21881040965597E-16));
#8320=DIRECTION('center_axis',(1.22464679914735E-16,0.,-1.));
#8321=DIRECTION('ref_axis',(-1.,0.,-1.22464679914735E-16));
#8322=DIRECTION('',(0.,1.,0.));
#8323=DIRECTION('',(1.,0.,1.22464679914735E-16));
#8324=DIRECTION('',(0.,-1.,0.));
#8325=DIRECTION('center_axis',(1.22464679914735E-16,0.,-1.));
#8326=DIRECTION('ref_axis',(-8.77881339187684E-11,-1.,-1.07509457206739E-26));
#8327=DIRECTION('center_axis',(1.22464679914735E-16,0.,-1.));
#8328=DIRECTION('ref_axis',(-8.77881339187684E-11,-1.,-1.07509457206739E-26));
#8329=DIRECTION('',(-1.22464679914735E-16,0.,1.));
#8330=DIRECTION('center_axis',(1.22464679914735E-16,0.,-1.));
#8331=DIRECTION('ref_axis',(-0.0584285336176736,-0.99829159390395,-7.15543166737575E-18));
#8332=DIRECTION('',(1.22464679914735E-16,0.,-1.));
#8333=DIRECTION('center_axis',(1.22464679914735E-16,0.,-1.));
#8334=DIRECTION('ref_axis',(-0.0584285336176736,-0.99829159390395,-7.15543166737575E-18));
#8335=DIRECTION('center_axis',(-1.22464679914735E-16,0.,1.));
#8336=DIRECTION('ref_axis',(-1.,0.,-1.22464679914735E-16));
#8337=DIRECTION('center_axis',(1.22464679914735E-16,0.,-1.));
#8338=DIRECTION('ref_axis',(-9.10219582545865E-6,0.999999999958575,-1.11469749828603E-21));
#8339=DIRECTION('',(-3.38622690664397E-12,1.,-4.14693194240818E-28));
#8340=DIRECTION('',(1.,0.,1.22464679914735E-16));
#8341=DIRECTION('',(-3.38006267395436E-12,1.,-4.13938293457565E-28));
#8342=DIRECTION('center_axis',(1.22464679914735E-16,0.,-1.));
#8343=DIRECTION('ref_axis',(-0.999999999967269,8.09084305612064E-6,-1.22464679910727E-16));
#8344=DIRECTION('',(1.,-3.13651910387461E-13,1.22464679914735E-16));
#8345=DIRECTION('center_axis',(-1.22464679914735E-16,0.,1.));
#8346=DIRECTION('ref_axis',(0.58781633322169,-0.808994411845847,7.19867390966477E-17));
#8347=DIRECTION('center_axis',(1.22464679914735E-16,0.,-1.));
#8348=DIRECTION('ref_axis',(-0.977060041553651,0.212964023250825,-1.19655345246346E-16));
#8349=DIRECTION('',(1.,-2.17874698381811E-13,1.22464679914735E-16));
#8350=DIRECTION('center_axis',(-1.22464679914735E-16,0.,1.));
#8351=DIRECTION('ref_axis',(0.58781271765012,-0.808997038912245,7.19862963168326E-17));
#8352=DIRECTION('center_axis',(1.22464679914735E-16,0.,-1.));
#8353=DIRECTION('ref_axis',(-0.977057638094605,0.212975049808636,-1.19655050907503E-16));
#8354=DIRECTION('',(1.,-3.86102466245319E-12,1.22464679914735E-16));
#8355=DIRECTION('center_axis',(1.22464679914735E-16,0.,-1.));
#8356=DIRECTION('ref_axis',(-5.90600252925529E-6,0.99999999998256,-7.23276709320866E-22));
#8357=DIRECTION('center_axis',(1.22464679914735E-16,0.,-1.));
#8358=DIRECTION('ref_axis',(0.969877741058439,0.243592215391583,1.18775767115148E-16));
#8359=DIRECTION('',(0.173648502928277,-0.984807695659802,2.12658083287844E-17));
#8360=DIRECTION('center_axis',(1.22464679914735E-16,0.,-1.));
#8361=DIRECTION('ref_axis',(7.0443443437177E-5,-0.999999997518861,8.62683375262564E-21));
#8362=DIRECTION('',(1.,1.49783606367735E-11,1.22464679914735E-16));
#8363=DIRECTION('center_axis',(1.22464679914735E-16,0.,-1.));
#8364=DIRECTION('ref_axis',(5.67218332896204E-5,0.999999998391317,6.94642115799034E-21));
#8365=DIRECTION('',(-0.000847754092139765,-0.999999640656435,-1.03819933540303E-19));
#8366=DIRECTION('center_axis',(1.22464679914735E-16,0.,-1.));
#8367=DIRECTION('ref_axis',(-0.258895083280445,-0.96590544871287,-3.17055035054385E-17));
#8368=DIRECTION('',(0.965925794963204,-0.258819162012211,1.18291793301555E-16));
#8369=DIRECTION('center_axis',(1.22464679914735E-16,0.,-1.));
#8370=DIRECTION('ref_axis',(0.255766724143002,0.966738528673166,3.13223900050131E-17));
#8371=DIRECTION('',(-0.258819068444375,-0.965925820034637,-3.16961943728704E-17));
#8372=DIRECTION('center_axis',(1.22464679914735E-16,0.,-1.));
#8373=DIRECTION('ref_axis',(-0.999999960948739,-0.000279468281008118,-1.22464675132335E-16));
#8374=DIRECTION('',(0.000279468281016693,-0.999999960948739,3.42249935810306E-20));
#8375=DIRECTION('center_axis',(1.22464679914735E-16,0.,-1.));
#8376=DIRECTION('ref_axis',(0.99999999538742,9.60477003210789E-5,1.22464679349857E-16));
#8377=DIRECTION('',(-1.,8.39810400732568E-11,-1.22464679914735E-16));
#8378=DIRECTION('center_axis',(1.22464679914735E-16,0.,-1.));
#8379=DIRECTION('ref_axis',(-8.77883247074833E-11,-1.,-1.07509690855528E-26));
#8380=DIRECTION('',(-1.,8.7788324927087E-11,-1.22464679914735E-16));
#8381=DIRECTION('center_axis',(1.22464679914735E-16,0.,-1.));
#8382=DIRECTION('ref_axis',(-2.07186658756551E-5,-0.999999999785368,-2.53730478472245E-21));
#8383=DIRECTION('',(0.00027946828101685,-0.999999960948739,3.42249935810498E-20));
#8384=DIRECTION('center_axis',(-1.22464679914735E-16,0.,1.));
#8385=DIRECTION('ref_axis',(-0.965906511621251,0.258891117668539,-1.18289431773255E-16));
#8386=DIRECTION('',(-0.258819068444375,-0.965925820034637,-3.16961943728704E-17));
#8387=DIRECTION('center_axis',(1.22464679914735E-16,0.,-1.));
#8388=DIRECTION('ref_axis',(0.961722420232893,-0.274025521478177,1.17777028360646E-16));
#8389=DIRECTION('',(0.965925795002573,-0.258819161865284,1.18291793306376E-16));
#8390=DIRECTION('center_axis',(-1.22464679914735E-16,0.,1.));
#8391=DIRECTION('ref_axis',(-0.999999702286611,0.000771638963697421,-1.2246464345536E-16));
#8392=DIRECTION('',(-0.000847413404341212,-0.999999640945197,-1.03778211318103E-19));
#8393=DIRECTION('center_axis',(1.22464679914735E-16,0.,-1.));
#8394=DIRECTION('ref_axis',(0.999995507652012,-0.00299744487771072,1.22464129760777E-16));
#8395=DIRECTION('',(1.,2.9998935045963E-11,1.22464679914735E-16));
#8396=DIRECTION('center_axis',(-1.22464679914735E-16,0.,1.));
#8397=DIRECTION('ref_axis',(-0.984819477640742,-0.173581670862495,-1.2060560210307E-16));
#8398=DIRECTION('',(0.173648502928254,-0.984807695659806,2.12658083287816E-17));
#8399=DIRECTION('center_axis',(1.22464679914735E-16,0.,-1.));
#8400=DIRECTION('ref_axis',(0.954304255371959,0.298836724950217,1.16868565175397E-16));
#8401=DIRECTION('',(1.,-2.4672236036754E-13,1.22464679914735E-16));
#8402=DIRECTION('center_axis',(1.22464679914735E-16,0.,-1.));
#8403=DIRECTION('ref_axis',(-1.87232016606567E-5,0.999999999824721,-2.29293089835136E-21));
#8404=DIRECTION('',(0.173784383576496,0.984783726523208,2.12824489088752E-17));
#8405=DIRECTION('',(1.,-1.73103191376008E-13,1.22464679914735E-16));
#8406=DIRECTION('center_axis',(1.22464679914735E-16,0.,-1.));
#8407=DIRECTION('ref_axis',(-1.88632334730793E-6,0.999999999998221,-2.31007984943758E-22));
#8408=DIRECTION('',(0.173784383576532,0.984783726523202,2.12824489088796E-17));
#8409=DIRECTION('center_axis',(1.,0.,1.22464679914735E-16));
#8410=DIRECTION('ref_axis',(0.,1.,0.));
#8411=DIRECTION('',(-1.22464679914735E-16,0.,1.));
#8412=DIRECTION('center_axis',(0.,-1.,0.));
#8413=DIRECTION('ref_axis',(1.,0.,1.22464679914735E-16));
#8414=DIRECTION('',(-1.22464679914735E-16,0.,1.));
#8415=DIRECTION('center_axis',(-1.,0.,-1.22464679914735E-16));
#8416=DIRECTION('ref_axis',(0.,-1.,0.));
#8417=DIRECTION('center_axis',(0.0191974423996902,-5.65347255968274E-15,
0.999815712121644));
#8418=DIRECTION('ref_axis',(0.999815712121644,0.,-0.0191974423996902));
#8419=DIRECTION('',(0.99400052913321,-0.107697172139655,-0.0190857851821538));
#8420=DIRECTION('',(-0.107677324855043,-0.994183745146435,0.00206751025873042));
#8421=DIRECTION('center_axis',(0.0191974423996737,3.57534417174171E-13,
0.999815712121645));
#8422=DIRECTION('ref_axis',(0.0649763644830252,0.997886023315299,-0.00124760993424673));
#8423=DIRECTION('center_axis',(1.22464679914735E-16,0.,-1.));
#8424=DIRECTION('ref_axis',(0.200647908847991,0.979663420096376,2.45722819326302E-17));
#8425=DIRECTION('center_axis',(0.994000529133346,-0.107697172138402,-0.019085785182157));
#8426=DIRECTION('ref_axis',(0.0189747368218565,-0.00205585956736469,0.999817849812645));
#8427=DIRECTION('center_axis',(-1.22464679914735E-16,0.,1.));
#8428=DIRECTION('ref_axis',(0.200647908847991,0.979663420096376,2.45722819326302E-17));
#8429=DIRECTION('',(1.22464679914735E-16,0.,-1.));
#8430=DIRECTION('center_axis',(1.22464679914735E-16,0.,-1.));
#8431=DIRECTION('ref_axis',(1.,0.,1.22464679914735E-16));
#8432=DIRECTION('center_axis',(1.22464679914735E-16,0.,-1.));
#8433=DIRECTION('ref_axis',(1.,0.,1.22464679914735E-16));
#8434=DIRECTION('',(-1.22464679914735E-16,0.,1.));
#8435=DIRECTION('center_axis',(1.22464679914735E-16,0.,-1.));
#8436=DIRECTION('ref_axis',(1.,0.,1.22464679914735E-16));
#8437=DIRECTION('center_axis',(1.22464679914735E-16,0.,-1.));
#8438=DIRECTION('ref_axis',(1.,0.,1.22464679914735E-16));
#8439=DIRECTION('center_axis',(1.22464679914735E-16,0.,-1.));
#8440=DIRECTION('ref_axis',(-1.,0.,-1.22464679914735E-16));
#8441=DIRECTION('center_axis',(0.707106781186573,-0.707106781186522,8.65956056235524E-17));
#8442=DIRECTION('ref_axis',(1.22464679914735E-16,0.,-1.));
#8443=DIRECTION('',(1.22464679914735E-16,0.,-1.));
#8444=DIRECTION('',(0.707106781186522,0.707106781186573,8.65956056235462E-17));
#8445=DIRECTION('',(-1.22464679914735E-16,0.,1.));
#8446=DIRECTION('center_axis',(-3.14709141271191E-13,-1.,-3.85407542520176E-29));
#8447=DIRECTION('ref_axis',(1.,-3.14709141271191E-13,1.22464679914735E-16));
#8448=DIRECTION('',(1.,-3.14709141271191E-13,1.22464679914735E-16));
#8449=DIRECTION('',(0.999815712121644,-3.14651144191247E-13,-0.0191974423996896));
#8450=DIRECTION('',(-1.22464679914735E-16,0.,1.));
#8451=DIRECTION('center_axis',(1.22464679914735E-16,0.,-1.));
#8452=DIRECTION('ref_axis',(1.,0.,1.22464679914735E-16));
#8453=DIRECTION('center_axis',(1.22464679914735E-16,0.,-1.));
#8454=DIRECTION('ref_axis',(1.,0.,1.22464679914735E-16));
#8455=DIRECTION('',(-1.22464679914735E-16,0.,1.));
#8456=DIRECTION('center_axis',(1.22464679914735E-16,0.,-1.));
#8457=DIRECTION('ref_axis',(1.,0.,1.22464679914735E-16));
#8458=DIRECTION('center_axis',(1.22464679914735E-16,0.,-1.));
#8459=DIRECTION('ref_axis',(1.,0.,1.22464679914735E-16));
#8460=DIRECTION('center_axis',(1.22464679914735E-16,0.,-1.));
#8461=DIRECTION('ref_axis',(1.,0.,1.22464679914735E-16));
#8462=DIRECTION('',(1.22464679914735E-16,0.,-1.));
#8463=DIRECTION('center_axis',(1.22464679914735E-16,0.,-1.));
#8464=DIRECTION('ref_axis',(1.,0.,1.22464679914735E-16));
#8465=DIRECTION('center_axis',(-1.22464679914735E-16,0.,1.));
#8466=DIRECTION('ref_axis',(1.,0.,1.22464679914735E-16));
#8467=DIRECTION('center_axis',(0.,-1.,0.));
#8468=DIRECTION('ref_axis',(-1.,0.,-1.22464679914735E-16));
#8469=DIRECTION('',(1.,-3.13651910387461E-13,1.22464679914735E-16));
#8470=DIRECTION('',(1.,-3.13651910387461E-13,1.22464679914735E-16));
#8471=DIRECTION('',(0.999815712121644,-3.13594108142353E-13,-0.0191974423996896));
#8472=DIRECTION('',(1.22464679914735E-16,0.,-1.));
#8473=DIRECTION('',(-1.22464679914735E-16,0.,1.));
#8474=DIRECTION('center_axis',(1.22464679914735E-16,0.,-1.));
#8475=DIRECTION('ref_axis',(0.954304255371959,0.298836724950217,1.16868565175397E-16));
#8476=DIRECTION('',(-1.22464679914735E-16,0.,1.));
#8477=DIRECTION('',(-1.22464679914735E-16,0.,1.));
#8478=DIRECTION('center_axis',(-2.4672236036754E-13,-1.,-3.02147748902188E-29));
#8479=DIRECTION('ref_axis',(1.,-2.4672236036754E-13,1.22464679914735E-16));
#8480=DIRECTION('',(-1.22464679914735E-16,0.,1.));
#8481=DIRECTION('center_axis',(1.22464679914735E-16,0.,-1.));
#8482=DIRECTION('ref_axis',(-1.87232016606567E-5,0.999999999824721,-2.29293089835136E-21));
#8483=DIRECTION('',(-1.22464679914735E-16,0.,1.));
#8484=DIRECTION('center_axis',(0.984783726523209,-0.173784383576496,1.20601223853905E-16));
#8485=DIRECTION('ref_axis',(0.173784383576496,0.984783726523208,2.12824489088752E-17));
#8486=DIRECTION('',(1.22464679914735E-16,0.,-1.));
#8487=DIRECTION('center_axis',(-1.73103191376008E-13,-1.,-2.1199026924082E-29));
#8488=DIRECTION('ref_axis',(1.,-1.73103191376008E-13,1.22464679914735E-16));
#8489=DIRECTION('',(-1.22464679914735E-16,0.,1.));
#8490=DIRECTION('center_axis',(1.22464679914735E-16,0.,-1.));
#8491=DIRECTION('ref_axis',(-1.88632334730793E-6,0.999999999998221,-2.31007984943758E-22));
#8492=DIRECTION('',(-1.22464679914735E-16,0.,1.));
#8493=DIRECTION('center_axis',(0.984783726523202,-0.173784383576532,1.20601223853904E-16));
#8494=DIRECTION('ref_axis',(0.173784383576532,0.984783726523202,2.12824489088796E-17));
#8495=DIRECTION('center_axis',(1.22464679914735E-16,0.,-1.));
#8496=DIRECTION('ref_axis',(-9.10219582545865E-6,0.999999999958575,-1.11469749828603E-21));
#8497=DIRECTION('center_axis',(-1.22464679914735E-16,0.,1.));
#8498=DIRECTION('ref_axis',(-9.10219582545865E-6,0.999999999958575,-1.11469749828603E-21));
#8499=DIRECTION('',(-1.22464679914735E-16,0.,1.));
#8500=DIRECTION('center_axis',(-0.0191974423996896,6.02739438699089E-15,
-0.999815712121644));
#8501=DIRECTION('ref_axis',(-0.999815712121644,0.,0.0191974423996896));
#8502=DIRECTION('',(-0.00967520310758051,0.999953176870335,0.000185773390153028));
#8503=DIRECTION('center_axis',(0.0191974423996896,-6.02739438699089E-15,
0.999815712121644));
#8504=DIRECTION('ref_axis',(-0.999815712121644,0.,0.0191974423996896));
#8505=DIRECTION('',(3.13968614230004E-13,1.,3.84500658449505E-29));
#8506=DIRECTION('center_axis',(-1.22464679914735E-16,0.,1.));
#8507=DIRECTION('ref_axis',(-0.965925826289189,0.258819045102071,-1.18291797137882E-16));
#8508=DIRECTION('',(-1.22464679914735E-16,0.,1.));
#8509=DIRECTION('',(-1.22464679914735E-16,0.,1.));
#8510=DIRECTION('center_axis',(0.0191974423996896,-6.02739438699089E-15,
0.999815712121644));
#8511=DIRECTION('ref_axis',(-0.999815712121644,3.31849123085933E-13,0.0191974423996896));
#8512=DIRECTION('center_axis',(0.965925826289193,-0.258819045102055,1.18291797137882E-16));
#8513=DIRECTION('ref_axis',(-0.258819045102055,-0.965925826289193,-3.16961915142606E-17));
#8514=DIRECTION('',(-1.22464679914735E-16,0.,1.));
#8515=DIRECTION('',(-0.258815849170399,-0.965913898909876,0.00496951817853123));
#8516=DIRECTION('center_axis',(-1.22464679914735E-16,0.,1.));
#8517=DIRECTION('ref_axis',(-0.25881904510201,-0.965925826289205,-3.16961915142551E-17));
#8518=DIRECTION('',(-1.22464679914735E-16,0.,1.));
#8519=DIRECTION('center_axis',(0.0191974423996896,-6.02739438699089E-15,
0.999815712121644));
#8520=DIRECTION('ref_axis',(-0.999815712121644,3.58601802683015E-13,0.0191974423996896));
#8521=DIRECTION('center_axis',(0.258819045102057,0.965925826289193,3.16961915142608E-17));
#8522=DIRECTION('ref_axis',(0.965925826289193,-0.258819045102057,1.18291797137882E-16));
#8523=DIRECTION('',(1.22464679914735E-16,0.,-1.));
#8524=DIRECTION('',(0.965759739095868,-0.258774542172733,-0.0185435343118293));
#8525=DIRECTION('center_axis',(-1.22464679914735E-16,0.,1.));
#8526=DIRECTION('ref_axis',(0.96592582628918,-0.258819045102103,1.18291797137881E-16));
#8527=DIRECTION('',(-1.22464679914735E-16,0.,1.));
#8528=DIRECTION('center_axis',(0.0191974423996896,-6.02739438699089E-15,
0.999815712121644));
#8529=DIRECTION('ref_axis',(0.999815712121644,-3.32138863298167E-13,-0.0191974423996896));
#8530=DIRECTION('center_axis',(-0.965925826289193,0.258819045102055,-1.18291797137882E-16));
#8531=DIRECTION('ref_axis',(0.258819045102055,0.965925826289193,3.16961915142606E-17));
#8532=DIRECTION('',(-1.22464679914735E-16,0.,1.));
#8533=DIRECTION('',(0.258815849170399,0.965913898909876,-0.00496951817853123));
#8534=DIRECTION('center_axis',(-1.22464679914735E-16,0.,1.));
#8535=DIRECTION('ref_axis',(0.25881904510211,0.965925826289178,3.16961915142674E-17));
#8536=DIRECTION('',(-1.22464679914735E-16,0.,1.));
#8537=DIRECTION('center_axis',(0.0191974423996896,-6.02739438699089E-15,
0.999815712121644));
#8538=DIRECTION('ref_axis',(0.999815712121644,-2.83897117960268E-13,-0.0191974423996896));
#8539=DIRECTION('center_axis',(-0.258819045102051,-0.965925826289194,-3.16961915142601E-17));
#8540=DIRECTION('ref_axis',(-0.965925826289194,0.258819045102051,-1.18291797137882E-16));
#8541=DIRECTION('',(-0.965759739095869,0.258774542172727,0.0185435343118293));
#8542=DIRECTION('center_axis',(-1.22464679914735E-16,0.,1.));
#8543=DIRECTION('ref_axis',(1.00152674274174E-12,-1.,1.22651651975915E-28));
#8544=DIRECTION('',(-1.22464679914735E-16,0.,1.));
#8545=DIRECTION('',(-1.22464679914735E-16,0.,1.));
#8546=DIRECTION('center_axis',(0.0191974423996896,-6.02739438699089E-15,
0.999815712121644));
#8547=DIRECTION('ref_axis',(0.999815712121644,1.0013421735032E-12,-0.0191974423996896));
#8548=DIRECTION('center_axis',(-9.60425768765284E-13,1.,-1.17618234353704E-28));
#8549=DIRECTION('ref_axis',(1.,9.60425768765284E-13,1.22464679914735E-16));
#8550=DIRECTION('',(-1.22464679914735E-16,0.,1.));
#8551=DIRECTION('',(0.999815712121644,9.6024877393804E-13,-0.0191974423996896));
#8552=DIRECTION('center_axis',(-1.22464679914735E-16,0.,1.));
#8553=DIRECTION('ref_axis',(1.,9.52068631988491E-13,1.22464679914735E-16));
#8554=DIRECTION('',(-1.22464679914735E-16,0.,1.));
#8555=DIRECTION('center_axis',(0.0191974423996896,-6.02739438699089E-15,
0.999815712121644));
#8556=DIRECTION('ref_axis',(0.999815712121644,9.51893177280253E-13,-0.0191974423996896));
#8557=DIRECTION('center_axis',(-1.,-9.63077047630061E-13,-1.22464679914735E-16));
#8558=DIRECTION('ref_axis',(-9.63077047630061E-13,1.,-1.17942922371244E-28));
#8559=DIRECTION('',(1.22464679914735E-16,0.,-1.));
#8560=DIRECTION('',(-9.63077047630061E-13,1.,2.45205293716661E-14));
#8561=DIRECTION('center_axis',(-1.22464679914735E-16,0.,1.));
#8562=DIRECTION('ref_axis',(-8.22241091263123E-13,1.,-1.00695492054281E-28));
#8563=DIRECTION('',(-1.22464679914735E-16,0.,1.));
#8564=DIRECTION('center_axis',(0.0191974423996896,-6.02739438699089E-15,
0.999815712121644));
#8565=DIRECTION('ref_axis',(-0.999815712121644,-8.22089562196917E-13,0.0191974423996896));
#8566=DIRECTION('center_axis',(9.67053965927216E-13,-1.,1.18429954397552E-28));
#8567=DIRECTION('ref_axis',(-1.,-9.67053965927216E-13,-1.22464679914735E-16));
#8568=DIRECTION('',(-1.22464679914735E-16,0.,1.));
#8569=DIRECTION('',(-0.999815712121644,-9.66875749603579E-13,0.0191974423996896));
#8570=DIRECTION('center_axis',(-1.22464679914735E-16,0.,1.));
#8571=DIRECTION('ref_axis',(-1.,-9.27339576612172E-13,-1.22464679914735E-16));
#8572=DIRECTION('',(-1.22464679914735E-16,0.,1.));
#8573=DIRECTION('center_axis',(0.0191974423996896,-6.02739438699089E-15,
0.999815712121644));
#8574=DIRECTION('ref_axis',(-0.999815712121644,-9.27168679169083E-13,0.0191974423996896));
#8575=DIRECTION('center_axis',(1.,9.63739867346254E-13,1.22464679914735E-16));
#8576=DIRECTION('ref_axis',(9.63739867346254E-13,-1.,1.18024094375628E-28));
#8577=DIRECTION('',(9.63739867346254E-13,-1.,-2.4533256160382E-14));
#8578=DIRECTION('center_axis',(-1.22464679914735E-16,0.,1.));
#8579=DIRECTION('ref_axis',(-0.996194698091835,0.0871557427466407,-1.21998664834573E-16));
#8580=DIRECTION('',(-1.22464679914735E-16,0.,1.));
#8581=DIRECTION('',(-1.22464679914735E-16,0.,1.));
#8582=DIRECTION('center_axis',(0.0191974423996896,-6.02739438699089E-15,
0.999815712121644));
#8583=DIRECTION('ref_axis',(-0.999815712121644,3.01112515570752E-13,0.0191974423996896));
#8584=DIRECTION('center_axis',(0.996194698091831,-0.0871557427466779,1.21998664834573E-16));
#8585=DIRECTION('ref_axis',(-0.0871557427466779,-0.996194698091831,-1.06735001382029E-17));
#8586=DIRECTION('',(-1.22464679914735E-16,0.,1.));
#8587=DIRECTION('',(-0.0871556207061862,-0.996193303162628,0.00167347340917426));
#8588=DIRECTION('center_axis',(-1.22464679914735E-16,0.,1.));
#8589=DIRECTION('ref_axis',(-0.0871557427465024,-0.996194698091847,-1.06735001381814E-17));
#8590=DIRECTION('',(-1.22464679914735E-16,0.,1.));
#8591=DIRECTION('center_axis',(0.0191974423996896,-6.02739438699089E-15,
0.999815712121644));
#8592=DIRECTION('ref_axis',(-0.999815712121644,3.343722774344E-13,0.0191974423996896));
#8593=DIRECTION('center_axis',(0.0871557427466818,0.996194698091831,1.06735001382034E-17));
#8594=DIRECTION('ref_axis',(0.996194698091831,-0.0871557427466818,1.21998664834572E-16));
#8595=DIRECTION('',(1.22464679914735E-16,0.,-1.));
#8596=DIRECTION('',(0.996012505648485,-0.0871398029733092,-0.0191244171048108));
#8597=DIRECTION('center_axis',(-1.22464679914735E-16,0.,1.));
#8598=DIRECTION('ref_axis',(0.996194698091827,-0.0871557427467288,1.21998664834572E-16));
#8599=DIRECTION('',(-1.22464679914735E-16,0.,1.));
#8600=DIRECTION('center_axis',(0.0191974423996896,-6.02739438699089E-15,
0.999815712121644));
#8601=DIRECTION('ref_axis',(0.999815712121644,-3.0671415967407E-13,-0.0191974423996896));
#8602=DIRECTION('center_axis',(-0.996194698091831,0.0871557427466783,-1.21998664834572E-16));
#8603=DIRECTION('ref_axis',(0.0871557427466783,0.996194698091831,1.0673500138203E-17));
#8604=DIRECTION('',(-1.22464679914735E-16,0.,1.));
#8605=DIRECTION('',(0.0871556207061866,0.996193303162628,-0.00167347340917426));
#8606=DIRECTION('center_axis',(-1.22464679914735E-16,0.,1.));
#8607=DIRECTION('ref_axis',(0.0871557427466559,0.996194698091833,1.06735001382002E-17));
#8608=DIRECTION('',(-1.22464679914735E-16,0.,1.));
#8609=DIRECTION('center_axis',(0.0191974423996896,-6.02739438699089E-15,
0.999815712121644));
#8610=DIRECTION('ref_axis',(0.999815712121644,-3.00641687725999E-13,-0.0191974423996896));
#8611=DIRECTION('center_axis',(-0.0871557427466745,-0.996194698091832,-1.06735001382025E-17));
#8612=DIRECTION('ref_axis',(-0.996194698091832,0.0871557427466745,-1.21998664834573E-16));
#8613=DIRECTION('',(-0.996012505648486,0.0871398029733018,0.0191244171048109));
#8614=DIRECTION('center_axis',(-1.22464679914735E-16,0.,1.));
#8615=DIRECTION('ref_axis',(-1.,-9.27339576612172E-13,-1.22464679914735E-16));
#8616=DIRECTION('',(-1.22464679914735E-16,0.,1.));
#8617=DIRECTION('',(-1.22464679914735E-16,0.,1.));
#8618=DIRECTION('center_axis',(0.0191974423996896,-6.02739438699089E-15,
0.999815712121644));
#8619=DIRECTION('ref_axis',(-0.999815712121644,-9.27168679169083E-13,0.0191974423996896));
#8620=DIRECTION('center_axis',(1.,9.63739867346254E-13,1.22464679914735E-16));
#8621=DIRECTION('ref_axis',(9.63739867346254E-13,-1.,1.18024094375628E-28));
#8622=DIRECTION('',(-1.22464679914735E-16,0.,1.));
#8623=DIRECTION('',(9.63739867346254E-13,-1.,-2.4533256160382E-14));
#8624=DIRECTION('center_axis',(-1.22464679914735E-16,0.,1.));
#8625=DIRECTION('ref_axis',(1.02625579811809E-12,-1.,1.25680087827173E-28));
#8626=DIRECTION('',(-1.22464679914735E-16,0.,1.));
#8627=DIRECTION('center_axis',(0.0191974423996896,-6.02739438699089E-15,
0.999815712121644));
#8628=DIRECTION('ref_axis',(0.999815712121644,1.02606667161441E-12,-0.0191974423996896));
#8629=DIRECTION('center_axis',(-9.59762949049092E-13,1.,-1.17537062349319E-28));
#8630=DIRECTION('ref_axis',(1.,9.59762949049092E-13,1.22464679914735E-16));
#8631=DIRECTION('',(1.22464679914735E-16,0.,-1.));
#8632=DIRECTION('',(0.999815712121644,9.59586076371487E-13,-0.0191974423996896));
#8633=DIRECTION('center_axis',(-1.22464679914735E-16,0.,1.));
#8634=DIRECTION('ref_axis',(1.,9.27339576612149E-13,1.22464679914735E-16));
#8635=DIRECTION('',(-1.22464679914735E-16,0.,1.));
#8636=DIRECTION('center_axis',(0.0191974423996896,-6.02739438699089E-15,
0.999815712121644));
#8637=DIRECTION('ref_axis',(0.999815712121644,9.2716867916906E-13,-0.0191974423996896));
#8638=DIRECTION('center_axis',(-1.,-9.63739867346254E-13,-1.22464679914735E-16));
#8639=DIRECTION('ref_axis',(-9.63739867346254E-13,1.,-1.18024094375628E-28));
#8640=DIRECTION('',(-1.22464679914735E-16,0.,1.));
#8641=DIRECTION('',(-9.63739867346254E-13,1.,2.4533256160382E-14));
#8642=DIRECTION('center_axis',(-1.22464679914735E-16,0.,1.));
#8643=DIRECTION('ref_axis',(-8.03694299730862E-13,1.,-9.84241651658374E-29));
#8644=DIRECTION('',(-1.22464679914735E-16,0.,1.));
#8645=DIRECTION('center_axis',(0.0191974423996896,-6.02739438699089E-15,
0.999815712121644));
#8646=DIRECTION('ref_axis',(-0.999815712121644,-8.03546188613518E-13,0.0191974423996896));
#8647=DIRECTION('center_axis',(9.67053965927215E-13,-1.,1.18429954397552E-28));
#8648=DIRECTION('ref_axis',(-1.,-9.67053965927215E-13,-1.22464679914735E-16));
#8649=DIRECTION('',(-0.999815712121644,-9.66875749603578E-13,0.0191974423996896));
#8650=DIRECTION('center_axis',(0.978147600733565,0.207911690818893,1.19788532833202E-16));
#8651=DIRECTION('ref_axis',(0.207911690818893,-0.978147600733565,2.54618386666671E-17));
#8652=DIRECTION('',(-1.22464679914735E-16,0.,1.));
#8653=DIRECTION('',(0.207911690818893,-0.978147600733565,2.54618386666671E-17));
#8654=DIRECTION('',(-1.22464679914735E-16,0.,1.));
#8655=DIRECTION('center_axis',(-1.22464679914735E-16,0.,1.));
#8656=DIRECTION('ref_axis',(0.207911690819006,-0.978147600733541,2.5461838666681E-17));
#8657=DIRECTION('center_axis',(-1.22464679914735E-16,0.,1.));
#8658=DIRECTION('ref_axis',(0.207911690819006,-0.978147600733541,2.5461838666681E-17));
#8659=DIRECTION('',(-1.22464679914735E-16,0.,1.));
#8660=DIRECTION('center_axis',(-0.20791169081889,0.978147600733565,-2.54618386666668E-17));
#8661=DIRECTION('ref_axis',(0.978147600733565,0.20791169081889,1.19788532833202E-16));
#8662=DIRECTION('',(0.978147600733565,0.20791169081889,1.19788532833202E-16));
#8663=DIRECTION('',(0.977975130106865,0.207875031055489,-0.018778081801409));
#8664=DIRECTION('',(1.22464679914735E-16,0.,-1.));
#8665=DIRECTION('center_axis',(-1.22464679914735E-16,0.,1.));
#8666=DIRECTION('ref_axis',(0.978147600733554,0.207911690818946,1.19788532833201E-16));
#8667=DIRECTION('center_axis',(0.0191974423996896,-6.02739438699089E-15,
0.999815712121644));
#8668=DIRECTION('ref_axis',(0.999815712121644,-3.03671887445549E-13,-0.0191974423996896));
#8669=DIRECTION('',(-1.22464679914735E-16,0.,1.));
#8670=DIRECTION('center_axis',(-1.22464679914735E-16,0.,1.));
#8671=DIRECTION('ref_axis',(-1.,-9.27339576612172E-13,-1.22464679914735E-16));
#8672=DIRECTION('',(-1.22464679914735E-16,0.,1.));
#8673=DIRECTION('',(-1.22464679914735E-16,0.,1.));
#8674=DIRECTION('center_axis',(0.0191974423996896,-6.02739438699089E-15,
0.999815712121644));
#8675=DIRECTION('ref_axis',(-0.999815712121644,-9.27168679169083E-13,0.0191974423996896));
#8676=DIRECTION('center_axis',(1.,9.63739867346254E-13,1.22464679914735E-16));
#8677=DIRECTION('ref_axis',(9.63739867346254E-13,-1.,1.18024094375628E-28));
#8678=DIRECTION('',(-1.22464679914735E-16,0.,1.));
#8679=DIRECTION('',(9.63739867346254E-13,-1.,-2.4533256160382E-14));
#8680=DIRECTION('center_axis',(-1.22464679914735E-16,0.,1.));
#8681=DIRECTION('ref_axis',(1.02625579811809E-12,-1.,1.25680087827173E-28));
#8682=DIRECTION('',(-1.22464679914735E-16,0.,1.));
#8683=DIRECTION('center_axis',(0.0191974423996896,-6.02739438699089E-15,
0.999815712121644));
#8684=DIRECTION('ref_axis',(0.999815712121644,1.02606667161441E-12,-0.0191974423996896));
#8685=DIRECTION('center_axis',(-9.59762949049092E-13,1.,-1.17537062349319E-28));
#8686=DIRECTION('ref_axis',(1.,9.59762949049092E-13,1.22464679914735E-16));
#8687=DIRECTION('',(1.22464679914735E-16,0.,-1.));
#8688=DIRECTION('',(0.999815712121644,9.59586076371487E-13,-0.0191974423996896));
#8689=DIRECTION('center_axis',(-1.22464679914735E-16,0.,1.));
#8690=DIRECTION('ref_axis',(1.,9.27339576612155E-13,1.22464679914735E-16));
#8691=DIRECTION('',(-1.22464679914735E-16,0.,1.));
#8692=DIRECTION('center_axis',(0.0191974423996896,-6.02739438699089E-15,
0.999815712121644));
#8693=DIRECTION('ref_axis',(0.999815712121644,9.27168679169066E-13,-0.0191974423996896));
#8694=DIRECTION('center_axis',(-1.,-9.6307704763006E-13,-1.22464679914735E-16));
#8695=DIRECTION('ref_axis',(-9.6307704763006E-13,1.,-1.17942922371244E-28));
#8696=DIRECTION('',(-1.22464679914735E-16,0.,1.));
#8697=DIRECTION('',(-9.6307704763006E-13,1.,2.45205293716661E-14));
#8698=DIRECTION('center_axis',(-1.22464679914735E-16,0.,1.));
#8699=DIRECTION('ref_axis',(-8.22241091263123E-13,1.,-1.00695492054281E-28));
#8700=DIRECTION('',(-1.22464679914735E-16,0.,1.));
#8701=DIRECTION('center_axis',(0.0191974423996896,-6.02739438699089E-15,
0.999815712121644));
#8702=DIRECTION('ref_axis',(-0.999815712121644,-8.22089562196917E-13,0.0191974423996896));
#8703=DIRECTION('center_axis',(9.67053965927216E-13,-1.,1.18429954397552E-28));
#8704=DIRECTION('ref_axis',(-1.,-9.67053965927216E-13,-1.22464679914735E-16));
#8705=DIRECTION('',(-0.999815712121644,-9.66875749603579E-13,0.0191974423996896));
#8706=DIRECTION('center_axis',(-1.22464679914735E-16,0.,1.));
#8707=DIRECTION('ref_axis',(-1.,-9.02610521235859E-13,-1.22464679914735E-16));
#8708=DIRECTION('',(-1.22464679914735E-16,0.,1.));
#8709=DIRECTION('',(-1.22464679914735E-16,0.,1.));
#8710=DIRECTION('center_axis',(0.0191974423996896,-6.02739438699089E-15,
0.999815712121644));
#8711=DIRECTION('ref_axis',(-0.999815712121644,-9.02444181057919E-13,0.0191974423996896));
#8712=DIRECTION('center_axis',(1.,9.63077047630059E-13,1.22464679914735E-16));
#8713=DIRECTION('ref_axis',(9.63077047630059E-13,-1.,1.17942922371243E-28));
#8714=DIRECTION('',(-1.22464679914735E-16,0.,1.));
#8715=DIRECTION('',(9.63077047630059E-13,-1.,-2.45205293716661E-14));
#8716=DIRECTION('center_axis',(-1.22464679914735E-16,0.,1.));
#8717=DIRECTION('ref_axis',(1.00152674274174E-12,-1.,1.22651651975915E-28));
#8718=DIRECTION('',(-1.22464679914735E-16,0.,1.));
#8719=DIRECTION('center_axis',(0.0191974423996896,-6.02739438699089E-15,
0.999815712121644));
#8720=DIRECTION('ref_axis',(0.999815712121644,1.0013421735032E-12,-0.0191974423996896));
#8721=DIRECTION('center_axis',(-9.59762949049091E-13,1.,-1.17537062349319E-28));
#8722=DIRECTION('ref_axis',(1.,9.59762949049091E-13,1.22464679914735E-16));
#8723=DIRECTION('',(1.22464679914735E-16,0.,-1.));
#8724=DIRECTION('',(0.999815712121644,9.59586076371486E-13,-0.0191974423996896));
#8725=DIRECTION('center_axis',(-1.22464679914735E-16,0.,1.));
#8726=DIRECTION('ref_axis',(1.,9.27339576612155E-13,1.22464679914735E-16));
#8727=DIRECTION('',(-1.22464679914735E-16,0.,1.));
#8728=DIRECTION('center_axis',(0.0191974423996896,-6.02739438699089E-15,
0.999815712121644));
#8729=DIRECTION('ref_axis',(0.999815712121644,9.27168679169066E-13,-0.0191974423996896));
#8730=DIRECTION('center_axis',(-1.,-9.6307704763006E-13,-1.22464679914735E-16));
#8731=DIRECTION('ref_axis',(-9.6307704763006E-13,1.,-1.17942922371244E-28));
#8732=DIRECTION('',(-1.22464679914735E-16,0.,1.));
#8733=DIRECTION('',(-9.6307704763006E-13,1.,2.45205293716661E-14));
#8734=DIRECTION('center_axis',(-1.22464679914735E-16,0.,1.));
#8735=DIRECTION('ref_axis',(-7.85147508198607E-13,1.,-9.61528382773945E-29));
#8736=DIRECTION('',(-1.22464679914735E-16,0.,1.));
#8737=DIRECTION('center_axis',(0.0191974423996896,-6.02739438699089E-15,
0.999815712121644));
#8738=DIRECTION('ref_axis',(-0.999815712121644,-7.85002815030124E-13,0.0191974423996896));
#8739=DIRECTION('center_axis',(9.6639114621102E-13,-1.,1.18348782393167E-28));
#8740=DIRECTION('ref_axis',(-1.,-9.6639114621102E-13,-1.22464679914735E-16));
#8741=DIRECTION('',(-0.999815712121644,-9.66213052037023E-13,0.0191974423996896));
#8742=DIRECTION('center_axis',(-1.22464679914735E-16,0.,1.));
#8743=DIRECTION('ref_axis',(1.00152674274173E-12,-1.,1.22651651975913E-28));
#8744=DIRECTION('',(-1.22464679914735E-16,0.,1.));
#8745=DIRECTION('',(-1.22464679914735E-16,0.,1.));
#8746=DIRECTION('center_axis',(0.0191974423996896,-6.02739438699089E-15,
0.999815712121644));
#8747=DIRECTION('ref_axis',(0.999815712121644,1.0013421735032E-12,-0.0191974423996896));
#8748=DIRECTION('center_axis',(-9.60425768765285E-13,1.,-1.17618234353704E-28));
#8749=DIRECTION('ref_axis',(1.,9.60425768765285E-13,1.22464679914735E-16));
#8750=DIRECTION('',(-1.22464679914735E-16,0.,1.));
#8751=DIRECTION('',(0.999815712121644,9.60248773938041E-13,-0.0191974423996896));
#8752=DIRECTION('center_axis',(-1.22464679914735E-16,0.,1.));
#8753=DIRECTION('ref_axis',(1.,9.27339576612138E-13,1.22464679914735E-16));
#8754=DIRECTION('',(-1.22464679914735E-16,0.,1.));
#8755=DIRECTION('center_axis',(0.0191974423996896,-6.02739438699089E-15,
0.999815712121644));
#8756=DIRECTION('ref_axis',(0.999815712121644,9.27168679169048E-13,-0.0191974423996896));
#8757=DIRECTION('center_axis',(-1.,-9.63739867346254E-13,-1.22464679914735E-16));
#8758=DIRECTION('ref_axis',(-9.63739867346254E-13,1.,-1.18024094375628E-28));
#8759=DIRECTION('',(1.22464679914735E-16,0.,-1.));
#8760=DIRECTION('',(-9.63739867346254E-13,1.,2.4533256160382E-14));
#8761=DIRECTION('center_axis',(-1.22464679914735E-16,0.,1.));
#8762=DIRECTION('ref_axis',(-8.03694299730867E-13,1.,-9.8424165165838E-29));
#8763=DIRECTION('',(-1.22464679914735E-16,0.,1.));
#8764=DIRECTION('center_axis',(0.0191974423996896,-6.02739438699089E-15,
0.999815712121644));
#8765=DIRECTION('ref_axis',(-0.999815712121644,-8.03546188613523E-13,0.0191974423996896));
#8766=DIRECTION('center_axis',(9.67053965927215E-13,-1.,1.18429954397552E-28));
#8767=DIRECTION('ref_axis',(-1.,-9.67053965927215E-13,-1.22464679914735E-16));
#8768=DIRECTION('',(-1.22464679914735E-16,0.,1.));
#8769=DIRECTION('',(-0.999815712121644,-9.66875749603578E-13,0.0191974423996896));
#8770=DIRECTION('center_axis',(-1.22464679914735E-16,0.,1.));
#8771=DIRECTION('ref_axis',(-1.,-9.1497504892401E-13,-1.22464679914735E-16));
#8772=DIRECTION('',(-1.22464679914735E-16,0.,1.));
#8773=DIRECTION('center_axis',(0.0191974423996896,-6.02739438699089E-15,
0.999815712121644));
#8774=DIRECTION('ref_axis',(-0.999815712121644,-9.14806430113495E-13,0.0191974423996896));
#8775=DIRECTION('center_axis',(1.,9.63739867346253E-13,1.22464679914735E-16));
#8776=DIRECTION('ref_axis',(9.63739867346253E-13,-1.,1.18024094375628E-28));
#8777=DIRECTION('',(9.63739867346253E-13,-1.,-2.4533256160382E-14));
#8778=DIRECTION('center_axis',(-1.22464679914735E-16,0.,1.));
#8779=DIRECTION('ref_axis',(-0.965925826289191,0.258819045102063,-1.18291797137882E-16));
#8780=DIRECTION('',(-1.22464679914735E-16,0.,1.));
#8781=DIRECTION('',(-1.22464679914735E-16,0.,1.));
#8782=DIRECTION('center_axis',(0.0191974423996896,-6.02739438699089E-15,
0.999815712121644));
#8783=DIRECTION('ref_axis',(-0.999815712121644,3.07655815363768E-13,0.0191974423996896));
#8784=DIRECTION('center_axis',(0.965925826289211,-0.25881904510199,1.18291797137884E-16));
#8785=DIRECTION('ref_axis',(-0.25881904510199,-0.965925826289211,-3.16961915142526E-17));
#8786=DIRECTION('',(-1.22464679914735E-16,0.,1.));
#8787=DIRECTION('',(-0.258815849170334,-0.965913898909894,0.00496951817852997));
#8788=DIRECTION('center_axis',(-1.22464679914735E-16,0.,1.));
#8789=DIRECTION('ref_axis',(-0.258819045102038,-0.965925826289198,-3.16961915142585E-17));
#8790=DIRECTION('',(-1.22464679914735E-16,0.,1.));
#8791=DIRECTION('center_axis',(0.0191974423996896,-6.02739438699089E-15,
0.999815712121644));
#8792=DIRECTION('ref_axis',(-0.999815712121644,2.67526795968825E-13,0.0191974423996896));
#8793=DIRECTION('center_axis',(0.25881904510212,0.965925826289176,3.16961915142686E-17));
#8794=DIRECTION('ref_axis',(0.965925826289176,-0.25881904510212,1.1829179713788E-16));
#8795=DIRECTION('',(1.22464679914735E-16,0.,-1.));
#8796=DIRECTION('',(0.965759739095851,-0.258774542172796,-0.0185435343118289));
#8797=DIRECTION('center_axis',(-1.22464679914735E-16,0.,1.));
#8798=DIRECTION('ref_axis',(0.965925826289188,-0.258819045102074,1.18291797137882E-16));
#8799=DIRECTION('',(-1.22464679914735E-16,0.,1.));
#8800=DIRECTION('center_axis',(0.0191974423996896,-6.02739438699089E-15,
0.999815712121644));
#8801=DIRECTION('ref_axis',(0.999815712121644,-3.49330115891021E-13,-0.0191974423996896));
#8802=DIRECTION('center_axis',(-0.965925826289205,0.25881904510201,-1.18291797137884E-16));
#8803=DIRECTION('ref_axis',(0.25881904510201,0.965925826289205,3.16961915142551E-17));
#8804=DIRECTION('',(-1.22464679914735E-16,0.,1.));
#8805=DIRECTION('',(0.258815849170355,0.965913898909888,-0.00496951817853037));
#8806=DIRECTION('center_axis',(-1.22464679914735E-16,0.,1.));
#8807=DIRECTION('ref_axis',(0.258819045102068,0.96592582628919,3.16961915142622E-17));
#8808=DIRECTION('',(-1.22464679914735E-16,0.,1.));
#8809=DIRECTION('center_axis',(0.0191974423996896,-6.02739438699089E-15,
0.999815712121644));
#8810=DIRECTION('ref_axis',(0.999815712121644,-3.6681110869649E-13,-0.0191974423996896));
#8811=DIRECTION('center_axis',(-0.258819045102096,-0.965925826289182,-3.16961915142656E-17));
#8812=DIRECTION('ref_axis',(-0.965925826289182,0.258819045102096,-1.18291797137881E-16));
#8813=DIRECTION('',(-0.965759739095857,0.258774542172772,0.018543534311829));
#8814=DIRECTION('center_axis',(-1.22464679914735E-16,0.,1.));
#8815=DIRECTION('ref_axis',(1.01389127042992E-12,-1.,1.24165869901544E-28));
#8816=DIRECTION('',(-1.22464679914735E-16,0.,1.));
#8817=DIRECTION('',(-1.22464679914735E-16,0.,1.));
#8818=DIRECTION('center_axis',(0.0191974423996896,-6.02739438699089E-15,
0.999815712121644));
#8819=DIRECTION('ref_axis',(0.999815712121644,1.01370442255881E-12,-0.0191974423996896));
#8820=DIRECTION('center_axis',(-9.60425768765285E-13,1.,-1.17618234353704E-28));
#8821=DIRECTION('ref_axis',(1.,9.60425768765285E-13,1.22464679914735E-16));
#8822=DIRECTION('',(-1.22464679914735E-16,0.,1.));
#8823=DIRECTION('',(0.999815712121644,9.60248773938041E-13,-0.0191974423996896));
#8824=DIRECTION('center_axis',(-1.22464679914735E-16,0.,1.));
#8825=DIRECTION('ref_axis',(1.,9.52068631988491E-13,1.22464679914735E-16));
#8826=DIRECTION('',(-1.22464679914735E-16,0.,1.));
#8827=DIRECTION('center_axis',(0.0191974423996896,-6.02739438699089E-15,
0.999815712121644));
#8828=DIRECTION('ref_axis',(0.999815712121644,9.51893177280253E-13,-0.0191974423996896));
#8829=DIRECTION('center_axis',(-1.,-9.63077047630061E-13,-1.22464679914735E-16));
#8830=DIRECTION('ref_axis',(-9.63077047630061E-13,1.,-1.17942922371244E-28));
#8831=DIRECTION('',(1.22464679914735E-16,0.,-1.));
#8832=DIRECTION('',(-9.63077047630061E-13,1.,2.45205293716661E-14));
#8833=DIRECTION('center_axis',(-1.22464679914735E-16,0.,1.));
#8834=DIRECTION('ref_axis',(-8.22241091263123E-13,1.,-1.00695492054281E-28));
#8835=DIRECTION('',(-1.22464679914735E-16,0.,1.));
#8836=DIRECTION('center_axis',(0.0191974423996896,-6.02739438699089E-15,
0.999815712121644));
#8837=DIRECTION('ref_axis',(-0.999815712121644,-8.22089562196917E-13,0.0191974423996896));
#8838=DIRECTION('center_axis',(9.67053965927216E-13,-1.,1.18429954397552E-28));
#8839=DIRECTION('ref_axis',(-1.,-9.67053965927216E-13,-1.22464679914735E-16));
#8840=DIRECTION('',(-1.22464679914735E-16,0.,1.));
#8841=DIRECTION('',(-0.999815712121644,-9.6687574960358E-13,0.0191974423996896));
#8842=DIRECTION('center_axis',(-1.22464679914735E-16,0.,1.));
#8843=DIRECTION('ref_axis',(-1.,-9.5206863198852E-13,-1.22464679914735E-16));
#8844=DIRECTION('',(-1.22464679914735E-16,0.,1.));
#8845=DIRECTION('center_axis',(0.0191974423996896,-6.02739438699089E-15,
0.999815712121644));
#8846=DIRECTION('ref_axis',(-0.999815712121644,-9.51893177280282E-13,0.0191974423996896));
#8847=DIRECTION('center_axis',(1.,9.63077047630061E-13,1.22464679914735E-16));
#8848=DIRECTION('ref_axis',(9.63077047630061E-13,-1.,1.17942922371244E-28));
#8849=DIRECTION('',(9.63077047630061E-13,-1.,-2.45205293716661E-14));
#8850=DIRECTION('center_axis',(-1.22464679914735E-16,0.,1.));
#8851=DIRECTION('ref_axis',(-0.0871557427465096,-0.996194698091846,-1.06735001381823E-17));
#8852=DIRECTION('',(-1.22464679914735E-16,0.,1.));
#8853=DIRECTION('',(-1.22464679914735E-16,0.,1.));
#8854=DIRECTION('center_axis',(0.0191974423996896,-6.02739438699089E-15,
0.999815712121644));
#8855=DIRECTION('ref_axis',(-0.999815712121644,3.36714344150015E-13,0.0191974423996896));
#8856=DIRECTION('center_axis',(0.0871557427466817,0.996194698091831,1.06735001382034E-17));
#8857=DIRECTION('ref_axis',(0.996194698091831,-0.0871557427466817,1.21998664834572E-16));
#8858=DIRECTION('',(-1.22464679914735E-16,0.,1.));
#8859=DIRECTION('',(0.996012505648485,-0.0871398029733091,-0.0191244171048108));
#8860=DIRECTION('center_axis',(-1.22464679914735E-16,0.,1.));
#8861=DIRECTION('ref_axis',(0.996194698091827,-0.087155742746728,1.21998664834572E-16));
#8862=DIRECTION('',(-1.22464679914735E-16,0.,1.));
#8863=DIRECTION('center_axis',(0.0191974423996896,-6.02739438699089E-15,
0.999815712121644));
#8864=DIRECTION('ref_axis',(0.999815712121644,-3.05096443489059E-13,-0.0191974423996896));
#8865=DIRECTION('center_axis',(-0.996194698091831,0.0871557427466776,-1.21998664834573E-16));
#8866=DIRECTION('ref_axis',(0.0871557427466776,0.996194698091831,1.06735001382029E-17));
#8867=DIRECTION('',(1.22464679914735E-16,0.,-1.));
#8868=DIRECTION('',(0.087155620706186,0.996193303162628,-0.00167347340917425));
#8869=DIRECTION('center_axis',(-1.22464679914735E-16,0.,1.));
#8870=DIRECTION('ref_axis',(0.0871557427466601,0.996194698091833,1.06735001382007E-17));
#8871=DIRECTION('',(-1.22464679914735E-16,0.,1.));
#8872=DIRECTION('center_axis',(0.0191974423996896,-6.02739438699089E-15,
0.999815712121644));
#8873=DIRECTION('ref_axis',(0.999815712121644,-3.03032044476987E-13,-0.0191974423996896));
#8874=DIRECTION('center_axis',(-0.0871557427466744,-0.996194698091832,-1.06735001382025E-17));
#8875=DIRECTION('ref_axis',(-0.996194698091832,0.0871557427466744,-1.21998664834573E-16));
#8876=DIRECTION('',(-1.22464679914735E-16,0.,1.));
#8877=DIRECTION('',(-0.996012505648486,0.0871398029733018,0.0191244171048109));
#8878=DIRECTION('center_axis',(-1.22464679914735E-16,0.,1.));
#8879=DIRECTION('ref_axis',(-0.996194698091835,0.0871557427466357,-1.21998664834573E-16));
#8880=DIRECTION('',(-1.22464679914735E-16,0.,1.));
#8881=DIRECTION('center_axis',(0.0191974423996896,-6.02739438699089E-15,
0.999815712121644));
#8882=DIRECTION('ref_axis',(-0.999815712121644,3.03188987091812E-13,0.0191974423996896));
#8883=DIRECTION('center_axis',(0.996194698091831,-0.0871557427466779,1.21998664834573E-16));
#8884=DIRECTION('ref_axis',(-0.0871557427466779,-0.996194698091831,-1.06735001382029E-17));
#8885=DIRECTION('',(-0.0871556207061862,-0.996193303162628,0.00167347340917426));
#8886=DIRECTION('center_axis',(-1.22464679914735E-16,0.,1.));
#8887=DIRECTION('ref_axis',(-1.,-9.27339576612184E-13,-1.22464679914735E-16));
#8888=DIRECTION('',(-1.22464679914735E-16,0.,1.));
#8889=DIRECTION('',(-1.22464679914735E-16,0.,1.));
#8890=DIRECTION('center_axis',(0.0191974423996896,-6.02739438699089E-15,
0.999815712121644));
#8891=DIRECTION('ref_axis',(-0.999815712121644,-9.27168679169095E-13,0.0191974423996896));
#8892=DIRECTION('center_axis',(1.,9.63739867346254E-13,1.22464679914735E-16));
#8893=DIRECTION('ref_axis',(9.63739867346254E-13,-1.,1.18024094375628E-28));
#8894=DIRECTION('',(-1.22464679914735E-16,0.,1.));
#8895=DIRECTION('',(9.63739867346254E-13,-1.,-2.4533256160382E-14));
#8896=DIRECTION('center_axis',(-1.22464679914735E-16,0.,1.));
#8897=DIRECTION('ref_axis',(1.03862032580626E-12,-1.,1.27194305752802E-28));
#8898=DIRECTION('',(-1.22464679914735E-16,0.,1.));
#8899=DIRECTION('center_axis',(0.0191974423996896,-6.02739438699089E-15,
0.999815712121644));
#8900=DIRECTION('ref_axis',(0.999815712121644,1.03842892067E-12,-0.0191974423996896));
#8901=DIRECTION('center_axis',(-1.22464679914735E-16,0.,1.));
#8902=DIRECTION('ref_axis',(1.,9.27339576612155E-13,1.22464679914735E-16));
#8903=DIRECTION('',(-1.22464679914735E-16,0.,1.));
#8904=DIRECTION('',(1.22464679914735E-16,0.,-1.));
#8905=DIRECTION('center_axis',(0.0191974423996896,-6.02739438699089E-15,
0.999815712121644));
#8906=DIRECTION('ref_axis',(0.999815712121644,9.27168679169066E-13,-0.0191974423996896));
#8907=DIRECTION('center_axis',(-1.,-9.6307704763006E-13,-1.22464679914735E-16));
#8908=DIRECTION('ref_axis',(-9.6307704763006E-13,1.,-1.17942922371244E-28));
#8909=DIRECTION('',(-1.22464679914735E-16,0.,1.));
#8910=DIRECTION('',(-9.6307704763006E-13,1.,2.45205293716661E-14));
#8911=DIRECTION('center_axis',(-1.22464679914735E-16,0.,1.));
#8912=DIRECTION('ref_axis',(-7.85147508198607E-13,1.,-9.61528382773945E-29));
#8913=DIRECTION('',(-1.22464679914735E-16,0.,1.));
#8914=DIRECTION('center_axis',(0.0191974423996896,-6.02739438699089E-15,
0.999815712121644));
#8915=DIRECTION('ref_axis',(-0.999815712121644,-7.85002815030124E-13,0.0191974423996896));
#8916=DIRECTION('center_axis',(9.66391146211021E-13,-1.,1.18348782393167E-28));
#8917=DIRECTION('ref_axis',(-1.,-9.66391146211021E-13,-1.22464679914735E-16));
#8918=DIRECTION('',(-0.999815712121644,-9.66213052037024E-13,0.0191974423996896));
#8919=DIRECTION('center_axis',(-1.22464679914735E-16,0.,1.));
#8920=DIRECTION('ref_axis',(0.906307787036187,0.422618261741692,1.10990693043619E-16));
#8921=DIRECTION('',(1.22464679914735E-16,0.,-1.));
#8922=DIRECTION('center_axis',(-1.22464679914735E-16,0.,1.));
#8923=DIRECTION('ref_axis',(0.906307787036187,0.422618261741692,1.10990693043619E-16));
#8924=DIRECTION('',(-1.22464679914735E-16,0.,1.));
#8925=DIRECTION('center_axis',(-0.906307787036191,-0.422618261741684,-1.10990693043619E-16));
#8926=DIRECTION('ref_axis',(-0.422618261741684,0.906307787036191,-5.17558101503172E-17));
#8927=DIRECTION('',(-0.422618261741684,0.906307787036191,-5.17558101503172E-17));
#8928=DIRECTION('',(-1.22464679914735E-16,0.,1.));
#8929=DIRECTION('center_axis',(-1.22464679914735E-16,0.,1.));
#8930=DIRECTION('ref_axis',(-0.422618261741647,0.906307787036208,-5.17558101503126E-17));
#8931=DIRECTION('center_axis',(-1.22464679914735E-16,0.,1.));
#8932=DIRECTION('ref_axis',(-0.422618261741647,0.906307787036208,-5.17558101503126E-17));
#8933=DIRECTION('',(-1.22464679914735E-16,0.,1.));
#8934=DIRECTION('center_axis',(0.422618261741689,-0.906307787036189,5.17558101503178E-17));
#8935=DIRECTION('ref_axis',(-0.906307787036189,-0.422618261741689,-1.10990693043619E-16));
#8936=DIRECTION('',(-0.906307787036189,-0.422618261741689,-1.10990693043619E-16));
#8937=DIRECTION('',(-1.22464679914735E-16,0.,1.));
#8938=DIRECTION('center_axis',(-1.22464679914735E-16,0.,1.));
#8939=DIRECTION('ref_axis',(-1.,-9.27339576612184E-13,-1.22464679914735E-16));
#8940=DIRECTION('',(-1.22464679914735E-16,0.,1.));
#8941=DIRECTION('',(-1.22464679914735E-16,0.,1.));
#8942=DIRECTION('center_axis',(0.0191974423996896,-6.02739438699089E-15,
0.999815712121644));
#8943=DIRECTION('ref_axis',(-0.999815712121644,-9.27168679169095E-13,0.0191974423996896));
#8944=DIRECTION('center_axis',(1.,9.63739867346254E-13,1.22464679914735E-16));
#8945=DIRECTION('ref_axis',(9.63739867346254E-13,-1.,1.18024094375628E-28));
#8946=DIRECTION('',(-1.22464679914735E-16,0.,1.));
#8947=DIRECTION('',(9.63739867346254E-13,-1.,-2.4533256160382E-14));
#8948=DIRECTION('center_axis',(-1.22464679914735E-16,0.,1.));
#8949=DIRECTION('ref_axis',(1.00152674274174E-12,-1.,1.22651651975915E-28));
#8950=DIRECTION('',(-1.22464679914735E-16,0.,1.));
#8951=DIRECTION('center_axis',(0.0191974423996896,-6.02739438699089E-15,
0.999815712121644));
#8952=DIRECTION('ref_axis',(0.999815712121644,1.0013421735032E-12,-0.0191974423996896));
#8953=DIRECTION('center_axis',(-1.22464679914735E-16,0.,1.));
#8954=DIRECTION('ref_axis',(-8.28423355107212E-13,1.,-1.01452601017096E-28));
#8955=DIRECTION('',(-1.22464679914735E-16,0.,1.));
#8956=DIRECTION('',(-1.22464679914735E-16,0.,1.));
#8957=DIRECTION('center_axis',(0.0191974423996896,-6.02739438699089E-15,
0.999815712121644));
#8958=DIRECTION('ref_axis',(-0.999815712121644,-8.28270686724719E-13,0.0191974423996896));
#8959=DIRECTION('center_axis',(9.66391146211022E-13,-1.,1.18348782393167E-28));
#8960=DIRECTION('ref_axis',(-1.,-9.66391146211022E-13,-1.22464679914735E-16));
#8961=DIRECTION('',(-0.999815712121644,-9.66213052037025E-13,0.0191974423996896));
#8962=DIRECTION('center_axis',(-1.22464679914735E-16,0.,1.));
#8963=DIRECTION('ref_axis',(-0.0871557427464973,-0.996194698091847,-1.06735001381808E-17));
#8964=DIRECTION('',(-1.22464679914735E-16,0.,1.));
#8965=DIRECTION('',(-1.22464679914735E-16,0.,1.));
#8966=DIRECTION('center_axis',(0.0191974423996896,-6.02739438699089E-15,
0.999815712121644));
#8967=DIRECTION('ref_axis',(-0.999815712121644,3.36605691570425E-13,0.0191974423996896));
#8968=DIRECTION('center_axis',(0.0871557427466819,0.996194698091831,1.06735001382034E-17));
#8969=DIRECTION('ref_axis',(0.996194698091831,-0.0871557427466819,1.21998664834572E-16));
#8970=DIRECTION('',(-1.22464679914735E-16,0.,1.));
#8971=DIRECTION('',(0.996012505648485,-0.0871398029733092,-0.0191244171048108));
#8972=DIRECTION('center_axis',(-1.22464679914735E-16,0.,1.));
#8973=DIRECTION('ref_axis',(0.996194698091829,-0.0871557427466984,1.21998664834572E-16));
#8974=DIRECTION('',(-1.22464679914735E-16,0.,1.));
#8975=DIRECTION('center_axis',(0.0191974423996896,-6.02739438699089E-15,
0.999815712121644));
#8976=DIRECTION('ref_axis',(0.999815712121644,-3.06774522218289E-13,-0.0191974423996896));
#8977=DIRECTION('center_axis',(-0.996194698091831,0.0871557427466779,-1.21998664834573E-16));
#8978=DIRECTION('ref_axis',(0.0871557427466779,0.996194698091831,1.06735001382029E-17));
#8979=DIRECTION('',(1.22464679914735E-16,0.,-1.));
#8980=DIRECTION('',(0.0871556207061862,0.996193303162628,-0.00167347340917426));
#8981=DIRECTION('center_axis',(-1.22464679914735E-16,0.,1.));
#8982=DIRECTION('ref_axis',(0.0871557427466595,0.996194698091833,1.06735001382007E-17));
#8983=DIRECTION('',(-1.22464679914735E-16,0.,1.));
#8984=DIRECTION('center_axis',(0.0191974423996896,-6.02739438699089E-15,
0.999815712121644));
#8985=DIRECTION('ref_axis',(0.999815712121644,-3.0182479359265E-13,-0.0191974423996896));
#8986=DIRECTION('center_axis',(-0.0871557427466744,-0.996194698091832,-1.06735001382025E-17));
#8987=DIRECTION('ref_axis',(-0.996194698091832,0.0871557427466744,-1.21998664834573E-16));
#8988=DIRECTION('',(-1.22464679914735E-16,0.,1.));
#8989=DIRECTION('',(-0.996012505648486,0.0871398029733018,0.0191244171048109));
#8990=DIRECTION('center_axis',(-1.22464679914735E-16,0.,1.));
#8991=DIRECTION('ref_axis',(-0.996194698091832,0.0871557427466669,-1.21998664834573E-16));
#8992=DIRECTION('',(-1.22464679914735E-16,0.,1.));
#8993=DIRECTION('center_axis',(0.0191974423996896,-6.02739438699089E-15,
0.999815712121644));
#8994=DIRECTION('ref_axis',(-0.999815712121644,3.04710123206075E-13,0.0191974423996896));
#8995=DIRECTION('center_axis',(0.996194698091831,-0.0871557427466779,1.21998664834573E-16));
#8996=DIRECTION('ref_axis',(-0.0871557427466779,-0.996194698091831,-1.06735001382029E-17));
#8997=DIRECTION('',(-0.0871556207061862,-0.996193303162628,0.00167347340917426));
#8998=DIRECTION('center_axis',(-1.22464679914735E-16,0.,1.));
#8999=DIRECTION('ref_axis',(-1.,-9.5206863198852E-13,-1.22464679914735E-16));
#9000=DIRECTION('',(-1.22464679914735E-16,0.,1.));
#9001=DIRECTION('',(-1.22464679914735E-16,0.,1.));
#9002=DIRECTION('center_axis',(0.0191974423996896,-6.02739438699089E-15,
0.999815712121644));
#9003=DIRECTION('ref_axis',(-0.999815712121644,-9.51893177280282E-13,0.0191974423996896));
#9004=DIRECTION('center_axis',(1.,9.63077047630061E-13,1.22464679914735E-16));
#9005=DIRECTION('ref_axis',(9.63077047630061E-13,-1.,1.17942922371244E-28));
#9006=DIRECTION('',(-1.22464679914735E-16,0.,1.));
#9007=DIRECTION('',(9.63077047630061E-13,-1.,-2.45205293716661E-14));
#9008=DIRECTION('center_axis',(-1.22464679914735E-16,0.,1.));
#9009=DIRECTION('ref_axis',(1.00152674274174E-12,-1.,1.22651651975915E-28));
#9010=DIRECTION('',(-1.22464679914735E-16,0.,1.));
#9011=DIRECTION('center_axis',(0.0191974423996896,-6.02739438699089E-15,
0.999815712121644));
#9012=DIRECTION('ref_axis',(0.999815712121644,1.0013421735032E-12,-0.0191974423996896));
#9013=DIRECTION('center_axis',(-9.59762949049091E-13,1.,-1.17537062349319E-28));
#9014=DIRECTION('ref_axis',(1.,9.59762949049091E-13,1.22464679914735E-16));
#9015=DIRECTION('',(1.22464679914735E-16,0.,-1.));
#9016=DIRECTION('',(0.999815712121644,9.59586076371486E-13,-0.0191974423996896));
#9017=DIRECTION('center_axis',(-1.22464679914735E-16,0.,1.));
#9018=DIRECTION('ref_axis',(1.,9.27339576612155E-13,1.22464679914735E-16));
#9019=DIRECTION('',(-1.22464679914735E-16,0.,1.));
#9020=DIRECTION('center_axis',(0.0191974423996896,-6.02739438699089E-15,
0.999815712121644));
#9021=DIRECTION('ref_axis',(0.999815712121644,9.27168679169066E-13,-0.0191974423996896));
#9022=DIRECTION('center_axis',(-1.,-9.6307704763006E-13,-1.22464679914735E-16));
#9023=DIRECTION('ref_axis',(-9.6307704763006E-13,1.,-1.17942922371244E-28));
#9024=DIRECTION('',(-1.22464679914735E-16,0.,1.));
#9025=DIRECTION('',(-9.6307704763006E-13,1.,2.45205293716661E-14));
#9026=DIRECTION('center_axis',(-1.22464679914735E-16,0.,1.));
#9027=DIRECTION('ref_axis',(-8.22241091263123E-13,1.,-1.00695492054281E-28));
#9028=DIRECTION('',(-1.22464679914735E-16,0.,1.));
#9029=DIRECTION('center_axis',(0.0191974423996896,-6.02739438699089E-15,
0.999815712121644));
#9030=DIRECTION('ref_axis',(-0.999815712121644,-8.22089562196917E-13,0.0191974423996896));
#9031=DIRECTION('center_axis',(9.67053965927216E-13,-1.,1.18429954397552E-28));
#9032=DIRECTION('ref_axis',(-1.,-9.67053965927216E-13,-1.22464679914735E-16));
#9033=DIRECTION('',(-0.999815712121644,-9.6687574960358E-13,0.0191974423996896));
#9034=DIRECTION('center_axis',(-1.22464679914735E-16,0.,1.));
#9035=DIRECTION('ref_axis',(-0.965925826289194,0.258819045102052,-1.18291797137882E-16));
#9036=DIRECTION('',(-1.22464679914735E-16,0.,1.));
#9037=DIRECTION('',(-1.22464679914735E-16,0.,1.));
#9038=DIRECTION('center_axis',(0.0191974423996896,-6.02739438699089E-15,
0.999815712121644));
#9039=DIRECTION('ref_axis',(-0.999815712121644,3.06013954161074E-13,0.0191974423996896));
#9040=DIRECTION('center_axis',(0.965925826289211,-0.25881904510199,1.18291797137884E-16));
#9041=DIRECTION('ref_axis',(-0.25881904510199,-0.965925826289211,-3.16961915142526E-17));
#9042=DIRECTION('',(-1.22464679914735E-16,0.,1.));
#9043=DIRECTION('',(-0.258815849170334,-0.965913898909894,0.00496951817852997));
#9044=DIRECTION('center_axis',(-1.22464679914735E-16,0.,1.));
#9045=DIRECTION('ref_axis',(-0.258819045102038,-0.965925826289198,-3.16961915142585E-17));
#9046=DIRECTION('',(-1.22464679914735E-16,0.,1.));
#9047=DIRECTION('center_axis',(0.0191974423996896,-6.02739438699089E-15,
0.999815712121644));
#9048=DIRECTION('ref_axis',(-0.999815712121644,2.6202173193625E-13,0.0191974423996896));
#9049=DIRECTION('center_axis',(0.25881904510212,0.965925826289176,3.16961915142686E-17));
#9050=DIRECTION('ref_axis',(0.965925826289176,-0.25881904510212,1.1829179713788E-16));
#9051=DIRECTION('',(1.22464679914735E-16,0.,-1.));
#9052=DIRECTION('',(0.965759739095851,-0.258774542172796,-0.0185435343118289));
#9053=DIRECTION('center_axis',(-1.22464679914735E-16,0.,1.));
#9054=DIRECTION('ref_axis',(0.965925826289189,-0.258819045102072,1.18291797137882E-16));
#9055=DIRECTION('',(-1.22464679914735E-16,0.,1.));
#9056=DIRECTION('center_axis',(0.0191974423996896,-6.02739438699089E-15,
0.999815712121644));
#9057=DIRECTION('ref_axis',(0.999815712121644,-3.44790852565921E-13,-0.0191974423996896));
#9058=DIRECTION('center_axis',(-0.965925826289205,0.25881904510201,-1.18291797137884E-16));
#9059=DIRECTION('ref_axis',(0.25881904510201,0.965925826289205,3.16961915142551E-17));
#9060=DIRECTION('',(-1.22464679914735E-16,0.,1.));
#9061=DIRECTION('',(0.258815849170354,0.965913898909888,-0.00496951817853037));
#9062=DIRECTION('center_axis',(-1.22464679914735E-16,0.,1.));
#9063=DIRECTION('ref_axis',(0.258819045102071,0.965925826289189,3.16961915142626E-17));
#9064=DIRECTION('',(-1.22464679914735E-16,0.,1.));
#9065=DIRECTION('center_axis',(0.0191974423996896,-6.02739438699089E-15,
0.999815712121644));
#9066=DIRECTION('ref_axis',(0.999815712121644,-3.78207557044626E-13,-0.0191974423996896));
#9067=DIRECTION('center_axis',(-0.258819045102097,-0.965925826289182,-3.16961915142658E-17));
#9068=DIRECTION('ref_axis',(-0.965925826289182,0.258819045102097,-1.18291797137881E-16));
#9069=DIRECTION('',(-0.965759739095857,0.258774542172772,0.018543534311829));
#9070=DIRECTION('center_axis',(0.,-1.,0.));
#9071=DIRECTION('ref_axis',(1.22464679914735E-16,0.,-1.));
#9072=DIRECTION('',(1.22464679914735E-16,0.,-1.));
#9073=DIRECTION('',(1.,0.,1.22464679914735E-16));
#9074=DIRECTION('',(-1.22464679914735E-16,0.,1.));
#9075=DIRECTION('',(1.,0.,1.22464679914735E-16));
#9076=DIRECTION('center_axis',(-1.,0.,-1.22464679914735E-16));
#9077=DIRECTION('ref_axis',(1.22464679914735E-16,0.,-1.));
#9078=DIRECTION('center_axis',(-1.,-3.38006267395436E-12,-1.22464679914735E-16));
#9079=DIRECTION('ref_axis',(1.22464679914735E-16,0.,-1.));
#9080=DIRECTION('center_axis',(1.,3.38622690664397E-12,1.22464679914735E-16));
#9081=DIRECTION('ref_axis',(1.22464679914735E-16,0.,-1.));
#9082=DIRECTION('center_axis',(1.,3.38622690664397E-12,1.22464679914735E-16));
#9083=DIRECTION('ref_axis',(-3.38622690664397E-12,1.,-4.14693194240818E-28));
#9084=DIRECTION('center_axis',(1.,3.38622690664397E-12,1.22464679914735E-16));
#9085=DIRECTION('ref_axis',(-3.38622690664397E-12,1.,3.97799780810277E-15));
#9086=DIRECTION('',(3.38622690664397E-12,-1.,4.14693194240818E-28));
#9087=DIRECTION('center_axis',(-1.,-3.38622690664397E-12,-1.22464679914735E-16));
#9088=DIRECTION('ref_axis',(-3.38622690664397E-12,1.,-4.14693194240818E-28));
#9089=DIRECTION('',(-1.22464679914735E-16,0.,1.));
#9090=DIRECTION('center_axis',(1.,3.38622690664397E-12,1.22464679914735E-16));
#9091=DIRECTION('ref_axis',(1.22464679914735E-16,0.,-1.));
#9092=DIRECTION('',(-3.38622690664397E-12,1.,-4.14693194240818E-28));
#9093=DIRECTION('center_axis',(1.,3.38622690664397E-12,1.22464679914735E-16));
#9094=DIRECTION('ref_axis',(3.38622690664397E-12,-1.,-3.61636164372972E-15));
#9095=DIRECTION('',(1.22464680022149E-16,-3.17206578464328E-14,-1.));
#9096=DIRECTION('center_axis',(1.,3.38622690664397E-12,1.22464679914735E-16));
#9097=DIRECTION('ref_axis',(-1.22464679914735E-16,0.,1.));
#9098=DIRECTION('',(3.38622690664397E-12,-1.,-8.75570208694503E-16));
#9099=DIRECTION('center_axis',(1.22464679914735E-16,0.,-1.));
#9100=DIRECTION('ref_axis',(-1.,0.,-1.22464679914735E-16));
#9101=DIRECTION('center_axis',(-1.22464679914735E-16,0.,1.));
#9102=DIRECTION('ref_axis',(-1.,0.,-1.22464679914735E-16));
#9103=DIRECTION('center_axis',(1.22464679914735E-16,0.,-1.));
#9104=DIRECTION('ref_axis',(-1.,0.,-1.22464679914735E-16));
#9105=DIRECTION('',(1.22464679914735E-16,0.,-1.));
#9106=DIRECTION('center_axis',(1.22464679914735E-16,0.,-1.));
#9107=DIRECTION('ref_axis',(-1.,0.,-1.22464679914735E-16));
#9108=DIRECTION('',(-1.22464679914735E-16,0.,1.));
#9109=DIRECTION('center_axis',(0.0191974423996896,-6.02739438699089E-15,
0.999815712121644));
#9110=DIRECTION('ref_axis',(-0.999815712121644,0.,0.0191974423996896));
#9111=DIRECTION('center_axis',(-1.22464679914735E-16,0.,1.));
#9112=DIRECTION('ref_axis',(-1.,0.,-1.22464679914735E-16));
#9113=DIRECTION('',(1.22464679914735E-16,0.,-1.));
#9114=DIRECTION('',(1.22464679914735E-16,0.,-1.));
#9115=DIRECTION('center_axis',(-1.22464679914735E-16,0.,1.));
#9116=DIRECTION('ref_axis',(-1.,0.,-1.22464679914735E-16));
#9117=DIRECTION('center_axis',(1.22464679914735E-16,0.,-1.));
#9118=DIRECTION('ref_axis',(-1.,0.,-1.22464679914735E-16));
#9119=DIRECTION('center_axis',(8.7788324927087E-11,1.,1.07509691124465E-26));
#9120=DIRECTION('ref_axis',(-1.,8.7788324927087E-11,-1.22464679914735E-16));
#9121=DIRECTION('',(-1.22464679914735E-16,0.,1.));
#9122=DIRECTION('center_axis',(1.22464679914735E-16,0.,-1.));
#9123=DIRECTION('ref_axis',(-2.07186658756551E-5,-0.999999999785368,-2.53730478472245E-21));
#9124=DIRECTION('',(-1.22464679914735E-16,0.,1.));
#9125=DIRECTION('center_axis',(-0.999999960948739,-0.00027946828101685,
-1.22464675132335E-16));
#9126=DIRECTION('ref_axis',(0.00027946828101685,-0.999999960948739,3.42249935810498E-20));
#9127=DIRECTION('',(-1.22464679914735E-16,0.,1.));
#9128=DIRECTION('center_axis',(1.22464679914735E-16,0.,-1.));
#9129=DIRECTION('ref_axis',(-0.965906511621251,0.258891117668539,-1.18289431773255E-16));
#9130=DIRECTION('',(-1.22464679914735E-16,0.,1.));
#9131=DIRECTION('center_axis',(-0.965925820034637,0.258819068444375,-1.1829179637192E-16));
#9132=DIRECTION('ref_axis',(-0.258819068444375,-0.965925820034637,-3.16961943728704E-17));
#9133=DIRECTION('',(1.22464679914735E-16,0.,-1.));
#9134=DIRECTION('center_axis',(1.22464679914735E-16,0.,-1.));
#9135=DIRECTION('ref_axis',(0.961722420232893,-0.274025521478177,1.17777028360646E-16));
#9136=DIRECTION('',(1.22464679914735E-16,0.,-1.));
#9137=DIRECTION('center_axis',(-0.258819161865284,-0.965925795002573,-3.16962058136321E-17));
#9138=DIRECTION('ref_axis',(0.965925795002573,-0.258819161865284,1.18291793306376E-16));
#9139=DIRECTION('',(-1.22464679914735E-16,0.,1.));
#9140=DIRECTION('center_axis',(1.22464679914735E-16,0.,-1.));
#9141=DIRECTION('ref_axis',(-0.999999702286611,0.000771638963697421,-1.2246464345536E-16));
#9142=DIRECTION('',(-1.22464679914735E-16,0.,1.));
#9143=DIRECTION('center_axis',(-0.999999640945197,0.000847413404341212,
-1.22464635943204E-16));
#9144=DIRECTION('ref_axis',(-0.000847413404341212,-0.999999640945197,-1.03778211318103E-19));
#9145=DIRECTION('',(-1.22464679914735E-16,0.,1.));
#9146=DIRECTION('center_axis',(1.22464679914735E-16,0.,-1.));
#9147=DIRECTION('ref_axis',(0.999995507652012,-0.00299744487771072,1.22464129760777E-16));
#9148=DIRECTION('',(-1.22464679914735E-16,0.,1.));
#9149=DIRECTION('center_axis',(2.9998935045963E-11,-1.,3.67380997818679E-27));
#9150=DIRECTION('ref_axis',(1.,2.9998935045963E-11,1.22464679914735E-16));
#9151=DIRECTION('',(-1.22464679914735E-16,0.,1.));
#9152=DIRECTION('center_axis',(1.22464679914735E-16,0.,-1.));
#9153=DIRECTION('ref_axis',(-0.984819477640742,-0.173581670862495,-1.2060560210307E-16));
#9154=DIRECTION('',(-1.22464679914735E-16,0.,1.));
#9155=DIRECTION('center_axis',(-0.984807695659806,-0.173648502928254,-1.20604159226546E-16));
#9156=DIRECTION('ref_axis',(0.173648502928254,-0.984807695659806,2.12658083287816E-17));
#9157=DIRECTION('center_axis',(0.999953194125403,0.00967520327453463,1.22458947848285E-16));
#9158=DIRECTION('ref_axis',(-0.00967520327453463,0.999953194125403,-1.18487067212588E-18));
#9159=DIRECTION('',(0.00967520327453463,-0.999953194125403,1.18487067212588E-18));
#9160=DIRECTION('',(1.22464679914735E-16,0.,-1.));
#9161=DIRECTION('center_axis',(1.,0.,1.22464679914735E-16));
#9162=DIRECTION('ref_axis',(1.22464679914735E-16,0.,-1.));
#9163=DIRECTION('center_axis',(-1.,-3.38006267395436E-12,-1.22464679914735E-16));
#9164=DIRECTION('ref_axis',(1.22464679914735E-16,0.,-1.));
#9165=DIRECTION('',(1.,0.,1.22464679914735E-16));
#9166=DIRECTION('',(1.,0.,1.22464679914735E-16));
#9167=DIRECTION('center_axis',(-1.22464679914735E-16,0.,1.));
#9168=DIRECTION('ref_axis',(-1.,0.,-1.22464679914735E-16));
#9169=DIRECTION('',(-1.,0.,-1.22464679914735E-16));
#9170=DIRECTION('',(-3.38006267395436E-12,1.,-4.13938293457565E-28));
#9171=DIRECTION('center_axis',(-1.,0.,-1.22464679914735E-16));
#9172=DIRECTION('ref_axis',(4.42876571155336E-31,-1.,-3.61636164373013E-15));
#9173=DIRECTION('center_axis',(-1.,-3.38006267395436E-12,-1.22464679914735E-16));
#9174=DIRECTION('ref_axis',(3.38006267395436E-12,-1.,-3.61636164372972E-15));
#9175=DIRECTION('',(1.,0.,1.22464679914735E-16));
#9176=DIRECTION('center_axis',(3.88466020984823E-30,1.,-3.17206578464328E-14));
#9177=DIRECTION('ref_axis',(-1.22464679914735E-16,3.17206578464328E-14,
1.));
#9178=DIRECTION('',(-1.22464680021953E-16,3.17206578464328E-14,1.));
#9179=DIRECTION('',(1.,0.,1.22464679914735E-16));
#9180=DIRECTION('center_axis',(1.22464679914735E-16,0.,-1.));
#9181=DIRECTION('ref_axis',(-0.412317422975979,0.911040253068133,-5.04943212280218E-17));
#9182=DIRECTION('center_axis',(0.0195489107487316,-6.13494317595398E-15,
0.999808901785005));
#9183=DIRECTION('ref_axis',(-0.999808901785005,3.161701271277E-13,0.0195489107487316));
#9184=DIRECTION('center_axis',(-1.22464679914735E-16,0.,1.));
#9185=DIRECTION('ref_axis',(-0.341367870760908,0.939929772276718,-4.18055070259094E-17));
#9186=DIRECTION('',(-1.22464679914735E-16,0.,1.));
#9187=DIRECTION('center_axis',(1.22464679914735E-16,0.,-1.));
#9188=DIRECTION('ref_axis',(-0.412317422975979,0.911040253068133,-5.04943212280218E-17));
#9189=DIRECTION('',(-1.22464679914735E-16,0.,1.));
#9190=DIRECTION('center_axis',(-0.258819162012211,-0.965925794963204,-3.16962058316254E-17));
#9191=DIRECTION('ref_axis',(0.965925794963204,-0.258819162012211,1.18291793301555E-16));
#9192=DIRECTION('',(0.965759707786035,-0.258774659065671,-0.0185435337106498));
#9193=DIRECTION('',(-1.22464679914735E-16,0.,1.));
#9194=DIRECTION('',(-1.22464679914735E-16,0.,1.));
#9195=DIRECTION('center_axis',(1.22464679914735E-16,0.,-1.));
#9196=DIRECTION('ref_axis',(-0.258895083280445,-0.96590544871287,-3.17055035054385E-17));
#9197=DIRECTION('center_axis',(0.0670388198964664,-2.09982938517125E-14,
0.997750367891132));
#9198=DIRECTION('ref_axis',(-0.997750367891132,2.65779554283827E-13,0.0670388198964664));
#9199=DIRECTION('',(-1.22464679914735E-16,0.,1.));
#9200=DIRECTION('center_axis',(-0.999999640656435,0.000847754092139765,
-1.22464635907841E-16));
#9201=DIRECTION('ref_axis',(-0.000847754092139765,-0.999999640656435,-1.03819933540303E-19));
#9202=DIRECTION('',(-0.000847754092027453,-0.999999640523953,1.6277710129435E-5));
#9203=DIRECTION('',(-1.22464679914735E-16,0.,1.));
#9204=DIRECTION('center_axis',(1.22464679914735E-16,0.,-1.));
#9205=DIRECTION('ref_axis',(5.67218332896204E-5,0.999999998391317,6.94642115799034E-21));
#9206=DIRECTION('',(-1.22464679914735E-16,0.,1.));
#9207=DIRECTION('center_axis',(1.22464679914735E-16,0.,-1.));
#9208=DIRECTION('ref_axis',(0.947518439887857,-0.319701119911208,1.16037542454176E-16));
#9209=DIRECTION('center_axis',(-1.22464679914735E-16,0.,1.));
#9210=DIRECTION('ref_axis',(0.84161379546762,-0.54007982676507,1.03067964073768E-16));
#9211=DIRECTION('',(-1.22464679914735E-16,0.,1.));
#9212=DIRECTION('center_axis',(1.22464679914735E-16,0.,-1.));
#9213=DIRECTION('ref_axis',(0.947518439887857,-0.319701119911208,1.16037542454176E-16));
#9214=DIRECTION('',(-1.22464679914735E-16,0.,1.));
#9215=DIRECTION('center_axis',(0.416612738975808,-0.909084058667335,5.10203457270735E-17));
#9216=DIRECTION('ref_axis',(0.909084058667335,0.416612738975808,1.11330688260284E-16));
#9217=DIRECTION('',(0.909084058667335,0.416612738975808,1.11330688260284E-16));
#9218=DIRECTION('',(0.909084058667335,0.416612738975808,1.11330688260284E-16));
#9219=DIRECTION('',(-1.22464679914735E-16,0.,1.));
#9220=DIRECTION('center_axis',(1.22464679914735E-16,0.,-1.));
#9221=DIRECTION('ref_axis',(-0.906319279414875,-0.422593615381139,-1.10992100454096E-16));
#9222=DIRECTION('center_axis',(1.22464679914735E-16,0.,-1.));
#9223=DIRECTION('ref_axis',(-0.938556030530839,0.345126900652781,-1.14939963861004E-16));
#9224=DIRECTION('center_axis',(1.22464679914735E-16,0.,-1.));
#9225=DIRECTION('ref_axis',(-0.906319279414875,-0.422593615381139,-1.10992100454096E-16));
#9226=DIRECTION('',(-1.22464679914735E-16,0.,1.));
#9227=DIRECTION('center_axis',(0.906307801352059,0.422618231041204,1.10990694796807E-16));
#9228=DIRECTION('ref_axis',(-0.422618231041204,0.906307801352059,-5.17558063905927E-17));
#9229=DIRECTION('',(-0.422618231041204,0.906307801352059,-5.17558063905927E-17));
#9230=DIRECTION('',(-0.422618231041204,0.906307801352059,-5.17558063905927E-17));
#9231=DIRECTION('',(-1.22464679914735E-16,0.,1.));
#9232=DIRECTION('center_axis',(1.22464679914735E-16,0.,-1.));
#9233=DIRECTION('ref_axis',(0.412315298528987,-0.911041214544629,5.04940610583009E-17));
#9234=DIRECTION('center_axis',(1.22464679914735E-16,0.,-1.));
#9235=DIRECTION('ref_axis',(-0.347339862141951,-0.93773931354466,-4.25368650388423E-17));
#9236=DIRECTION('center_axis',(1.22464679914735E-16,0.,-1.));
#9237=DIRECTION('ref_axis',(0.412315298528987,-0.911041214544629,5.04940610583009E-17));
#9238=DIRECTION('',(-1.22464679914735E-16,0.,1.));
#9239=DIRECTION('center_axis',(-0.412317422975987,0.911040253068129,-5.04943212280228E-17));
#9240=DIRECTION('ref_axis',(-0.911040253068129,-0.412317422975987,-1.11570252981428E-16));
#9241=DIRECTION('',(-0.911040253068129,-0.412317422975988,-1.11570252981428E-16));
#9242=DIRECTION('',(-0.911040253068129,-0.412317422975988,-1.11570252981428E-16));
#9243=DIRECTION('center_axis',(8.39810400732568E-11,1.,1.0284711191478E-26));
#9244=DIRECTION('ref_axis',(-1.,8.39810400732568E-11,-1.22464679914735E-16));
#9245=DIRECTION('',(-0.999815712121644,8.39655633855596E-11,0.0191974423996896));
#9246=DIRECTION('',(-1.22464679914735E-16,0.,1.));
#9247=DIRECTION('',(-1.22464679914735E-16,0.,1.));
#9248=DIRECTION('center_axis',(1.22464679914735E-16,0.,-1.));
#9249=DIRECTION('ref_axis',(0.99999999538742,9.60477003210789E-5,1.22464679349857E-16));
#9250=DIRECTION('',(-1.22464679914735E-16,0.,1.));
#9251=DIRECTION('center_axis',(-0.999999960948739,-0.000279468281016693,
-1.22464675132335E-16));
#9252=DIRECTION('ref_axis',(0.000279468281016693,-0.999999960948739,3.42249935810306E-20));
#9253=DIRECTION('',(0.000279468281012669,-0.999999960934342,-5.36606513406704E-6));
#9254=DIRECTION('',(-1.22464679914735E-16,0.,1.));
#9255=DIRECTION('center_axis',(1.22464679914735E-16,0.,-1.));
#9256=DIRECTION('ref_axis',(-0.999999960948739,-0.000279468281008118,-1.22464675132335E-16));
#9257=DIRECTION('center_axis',(0.0431815442412812,4.5856927482617E-9,0.999067242099819));
#9258=DIRECTION('ref_axis',(-0.999067238117332,-8.9288159457307E-5,0.0431815440695606));
#9259=DIRECTION('',(-1.22464679914735E-16,0.,1.));
#9260=DIRECTION('center_axis',(-0.965925820034637,0.258819068444375,-1.1829179637192E-16));
#9261=DIRECTION('ref_axis',(-0.258819068444375,-0.965925820034637,-3.16961943728704E-17));
#9262=DIRECTION('',(-0.258815872511855,-0.965913892653246,0.00496951862671007));
#9263=DIRECTION('',(-1.22464679914735E-16,0.,1.));
#9264=DIRECTION('center_axis',(1.22464679914735E-16,0.,-1.));
#9265=DIRECTION('ref_axis',(0.255766724143002,0.966738528673166,3.13223900050131E-17));
#9266=DIRECTION('center_axis',(-0.0138748309589103,4.37440442337997E-15,
-0.999903739899927));
#9267=DIRECTION('ref_axis',(0.999903739899927,-3.15245883407571E-13,-0.0138748309589103));
#9268=DIRECTION('center_axis',(0.,-1.,0.));
#9269=DIRECTION('ref_axis',(-1.22464679914735E-16,0.,1.));
#9270=DIRECTION('',(1.22464679914735E-16,0.,-1.));
#9271=DIRECTION('',(-1.,0.,-1.22464679914735E-16));
#9272=DIRECTION('center_axis',(-1.,0.,-1.22464679914735E-16));
#9273=DIRECTION('ref_axis',(0.,-1.,0.));
#9274=DIRECTION('center_axis',(-1.,-3.38006267395436E-12,-1.22464679914735E-16));
#9275=DIRECTION('ref_axis',(3.38006267395436E-12,-1.,4.13938293457565E-28));
#9276=DIRECTION('',(-1.,0.,-1.22464679914735E-16));
#9277=DIRECTION('center_axis',(-1.,-3.38622690664397E-12,-1.22464679914735E-16));
#9278=DIRECTION('ref_axis',(3.38622690664397E-12,-1.,4.14693194240818E-28));
#9279=DIRECTION('',(1.,0.,1.22464679914735E-16));
#9280=DIRECTION('center_axis',(1.,0.,1.22464679914735E-16));
#9281=DIRECTION('ref_axis',(0.,1.,0.));
#9282=DIRECTION('center_axis',(-1.,-3.38006267395436E-12,-1.22464679914735E-16));
#9283=DIRECTION('ref_axis',(-3.38006267395436E-12,1.,-4.13938293457565E-28));
#9284=DIRECTION('',(1.,0.,1.22464679914735E-16));
#9285=DIRECTION('center_axis',(-1.,0.,-1.22464679914735E-16));
#9286=DIRECTION('ref_axis',(-1.22464679914735E-16,0.,1.));
#9287=DIRECTION('center_axis',(-1.,-3.38006267395436E-12,-1.22464679914735E-16));
#9288=DIRECTION('ref_axis',(-1.22464679914735E-16,0.,1.));
#9289=DIRECTION('',(1.,0.,1.22464679914735E-16));
#9290=DIRECTION('center_axis',(1.22464679914735E-16,8.75570208694918E-16,
-1.));
#9291=DIRECTION('ref_axis',(-1.07226425350701E-31,1.,8.75570208694918E-16));
#9292=DIRECTION('',(-3.38006267395436E-12,1.,8.75570208694504E-16));
#9293=DIRECTION('',(1.,0.,1.22464679914735E-16));
#9294=DIRECTION('center_axis',(-1.,0.,-1.22464679914735E-16));
#9295=DIRECTION('ref_axis',(-4.87164228270875E-31,1.,3.97799780810318E-15));
#9296=DIRECTION('center_axis',(-1.,-3.38006267395436E-12,-1.22464679914735E-16));
#9297=DIRECTION('ref_axis',(-3.38006267395436E-12,1.,3.97799780810277E-15));
#9298=DIRECTION('center_axis',(1.22464679914735E-16,0.,-1.));
#9299=DIRECTION('ref_axis',(0.58781633322169,-0.808994411845847,7.19867390966477E-17));
#9300=DIRECTION('center_axis',(0.0575076137572698,-1.89750419198259E-14,
0.998345067779645));
#9301=DIRECTION('ref_axis',(0.998345067779645,-4.07885930523326E-13,-0.0575076137572698));
#9302=DIRECTION('',(-1.22464679914735E-16,0.,1.));
#9303=DIRECTION('center_axis',(1.22464679914735E-16,0.,-1.));
#9304=DIRECTION('ref_axis',(-0.977060041553651,0.212964023250825,-1.19655345246346E-16));
#9305=DIRECTION('center_axis',(-0.0138660484718306,4.29117478718972E-15,
-0.999903861728605));
#9306=DIRECTION('ref_axis',(-0.999903861728605,4.0950906113535E-13,0.0138660484718306));
#9307=DIRECTION('',(-1.22464679914735E-16,0.,1.));
#9308=DIRECTION('center_axis',(-2.17874698381811E-13,-1.,-2.6681955198848E-29));
#9309=DIRECTION('ref_axis',(1.,-2.17874698381811E-13,1.22464679914735E-16));
#9310=DIRECTION('',(0.999815712121644,-2.17834546715899E-13,-0.0191974423996896));
#9311=DIRECTION('',(1.22464679914735E-16,0.,-1.));
#9312=DIRECTION('center_axis',(1.22464679914735E-16,0.,-1.));
#9313=DIRECTION('ref_axis',(0.58781271765012,-0.808997038912245,7.19862963168326E-17));
#9314=DIRECTION('center_axis',(0.0575076137572709,-1.79535014896732E-14,
0.998345067779645));
#9315=DIRECTION('ref_axis',(0.998345067779645,-4.07885930523334E-13,-0.0575076137572709));
#9316=DIRECTION('',(-1.22464679914735E-16,0.,1.));
#9317=DIRECTION('center_axis',(1.22464679914735E-16,0.,-1.));
#9318=DIRECTION('ref_axis',(-0.977057638094605,0.212975049808636,-1.19655050907503E-16));
#9319=DIRECTION('center_axis',(-0.0138661231762997,4.34364905460899E-15,
-0.999903860692647));
#9320=DIRECTION('ref_axis',(-0.999903860692647,3.57698686026441E-13,0.0138661231762997));
#9321=DIRECTION('',(-1.22464679914735E-16,0.,1.));
#9322=DIRECTION('center_axis',(-3.86102466245319E-12,-1.,-4.72839149430229E-28));
#9323=DIRECTION('ref_axis',(1.,-3.86102466245319E-12,1.22464679914735E-16));
#9324=DIRECTION('',(0.999815712121644,-3.86031312240987E-12,-0.0191974423996896));
#9325=DIRECTION('',(-1.22464679914735E-16,0.,1.));
#9326=DIRECTION('center_axis',(1.22464679914735E-16,0.,-1.));
#9327=DIRECTION('ref_axis',(-5.90600252925529E-6,0.99999999998256,-7.23276709320866E-22));
#9328=DIRECTION('',(1.22464679914735E-16,0.,-1.));
#9329=DIRECTION('center_axis',(1.22464679914735E-16,0.,-1.));
#9330=DIRECTION('ref_axis',(0.969877741058439,0.243592215391583,1.18775767115148E-16));
#9331=DIRECTION('center_axis',(1.22464679914735E-16,0.,-1.));
#9332=DIRECTION('ref_axis',(0.969877741058439,0.243592215391582,1.18775767115148E-16));
#9333=DIRECTION('',(-1.22464679914735E-16,0.,1.));
#9334=DIRECTION('center_axis',(-0.984807695659802,-0.173648502928277,-1.20604159226546E-16));
#9335=DIRECTION('ref_axis',(0.173648502928277,-0.984807695659802,2.12658083287844E-17));
#9336=DIRECTION('',(0.173647537708203,-0.984802221635318,-0.00333420305621432));
#9337=DIRECTION('',(-1.22464679914735E-16,0.,1.));
#9338=DIRECTION('center_axis',(1.22464679914735E-16,0.,-1.));
#9339=DIRECTION('ref_axis',(7.0443443437177E-5,-0.999999997518861,8.62683375262564E-21));
#9340=DIRECTION('',(-1.22464679914735E-16,0.,1.));
#9341=DIRECTION('center_axis',(1.49783606367735E-11,-1.,1.83432014102994E-27));
#9342=DIRECTION('ref_axis',(1.,1.49783606367735E-11,1.22464679914735E-16));
#9343=DIRECTION('',(0.999815712121644,1.49756003064705E-11,-0.0191974423996896));
#9344=DIRECTION('center_axis',(0.,0.,1.));
#9345=DIRECTION('ref_axis',(0.98305916931655,0.183288487425301,0.));
#9346=DIRECTION('center_axis',(0.312284336240258,-0.949969757064583,-0.00599616557793947));
#9347=DIRECTION('ref_axis',(0.949986835132299,0.312289950327124,5.08561009109552E-11));
#9348=DIRECTION('center_axis',(-0.173647537708206,0.984802221635317,0.00333420305621762));
#9349=DIRECTION('ref_axis',(0.019197442399692,-8.88915677177416E-15,0.999815712121644));
#9350=DIRECTION('center_axis',(-1.22464679914735E-16,0.,1.));
#9351=DIRECTION('ref_axis',(-1.,0.,-1.2553758582334E-16));
#9352=DIRECTION('center_axis',(1.22464679914735E-16,0.,-1.));
#9353=DIRECTION('ref_axis',(-0.341367870760908,0.939929772276719,-4.18055070259093E-17));
#9354=DIRECTION('center_axis',(0.911040253068127,0.412317422975993,1.11570252981428E-16));
#9355=DIRECTION('ref_axis',(-1.22464679914735E-16,0.,1.));
#9356=DIRECTION('center_axis',(-0.911040253068129,-0.412317422975987,-1.11570252981428E-16));
#9357=DIRECTION('ref_axis',(0.291552445787683,-0.644202740878383,0.707106781186547));
#9358=DIRECTION('',(0.911040253068129,0.412317422975988,1.11570252981428E-16));
#9359=DIRECTION('center_axis',(0.911041214544629,0.412315298528987,1.1157037072834E-16));
#9360=DIRECTION('ref_axis',(-1.22464679914735E-16,0.,1.));
#9361=DIRECTION('center_axis',(1.22464679914735E-16,0.,-1.));
#9362=DIRECTION('ref_axis',(1.,0.,0.));
#9363=DIRECTION('center_axis',(-1.22464679914735E-16,0.,1.));
#9364=DIRECTION('ref_axis',(-0.347339862141952,-0.93773931354466,-4.25368650388424E-17));
#9365=DIRECTION('center_axis',(0.42261823104121,-0.906307801352056,5.17558063905934E-17));
#9366=DIRECTION('ref_axis',(-1.22464679914735E-16,0.,1.));
#9367=DIRECTION('center_axis',(-0.422618231041204,0.906307801352059,-5.17558063905927E-17));
#9368=DIRECTION('ref_axis',(-0.640856392178314,-0.2988362170223,0.707106781186545));
#9369=DIRECTION('',(0.422618231041204,-0.906307801352059,5.17558063905927E-17));
#9370=DIRECTION('center_axis',(0.422593615381145,-0.906319279414872,5.17527918416627E-17));
#9371=DIRECTION('ref_axis',(-1.22464679914735E-16,0.,1.));
#9372=DIRECTION('center_axis',(1.22464679914735E-16,0.,-1.));
#9373=DIRECTION('ref_axis',(-0.938556030530838,0.345126900652785,0.));
#9374=DIRECTION('center_axis',(-1.22464679914735E-16,0.,1.));
#9375=DIRECTION('ref_axis',(-0.938556030530839,0.345126900652781,-1.14939963861004E-16));
#9376=DIRECTION('center_axis',(-0.909084058667339,-0.416612738975801,-1.11330688260284E-16));
#9377=DIRECTION('ref_axis',(-1.22464679914735E-16,0.,1.));
#9378=DIRECTION('center_axis',(0.909084058667335,0.416612738975808,1.11330688260284E-16));
#9379=DIRECTION('ref_axis',(-0.294589692858492,0.642819502552255,0.707106781186555));
#9380=DIRECTION('',(-0.909084058667335,-0.416612738975808,-1.11330688260284E-16));
#9381=DIRECTION('center_axis',(0.999815712121644,-3.85398396805665E-12,
-0.0191974423996831));
#9382=DIRECTION('ref_axis',(3.85469434149856E-12,1.,5.47794555601979E-28));
#9383=DIRECTION('center_axis',(0.0191974423996896,-6.02739438699089E-15,
0.999815712121644));
#9384=DIRECTION('ref_axis',(0.999815712104213,5.90491412457964E-6,-0.0191974423993549));
#9385=DIRECTION('center_axis',(-0.999815712121644,3.86031312240987E-12,
0.0191974423996896));
#9386=DIRECTION('ref_axis',(0.0135746417049885,0.707106781186513,0.706976469978054));
#9387=DIRECTION('center_axis',(0.999815711983228,1.66398105199016E-5,-0.0191974423970343));
#9388=DIRECTION('ref_axis',(-1.66428776005035E-5,0.999999999861507,-2.46168115183293E-21));
#9389=DIRECTION('',(-0.999815712121644,3.86031312240987E-12,0.0191974423996896));
#9390=DIRECTION('center_axis',(0.308946981928331,0.951060761846331,-0.00593208510149695));
#9391=DIRECTION('ref_axis',(-0.95107749602788,0.308952417937356,-6.76355402996677E-16));
#9392=DIRECTION('center_axis',(0.0191974423996896,-6.02739438699089E-15,
0.999815712121644));
#9393=DIRECTION('ref_axis',(-0.999815712121644,3.59974580760438E-13,0.0191974423996896));
#9394=DIRECTION('center_axis',(0.999815712121644,-2.13112880682773E-13,
-0.0191974423996831));
#9395=DIRECTION('ref_axis',(2.13162820728032E-13,1.,5.55111512312623E-16));
#9396=DIRECTION('center_axis',(-0.0191974423996896,6.02739438699089E-15,
-0.999815712121644));
#9397=DIRECTION('ref_axis',(0.999815712121644,-4.1551689670964E-13,-0.0191974423996896));
#9398=DIRECTION('center_axis',(-0.999815712121644,2.17834546715899E-13,
0.0191974423996896));
#9399=DIRECTION('ref_axis',(0.0135746417024128,0.707106781186539,0.706976469978077));
#9400=DIRECTION('center_axis',(0.999815712120239,1.67642310285938E-6,-0.0191974423996562));
#9401=DIRECTION('ref_axis',(-1.6767321042721E-6,0.999999999998594,-5.55111843384492E-16));
#9402=DIRECTION('',(-0.999815712121644,2.17834546715899E-13,0.0191974423996896));
#9403=DIRECTION('center_axis',(0.308938481234997,0.95106352422697,-0.00593192187984379));
#9404=DIRECTION('ref_axis',(-0.951080257536225,0.30894391679531,-1.15389537139912E-16));
#9405=DIRECTION('center_axis',(0.0191974423996896,-6.02739438699089E-15,
0.999815712121644));
#9406=DIRECTION('ref_axis',(-0.999815712121644,4.09185181549415E-13,0.0191974423996896));
#9407=DIRECTION('center_axis',(0.999815712121644,-3.19695962827368E-13,
-0.0191974423996831));
#9408=DIRECTION('ref_axis',(3.19744231092049E-13,1.,-5.55111512312555E-16));
#9409=DIRECTION('center_axis',(-0.0191974423996896,6.02739438699089E-15,
-0.999815712121644));
#9410=DIRECTION('ref_axis',(0.999815712121644,-4.15146890568313E-13,-0.0191974423996896));
#9411=DIRECTION('center_axis',(-0.999815712121644,3.13594108142353E-13,
0.0191974423996896));
#9412=DIRECTION('ref_axis',(0.0135746417024805,0.707106781186538,0.706976469978077));
#9413=DIRECTION('center_axis',(-0.999953926969049,3.19729499506194E-13,
0.00959916346238574));
#9414=DIRECTION('ref_axis',(0.00959916346238574,-6.37624359735016E-13,0.999953926969049));
#9415=DIRECTION('',(-0.999815712121644,3.13594108142353E-13,0.0191974423996896));
#9416=DIRECTION('center_axis',(-1.22464679914735E-16,0.,1.));
#9417=DIRECTION('ref_axis',(-1.,0.,0.));
#9418=DIRECTION('center_axis',(1.22464679914735E-16,0.,-1.));
#9419=DIRECTION('ref_axis',(0.84161379546762,-0.54007982676507,1.03067964073768E-16));
#9420=DIRECTION('center_axis',(-0.0191974423996896,6.02739438699089E-15,
-0.999815712121644));
#9421=DIRECTION('ref_axis',(-0.999815712121644,3.16075749792135E-13,0.0191974423996896));
#9422=DIRECTION('center_axis',(-0.982528788241112,-0.185152025547867,0.0188655165043032));
#9423=DIRECTION('ref_axis',(0.185184982862432,-0.982703679713392,5.88198472819702E-16));
#9424=DIRECTION('center_axis',(0.0193595543351549,-6.07988169945178E-15,
0.999812586266018));
#9425=DIRECTION('ref_axis',(-0.999812586266018,3.37570950752719E-13,0.0193595543351549));
#9426=DIRECTION('center_axis',(-0.0191974423996896,6.02739438699089E-15,
-0.999815712121644));
#9427=DIRECTION('ref_axis',(-0.999815712121644,3.37533753469477E-13,0.0191974423996896));
#9428=DIRECTION('center_axis',(0.999815712121644,-8.39655633855596E-11,
-0.0191974423996896));
#9429=DIRECTION('ref_axis',(0.0135746416428859,-0.707106781187123,0.706976469978636));
#9430=DIRECTION('center_axis',(-0.999815712121644,8.39617935898071E-11,
0.019197442399692));
#9431=DIRECTION('ref_axis',(-8.39772695826486E-11,-1.,-1.00823010478159E-26));
#9432=DIRECTION('center_axis',(-0.999815711907131,2.07148470330927E-5,0.0191974423955643));
#9433=DIRECTION('ref_axis',(-2.07186652325672E-5,-0.999999999785368,-3.21964698808573E-14));
#9434=DIRECTION('',(0.999815712121644,-8.39655633855596E-11,-0.0191974423996896));
#9435=DIRECTION('center_axis',(0.000279468281010748,-0.999999960934342,
-5.36606512800171E-6));
#9436=DIRECTION('ref_axis',(0.999999960948739,0.000279468281014772,-1.55091083919086E-16));
#9437=DIRECTION('center_axis',(0.0191974423996896,-6.02739438699089E-15,
0.999815712121644));
#9438=DIRECTION('ref_axis',(0.999815707511614,9.60299998943291E-5,-0.0191974423111725));
#9439=DIRECTION('center_axis',(-0.000279468281012669,0.999999960934342,
5.36606513406704E-6));
#9440=DIRECTION('ref_axis',(0.713861809122344,0.000195743956979433,0.700286569313504));
#9441=DIRECTION('center_axis',(0.000279468282058799,-0.999999960934342,
-5.36606514812531E-6));
#9442=DIRECTION('ref_axis',(0.999999960948739,0.000279468282062823,1.22464672650793E-16));
#9443=DIRECTION('',(-0.000279468281012669,0.999999960934342,5.36606513406704E-6));
#9444=DIRECTION('center_axis',(-0.25881587251186,-0.965913892653245,0.00496951862671605));
#9445=DIRECTION('ref_axis',(0.965925820034636,-0.25881906844438,1.20243360282394E-16));
#9446=DIRECTION('center_axis',(-0.0191974423996896,6.02739438699089E-15,
-0.999815712121644));
#9447=DIRECTION('ref_axis',(-0.999815673091969,-0.000279416778395565,0.0191974416502815));
#9448=DIRECTION('center_axis',(-0.965759707786035,0.258774659065671,0.0185435337106498));
#9449=DIRECTION('ref_axis',(0.196100850112964,0.681322145988396,0.705226623129572));
#9450=DIRECTION('center_axis',(0.965739372029049,-0.258850569154414,-0.0185431432441691));
#9451=DIRECTION('ref_axis',(0.258895083280456,0.965905448712868,-2.5625859350671E-16));
#9452=DIRECTION('',(-0.965759707786035,0.258774659065671,0.0185435337106498));
#9453=DIRECTION('center_axis',(-0.000847754092029694,-0.999999640523953,
1.62777101266233E-5));
#9454=DIRECTION('ref_axis',(0.999999640656435,-0.000847754092142006,1.22464637562202E-16));
#9455=DIRECTION('center_axis',(-0.0191974423996896,6.02739438699089E-15,
-0.999815712121644));
#9456=DIRECTION('ref_axis',(-0.999815712121644,2.73468784089162E-13,0.0191974423996896));
#9457=DIRECTION('center_axis',(0.000847754092027453,0.999999640523953,-1.6277710129435E-5));
#9458=DIRECTION('ref_axis',(0.713861586937959,-0.00059378023310043,0.700286571425908));
#9459=DIRECTION('center_axis',(-0.000847413431679118,-0.999999640812798,
1.6271169113734E-5));
#9460=DIRECTION('ref_axis',(0.999999640945173,-0.000847413431791295,1.23268765064219E-15));
#9461=DIRECTION('',(0.000847754092027453,0.999999640523953,-1.6277710129435E-5));
#9462=DIRECTION('center_axis',(0.999815712121644,1.49719285026347E-11,-0.019197442399692));
#9463=DIRECTION('ref_axis',(-1.4974688156144E-11,1.,-1.12705102078713E-27));
#9464=DIRECTION('center_axis',(0.0191974423996896,-6.02739438699089E-15,
0.999815712121644));
#9465=DIRECTION('ref_axis',(0.99981571051385,-5.67113801433407E-5,-0.0191974423688184));
#9466=DIRECTION('center_axis',(-0.999815712121644,-1.49756003064705E-11,
0.0191974423996896));
#9467=DIRECTION('ref_axis',(0.0135746416916693,0.707106781186648,0.706976469978175));
#9468=DIRECTION('center_axis',(0.999815709642926,7.04155608354223E-5,-0.0191974423520982));
#9469=DIRECTION('ref_axis',(-7.04285323482879E-5,0.999999997519911,3.96504495892585E-10));
#9470=DIRECTION('',(-0.999815712121644,-1.49756003064705E-11,0.0191974423996896));
#9471=DIRECTION('center_axis',(0.173647537708205,-0.984802221635318,-0.0033342030562176));
#9472=DIRECTION('ref_axis',(0.984807695659801,0.173648502928279,1.19194696402314E-16));
#9473=DIRECTION('center_axis',(-0.0191974423996896,6.02739438699089E-15,
-0.999815712121644));
#9474=DIRECTION('ref_axis',(-0.999815709641876,-7.04304615645063E-5,0.0191974423520756));
#9475=DIRECTION('center_axis',(-0.173647537708203,0.984802221635318,0.00333420305621432));
#9476=DIRECTION('ref_axis',(0.703321546929933,0.121643534551654,0.700386787515204));
#9477=DIRECTION('',(-0.173647537708203,0.984802221635318,0.00333420305621432));
#9478=DIRECTION('center_axis',(0.0191974423996896,-6.02739438699089E-15,
0.999815712121644));
#9479=DIRECTION('ref_axis',(0.999815712121644,-3.15047996597082E-13,-0.0191974423996896));
#9480=DIRECTION('center_axis',(0.258815872511855,0.965913892653246,-0.00496951862671007));
#9481=DIRECTION('ref_axis',(0.690217279157554,-0.181339127830902,0.700511404810707));
#9482=DIRECTION('',(0.258815872511855,0.965913892653246,-0.00496951862671007));
#9483=DIRECTION('center_axis',(1.,3.38006267395436E-12,1.22464679914735E-16));
#9484=DIRECTION('ref_axis',(-3.38006267395436E-12,1.,-4.13938293457565E-28));
#9485=DIRECTION('center_axis',(1.,3.38006267395436E-12,1.22464679914735E-16));
#9486=DIRECTION('ref_axis',(3.38006267395436E-12,-1.,4.13938293457565E-28));
#9487=DIRECTION('',(-3.38006267395436E-12,1.,-4.13938293457565E-28));
#9488=DIRECTION('',(-3.38006267395436E-12,1.,-4.13938293457565E-28));
#9489=DIRECTION('center_axis',(1.,3.38006267395436E-12,1.22464679914735E-16));
#9490=DIRECTION('ref_axis',(3.38006267395436E-12,-1.,4.13938293457565E-28));
#9491=DIRECTION('',(1.22464679914735E-16,0.,-1.));
#9492=DIRECTION('center_axis',(1.,0.,1.22464679914735E-16));
#9493=DIRECTION('ref_axis',(0.,-1.,0.));
#9494=DIRECTION('center_axis',(-1.,-3.38006267395436E-12,-1.22464679914735E-16));
#9495=DIRECTION('ref_axis',(3.38006267395436E-12,-1.,4.13938293457565E-28));
#9496=DIRECTION('',(1.,0.,1.22464679914735E-16));
#9497=DIRECTION('center_axis',(1.,3.38622690664397E-12,1.22464679914735E-16));
#9498=DIRECTION('ref_axis',(3.38622690664397E-12,-1.,4.14693194240818E-28));
#9499=DIRECTION('',(1.,-1.48029736616691E-14,1.22464679914735E-16));
#9500=DIRECTION('center_axis',(0.,1.,0.));
#9501=DIRECTION('ref_axis',(1.22464679914735E-16,0.,-1.));
#9502=DIRECTION('',(-1.22464679914735E-16,0.,1.));
#9503=DIRECTION('',(1.22464679914735E-16,0.,-1.));
#9504=DIRECTION('',(0.707106781221604,-0.598145281467448,-0.37712361661483));
#9505=DIRECTION('',(-0.647158077806559,0.457413502246489,0.609884669664947));
#9506=DIRECTION('center_axis',(-1.,-3.3750779945832E-12,-1.22464679914735E-16));
#9507=DIRECTION('ref_axis',(1.22464679914735E-16,0.,-1.));
#9508=DIRECTION('',(-0.707106781187766,0.707106781185329,-8.65956056236986E-17));
#9509=DIRECTION('center_axis',(1.,3.38006267395436E-12,1.22464679914735E-16));
#9510=DIRECTION('ref_axis',(1.22464679914735E-16,0.,-1.));
#9511=DIRECTION('center_axis',(0.707106781185329,0.707106781187766,8.65956056234001E-17));
#9512=DIRECTION('ref_axis',(1.22464679914735E-16,0.,-1.));
#9513=DIRECTION('',(-0.707106781219934,0.707106781153161,-8.6595605627638E-17));
#9514=DIRECTION('',(-1.22464679914735E-16,0.,1.));
#9515=DIRECTION('center_axis',(-1.,-3.37507799455431E-12,-1.22464679914735E-16));
#9516=DIRECTION('ref_axis',(-3.37507799455431E-12,1.,-4.1332784629036E-28));
#9517=DIRECTION('center_axis',(1.,3.38006267395436E-12,1.22464679914735E-16));
#9518=DIRECTION('ref_axis',(-3.38006267395436E-12,1.,-4.13938293457565E-28));
#9519=DIRECTION('',(0.647158077804998,0.457413502250104,-0.609884669663892));
#9520=DIRECTION('',(-0.707106781196815,-0.598145281489296,0.377123616626658));
#9521=DIRECTION('',(-0.529812164078628,-1.81051466597474E-12,0.848115010357865));
#9522=DIRECTION('center_axis',(0.848115010357865,2.86668188973104E-12,0.529812164078628));
#9523=DIRECTION('ref_axis',(0.529812164078628,0.,-0.848115010357865));
#9524=DIRECTION('',(-3.38006267395436E-12,1.,-4.13938293457565E-28));
#9525=DIRECTION('',(-0.529812164078604,-2.88341224581168E-12,0.84811501035788));
#9526=DIRECTION('',(3.38006267395436E-12,-1.,4.13938293457565E-28));
#9527=DIRECTION('center_axis',(-1.,-3.37507799473417E-12,-1.22464679914735E-16));
#9528=DIRECTION('ref_axis',(3.37507799473417E-12,-1.,4.13327846312387E-28));
#9529=DIRECTION('',(-0.707106781185354,-0.707106781187741,-8.65956056234032E-17));
#9530=DIRECTION('center_axis',(0.707106781187741,-0.707106781185354,8.65956056236955E-17));
#9531=DIRECTION('ref_axis',(1.22464679914735E-16,0.,-1.));
#9532=DIRECTION('',(-0.707106781198832,-0.707106781174263,-2.0492111789453E-15));
#9533=DIRECTION('center_axis',(-1.,-3.37507799473117E-12,-1.22464679914735E-16));
#9534=DIRECTION('ref_axis',(3.37507799473117E-12,-1.,4.13327846312019E-28));
#9535=DIRECTION('center_axis',(-3.38006267395436E-12,1.,-4.13938293457565E-28));
#9536=DIRECTION('ref_axis',(-0.70710678118654,-2.39006523758864E-12,0.707106781186555));
#9537=DIRECTION('',(-3.38006267395436E-12,1.,-4.13938293457565E-28));
#9538=DIRECTION('',(3.38006267395436E-12,-1.,4.13938293457565E-28));
#9539=DIRECTION('',(-3.38006267395436E-12,1.,-4.13938293457565E-28));
#9540=DIRECTION('',(3.38006267395436E-12,-1.,4.13938293457565E-28));
#9541=DIRECTION('center_axis',(1.,3.38006267395436E-12,1.22464679914735E-16));
#9542=DIRECTION('ref_axis',(-3.38006267395436E-12,1.,-4.13938293457565E-28));
#9543=DIRECTION('center_axis',(1.,3.38006267395436E-12,1.22464679914735E-16));
#9544=DIRECTION('ref_axis',(3.38006267395436E-12,-1.,-3.61636164372972E-15));
#9545=DIRECTION('center_axis',(1.,3.38006267395436E-12,1.22464679914735E-16));
#9546=DIRECTION('ref_axis',(-1.22464679914735E-16,0.,1.));
#9547=DIRECTION('',(1.22464680021953E-16,-3.17206578464328E-14,-1.));
#9548=DIRECTION('',(0.707106781289662,-0.475948710328287,-0.52294629264487));
#9549=DIRECTION('',(-0.616082385324146,0.154967207438557,0.7722872905286));
#9550=DIRECTION('center_axis',(-1.,-3.37507799393055E-12,-1.22464679914735E-16));
#9551=DIRECTION('ref_axis',(1.22464679914735E-16,0.,-1.));
#9552=DIRECTION('',(-0.707106781187753,0.707106781185342,-8.6595605623697E-17));
#9553=DIRECTION('center_axis',(1.,3.38006267395436E-12,1.22464679914735E-16));
#9554=DIRECTION('ref_axis',(1.22464679914735E-16,0.,-1.));
#9555=DIRECTION('center_axis',(0.707106781185342,0.707106781187753,8.65956056234017E-17));
#9556=DIRECTION('ref_axis',(1.22464679914735E-16,0.,-1.));
#9557=DIRECTION('',(-0.707106781287976,0.707106781085119,2.66106619666852E-15));
#9558=DIRECTION('',(-1.22464679914735E-16,0.,1.));
#9559=DIRECTION('center_axis',(-1.,-3.37507799390609E-12,-1.22464679914735E-16));
#9560=DIRECTION('ref_axis',(-3.37507799390609E-12,1.,3.97799780810277E-15));
#9561=DIRECTION('center_axis',(1.,3.38006267395436E-12,1.22464679914735E-16));
#9562=DIRECTION('ref_axis',(-3.38006267395436E-12,1.,3.97799780810277E-15));
#9563=DIRECTION('',(0.61608238532363,0.154967207442638,-0.772287290528192));
#9564=DIRECTION('',(-0.707106781250862,-0.475948710356274,0.522946292671863));
#9565=DIRECTION('',(-0.600443648574689,-2.04130099817974E-12,0.799667071277988));
#9566=DIRECTION('center_axis',(0.799667071277993,2.70239908864646E-12,0.600443648574683));
#9567=DIRECTION('ref_axis',(0.600443648574683,2.01948391736579E-28,-0.799667071277993));
#9568=DIRECTION('',(-0.600443648574685,-2.86965502642657E-12,0.799667071277992));
#9569=DIRECTION('center_axis',(-1.,-3.37507799424015E-12,-1.22464679914735E-16));
#9570=DIRECTION('ref_axis',(-1.22464679914735E-16,0.,1.));
#9571=DIRECTION('',(-0.707106781185354,-0.707106781187741,2.22872219306586E-14));
#9572=DIRECTION('center_axis',(0.707106781187741,-0.707106781185354,2.25164878725726E-14));
#9573=DIRECTION('ref_axis',(3.18431225263477E-14,-3.15544362088405E-30,
-1.));
#9574=DIRECTION('',(-0.707106781246412,-0.707106781126683,-2.83425740809483E-15));
#9575=DIRECTION('center_axis',(-1.,-3.37507799427756E-12,-1.22464679914735E-16));
#9576=DIRECTION('ref_axis',(3.37507799427756E-12,-1.,-3.61636164372972E-15));
#9577=DIRECTION('center_axis',(1.,0.,1.22464679914735E-16));
#9578=DIRECTION('ref_axis',(0.,1.,0.));
#9579=DIRECTION('',(1.22464679914735E-16,0.,-1.));
#9580=DIRECTION('',(-7.38278980189605E-31,1.,6.02850536745471E-15));
#9581=DIRECTION('center_axis',(-0.0191974423996896,6.02739438699089E-15,
-0.999815712121644));
#9582=DIRECTION('ref_axis',(-0.999815712121644,0.,0.0191974423996896));
#9583=DIRECTION('',(3.13968614230004E-13,1.,3.84500658449505E-29));
#9584=DIRECTION('',(0.999815712121644,1.00110092907976E-12,-0.0191974423996896));
#9585=DIRECTION('',(3.14228265440589E-13,1.,-4.98555793707746E-18));
#9586=DIRECTION('center_axis',(1.,3.72781087265289E-13,1.22464679914735E-16));
#9587=DIRECTION('ref_axis',(-3.72781087265289E-13,1.,-4.56525165302106E-29));
#9588=DIRECTION('',(-1.22464679914735E-16,0.,1.));
#9589=DIRECTION('',(-3.72781087265289E-13,1.,-4.56525165302106E-29));
#9590=DIRECTION('center_axis',(1.,-3.14228265440589E-13,1.22464679914735E-16));
#9591=DIRECTION('ref_axis',(3.14228265440589E-13,1.,3.84818639473442E-29));
#9592=DIRECTION('',(-1.22464679914735E-16,0.,1.));
#9593=DIRECTION('center_axis',(-1.22464679914735E-16,0.,1.));
#9594=DIRECTION('ref_axis',(1.,9.27339576612155E-13,1.22464679914735E-16));
#9595=DIRECTION('',(-1.22464679914735E-16,0.,1.));
#9596=DIRECTION('',(-1.22464679914735E-16,0.,1.));
#9597=DIRECTION('center_axis',(0.0191974423996896,-6.02739438699089E-15,
0.999815712121644));
#9598=DIRECTION('ref_axis',(0.999815712121644,9.27168679169066E-13,-0.0191974423996896));
#9599=DIRECTION('center_axis',(-9.59762949049091E-13,1.,-1.17537062349319E-28));
#9600=DIRECTION('ref_axis',(1.,9.59762949049091E-13,1.22464679914735E-16));
#9601=DIRECTION('',(-1.22464679914735E-16,0.,1.));
#9602=DIRECTION('',(0.999815712121644,9.59586076371486E-13,-0.0191974423996896));
#9603=DIRECTION('center_axis',(-1.22464679914735E-16,0.,1.));
#9604=DIRECTION('ref_axis',(1.00152674274174E-12,-1.,1.22651651975915E-28));
#9605=DIRECTION('',(-1.22464679914735E-16,0.,1.));
#9606=DIRECTION('center_axis',(0.0191974423996896,-6.02739438699089E-15,
0.999815712121644));
#9607=DIRECTION('ref_axis',(0.999815712121644,1.0013421735032E-12,-0.0191974423996896));
#9608=DIRECTION('center_axis',(1.,9.63739867346254E-13,1.22464679914735E-16));
#9609=DIRECTION('ref_axis',(9.63739867346254E-13,-1.,1.18024094375628E-28));
#9610=DIRECTION('',(-1.22464679914735E-16,0.,1.));
#9611=DIRECTION('',(9.63739867346254E-13,-1.,-2.4533256160382E-14));
#9612=DIRECTION('center_axis',(-1.22464679914735E-16,0.,1.));
#9613=DIRECTION('ref_axis',(-1.,-9.27339576612184E-13,-1.22464679914735E-16));
#9614=DIRECTION('',(-1.22464679914735E-16,0.,1.));
#9615=DIRECTION('center_axis',(0.0191974423996896,-6.02739438699089E-15,
0.999815712121644));
#9616=DIRECTION('ref_axis',(-0.999815712121644,-9.27168679169095E-13,0.0191974423996896));
#9617=DIRECTION('center_axis',(-9.59762949049093E-13,1.,-1.1753706234932E-28));
#9618=DIRECTION('ref_axis',(1.,9.59762949049093E-13,1.22464679914735E-16));
#9619=DIRECTION('',(0.999815712121644,9.59586076371488E-13,-0.0191974423996896));
#9620=DIRECTION('center_axis',(-1.,-9.63739867346255E-13,-1.22464679914735E-16));
#9621=DIRECTION('ref_axis',(-9.63739867346255E-13,1.,-1.18024094375629E-28));
#9622=DIRECTION('',(-1.22464679914735E-16,0.,1.));
#9623=DIRECTION('',(-9.63739867346255E-13,1.,2.4533256160382E-14));
#9624=DIRECTION('center_axis',(-1.22464679914735E-16,0.,1.));
#9625=DIRECTION('ref_axis',(1.,9.52068631988473E-13,1.22464679914735E-16));
#9626=DIRECTION('',(-1.22464679914735E-16,0.,1.));
#9627=DIRECTION('center_axis',(0.0191974423996896,-6.02739438699089E-15,
0.999815712121644));
#9628=DIRECTION('ref_axis',(0.999815712121644,9.51893177280235E-13,-0.0191974423996896));
#9629=DIRECTION('center_axis',(-9.59762949049091E-13,1.,-1.17537062349319E-28));
#9630=DIRECTION('ref_axis',(1.,9.59762949049091E-13,1.22464679914735E-16));
#9631=DIRECTION('',(0.999815712121644,9.59586076371486E-13,-0.0191974423996896));
#9632=DIRECTION('center_axis',(-9.59762949049091E-13,1.,-1.17537062349319E-28));
#9633=DIRECTION('ref_axis',(1.,9.59762949049091E-13,1.22464679914735E-16));
#9634=DIRECTION('center_axis',(-1.22464679914735E-16,0.,1.));
#9635=DIRECTION('ref_axis',(-0.978147600733537,-0.207911690819025,-1.19788532833199E-16));
#9636=DIRECTION('',(-1.22464679914735E-16,0.,1.));
#9637=DIRECTION('center_axis',(-1.22464679914735E-16,0.,1.));
#9638=DIRECTION('ref_axis',(-0.978147600733537,-0.207911690819025,-1.19788532833199E-16));
#9639=DIRECTION('center_axis',(0.207911690818896,-0.978147600733564,2.54618386666675E-17));
#9640=DIRECTION('ref_axis',(-0.978147600733564,-0.207911690818896,-1.19788532833202E-16));
#9641=DIRECTION('',(-1.22464679914735E-16,0.,1.));
#9642=DIRECTION('',(-0.977975130106863,-0.207875031055496,0.0187780818014089));
#9643=DIRECTION('',(-0.978147600733564,-0.207911690818896,-1.19788532833202E-16));
#9644=DIRECTION('center_axis',(-1.22464679914735E-16,0.,1.));
#9645=DIRECTION('ref_axis',(-0.2079116908188,0.978147600733584,-2.54618386666558E-17));
#9646=DIRECTION('',(-1.22464679914735E-16,0.,1.));
#9647=DIRECTION('center_axis',(0.0191974423996896,-6.02739438699089E-15,
0.999815712121644));
#9648=DIRECTION('ref_axis',(-0.999815712121644,3.32935648881984E-13,0.0191974423996896));
#9649=DIRECTION('center_axis',(-0.978147600733565,-0.207911690818893,-1.19788532833202E-16));
#9650=DIRECTION('ref_axis',(-0.207911690818893,0.978147600733565,-2.54618386666671E-17));
#9651=DIRECTION('',(-0.207910034101713,0.978139806492038,0.00399207659531702));
#9652=DIRECTION('center_axis',(-0.422618261741684,0.906307787036191,-5.17558101503172E-17));
#9653=DIRECTION('ref_axis',(0.906307787036191,0.422618261741684,1.10990693043619E-16));
#9654=DIRECTION('',(-1.22464679914735E-16,0.,1.));
#9655=DIRECTION('',(0.906307787036191,0.422618261741684,1.10990693043619E-16));
#9656=DIRECTION('center_axis',(-1.22464679914735E-16,0.,1.));
#9657=DIRECTION('ref_axis',(0.422618261741642,-0.90630778703621,5.1755810150312E-17));
#9658=DIRECTION('',(-1.22464679914735E-16,0.,1.));
#9659=DIRECTION('center_axis',(-1.22464679914735E-16,0.,1.));
#9660=DIRECTION('ref_axis',(0.422618261741642,-0.90630778703621,5.1755810150312E-17));
#9661=DIRECTION('center_axis',(0.90630778703619,0.422618261741686,1.10990693043619E-16));
#9662=DIRECTION('ref_axis',(0.422618261741686,-0.90630778703619,5.17558101503174E-17));
#9663=DIRECTION('',(-1.22464679914735E-16,0.,1.));
#9664=DIRECTION('',(0.422618261741686,-0.90630778703619,5.17558101503174E-17));
#9665=DIRECTION('center_axis',(-1.22464679914735E-16,0.,1.));
#9666=DIRECTION('ref_axis',(-0.906307787036182,-0.422618261741702,-1.10990693043618E-16));
#9667=DIRECTION('center_axis',(-1.22464679914735E-16,0.,1.));
#9668=DIRECTION('ref_axis',(-0.906307787036182,-0.422618261741702,-1.10990693043618E-16));
#9669=DIRECTION('center_axis',(1.,3.38622690664397E-12,1.22464679914735E-16));
#9670=DIRECTION('ref_axis',(-3.38622690664397E-12,1.,-4.14693194240818E-28));
#9671=DIRECTION('',(-1.22464679914735E-16,0.,1.));
#9672=DIRECTION('',(-1.22464679914735E-16,0.,1.));
#9673=DIRECTION('',(-3.38622690664397E-12,1.,-4.14693194240818E-28));
#9674=DIRECTION('',(3.38622690664397E-12,-1.,4.14693194240818E-28));
#9675=DIRECTION('center_axis',(1.22464679914735E-16,0.,-1.));
#9676=DIRECTION('ref_axis',(0.961513522584575,-0.274757612973694,1.1775144577701E-16));
#9677=DIRECTION('',(-1.22464679914735E-16,0.,1.));
#9678=DIRECTION('center_axis',(-1.22464679914735E-16,0.,1.));
#9679=DIRECTION('ref_axis',(0.961513522584575,-0.274757612973694,1.1775144577701E-16));
#9680=DIRECTION('center_axis',(0.416612738997161,-0.90908405865755,5.10203457296885E-17));
#9681=DIRECTION('ref_axis',(0.90908405865755,0.416612738997161,1.11330688259085E-16));
#9682=DIRECTION('',(-1.22464679914735E-16,0.,1.));
#9683=DIRECTION('',(0.90908405865755,0.416612738997161,1.11330688259085E-16));
#9684=DIRECTION('center_axis',(1.22464679914735E-16,0.,-1.));
#9685=DIRECTION('ref_axis',(-0.416640472839898,0.909071348350473,-5.10237421458621E-17));
#9686=DIRECTION('',(-1.22464679914735E-16,0.,1.));
#9687=DIRECTION('center_axis',(1.22464679914735E-16,0.,-1.));
#9688=DIRECTION('ref_axis',(-0.416640472839898,0.909071348350473,-5.10237421458621E-17));
#9689=DIRECTION('center_axis',(0.906307801352158,0.422618231040992,1.1099069479682E-16));
#9690=DIRECTION('ref_axis',(-0.422618231040992,0.906307801352158,-5.17558063905667E-17));
#9691=DIRECTION('',(-1.22464679914735E-16,0.,1.));
#9692=DIRECTION('',(-0.422618231040992,0.906307801352158,-5.17558063905667E-17));
#9693=DIRECTION('center_axis',(1.22464679914735E-16,0.,-1.));
#9694=DIRECTION('ref_axis',(-0.906305957476563,-0.422622185222794,-1.10990468987185E-16));
#9695=DIRECTION('',(-1.22464679914735E-16,0.,1.));
#9696=DIRECTION('center_axis',(1.22464679914735E-16,0.,-1.));
#9697=DIRECTION('ref_axis',(-0.906305957476563,-0.422622185222794,-1.10990468987185E-16));
#9698=DIRECTION('center_axis',(-0.412317422975979,0.911040253068133,-5.04943212280218E-17));
#9699=DIRECTION('ref_axis',(-0.911040253068133,-0.412317422975979,-1.11570252981428E-16));
#9700=DIRECTION('',(-1.22464679914735E-16,0.,1.));
#9701=DIRECTION('',(-0.911040253068133,-0.412317422975979,-1.11570252981428E-16));
#9702=DIRECTION('center_axis',(1.22464679914735E-16,0.,-1.));
#9703=DIRECTION('ref_axis',(-0.300892327794018,0.953658118549146,-3.6848682612094E-17));
#9704=DIRECTION('center_axis',(-1.22464679914735E-16,0.,1.));
#9705=DIRECTION('ref_axis',(-0.300892327794018,0.953658118549146,-3.6848682612094E-17));
#9706=DIRECTION('center_axis',(3.78172928191482E-13,-1.,4.6312826603388E-29));
#9707=DIRECTION('ref_axis',(1.,3.78172928191482E-13,1.22464679914735E-16));
#9708=DIRECTION('',(1.,3.37341658889676E-12,1.22464679914735E-16));
#9709=DIRECTION('center_axis',(9.66391146211021E-13,-1.,1.18348782393167E-28));
#9710=DIRECTION('ref_axis',(-1.,-9.66391146211021E-13,-1.22464679914735E-16));
#9711=DIRECTION('',(1.22464679914735E-16,0.,-1.));
#9712=DIRECTION('',(-0.999815712121644,-9.66213052037024E-13,0.0191974423996896));
#9713=DIRECTION('center_axis',(-1.22464679914735E-16,0.,1.));
#9714=DIRECTION('ref_axis',(-8.09876563574951E-13,1.,-9.91812741286522E-29));
#9715=DIRECTION('',(1.22464679914735E-16,0.,-1.));
#9716=DIRECTION('center_axis',(0.0191974423996896,-6.02739438699089E-15,
0.999815712121644));
#9717=DIRECTION('ref_axis',(-0.999815712121644,-8.09727313141319E-13,0.0191974423996896));
#9718=DIRECTION('center_axis',(-1.,-9.6307704763006E-13,-1.22464679914735E-16));
#9719=DIRECTION('ref_axis',(-9.6307704763006E-13,1.,-1.17942922371244E-28));
#9720=DIRECTION('',(-9.6307704763006E-13,1.,2.45205293716661E-14));
#9721=DIRECTION('center_axis',(1.,0.,1.22464679914735E-16));
#9722=DIRECTION('ref_axis',(1.22464679914735E-16,0.,-1.));
#9723=DIRECTION('',(1.22464679914735E-16,0.,-1.));
#9724=DIRECTION('',(0.,-1.,0.));
#9725=DIRECTION('',(-1.22464679914735E-16,0.,1.));
#9726=DIRECTION('center_axis',(0.,1.,0.));
#9727=DIRECTION('ref_axis',(1.22464679914735E-16,0.,-1.));
#9728=DIRECTION('',(1.,0.,1.22464679914735E-16));
#9729=DIRECTION('',(1.22464679914735E-16,0.,-1.));
#9730=DIRECTION('center_axis',(-1.,0.,-1.22464679914735E-16));
#9731=DIRECTION('ref_axis',(-1.22464679914735E-16,0.,1.));
#9732=DIRECTION('',(-1.22464679914735E-16,0.,1.));
#9733=DIRECTION('',(0.,1.,0.));
#9734=DIRECTION('center_axis',(0.,-1.,0.));
#9735=DIRECTION('ref_axis',(-1.22464679914735E-16,0.,1.));
#9736=DIRECTION('',(-1.,0.,-1.22464679914735E-16));
#9737=DIRECTION('center_axis',(1.,0.,1.22464679914735E-16));
#9738=DIRECTION('ref_axis',(0.,-1.,0.));
#9739=DIRECTION('',(-3.38006267395436E-12,1.,-4.13938293457565E-28));
#9740=DIRECTION('',(-1.22464679914735E-16,0.,1.));
#9741=DIRECTION('center_axis',(1.22464679914735E-16,0.,-1.));
#9742=DIRECTION('ref_axis',(-0.999999999967269,8.09084305612064E-6,-1.22464679910727E-16));
#9743=DIRECTION('center_axis',(1.22464679914735E-16,0.,-1.));
#9744=DIRECTION('ref_axis',(-0.707106781187938,0.707106781185157,-8.65956056237196E-17));
#9745=DIRECTION('center_axis',(0.,1.,0.));
#9746=DIRECTION('ref_axis',(-1.,0.,-1.22464679914735E-16));
#9747=DIRECTION('center_axis',(-1.22464679914735E-16,0.,1.));
#9748=DIRECTION('ref_axis',(-0.707106781187938,0.707106781185157,-8.65956056237196E-17));
#9749=DIRECTION('center_axis',(0.999999999967269,8.09084699238127E-6,1.22464679910727E-16));
#9750=DIRECTION('ref_axis',(-8.09084699238127E-6,0.999999999967269,-9.90842987161071E-22));
#9751=DIRECTION('center_axis',(-1.,0.,-1.22464679914735E-16));
#9752=DIRECTION('ref_axis',(0.,1.,0.));
#9753=DIRECTION('',(0.,1.,0.));
#9754=DIRECTION('center_axis',(1.,0.,1.22464679914735E-16));
#9755=DIRECTION('ref_axis',(-8.65956056235493E-17,0.707106781186548,0.707106781186548));
#9756=DIRECTION('',(0.,-1.,0.));
#9757=DIRECTION('',(1.22464679914735E-16,0.,-1.));
#9758=DIRECTION('center_axis',(0.,1.,0.));
#9759=DIRECTION('ref_axis',(1.,0.,1.22464679914735E-16));
#9760=DIRECTION('',(1.,0.,1.22464679914735E-16));
#9761=DIRECTION('',(-1.22464679914735E-16,0.,1.));
#9762=DIRECTION('',(-1.,0.,-1.22464679914735E-16));
#9763=DIRECTION('center_axis',(0.,-1.,0.));
#9764=DIRECTION('ref_axis',(-0.707106781186549,0.,0.707106781186546));
#9765=DIRECTION('center_axis',(1.22464679914735E-16,0.,-1.));
#9766=DIRECTION('ref_axis',(0.707106781186548,-0.707106781186548,8.65956056235493E-17));
#9767=DIRECTION('center_axis',(-1.22464679914735E-16,0.,1.));
#9768=DIRECTION('ref_axis',(0.707106781186548,-0.707106781186548,8.65956056235493E-17));
#9769=DIRECTION('center_axis',(1.22464679914735E-16,0.,-1.));
#9770=DIRECTION('ref_axis',(0.707106781186548,-0.707106781186548,8.65956056235493E-17));
#9771=DIRECTION('center_axis',(0.,-1.,0.));
#9772=DIRECTION('ref_axis',(-0.707106781186548,0.,0.707106781186547));
#9773=DIRECTION('center_axis',(0.,1.,0.));
#9774=DIRECTION('ref_axis',(-0.707106781186549,0.,0.707106781186546));
#9775=DIRECTION('',(0.,-1.,0.));
#9776=DIRECTION('center_axis',(1.22464679914735E-16,0.,-1.));
#9777=DIRECTION('ref_axis',(-1.,0.,-1.22464679914735E-16));
#9778=DIRECTION('',(0.,1.,0.));
#9779=DIRECTION('',(1.,0.,1.22464679914735E-16));
#9780=DIRECTION('',(1.,0.,1.22464679914735E-16));
#9781=DIRECTION('center_axis',(-1.22464679914735E-16,0.,1.));
#9782=DIRECTION('ref_axis',(0.707106781186548,-0.707106781186548,8.65956056235493E-17));
#9783=DIRECTION('center_axis',(-1.,0.,-1.22464679914735E-16));
#9784=DIRECTION('ref_axis',(-8.65956056235493E-17,0.707106781186548,0.707106781186547));
#9785=DIRECTION('center_axis',(-1.,0.,-1.22464679914735E-16));
#9786=DIRECTION('ref_axis',(-8.65956056235493E-17,0.707106781186548,0.707106781186548));
#9787=DIRECTION('center_axis',(1.,0.,1.22464679914735E-16));
#9788=DIRECTION('ref_axis',(0.,0.,1.));
#9789=DIRECTION('center_axis',(0.,1.,0.));
#9790=DIRECTION('ref_axis',(-1.22464679914735E-16,0.,1.));
#9791=DIRECTION('center_axis',(0.,-1.,0.));
#9792=DIRECTION('ref_axis',(0.707106781186545,0.,0.70710678118655));
#9793=DIRECTION('center_axis',(0.,1.,0.));
#9794=DIRECTION('ref_axis',(-1.22464679914735E-16,0.,1.));
#9795=DIRECTION('center_axis',(1.22464679914735E-16,0.,-1.));
#9796=DIRECTION('ref_axis',(1.,0.,0.));
#9797=DIRECTION('center_axis',(1.,0.,1.22464679914735E-16));
#9798=DIRECTION('ref_axis',(-1.22464679914735E-16,0.,1.));
#9799=DIRECTION('center_axis',(-1.,0.,-1.22464679914735E-16));
#9800=DIRECTION('ref_axis',(-8.65956056235496E-17,-0.707106781186545,0.70710678118655));
#9801=DIRECTION('center_axis',(1.,0.,1.22464679914735E-16));
#9802=DIRECTION('ref_axis',(-1.22464679914735E-16,0.,1.));
#9803=DIRECTION('center_axis',(0.,-1.,0.));
#9804=DIRECTION('ref_axis',(0.,0.,-1.));
#9805=DIRECTION('center_axis',(1.,-3.13651910387461E-13,1.22464679914735E-16));
#9806=DIRECTION('ref_axis',(2.21698797161465E-13,0.707106781186546,0.707106781186549));
#9807=DIRECTION('',(-1.,3.13651910387461E-13,-1.22464679914735E-16));
#9808=DIRECTION('center_axis',(-0.17744391431741,0.984130914701756,8.78608292693833E-13));
#9809=DIRECTION('ref_axis',(3.84999779883303E-13,9.62193288008471E-13,-1.));
#9810=DIRECTION('center_axis',(0.,-1.,0.));
#9811=DIRECTION('ref_axis',(-1.,0.,-1.22464679914735E-16));
#9812=DIRECTION('center_axis',(1.22464679914735E-16,0.,-1.));
#9813=DIRECTION('ref_axis',(-0.843595044670939,-0.536979888456389,-1.03310597123283E-16));
#9814=DIRECTION('center_axis',(1.,0.,1.22464679914735E-16));
#9815=DIRECTION('ref_axis',(1.22464679914735E-16,0.,-1.));
#9816=DIRECTION('center_axis',(-0.98413091471463,0.177443914246011,1.17393205592563E-12));
#9817=DIRECTION('ref_axis',(0.175984547742096,0.976037046303567,-0.127988762002833));
#9818=DIRECTION('center_axis',(1.22464679914735E-16,0.,-1.));
#9819=DIRECTION('ref_axis',(-0.699083542807048,-0.715039999004494,-8.56130423035243E-17));
#9820=DIRECTION('center_axis',(-1.22464679914735E-16,0.,1.));
#9821=DIRECTION('ref_axis',(-1.,0.,-2.01858731750029E-16));
#9822=DIRECTION('center_axis',(0.,-1.,0.));
#9823=DIRECTION('ref_axis',(-1.,0.,-1.22464679914735E-16));
#9824=DIRECTION('center_axis',(-1.,0.,-1.22464679914735E-16));
#9825=DIRECTION('ref_axis',(0.,1.,0.));
#9826=DIRECTION('center_axis',(1.22464679914735E-16,0.,-1.));
#9827=DIRECTION('ref_axis',(0.707106781186548,-0.707106781186548,8.65956056235493E-17));
#9828=DIRECTION('center_axis',(-1.,0.,-1.22464679914735E-16));
#9829=DIRECTION('ref_axis',(8.65956056235477E-17,0.707106781186561,-0.707106781186534));
#9830=DIRECTION('',(-1.,0.,-1.22464679914735E-16));
#9831=DIRECTION('center_axis',(1.,0.,1.22464679914735E-16));
#9832=DIRECTION('ref_axis',(0.,1.,0.));
#9833=DIRECTION('',(-1.22464679914735E-16,0.,1.));
#9834=DIRECTION('',(0.,1.,0.));
#9835=DIRECTION('',(-1.22464679914735E-16,0.,1.));
#9836=DIRECTION('center_axis',(1.22464679914735E-16,0.,-1.));
#9837=DIRECTION('ref_axis',(-7.61394678913673E-15,1.,-9.32439556419456E-31));
#9838=DIRECTION('center_axis',(1.22464679914735E-16,0.,-1.));
#9839=DIRECTION('ref_axis',(1.,0.,1.22464679914735E-16));
#9840=DIRECTION('center_axis',(1.22464679914735E-16,0.,-1.));
#9841=DIRECTION('ref_axis',(0.,-1.,0.));
#9842=DIRECTION('center_axis',(1.22464679914735E-16,0.,-1.));
#9843=DIRECTION('ref_axis',(0.,1.,0.));
#9844=DIRECTION('',(-1.22464679914735E-16,0.,1.));
#9845=DIRECTION('center_axis',(0.,1.,0.));
#9846=DIRECTION('ref_axis',(-1.,0.,-1.22464679914735E-16));
#9847=DIRECTION('',(-1.,0.,-1.22464679914735E-16));
#9848=DIRECTION('',(-1.22464679914735E-16,0.,1.));
#9849=DIRECTION('center_axis',(1.22464679914735E-16,0.,-1.));
#9850=DIRECTION('ref_axis',(-1.,-7.61394678913665E-15,-1.22464679914735E-16));
#9851=DIRECTION('center_axis',(1.22464679914735E-16,0.,-1.));
#9852=DIRECTION('ref_axis',(0.,1.,0.));
#9853=DIRECTION('center_axis',(0.,-1.,0.));
#9854=DIRECTION('ref_axis',(-0.70710678118654,0.,-0.707106781186555));
#9855=DIRECTION('',(0.,-1.,0.));
#9856=DIRECTION('center_axis',(1.,-3.16673018856778E-13,1.22464679914735E-16));
#9857=DIRECTION('ref_axis',(3.16673018856778E-13,1.,3.87812598919283E-29));
#9858=DIRECTION('',(5.26824497156635E-13,1.,6.45173934155287E-29));
#9859=DIRECTION('center_axis',(-1.22464679914735E-16,0.,1.));
#9860=DIRECTION('ref_axis',(-1.,0.,-1.22464679914735E-16));
#9861=DIRECTION('',(3.13968614230004E-13,1.,3.84500658449505E-29));
#9862=DIRECTION('',(3.13968614230004E-13,1.,3.84500658449505E-29));
#9863=DIRECTION('center_axis',(1.22464679914735E-16,0.,-1.));
#9864=DIRECTION('ref_axis',(0.0651036755506762,0.997878505345111,7.97290078758634E-18));
#9865=DIRECTION('',(-1.22464679914735E-16,0.,1.));
#9866=DIRECTION('center_axis',(0.0648887456541984,0.99789250457523,7.94657946661008E-18));
#9867=DIRECTION('ref_axis',(-0.99789250457523,0.0648887456541984,-1.22206586162119E-16));
#9868=DIRECTION('',(0.0190631700443289,-0.00123959763870911,0.999817512821992));
#9869=DIRECTION('center_axis',(-0.0191974423996896,6.02739438699088E-15,
-0.999815712121644));
#9870=DIRECTION('ref_axis',(-0.999815712121644,0.,0.0191974423996896));
#9871=DIRECTION('center_axis',(0.0191974423996896,-6.02739438699089E-15,
0.999815712121644));
#9872=DIRECTION('ref_axis',(-0.999815712121644,8.77721463833785E-11,0.0191974423996896));
#9873=DIRECTION('center_axis',(0.0193595543350267,-1.75726895709864E-12,
0.999812586266021));
#9874=DIRECTION('ref_axis',(0.0646145284613975,0.997909513609836,-0.00125114295419948));
#9875=DIRECTION('center_axis',(1.22464679914735E-16,0.,-1.));
#9876=DIRECTION('ref_axis',(-8.77883247074833E-11,-1.,-1.07509690855528E-26));
#9877=DIRECTION('center_axis',(-0.0191159198323883,6.00150586869061E-15,
-0.999817274110105));
#9878=DIRECTION('ref_axis',(-0.999817274110105,8.77722835077287E-11,0.0191159198323883));
#9879=DIRECTION('center_axis',(1.22464679914735E-16,0.,-1.));
#9880=DIRECTION('ref_axis',(0.116657427822126,0.993172212928818,1.4286414557913E-17));
#9881=DIRECTION('center_axis',(-1.22464679914735E-16,0.,1.));
#9882=DIRECTION('ref_axis',(0.116657427822126,0.993172212928818,1.4286414557913E-17));
#9883=DIRECTION('center_axis',(-1.22464679914735E-16,0.,1.));
#9884=DIRECTION('ref_axis',(-1.,0.,-1.22464679914735E-16));
#9885=DIRECTION('',(0.995234226312889,-0.0975132543574712,-1.25969847485155E-13));
#9886=DIRECTION('',(0.995218874497966,-0.0975459090883501,-0.00491807514467693));
#9887=DIRECTION('center_axis',(-1.22464679914735E-16,0.,1.));
#9888=DIRECTION('ref_axis',(1.,0.,1.22464679914735E-16));
#9889=DIRECTION('',(0.,0.,1.));
#9890=DIRECTION('',(1.,0.,0.));
#9891=CARTESIAN_POINT('',(0.,0.,0.));
#9892=CARTESIAN_POINT('',(0.,0.,0.));
#9893=CARTESIAN_POINT('',(0.,0.,0.));
#9894=CARTESIAN_POINT('',(0.,0.,0.));
#9895=CARTESIAN_POINT('Origin',(-32.4990201142675,-65.8890009685755,2.89999999999999));
#9896=CARTESIAN_POINT('',(-33.3105201142675,-65.8890009685755,1.39999999999999));
#9897=CARTESIAN_POINT('Origin',(-32.4990201142675,-65.8890009685755,1.39999999999999));
#9898=CARTESIAN_POINT('',(-33.3105201142675,-65.8890009685755,4.39999999999999));
#9899=CARTESIAN_POINT('',(-33.3105201142675,-65.8890009685755,2.89999999999999));
#9900=CARTESIAN_POINT('Origin',(-32.4990201142675,-65.8890009685755,4.39999999999999));
#9901=CARTESIAN_POINT('Origin',(-32.4990201142675,-65.8890009685755,4.39999999999999));
#9902=CARTESIAN_POINT('Origin',(-87.6066972798025,-90.23301,2.89999999999998));
#9903=CARTESIAN_POINT('',(-88.4181972798025,-90.23301,1.39999999999998));
#9904=CARTESIAN_POINT('Origin',(-87.6066972798025,-90.23301,1.39999999999998));
#9905=CARTESIAN_POINT('',(-88.4181972798025,-90.23301,4.39999999999998));
#9906=CARTESIAN_POINT('',(-88.4181972798025,-90.23301,2.89999999999998));
#9907=CARTESIAN_POINT('Origin',(-87.6066972798025,-90.23301,4.39999999999998));
#9908=CARTESIAN_POINT('Origin',(-87.6066972798025,-90.23301,4.39999999999998));
#9909=CARTESIAN_POINT('Origin',(-36.8623802798025,-105.013870999999,2.74999999999999));
#9910=CARTESIAN_POINT('',(-37.6738802798025,-105.013870999999,1.39999999999999));
#9911=CARTESIAN_POINT('Origin',(-36.8623802798025,-105.013870999999,1.39999999999999));
#9912=CARTESIAN_POINT('',(-37.6738802798025,-105.013870999999,4.09999999999999));
#9913=CARTESIAN_POINT('',(-37.6738802798025,-105.013870999999,2.74999999999999));
#9914=CARTESIAN_POINT('Origin',(-36.8623802798025,-105.013870999999,4.09999999999999));
#9915=CARTESIAN_POINT('Origin',(-36.8623802798025,-105.013870999999,4.09999999999999));
#9916=CARTESIAN_POINT('Origin',(-22.5010242798025,-129.879859999999,2.64999999999999));
#9917=CARTESIAN_POINT('',(-23.3125242798025,-129.879859999999,1.39999999999999));
#9918=CARTESIAN_POINT('Origin',(-22.5010242798025,-129.879859999999,1.39999999999999));
#9919=CARTESIAN_POINT('',(-23.3125242798025,-129.879859999999,3.89999999999999));
#9920=CARTESIAN_POINT('',(-23.3125242798025,-129.879859999999,2.64999999999999));
#9921=CARTESIAN_POINT('Origin',(-22.5010242798025,-129.879859999999,3.89999999999999));
#9922=CARTESIAN_POINT('Origin',(-22.5010242798025,-129.879859999999,3.89999999999999));
#9923=CARTESIAN_POINT('Origin',(-22.5010242798025,-129.879859999999,1.39999999999999));
#9924=CARTESIAN_POINT('',(-24.5510242798025,-129.879859999999,3.09999999999999));
#9925=CARTESIAN_POINT('Origin',(-22.5010242798025,-129.879859999999,3.09999999999999));
#9926=CARTESIAN_POINT('',(-24.5510242798025,-129.879859999999,1.39999999999999));
#9927=CARTESIAN_POINT('',(-24.5510242798025,-129.879859999999,1.39999999999999));
#9928=CARTESIAN_POINT('Origin',(-22.5010242798025,-129.879859999999,1.39999999999999));
#9929=CARTESIAN_POINT('Origin',(-29.6817022798025,-117.446865499999,1.39999999999999));
#9930=CARTESIAN_POINT('Origin',(-36.8623802798025,-105.013870999999,1.39999999999999));
#9931=CARTESIAN_POINT('',(-38.9123802798024,-105.013870999999,3.09999999999999));
#9932=CARTESIAN_POINT('Origin',(-36.8623802798025,-105.013870999999,3.09999999999999));
#9933=CARTESIAN_POINT('',(-38.9123802798024,-105.013870999999,1.39999999999999));
#9934=CARTESIAN_POINT('',(-38.9123802798025,-105.013870999999,1.39999999999999));
#9935=CARTESIAN_POINT('Origin',(-36.8623802798025,-105.013870999999,1.39999999999999));
#9936=CARTESIAN_POINT('Origin',(-29.6817022798025,-117.446865499999,1.39999999999999));
#9937=CARTESIAN_POINT('Origin',(-87.6066972798025,-90.23301,1.39999999999998));
#9938=CARTESIAN_POINT('',(-89.2935080147255,-91.5661152263601,7.49999999999998));
#9939=CARTESIAN_POINT('',(-89.2935080147255,-88.8999047736399,7.49999999999998));
#9940=CARTESIAN_POINT('Origin',(-87.6066972798025,-90.23301,7.49999999999998));
#9941=CARTESIAN_POINT('',(-89.2935080143304,-88.8999047736399,5.19999999999998));
#9942=CARTESIAN_POINT('',(-89.2935080147255,-88.8999047736399,1.39999999999998));
#9943=CARTESIAN_POINT('',(-89.2935080142942,-91.5661152263601,5.19999999999998));
#9944=CARTESIAN_POINT('Origin',(-87.6066972798025,-90.23301,5.19999999999998));
#9945=CARTESIAN_POINT('',(-89.2935080147255,-91.5661152263601,1.39999999999998));
#9946=CARTESIAN_POINT('Origin',(-89.2935080147255,-59.8156876578151,5.19999999999998));
#9947=CARTESIAN_POINT('',(-89.2935080148125,-92.9674627202591,7.49999999999998));
#9948=CARTESIAN_POINT('',(-89.2935080147255,-60.3406067896772,7.49999999999998));
#9949=CARTESIAN_POINT('',(-89.2935080143331,-92.9674627202591,5.19999999999998));
#9950=CARTESIAN_POINT('',(-89.2935080147255,-59.815687657815,5.19999999999998));
#9951=CARTESIAN_POINT('',(-89.2935080148125,-92.9674627202591,5.19999999999998));
#9952=CARTESIAN_POINT('Origin',(-87.6030231142674,-55.2329389685755,1.39999999999998));
#9953=CARTESIAN_POINT('',(-86.2905537239725,-53.7907447723808,3.09999999999998));
#9954=CARTESIAN_POINT('',(-85.6530231142675,-55.2329389685755,3.09999999999998));
#9955=CARTESIAN_POINT('Origin',(-87.6030231142674,-55.2329389685755,3.09999999999998));
#9956=CARTESIAN_POINT('',(-85.6530231142675,-55.2329389685755,1.39999999999998));
#9957=CARTESIAN_POINT('',(-85.6530231142675,-55.2329389685755,1.39999999999998));
#9958=CARTESIAN_POINT('Origin',(-87.6030231142674,-55.2329389685755,1.39999999999998));
#9959=CARTESIAN_POINT('',(-87.5627634242355,-57.1825233236006,3.09999999999998));
#9960=CARTESIAN_POINT('Origin',(-87.6030231142674,-55.2329389685755,3.09999999999998));
#9961=CARTESIAN_POINT('',(-87.5627634242345,-57.1825233236006,5.19999999999998));
#9962=CARTESIAN_POINT('',(-87.5627634242335,-57.1825233236005,1.39999999999998));
#9963=CARTESIAN_POINT('',(-89.5530231142675,-55.2329390519399,5.19999999999998));
#9964=CARTESIAN_POINT('Origin',(-87.6030231142674,-55.2329389685755,5.19999999999998));
#9965=CARTESIAN_POINT('',(-89.5530231142675,-55.2329390519399,2.59999999999998));
#9966=CARTESIAN_POINT('',(-89.5530231142675,-55.2329390519399,1.39999999999998));
#9967=CARTESIAN_POINT('',(-86.2905537239725,-53.7907447723808,2.59999999999998));
#9968=CARTESIAN_POINT('Origin',(-87.6030231142674,-55.2329389685755,2.59999999999998));
#9969=CARTESIAN_POINT('',(-86.2905537239725,-53.7907447723808,1.39999999999998));
#9970=CARTESIAN_POINT('Origin',(-86.2905537239725,-53.7907447723808,3.09999999999998));
#9971=CARTESIAN_POINT('',(-86.2905537435406,-53.3330099994581,3.09999999999998));
#9972=CARTESIAN_POINT('',(-86.2905523085215,-86.899938533214,3.09999999999998));
#9973=CARTESIAN_POINT('',(-86.2905537435408,-53.3330099994581,2.59999999999998));
#9974=CARTESIAN_POINT('',(-86.2905537239725,-53.7907447723808,2.59999999999998));
#9975=CARTESIAN_POINT('',(-86.2905537435405,-53.3330099999956,2.84999999999998));
#9976=CARTESIAN_POINT('Origin',(-104.106704001413,-53.33300999999,2.59999999999998));
#9977=CARTESIAN_POINT('',(-71.6422886453813,-53.3330100000002,2.59999999999998));
#9978=CARTESIAN_POINT('',(-77.8125043399175,-53.3330099999982,2.59999999999998));
#9979=CARTESIAN_POINT('',(-71.6422886453813,-53.3330100000002,3.09999999999998));
#9980=CARTESIAN_POINT('',(-71.6422886453813,-53.3330100000002,2.59999999999998));
#9981=CARTESIAN_POINT('',(-70.6786314840419,-53.3330100000005,3.09999999999998));
#9982=CARTESIAN_POINT('Origin',(-37.7953393940535,-120.00913022083,3.09999999999999));
#9983=CARTESIAN_POINT('',(-71.4922157704118,-52.4825922465694,3.09999999999998));
#9984=CARTESIAN_POINT('',(-74.2494088042075,-68.106774205183,3.09999999999998));
#9985=CARTESIAN_POINT('',(-69.1287375433907,-50.4996769999974,3.09999999999998));
#9986=CARTESIAN_POINT('Origin',(-69.1287315071475,-52.8996814263601,3.09999999999998));
#9987=CARTESIAN_POINT('',(-54.1422886453812,-50.499677,3.09999999999999));
#9988=CARTESIAN_POINT('',(-53.189648255033,-50.4996770000002,3.09999999999999));
#9989=CARTESIAN_POINT('',(-53.9922132524831,-49.6492449782262,3.09999999999999));
#9990=CARTESIAN_POINT('',(-57.2561160103648,-68.1447982308651,3.09999999999999));
#9991=CARTESIAN_POINT('',(-51.6287491061123,-47.6663439999957,3.09999999999999));
#9992=CARTESIAN_POINT('Origin',(-51.6286891908395,-50.06639886412,3.09999999999999));
#9993=CARTESIAN_POINT('',(-34.3851777329059,-47.666344,3.09999999999999));
#9994=CARTESIAN_POINT('',(-44.4396540363919,-47.6663439999975,3.09999999999999));
#9995=CARTESIAN_POINT('',(-32.1096352535117,-49.3035016871713,3.09999999999999));
#9996=CARTESIAN_POINT('Origin',(-34.3851564714315,-50.0663211577,3.09999999999999));
#9997=CARTESIAN_POINT('',(-31.6322521610737,-52.0108705114514,3.09999999999999));
#9998=CARTESIAN_POINT('',(-28.6650475947355,-68.8386913233247,3.09999999999999));
#9999=CARTESIAN_POINT('',(-30.0566132606209,-53.3330100009909,3.09999999999999));
#10000=CARTESIAN_POINT('Origin',(-30.0566414315245,-51.73310241344,3.09999999999999));
#10001=CARTESIAN_POINT('',(2.97621084214598,-53.3330100007239,3.09999999999999));
#10002=CARTESIAN_POINT('',(-33.6535861142098,-53.3330100010988,3.09999999999999));
#10003=CARTESIAN_POINT('',(5.37616736631959,-55.7352092150673,3.09999999999999));
#10004=CARTESIAN_POINT('Origin',(2.97600663413454,-55.73317528596,3.09999999999999));
#10005=CARTESIAN_POINT('',(5.35776559861971,-77.4460559995496,3.09999999999999));
#10006=CARTESIAN_POINT('',(5.36139362321244,-73.1647655588707,3.09999999999999));
#10007=CARTESIAN_POINT('',(6.54370719564504,-78.9929328338673,3.09999999999999));
#10008=CARTESIAN_POINT('Origin',(6.95787727062554,-77.44735132802,3.09999999999999));
#10009=CARTESIAN_POINT('',(10.4694143790767,-80.044823412006,3.1));
#10010=CARTESIAN_POINT('',(-12.4417927795932,-73.9057809878278,3.09999999999999));
#10011=CARTESIAN_POINT('',(12.1679394703509,-83.0360998536674,3.1));
#10012=CARTESIAN_POINT('Origin',(9.85570168007454,-82.3711772853,3.09999999999999));
#10013=CARTESIAN_POINT('',(5.42610443145428,-108.196968321569,3.09999999999999));
#10014=CARTESIAN_POINT('',(9.57245252846254,-92.7225880548706,3.09999999999999));
#10015=CARTESIAN_POINT('',(5.37159268782454,-108.611445811335,3.09999999999999));
#10016=CARTESIAN_POINT('Origin',(6.97093798365564,-108.6109669921,3.09999999999999));
#10017=CARTESIAN_POINT('',(5.37785973622859,-131.036384593713,3.09999999999999));
#10018=CARTESIAN_POINT('',(5.36906741067054,-99.5754398424733,3.09999999999999));
#10019=CARTESIAN_POINT('',(2.97784442027444,-133.436344003511,3.09999999999999));
#10020=CARTESIAN_POINT('Origin',(2.97791071887854,-131.0363949986,3.09999999999999));
#10021=CARTESIAN_POINT('',(-19.5700674076331,-133.436344001531,3.09999999999999));
#10022=CARTESIAN_POINT('',(-17.1363572750863,-133.436344001745,3.09999999999999));
#10023=CARTESIAN_POINT('',(-29.6631937062921,-133.218755308672,3.09999999999999));
#10024=CARTESIAN_POINT('Origin',(-19.570067387073,100.763655998469,3.09999999999999));
#10025=CARTESIAN_POINT('',(-29.6631937062921,-132.217821379249,3.09999999999999));
#10026=CARTESIAN_POINT('',(-29.663193706292,-124.254566052913,3.09999999999999));
#10027=CARTESIAN_POINT('',(-28.8571343235662,-132.251344350687,3.09999999999999));
#10028=CARTESIAN_POINT('Origin',(-19.570067387073,100.763655998469,3.09999999999999));
#10029=CARTESIAN_POINT('',(-28.8571343235662,-121.000001788139,3.09999999999999));
#10030=CARTESIAN_POINT('',(-28.8571343235662,-120.504566004484,3.09999999999999));
#10031=CARTESIAN_POINT('',(-52.4365913920247,-121.000001788139,3.09999999999999));
#10032=CARTESIAN_POINT('',(-45.1159653930391,-121.000001788139,3.09999999999999));
#10033=CARTESIAN_POINT('',(-52.4365913920247,-130.331619370832,3.09999999999999));
#10034=CARTESIAN_POINT('',(-52.4365913920247,-125.170374795831,3.09999999999999));
#10035=CARTESIAN_POINT('',(-51.663193706292,-130.40739703528,3.09999999999999));
#10036=CARTESIAN_POINT('',(-40.9877425794324,-131.45337993417,3.09999999999999));
#10037=CARTESIAN_POINT('',(-51.663193706292,-131.411152411002,3.09999999999999));
#10038=CARTESIAN_POINT('',(-51.663193706292,-127.941292294701,3.09999999999999));
#10039=CARTESIAN_POINT('',(-53.0558650353057,-131.274513308987,3.09999999999999));
#10040=CARTESIAN_POINT('',(-53.0558650353057,-131.274513308987,3.09999999999999));
#10041=CARTESIAN_POINT('',(-53.0797685717048,-131.272956196816,3.09999999999999));
#10042=CARTESIAN_POINT('Origin',(-60.8407483255405,-250.5975413291,3.09999999999999));
#10043=CARTESIAN_POINT('',(-53.0833627161422,-131.272722484745,3.09999999999999));
#10044=CARTESIAN_POINT('',(-53.0833627161422,-131.272722484745,3.09999999999999));
#10045=CARTESIAN_POINT('',(-82.9845592009475,-133.08906902329,3.09999999999998));
#10046=CARTESIAN_POINT('Origin',(-60.8407483255405,-250.5975413291,3.09999999999999));
#10047=CARTESIAN_POINT('',(-95.6585493592845,-137.087888230095,3.09999999999998));
#10048=CARTESIAN_POINT('Origin',(-72.651237157224,-187.923934351299,3.09999999999998));
#10049=CARTESIAN_POINT('',(-104.973861310613,-141.303800101224,3.09999999999998));
#10050=CARTESIAN_POINT('',(-89.7096294865885,-134.395533745058,3.09999999999998));
#10051=CARTESIAN_POINT('',(-108.138560187687,-140.131592037432,3.09999999999998));
#10052=CARTESIAN_POINT('Origin',(-105.963419194682,-139.1172918197,3.09999999999998));
#10053=CARTESIAN_POINT('',(-115.073427935715,-125.259718842565,3.09999999999998));
#10054=CARTESIAN_POINT('',(-108.169944860461,-140.064287383514,3.09999999999998));
#10055=CARTESIAN_POINT('',(-113.89817085581,-122.063663762233,3.09999999999998));
#10056=CARTESIAN_POINT('Origin',(-112.898180598812,-124.2454923276,3.09999999999998));
#10057=CARTESIAN_POINT('',(-107.349266731134,-119.062448573353,3.09999999999998));
#10058=CARTESIAN_POINT('',(-103.264244180635,-117.190374789394,3.09999999999998));
#10059=CARTESIAN_POINT('',(-106.506697279592,-117.749468426892,3.09999999999998));
#10060=CARTESIAN_POINT('Origin',(-108.748967563469,-117.237390333198,3.09999999999998));
#10061=CARTESIAN_POINT('',(-106.506697279595,-116.764468152402,3.09999999999998));
#10062=CARTESIAN_POINT('',(-106.506697279573,-123.445176460209,3.09999999999998));
#10063=CARTESIAN_POINT('',(-101.304908275181,-116.764468152398,3.09999999999998));
#10064=CARTESIAN_POINT('',(-94.9570643704125,-116.764468152396,3.09999999999998));
#10065=CARTESIAN_POINT('',(-101.304908275182,-115.000001683831,3.09999999999998));
#10066=CARTESIAN_POINT('',(-101.30490827518,-119.71641957387,3.09999999999998));
#10067=CARTESIAN_POINT('',(-99.3049082751824,-113.000001683832,3.09999999999998));
#10068=CARTESIAN_POINT('',(-78.6791565276165,-92.374249936264,3.09999999999998));
#10069=CARTESIAN_POINT('',(-87.3066972797275,-113.000001683836,3.09999999999998));
#10070=CARTESIAN_POINT('',(-92.5562683681025,-113.000001683834,3.09999999999998));
#10071=CARTESIAN_POINT('',(-87.3066972797255,-107.052771209583,3.09999999999998));
#10072=CARTESIAN_POINT('',(-87.3066972797294,-117.834186339585,3.09999999999998));
#10073=CARTESIAN_POINT('',(-87.3050742451724,-107.052771209583,3.09999999999998));
#10074=CARTESIAN_POINT('',(-84.3064390463624,-107.05277120958,3.09999999999998));
#10075=CARTESIAN_POINT('',(-87.3050742451724,-92.1595414804022,3.09999999999998));
#10076=CARTESIAN_POINT('',(-87.3050742451724,-91.7023716113744,3.09999999999998));
#10077=CARTESIAN_POINT('',(-85.6566972798025,-90.23301,3.09999999999998));
#10078=CARTESIAN_POINT('Origin',(-87.6066972798025,-90.23301,3.09999999999998));
#10079=CARTESIAN_POINT('',(-87.3095043240475,-88.3057901508261,3.09999999999998));
#10080=CARTESIAN_POINT('Origin',(-87.6066972798025,-90.23301,3.09999999999998));
#10081=CARTESIAN_POINT('',(-87.5627634242345,-62.1309141314651,3.09999999999998));
#10082=CARTESIAN_POINT('',(-87.3050742451724,-88.7636483886257,3.09999999999998));
#10083=CARTESIAN_POINT('',(-87.5627634242355,-60.0340579342673,3.09999999999998));
#10084=CARTESIAN_POINT('',(-55.9052496316855,-128.219438209569,3.09999999999999));
#10085=CARTESIAN_POINT('',(-54.4685939953371,-126.782782573218,3.09999999999999));
#10086=CARTESIAN_POINT('Origin',(-55.9052496316876,-126.782782573219,3.09999999999999));
#10087=CARTESIAN_POINT('',(-54.4685939953506,-113.382782573218,3.09999999999999));
#10088=CARTESIAN_POINT('',(-54.4685939953506,-113.382782573218,3.09999999999999));
#10089=CARTESIAN_POINT('',(-55.9052496317011,-111.94612693687,3.09999999999999));
#10090=CARTESIAN_POINT('Origin',(-55.9052496316999,-113.382782573219,3.09999999999999));
#10091=CARTESIAN_POINT('',(-69.3052496317012,-111.946126936883,3.09999999999998));
#10092=CARTESIAN_POINT('',(-69.8564390463679,-111.946126936883,3.09999999999998));
#10093=CARTESIAN_POINT('',(-70.7419052680497,-113.382782573233,3.09999999999998));
#10094=CARTESIAN_POINT('Origin',(-69.3052496316999,-113.382782573232,3.09999999999998));
#10095=CARTESIAN_POINT('',(-70.7419052680368,-126.782782573233,3.09999999999998));
#10096=CARTESIAN_POINT('',(-70.7419052680453,-118.025576784278,3.09999999999998));
#10097=CARTESIAN_POINT('',(-69.3052496316855,-128.219438209581,3.09999999999998));
#10098=CARTESIAN_POINT('Origin',(-69.305249631687,-126.782782573232,3.09999999999998));
#10099=CARTESIAN_POINT('',(-76.5564390463525,-128.219438209588,3.09999999999998));
#10100=CARTESIAN_POINT('',(-86.2419052680365,-105.616115573233,3.09999999999998));
#10101=CARTESIAN_POINT('',(-84.8052496316855,-107.052771209581,3.09999999999998));
#10102=CARTESIAN_POINT('Origin',(-84.8052496316875,-105.616115573232,3.09999999999998));
#10103=CARTESIAN_POINT('',(-71.4052496316856,-107.052771209568,3.09999999999998));
#10104=CARTESIAN_POINT('',(-84.3064390463624,-107.05277120958,3.09999999999998));
#10105=CARTESIAN_POINT('',(-69.9685939953379,-105.616115573218,3.09999999999998));
#10106=CARTESIAN_POINT('Origin',(-71.405249631687,-105.616115573219,3.09999999999998));
#10107=CARTESIAN_POINT('',(-69.9685939953506,-92.2161155732175,3.09999999999998));
#10108=CARTESIAN_POINT('',(-69.9685939953506,-92.2161155732175,3.09999999999998));
#10109=CARTESIAN_POINT('',(-71.4052496317011,-90.7794599368696,3.09999999999998));
#10110=CARTESIAN_POINT('Origin',(-71.4052496316999,-92.2161155732189,3.09999999999998));
#10111=CARTESIAN_POINT('',(-84.8052496317015,-90.7794599368826,3.09999999999998));
#10112=CARTESIAN_POINT('',(-84.8052496317015,-90.7794599368826,3.09999999999998));
#10113=CARTESIAN_POINT('',(-86.2419052680495,-92.2161155732332,3.09999999999998));
#10114=CARTESIAN_POINT('Origin',(-84.8052496316994,-92.2161155732319,3.09999999999998));
#10115=CARTESIAN_POINT('',(-86.2419052680365,-105.616115573233,3.09999999999998));
#10116=CARTESIAN_POINT('',(-68.741905268036,-102.782782573233,3.09999999999998));
#10117=CARTESIAN_POINT('',(-67.3052496316855,-104.219438209581,3.09999999999998));
#10118=CARTESIAN_POINT('Origin',(-67.3052496316869,-102.782782573232,3.09999999999998));
#10119=CARTESIAN_POINT('',(-53.9052496316855,-104.219438209569,3.09999999999999));
#10120=CARTESIAN_POINT('',(-75.5564390463635,-104.219438209589,3.09999999999998));
#10121=CARTESIAN_POINT('',(-52.4685939953371,-102.782782573218,3.09999999999999));
#10122=CARTESIAN_POINT('Origin',(-53.905249631687,-102.782782573219,3.09999999999999));
#10123=CARTESIAN_POINT('',(-52.4685939953506,-89.3827825732175,3.09999999999999));
#10124=CARTESIAN_POINT('',(-52.4685939953506,-89.3827825732175,3.09999999999999));
#10125=CARTESIAN_POINT('',(-53.9052496317011,-87.9461269368696,3.09999999999999));
#10126=CARTESIAN_POINT('Origin',(-53.9052496317,-89.382782573219,3.09999999999999));
#10127=CARTESIAN_POINT('',(-67.3052496317012,-87.9461269368826,3.09999999999998));
#10128=CARTESIAN_POINT('',(-67.3052496317012,-87.9461269368826,3.09999999999998));
#10129=CARTESIAN_POINT('',(-68.7419052680498,-89.3827825732332,3.09999999999998));
#10130=CARTESIAN_POINT('Origin',(-67.3052496316999,-89.3827825732319,3.09999999999998));
#10131=CARTESIAN_POINT('',(-68.741905268036,-102.782782573233,3.09999999999998));
#10132=CARTESIAN_POINT('',(-76.0427820930685,-113.939152145576,3.09999999999998));
#10133=CARTESIAN_POINT('',(-77.7467408593225,-112.832588384279,3.09999999999998));
#10134=CARTESIAN_POINT('Origin',(-77.4480433568445,-114.237849648054,3.09999999999998));
#10135=CARTESIAN_POINT('',(-90.8539187091525,-115.618605041252,3.09999999999998));
#10136=CARTESIAN_POINT('',(-81.6463301445174,-113.66147167467,3.09999999999998));
#10137=CARTESIAN_POINT('',(-91.9604824704504,-117.322563807506,3.09999999999998));
#10138=CARTESIAN_POINT('Origin',(-90.5552212066745,-117.023866305028,3.09999999999998));
#10139=CARTESIAN_POINT('',(-89.1744658134775,-130.429741657335,3.09999999999998));
#10140=CARTESIAN_POINT('',(-91.2406857373455,-120.708941190755,3.09999999999998));
#10141=CARTESIAN_POINT('',(-87.4705070472234,-131.536305418633,3.09999999999998));
#10142=CARTESIAN_POINT('Origin',(-87.7692045497015,-130.131044154857,3.09999999999998));
#10143=CARTESIAN_POINT('',(-74.3633291973935,-128.750288761659,3.09999999999998));
#10144=CARTESIAN_POINT('',(-84.8165074075035,-130.972180380537,3.09999999999998));
#10145=CARTESIAN_POINT('',(-73.2567654360954,-127.046329995406,3.09999999999998));
#10146=CARTESIAN_POINT('Origin',(-74.6620266998715,-127.345027497884,3.09999999999998));
#10147=CARTESIAN_POINT('',(-73.9299770314775,-123.879118453741,3.09999999999998));
#10148=CARTESIAN_POINT('',(-112.21765828065,-125.553434661293,3.09999999999998));
#10149=CARTESIAN_POINT('',(-106.554573573311,-137.697959007578,3.09999999999998));
#10150=CARTESIAN_POINT('',(-110.23307636279,-129.809384318448,3.09999999999998));
#10151=CARTESIAN_POINT('',(-104.645364475042,-138.392854290336,3.09999999999998));
#10152=CARTESIAN_POINT('Origin',(-105.252521382798,-137.090802099823,3.09999999999998));
#10153=CARTESIAN_POINT('',(-92.5008401287585,-132.729769582997,3.09999999999998));
#10154=CARTESIAN_POINT('',(-93.0759575783465,-132.997951254079,3.09999999999998));
#10155=CARTESIAN_POINT('',(-91.8059448459995,-130.820560484728,3.09999999999998));
#10156=CARTESIAN_POINT('Origin',(-93.1079970365134,-131.427717392484,3.09999999999998));
#10157=CARTESIAN_POINT('',(-97.4690295533385,-118.676036138443,3.09999999999998));
#10158=CARTESIAN_POINT('',(-92.6529052818094,-129.004247968741,3.09999999999998));
#10159=CARTESIAN_POINT('',(-99.3782386516075,-117.981140855686,3.09999999999998));
#10160=CARTESIAN_POINT('Origin',(-98.7710817438515,-119.283193046199,3.09999999999998));
#10161=CARTESIAN_POINT('',(-111.522762997892,-123.644225563025,3.09999999999998));
#10162=CARTESIAN_POINT('',(-93.8810939280525,-115.417780173099,3.09999999999998));
#10163=CARTESIAN_POINT('Origin',(-110.915606090136,-124.946277753538,3.09999999999998));
#10164=CARTESIAN_POINT('',(-12.9424946670342,-59.6518266008602,3.09999999999999));
#10165=CARTESIAN_POINT('',(-14.2484706058919,-58.095425083888,3.09999999999999));
#10166=CARTESIAN_POINT('Origin',(-14.3736833949491,-59.5266138118029,3.09999999999999));
#10167=CARTESIAN_POINT('',(-27.5974795603224,-56.9275381310819,3.09999999999999));
#10168=CARTESIAN_POINT('',(-27.5974795603224,-56.9275381310819,3.09999999999999));
#10169=CARTESIAN_POINT('',(-29.1538810772953,-58.2335140699402,3.09999999999999));
#10170=CARTESIAN_POINT('Origin',(-27.7226923493797,-58.3587268589974,3.09999999999999));
#10171=CARTESIAN_POINT('',(-30.3217680301008,-71.5825230243707,3.09999999999999));
#10172=CARTESIAN_POINT('',(-30.3217680301008,-71.5825230243707,3.09999999999999));
#10173=CARTESIAN_POINT('',(-29.0157920912423,-73.1389245413426,3.09999999999999));
#10174=CARTESIAN_POINT('Origin',(-28.8905793021853,-71.707735813428,3.09999999999999));
#10175=CARTESIAN_POINT('',(-15.6667831368119,-74.306811494149,3.09999999999999));
#10176=CARTESIAN_POINT('',(-15.6667831368119,-74.306811494149,3.09999999999999));
#10177=CARTESIAN_POINT('',(-14.1103816198391,-73.0008355552908,3.09999999999999));
#10178=CARTESIAN_POINT('Origin',(-15.5415703477546,-72.8756227662335,3.09999999999999));
#10179=CARTESIAN_POINT('',(-12.9424946670342,-59.6518266008602,3.09999999999999));
#10180=CARTESIAN_POINT('',(-53.9052496316855,-86.7194382095688,3.09999999999999));
#10181=CARTESIAN_POINT('',(-52.4685939953371,-85.2827825732176,3.09999999999999));
#10182=CARTESIAN_POINT('Origin',(-53.905249631687,-85.2827825732189,3.09999999999999));
#10183=CARTESIAN_POINT('',(-52.4685939953506,-71.8827825732175,3.09999999999999));
#10184=CARTESIAN_POINT('',(-52.4685939953506,-71.8827825732175,3.09999999999999));
#10185=CARTESIAN_POINT('',(-53.9052496317011,-70.4461269368696,3.09999999999999));
#10186=CARTESIAN_POINT('Origin',(-53.9052496316999,-71.8827825732189,3.09999999999999));
#10187=CARTESIAN_POINT('',(-67.3052496317013,-70.4461269368826,3.09999999999998));
#10188=CARTESIAN_POINT('',(-67.3052496317013,-70.4461269368826,3.09999999999998));
#10189=CARTESIAN_POINT('',(-68.7419052680498,-71.8827825732332,3.09999999999998));
#10190=CARTESIAN_POINT('Origin',(-67.3052496316999,-71.8827825732319,3.09999999999998));
#10191=CARTESIAN_POINT('',(-68.741905268036,-85.2827825732332,3.09999999999998));
#10192=CARTESIAN_POINT('',(-68.741905268036,-85.2827825732332,3.09999999999998));
#10193=CARTESIAN_POINT('',(-67.3052496316856,-86.7194382095808,3.09999999999998));
#10194=CARTESIAN_POINT('Origin',(-67.3052496316869,-85.2827825732318,3.09999999999998));
#10195=CARTESIAN_POINT('',(-53.9052496316855,-86.7194382095688,3.09999999999999));
#10196=CARTESIAN_POINT('',(-14.4677196670343,-77.0852346008602,3.09999999999999));
#10197=CARTESIAN_POINT('',(-15.773695605892,-75.528833083888,3.09999999999999));
#10198=CARTESIAN_POINT('Origin',(-15.8989083949492,-76.9600218118029,3.09999999999999));
#10199=CARTESIAN_POINT('',(-29.1227045603225,-74.3609461310819,3.09999999999999));
#10200=CARTESIAN_POINT('',(-29.1227045603225,-74.3609461310819,3.09999999999999));
#10201=CARTESIAN_POINT('',(-30.6791060772953,-75.6669220699402,3.09999999999999));
#10202=CARTESIAN_POINT('Origin',(-29.2479173493797,-75.7921348589974,3.09999999999999));
#10203=CARTESIAN_POINT('',(-31.8469930301008,-89.0159310243708,3.09999999999999));
#10204=CARTESIAN_POINT('',(-31.8469930301008,-89.0159310243708,3.09999999999999));
#10205=CARTESIAN_POINT('',(-30.5410170912423,-90.5723325413426,3.09999999999999));
#10206=CARTESIAN_POINT('Origin',(-30.4158043021854,-89.141143813428,3.09999999999999));
#10207=CARTESIAN_POINT('',(-17.1920081368119,-91.740219494149,3.09999999999999));
#10208=CARTESIAN_POINT('',(-17.1920081368119,-91.740219494149,3.09999999999999));
#10209=CARTESIAN_POINT('',(-15.6356066198391,-90.4342435552908,3.09999999999999));
#10210=CARTESIAN_POINT('Origin',(-17.0667953477547,-90.3090307662335,3.09999999999999));
#10211=CARTESIAN_POINT('',(-14.4677196670343,-77.0852346008602,3.09999999999999));
#10212=CARTESIAN_POINT('',(-0.36232573236946,-114.6378657833,3.09999999999999));
#10213=CARTESIAN_POINT('',(1.39721089020574,-113.621996840606,3.09999999999999));
#10214=CARTESIAN_POINT('Origin',(0.00950810757113896,-113.250163000665,
3.09999999999999));
#10215=CARTESIAN_POINT('',(4.86538609457214,-100.678590768331,3.09999999999999));
#10216=CARTESIAN_POINT('',(4.86538609457214,-100.678590768331,3.09999999999999));
#10217=CARTESIAN_POINT('',(3.84951715187904,-98.9190541457569,3.09999999999999));
#10218=CARTESIAN_POINT('Origin',(3.47768331193864,-100.30675692839,3.09999999999999));
#10219=CARTESIAN_POINT('',(-9.09388892039596,-95.4508789413888,3.09999999999999));
#10220=CARTESIAN_POINT('',(-9.09388892039596,-95.4508789413888,3.09999999999999));
#10221=CARTESIAN_POINT('',(-10.8534255429713,-96.4667478840821,3.09999999999999));
#10222=CARTESIAN_POINT('Origin',(-9.46572276033656,-96.8385817240228,3.09999999999999));
#10223=CARTESIAN_POINT('',(-14.3216007473371,-109.410153956358,3.09999999999999));
#10224=CARTESIAN_POINT('',(-14.3216007473371,-109.410153956358,3.09999999999999));
#10225=CARTESIAN_POINT('',(-13.3057318046443,-111.169690578931,3.09999999999999));
#10226=CARTESIAN_POINT('Origin',(-12.9338979647041,-109.781987796298,3.09999999999999));
#10227=CARTESIAN_POINT('',(-0.36232573236946,-114.6378657833,3.09999999999999));
#10228=CARTESIAN_POINT('',(-69.9685939953506,-57.2161165732175,3.09999999999998));
#10229=CARTESIAN_POINT('',(-71.4052496317011,-55.7794609368696,3.09999999999998));
#10230=CARTESIAN_POINT('Origin',(-71.4052496316999,-57.2161165732189,3.09999999999998));
#10231=CARTESIAN_POINT('',(-84.8052496317015,-55.779460936882,3.09999999999998));
#10232=CARTESIAN_POINT('',(-84.8052496317015,-55.779460936882,3.09999999999998));
#10233=CARTESIAN_POINT('',(-86.2419052680495,-57.2161165732332,3.09999999999998));
#10234=CARTESIAN_POINT('Origin',(-84.8052496316994,-57.2161165732318,3.09999999999998));
#10235=CARTESIAN_POINT('',(-86.2419052680365,-70.6161165732332,3.09999999999998));
#10236=CARTESIAN_POINT('',(-86.2419052680365,-70.6161165732332,3.09999999999998));
#10237=CARTESIAN_POINT('',(-84.8052496316855,-72.0527722095808,3.09999999999998));
#10238=CARTESIAN_POINT('Origin',(-84.8052496316875,-70.6161165732318,3.09999999999998));
#10239=CARTESIAN_POINT('',(-71.4052496316856,-72.0527722095688,3.09999999999998));
#10240=CARTESIAN_POINT('',(-71.4052496316856,-72.0527722095688,3.09999999999998));
#10241=CARTESIAN_POINT('',(-69.9685939953371,-70.6161165732175,3.09999999999998));
#10242=CARTESIAN_POINT('Origin',(-71.405249631687,-70.6161165732189,3.09999999999998));
#10243=CARTESIAN_POINT('',(-69.9685939953506,-57.2161165732175,3.09999999999998));
#10244=CARTESIAN_POINT('',(-71.4052496316856,-89.5527722095688,3.09999999999998));
#10245=CARTESIAN_POINT('',(-69.9685939953371,-88.1161165732176,3.09999999999998));
#10246=CARTESIAN_POINT('Origin',(-71.405249631687,-88.1161165732189,3.09999999999998));
#10247=CARTESIAN_POINT('',(-69.9685939953506,-74.7161165732175,3.09999999999998));
#10248=CARTESIAN_POINT('',(-69.9685939953506,-74.7161165732175,3.09999999999998));
#10249=CARTESIAN_POINT('',(-71.4052496317011,-73.2794609368696,3.09999999999998));
#10250=CARTESIAN_POINT('Origin',(-71.4052496316999,-74.7161165732189,3.09999999999998));
#10251=CARTESIAN_POINT('',(-84.8052496317015,-73.2794609368826,3.09999999999998));
#10252=CARTESIAN_POINT('',(-84.8052496317015,-73.2794609368826,3.09999999999998));
#10253=CARTESIAN_POINT('',(-86.2419052680495,-74.7161165732332,3.09999999999998));
#10254=CARTESIAN_POINT('Origin',(-84.8052496316994,-74.7161165732318,3.09999999999998));
#10255=CARTESIAN_POINT('',(-86.2419052680365,-88.1161165732332,3.09999999999998));
#10256=CARTESIAN_POINT('',(-86.2419052680365,-88.1161165732332,3.09999999999998));
#10257=CARTESIAN_POINT('',(-84.8052496316855,-89.5527722095808,3.09999999999998));
#10258=CARTESIAN_POINT('Origin',(-84.8052496316875,-88.1161165732318,3.09999999999998));
#10259=CARTESIAN_POINT('',(-71.4052496316856,-89.5527722095688,3.09999999999998));
#10260=CARTESIAN_POINT('',(-18.7172341368119,-109.173626494129,3.09999999999999));
#10261=CARTESIAN_POINT('',(-17.1608326198391,-107.867650555271,3.09999999999999));
#10262=CARTESIAN_POINT('Origin',(-18.5920213477546,-107.742437766213,3.09999999999999));
#10263=CARTESIAN_POINT('',(-15.9929456670342,-94.5186416008402,3.09999999999999));
#10264=CARTESIAN_POINT('',(-15.9929456670342,-94.5186416008402,3.09999999999999));
#10265=CARTESIAN_POINT('',(-17.298921605892,-92.962240083868,3.09999999999999));
#10266=CARTESIAN_POINT('Origin',(-17.4241343949492,-94.393428811783,3.09999999999999));
#10267=CARTESIAN_POINT('',(-30.6479305603225,-91.7943531310626,3.09999999999999));
#10268=CARTESIAN_POINT('',(-30.6479305603225,-91.7943531310626,3.09999999999999));
#10269=CARTESIAN_POINT('',(-32.2043320772953,-93.1003290699202,3.09999999999999));
#10270=CARTESIAN_POINT('Origin',(-30.7731433493797,-93.2255418589775,3.09999999999999));
#10271=CARTESIAN_POINT('',(-33.3722190301,-106.449338024351,3.09999999999999));
#10272=CARTESIAN_POINT('',(-33.3722190301,-106.449338024351,3.09999999999999));
#10273=CARTESIAN_POINT('',(-32.0662430912423,-108.005739541323,3.09999999999999));
#10274=CARTESIAN_POINT('Origin',(-31.9410303021853,-106.574550813408,3.09999999999999));
#10275=CARTESIAN_POINT('',(-18.7172341368119,-109.173626494129,3.09999999999999));
#10276=CARTESIAN_POINT('',(-52.4685939953506,-54.3827825732175,3.09999999999999));
#10277=CARTESIAN_POINT('',(-53.9052496317011,-52.9461269368696,3.09999999999999));
#10278=CARTESIAN_POINT('Origin',(-53.9052496316999,-54.3827825732189,3.09999999999999));
#10279=CARTESIAN_POINT('',(-67.3052496317013,-52.946126936882,3.09999999999998));
#10280=CARTESIAN_POINT('',(-67.3052496317013,-52.946126936882,3.09999999999998));
#10281=CARTESIAN_POINT('',(-68.7419052680498,-54.3827825732332,3.09999999999998));
#10282=CARTESIAN_POINT('Origin',(-67.3052496316999,-54.3827825732318,3.09999999999998));
#10283=CARTESIAN_POINT('',(-68.7419052680369,-67.7827825732332,3.09999999999998));
#10284=CARTESIAN_POINT('',(-68.7419052680369,-67.7827825732332,3.09999999999998));
#10285=CARTESIAN_POINT('',(-67.3052496316856,-69.2194382095808,3.09999999999998));
#10286=CARTESIAN_POINT('Origin',(-67.3052496316869,-67.7827825732318,3.09999999999998));
#10287=CARTESIAN_POINT('',(-53.9052496316855,-69.2194382095688,3.09999999999999));
#10288=CARTESIAN_POINT('',(-53.9052496316855,-69.2194382095688,3.09999999999999));
#10289=CARTESIAN_POINT('',(-52.4685939953371,-67.7827825732175,3.09999999999999));
#10290=CARTESIAN_POINT('Origin',(-53.905249631687,-67.7827825732189,3.09999999999999));
#10291=CARTESIAN_POINT('',(-52.4685939953506,-54.3827825732175,3.09999999999999));
#10292=CARTESIAN_POINT('',(-30.5490201142675,-65.8890009685755,3.09999999999999));
#10293=CARTESIAN_POINT('Origin',(-32.4990201142675,-65.8890009685755,3.09999999999999));
#10294=CARTESIAN_POINT('',(-4.89165873236936,-131.5415677833,3.09999999999999));
#10295=CARTESIAN_POINT('',(-3.13212210979456,-130.525698840606,3.09999999999999));
#10296=CARTESIAN_POINT('Origin',(-4.51982489242886,-130.153865000666,3.09999999999999));
#10297=CARTESIAN_POINT('',(0.336053094572444,-117.582292768331,3.09999999999999));
#10298=CARTESIAN_POINT('',(0.336053094572444,-117.582292768331,3.09999999999999));
#10299=CARTESIAN_POINT('',(-0.679815848120757,-115.822756145757,3.09999999999999));
#10300=CARTESIAN_POINT('Origin',(-1.05164968806126,-117.21045892839,3.09999999999999));
#10301=CARTESIAN_POINT('',(-13.6232219203961,-112.354580941389,3.09999999999999));
#10302=CARTESIAN_POINT('',(-13.6232219203961,-112.354580941389,3.09999999999999));
#10303=CARTESIAN_POINT('',(-15.3827585429709,-113.370449884082,3.09999999999999));
#10304=CARTESIAN_POINT('Origin',(-13.9950557603366,-113.742283724023,3.09999999999999));
#10305=CARTESIAN_POINT('',(-18.8509337473375,-126.313855956358,3.09999999999999));
#10306=CARTESIAN_POINT('',(-18.8509337473375,-126.313855956358,3.09999999999999));
#10307=CARTESIAN_POINT('',(-17.8350648046444,-128.073392578931,3.09999999999999));
#10308=CARTESIAN_POINT('Origin',(-17.4632309647041,-126.685689796298,3.09999999999999));
#10309=CARTESIAN_POINT('',(-4.89165873236936,-131.5415677833,3.09999999999999));
#10310=CARTESIAN_POINT('',(4.16700726763054,-97.7341637833401,3.09999999999999));
#10311=CARTESIAN_POINT('',(5.92654389020574,-96.7182948406462,3.09999999999999));
#10312=CARTESIAN_POINT('Origin',(4.53884110757114,-96.3464610007055,3.09999999999999));
#10313=CARTESIAN_POINT('',(9.39471909457204,-83.7748887683707,3.09999999999999));
#10314=CARTESIAN_POINT('',(9.39471909457204,-83.7748887683707,3.09999999999999));
#10315=CARTESIAN_POINT('',(8.37885015187904,-82.015352145797,3.09999999999999));
#10316=CARTESIAN_POINT('Origin',(8.00701631193864,-83.4030549284304,3.09999999999999));
#10317=CARTESIAN_POINT('',(-4.56455592039596,-78.5471769414289,3.09999999999999));
#10318=CARTESIAN_POINT('',(-4.56455592039596,-78.5471769414289,3.09999999999999));
#10319=CARTESIAN_POINT('',(-6.32409254297126,-79.5630458841221,3.09999999999999));
#10320=CARTESIAN_POINT('Origin',(-4.93638976033655,-79.9348797240628,3.09999999999999));
#10321=CARTESIAN_POINT('',(-9.79226774733716,-92.5064519563978,3.09999999999999));
#10322=CARTESIAN_POINT('',(-9.79226774733716,-92.5064519563978,3.09999999999999));
#10323=CARTESIAN_POINT('',(-8.77639880464426,-94.265988578971,3.09999999999999));
#10324=CARTESIAN_POINT('Origin',(-8.40456496470407,-92.878285796338,3.09999999999999));
#10325=CARTESIAN_POINT('',(4.16700726763054,-97.7341637833401,3.09999999999999));
#10326=CARTESIAN_POINT('',(-36.4052496316856,-101.386105209569,3.09999999999999));
#10327=CARTESIAN_POINT('',(-34.9685939953371,-99.9494495732176,3.09999999999999));
#10328=CARTESIAN_POINT('Origin',(-36.405249631687,-99.9494495732189,3.09999999999999));
#10329=CARTESIAN_POINT('',(-34.9685939953506,-86.5494495732175,3.09999999999999));
#10330=CARTESIAN_POINT('',(-34.9685939953506,-86.5494495732175,3.09999999999999));
#10331=CARTESIAN_POINT('',(-36.4052496317011,-85.1127939368697,3.09999999999999));
#10332=CARTESIAN_POINT('Origin',(-36.4052496317,-86.549449573219,3.09999999999999));
#10333=CARTESIAN_POINT('',(-49.8052496317012,-85.1127939368826,3.09999999999999));
#10334=CARTESIAN_POINT('',(-49.8052496317012,-85.1127939368826,3.09999999999999));
#10335=CARTESIAN_POINT('',(-51.2419052680497,-86.5494495732332,3.09999999999999));
#10336=CARTESIAN_POINT('Origin',(-49.8052496316999,-86.5494495732319,3.09999999999999));
#10337=CARTESIAN_POINT('',(-51.241905268036,-99.9494495732332,3.09999999999999));
#10338=CARTESIAN_POINT('',(-51.241905268036,-99.9494495732332,3.09999999999999));
#10339=CARTESIAN_POINT('',(-49.8052496316856,-101.386105209581,3.09999999999999));
#10340=CARTESIAN_POINT('Origin',(-49.8052496316869,-99.9494495732318,3.09999999999999));
#10341=CARTESIAN_POINT('',(-36.4052496316856,-101.386105209569,3.09999999999999));
#10342=CARTESIAN_POINT('',(-34.9685939953506,-51.5494495732175,3.09999999999999));
#10343=CARTESIAN_POINT('',(-36.4052496317011,-50.1127939368696,3.09999999999999));
#10344=CARTESIAN_POINT('Origin',(-36.4052496316999,-51.5494495732189,3.09999999999999));
#10345=CARTESIAN_POINT('',(-49.8052496317012,-50.112793936882,3.09999999999999));
#10346=CARTESIAN_POINT('',(-49.8052496317012,-50.112793936882,3.09999999999999));
#10347=CARTESIAN_POINT('',(-51.2419052680497,-51.5494495732332,3.09999999999999));
#10348=CARTESIAN_POINT('Origin',(-49.8052496316999,-51.5494495732318,3.09999999999999));
#10349=CARTESIAN_POINT('',(-51.2419052680369,-64.9494495732332,3.09999999999999));
#10350=CARTESIAN_POINT('',(-51.2419052680369,-64.9494495732332,3.09999999999999));
#10351=CARTESIAN_POINT('',(-49.8052496316856,-66.3861052095808,3.09999999999999));
#10352=CARTESIAN_POINT('Origin',(-49.8052496316869,-64.9494495732318,3.09999999999999));
#10353=CARTESIAN_POINT('',(-36.4052496316856,-66.3861052095688,3.09999999999999));
#10354=CARTESIAN_POINT('',(-36.4052496316856,-66.3861052095688,3.09999999999999));
#10355=CARTESIAN_POINT('',(-34.9685939953371,-64.9494495732175,3.09999999999999));
#10356=CARTESIAN_POINT('Origin',(-36.405249631687,-64.9494495732189,3.09999999999999));
#10357=CARTESIAN_POINT('',(-34.9685939953506,-51.5494495732175,3.09999999999999));
#10358=CARTESIAN_POINT('',(-36.4052496316856,-83.8861052095688,3.09999999999999));
#10359=CARTESIAN_POINT('',(-34.9685939953371,-82.4494495732176,3.09999999999999));
#10360=CARTESIAN_POINT('Origin',(-36.405249631687,-82.4494495732189,3.09999999999999));
#10361=CARTESIAN_POINT('',(-34.9685939953506,-69.0494495732176,3.09999999999999));
#10362=CARTESIAN_POINT('',(-34.9685939953506,-69.0494495732176,3.09999999999999));
#10363=CARTESIAN_POINT('',(-36.4052496317011,-67.6127939368697,3.09999999999999));
#10364=CARTESIAN_POINT('Origin',(-36.4052496316999,-69.0494495732189,3.09999999999999));
#10365=CARTESIAN_POINT('',(-49.8052496317012,-67.6127939368826,3.09999999999999));
#10366=CARTESIAN_POINT('',(-49.8052496317012,-67.6127939368826,3.09999999999999));
#10367=CARTESIAN_POINT('',(-51.2419052680497,-69.0494495732332,3.09999999999999));
#10368=CARTESIAN_POINT('Origin',(-49.8052496316999,-69.0494495732318,3.09999999999999));
#10369=CARTESIAN_POINT('',(-51.241905268036,-82.4494495732332,3.09999999999999));
#10370=CARTESIAN_POINT('',(-51.241905268036,-82.4494495732332,3.09999999999999));
#10371=CARTESIAN_POINT('',(-49.8052496316856,-83.8861052095808,3.09999999999999));
#10372=CARTESIAN_POINT('Origin',(-49.8052496316869,-82.4494495732318,3.09999999999999));
#10373=CARTESIAN_POINT('',(-36.4052496316856,-83.8861052095688,3.09999999999999));
#10374=CARTESIAN_POINT('',(-97.0566972798025,-117.533009999999,3.09999999999998));
#10375=CARTESIAN_POINT('Origin',(-95.1066972798025,-117.533009999999,3.09999999999998));
#10376=CARTESIAN_POINT('Origin',(-89.5530231954914,-53.3330099999946,3.09999999999998));
#10377=CARTESIAN_POINT('',(-89.5530231954914,-53.3330099999946,5.19999999999998));
#10378=CARTESIAN_POINT('',(-89.5530231035154,-55.4844480681399,5.19999999999998));
#10379=CARTESIAN_POINT('',(-89.5530231954914,-53.3330099999946,2.59999999999998));
#10380=CARTESIAN_POINT('',(-89.5530231954914,-53.3330099999946,2.84999999999998));
#10381=CARTESIAN_POINT('',(-89.5530231954914,-53.3330099999946,2.59999999999998));
#10382=CARTESIAN_POINT('Origin',(-104.106704001413,-53.33300999999,2.59999999999998));
#10383=CARTESIAN_POINT('',(-104.106704001413,-53.33300999999,5.19999999999998));
#10384=CARTESIAN_POINT('',(-77.8125043399175,-53.3330099999982,5.19999999999999));
#10385=CARTESIAN_POINT('',(-104.106704001413,-53.33300999999,2.59999999999998));
#10386=CARTESIAN_POINT('',(-104.106704001413,-53.33300999999,2.59999999999998));
#10387=CARTESIAN_POINT('',(-77.8125043399175,-53.3330099999982,2.59999999999998));
#10388=CARTESIAN_POINT('Origin',(-89.7530231143215,-53.9068601758082,7.49999999999998));
#10389=CARTESIAN_POINT('',(-89.7530231142674,-55.2329389686631,7.49999999999998));
#10390=CARTESIAN_POINT('',(-89.7530231143215,-53.9000021276277,7.49999999999998));
#10391=CARTESIAN_POINT('',(-89.7530231139235,-63.6806800627927,7.49999999999998));
#10392=CARTESIAN_POINT('',(-89.7530231143215,-53.9000021276277,5.19999999999998));
#10393=CARTESIAN_POINT('',(-89.7530231143215,-53.9000021276277,6.34999999999998));
#10394=CARTESIAN_POINT('',(-89.7530231142674,-55.2329389686631,5.19999999999998));
#10395=CARTESIAN_POINT('',(-89.7530231142605,-55.3931256653761,5.19999999999998));
#10396=CARTESIAN_POINT('',(-89.7530231142674,-55.2329389686631,1.39999999999998));
#10397=CARTESIAN_POINT('Origin',(-103.606704001413,-53.9000021276276,5.19999999999998));
#10398=CARTESIAN_POINT('',(-103.606704001413,-53.9000021276276,7.49999999999998));
#10399=CARTESIAN_POINT('',(-100.611662574236,-53.9000021276276,7.49999999999998));
#10400=CARTESIAN_POINT('',(-103.606704001413,-53.9000021276276,5.19999999999998));
#10401=CARTESIAN_POINT('',(-103.606704001413,-53.9000021276276,5.19999999999998));
#10402=CARTESIAN_POINT('',(-89.2317772338355,-53.9000021276277,5.19999999999998));
#10403=CARTESIAN_POINT('Origin',(-87.6030231142674,-55.2329389685755,1.39999999999998));
#10404=CARTESIAN_POINT('',(-89.2935080147255,-56.5613819674745,7.49999999999998));
#10405=CARTESIAN_POINT('Origin',(-87.6030231142674,-55.2329389685755,7.49999999999998));
#10406=CARTESIAN_POINT('',(-89.2935080147255,-56.5613819674745,5.19999999999998));
#10407=CARTESIAN_POINT('Origin',(-87.6030231142674,-55.2329389685755,5.19999999999998));
#10408=CARTESIAN_POINT('',(-89.2935080147255,-56.5613819674745,1.39999999999998));
#10409=CARTESIAN_POINT('Origin',(-96.6692406176245,-73.4544999500591,7.49999999999998));
#10410=CARTESIAN_POINT('',(-89.7317772338355,-93.0089977724906,7.49999999999998));
#10411=CARTESIAN_POINT('Origin',(-89.7317772338355,-90.6759674945083,7.49999999999998));
#10412=CARTESIAN_POINT('',(-103.606704001413,-93.0089977724906,7.49999999999998));
#10413=CARTESIAN_POINT('',(-93.6741991904485,-93.0089977724906,7.49999999999998));
#10414=CARTESIAN_POINT('',(-105.939734279395,-90.6759674945083,7.49999999999998));
#10415=CARTESIAN_POINT('Origin',(-103.606704001413,-90.6759674945083,7.49999999999998));
#10416=CARTESIAN_POINT('',(-105.939734279395,-56.23303240561,7.49999999999998));
#10417=CARTESIAN_POINT('',(-105.939734279395,-82.0652337222837,7.49999999999998));
#10418=CARTESIAN_POINT('Origin',(-103.606704001413,-56.23303240561,7.49999999999998));
#10419=CARTESIAN_POINT('',(-89.2935080147255,-60.3406067896772,7.49999999999998));
#10420=CARTESIAN_POINT('',(-101.862898922174,-61.721399672174,7.49999999999998));
#10421=CARTESIAN_POINT('',(-101.862898922174,-86.321399672174,7.49999999999998));
#10422=CARTESIAN_POINT('',(-101.862898922174,-80.6379498111166,7.49999999999998));
#10423=CARTESIAN_POINT('',(-91.4628989221745,-86.321399672174,7.49999999999998));
#10424=CARTESIAN_POINT('',(-93.3160697698995,-86.321399672174,7.49999999999998));
#10425=CARTESIAN_POINT('',(-91.4628989221745,-61.721399672174,7.49999999999998));
#10426=CARTESIAN_POINT('',(-91.4628989221745,-66.0879498111166,7.49999999999998));
#10427=CARTESIAN_POINT('',(-100.016069769899,-61.721399672174,7.49999999999998));
#10428=CARTESIAN_POINT('Origin',(-89.2935080147255,-59.8156876578151,5.19999999999998));
#10429=CARTESIAN_POINT('',(-89.2935080147255,-59.815687657815,5.19999999999998));
#10430=CARTESIAN_POINT('Origin',(-51.663193706292,-135.873454368572,1.39999999999999));
#10431=CARTESIAN_POINT('',(-51.663193706292,-130.40739703528,4.09999999999999));
#10432=CARTESIAN_POINT('',(-51.663193706292,-128.500001884997,4.09999999999999));
#10433=CARTESIAN_POINT('',(-51.663193706292,-131.249563718993,4.09999999999999));
#10434=CARTESIAN_POINT('',(-51.663193706292,-128.500001884997,5.31560976840198));
#10435=CARTESIAN_POINT('',(-51.663193706292,-128.500001884997,1.39999999999999));
#10436=CARTESIAN_POINT('',(-51.663193706292,-129.233178625711,5.31560976840276));
#10437=CARTESIAN_POINT('',(-51.663193706292,-127.941292294701,5.31560976840198));
#10438=CARTESIAN_POINT('',(-51.6631937050813,-131.572656394545,5.31560976836468));
#10439=CARTESIAN_POINT('',(-51.663193706292,-129.233178625711,5.31560976840198));
#10440=CARTESIAN_POINT('',(-51.6631937057136,-132.577128635179,4.31393682555407));
#10441=CARTESIAN_POINT('Ctrl Pts',(-51.663193706292,-131.572656394545,5.31560976840198));
#10442=CARTESIAN_POINT('Ctrl Pts',(-51.663193706292,-131.70697500045,5.315609748728));
#10443=CARTESIAN_POINT('Ctrl Pts',(-51.6631937062919,-131.841379192907,
5.28766752235176));
#10444=CARTESIAN_POINT('Ctrl Pts',(-51.6631937062919,-132.066873098293,
5.19253060834682));
#10445=CARTESIAN_POINT('Ctrl Pts',(-51.663193706292,-132.178668353484,5.12645429866214));
#10446=CARTESIAN_POINT('Ctrl Pts',(-51.663193706292,-132.372485724494,4.93083266309942));
#10447=CARTESIAN_POINT('Ctrl Pts',(-51.663193706292,-132.44498946222,4.82213072734917));
#10448=CARTESIAN_POINT('Ctrl Pts',(-51.663193706292,-132.521875218329,4.64273351496763));
#10449=CARTESIAN_POINT('Ctrl Pts',(-51.6631937062919,-132.542284120185,
4.57865242438956));
#10450=CARTESIAN_POINT('Ctrl Pts',(-51.6631937062919,-132.569921162879,
4.44768318055274));
#10451=CARTESIAN_POINT('Ctrl Pts',(-51.6631937062919,-132.577128635134,
4.38087371303628));
#10452=CARTESIAN_POINT('Ctrl Pts',(-51.6631937062919,-132.577128635134,
4.31393682559296));
#10453=CARTESIAN_POINT('',(-51.663193706292,-132.577128635134,2.59999999999999));
#10454=CARTESIAN_POINT('',(-51.663193706292,-132.577128635134,-0.500000000000014));
#10455=CARTESIAN_POINT('',(-51.663193706292,-131.412185630327,2.59999999999989));
#10456=CARTESIAN_POINT('',(-51.663193706292,-115.232638392892,2.59999999999999));
#10457=CARTESIAN_POINT('',(-51.663193706292,-131.411919681135,3.09298194790355));
#10458=CARTESIAN_POINT('',(-51.663193706292,-131.412185630327,2.59999999999989));
#10459=CARTESIAN_POINT('',(-51.663193706292,-131.411819407769,3.278864337622));
#10460=CARTESIAN_POINT('',(-51.663193706292,-131.411919681135,3.09298194790355));
#10461=CARTESIAN_POINT('',(-51.663193706292,-131.411152411002,4.51546231092465));
#10462=CARTESIAN_POINT('',(-51.663193706292,-131.411819407769,3.278864337622));
#10463=CARTESIAN_POINT('',(-51.663193706292,-131.411152411002,2.24999999999999));
#10464=CARTESIAN_POINT('',(-51.663193706292,-130.40739703528,1.39999999999999));
#10465=CARTESIAN_POINT('Origin',(-31.663193706292,-128.500001884997,1.39999999999999));
#10466=CARTESIAN_POINT('',(-31.663193706292,-126.500001884997,4.09999999999999));
#10467=CARTESIAN_POINT('',(-29.6631937062921,-128.500001884997,4.09999999999999));
#10468=CARTESIAN_POINT('Origin',(-31.663193706292,-128.500001884997,4.09999999999999));
#10469=CARTESIAN_POINT('',(-29.6631937062921,-128.500001884997,4.89318818843206));
#10470=CARTESIAN_POINT('',(-29.6631937062921,-128.500001884997,1.39999999999999));
#10471=CARTESIAN_POINT('',(-31.663193706292,-126.500001884997,4.93159015024752));
#10472=CARTESIAN_POINT('Origin',(-31.663193706292,-128.500001884997,4.93159015024751));
#10473=CARTESIAN_POINT('',(-31.663193706292,-126.500001884997,1.39999999999999));
#10474=CARTESIAN_POINT('Origin',(-49.6631937062919,-126.500001884997,1.39999999999999));
#10475=CARTESIAN_POINT('',(-49.6631937062919,-126.500001884997,4.09999999999999));
#10476=CARTESIAN_POINT('',(-45.1550282820437,-126.500001884997,4.09999999999999));
#10477=CARTESIAN_POINT('',(-49.6631937062919,-126.500001884997,5.27720780658655));
#10478=CARTESIAN_POINT('',(-43.6829464649346,-126.500001884997,5.16238119348178));
#10479=CARTESIAN_POINT('',(-49.6631937062919,-126.500001884997,1.39999999999999));
#10480=CARTESIAN_POINT('Origin',(-29.6631937062921,-128.500001884997,1.39999999999999));
#10481=CARTESIAN_POINT('',(-29.6631937062921,-132.217821379249,4.09999999999999));
#10482=CARTESIAN_POINT('',(-29.6631937062921,-127.562837477205,4.09999999999999));
#10483=CARTESIAN_POINT('',(-29.6631937062921,-132.217821379249,1.39999999999999));
#10484=CARTESIAN_POINT('',(-29.6631937062921,-133.218755308672,2.59999999999999));
#10485=CARTESIAN_POINT('',(-29.6631937062921,-133.218755308672,2.59999999999999));
#10486=CARTESIAN_POINT('',(-29.6631937062921,-134.419865535469,2.59999999999999));
#10487=CARTESIAN_POINT('',(-29.6631937062921,-111.545912151104,2.59999999999999));
#10488=CARTESIAN_POINT('',(-29.6631937062739,-134.419865535047,3.89218059587276));
#10489=CARTESIAN_POINT('',(-29.6631937062921,-134.419865535469,2.59999999999999));
#10490=CARTESIAN_POINT('',(-29.6631937062921,-133.418112950653,4.89318818843204));
#10491=CARTESIAN_POINT('Ctrl Pts',(-29.6631937062921,-134.419865534201,
3.89218059587276));
#10492=CARTESIAN_POINT('Ctrl Pts',(-29.6631937062921,-134.419865524111,
3.9591940867024));
#10493=CARTESIAN_POINT('Ctrl Pts',(-29.663193706292,-134.412657116549,4.0260824342258));
#10494=CARTESIAN_POINT('Ctrl Pts',(-29.663193706292,-134.385004457912,4.1572253598569));
#10495=CARTESIAN_POINT('Ctrl Pts',(-29.663193706292,-134.364576045324,4.22140404413009));
#10496=CARTESIAN_POINT('Ctrl Pts',(-29.663193706292,-134.28778200478,4.40062060758447));
#10497=CARTESIAN_POINT('Ctrl Pts',(-29.6631937022825,-134.21551313459,4.50910274769495));
#10498=CARTESIAN_POINT('Ctrl Pts',(-29.6631937022825,-134.022199327814,
4.70445412339167));
#10499=CARTESIAN_POINT('Ctrl Pts',(-29.663193706292,-133.910659563522,4.77043289183311));
#10500=CARTESIAN_POINT('Ctrl Pts',(-29.663193706292,-133.685871287756,4.86533114966138));
#10501=CARTESIAN_POINT('Ctrl Pts',(-29.6631937062921,-133.551961038192,
4.89318818843237));
#10502=CARTESIAN_POINT('Ctrl Pts',(-29.6631937062921,-133.418112950653,
4.89318818843237));
#10503=CARTESIAN_POINT('',(-29.6631937062921,-124.254566052913,4.89318818843209));
#10504=CARTESIAN_POINT('Origin',(-49.663193706292,-128.500001884997,1.39999999999999));
#10505=CARTESIAN_POINT('Origin',(-49.663193706292,-128.500001884997,4.09999999999999));
#10506=CARTESIAN_POINT('Origin',(-49.663193706292,-128.500001884997,5.27720780658653));
#10507=CARTESIAN_POINT('Ctrl Pts',(-53.0797685718029,-131.27295619681,3.28850424382642));
#10508=CARTESIAN_POINT('Ctrl Pts',(-52.6075769499659,-131.319243933796,
3.28529094175828));
#10509=CARTESIAN_POINT('Ctrl Pts',(-52.135385328129,-131.365531670783,3.28207763969014));
#10510=CARTESIAN_POINT('Ctrl Pts',(-51.663193706292,-131.411819407769,3.278864337622));
#10511=CARTESIAN_POINT('Ctrl Pts',(-53.0785705256389,-131.273034118824,
3.3513389917836));
#10512=CARTESIAN_POINT('Ctrl Pts',(-52.6063846943816,-131.319323333616,
3.34783245138506));
#10513=CARTESIAN_POINT('Ctrl Pts',(-52.1341988599648,-131.365612506603,
3.34432583964131));
#10514=CARTESIAN_POINT('Ctrl Pts',(-51.6620130287075,-131.411901721396,
3.34081929924276));
#10515=CARTESIAN_POINT('Ctrl Pts',(-53.0638328287901,-131.273993473517,
4.12430159786619));
#10516=CARTESIAN_POINT('Ctrl Pts',(-52.5917182076389,-131.320300649753,
4.11718773999002));
#10517=CARTESIAN_POINT('Ctrl Pts',(-52.1196035818424,-131.366607764565,
4.11007377744568));
#10518=CARTESIAN_POINT('Ctrl Pts',(-51.6474889606911,-131.412914940801,
4.10295991956951));
#10519=CARTESIAN_POINT('Ctrl Pts',(-53.0558650353057,-131.274513308987,
4.54220296652539));
#10520=CARTESIAN_POINT('Ctrl Pts',(-52.5837889061031,-131.320830093884,
4.53313864178134));
#10521=CARTESIAN_POINT('Ctrl Pts',(-52.1117127769004,-131.36714687878,4.52407431703729));
#10522=CARTESIAN_POINT('Ctrl Pts',(-51.6396366476978,-131.413463663676,
4.51500999229325));
#10523=CARTESIAN_POINT('',(-53.0797685718028,-131.27295619681,3.28850424382698));
#10524=CARTESIAN_POINT('',(-53.0797685718029,-131.27295619681,3.28850424382642));
#10525=CARTESIAN_POINT('',(-53.0558650353057,-131.274513308987,4.54220296652378));
#10526=CARTESIAN_POINT('',(-53.0797685718029,-131.27295619681,3.28850424382642));
#10527=CARTESIAN_POINT('',(-49.0867597415918,-131.663933965418,4.46599225155843));
#10528=CARTESIAN_POINT('Origin',(-43.1049576669524,-132.250826254274,3.09999999999999));
#10529=CARTESIAN_POINT('',(-53.0558650353057,-131.274513308987,3.09999999999999));
#10530=CARTESIAN_POINT('Origin',(-43.0391421387149,-131.252383383083,1.39999999999999));
#10531=CARTESIAN_POINT('',(-52.4365913920247,-130.331619370832,4.09999999999999));
#10532=CARTESIAN_POINT('',(-52.4365913920247,-130.331619370832,1.39999999999999));
#10533=CARTESIAN_POINT('',(-52.9953828431752,-130.276868869424,4.09999999999999));
#10534=CARTESIAN_POINT('Origin',(-40.6468628577954,-126.625673069413,4.09999999999999));
#10535=CARTESIAN_POINT('',(-52.4365913920247,-121.000001788139,4.09999999999999));
#10536=CARTESIAN_POINT('',(-52.4365913920247,-121.000001788139,4.09999999999999));
#10537=CARTESIAN_POINT('',(-28.8571343235662,-121.000001788139,4.09999999999999));
#10538=CARTESIAN_POINT('',(-28.8571343235662,-121.000001788139,4.09999999999999));
#10539=CARTESIAN_POINT('',(-28.8571343235662,-132.251344350687,4.09999999999999));
#10540=CARTESIAN_POINT('',(-28.8571343235662,-133.289680917692,4.09999999999999));
#10541=CARTESIAN_POINT('Origin',(-19.570067387073,100.763655998469,4.09999999999999));
#10542=CARTESIAN_POINT('Origin',(-19.570067387073,100.763655998469,1.39999999999999));
#10543=CARTESIAN_POINT('',(-28.8571343235662,-132.251344350687,1.39999999999999));
#10544=CARTESIAN_POINT('Origin',(-19.570067387073,100.763655998469,2.59999999999999));
#10545=CARTESIAN_POINT('',(-19.5700674076331,-133.436344001531,2.59999999999999));
#10546=CARTESIAN_POINT('',(-19.5700674076331,-133.436344001531,2.59999999999999));
#10547=CARTESIAN_POINT('Origin',(-19.570067387073,100.763655998469,2.59999999999999));
#10548=CARTESIAN_POINT('Origin',(-51.5183046784345,-94.591822417212,2.59999999999999));
#10549=CARTESIAN_POINT('',(-106.506697279802,-55.7330032783896,2.59999999999998));
#10550=CARTESIAN_POINT('Origin',(-104.106674874182,-55.73303240561,2.59999999999998));
#10551=CARTESIAN_POINT('',(-106.506697279666,-95.9643353351141,2.59999999999998));
#10552=CARTESIAN_POINT('',(-106.506697279631,-106.120674585027,2.59999999999998));
#10553=CARTESIAN_POINT('',(-107.206697279528,-95.9643353351141,2.59999999999998));
#10554=CARTESIAN_POINT('',(-107.306697279988,-95.9643353351141,2.59999999999998));
#10555=CARTESIAN_POINT('',(-107.706697279667,-95.455097093205,2.59999999999998));
#10556=CARTESIAN_POINT('Ctrl Pts',(-107.206697279528,-95.9643353351141,
2.59999999999998));
#10557=CARTESIAN_POINT('Ctrl Pts',(-107.420377449472,-95.7453771554697,
2.59999999999998));
#10558=CARTESIAN_POINT('Ctrl Pts',(-107.706697279667,-95.455097093205,2.59999999999998));
#10559=CARTESIAN_POINT('',(-107.706697279802,-55.7330032783937,2.59999999999998));
#10560=CARTESIAN_POINT('',(-107.706697279593,-117.5890615651,2.59999999999998));
#10561=CARTESIAN_POINT('',(-104.106704001412,-52.13300999999,2.59999999999998));
#10562=CARTESIAN_POINT('Origin',(-104.106674874182,-55.73303240561,2.59999999999998));
#10563=CARTESIAN_POINT('',(-73.0281647728775,-52.1330099999997,2.59999999999998));
#10564=CARTESIAN_POINT('',(-104.106704001412,-52.13300999999,2.59999999999998));
#10565=CARTESIAN_POINT('',(-72.5526246441094,-51.7874819583974,2.59999999999998));
#10566=CARTESIAN_POINT('Origin',(-73.0281647728775,-51.6330099999997,2.59999999999998));
#10567=CARTESIAN_POINT('',(-69.1287375433905,-49.2996769999968,2.59999999999998));
#10568=CARTESIAN_POINT('Origin',(-69.1287315071475,-52.89968142636,2.59999999999998));
#10569=CARTESIAN_POINT('',(-55.5281591051213,-49.2996769999997,2.59999999999999));
#10570=CARTESIAN_POINT('',(-69.1287375433905,-49.2996769999968,2.59999999999998));
#10571=CARTESIAN_POINT('',(-55.0526203571073,-48.9541532089684,2.59999999999999));
#10572=CARTESIAN_POINT('Origin',(-55.5281591051212,-48.7996769999997,2.59999999999999));
#10573=CARTESIAN_POINT('',(-51.628749106112,-46.4663439999334,2.59999999999999));
#10574=CARTESIAN_POINT('Origin',(-51.6286891908395,-50.06639886412,2.59999999999999));
#10575=CARTESIAN_POINT('',(-34.3851777329057,-46.466344,2.59999999999999));
#10576=CARTESIAN_POINT('',(-51.628749106112,-46.4663439999334,2.59999999999999));
#10577=CARTESIAN_POINT('',(-30.9652255611127,-48.9420844810791,2.59999999999999));
#10578=CARTESIAN_POINT('Origin',(-34.3851564714315,-50.0663211577,2.59999999999999));
#10579=CARTESIAN_POINT('',(-30.9304047016038,-49.0807259253791,2.59999999999999));
#10580=CARTESIAN_POINT('Origin',(-31.9152123972636,-49.2543744283074,2.59999999999999));
#10581=CARTESIAN_POINT('',(-30.4504829250723,-51.8024923077245,2.59999999999999));
#10582=CARTESIAN_POINT('',(-30.9418333190315,-49.0159111403181,2.59999999999999));
#10583=CARTESIAN_POINT('',(-30.056613260657,-52.1330100004948,2.59999999999999));
#10584=CARTESIAN_POINT('Origin',(-30.0566414315245,-51.73310241344,2.59999999999999));
#10585=CARTESIAN_POINT('',(2.97621084211004,-52.13301,2.59999999999999));
#10586=CARTESIAN_POINT('',(-30.056613260657,-52.1330100004948,2.59999999999999));
#10587=CARTESIAN_POINT('',(6.57617063395334,-55.7362261142867,2.59999999999999));
#10588=CARTESIAN_POINT('Origin',(2.97600663413454,-55.73317528596,2.59999999999999));
#10589=CARTESIAN_POINT('',(6.55776516966767,-77.4470728956362,2.59999999999999));
#10590=CARTESIAN_POINT('',(6.57617063395334,-55.7362261142867,2.59999999999999));
#10591=CARTESIAN_POINT('',(6.85429019004334,-77.8338218792673,2.59999999999999));
#10592=CARTESIAN_POINT('Origin',(6.95787727062554,-77.44735132802,2.59999999999999));
#10593=CARTESIAN_POINT('',(10.7779821160055,-78.8851724711731,2.6));
#10594=CARTESIAN_POINT('',(6.85429019004334,-77.8338218792673,2.59999999999999));
#10595=CARTESIAN_POINT('',(13.3245073609569,-83.3561736887933,2.6));
#10596=CARTESIAN_POINT('Origin',(9.85570168007454,-82.3711772853,2.6));
#10597=CARTESIAN_POINT('',(6.59884437173694,-108.456687252906,2.59999999999999));
#10598=CARTESIAN_POINT('',(13.3245073609569,-83.3561736887933,2.6));
#10599=CARTESIAN_POINT('',(6.57160736503464,-108.663796468047,2.59999999999999));
#10600=CARTESIAN_POINT('Origin',(7.37095270164324,-108.663573076371,2.59999999999999));
#10601=CARTESIAN_POINT('',(6.57785970030114,-131.036049231777,2.59999999999999));
#10602=CARTESIAN_POINT('',(6.57160736503464,-108.663796468047,2.59999999999999));
#10603=CARTESIAN_POINT('',(2.97783613273803,-134.636344000061,2.59999999999999));
#10604=CARTESIAN_POINT('Origin',(2.97791071887854,-131.0363949986,2.59999999999999));
#10605=CARTESIAN_POINT('',(-19.5700674077384,-134.636344001531,2.59999999999999));
#10606=CARTESIAN_POINT('',(2.97783613273794,-134.636344003425,2.59999999999999));
#10607=CARTESIAN_POINT('Origin',(-19.570067387073,100.763655998469,2.59999999999999));
#10608=CARTESIAN_POINT('',(2.97784442027444,-133.436344003511,2.59999999999999));
#10609=CARTESIAN_POINT('',(-24.2702301307851,-133.436344001119,2.59999999999999));
#10610=CARTESIAN_POINT('',(5.37785973622859,-131.036384593713,2.59999999999999));
#10611=CARTESIAN_POINT('Origin',(2.97791071887854,-131.0363949986,2.59999999999999));
#10612=CARTESIAN_POINT('',(5.37159268782454,-108.611445811335,2.59999999999999));
#10613=CARTESIAN_POINT('',(5.36963144625364,-101.593685201156,2.59999999999999));
#10614=CARTESIAN_POINT('',(5.42610443145428,-108.196968321569,2.59999999999999));
#10615=CARTESIAN_POINT('Origin',(6.97093798365564,-108.6109669921,2.59999999999999));
#10616=CARTESIAN_POINT('',(12.1679394703509,-83.0360998536674,2.6));
#10617=CARTESIAN_POINT('',(8.58951373043434,-96.3909652352531,2.59999999999999));
#10618=CARTESIAN_POINT('',(10.4694143790767,-80.044823412006,2.6));
#10619=CARTESIAN_POINT('Origin',(9.85570168007454,-82.3711772853,2.6));
#10620=CARTESIAN_POINT('',(6.54370719564504,-78.9929328338673,2.59999999999999));
#10621=CARTESIAN_POINT('',(-18.5927263232467,-72.2576425151895,2.59999999999999));
#10622=CARTESIAN_POINT('',(5.35776559861971,-77.4460559995496,2.59999999999999));
#10623=CARTESIAN_POINT('Origin',(6.95787727062554,-77.44735132802,2.59999999999999));
#10624=CARTESIAN_POINT('',(5.37616736631959,-55.7352092150673,2.59999999999999));
#10625=CARTESIAN_POINT('',(5.35967652314094,-75.1910486530044,2.59999999999999));
#10626=CARTESIAN_POINT('',(2.97621084214596,-53.3330100007239,2.59999999999999));
#10627=CARTESIAN_POINT('Origin',(2.97600663413454,-55.73317528596,2.59999999999999));
#10628=CARTESIAN_POINT('',(-30.0566132606209,-53.3330100009909,2.59999999999999));
#10629=CARTESIAN_POINT('',(-40.7874589701466,-53.3330100013129,2.59999999999999));
#10630=CARTESIAN_POINT('',(-31.6322521610737,-52.0108705114514,2.59999999999999));
#10631=CARTESIAN_POINT('Origin',(-30.0566414315245,-51.73310241344,2.59999999999999));
#10632=CARTESIAN_POINT('',(-32.1096352535117,-49.3035016871713,2.59999999999999));
#10633=CARTESIAN_POINT('',(-28.5346791097193,-69.5780463143004,2.59999999999999));
#10634=CARTESIAN_POINT('',(-34.3851777329059,-47.666344,2.59999999999999));
#10635=CARTESIAN_POINT('Origin',(-34.3851564714315,-50.0663211577,2.59999999999999));
#10636=CARTESIAN_POINT('',(-51.6287491061123,-47.6663439999957,2.59999999999999));
#10637=CARTESIAN_POINT('',(-51.5735268922676,-47.6663439999958,2.59999999999999));
#10638=CARTESIAN_POINT('',(-53.9922132524831,-49.6492449782262,2.59999999999999));
#10639=CARTESIAN_POINT('Origin',(-51.6286891908395,-50.06639886412,2.59999999999999));
#10640=CARTESIAN_POINT('',(-54.1422886453812,-50.499677,2.59999999999999));
#10641=CARTESIAN_POINT('',(-57.8173099943032,-71.324915404984,2.59999999999999));
#10642=CARTESIAN_POINT('',(-69.1287375433907,-50.4996769999974,2.59999999999998));
#10643=CARTESIAN_POINT('',(-60.3235211109088,-50.4996769999989,2.59999999999999));
#10644=CARTESIAN_POINT('',(-71.4922157704118,-52.4825922465694,2.59999999999998));
#10645=CARTESIAN_POINT('Origin',(-69.1287315071475,-52.8996814263601,2.59999999999998));
#10646=CARTESIAN_POINT('',(-74.8106027881465,-71.2868913793021,2.59999999999998));
#10647=CARTESIAN_POINT('Origin',(-52.4365913920247,-130.331619370832,1.39999999999999));
#10648=CARTESIAN_POINT('',(-52.4365913920247,-121.000001788139,1.39999999999999));
#10649=CARTESIAN_POINT('Origin',(-52.4365913920247,-121.000001788139,1.39999999999999));
#10650=CARTESIAN_POINT('',(-28.8571343235662,-121.000001788139,1.39999999999999));
#10651=CARTESIAN_POINT('Origin',(-28.8571343235662,-121.000001788139,1.39999999999999));
#10652=CARTESIAN_POINT('Origin',(-52.9340202264132,-130.291321161261,5.34001088415184));
#10653=CARTESIAN_POINT('',(-52.8060050497992,-129.109358218803,5.33755286719057));
#10654=CARTESIAN_POINT('',(-52.8060050497992,-129.109358218803,5.33755286719057));
#10655=CARTESIAN_POINT('',(-53.0620354030272,-131.473284103719,5.3424689011147));
#10656=CARTESIAN_POINT('',(-50.9508553390521,-111.980778086256,5.30193217301287));
#10657=CARTESIAN_POINT('Origin',(-60.8215696129369,-250.6417047612,5.49145956937355));
#10658=CARTESIAN_POINT('Origin',(-60.8407483255405,-250.5975413291,2.59999999999999));
#10659=CARTESIAN_POINT('',(-53.0928960975326,-131.272103095737,2.59999999999999));
#10660=CARTESIAN_POINT('Origin',(-60.8407483255405,-250.5975413291,272.415624480367));
#10661=CARTESIAN_POINT('',(-82.9845592009475,-133.08906902329,2.59999999999998));
#10662=CARTESIAN_POINT('Origin',(-60.8407483255405,-250.5975413291,2.59999999999999));
#10663=CARTESIAN_POINT('',(-82.9845592009475,-133.08906902329,2.59999999999998));
#10664=CARTESIAN_POINT('Origin',(-87.6030231142674,-55.2329389685755,2.89999999999998));
#10665=CARTESIAN_POINT('',(-88.4145231142675,-55.2329389685755,1.39999999999998));
#10666=CARTESIAN_POINT('Origin',(-87.6030231142674,-55.2329389685755,1.39999999999998));
#10667=CARTESIAN_POINT('',(-88.4145231142675,-55.2329389685755,4.39999999999998));
#10668=CARTESIAN_POINT('',(-88.4145231142674,-55.2329389685755,2.89999999999998));
#10669=CARTESIAN_POINT('Origin',(-87.6030231142674,-55.2329389685755,4.39999999999998));
#10670=CARTESIAN_POINT('Origin',(-87.6030231142674,-55.2329389685755,4.39999999999998));
#10671=CARTESIAN_POINT('Origin',(-87.6030231142674,-55.2329389685755,1.39999999999998));
#10672=CARTESIAN_POINT('Origin',(-100.304908275182,-114.000001683832,2.89999999999998));
#10673=CARTESIAN_POINT('',(-101.304908275182,-115.000001683831,5.19999999999998));
#10674=CARTESIAN_POINT('',(-101.304908275182,-115.000001683831,2.89999999999998));
#10675=CARTESIAN_POINT('',(-99.3049082751824,-113.000001683832,5.19999999999998));
#10676=CARTESIAN_POINT('',(-83.0555625040215,-96.7506559126696,5.19999999999998));
#10677=CARTESIAN_POINT('',(-99.3049082751824,-113.000001683832,2.89999999999998));
#10678=CARTESIAN_POINT('Origin',(-101.304908275182,-113.000001683831,2.89999999999998));
#10679=CARTESIAN_POINT('',(-87.3143769643245,-113.000001683836,5.19999999999998));
#10680=CARTESIAN_POINT('',(-76.4116064768115,-113.000001683839,5.19999999999999));
#10681=CARTESIAN_POINT('',(-87.3066972797275,-113.000001683836,5.19985254252267));
#10682=CARTESIAN_POINT('',(-76.3849143561444,-113.000001683839,4.99014359712864));
#10683=CARTESIAN_POINT('',(-87.3066972797275,-113.000001683836,2.89999999999998));
#10684=CARTESIAN_POINT('Origin',(-95.1066972798025,-117.533009999999,2.89999999999998));
#10685=CARTESIAN_POINT('',(-95.9181972798025,-117.533009999999,1.39999999999998));
#10686=CARTESIAN_POINT('Origin',(-95.1066972798025,-117.533009999999,1.39999999999998));
#10687=CARTESIAN_POINT('',(-95.9181972798025,-117.533009999999,4.39999999999998));
#10688=CARTESIAN_POINT('',(-95.9181972798025,-117.533009999999,2.89999999999998));
#10689=CARTESIAN_POINT('Origin',(-95.1066972798025,-117.533009999999,4.39999999999998));
#10690=CARTESIAN_POINT('Origin',(-95.1066972798025,-117.533009999999,4.39999999999998));
#10691=CARTESIAN_POINT('Origin',(-95.1066972798025,-117.533009999999,1.39999999999998));
#10692=CARTESIAN_POINT('',(-97.0566972798025,-117.533009999999,1.39999999999998));
#10693=CARTESIAN_POINT('',(-97.0566972798025,-117.533009999999,1.39999999999998));
#10694=CARTESIAN_POINT('Origin',(-95.1066972798025,-117.533009999999,1.39999999999998));
#10695=CARTESIAN_POINT('Origin',(-95.1066972798025,-117.533009999999,1.39999999999998));
#10696=CARTESIAN_POINT('Origin',(-88.7935080145995,-52.1330099999883,8.19999999999998));
#10697=CARTESIAN_POINT('',(-104.106704001412,-52.13300999999,4.99999999999998));
#10698=CARTESIAN_POINT('',(-88.7735080145995,-52.1330099999948,4.99999999999998));
#10699=CARTESIAN_POINT('',(-77.8125043399175,-52.1330099999982,4.99999999999998));
#10700=CARTESIAN_POINT('',(-87.3162968884528,-52.1330099999952,5.00000000285937));
#10701=CARTESIAN_POINT('',(-77.8125043399175,-52.1330099999982,4.99999999999998));
#10702=CARTESIAN_POINT('',(-73.0281647728775,-52.1330099999997,4.72565384809938));
#10703=CARTESIAN_POINT('',(-77.7862563326355,-52.1330099999982,4.81701387329548));
#10704=CARTESIAN_POINT('',(-73.0281647728775,-52.1330099999997,2.59999999999998));
#10705=CARTESIAN_POINT('',(-104.106704001412,-52.13300999999,2.59999999999998));
#10706=CARTESIAN_POINT('Origin',(-34.3851564714315,-50.0663211577,2.59999999999999));
#10707=CARTESIAN_POINT('',(-34.3851777329059,-47.666344,2.59999999999999));
#10708=CARTESIAN_POINT('',(-32.1096352535117,-49.3035016871713,2.59999999999999));
#10709=CARTESIAN_POINT('Origin',(-51.6287491061123,-47.6663439999957,2.59999999999999));
#10710=CARTESIAN_POINT('',(-51.6287491061123,-47.6663439999957,2.59999999999999));
#10711=CARTESIAN_POINT('Origin',(-51.6286891908395,-50.06639886412,2.59999999999999));
#10712=CARTESIAN_POINT('',(-53.9922132524831,-49.6492449782262,2.59999999999999));
#10713=CARTESIAN_POINT('Origin',(-54.0256470984228,-49.8387045068611,2.59999999999999));
#10714=CARTESIAN_POINT('',(-54.1422886453812,-50.499677,2.59999999999999));
#10715=CARTESIAN_POINT('Origin',(-69.1287375433907,-50.4996769999974,2.59999999999998));
#10716=CARTESIAN_POINT('',(-69.1287375433907,-50.4996769999974,2.59999999999998));
#10717=CARTESIAN_POINT('Origin',(-69.1287315071475,-52.8996814263601,2.59999999999998));
#10718=CARTESIAN_POINT('',(-71.4922157704118,-52.4825922465694,2.59999999999998));
#10719=CARTESIAN_POINT('Origin',(-71.5256470984228,-52.6720375068612,2.59999999999998));
#10720=CARTESIAN_POINT('Origin',(-104.106674874182,-55.73303240561,2.59999999999998));
#10721=CARTESIAN_POINT('',(-106.506697279802,-55.7330032783896,5.19999999999998));
#10722=CARTESIAN_POINT('Origin',(-104.106674874182,-55.73303240561,5.19999999999998));
#10723=CARTESIAN_POINT('',(-106.506697279802,-55.7330032783896,2.59999999999998));
#10724=CARTESIAN_POINT('Origin',(-51.5142225130682,-94.591822417212,4.51260191788798));
#10725=CARTESIAN_POINT('',(-87.3095043240475,-88.3057901508261,5.19990644052722));
#10726=CARTESIAN_POINT('',(-87.3143769643164,-87.8021922354329,5.19999999999998));
#10727=CARTESIAN_POINT('',(-87.2752034940235,-91.8508551557566,5.19924783094478));
#10728=CARTESIAN_POINT('',(-87.3143769643164,-88.3050450539613,5.19999999999998));
#10729=CARTESIAN_POINT('Origin',(-87.6066972798025,-90.23301,5.20561283679656));
#10730=CARTESIAN_POINT('',(-87.3143769643185,-94.5918224172008,5.19999999999998));
#10731=CARTESIAN_POINT('Origin',(-13.9950557603366,-113.742283724023,5.99999999999999));
#10732=CARTESIAN_POINT('',(-15.3827585429709,-113.370449884082,4.61898982550724));
#10733=CARTESIAN_POINT('',(-15.3827585429709,-113.370449884082,3.09999999999999));
#10734=CARTESIAN_POINT('',(-13.623221920396,-112.354580941389,4.58520499641075));
#10735=CARTESIAN_POINT('',(-13.6232219203961,-112.354580941389,3.09999999999999));
#10736=CARTESIAN_POINT('Origin',(-13.9950557603366,-113.742283724023,4.59234457087228));
#10737=CARTESIAN_POINT('Origin',(-15.3827585429709,-113.370449884082,5.99999999999999));
#10738=CARTESIAN_POINT('',(-18.8509337473375,-126.313855956358,4.68558219139085));
#10739=CARTESIAN_POINT('',(-18.8509337473375,-126.313855956358,3.09999999999999));
#10740=CARTESIAN_POINT('',(-14.2464524701569,-109.129697887383,4.59717163429784));
#10741=CARTESIAN_POINT('Origin',(-17.4632309647041,-126.685689796298,5.99999999999999));
#10742=CARTESIAN_POINT('',(-17.8350648046444,-128.073392578931,4.66607651121744));
#10743=CARTESIAN_POINT('',(-17.8350648046444,-128.073392578931,3.09999999999999));
#10744=CARTESIAN_POINT('Origin',(-17.4632309647041,-126.685689796298,4.65893693675591));
#10745=CARTESIAN_POINT('Origin',(-17.8350648046444,-128.073392578931,5.99999999999999));
#10746=CARTESIAN_POINT('',(-4.89165873236936,-131.5415677833,4.41755041834275));
#10747=CARTESIAN_POINT('',(-4.89165873236936,-131.5415677833,5.99999999999999));
#10748=CARTESIAN_POINT('',(-37.7355303881366,-122.741078896842,5.04818497094091));
#10749=CARTESIAN_POINT('Origin',(-4.51982489242886,-130.153865000666,5.99999999999999));
#10750=CARTESIAN_POINT('',(-3.13212210979456,-130.525698840606,4.38376558924626));
#10751=CARTESIAN_POINT('',(-3.13212210979456,-130.525698840606,3.09999999999999));
#10752=CARTESIAN_POINT('Origin',(-4.51982489242886,-130.153865000666,4.41041084388122));
#10753=CARTESIAN_POINT('Origin',(-3.13212210979456,-130.525698840606,5.99999999999999));
#10754=CARTESIAN_POINT('',(0.336053094572444,-117.582292768331,4.31717322336265));
#10755=CARTESIAN_POINT('',(0.336053094572444,-117.582292768331,3.09999999999999));
#10756=CARTESIAN_POINT('',(-0.262073803092759,-119.814532739798,4.3286578465051));
#10757=CARTESIAN_POINT('Origin',(-1.05164968806126,-117.21045892839,5.99999999999999));
#10758=CARTESIAN_POINT('',(-0.679815848120757,-115.822756145757,4.33667890353606));
#10759=CARTESIAN_POINT('',(-0.679815848120757,-115.822756145757,3.09999999999999));
#10760=CARTESIAN_POINT('Origin',(-1.05164968806126,-117.21045892839,4.34381847799759));
#10761=CARTESIAN_POINT('Origin',(-0.679815848120757,-115.822756145757,5.99999999999999));
#10762=CARTESIAN_POINT('',(-27.0556581403201,-108.755370503885,4.84312094781375));
#10763=CARTESIAN_POINT('Origin',(-67.3052496316869,-67.7827825732318,5.99999999999999));
#10764=CARTESIAN_POINT('',(-67.3052496316856,-69.2194382095808,5.61595258558335));
#10765=CARTESIAN_POINT('',(-67.3052496316856,-69.2194382095808,3.09999999999998));
#10766=CARTESIAN_POINT('',(-68.741905268036,-67.7827825732332,5.64353778302791));
#10767=CARTESIAN_POINT('',(-68.7419052680369,-67.7827825732332,3.09999999999998));
#10768=CARTESIAN_POINT('Origin',(-67.3052496316869,-67.7827825732318,5.6159525855834));
#10769=CARTESIAN_POINT('Origin',(-67.3052496316856,-69.2194382095808,5.99999999999999));
#10770=CARTESIAN_POINT('',(-53.9052496316855,-69.2194382095688,5.35865944141987));
#10771=CARTESIAN_POINT('',(-53.9052496316855,-69.2194382095688,3.09999999999999));
#10772=CARTESIAN_POINT('',(-59.4057427801355,-69.2194382095732,5.46427430534632));
#10773=CARTESIAN_POINT('Origin',(-53.905249631687,-67.7827825732189,5.99999999999999));
#10774=CARTESIAN_POINT('',(-52.4685939953371,-67.7827825732175,5.33107424397538));
#10775=CARTESIAN_POINT('',(-52.4685939953371,-67.7827825732175,3.09999999999999));
#10776=CARTESIAN_POINT('Origin',(-53.905249631687,-67.7827825732189,5.3586594414199));
#10777=CARTESIAN_POINT('Origin',(-52.4685939953371,-67.7827825732175,5.99999999999999));
#10778=CARTESIAN_POINT('',(-52.4685939953506,-54.3827825732175,5.33107424397572));
#10779=CARTESIAN_POINT('',(-52.4685939953506,-54.3827825732175,5.99999999999999));
#10780=CARTESIAN_POINT('',(-52.4685939953242,-81.1873024952152,5.33107424397505));
#10781=CARTESIAN_POINT('Origin',(-53.9052496316999,-54.3827825732189,5.99999999999999));
#10782=CARTESIAN_POINT('',(-53.9052496317011,-52.9461269368696,5.35865944142027));
#10783=CARTESIAN_POINT('',(-53.9052496317011,-52.9461269368696,3.09999999999999));
#10784=CARTESIAN_POINT('Origin',(-53.9052496316999,-54.3827825732189,5.35865944142023));
#10785=CARTESIAN_POINT('Origin',(-53.9052496317011,-52.9461269368696,5.99999999999999));
#10786=CARTESIAN_POINT('',(-67.3052496317013,-52.946126936882,5.61595258558375));
#10787=CARTESIAN_POINT('',(-67.3052496317013,-52.946126936882,3.09999999999998));
#10788=CARTESIAN_POINT('',(-52.7082120101756,-52.9461269368685,5.33567514490353));
#10789=CARTESIAN_POINT('Origin',(-67.3052496316999,-54.3827825732318,5.99999999999999));
#10790=CARTESIAN_POINT('',(-68.7419052680498,-54.3827825732332,5.64353778302826));
#10791=CARTESIAN_POINT('',(-68.7419052680498,-54.3827825732332,3.09999999999998));
#10792=CARTESIAN_POINT('Origin',(-67.3052496316999,-54.3827825732318,5.61595258558373));
#10793=CARTESIAN_POINT('Origin',(-68.7419052680498,-54.3827825732332,5.99999999999999));
#10794=CARTESIAN_POINT('',(-68.7419052680304,-74.4873024952309,5.64353778302775));
#10795=CARTESIAN_POINT('Origin',(-30.7731433493797,-93.2255418589775,5.99999999999999));
#10796=CARTESIAN_POINT('',(-32.2043320772953,-93.1003290699202,4.94198053777779));
#10797=CARTESIAN_POINT('',(-32.2043320772953,-93.1003290699202,3.09999999999999));
#10798=CARTESIAN_POINT('',(-30.6479305603225,-91.7943531310619,4.91209610196566));
#10799=CARTESIAN_POINT('',(-30.6479305603225,-91.7943531310626,3.09999999999999));
#10800=CARTESIAN_POINT('Origin',(-30.7731433493797,-93.2255418589775,4.91450031033774));
#10801=CARTESIAN_POINT('Origin',(-32.2043320772953,-93.1003290699202,5.99999999999999));
#10802=CARTESIAN_POINT('',(-33.3722190301,-106.449338024351,4.9644051128609));
#10803=CARTESIAN_POINT('',(-33.3722190301,-106.449338024351,3.09999999999999));
#10804=CARTESIAN_POINT('',(-32.3424664666698,-94.6792123652983,4.94463285355086));
#10805=CARTESIAN_POINT('Origin',(-31.9410303021853,-106.574550813408,5.99999999999999));
#10806=CARTESIAN_POINT('',(-32.0662430912423,-108.005739541323,4.93932909379293));
#10807=CARTESIAN_POINT('',(-32.0662430912423,-108.005739541323,3.09999999999999));
#10808=CARTESIAN_POINT('Origin',(-31.9410303021853,-106.574550813408,4.93692488542086));
#10809=CARTESIAN_POINT('Origin',(-32.0662430912423,-108.005739541323,5.99999999999999));
#10810=CARTESIAN_POINT('',(-18.7172341368119,-109.173626494129,4.68301502772188));
#10811=CARTESIAN_POINT('',(-18.7172341368119,-109.173626494129,5.99999999999999));
#10812=CARTESIAN_POINT('',(-42.3009890212355,-107.11031529839,5.13584625499014));
#10813=CARTESIAN_POINT('Origin',(-18.5920213477546,-107.742437766213,5.99999999999999));
#10814=CARTESIAN_POINT('',(-17.1608326198391,-107.867650555271,4.65313059190974));
#10815=CARTESIAN_POINT('',(-17.1608326198391,-107.867650555271,3.09999999999999));
#10816=CARTESIAN_POINT('Origin',(-18.5920213477546,-107.742437766213,4.6806108193498));
#10817=CARTESIAN_POINT('Origin',(-17.1608326198391,-107.867650555271,5.99999999999999));
#10818=CARTESIAN_POINT('',(-15.9929456670342,-94.5186416008402,4.63070601682664));
#10819=CARTESIAN_POINT('',(-15.9929456670342,-94.5186416008402,3.09999999999999));
#10820=CARTESIAN_POINT('',(-16.7150672976718,-102.772529608084,4.64457146046951));
#10821=CARTESIAN_POINT('Origin',(-17.4241343949492,-94.393428811783,5.99999999999999));
#10822=CARTESIAN_POINT('',(-17.298921605892,-92.962240083868,4.6557820358946));
#10823=CARTESIAN_POINT('',(-17.298921605892,-92.962240083868,3.09999999999999));
#10824=CARTESIAN_POINT('Origin',(-17.4241343949492,-94.393428811783,4.65818624426668));
#10825=CARTESIAN_POINT('Origin',(-17.298921605892,-92.962240083868,5.99999999999999));
#10826=CARTESIAN_POINT('',(-34.2111319069387,-91.4826134073769,4.98051306299241));
#10827=CARTESIAN_POINT('Origin',(-84.8052496316994,-74.7161165732318,5.99999999999998));
#10828=CARTESIAN_POINT('',(-86.2419052680495,-74.7161165732332,5.97955494891329));
#10829=CARTESIAN_POINT('',(-86.2419052680495,-74.7161165732332,3.09999999999998));
#10830=CARTESIAN_POINT('',(-84.8052496317015,-73.279460936882,5.95196975146879));
#10831=CARTESIAN_POINT('',(-84.8052496317015,-73.2794609368826,3.09999999999998));
#10832=CARTESIAN_POINT('Origin',(-84.8052496316994,-74.7161165732318,5.95196975146876));
#10833=CARTESIAN_POINT('Origin',(-86.2419052680495,-74.7161165732332,5.99999999999998));
#10834=CARTESIAN_POINT('',(-86.2419052680365,-88.1161165732332,5.97955494891294));
#10835=CARTESIAN_POINT('',(-86.2419052680365,-88.1161165732332,3.09999999999998));
#10836=CARTESIAN_POINT('',(-86.2419052680405,-84.6539694952393,5.97955494891304));
#10837=CARTESIAN_POINT('Origin',(-84.8052496316875,-88.1161165732318,5.99999999999998));
#10838=CARTESIAN_POINT('',(-84.8052496316855,-89.5527722095808,5.95196975146839));
#10839=CARTESIAN_POINT('',(-84.8052496316855,-89.5527722095808,3.09999999999998));
#10840=CARTESIAN_POINT('Origin',(-84.8052496316875,-88.1161165732318,5.95196975146843));
#10841=CARTESIAN_POINT('Origin',(-84.8052496316855,-89.5527722095808,5.99999999999998));
#10842=CARTESIAN_POINT('',(-71.4052496316856,-89.5527722095688,5.6946766073049));
#10843=CARTESIAN_POINT('',(-71.4052496316856,-89.5527722095688,5.99999999999998));
#10844=CARTESIAN_POINT('',(-68.1525180394221,-89.5527722095649,5.6322209701039));
#10845=CARTESIAN_POINT('Origin',(-71.405249631687,-88.1161165732189,5.99999999999998));
#10846=CARTESIAN_POINT('',(-69.9685939953371,-88.1161165732176,5.66709140986042));
#10847=CARTESIAN_POINT('',(-69.9685939953371,-88.1161165732176,3.09999999999998));
#10848=CARTESIAN_POINT('Origin',(-71.405249631687,-88.1161165732189,5.69467660730493));
#10849=CARTESIAN_POINT('Origin',(-69.9685939953371,-88.1161165732176,5.99999999999999));
#10850=CARTESIAN_POINT('',(-69.9685939953506,-74.7161165732175,5.66709140986076));
#10851=CARTESIAN_POINT('',(-69.9685939953506,-74.7161165732175,3.09999999999998));
#10852=CARTESIAN_POINT('',(-69.968593995334,-91.3539694952237,5.66709140986034));
#10853=CARTESIAN_POINT('Origin',(-71.4052496316999,-74.7161165732189,5.99999999999998));
#10854=CARTESIAN_POINT('',(-71.4052496317011,-73.2794609368696,5.69467660730529));
#10855=CARTESIAN_POINT('',(-71.4052496317011,-73.2794609368696,3.09999999999998));
#10856=CARTESIAN_POINT('Origin',(-71.4052496316999,-74.7161165732189,5.69467660730527));
#10857=CARTESIAN_POINT('Origin',(-71.4052496317011,-73.2794609368696,5.99999999999998));
#10858=CARTESIAN_POINT('',(-61.4549872694622,-73.27946093686,5.50362180966112));
#10859=CARTESIAN_POINT('Origin',(-91.9604824704504,-117.322563807506,5.99999999999998));
#10860=CARTESIAN_POINT('',(-91.9604824704504,-117.322563807506,5.99999999999998));
#10861=CARTESIAN_POINT('',(-91.9604824704504,-117.322563807506,2.89999999999998));
#10862=CARTESIAN_POINT('',(-89.1744658134765,-130.429741657335,5.99999999999998));
#10863=CARTESIAN_POINT('',(-93.3977363391445,-110.560815981921,5.99999999999998));
#10864=CARTESIAN_POINT('',(-89.1744658134765,-130.429741657335,2.89999999999998));
#10865=CARTESIAN_POINT('Origin',(-87.7692045497015,-130.131044154857,5.99999999999998));
#10866=CARTESIAN_POINT('',(-87.4705070472234,-131.536305418633,5.99999999999998));
#10867=CARTESIAN_POINT('Origin',(-87.7692045497015,-130.131044154857,5.99999999999998));
#10868=CARTESIAN_POINT('',(-87.4705070472234,-131.536305418633,2.89999999999998));
#10869=CARTESIAN_POINT('Origin',(-87.4705070472234,-131.536305418633,5.99999999999998));
#10870=CARTESIAN_POINT('',(-87.3066972797335,-131.501486577687,5.99999999999998));
#10871=CARTESIAN_POINT('',(-66.5147949144094,-127.082031300309,5.99999999999999));
#10872=CARTESIAN_POINT('',(-74.3633291973935,-128.75028876166,5.75147463656935));
#10873=CARTESIAN_POINT('',(-66.5065166568147,-127.080271702339,5.60061612898215));
#10874=CARTESIAN_POINT('',(-74.3633291973935,-128.75028876166,5.99999999999998));
#10875=CARTESIAN_POINT('Origin',(-74.6620266998715,-127.345027497884,5.99999999999998));
#10876=CARTESIAN_POINT('',(-73.2567654360954,-127.046329995406,5.7302275269155));
#10877=CARTESIAN_POINT('Origin',(-74.6620266998715,-127.345027497884,5.75720992161162));
#10878=CARTESIAN_POINT('',(-73.2567654360954,-127.046329995406,2.89999999999998));
#10879=CARTESIAN_POINT('Origin',(-67.3052496316999,-71.8827825732319,5.99999999999999));
#10880=CARTESIAN_POINT('',(-68.7419052680498,-71.8827825732332,5.64353778302815));
#10881=CARTESIAN_POINT('',(-68.7419052680498,-71.8827825732332,3.09999999999998));
#10882=CARTESIAN_POINT('',(-67.3052496317013,-70.446126936882,5.61595258558365));
#10883=CARTESIAN_POINT('',(-67.3052496317013,-70.4461269368826,3.09999999999998));
#10884=CARTESIAN_POINT('Origin',(-67.3052496316999,-71.8827825732319,5.61595258558361));
#10885=CARTESIAN_POINT('Origin',(-68.7419052680498,-71.8827825732332,5.99999999999999));
#10886=CARTESIAN_POINT('',(-68.741905268036,-85.2827825732332,5.64353778302779));
#10887=CARTESIAN_POINT('',(-68.741905268036,-85.2827825732332,3.09999999999998));
#10888=CARTESIAN_POINT('',(-68.7419052680388,-83.2373024952309,5.64353778302787));
#10889=CARTESIAN_POINT('Origin',(-67.3052496316869,-85.2827825732318,5.99999999999999));
#10890=CARTESIAN_POINT('',(-67.3052496316856,-86.7194382095808,5.61595258558325));
#10891=CARTESIAN_POINT('',(-67.3052496316856,-86.7194382095808,3.09999999999998));
#10892=CARTESIAN_POINT('Origin',(-67.3052496316869,-85.2827825732318,5.61595258558329));
#10893=CARTESIAN_POINT('Origin',(-67.3052496316856,-86.7194382095808,5.99999999999999));
#10894=CARTESIAN_POINT('',(-53.9052496316855,-86.7194382095688,5.35865944141976));
#10895=CARTESIAN_POINT('',(-53.9052496316855,-86.7194382095688,5.99999999999999));
#10896=CARTESIAN_POINT('',(-59.4057427801271,-86.7194382095733,5.46427430534605));
#10897=CARTESIAN_POINT('Origin',(-53.905249631687,-85.2827825732189,5.99999999999999));
#10898=CARTESIAN_POINT('',(-52.4685939953371,-85.2827825732176,5.33107424397527));
#10899=CARTESIAN_POINT('',(-52.4685939953371,-85.2827825732176,3.09999999999999));
#10900=CARTESIAN_POINT('Origin',(-53.905249631687,-85.2827825732189,5.3586594414198));
#10901=CARTESIAN_POINT('Origin',(-52.4685939953371,-85.2827825732176,5.99999999999999));
#10902=CARTESIAN_POINT('',(-52.4685939953506,-71.8827825732175,5.33107424397561));
#10903=CARTESIAN_POINT('',(-52.4685939953506,-71.8827825732175,3.09999999999999));
#10904=CARTESIAN_POINT('',(-52.4685939953326,-89.9373024952152,5.33107424397516));
#10905=CARTESIAN_POINT('Origin',(-53.9052496316999,-71.8827825732189,5.99999999999999));
#10906=CARTESIAN_POINT('',(-53.9052496317011,-70.4461269368696,5.35865944142016));
#10907=CARTESIAN_POINT('',(-53.9052496317011,-70.4461269368696,3.09999999999999));
#10908=CARTESIAN_POINT('Origin',(-53.9052496316999,-71.8827825732189,5.35865944142013));
#10909=CARTESIAN_POINT('Origin',(-53.9052496317011,-70.4461269368696,5.99999999999999));
#10910=CARTESIAN_POINT('',(-52.7082120101671,-70.4461269368685,5.33567514490326));
#10911=CARTESIAN_POINT('Origin',(-49.8052496316999,-86.5494495732319,5.99999999999999));
#10912=CARTESIAN_POINT('',(-51.2419052680497,-86.5494495732332,5.3075206171429));
#10913=CARTESIAN_POINT('',(-51.2419052680497,-86.5494495732332,3.09999999999999));
#10914=CARTESIAN_POINT('',(-49.8052496317012,-85.112793936882,5.27993541969841));
#10915=CARTESIAN_POINT('',(-49.8052496317012,-85.1127939368826,3.09999999999999));
#10916=CARTESIAN_POINT('Origin',(-49.8052496316999,-86.5494495732319,5.27993541969837));
#10917=CARTESIAN_POINT('Origin',(-51.2419052680497,-86.5494495732332,5.99999999999999));
#10918=CARTESIAN_POINT('',(-51.241905268036,-99.9494495732332,5.30752061714256));
#10919=CARTESIAN_POINT('',(-51.241905268036,-99.9494495732332,3.09999999999999));
#10920=CARTESIAN_POINT('',(-51.2419052680459,-90.5706359952225,5.3075206171428));
#10921=CARTESIAN_POINT('Origin',(-49.8052496316869,-99.9494495732318,5.99999999999999));
#10922=CARTESIAN_POINT('',(-49.8052496316856,-101.386105209581,5.27993541969801));
#10923=CARTESIAN_POINT('',(-49.8052496316856,-101.386105209581,3.09999999999999));
#10924=CARTESIAN_POINT('Origin',(-49.8052496316869,-99.9494495732318,5.27993541969804));
#10925=CARTESIAN_POINT('Origin',(-49.8052496316856,-101.386105209581,5.99999999999999));
#10926=CARTESIAN_POINT('',(-36.4052496316856,-101.386105209569,5.02264227553451));
#10927=CARTESIAN_POINT('',(-36.4052496316856,-101.386105209569,5.99999999999999));
#10928=CARTESIAN_POINT('',(-50.6589675208236,-101.386105209582,5.29632764058793));
#10929=CARTESIAN_POINT('Origin',(-36.405249631687,-99.9494495732189,5.99999999999999));
#10930=CARTESIAN_POINT('',(-34.9685939953371,-99.9494495732176,4.99505707809002));
#10931=CARTESIAN_POINT('',(-34.9685939953371,-99.9494495732176,3.09999999999999));
#10932=CARTESIAN_POINT('Origin',(-36.405249631687,-99.9494495732189,5.02264227553455));
#10933=CARTESIAN_POINT('Origin',(-34.9685939953371,-99.9494495732176,5.99999999999999));
#10934=CARTESIAN_POINT('',(-34.9685939953506,-86.5494495732175,4.99505707809036));
#10935=CARTESIAN_POINT('',(-34.9685939953506,-86.5494495732175,3.09999999999999));
#10936=CARTESIAN_POINT('',(-34.9685939953397,-97.2706359952068,4.99505707809009));
#10937=CARTESIAN_POINT('Origin',(-36.4052496317,-86.549449573219,5.99999999999999));
#10938=CARTESIAN_POINT('',(-36.4052496317011,-85.1127939368696,5.02264227553491));
#10939=CARTESIAN_POINT('',(-36.4052496317011,-85.1127939368697,3.09999999999999));
#10940=CARTESIAN_POINT('Origin',(-36.4052496317,-86.549449573219,5.02264227553488));
#10941=CARTESIAN_POINT('Origin',(-36.4052496317011,-85.1127939368696,5.99999999999999));
#10942=CARTESIAN_POINT('',(-43.9614367508636,-85.112793936877,5.16772848014513));
#10943=CARTESIAN_POINT('Origin',(-84.8052496316875,-70.6161165732318,5.99999999999998));
#10944=CARTESIAN_POINT('',(-84.8052496316855,-72.0527722095808,5.9519697514685));
#10945=CARTESIAN_POINT('',(-84.8052496316855,-72.0527722095808,3.09999999999998));
#10946=CARTESIAN_POINT('',(-86.2419052680365,-70.6161165732332,5.97955494891305));
#10947=CARTESIAN_POINT('',(-86.2419052680365,-70.6161165732332,3.09999999999998));
#10948=CARTESIAN_POINT('Origin',(-84.8052496316875,-70.6161165732318,5.95196975146853));
#10949=CARTESIAN_POINT('Origin',(-84.8052496316855,-72.0527722095808,5.99999999999998));
#10950=CARTESIAN_POINT('',(-71.4052496316856,-72.0527722095688,5.694676607305));
#10951=CARTESIAN_POINT('',(-71.4052496316856,-72.0527722095688,3.09999999999998));
#10952=CARTESIAN_POINT('',(-68.1525180394306,-72.0527722095648,5.63222097010418));
#10953=CARTESIAN_POINT('Origin',(-71.405249631687,-70.6161165732189,5.99999999999998));
#10954=CARTESIAN_POINT('',(-69.9685939953371,-70.6161165732175,5.66709140986052));
#10955=CARTESIAN_POINT('',(-69.9685939953371,-70.6161165732175,3.09999999999998));
#10956=CARTESIAN_POINT('Origin',(-71.405249631687,-70.6161165732189,5.69467660730504));
#10957=CARTESIAN_POINT('Origin',(-69.9685939953371,-70.6161165732175,5.99999999999999));
#10958=CARTESIAN_POINT('',(-69.9685939953506,-57.2161165732175,5.66709140986086));
#10959=CARTESIAN_POINT('',(-69.9685939953506,-57.2161165732175,5.99999999999999));
#10960=CARTESIAN_POINT('',(-69.9685939953256,-82.6039694952237,5.66709140986022));
#10961=CARTESIAN_POINT('Origin',(-71.4052496316999,-57.2161165732189,5.99999999999998));
#10962=CARTESIAN_POINT('',(-71.4052496317011,-55.7794609368696,5.6946766073054));
#10963=CARTESIAN_POINT('',(-71.4052496317011,-55.7794609368696,3.09999999999998));
#10964=CARTESIAN_POINT('Origin',(-71.4052496316999,-57.2161165732189,5.69467660730537));
#10965=CARTESIAN_POINT('Origin',(-71.4052496317011,-55.7794609368696,5.99999999999998));
#10966=CARTESIAN_POINT('',(-84.8052496317015,-55.779460936882,5.9519697514689));
#10967=CARTESIAN_POINT('',(-84.8052496317015,-55.779460936882,3.09999999999998));
#10968=CARTESIAN_POINT('',(-61.4549872694706,-55.77946093686,5.50362180966138));
#10969=CARTESIAN_POINT('Origin',(-84.8052496316994,-57.2161165732318,5.99999999999998));
#10970=CARTESIAN_POINT('',(-86.2419052680495,-57.2161165732332,5.97955494891339));
#10971=CARTESIAN_POINT('',(-86.2419052680495,-57.2161165732332,3.09999999999998));
#10972=CARTESIAN_POINT('Origin',(-84.8052496316994,-57.2161165732318,5.95196975146886));
#10973=CARTESIAN_POINT('Origin',(-86.2419052680495,-57.2161165732332,5.99999999999998));
#10974=CARTESIAN_POINT('',(-86.2419052680315,-75.9039694952393,5.97955494891293));
#10975=CARTESIAN_POINT('Origin',(-9.46572276033656,-96.8385817240228,5.99999999999999));
#10976=CARTESIAN_POINT('',(-10.8534255429713,-96.4667478840821,4.53202218904963));
#10977=CARTESIAN_POINT('',(-10.8534255429713,-96.4667478840821,3.09999999999999));
#10978=CARTESIAN_POINT('',(-9.09388892039596,-95.4508789413888,4.49823735995313));
#10979=CARTESIAN_POINT('',(-9.09388892039596,-95.4508789413888,3.09999999999999));
#10980=CARTESIAN_POINT('Origin',(-9.46572276033656,-96.8385817240228,4.50537693441466));
#10981=CARTESIAN_POINT('Origin',(-10.8534255429713,-96.4667478840821,5.99999999999999));
#10982=CARTESIAN_POINT('',(-14.321600747338,-109.410153956358,4.59861455493324));
#10983=CARTESIAN_POINT('',(-14.3216007473371,-109.410153956358,3.09999999999999));
#10984=CARTESIAN_POINT('',(-11.9818420385545,-100.678055577706,4.55368889263726));
#10985=CARTESIAN_POINT('Origin',(-12.9338979647041,-109.781987796298,5.99999999999999));
#10986=CARTESIAN_POINT('',(-13.3057318046443,-111.169690578931,4.57910887475982));
#10987=CARTESIAN_POINT('',(-13.3057318046443,-111.169690578931,3.09999999999999));
#10988=CARTESIAN_POINT('Origin',(-12.9338979647041,-109.781987796298,4.57196930029829));
#10989=CARTESIAN_POINT('Origin',(-13.3057318046443,-111.169690578931,5.99999999999999));
#10990=CARTESIAN_POINT('',(-0.362325732369255,-114.637865783299,4.33058278188513));
#10991=CARTESIAN_POINT('',(-0.362325732369255,-114.637865783299,5.99999999999999));
#10992=CARTESIAN_POINT('',(-33.2077547167533,-105.836959611894,4.96124723672033));
#10993=CARTESIAN_POINT('Origin',(0.00950810757113896,-113.250163000665,
5.99999999999999));
#10994=CARTESIAN_POINT('',(1.39721089020574,-113.621996840606,4.29679795278863));
#10995=CARTESIAN_POINT('',(1.39721089020574,-113.621996840606,3.09999999999999));
#10996=CARTESIAN_POINT('Origin',(0.00950810757113896,-113.250163000665,
4.3234432074236));
#10997=CARTESIAN_POINT('Origin',(1.39721089020574,-113.621996840606,5.99999999999999));
#10998=CARTESIAN_POINT('',(4.86538609457274,-100.678590768331,4.23020558690502));
#10999=CARTESIAN_POINT('',(4.86538609457214,-100.678590768331,3.09999999999999));
#11000=CARTESIAN_POINT('',(2.00253662850994,-111.362890430121,4.28517510484452));
#11001=CARTESIAN_POINT('Origin',(3.47768331193864,-100.30675692839,5.99999999999999));
#11002=CARTESIAN_POINT('',(3.84951715187904,-98.9190541457569,4.24971126707844));
#11003=CARTESIAN_POINT('',(3.84951715187904,-98.9190541457569,3.09999999999999));
#11004=CARTESIAN_POINT('Origin',(3.47768331193864,-100.30675692839,4.25685084153997));
#11005=CARTESIAN_POINT('Origin',(3.84951715187904,-98.9190541457569,5.99999999999999));
#11006=CARTESIAN_POINT('',(-22.5278824689367,-91.8512512189387,4.75618321359316));
#11007=CARTESIAN_POINT('Origin',(-49.8052496316869,-64.9494495732318,5.99999999999999));
#11008=CARTESIAN_POINT('',(-49.8052496316856,-66.3861052095808,5.27993541969822));
#11009=CARTESIAN_POINT('',(-49.8052496316856,-66.3861052095808,3.09999999999999));
#11010=CARTESIAN_POINT('',(-51.241905268036,-64.9494495732332,5.30752061714277));
#11011=CARTESIAN_POINT('',(-51.2419052680369,-64.9494495732332,3.09999999999999));
#11012=CARTESIAN_POINT('Origin',(-49.8052496316869,-64.9494495732318,5.27993541969826));
#11013=CARTESIAN_POINT('Origin',(-49.8052496316856,-66.3861052095808,5.99999999999999));
#11014=CARTESIAN_POINT('',(-36.4052496316856,-66.3861052095688,5.02264227553472));
#11015=CARTESIAN_POINT('',(-36.4052496316856,-66.3861052095688,3.09999999999999));
#11016=CARTESIAN_POINT('',(-50.6589675208404,-66.3861052095816,5.29632764058846));
#11017=CARTESIAN_POINT('Origin',(-36.405249631687,-64.9494495732189,5.99999999999999));
#11018=CARTESIAN_POINT('',(-34.9685939953371,-64.9494495732175,4.99505707809023));
#11019=CARTESIAN_POINT('',(-34.9685939953371,-64.9494495732175,3.09999999999999));
#11020=CARTESIAN_POINT('Origin',(-36.405249631687,-64.9494495732189,5.02264227553476));
#11021=CARTESIAN_POINT('Origin',(-34.9685939953371,-64.9494495732175,5.99999999999999));
#11022=CARTESIAN_POINT('',(-34.9685939953506,-51.5494495732175,4.99505707809057));
#11023=CARTESIAN_POINT('',(-34.9685939953506,-51.5494495732175,5.99999999999999));
#11024=CARTESIAN_POINT('',(-34.9685939953228,-79.7706359952068,4.99505707808987));
#11025=CARTESIAN_POINT('Origin',(-36.4052496316999,-51.5494495732189,5.99999999999999));
#11026=CARTESIAN_POINT('',(-36.4052496317011,-50.1127939368696,5.02264227553512));
#11027=CARTESIAN_POINT('',(-36.4052496317011,-50.1127939368696,3.09999999999999));
#11028=CARTESIAN_POINT('Origin',(-36.4052496316999,-51.5494495732189,5.02264227553509));
#11029=CARTESIAN_POINT('Origin',(-36.4052496317011,-50.1127939368696,5.99999999999999));
#11030=CARTESIAN_POINT('',(-49.8052496317012,-50.112793936882,5.27993541969862));
#11031=CARTESIAN_POINT('',(-49.8052496317012,-50.112793936882,3.09999999999999));
#11032=CARTESIAN_POINT('',(-43.9614367508805,-50.1127939368769,5.16772848014567));
#11033=CARTESIAN_POINT('Origin',(-49.8052496316999,-51.5494495732318,5.99999999999999));
#11034=CARTESIAN_POINT('',(-51.2419052680497,-51.5494495732332,5.30752061714311));
#11035=CARTESIAN_POINT('',(-51.2419052680497,-51.5494495732332,3.09999999999999));
#11036=CARTESIAN_POINT('Origin',(-49.8052496316999,-51.5494495732318,5.27993541969858));
#11037=CARTESIAN_POINT('Origin',(-51.2419052680497,-51.5494495732332,5.99999999999999));
#11038=CARTESIAN_POINT('',(-51.2419052680291,-73.0706359952225,5.30752061714258));
#11039=CARTESIAN_POINT('Origin',(-30.4158043021854,-89.141143813428,5.99999999999999));
#11040=CARTESIAN_POINT('',(-30.5410170912423,-90.5723325413426,4.91004325848708));
#11041=CARTESIAN_POINT('',(-30.5410170912423,-90.5723325413426,3.09999999999999));
#11042=CARTESIAN_POINT('',(-31.8469930301,-89.0159310243708,4.93511927755504));
#11043=CARTESIAN_POINT('',(-31.8469930301008,-89.0159310243708,3.09999999999999));
#11044=CARTESIAN_POINT('Origin',(-30.4158043021854,-89.141143813428,4.907639050115));
#11045=CARTESIAN_POINT('Origin',(-30.5410170912423,-90.5723325413426,5.99999999999999));
#11046=CARTESIAN_POINT('',(-17.1920081368119,-91.740219494149,4.65372919241602));
#11047=CARTESIAN_POINT('',(-17.1920081368119,-91.740219494149,3.09999999999999));
#11048=CARTESIAN_POINT('',(-40.7763211208409,-89.6768594710217,5.10657113574415));
#11049=CARTESIAN_POINT('Origin',(-17.0667953477547,-90.3090307662335,5.99999999999999));
#11050=CARTESIAN_POINT('',(-15.6356066198391,-90.4342435552908,4.62384475660388));
#11051=CARTESIAN_POINT('',(-15.6356066198391,-90.4342435552908,3.09999999999999));
#11052=CARTESIAN_POINT('Origin',(-17.0667953477547,-90.3090307662335,4.65132498404394));
#11053=CARTESIAN_POINT('Origin',(-15.6356066198391,-90.4342435552908,5.99999999999999));
#11054=CARTESIAN_POINT('',(-14.4677196670343,-77.0852346008602,4.60142018152078));
#11055=CARTESIAN_POINT('',(-14.4677196670343,-77.0852346008602,5.99999999999999));
#11056=CARTESIAN_POINT('',(-15.952456174916,-94.0558505419671,4.62992857886151));
#11057=CARTESIAN_POINT('Origin',(-15.8989083949492,-76.9600218118029,5.99999999999999));
#11058=CARTESIAN_POINT('',(-15.773695605892,-75.528833083888,4.62649620058874));
#11059=CARTESIAN_POINT('',(-15.773695605892,-75.528833083888,3.09999999999999));
#11060=CARTESIAN_POINT('Origin',(-15.8989083949492,-76.9600218118029,4.62890040896082));
#11061=CARTESIAN_POINT('Origin',(-15.773695605892,-75.528833083888,5.99999999999999));
#11062=CARTESIAN_POINT('',(-29.1227045603225,-74.3609461310819,4.8828102666598));
#11063=CARTESIAN_POINT('',(-29.1227045603225,-74.3609461310819,3.09999999999999));
#11064=CARTESIAN_POINT('',(-32.6864640065443,-74.0491575800083,4.95123794374642));
#11065=CARTESIAN_POINT('Origin',(-29.2479173493797,-75.7921348589974,5.99999999999999));
#11066=CARTESIAN_POINT('',(-30.6791060772953,-75.6669220699402,4.91269470247194));
#11067=CARTESIAN_POINT('',(-30.6791060772953,-75.6669220699402,3.09999999999999));
#11068=CARTESIAN_POINT('Origin',(-29.2479173493797,-75.7921348589974,4.88521447503188));
#11069=CARTESIAN_POINT('Origin',(-30.6791060772953,-75.6669220699402,5.99999999999999));
#11070=CARTESIAN_POINT('',(-31.5798553439139,-85.9625332991813,4.92998997194286));
#11071=CARTESIAN_POINT('Origin',(-67.3052496316999,-89.3827825732319,5.99999999999999));
#11072=CARTESIAN_POINT('',(-68.7419052680498,-89.3827825732332,5.64353778302804));
#11073=CARTESIAN_POINT('',(-68.7419052680498,-89.3827825732332,3.09999999999998));
#11074=CARTESIAN_POINT('',(-67.3052496317012,-87.946126936882,5.61595258558355));
#11075=CARTESIAN_POINT('',(-67.3052496317012,-87.9461269368826,3.09999999999998));
#11076=CARTESIAN_POINT('Origin',(-67.3052496316999,-89.3827825732319,5.61595258558351));
#11077=CARTESIAN_POINT('Origin',(-68.7419052680498,-89.3827825732332,5.99999999999999));
#11078=CARTESIAN_POINT('',(-68.741905268036,-102.782782573233,5.6435377830277));
#11079=CARTESIAN_POINT('',(-68.741905268036,-102.782782573233,3.09999999999998));
#11080=CARTESIAN_POINT('',(-68.7419052680473,-91.9873024952309,5.64353778302798));
#11081=CARTESIAN_POINT('Origin',(-67.3052496316869,-102.782782573232,5.99999999999999));
#11082=CARTESIAN_POINT('',(-67.3052496316855,-104.219438209581,5.61595258558315));
#11083=CARTESIAN_POINT('',(-67.3052496316855,-104.219438209581,3.09999999999998));
#11084=CARTESIAN_POINT('Origin',(-67.3052496316869,-102.782782573232,5.61595258558319));
#11085=CARTESIAN_POINT('Origin',(-53.905249631687,-102.782782573219,5.99999999999999));
#11086=CARTESIAN_POINT('',(-52.4685939953371,-102.782782573218,5.33107424397517));
#11087=CARTESIAN_POINT('',(-52.4685939953371,-102.782782573218,3.09999999999999));
#11088=CARTESIAN_POINT('',(-53.9052496316855,-104.219438209569,5.35865944141966));
#11089=CARTESIAN_POINT('',(-53.9052496316855,-104.219438209569,5.99999999999999));
#11090=CARTESIAN_POINT('Origin',(-53.905249631687,-102.782782573219,5.35865944141969));
#11091=CARTESIAN_POINT('Origin',(-52.4685939953371,-102.782782573218,5.99999999999999));
#11092=CARTESIAN_POINT('',(-52.4685939953506,-89.3827825732175,5.33107424397551));
#11093=CARTESIAN_POINT('',(-52.4685939953506,-89.3827825732175,3.09999999999999));
#11094=CARTESIAN_POINT('',(-52.4685939953411,-98.6873024952152,5.33107424397527));
#11095=CARTESIAN_POINT('Origin',(-53.9052496317,-89.382782573219,5.99999999999999));
#11096=CARTESIAN_POINT('',(-53.9052496317011,-87.9461269368696,5.35865944142005));
#11097=CARTESIAN_POINT('',(-53.9052496317011,-87.9461269368696,3.09999999999999));
#11098=CARTESIAN_POINT('Origin',(-53.9052496317,-89.382782573219,5.35865944142002));
#11099=CARTESIAN_POINT('Origin',(-53.9052496317011,-87.9461269368696,5.99999999999999));
#11100=CARTESIAN_POINT('',(-52.7082120101587,-87.9461269368685,5.33567514490299));
#11101=CARTESIAN_POINT('Origin',(-93.1079970365134,-131.427717392484,5.99999999999998));
#11102=CARTESIAN_POINT('',(-92.5008401287575,-132.729769582997,5.99999999999998));
#11103=CARTESIAN_POINT('',(-92.5008401287575,-132.729769582997,5.99999999999998));
#11104=CARTESIAN_POINT('',(-91.8059448459995,-130.820560484728,5.99999999999998));
#11105=CARTESIAN_POINT('Origin',(-93.1079970365134,-131.427717392484,5.99999999999998));
#11106=CARTESIAN_POINT('',(-91.8059448459995,-130.820560484728,2.89999999999998));
#11107=CARTESIAN_POINT('Origin',(-91.8059448459995,-130.820560484728,5.99999999999998));
#11108=CARTESIAN_POINT('',(-97.4690295533395,-118.676036138444,5.99999999999998));
#11109=CARTESIAN_POINT('',(-95.1463396543685,-123.657060700969,5.99999999999998));
#11110=CARTESIAN_POINT('',(-97.4690295533395,-118.676036138444,2.89999999999998));
#11111=CARTESIAN_POINT('Origin',(-98.7710817438515,-119.283193046199,5.99999999999998));
#11112=CARTESIAN_POINT('',(-99.3782386516075,-117.981140855686,5.99999999999998));
#11113=CARTESIAN_POINT('Origin',(-98.7710817438515,-119.283193046199,5.99999999999998));
#11114=CARTESIAN_POINT('',(-99.3782386516075,-117.981140855686,2.89999999999998));
#11115=CARTESIAN_POINT('Origin',(-99.3782386516075,-117.981140855686,5.99999999999998));
#11116=CARTESIAN_POINT('',(-111.522762997892,-123.644225563024,5.99999999999998));
#11117=CARTESIAN_POINT('',(-75.2429976641995,-106.72669315181,5.99999999999998));
#11118=CARTESIAN_POINT('',(-111.522762997892,-123.644225563024,2.89999999999998));
#11119=CARTESIAN_POINT('Origin',(-84.8052496316994,-92.2161155732319,5.99999999999998));
#11120=CARTESIAN_POINT('',(-86.2419052680495,-92.2161155732332,5.97955494891318));
#11121=CARTESIAN_POINT('',(-86.2419052680495,-92.2161155732332,3.09999999999998));
#11122=CARTESIAN_POINT('',(-84.8052496317015,-90.779459936882,5.95196975146869));
#11123=CARTESIAN_POINT('',(-84.8052496317015,-90.7794599368826,3.09999999999998));
#11124=CARTESIAN_POINT('Origin',(-84.8052496316994,-92.2161155732319,5.95196975146865));
#11125=CARTESIAN_POINT('Origin',(-86.2419052680495,-92.2161155732332,5.99999999999998));
#11126=CARTESIAN_POINT('',(-86.2419052680365,-105.616115573233,5.97955494891283));
#11127=CARTESIAN_POINT('',(-86.2419052680365,-105.616115573233,3.09999999999998));
#11128=CARTESIAN_POINT('',(-86.2419052680485,-93.4039689952393,5.97955494891315));
#11129=CARTESIAN_POINT('Origin',(-84.8052496316875,-105.616115573232,5.99999999999998));
#11130=CARTESIAN_POINT('',(-84.8052496316855,-107.052771209581,5.95196975146829));
#11131=CARTESIAN_POINT('',(-84.8052496316855,-107.052771209581,3.09999999999998));
#11132=CARTESIAN_POINT('Origin',(-84.8052496316875,-105.616115573232,5.95196975146832));
#11133=CARTESIAN_POINT('Origin',(-71.4052496316999,-92.2161155732189,5.99999999999998));
#11134=CARTESIAN_POINT('',(-71.4052496317011,-90.7794599368696,5.69467660730519));
#11135=CARTESIAN_POINT('',(-71.4052496317011,-90.7794599368696,3.09999999999998));
#11136=CARTESIAN_POINT('',(-69.9685939953506,-92.2161155732175,5.66709140986065));
#11137=CARTESIAN_POINT('',(-69.9685939953506,-92.2161155732175,3.09999999999998));
#11138=CARTESIAN_POINT('Origin',(-71.4052496316999,-92.2161155732189,5.69467660730516));
#11139=CARTESIAN_POINT('Origin',(-71.4052496317011,-90.7794599368696,5.99999999999998));
#11140=CARTESIAN_POINT('',(-61.4549872694538,-90.77945993686,5.50362180966085));
#11141=CARTESIAN_POINT('Origin',(-28.8905793021853,-71.707735813428,5.99999999999999));
#11142=CARTESIAN_POINT('',(-29.0157920912423,-73.1389245413426,4.8807574423822));
#11143=CARTESIAN_POINT('',(-29.0157920912423,-73.1389245413426,3.09999999999999));
#11144=CARTESIAN_POINT('',(-30.3217680300999,-71.5825230243708,4.90583346145016));
#11145=CARTESIAN_POINT('',(-30.3217680301008,-71.5825230243707,3.09999999999999));
#11146=CARTESIAN_POINT('Origin',(-28.8905793021853,-71.707735813428,4.87835323401012));
#11147=CARTESIAN_POINT('Origin',(-29.0157920912423,-73.1389245413426,5.99999999999999));
#11148=CARTESIAN_POINT('',(-15.6667831368119,-74.306811494149,4.62444337631114));
#11149=CARTESIAN_POINT('',(-15.6667831368119,-74.306811494149,3.09999999999999));
#11150=CARTESIAN_POINT('',(-39.2516536806632,-72.2434026908579,5.07729602533477));
#11151=CARTESIAN_POINT('Origin',(-15.5415703477546,-72.8756227662335,5.99999999999999));
#11152=CARTESIAN_POINT('',(-14.1103816198391,-73.0008355552908,4.594558940499));
#11153=CARTESIAN_POINT('',(-14.1103816198391,-73.0008355552908,3.09999999999999));
#11154=CARTESIAN_POINT('Origin',(-15.5415703477546,-72.8756227662335,4.62203916793906));
#11155=CARTESIAN_POINT('Origin',(-14.1103816198391,-73.0008355552908,5.99999999999999));
#11156=CARTESIAN_POINT('',(-12.9424946670342,-59.6518266008602,4.5721343654159));
#11157=CARTESIAN_POINT('',(-12.9424946670342,-59.6518266008602,5.99999999999999));
#11158=CARTESIAN_POINT('',(-15.189846091772,-85.3391709285966,4.61528571721508));
#11159=CARTESIAN_POINT('Origin',(-14.3736833949491,-59.5266138118029,5.99999999999999));
#11160=CARTESIAN_POINT('',(-14.2484706058919,-58.095425083888,4.59721038448386));
#11161=CARTESIAN_POINT('',(-14.2484706058919,-58.095425083888,3.09999999999999));
#11162=CARTESIAN_POINT('Origin',(-14.3736833949491,-59.5266138118029,4.59961459285594));
#11163=CARTESIAN_POINT('Origin',(-14.2484706058919,-58.095425083888,5.99999999999999));
#11164=CARTESIAN_POINT('',(-27.5974795603224,-56.9275381310819,4.85352445055492));
#11165=CARTESIAN_POINT('',(-27.5974795603224,-56.9275381310819,3.09999999999999));
#11166=CARTESIAN_POINT('',(-31.1617965663666,-56.6157007998446,4.92196283333705));
#11167=CARTESIAN_POINT('Origin',(-27.7226923493797,-58.3587268589974,5.99999999999999));
#11168=CARTESIAN_POINT('',(-29.1538810772953,-58.2335140699402,4.88340888636706));
#11169=CARTESIAN_POINT('',(-29.1538810772953,-58.2335140699402,3.09999999999999));
#11170=CARTESIAN_POINT('Origin',(-27.7226923493797,-58.3587268589974,4.855928658927));
#11171=CARTESIAN_POINT('Origin',(-29.1538810772953,-58.2335140699402,5.99999999999999));
#11172=CARTESIAN_POINT('',(-30.8172452607699,-77.2458536858108,4.91534711029643));
#11173=CARTESIAN_POINT('Origin',(-49.8052496316999,-69.0494495732318,5.99999999999999));
#11174=CARTESIAN_POINT('',(-51.2419052680497,-69.0494495732332,5.30752061714301));
#11175=CARTESIAN_POINT('',(-51.2419052680497,-69.0494495732332,3.09999999999999));
#11176=CARTESIAN_POINT('',(-49.8052496317012,-67.612793936882,5.27993541969851));
#11177=CARTESIAN_POINT('',(-49.8052496317012,-67.6127939368826,3.09999999999999));
#11178=CARTESIAN_POINT('Origin',(-49.8052496316999,-69.0494495732318,5.27993541969848));
#11179=CARTESIAN_POINT('Origin',(-51.2419052680497,-69.0494495732332,5.99999999999999));
#11180=CARTESIAN_POINT('',(-51.241905268036,-82.4494495732332,5.30752061714266));
#11181=CARTESIAN_POINT('',(-51.241905268036,-82.4494495732332,3.09999999999999));
#11182=CARTESIAN_POINT('',(-51.2419052680375,-81.8206359952225,5.30752061714269));
#11183=CARTESIAN_POINT('Origin',(-49.8052496316869,-82.4494495732318,5.99999999999999));
#11184=CARTESIAN_POINT('',(-49.8052496316856,-83.8861052095808,5.27993541969811));
#11185=CARTESIAN_POINT('',(-49.8052496316856,-83.8861052095808,3.09999999999999));
#11186=CARTESIAN_POINT('Origin',(-49.8052496316869,-82.4494495732318,5.27993541969815));
#11187=CARTESIAN_POINT('Origin',(-49.8052496316856,-83.8861052095808,5.99999999999999));
#11188=CARTESIAN_POINT('',(-36.4052496316856,-83.8861052095688,5.02264227553462));
#11189=CARTESIAN_POINT('',(-36.4052496316856,-83.8861052095688,5.99999999999999));
#11190=CARTESIAN_POINT('',(-50.658967520832,-83.8861052095817,5.2963276405882));
#11191=CARTESIAN_POINT('Origin',(-36.405249631687,-82.4494495732189,5.99999999999999));
#11192=CARTESIAN_POINT('',(-34.9685939953371,-82.4494495732176,4.99505707809013));
#11193=CARTESIAN_POINT('',(-34.9685939953371,-82.4494495732176,3.09999999999999));
#11194=CARTESIAN_POINT('Origin',(-36.405249631687,-82.4494495732189,5.02264227553466));
#11195=CARTESIAN_POINT('Origin',(-34.9685939953371,-82.4494495732176,5.99999999999999));
#11196=CARTESIAN_POINT('',(-34.9685939953506,-69.0494495732176,4.99505707809047));
#11197=CARTESIAN_POINT('',(-34.9685939953506,-69.0494495732176,3.09999999999999));
#11198=CARTESIAN_POINT('',(-34.9685939953312,-88.5206359952068,4.99505707808998));
#11199=CARTESIAN_POINT('Origin',(-36.4052496316999,-69.0494495732189,5.99999999999999));
#11200=CARTESIAN_POINT('',(-36.4052496317011,-67.6127939368696,5.02264227553501));
#11201=CARTESIAN_POINT('',(-36.4052496317011,-67.6127939368697,3.09999999999999));
#11202=CARTESIAN_POINT('Origin',(-36.4052496316999,-69.0494495732189,5.02264227553498));
#11203=CARTESIAN_POINT('Origin',(-36.4052496317011,-67.6127939368696,5.99999999999999));
#11204=CARTESIAN_POINT('',(-43.961436750872,-67.612793936877,5.1677284801454));
#11205=CARTESIAN_POINT('Origin',(-4.93638976033655,-79.9348797240628,5.99999999999999));
#11206=CARTESIAN_POINT('',(-6.32409254297126,-79.5630458841221,4.44505455259201));
#11207=CARTESIAN_POINT('',(-6.32409254297126,-79.5630458841221,3.09999999999999));
#11208=CARTESIAN_POINT('',(-4.56455592039596,-78.5471769414288,4.41126972349551));
#11209=CARTESIAN_POINT('',(-4.56455592039596,-78.5471769414289,3.09999999999999));
#11210=CARTESIAN_POINT('Origin',(-4.93638976033655,-79.9348797240628,4.41840929795705));
#11211=CARTESIAN_POINT('Origin',(-6.32409254297126,-79.5630458841221,5.99999999999999));
#11212=CARTESIAN_POINT('',(-9.79226774733796,-92.5064519563975,4.51164691847562));
#11213=CARTESIAN_POINT('',(-9.79226774733716,-92.5064519563978,3.09999999999999));
#11214=CARTESIAN_POINT('',(-9.71723160694666,-92.2264132680526,4.51020615097658));
#11215=CARTESIAN_POINT('Origin',(-8.40456496470406,-92.878285796338,5.99999999999999));
#11216=CARTESIAN_POINT('',(-8.77639880464426,-94.265988578971,4.4921412383022));
#11217=CARTESIAN_POINT('',(-8.77639880464426,-94.265988578971,3.09999999999999));
#11218=CARTESIAN_POINT('Origin',(-8.40456496470407,-92.878285796338,4.48500166384067));
#11219=CARTESIAN_POINT('Origin',(-8.77639880464426,-94.265988578971,5.99999999999999));
#11220=CARTESIAN_POINT('',(4.16700726763064,-97.7341637833394,4.24361514542751));
#11221=CARTESIAN_POINT('',(4.16700726763064,-97.7341637833394,5.99999999999999));
#11222=CARTESIAN_POINT('',(-28.6799790453748,-88.9328403269881,4.87430950249984));
#11223=CARTESIAN_POINT('Origin',(4.53884110757114,-96.3464610007055,5.99999999999999));
#11224=CARTESIAN_POINT('',(5.92654389020574,-96.7182948406462,4.20983031633101));
#11225=CARTESIAN_POINT('',(5.92654389020574,-96.7182948406462,3.09999999999999));
#11226=CARTESIAN_POINT('Origin',(4.53884110757114,-96.3464610007055,4.23647557096599));
#11227=CARTESIAN_POINT('Origin',(5.92654389020574,-96.7182948406462,5.99999999999999));
#11228=CARTESIAN_POINT('',(9.39471909457274,-83.7748887683708,4.14323795044741));
#11229=CARTESIAN_POINT('',(9.39471909457204,-83.7748887683707,3.09999999999999));
#11230=CARTESIAN_POINT('',(4.26714706011754,-102.911248120467,4.24169236318384));
#11231=CARTESIAN_POINT('Origin',(8.00701631193864,-83.4030549284304,5.99999999999999));
#11232=CARTESIAN_POINT('',(8.37885015187904,-82.0153521457969,4.16274363062082));
#11233=CARTESIAN_POINT('',(8.37885015187904,-82.015352145797,3.09999999999999));
#11234=CARTESIAN_POINT('Origin',(8.00701631193864,-83.4030549284304,4.16988320508235));
#11235=CARTESIAN_POINT('Origin',(8.37885015187904,-82.0153521457969,5.99999999999999));
#11236=CARTESIAN_POINT('',(-18.0001067975584,-74.9471319340323,4.66924547937267));
#11237=CARTESIAN_POINT('Origin',(-107.306697279988,-95.927334,3.49499999999998));
#11238=CARTESIAN_POINT('',(-107.206697279524,-95.927334,3.49499999999998));
#11239=CARTESIAN_POINT('',(-107.206697279666,-95.927334,2.93499999999998));
#11240=CARTESIAN_POINT('',(-107.206697279666,-95.927334,3.04749999999998));
#11241=CARTESIAN_POINT('',(-106.506697279666,-95.927334,2.93499999999998));
#11242=CARTESIAN_POINT('',(-107.306697279988,-95.927334,2.93499999999998));
#11243=CARTESIAN_POINT('',(-106.506697279666,-95.927334,3.49499999999998));
#11244=CARTESIAN_POINT('',(-106.506697279666,-95.927334,3.04749999999998));
#11245=CARTESIAN_POINT('',(-107.306697279988,-95.927334,3.49499999999998));
#11246=CARTESIAN_POINT('Origin',(-107.306697279988,-97.462334,2.93499999999998));
#11247=CARTESIAN_POINT('Origin',(-107.206697279523,-97.462334,2.93499999999998));
#11248=CARTESIAN_POINT('Origin',(-106.506697279592,-97.462334,2.93499999999998));
#11249=CARTESIAN_POINT('Origin',(-106.506697279592,-117.649526752655,2.59999999999998));
#11250=CARTESIAN_POINT('',(-106.506697279661,-97.462334,5.02999999999997));
#11251=CARTESIAN_POINT('Origin',(-106.506697279592,-97.462334,3.49499999999998));
#11252=CARTESIAN_POINT('',(-106.506697279613,-111.549733985099,5.19999999999998));
#11253=CARTESIAN_POINT('',(-106.506697279631,-106.120674585027,5.19999999999998));
#11254=CARTESIAN_POINT('',(-106.506697279616,-110.549733985099,4.19999999999998));
#11255=CARTESIAN_POINT('Origin',(-106.506697279592,-111.549733985099,4.19999999999998));
#11256=CARTESIAN_POINT('',(-106.506697279616,-110.549733985099,3.33499998509866));
#11257=CARTESIAN_POINT('',(-106.506697279616,-110.549733985099,2.96749999254932));
#11258=CARTESIAN_POINT('',(-106.506697279616,-110.801169268327,2.59999999999998));
#11259=CARTESIAN_POINT('Origin',(-106.506697279592,-111.749733985099,3.33499998509881));
#11260=CARTESIAN_POINT('',(-106.506697279634,-105.300332664886,2.59999999999998));
#11261=CARTESIAN_POINT('',(-106.506697279631,-106.120674585027,2.59999999999998));
#11262=CARTESIAN_POINT('',(-106.506697279634,-105.337334,2.93499999999998));
#11263=CARTESIAN_POINT('Origin',(-106.506697279592,-103.802334,2.93499999999998));
#11264=CARTESIAN_POINT('',(-106.506697279634,-105.337334,3.49499999999998));
#11265=CARTESIAN_POINT('',(-106.506697279634,-105.337334,2.76749999999978));
#11266=CARTESIAN_POINT('',(-106.506697279639,-103.802334,5.02999999999996));
#11267=CARTESIAN_POINT('Origin',(-106.506697279592,-103.802334,3.49499999999998));
#11268=CARTESIAN_POINT('',(-106.506697279616,-110.725930376326,5.02999999999996));
#11269=CARTESIAN_POINT('Origin',(-32.4990201142675,-65.8890009685755,1.39999999999999));
#11270=CARTESIAN_POINT('',(-30.5490201142675,-65.8890009685755,1.39999999999999));
#11271=CARTESIAN_POINT('Origin',(-32.4990201142675,-65.8890009685755,1.39999999999999));
#11272=CARTESIAN_POINT('Origin',(-32.4990201142675,-65.8890009685755,1.39999999999999));
#11273=CARTESIAN_POINT('',(-30.5490201142675,-65.8890009685755,1.39999999999999));
#11274=CARTESIAN_POINT('Origin',(-87.6066972798025,-90.23301,1.39999999999998));
#11275=CARTESIAN_POINT('',(-87.3050742451724,-92.1595414804022,5.19982137866729));
#11276=CARTESIAN_POINT('',(-87.3050742451724,-92.1595414804022,1.39999999999998));
#11277=CARTESIAN_POINT('',(-87.3143769643175,-92.1609749460389,5.19999999999998));
#11278=CARTESIAN_POINT('Origin',(-87.6066972798025,-90.23301,5.20561283679656));
#11279=CARTESIAN_POINT('Origin',(-87.6066972798025,-90.23301,5.19999999999998));
#11280=CARTESIAN_POINT('',(-87.3095043240475,-88.3057901508261,1.39999999999998));
#11281=CARTESIAN_POINT('',(-85.6566972798025,-90.23301,1.39999999999998));
#11282=CARTESIAN_POINT('',(-85.6566972798025,-90.23301,1.39999999999998));
#11283=CARTESIAN_POINT('Origin',(-87.6066972798025,-90.23301,1.39999999999998));
#11284=CARTESIAN_POINT('Origin',(-87.6066972798025,-90.23301,1.39999999999998));
#11285=CARTESIAN_POINT('Origin',(2.97784442027444,-133.436344003511,2.59999999999999));
#11286=CARTESIAN_POINT('',(2.97784442027444,-133.436344003511,2.59999999999999));
#11287=CARTESIAN_POINT('Origin',(2.97791071887854,-131.0363949986,2.59999999999999));
#11288=CARTESIAN_POINT('',(5.37785974716264,-131.036384593715,2.59999999999999));
#11289=CARTESIAN_POINT('Origin',(5.37159268782454,-108.611445811335,2.59999999999999));
#11290=CARTESIAN_POINT('',(5.37159268782454,-108.611445811335,2.59999999999999));
#11291=CARTESIAN_POINT('Origin',(6.97093798365564,-108.6109669921,2.59999999999999));
#11292=CARTESIAN_POINT('',(5.42610443181234,-108.196968321665,2.59999999999999));
#11293=CARTESIAN_POINT('Origin',(12.166189064896,-83.0426324551276,2.6));
#11294=CARTESIAN_POINT('',(12.1679394703509,-83.0360998536674,2.6));
#11295=CARTESIAN_POINT('Origin',(9.85570168007454,-82.3711772853,2.6));
#11296=CARTESIAN_POINT('',(10.4694143790767,-80.044823412006,2.6));
#11297=CARTESIAN_POINT('Origin',(6.54370719564504,-78.9929328338673,2.59999999999999));
#11298=CARTESIAN_POINT('',(6.54370719564504,-78.9929328338673,2.59999999999999));
#11299=CARTESIAN_POINT('Origin',(6.95787727062554,-77.44735132802,2.59999999999999));
#11300=CARTESIAN_POINT('',(5.35776559900254,-77.4460559995499,2.59999999999999));
#11301=CARTESIAN_POINT('Origin',(5.37615783759774,-55.7420896743003,2.59999999999999));
#11302=CARTESIAN_POINT('',(5.37616366819583,-55.7352092119335,2.59999999999999));
#11303=CARTESIAN_POINT('Origin',(2.97600663413454,-55.73317528596,2.59999999999999));
#11304=CARTESIAN_POINT('',(2.97621084214604,-53.33301,2.59999999999999));
#11305=CARTESIAN_POINT('Origin',(-30.0566132606209,-53.3330100009909,2.59999999999999));
#11306=CARTESIAN_POINT('',(-30.0566132606209,-53.3330100009909,2.59999999999999));
#11307=CARTESIAN_POINT('Origin',(-30.0566414315245,-51.73310241344,2.59999999999999));
#11308=CARTESIAN_POINT('',(-31.6322521610737,-52.0108705114514,2.59999999999999));
#11309=CARTESIAN_POINT('Origin',(-32.1192508092058,-49.2489692662989,2.59999999999999));
#11310=CARTESIAN_POINT('Origin',(-87.3050742451724,-88.7636483886257,3.09999999999998));
#11311=CARTESIAN_POINT('',(-87.5627634242355,-62.1309141314653,5.19999999999998));
#11312=CARTESIAN_POINT('',(-87.3605376648485,-83.0313839504923,5.19999999999998));
#11313=CARTESIAN_POINT('',(-87.5627634242345,-62.1309141314651,1.39999999999998));
#11314=CARTESIAN_POINT('Origin',(-105.306697279988,-111.749733985099,3.33499998509881));
#11315=CARTESIAN_POINT('',(-107.206697279616,-110.549733985099,3.33499998509866));
#11316=CARTESIAN_POINT('',(-107.206697279574,-110.801169268327,2.59999999999998));
#11317=CARTESIAN_POINT('Origin',(-107.206697279571,-111.749733985099,3.33499998509881));
#11318=CARTESIAN_POINT('',(-105.306697279988,-110.801169268327,2.59999999999998));
#11319=CARTESIAN_POINT('',(-107.706697279987,-110.549733985099,3.33499998509866));
#11320=CARTESIAN_POINT('Origin',(-51.5183046784345,-94.591822417212,2.59999999999999));
#11321=CARTESIAN_POINT('',(-107.706697279632,-105.809570906795,2.59999999999998));
#11322=CARTESIAN_POINT('',(-107.206697279548,-105.300332664886,2.59999999999998));
#11323=CARTESIAN_POINT('Ctrl Pts',(-107.706697280006,-105.809570907174,
2.59999999999998));
#11324=CARTESIAN_POINT('Ctrl Pts',(-107.420377449605,-105.51929084467,2.59999999999998));
#11325=CARTESIAN_POINT('Ctrl Pts',(-107.206697279548,-105.300332664886,
2.59999999999998));
#11326=CARTESIAN_POINT('',(-107.706697279987,-105.300332664886,2.59999999999998));
#11327=CARTESIAN_POINT('',(-107.706697279617,-110.216836394943,2.59999999999998));
#11328=CARTESIAN_POINT('Ctrl Pts',(-107.206697279574,-110.801169268327,
2.59999999999998));
#11329=CARTESIAN_POINT('Ctrl Pts',(-107.397827468164,-110.559376355063,
2.59999999999998));
#11330=CARTESIAN_POINT('Ctrl Pts',(-107.706697279989,-110.216836394531,
2.59999999999998));
#11331=CARTESIAN_POINT('',(-107.706697279593,-117.5890615651,2.59999999999998));
#11332=CARTESIAN_POINT('Origin',(-107.306697279988,-103.802334,2.93499999999998));
#11333=CARTESIAN_POINT('',(-107.206697279548,-105.337334,2.93499999999998));
#11334=CARTESIAN_POINT('Origin',(-107.206697279553,-103.802334,2.93499999999998));
#11335=CARTESIAN_POINT('',(-107.306697279988,-105.337334,2.93499999999998));
#11336=CARTESIAN_POINT('Origin',(-107.306697279988,-105.337334,2.93499999999998));
#11337=CARTESIAN_POINT('',(-107.206697279634,-105.337334,3.49499999999998));
#11338=CARTESIAN_POINT('',(-107.206697279634,-105.337334,2.76749999999978));
#11339=CARTESIAN_POINT('',(-107.306697279988,-105.337334,3.49499999999998));
#11340=CARTESIAN_POINT('Origin',(-72.651237157225,-187.923934351297,2.59999999999998));
#11341=CARTESIAN_POINT('',(-82.7623372215125,-134.268313438946,4.91611524075795));
#11342=CARTESIAN_POINT('',(-87.0525378473008,-135.257412362286,5.00000001343928));
#11343=CARTESIAN_POINT('Origin',(-72.651237157225,-187.923934351297,4.71841646814681));
#11344=CARTESIAN_POINT('',(-95.1637684517135,-138.181136533777,4.99999999999998));
#11345=CARTESIAN_POINT('Origin',(-72.651237157225,-187.923934351297,4.99999999999998));
#11346=CARTESIAN_POINT('',(-95.1637684517135,-138.181136533777,2.59999999999998));
#11347=CARTESIAN_POINT('',(-95.1637684517135,-138.181136533777,2.59999999999998));
#11348=CARTESIAN_POINT('',(-82.7623372215125,-134.268313438946,2.59999999999998));
#11349=CARTESIAN_POINT('Origin',(-72.651237157225,-187.923934351297,2.59999999999998));
#11350=CARTESIAN_POINT('',(-82.7623372215125,-134.268313438946,2.59999999999998));
#11351=CARTESIAN_POINT('Origin',(6.85429019004334,-77.8338218792673,2.59999999999999));
#11352=CARTESIAN_POINT('',(6.85429019953467,-77.8338218818115,3.19680266532273));
#11353=CARTESIAN_POINT('',(10.7779820095597,-78.8851724430111,3.12140459520006));
#11354=CARTESIAN_POINT('',(-18.2780342673168,-71.0996325767436,3.67936721935496));
#11355=CARTESIAN_POINT('',(10.7779821160055,-78.8851724711731,2.6));
#11356=CARTESIAN_POINT('',(6.85429019004334,-77.8338218792673,2.59999999999999));
#11357=CARTESIAN_POINT('Origin',(6.95787727062554,-77.44735132802,2.59999999999999));
#11358=CARTESIAN_POINT('',(6.55776516985902,-77.4470728956363,3.21672690161334));
#11359=CARTESIAN_POINT('Origin',(6.95787727062554,-77.44735132802,3.18984338193755));
#11360=CARTESIAN_POINT('',(6.55776517043314,-77.4470728956368,2.59999999999999));
#11361=CARTESIAN_POINT('Origin',(6.57617063395334,-55.7362261142867,2.59999999999999));
#11362=CARTESIAN_POINT('',(6.57617063322934,-55.7362261143849,3.21637349780737));
#11363=CARTESIAN_POINT('',(6.55967976539584,-75.1886390067319,3.21669013864097));
#11364=CARTESIAN_POINT('',(6.57617063395334,-55.7362261142867,2.59999999999999));
#11365=CARTESIAN_POINT('Origin',(2.97600663413454,-55.73317528596,2.59999999999999));
#11366=CARTESIAN_POINT('',(2.97621084714358,-52.1330100000002,3.26629582799333));
#11367=CARTESIAN_POINT('Ctrl Pts',(2.97621085721054,-52.1330100000008,3.26629637191798));
#11368=CARTESIAN_POINT('Ctrl Pts',(3.086691979585,-52.1330162671561,3.26476426169816));
#11369=CARTESIAN_POINT('Ctrl Pts',(3.19723736556884,-52.1381125130535,3.26323179963454));
#11370=CARTESIAN_POINT('Ctrl Pts',(3.30735393466227,-52.148290476881,3.2617054456383));
#11371=CARTESIAN_POINT('Ctrl Pts',(3.41742777414347,-52.1584644912534,3.26017968392817));
#11372=CARTESIAN_POINT('Ctrl Pts',(3.52707272793714,-52.1737162621772,3.258660025546));
#11373=CARTESIAN_POINT('Ctrl Pts',(3.63579903791078,-52.1939855323792,3.25715292288577));
#11374=CARTESIAN_POINT('Ctrl Pts',(3.74450681725141,-52.2142513480133,3.25564607708669));
#11375=CARTESIAN_POINT('Ctrl Pts',(3.85229586938019,-52.2395328863674,3.25415178273009));
#11376=CARTESIAN_POINT('Ctrl Pts',(3.95868542466979,-52.2697185556738,3.25267648891139));
#11377=CARTESIAN_POINT('Ctrl Pts',(4.06507999476274,-52.2999056478191,3.25120112555288));
#11378=CARTESIAN_POINT('Ctrl Pts',(4.17007455037111,-52.3349972197299,3.24974476452354));
#11379=CARTESIAN_POINT('Ctrl Pts',(4.27320286671856,-52.3748316373585,3.2483138558308));
#11380=CARTESIAN_POINT('Ctrl Pts',(4.37640022387493,-52.4146927227395,3.24688198919463));
#11381=CARTESIAN_POINT('Ctrl Pts',(4.47772847097241,-52.4593028503115,3.24547560898537));
#11382=CARTESIAN_POINT('Ctrl Pts',(4.57674076674383,-52.5084519854841,3.24410117817328));
#11383=CARTESIAN_POINT('Ctrl Pts',(4.67579113504537,-52.5576200196421,3.24272621886059));
#11384=CARTESIAN_POINT('Ctrl Pts',(4.77252342291291,-52.6113303495117,3.24138323352038));
#11385=CARTESIAN_POINT('Ctrl Pts',(4.86651600211785,-52.6693273038467,3.24007869258127));
#11386=CARTESIAN_POINT('Ctrl Pts',(4.96060613291872,-52.7273844511831,3.23877279770494));
#11387=CARTESIAN_POINT('Ctrl Pts',(5.05195054192248,-52.7897368847499,3.23750542707132));
#11388=CARTESIAN_POINT('Ctrl Pts',(5.14015711113194,-52.8560859858436,3.23628307127623));
#11389=CARTESIAN_POINT('Ctrl Pts',(5.16791544359259,-52.8769658412005,3.23589839971662));
#11390=CARTESIAN_POINT('Ctrl Pts',(5.19536327107708,-52.8982412048522,3.23551818616233));
#11391=CARTESIAN_POINT('Ctrl Pts',(5.2224890795918,-52.9199019700192,3.23514263289751));
#11392=CARTESIAN_POINT('Ctrl Pts',(5.31125584674613,-52.9907848746492,3.23391366863664));
#11393=CARTESIAN_POINT('Ctrl Pts',(5.39671675731827,-53.0659137104721,3.23273460986502));
#11394=CARTESIAN_POINT('Ctrl Pts',(5.47847014780254,-53.1449584305376,3.23160865826854));
#11395=CARTESIAN_POINT('Ctrl Pts',(5.5601604807501,-53.2239421823018,3.23048357513432));
#11396=CARTESIAN_POINT('Ctrl Pts',(5.63814873133513,-53.3068355454167,3.22941151728222));
#11397=CARTESIAN_POINT('Ctrl Pts',(5.71206811299761,-53.3932697938911,3.22839567899531));
#11398=CARTESIAN_POINT('Ctrl Pts',(5.78593451200486,-53.4796420895206,3.2273805688234));
#11399=CARTESIAN_POINT('Ctrl Pts',(5.85573762074177,-53.5695499329426,3.22642159765339));
#11400=CARTESIAN_POINT('Ctrl Pts',(5.92114933950641,-53.6625897231476,3.22552195290466));
#11401=CARTESIAN_POINT('Ctrl Pts',(5.9865300818557,-53.75558545337,3.22462273419228));
#11402=CARTESIAN_POINT('Ctrl Pts',(6.04752336925482,-53.8517098764124,3.22378278572517));
#11403=CARTESIAN_POINT('Ctrl Pts',(6.1038430114185,-53.9505284547364,3.22300529039653));
#11404=CARTESIAN_POINT('Ctrl Pts',(6.16014266613124,-54.0493119630313,3.2222280709956));
#11405=CARTESIAN_POINT('Ctrl Pts',(6.21177180138178,-54.1507874040106,3.22151326041265));
#11406=CARTESIAN_POINT('Ctrl Pts',(6.25848906332509,-54.2544937009026,3.22086403815331));
#11407=CARTESIAN_POINT('Ctrl Pts',(6.30519528268734,-54.3581754846888,3.22021496935095));
#11408=CARTESIAN_POINT('Ctrl Pts',(6.34699179404748,-54.4640867405144,3.21963145786959));
#11409=CARTESIAN_POINT('Ctrl Pts',(6.38368454131601,-54.5717445265775,3.21911668096079));
#11410=CARTESIAN_POINT('Ctrl Pts',(6.42037897809076,-54.6794072697102,3.21860188034925));
#11411=CARTESIAN_POINT('Ctrl Pts',(6.45196905916115,-54.7888163599203,3.21815582064015));
#11412=CARTESIAN_POINT('Ctrl Pts',(6.47830992861087,-54.8994716447105,3.21778167952394));
#11413=CARTESIAN_POINT('Ctrl Pts',(6.50464962666476,-55.0101220085872,3.21740755504604));
#11414=CARTESIAN_POINT('Ctrl Pts',(6.52574049777061,-55.1220181007232,3.21710534276464));
#11415=CARTESIAN_POINT('Ctrl Pts',(6.5414884553357,-55.2346479440654,3.2168782199463));
#11416=CARTESIAN_POINT('Ctrl Pts',(6.55724098697277,-55.3473105013013,3.21665103115901));
#11417=CARTESIAN_POINT('Ctrl Pts',(6.56764745544623,-55.4607068738798,3.21649897546133));
#11418=CARTESIAN_POINT('Ctrl Pts',(6.57266543515911,-55.5743181270249,3.21642523288915));
#11419=CARTESIAN_POINT('Ctrl Pts',(6.57504783470141,-55.628257643121,3.21639022193249));
#11420=CARTESIAN_POINT('Ctrl Pts',(6.57621637711431,-55.6822455344126,3.21637286346481));
#11421=CARTESIAN_POINT('Ctrl Pts',(6.57617063322936,-55.7362261143849,3.21637349780737));
#11422=CARTESIAN_POINT('',(2.97621084211004,-52.13301,2.59999999999999));
#11423=CARTESIAN_POINT('Origin',(-108.748967563469,-117.237390333198,2.59999999999998));
#11424=CARTESIAN_POINT('',(-107.995032714804,-118.038378625227,4.99999999999998));
#11425=CARTESIAN_POINT('',(-107.706697279593,-117.5890615651,4.99999999999998));
#11426=CARTESIAN_POINT('Origin',(-108.748967563469,-117.237390333198,4.99999999999998));
#11427=CARTESIAN_POINT('',(-107.706697279593,-117.5890615651,2.59999999999998));
#11428=CARTESIAN_POINT('',(-107.706697279593,-117.5890615651,2.59999999999998));
#11429=CARTESIAN_POINT('',(-107.995032714804,-118.038378625227,2.59999999999998));
#11430=CARTESIAN_POINT('Origin',(-108.748967563469,-117.237390333198,2.59999999999998));
#11431=CARTESIAN_POINT('',(-107.995032714804,-118.038378625227,2.59999999999998));
#11432=CARTESIAN_POINT('Origin',(-114.398106142675,-120.972762891693,2.59999999999998));
#11433=CARTESIAN_POINT('',(-114.398106142675,-120.972762891693,4.99999999999998));
#11434=CARTESIAN_POINT('',(-83.4194027692445,-106.775921203319,4.99999999999998));
#11435=CARTESIAN_POINT('',(-114.398106142675,-120.972762891693,2.59999999999998));
#11436=CARTESIAN_POINT('',(-114.398106142675,-120.972762891693,2.59999999999998));
#11437=CARTESIAN_POINT('',(-114.398106142675,-120.972762891693,2.59999999999998));
#11438=CARTESIAN_POINT('Origin',(-112.898180598812,-124.2454923276,2.59999999999998));
#11439=CARTESIAN_POINT('',(-116.160997297789,-125.766860720024,4.99999999999998));
#11440=CARTESIAN_POINT('Origin',(-112.898180598812,-124.2454923276,4.99999999999998));
#11441=CARTESIAN_POINT('',(-116.160997297789,-125.766860720024,2.59999999999998));
#11442=CARTESIAN_POINT('Origin',(-112.898180598812,-124.2454923276,2.59999999999998));
#11443=CARTESIAN_POINT('',(-116.160997297789,-125.766860720024,2.59999999999998));
#11444=CARTESIAN_POINT('Origin',(-109.22612881176,-140.638735496354,2.59999999999998));
#11445=CARTESIAN_POINT('',(-109.22612881176,-140.638735496354,4.99999999999998));
#11446=CARTESIAN_POINT('',(-112.891137081327,-132.779099203464,4.99999999999998));
#11447=CARTESIAN_POINT('',(-109.22612881176,-140.638735496354,2.59999999999998));
#11448=CARTESIAN_POINT('',(-109.22612881176,-140.638735496354,2.59999999999998));
#11449=CARTESIAN_POINT('',(-109.22612881176,-140.638735496354,2.59999999999998));
#11450=CARTESIAN_POINT('Origin',(-105.963419194682,-139.1172918197,2.59999999999998));
#11451=CARTESIAN_POINT('',(-104.47908040304,-142.397048404909,4.99999999999998));
#11452=CARTESIAN_POINT('Origin',(-105.963419194682,-139.1172918197,4.99999999999998));
#11453=CARTESIAN_POINT('',(-104.47908040304,-142.397048404909,2.59999999999998));
#11454=CARTESIAN_POINT('Origin',(-105.963419194682,-139.1172918197,2.59999999999998));
#11455=CARTESIAN_POINT('',(-104.47908040304,-142.397048404909,2.59999999999998));
#11456=CARTESIAN_POINT('Origin',(-95.1637684517135,-138.181136533777,2.59999999999998));
#11457=CARTESIAN_POINT('',(-68.8641280817052,-126.278479207673,4.99999999999999));
#11458=CARTESIAN_POINT('',(-95.1637684517135,-138.181136533777,2.59999999999998));
#11459=CARTESIAN_POINT('Origin',(2.97783613273794,-134.636344003425,2.59999999999999));
#11460=CARTESIAN_POINT('',(2.97783613528497,-134.63634399964,3.2662638760774));
#11461=CARTESIAN_POINT('',(-19.5700674077384,-134.636344001531,3.69920594122601));
#11462=CARTESIAN_POINT('',(-24.2637188315497,-134.636344001137,3.78932865260212));
#11463=CARTESIAN_POINT('',(-19.5700674077384,-134.636344001531,2.59999999999999));
#11464=CARTESIAN_POINT('',(2.97783613273794,-134.636344003425,2.59999999999999));
#11465=CARTESIAN_POINT('Origin',(2.97791071887854,-131.0363949986,2.59999999999999));
#11466=CARTESIAN_POINT('',(6.57785970030114,-131.036049231777,3.21634107220753));
#11467=CARTESIAN_POINT('Ctrl Pts',(6.57785970030119,-131.036049231777,3.21634107286879));
#11468=CARTESIAN_POINT('Ctrl Pts',(6.57787032155195,-131.146632313587,3.21634092563615));
#11469=CARTESIAN_POINT('Ctrl Pts',(6.57278127650897,-131.257279177958,3.21641410818126));
#11470=CARTESIAN_POINT('Ctrl Pts',(6.56260108108194,-131.367495882813,3.21655846206173));
#11471=CARTESIAN_POINT('Ctrl Pts',(6.55242479778321,-131.477670232697,3.21670276046872));
#11472=CARTESIAN_POINT('Ctrl Pts',(6.53716129484275,-131.587414353214,3.21691817552098));
#11473=CARTESIAN_POINT('Ctrl Pts',(6.51687108314905,-131.696237652968,3.21720255126356));
#11474=CARTESIAN_POINT('Ctrl Pts',(6.49658430062263,-131.805042560932,3.21748687894494));
#11475=CARTESIAN_POINT('Ctrl Pts',(6.47127257463856,-131.912926563984,3.21784014400907));
#11476=CARTESIAN_POINT('Ctrl Pts',(6.44104774809374,-132.019408073426,3.21826019159392));
#11477=CARTESIAN_POINT('Ctrl Pts',(6.4108215239964,-132.12589450642,3.21868025860117));
#11478=CARTESIAN_POINT('Ctrl Pts',(6.37568185817601,-132.230977931471,3.21916711430513));
#11479=CARTESIAN_POINT('Ctrl Pts',(6.33579063559189,-132.334191305165,3.21971860354486));
#11480=CARTESIAN_POINT('Ctrl Pts',(6.29587305535568,-132.437472875871,3.22027045717455));
#11481=CARTESIAN_POINT('Ctrl Pts',(6.25119779265835,-132.538881552979,3.22088702977991));
#11482=CARTESIAN_POINT('Ctrl Pts',(6.20197513492247,-132.637969670478,3.22156616192516));
#11483=CARTESIAN_POINT('Ctrl Pts',(6.15273378731379,-132.737095411794,3.22224555193729));
#11484=CARTESIAN_POINT('Ctrl Pts',(6.0989417931468,-132.833898484067,3.22298754900612));
#11485=CARTESIAN_POINT('Ctrl Pts',(6.04085508961025,-132.927956409235,3.22378999123513));
#11486=CARTESIAN_POINT('Ctrl Pts',(5.98270902307197,-133.022110458996,3.22459325353786));
#11487=CARTESIAN_POINT('Ctrl Pts',(5.92025970426451,-133.113513425258,3.22545708461045));
#11488=CARTESIAN_POINT('Ctrl Pts',(5.85380603466982,-133.201772314684,3.22637931592142));
#11489=CARTESIAN_POINT('Ctrl Pts',(5.83357570483586,-133.228640754828,3.22666006856785));
#11490=CARTESIAN_POINT('Ctrl Pts',(5.81297454832586,-133.255218047787,3.22694623352363));
#11491=CARTESIAN_POINT('Ctrl Pts',(5.79201171775967,-133.281493739524,3.2272377496076));
#11492=CARTESIAN_POINT('Ctrl Pts',(5.72113062069211,-133.37033908179,3.22822344568423));
#11493=CARTESIAN_POINT('Ctrl Pts',(5.64599856147015,-133.455875248302,3.22927032132346));
#11494=CARTESIAN_POINT('Ctrl Pts',(5.56694615149483,-133.537700321238,3.23037209420666));
#11495=CARTESIAN_POINT('Ctrl Pts',(5.48795335747282,-133.619463687267,3.23147303620765));
#11496=CARTESIAN_POINT('Ctrl Pts',(5.40504635775731,-133.697521276454,3.2326287926843));
#11497=CARTESIAN_POINT('Ctrl Pts',(5.31859442048264,-133.771506074488,3.23383309552033));
#11498=CARTESIAN_POINT('Ctrl Pts',(5.23220280045319,-133.845439253561,3.23503655811806));
#11499=CARTESIAN_POINT('Ctrl Pts',(5.14227145086481,-133.915305071366,3.23628849935753));
#11500=CARTESIAN_POINT('Ctrl Pts',(5.04920450092482,-133.980775214682,3.23758266423307));
#11501=CARTESIAN_POINT('Ctrl Pts',(4.95618073319145,-134.046214980456,3.23887622862803));
#11502=CARTESIAN_POINT('Ctrl Pts',(4.86002456213914,-134.10726292746,3.24021197748541));
#11503=CARTESIAN_POINT('Ctrl Pts',(4.76117103594601,-134.163632666251,3.24158366450227));
#11504=CARTESIAN_POINT('Ctrl Pts',(4.66235190003756,-134.219982794498,3.24295487432111));
#11505=CARTESIAN_POINT('Ctrl Pts',(4.56083759556258,-134.271657778654,3.24436199729864));
#11506=CARTESIAN_POINT('Ctrl Pts',(4.45708969742271,-134.318416073766,3.24579879364878));
#11507=CARTESIAN_POINT('Ctrl Pts',(4.35336586181089,-134.365163524101,3.24723525675889));
#11508=CARTESIAN_POINT('Ctrl Pts',(4.24740979724154,-134.406996409792,3.24870137947876));
#11509=CARTESIAN_POINT('Ctrl Pts',(4.13970493728131,-134.443720486793,3.25019092636293));
#11510=CARTESIAN_POINT('Ctrl Pts',(4.0319951189928,-134.480446254432,3.25168054182026));
#11511=CARTESIAN_POINT('Ctrl Pts',(3.92253668757857,-134.512062621686,3.25319358359866));
#11512=CARTESIAN_POINT('Ctrl Pts',(3.81183028532172,-134.538424545178,3.25472381539147));
#11513=CARTESIAN_POINT('Ctrl Pts',(3.70112890857433,-134.564785271972,3.25625397771951));
#11514=CARTESIAN_POINT('Ctrl Pts',(3.58918002899863,-134.585891949957,3.25780132850132));
#11515=CARTESIAN_POINT('Ctrl Pts',(3.47649612110682,-134.601650302935,3.25935963227948));
#11516=CARTESIAN_POINT('Ctrl Pts',(3.36378040677233,-134.617413103904,3.26091837590838));
#11517=CARTESIAN_POINT('Ctrl Pts',(3.25032961049739,-134.627824514715,3.26248807871774));
#11518=CARTESIAN_POINT('Ctrl Pts',(3.13666317307925,-134.632841918365,3.26406249996855));
#11519=CARTESIAN_POINT('Ctrl Pts',(3.08374998246487,-134.635177584387,3.26479541333897));
#11520=CARTESIAN_POINT('Ctrl Pts',(3.03079012070596,-134.636345092991,3.26552934920623));
#11521=CARTESIAN_POINT('Ctrl Pts',(2.97783613273934,-134.636343995855,3.26626367801902));
#11522=CARTESIAN_POINT('',(6.57785970030114,-131.036049231777,2.59999999999999));
#11523=CARTESIAN_POINT('Origin',(6.57160736503464,-108.663796468047,2.59999999999999));
#11524=CARTESIAN_POINT('',(6.57160736503464,-108.663796468048,3.21646112317775));
#11525=CARTESIAN_POINT('',(6.56963876107774,-101.619691595561,3.21649892230478));
#11526=CARTESIAN_POINT('',(6.57160736503464,-108.663796468047,2.59999999999999));
#11527=CARTESIAN_POINT('Origin',(7.37095270164324,-108.663573076371,2.59999999999999));
#11528=CARTESIAN_POINT('',(6.59884437173694,-108.456687252906,3.21528388900294));
#11529=CARTESIAN_POINT('Origin',(7.37064031825173,-108.663724954261,3.18192543291991));
#11530=CARTESIAN_POINT('',(6.59884437173694,-108.456687252906,2.59999999999999));
#11531=CARTESIAN_POINT('Origin',(13.3245073609569,-83.3561736887933,2.6));
#11532=CARTESIAN_POINT('',(13.3245072993814,-83.3561739056405,3.08606858582338));
#11533=CARTESIAN_POINT('',(9.74784870334984,-96.7044442300559,3.15481991695338));
#11534=CARTESIAN_POINT('',(13.3245073609569,-83.3561736887933,2.6));
#11535=CARTESIAN_POINT('Origin',(9.85570168007454,-82.3711772853,2.6));
#11536=CARTESIAN_POINT('Origin',(9.85570168007454,-82.3711772853,3.13420231077777));
#11537=CARTESIAN_POINT('Origin',(-105.306697279988,-110.549733985099,3.33499998509866));
#11538=CARTESIAN_POINT('',(-107.206697279571,-110.549733985099,4.19999999999998));
#11539=CARTESIAN_POINT('',(-107.206697279616,-110.549733985099,2.96749999254932));
#11540=CARTESIAN_POINT('',(-105.306697279988,-110.549733985099,4.19999999999998));
#11541=CARTESIAN_POINT('Origin',(-105.306697279988,-114.149734014901,4.19999999999998));
#11542=CARTESIAN_POINT('',(-107.206697279601,-115.149734014901,4.19999999999998));
#11543=CARTESIAN_POINT('',(-107.206697279585,-114.995639184264,4.73333333333385));
#11544=CARTESIAN_POINT('Origin',(-107.206697279585,-114.149734014901,4.19999999999998));
#11545=CARTESIAN_POINT('',(-107.206697279602,-114.7497340149,5.00000000000079));
#11546=CARTESIAN_POINT('Ctrl Pts',(-107.206697279593,-114.995639184264,
4.73333333333383));
#11547=CARTESIAN_POINT('Ctrl Pts',(-107.206697279593,-114.963194151944,
4.78479349688277));
#11548=CARTESIAN_POINT('Ctrl Pts',(-107.206742422828,-114.926120754259,
4.83318616428873));
#11549=CARTESIAN_POINT('Ctrl Pts',(-107.206739832211,-114.843637708727,
4.92263316072788));
#11550=CARTESIAN_POINT('Ctrl Pts',(-107.206697279593,-114.798401879918,
4.96349910123717));
#11551=CARTESIAN_POINT('Ctrl Pts',(-107.206697279593,-114.7497340149,5.00000000000075));
#11552=CARTESIAN_POINT('',(-107.186493176717,-114.149734014901,5.19999999999998));
#11553=CARTESIAN_POINT('Ctrl Pts',(-107.206697279602,-114.7497340149,5.00000000000076));
#11554=CARTESIAN_POINT('Ctrl Pts',(-107.206697279602,-114.72959938321,5.01510097376799));
#11555=CARTESIAN_POINT('Ctrl Pts',(-107.206290052542,-114.708002521705,
5.03010756554478));
#11556=CARTESIAN_POINT('Ctrl Pts',(-107.205550438767,-114.684988831535,
5.04469064234786));
#11557=CARTESIAN_POINT('Ctrl Pts',(-107.205124299655,-114.671729162987,
5.05309289176524));
#11558=CARTESIAN_POINT('Ctrl Pts',(-107.204587819657,-114.658000062514,
5.06135457911123));
#11559=CARTESIAN_POINT('Ctrl Pts',(-107.203955313233,-114.643818051831,
5.06941415013296));
#11560=CARTESIAN_POINT('Ctrl Pts',(-107.20299217528,-114.62222264625,5.08168671915754));
#11561=CARTESIAN_POINT('Ctrl Pts',(-107.201882953607,-114.59945847063,5.09355485290271));
#11562=CARTESIAN_POINT('Ctrl Pts',(-107.200700233926,-114.575651689255,
5.10476192154242));
#11563=CARTESIAN_POINT('Ctrl Pts',(-107.199540412799,-114.55230582936,5.11575201088584));
#11564=CARTESIAN_POINT('Ctrl Pts',(-107.198309912093,-114.527957621866,
5.12610577187278));
#11565=CARTESIAN_POINT('Ctrl Pts',(-107.197077182635,-114.502765555738,
5.13561142103663));
#11566=CARTESIAN_POINT('Ctrl Pts',(-107.195861207784,-114.477915886845,
5.1449878744458));
#11567=CARTESIAN_POINT('Ctrl Pts',(-107.194643064352,-114.452245560639,
5.15353860791624));
#11568=CARTESIAN_POINT('Ctrl Pts',(-107.193488449889,-114.425940383171,
5.1610983519531));
#11569=CARTESIAN_POINT('Ctrl Pts',(-107.192347048192,-114.399936227543,
5.16857158647837));
#11570=CARTESIAN_POINT('Ctrl Pts',(-107.191267729801,-114.373312200896,
5.17507601764686));
#11571=CARTESIAN_POINT('Ctrl Pts',(-107.190313962557,-114.346273875883,
5.18049583530236));
#11572=CARTESIAN_POINT('Ctrl Pts',(-107.189363987276,-114.319343049107,
5.18589410499412));
#11573=CARTESIAN_POINT('Ctrl Pts',(-107.1885385668,-114.29200180762,5.19021610659587));
#11574=CARTESIAN_POINT('Ctrl Pts',(-107.187900414975,-114.264470890309,
5.19339591775972));
#11575=CARTESIAN_POINT('Ctrl Pts',(-107.187262911181,-114.236967930138,
5.19657249988378));
#11576=CARTESIAN_POINT('Ctrl Pts',(-107.186812295895,-114.209276323979,
5.19860909235223));
#11577=CARTESIAN_POINT('Ctrl Pts',(-107.186611092101,-114.181624425628,
5.19949137150033));
#11578=CARTESIAN_POINT('Ctrl Pts',(-107.186533669299,-114.170984032496,
5.19983087068658));
#11579=CARTESIAN_POINT('Ctrl Pts',(-107.186493176717,-114.160349554459,
5.19999999999998));
#11580=CARTESIAN_POINT('Ctrl Pts',(-107.186493176717,-114.149734014901,
5.19999999999998));
#11581=CARTESIAN_POINT('',(-106.506697279604,-114.149734014901,5.19999999999998));
#11582=CARTESIAN_POINT('',(-105.306697279988,-114.149734014901,5.19999999999998));
#11583=CARTESIAN_POINT('',(-106.506697279601,-115.149734014901,4.19999999999998));
#11584=CARTESIAN_POINT('Origin',(-106.506697279592,-114.149734014901,4.19999999999998));
#11585=CARTESIAN_POINT('',(-105.306697279988,-115.149734014901,4.19999999999998));
#11586=CARTESIAN_POINT('Origin',(-105.306697279988,-111.549733985099,4.19999999999998));
#11587=CARTESIAN_POINT('',(-107.186493176726,-111.549733985099,5.19999999999998));
#11588=CARTESIAN_POINT('',(-107.206697279615,-110.949733985098,4.99999999999917));
#11589=CARTESIAN_POINT('Ctrl Pts',(-107.186493176726,-111.549733985099,
5.19999999999998));
#11590=CARTESIAN_POINT('Ctrl Pts',(-107.186493176727,-111.522142999138,
5.19999999999998));
#11591=CARTESIAN_POINT('Ctrl Pts',(-107.186766719803,-111.494424010402,
5.19885376312411));
#11592=CARTESIAN_POINT('Ctrl Pts',(-107.18725125798,-111.466806052291,5.19655554685135));
#11593=CARTESIAN_POINT('Ctrl Pts',(-107.187736146712,-111.439168113141,
5.19425566786518));
#11594=CARTESIAN_POINT('Ctrl Pts',(-107.188432335957,-111.411632006328,
5.19080219529236));
#11595=CARTESIAN_POINT('Ctrl Pts',(-107.189277141886,-111.384422701754,
5.18624144082403));
#11596=CARTESIAN_POINT('Ctrl Pts',(-107.190125114869,-111.357111393504,
5.18166358875894));
#11597=CARTESIAN_POINT('Ctrl Pts',(-107.191122820909,-111.330129970753,
5.17597033961085));
#11598=CARTESIAN_POINT('Ctrl Pts',(-107.192206868553,-111.303691629693,
5.16925907751553));
#11599=CARTESIAN_POINT('Ctrl Pts',(-107.193304844169,-111.276913605723,
5.16246158833682));
#11600=CARTESIAN_POINT('Ctrl Pts',(-107.194491394297,-111.250693307292,
5.15462006541466));
#11601=CARTESIAN_POINT('Ctrl Pts',(-107.195700652574,-111.225228187624,
5.14588370712543));
#11602=CARTESIAN_POINT('Ctrl Pts',(-107.196922872061,-111.199490124814,
5.13705370980668));
#11603=CARTESIAN_POINT('Ctrl Pts',(-107.198168289091,-111.174523993355,
5.12731008321073));
#11604=CARTESIAN_POINT('Ctrl Pts',(-107.199368896594,-111.150500990846,
5.1168495058078));
#11605=CARTESIAN_POINT('Ctrl Pts',(-107.200598427287,-111.125899263073,
5.10613692824688));
#11606=CARTESIAN_POINT('Ctrl Pts',(-107.201780963482,-111.102287056132,
5.09467302074602));
#11607=CARTESIAN_POINT('Ctrl Pts',(-107.202843463784,-111.079807194347,
5.08270539328445));
#11608=CARTESIAN_POINT('Ctrl Pts',(-107.203231253848,-111.071602521817,
5.07833746321328));
#11609=CARTESIAN_POINT('Ctrl Pts',(-107.20360305399,-111.063548272443,5.07390273125834));
#11610=CARTESIAN_POINT('Ctrl Pts',(-107.203955313036,-111.055649947962,
5.06941415001492));
#11611=CARTESIAN_POINT('Ctrl Pts',(-107.205053101226,-111.031035427958,
5.05542583223177));
#11612=CARTESIAN_POINT('Ctrl Pts',(-107.205861623011,-111.007788193566,
5.04082799165207));
#11613=CARTESIAN_POINT('Ctrl Pts',(-107.2063060381,-110.985983361329,5.02594505519358));
#11614=CARTESIAN_POINT('Ctrl Pts',(-107.206562094291,-110.973420191419,
5.01737003579144));
#11615=CARTESIAN_POINT('Ctrl Pts',(-107.206697279615,-110.961334844015,
5.00870064418661));
#11616=CARTESIAN_POINT('Ctrl Pts',(-107.206697279615,-110.949733985098,
4.99999999999921));
#11617=CARTESIAN_POINT('',(-107.206697279568,-110.703828815735,4.73333333333278));
#11618=CARTESIAN_POINT('Ctrl Pts',(-107.206697279593,-110.949733985098,
4.99999999999921));
#11619=CARTESIAN_POINT('Ctrl Pts',(-107.206697279593,-110.90106612008,4.96349910123579));
#11620=CARTESIAN_POINT('Ctrl Pts',(-107.20673983221,-110.855830291272,4.92263316072679));
#11621=CARTESIAN_POINT('Ctrl Pts',(-107.206742422828,-110.773347245742,
4.83318616428957));
#11622=CARTESIAN_POINT('Ctrl Pts',(-107.206697279593,-110.736273848056,
4.78479349688275));
#11623=CARTESIAN_POINT('Ctrl Pts',(-107.206697279593,-110.703828815735,
4.73333333333261));
#11624=CARTESIAN_POINT('Origin',(-107.206697279568,-111.549733985099,4.19999999999998));
#11625=CARTESIAN_POINT('',(-105.306697279988,-111.549733985099,5.19999999999998));
#11626=CARTESIAN_POINT('Origin',(-107.306697279988,-103.802334,3.49499999999998));
#11627=CARTESIAN_POINT('',(-107.206697279544,-104.835531941102,4.63022113022184));
#11628=CARTESIAN_POINT('Origin',(-107.206697279547,-103.802334,3.49499999999998));
#11629=CARTESIAN_POINT('',(-107.206697279638,-104.104327377409,5.00000000000029));
#11630=CARTESIAN_POINT('Ctrl Pts',(-107.20669727959,-104.835531941102,4.63022113022193));
#11631=CARTESIAN_POINT('Ctrl Pts',(-107.20669727959,-104.733146665792,4.7234049627224));
#11632=CARTESIAN_POINT('Ctrl Pts',(-107.207023058352,-104.618621948227,
4.8023145808264));
#11633=CARTESIAN_POINT('Ctrl Pts',(-107.206990941137,-104.371503608001,
4.92728527314337));
#11634=CARTESIAN_POINT('Ctrl Pts',(-107.206697279592,-104.240068429153,
4.97276219357554));
#11635=CARTESIAN_POINT('Ctrl Pts',(-107.206697279592,-104.104327377409,
5.00000000000033));
#11636=CARTESIAN_POINT('',(-107.206247178344,-103.802334,5.02999999999996));
#11637=CARTESIAN_POINT('Ctrl Pts',(-107.206697279638,-104.104327377409,
5.00000000000033));
#11638=CARTESIAN_POINT('Ctrl Pts',(-107.206697279638,-104.054420837843,
5.0100142487965));
#11639=CARTESIAN_POINT('Ctrl Pts',(-107.206640656387,-104.004051356542,
5.01753933556263));
#11640=CARTESIAN_POINT('Ctrl Pts',(-107.206415729913,-103.903179636045,
5.02751480920024));
#11641=CARTESIAN_POINT('Ctrl Pts',(-107.206247178344,-103.852766870032,
5.02999999999996));
#11642=CARTESIAN_POINT('Ctrl Pts',(-107.206247178344,-103.802334,5.02999999999996));
#11643=CARTESIAN_POINT('',(-107.306697279988,-103.802334,5.02999999999996));
#11644=CARTESIAN_POINT('Origin',(-107.306697279988,-103.802334,5.02999999999996));
#11645=CARTESIAN_POINT('',(-107.206247178365,-97.462334,5.02999999999997));
#11646=CARTESIAN_POINT('',(-107.206247178336,-106.090441991249,5.02999999999996));
#11647=CARTESIAN_POINT('',(-107.306697279988,-97.462334,5.02999999999997));
#11648=CARTESIAN_POINT('Origin',(-107.306697279988,-97.462334,3.49499999999998));
#11649=CARTESIAN_POINT('',(-107.206697279662,-97.1603406225876,4.99999999999965));
#11650=CARTESIAN_POINT('Ctrl Pts',(-107.206247178365,-97.462334,5.02999999999997));
#11651=CARTESIAN_POINT('Ctrl Pts',(-107.206247178365,-97.4119011299677,
5.02999999999997));
#11652=CARTESIAN_POINT('Ctrl Pts',(-107.206415729935,-97.3614883639542,
5.02751480920021));
#11653=CARTESIAN_POINT('Ctrl Pts',(-107.20664065641,-97.2606166434562,5.01753933556245));
#11654=CARTESIAN_POINT('Ctrl Pts',(-107.206697279662,-97.2102471621543,
5.01001424879614));
#11655=CARTESIAN_POINT('Ctrl Pts',(-107.206697279662,-97.1603406225876,
4.99999999999965));
#11656=CARTESIAN_POINT('',(-107.206697279519,-96.4291360588962,4.63022113022037));
#11657=CARTESIAN_POINT('Ctrl Pts',(-107.206697279593,-97.1603406225876,
4.99999999999965));
#11658=CARTESIAN_POINT('Ctrl Pts',(-107.206697279593,-97.0245995708434,
4.97276219357458));
#11659=CARTESIAN_POINT('Ctrl Pts',(-107.206990941139,-96.8931643919957,
4.92728527314214));
#11660=CARTESIAN_POINT('Ctrl Pts',(-107.207023058355,-96.6460460517709,
4.80231458082514));
#11661=CARTESIAN_POINT('Ctrl Pts',(-107.206697279593,-96.5315213342062,
4.723404962721));
#11662=CARTESIAN_POINT('Ctrl Pts',(-107.206697279593,-96.4291360588962,
4.63022113022037));
#11663=CARTESIAN_POINT('Origin',(-107.206697279519,-97.462334,3.49499999999998));
#11664=CARTESIAN_POINT('Origin',(-73.0281647728775,-51.6330099999997,2.59999999999998));
#11665=CARTESIAN_POINT('',(-72.5526246441094,-51.7874819583974,4.69826133729937));
#11666=CARTESIAN_POINT('Origin',(-73.0281647728775,-51.6330099999997,4.72565384809938));
#11667=CARTESIAN_POINT('',(-72.5526246441094,-51.7874819583974,2.59999999999998));
#11668=CARTESIAN_POINT('Origin',(-69.1287315071475,-52.89968142636,2.59999999999998));
#11669=CARTESIAN_POINT('',(-69.1287375431847,-49.2996769999968,4.6507810037087));
#11670=CARTESIAN_POINT('Origin',(-69.1287315071475,-52.89968142636,4.65078090441315));
#11671=CARTESIAN_POINT('',(-69.1287375433905,-49.2996769999968,2.59999999999998));
#11672=CARTESIAN_POINT('Origin',(-69.1287375433905,-49.2996769999968,2.59999999999998));
#11673=CARTESIAN_POINT('',(-55.5281591051213,-49.2996769999997,4.38963657338775));
#11674=CARTESIAN_POINT('',(-60.3037185248923,-49.2996769999987,4.48133199863047));
#11675=CARTESIAN_POINT('',(-55.5281591051213,-49.2996769999997,2.59999999999999));
#11676=CARTESIAN_POINT('Origin',(-55.5281591051212,-48.7996769999997,2.59999999999999));
#11677=CARTESIAN_POINT('',(-55.0526203571073,-48.9541532089684,4.36224414212326));
#11678=CARTESIAN_POINT('Origin',(-55.5281591051212,-48.7996769999997,4.38963657338775));
#11679=CARTESIAN_POINT('',(-55.0526203571073,-48.9541532089684,2.59999999999999));
#11680=CARTESIAN_POINT('Origin',(-51.6286891908395,-50.06639886412,2.59999999999999));
#11681=CARTESIAN_POINT('',(-51.6287491040675,-46.4663439999334,4.31476391598285));
#11682=CARTESIAN_POINT('Origin',(-51.6286891908395,-50.06639886412,4.31476292601338));
#11683=CARTESIAN_POINT('',(-51.628749106112,-46.4663439999334,2.59999999999999));
#11684=CARTESIAN_POINT('Origin',(-51.628749106112,-46.4663439999334,2.59999999999999));
#11685=CARTESIAN_POINT('',(-34.3851777327044,-46.466344,3.98367053590884));
#11686=CARTESIAN_POINT('',(-51.5569490447379,-46.4663439999337,4.31338544483786));
#11687=CARTESIAN_POINT('',(-34.3851777329057,-46.466344,2.59999999999999));
#11688=CARTESIAN_POINT('Origin',(-34.3851564714315,-50.0663211577,2.59999999999999));
#11689=CARTESIAN_POINT('',(-30.965225563805,-48.942084472889,3.93624483451463));
#11690=CARTESIAN_POINT('Ctrl Pts',(-34.3851777323018,-46.466344,3.98367047831808));
#11691=CARTESIAN_POINT('Ctrl Pts',(-34.2728246935481,-46.4663433364615,
3.98211244038834));
#11692=CARTESIAN_POINT('Ctrl Pts',(-34.1604382066254,-46.4716067187959,
3.9805541882084));
#11693=CARTESIAN_POINT('Ctrl Pts',(-34.0485267098824,-46.4821174888144,
3.97900254560312));
#11694=CARTESIAN_POINT('Ctrl Pts',(-33.9366401893394,-46.4926259130588,
3.97745124929055));
#11695=CARTESIAN_POINT('Ctrl Pts',(-33.8252288272908,-46.5083793553069,
3.97590655960274));
#11696=CARTESIAN_POINT('Ctrl Pts',(-33.7147967668391,-46.5293092262991,
3.97437529579677));
#11697=CARTESIAN_POINT('Ctrl Pts',(-33.6043410347546,-46.5502435837078,
3.97284370375718));
#11698=CARTESIAN_POINT('Ctrl Pts',(-33.4948653996586,-46.5763565208935,
3.97132554335586));
#11699=CARTESIAN_POINT('Ctrl Pts',(-33.3868646970702,-46.6075281500662,
3.96982763823604));
#11700=CARTESIAN_POINT('Ctrl Pts',(-33.278857749635,-46.6387015816536,3.96832964650392));
#11701=CARTESIAN_POINT('Ctrl Pts',(-33.1723262698608,-46.6749341770701,
3.9668519123958));
#11702=CARTESIAN_POINT('Ctrl Pts',(-33.0677499908469,-46.716056138134,3.96540126073865));
#11703=CARTESIAN_POINT('Ctrl Pts',(-32.9631082535122,-46.7572038390172,
3.96394970106275));
#11704=CARTESIAN_POINT('Ctrl Pts',(-32.8604245165158,-46.8032468776372,
3.96252525775234));
#11705=CARTESIAN_POINT('Ctrl Pts',(-32.7601588295075,-46.8539671609937,
3.96113476845819));
#11706=CARTESIAN_POINT('Ctrl Pts',(-32.6864280450197,-46.8912645295442,
3.9601122664484));
#11707=CARTESIAN_POINT('Ctrl Pts',(-32.6140044038235,-46.9310900864915,
3.95910812492551));
#11708=CARTESIAN_POINT('Ctrl Pts',(-32.5430621145706,-46.973341378129,3.95812506280982));
#11709=CARTESIAN_POINT('Ctrl Pts',(-32.4447278342043,-47.0319065922132,
3.95676242415355));
#11710=CARTESIAN_POINT('Ctrl Pts',(-32.3491601376198,-47.0951820209465,
3.95544028576404));
#11711=CARTESIAN_POINT('Ctrl Pts',(-32.2568033549971,-47.1628837899964,
3.95416325289857));
#11712=CARTESIAN_POINT('Ctrl Pts',(-32.1644826718238,-47.2305590964896,
3.95288671918629));
#11713=CARTESIAN_POINT('Ctrl Pts',(-32.0753706859625,-47.3026570843351,
3.95165525574419));
#11714=CARTESIAN_POINT('Ctrl Pts',(-31.9898816168704,-47.3788513611216,
3.95047346243145));
#11715=CARTESIAN_POINT('Ctrl Pts',(-31.9044188663068,-47.4550221808597,
3.94929203294373));
#11716=CARTESIAN_POINT('Ctrl Pts',(-31.8225770728937,-47.535286539079,3.94816024300735));
#11717=CARTESIAN_POINT('Ctrl Pts',(-31.7447362665745,-47.619278722801,3.9470826882345));
#11718=CARTESIAN_POINT('Ctrl Pts',(-31.6669129704477,-47.7032520125859,
3.94600537585626));
#11719=CARTESIAN_POINT('Ctrl Pts',(-31.5930891071599,-47.790951195405,3.94498227424404));
#11720=CARTESIAN_POINT('Ctrl Pts',(-31.5236067785566,-47.881974827188,3.9440179759094));
#11721=CARTESIAN_POINT('Ctrl Pts',(-31.4541253568269,-47.9729972709432,
3.94305369016064));
#11722=CARTESIAN_POINT('Ctrl Pts',(-31.3889855752097,-48.0673437978648,
3.94214820615448));
#11723=CARTESIAN_POINT('Ctrl Pts',(-31.3284883604656,-48.1645810083057,
3.94130611622266));
#11724=CARTESIAN_POINT('Ctrl Pts',(-31.2679973855822,-48.2618081894148,
3.94046411314647));
#11725=CARTESIAN_POINT('Ctrl Pts',(-31.2121482073165,-48.3619251567998,
3.93968549106799));
#11726=CARTESIAN_POINT('Ctrl Pts',(-31.1611974586695,-48.464471033486,3.93897484089811));
#11727=CARTESIAN_POINT('Ctrl Pts',(-31.110239229895,-48.5670319650292,3.938264086397));
#11728=CARTESIAN_POINT('Ctrl Pts',(-31.064181025674,-48.6720222009008,3.93762132376399));
#11729=CARTESIAN_POINT('Ctrl Pts',(-31.0232327917208,-48.7789576860206,
3.93705114593225));
#11730=CARTESIAN_POINT('Ctrl Pts',(-31.0025920283739,-48.8328606222074,
3.93676373657281));
#11731=CARTESIAN_POINT('Ctrl Pts',(-30.983248884041,-48.8872574862905,3.93649477001307));
#11732=CARTESIAN_POINT('Ctrl Pts',(-30.9652255653273,-48.9420844682583,
3.93624483450291));
#11733=CARTESIAN_POINT('',(-30.9652255611127,-48.9420844810791,2.59999999999999));
#11734=CARTESIAN_POINT('Origin',(-31.9152123972636,-49.2543744283074,2.59999999999999));
#11735=CARTESIAN_POINT('',(-30.9304047016038,-49.0807259253791,3.93624483447509));
#11736=CARTESIAN_POINT('Origin',(-31.9152123972636,-49.2543744283074,3.93624483449532));
#11737=CARTESIAN_POINT('',(-30.9304047016038,-49.0807259253791,2.59999999999999));
#11738=CARTESIAN_POINT('Origin',(-30.9418333190315,-49.0159111403181,2.59999999999999));
#11739=CARTESIAN_POINT('',(-30.4504829246158,-51.80249230943,3.92703009272246));
#11740=CARTESIAN_POINT('',(-27.3548439695723,-69.3586993361722,3.86759056112482));
#11741=CARTESIAN_POINT('',(-30.4504829244675,-51.8024923076178,2.59999999999999));
#11742=CARTESIAN_POINT('Origin',(-30.0566414315245,-51.73310241344,2.59999999999999));
#11743=CARTESIAN_POINT('',(-30.0566132730711,-52.1330100004957,3.90055723268948));
#11744=CARTESIAN_POINT('Ctrl Pts',(-30.4504829235519,-51.8024923128144,
3.92703031806727));
#11745=CARTESIAN_POINT('Ctrl Pts',(-30.4467562379435,-51.8236441437518,
3.92677983069015));
#11746=CARTESIAN_POINT('Ctrl Pts',(-30.4413186670015,-51.8445098558535,
3.92641147094487));
#11747=CARTESIAN_POINT('Ctrl Pts',(-30.4342389219364,-51.864807440725,3.9259338153957));
#11748=CARTESIAN_POINT('Ctrl Pts',(-30.4271622773767,-51.8850961364671,
3.92545636903112));
#11749=CARTESIAN_POINT('Ctrl Pts',(-30.4184451121676,-51.9048165610854,
3.92486972257174));
#11750=CARTESIAN_POINT('Ctrl Pts',(-30.4082054369082,-51.9237036440135,
3.92418244131869));
#11751=CARTESIAN_POINT('Ctrl Pts',(-30.3979551030069,-51.9426103868083,
3.92349444466359));
#11752=CARTESIAN_POINT('Ctrl Pts',(-30.3861794215074,-51.9606814615591,
3.92270560360105));
#11753=CARTESIAN_POINT('Ctrl Pts',(-30.3730421609675,-51.9776768548387,
3.92182451020732));
#11754=CARTESIAN_POINT('Ctrl Pts',(-30.3636626755849,-51.989810894683,3.92119544430868));
#11755=CARTESIAN_POINT('Ctrl Pts',(-30.3535901158178,-52.0013971499313,
3.92051935374126));
#11756=CARTESIAN_POINT('Ctrl Pts',(-30.3428965652101,-52.0123587068627,
3.91979936545347));
#11757=CARTESIAN_POINT('Ctrl Pts',(-30.3275653706609,-52.0280741383449,
3.91876712827443));
#11758=CARTESIAN_POINT('Ctrl Pts',(-30.3109263000329,-52.0425348784483,
3.91764466127371));
#11759=CARTESIAN_POINT('Ctrl Pts',(-30.2932035610106,-52.0555375819166,
3.91645019594185));
#11760=CARTESIAN_POINT('Ctrl Pts',(-30.275490431986,-52.0685332347845,3.91525637829821));
#11761=CARTESIAN_POINT('Ctrl Pts',(-30.256695293528,-52.0800720420771,3.91399064038317));
#11762=CARTESIAN_POINT('Ctrl Pts',(-30.2370741731457,-52.0899918987553,
3.91267118404578));
#11763=CARTESIAN_POINT('Ctrl Pts',(-30.217465387559,-52.0999055193265,3.91135255718315));
#11764=CARTESIAN_POINT('Ctrl Pts',(-30.1970322065889,-52.1082019317233,
3.90998027941699));
#11765=CARTESIAN_POINT('Ctrl Pts',(-30.1760545713562,-52.1147653288681,
3.90857251829019));
#11766=CARTESIAN_POINT('Ctrl Pts',(-30.155071710834,-52.1213303608802,3.90716440650616));
#11767=CARTESIAN_POINT('Ctrl Pts',(-30.1335447164127,-52.1261613211147,
3.90572079368229));
#11768=CARTESIAN_POINT('Ctrl Pts',(-30.1117695906315,-52.1291920056424,
3.90425986094083));
#11769=CARTESIAN_POINT('Ctrl Pts',(-30.0934988055657,-52.1317349524048,
3.90303404078333));
#11770=CARTESIAN_POINT('Ctrl Pts',(-30.0750537906704,-52.1330112968495,
3.9017960268307));
#11771=CARTESIAN_POINT('Ctrl Pts',(-30.0566133183372,-52.1330100004988,
3.9005565592317));
#11772=CARTESIAN_POINT('',(-30.056613260657,-52.1330100004948,2.59999999999999));
#11773=CARTESIAN_POINT('Origin',(-30.056613260657,-52.1330100004948,2.59999999999999));
#11774=CARTESIAN_POINT('',(-40.7748562392511,-52.1330100006553,4.10635868673401));
#11775=CARTESIAN_POINT('Origin',(-31.9152123972636,-49.2543744283074,3.93624483449532));
#11776=CARTESIAN_POINT('',(-31.8960149550021,-49.2543744255597,4.93606054617959));
#11777=CARTESIAN_POINT('Origin',(-31.9152123983174,-49.2543744197257,3.93624483449532));
#11778=CARTESIAN_POINT('Origin',(-31.9152123972636,-49.2543744283074,3.93624483447509));
#11779=CARTESIAN_POINT('Origin',(-72.651237157225,-187.923934351297,4.99999999999998));
#11780=CARTESIAN_POINT('',(-87.3060296215795,-134.295266456071,5.99998718030848));
#11781=CARTESIAN_POINT('Ctrl Pts',(-87.0525378559505,-135.257412364935,
5.00000002028636));
#11782=CARTESIAN_POINT('Ctrl Pts',(-87.0525158767525,-135.257406355107,
5.0024225184595));
#11783=CARTESIAN_POINT('Ctrl Pts',(-87.0524960376544,-135.257391174445,
5.00484478596414));
#11784=CARTESIAN_POINT('Ctrl Pts',(-87.0521796468875,-135.256934868379,
5.05081748874898));
#11785=CARTESIAN_POINT('Ctrl Pts',(-87.0526810803835,-135.253582813529,
5.09414229465348));
#11786=CARTESIAN_POINT('Ctrl Pts',(-87.0552233220045,-135.241238150298,
5.18115581308313));
#11787=CARTESIAN_POINT('Ctrl Pts',(-87.0573095839735,-135.23208026352,5.22481796289428));
#11788=CARTESIAN_POINT('Ctrl Pts',(-87.0628187122584,-135.209020379897,
5.30800363372869));
#11789=CARTESIAN_POINT('Ctrl Pts',(-87.0661508525805,-135.195447077109,
5.34761656026265));
#11790=CARTESIAN_POINT('Ctrl Pts',(-87.0743610595225,-135.162617117881,
5.42762306394333));
#11791=CARTESIAN_POINT('Ctrl Pts',(-87.0792980493515,-135.143158191761,
5.46763005056365));
#11792=CARTESIAN_POINT('Ctrl Pts',(-87.0904447453784,-135.0997001091,5.54430541430175));
#11793=CARTESIAN_POINT('Ctrl Pts',(-87.0966436438565,-135.075739553591,
5.58099982099084));
#11794=CARTESIAN_POINT('Ctrl Pts',(-87.1097436366435,-135.025468340173,
5.64814183287465));
#11795=CARTESIAN_POINT('Ctrl Pts',(-87.1165510931485,-134.99949093981,5.678854220179));
#11796=CARTESIAN_POINT('Ctrl Pts',(-87.1303052069534,-134.947271982238,
5.73334954336196));
#11797=CARTESIAN_POINT('Ctrl Pts',(-87.1371023898135,-134.921567947976,
5.75738760445353));
#11798=CARTESIAN_POINT('Ctrl Pts',(-87.1530013727855,-134.86166966165,5.80735603775352));
#11799=CARTESIAN_POINT('Ctrl Pts',(-87.1622765401365,-134.826870520697,
5.83248673213003));
#11800=CARTESIAN_POINT('Ctrl Pts',(-87.1818135485175,-134.753827729615,
5.87808584019111));
#11801=CARTESIAN_POINT('Ctrl Pts',(-87.1920857429585,-134.715548170843,
5.8984981094205));
#11802=CARTESIAN_POINT('Ctrl Pts',(-87.2040201236804,-134.671205091337,
5.91842992866026));
#11803=CARTESIAN_POINT('Ctrl Pts',(-87.2053155469825,-134.66639350557,5.92054554338468));
#11804=CARTESIAN_POINT('Ctrl Pts',(-87.2173337404655,-134.621769610329,
5.93973192677867));
#11805=CARTESIAN_POINT('Ctrl Pts',(-87.2283439563525,-134.580999565445,
5.95408639525068));
#11806=CARTESIAN_POINT('Ctrl Pts',(-87.2506851201465,-134.498485211965,
5.97704646675226));
#11807=CARTESIAN_POINT('Ctrl Pts',(-87.2620125346045,-134.456752036775,
5.98570349903851));
#11808=CARTESIAN_POINT('Ctrl Pts',(-87.2842275506325,-134.37510989319,5.99689639327694));
#11809=CARTESIAN_POINT('Ctrl Pts',(-87.2950993144055,-134.335246695502,
5.99977730769156));
#11810=CARTESIAN_POINT('Ctrl Pts',(-87.3060296215795,-134.295266456071,
5.99998718030846));
#11811=CARTESIAN_POINT('',(-87.3066972797345,-134.29019973774,5.99999999999998));
#11812=CARTESIAN_POINT('Ctrl Pts',(-87.3066972797345,-134.29019973774,5.99999999999998));
#11813=CARTESIAN_POINT('Ctrl Pts',(-87.3066972797345,-134.29180138536,5.99999999999998));
#11814=CARTESIAN_POINT('Ctrl Pts',(-87.3064861734995,-134.293596507082,
5.99999594655319));
#11815=CARTESIAN_POINT('Ctrl Pts',(-87.3060296215725,-134.295266456069,
5.99998718030836));
#11816=CARTESIAN_POINT('',(-95.5760858746895,-137.270096280709,5.99999999999998));
#11817=CARTESIAN_POINT('Origin',(-72.651237157225,-187.923934351297,5.99999999999998));
#11818=CARTESIAN_POINT('Origin',(-95.5760858746895,-137.270096280709,4.99999999999998));
#11819=CARTESIAN_POINT('Origin',(-69.2764455046811,-125.367438954605,4.99999999999999));
#11820=CARTESIAN_POINT('',(-104.891395701569,-141.486007190364,5.99999999999998));
#11821=CARTESIAN_POINT('',(-69.2764455046811,-125.367438954605,5.99999999999999));
#11822=CARTESIAN_POINT('Origin',(-104.891395701569,-141.486007190364,4.99999999999998));
#11823=CARTESIAN_POINT('Origin',(-105.963419194682,-139.1172918197,4.99999999999998));
#11824=CARTESIAN_POINT('',(-108.319821010408,-140.216117265313,5.99999999999998));
#11825=CARTESIAN_POINT('Origin',(-105.963419194682,-139.1172918197,5.99999999999998));
#11826=CARTESIAN_POINT('Origin',(-108.319821010408,-140.216117265313,4.99999999999998));
#11827=CARTESIAN_POINT('Origin',(-111.984829279975,-132.356480972423,4.99999999999998));
#11828=CARTESIAN_POINT('',(-115.254678018374,-125.344267104643,5.99999999999998));
#11829=CARTESIAN_POINT('',(-111.984829279975,-132.356480972423,5.99999999999998));
#11830=CARTESIAN_POINT('Origin',(-115.254678018374,-125.344267104643,4.99999999999998));
#11831=CARTESIAN_POINT('Origin',(-112.898180598812,-124.2454923276,4.99999999999998));
#11832=CARTESIAN_POINT('',(-113.9814934037,-121.88184695036,5.99999999999998));
#11833=CARTESIAN_POINT('Origin',(-112.898180598812,-124.2454923276,5.99999999999998));
#11834=CARTESIAN_POINT('Origin',(-113.9814934037,-121.88184695036,4.99999999999998));
#11835=CARTESIAN_POINT('Origin',(-83.0027900302685,-107.685005261987,4.99999999999998));
#11836=CARTESIAN_POINT('',(-107.453559955109,-118.890242149968,5.99999999999998));
#11837=CARTESIAN_POINT('',(-83.0027900302685,-107.685005261987,5.99999999999998));
#11838=CARTESIAN_POINT('Ctrl Pts',(-107.453559955109,-118.890242149969,
5.99999999999998));
#11839=CARTESIAN_POINT('Ctrl Pts',(-107.454784957088,-118.888231653446,
5.99999999999998));
#11840=CARTESIAN_POINT('Ctrl Pts',(-107.456010153653,-118.886221283621,
5.99999180020081));
#11841=CARTESIAN_POINT('Ctrl Pts',(-107.525914396545,-118.771544130616,
5.99905628544399));
#11842=CARTESIAN_POINT('Ctrl Pts',(-107.594519035578,-118.660459806565,
5.97238975376378));
#11843=CARTESIAN_POINT('Ctrl Pts',(-107.723848998375,-118.454152560423,
5.87064899795823));
#11844=CARTESIAN_POINT('Ctrl Pts',(-107.783403152323,-118.360812192068,
5.79650322225278));
#11845=CARTESIAN_POINT('Ctrl Pts',(-107.884407107681,-118.20474212137,5.61050082743444));
#11846=CARTESIAN_POINT('Ctrl Pts',(-107.925016745659,-118.143246537844,
5.50061302844941));
#11847=CARTESIAN_POINT('Ctrl Pts',(-107.9803843688,-118.060035682961,5.26003825512819));
#11848=CARTESIAN_POINT('Ctrl Pts',(-107.994845874206,-118.038656214761,
5.13200237424975));
#11849=CARTESIAN_POINT('Ctrl Pts',(-107.995032113336,-118.038379518828,
5.00168365434006));
#11850=CARTESIAN_POINT('Ctrl Pts',(-107.995032714804,-118.038378625227,
5.00084179867407));
#11851=CARTESIAN_POINT('Ctrl Pts',(-107.995032714804,-118.038378625227,
4.99999999999998));
#11852=CARTESIAN_POINT('Ctrl Pts',(-34.3925326098822,-46.4663517244363,
3.9837724709154));
#11853=CARTESIAN_POINT('Ctrl Pts',(-33.7455907257193,-46.464996461538,3.9748011070339));
#11854=CARTESIAN_POINT('Ctrl Pts',(-32.2348474174803,-46.8777995690215,
3.95385111399277));
#11855=CARTESIAN_POINT('Ctrl Pts',(-31.2303247743296,-48.1297901040519,
3.93992105568381));
#11856=CARTESIAN_POINT('Ctrl Pts',(-30.9629386683315,-48.9490663051921,
3.93621312132199));
#11857=CARTESIAN_POINT('Ctrl Pts',(-34.3867951656216,-46.4663395912839,
4.28292428568917));
#11858=CARTESIAN_POINT('Ctrl Pts',(-33.7392831785971,-46.46604923027,4.27328153175737));
#11859=CARTESIAN_POINT('Ctrl Pts',(-32.2298804817795,-46.8809878390625,
4.25080794315233));
#11860=CARTESIAN_POINT('Ctrl Pts',(-31.2291928140923,-48.131871968863,4.23590843689361));
#11861=CARTESIAN_POINT('Ctrl Pts',(-30.9623899209529,-48.9507474169784,
4.2319308316683));
#11862=CARTESIAN_POINT('Ctrl Pts',(-34.3763095433738,-46.7181143651817,
4.80173037521934));
#11863=CARTESIAN_POINT('Ctrl Pts',(-33.7747847044845,-46.7184952518708,
4.79101698381653));
#11864=CARTESIAN_POINT('Ctrl Pts',(-32.3721190931228,-47.106296276697,4.76602647668206));
#11865=CARTESIAN_POINT('Ctrl Pts',(-31.442283733177,-48.2698263308271,4.74945030470233));
#11866=CARTESIAN_POINT('Ctrl Pts',(-31.1949350743772,-49.0298749621104,
4.74504200040696));
#11867=CARTESIAN_POINT('Ctrl Pts',(-34.3717262177476,-47.244086281061,4.98434230601855));
#11868=CARTESIAN_POINT('Ctrl Pts',(-33.8646456405517,-47.2435075729532,
4.97459343943254));
#11869=CARTESIAN_POINT('Ctrl Pts',(-32.6810201171992,-47.5682912878053,
4.9518567101479));
#11870=CARTESIAN_POINT('Ctrl Pts',(-31.8947697635571,-48.5495681518986,
4.93676917685869));
#11871=CARTESIAN_POINT('Ctrl Pts',(-31.6855629281981,-49.1912280625986,
4.93274719355229));
#11872=CARTESIAN_POINT('Ctrl Pts',(-34.3712797771937,-47.4695552591258,
4.98358272055541));
#11873=CARTESIAN_POINT('Ctrl Pts',(-33.904619810133,-47.4685706886839,4.97462254379057));
#11874=CARTESIAN_POINT('Ctrl Pts',(-32.8148647178204,-47.7663211841037,
4.95369826030195));
#11875=CARTESIAN_POINT('Ctrl Pts',(-32.0902542922008,-48.6694228876389,
4.93978486005306));
#11876=CARTESIAN_POINT('Ctrl Pts',(-31.8973747165466,-49.2604003233751,
4.93608144582329));
#11877=CARTESIAN_POINT('',(-34.3659802905098,-47.466344,4.98348630384922));
#11878=CARTESIAN_POINT('Origin',(-34.3851777329095,-47.466344,3.98367059172757));
#11879=CARTESIAN_POINT('Origin',(-34.3659590290318,-50.0663211577,4.98348589560797));
#11880=CARTESIAN_POINT('Origin',(-51.5569490447418,-47.4663439999337,4.31338544483786));
#11881=CARTESIAN_POINT('',(-51.6095350208347,-47.4663439997949,5.31457946900747));
#11882=CARTESIAN_POINT('Origin',(-51.6287324632344,-47.4663439997949,4.31476375688583));
#11883=CARTESIAN_POINT('',(-51.5377516023422,-47.4663439999337,5.3132011569595));
#11884=CARTESIAN_POINT('Ctrl Pts',(-55.0548824017426,-48.9611414823701,
4.36223296040616));
#11885=CARTESIAN_POINT('Ctrl Pts',(-54.8557371939071,-48.3437120437198,
4.35947135126815));
#11886=CARTESIAN_POINT('Ctrl Pts',(-53.9927820790258,-47.0311608371831,
4.34750448013337));
#11887=CARTESIAN_POINT('Ctrl Pts',(-52.4856157779602,-46.4645226496687,
4.32660413013475));
#11888=CARTESIAN_POINT('Ctrl Pts',(-51.6214047944439,-46.4663517108751,
4.31461984661434));
#11889=CARTESIAN_POINT('Ctrl Pts',(-55.0543499614739,-48.9594456143044,
4.66492181974151));
#11890=CARTESIAN_POINT('Ctrl Pts',(-54.8543933850921,-48.340587308485,4.66194731775322));
#11891=CARTESIAN_POINT('Ctrl Pts',(-53.9890394592241,-47.0266599664681,
4.6490844249147));
#11892=CARTESIAN_POINT('Ctrl Pts',(-52.4806188227994,-46.4631019784988,
4.62665186916042));
#11893=CARTESIAN_POINT('Ctrl Pts',(-51.6156542529878,-46.4663502277356,
4.61377077431373));
#11894=CARTESIAN_POINT('Ctrl Pts',(-54.8078089392521,-49.0357187139309,
5.18956928169034));
#11895=CARTESIAN_POINT('Ctrl Pts',(-54.62166393657,-48.4602526040437,5.18625620379725));
#11896=CARTESIAN_POINT('Ctrl Pts',(-53.8148185281177,-47.2378123455006,
5.17189324980783));
#11897=CARTESIAN_POINT('Ctrl Pts',(-52.4097357488109,-46.7142549945929,
5.14687083142458));
#11898=CARTESIAN_POINT('Ctrl Pts',(-51.6062107085635,-46.7181502818273,
5.13255969444324));
#11899=CARTESIAN_POINT('Ctrl Pts',(-54.2979063217136,-49.1991104497771,
5.36696251667295));
#11900=CARTESIAN_POINT('Ctrl Pts',(-54.1415245048454,-48.7147477694199,
5.3639558271867));
#11901=CARTESIAN_POINT('Ctrl Pts',(-53.4637327617466,-47.6852745990842,
5.35094062671977));
#11902=CARTESIAN_POINT('Ctrl Pts',(-52.2811438154261,-47.2420156798045,
5.3282368979831));
#11903=CARTESIAN_POINT('Ctrl Pts',(-51.6037672213064,-47.2440966446105,
5.31521399051877));
#11904=CARTESIAN_POINT('Ctrl Pts',(-54.0808943014472,-49.269148104512,5.36202652571818));
#11905=CARTESIAN_POINT('Ctrl Pts',(-53.9372472990792,-48.8237783441156,
5.35926841206597));
#11906=CARTESIAN_POINT('Ctrl Pts',(-53.314784501243,-47.8769943667389,5.34731649601839));
#11907=CARTESIAN_POINT('Ctrl Pts',(-52.2276254604785,-47.4682440989104,
5.32644187368235));
#11908=CARTESIAN_POINT('Ctrl Pts',(-51.604236752489,-47.469554282861,5.31447240412357));
#11909=CARTESIAN_POINT('',(-54.0823454186797,-49.2631056269058,5.3620598542449));
#11910=CARTESIAN_POINT('Origin',(-54.1015428610794,-49.2631056269058,4.36224414212326));
#11911=CARTESIAN_POINT('Origin',(-51.6094917484398,-50.06639886412,5.31457863813503));
#11912=CARTESIAN_POINT('Ctrl Pts',(-54.0823454186797,-49.2631056269057,
5.3620598542449));
#11913=CARTESIAN_POINT('Ctrl Pts',(-54.1794109277149,-49.5619115786448,
5.36392360723068));
#11914=CARTESIAN_POINT('Ctrl Pts',(-54.5675189101709,-50.0953692779135,
5.37137566119195));
#11915=CARTESIAN_POINT('Ctrl Pts',(-55.1947854226289,-50.2996769999998,
5.38341979352171));
#11916=CARTESIAN_POINT('Ctrl Pts',(-55.5089616627218,-50.2996769999998,
5.3894522855094));
#11917=CARTESIAN_POINT('Ctrl Pts',(-54.3701568309472,-49.1695771658377,
5.36758611567687));
#11918=CARTESIAN_POINT('Ctrl Pts',(-54.4473145691628,-49.4078818200224,
5.36905754873806));
#11919=CARTESIAN_POINT('Ctrl Pts',(-54.756472532599,-49.8344312770781,5.375020270962));
#11920=CARTESIAN_POINT('Ctrl Pts',(-55.2577006867472,-49.9996952102205,
5.38465939463774));
#11921=CARTESIAN_POINT('Ctrl Pts',(-55.5089616627218,-50.0004776996579,
5.3894522855094));
#11922=CARTESIAN_POINT('Ctrl Pts',(-54.8729461689201,-49.0077950880504,
5.1196695174158));
#11923=CARTESIAN_POINT('Ctrl Pts',(-54.9159598718084,-49.1422580801086,
5.12092546591452));
#11924=CARTESIAN_POINT('Ctrl Pts',(-55.0879023879181,-49.3836909114901,
5.12593010957852));
#11925=CARTESIAN_POINT('Ctrl Pts',(-55.3706225669303,-49.480633685516,5.13409441929705));
#11926=CARTESIAN_POINT('Ctrl Pts',(-55.5137856557643,-49.482661765493,5.13821548329458));
#11927=CARTESIAN_POINT('Ctrl Pts',(-55.0522043123788,-48.9528724590681,
4.58924809032999));
#11928=CARTESIAN_POINT('Ctrl Pts',(-55.0839655372808,-49.0515679128,4.59093079743179));
#11929=CARTESIAN_POINT('Ctrl Pts',(-55.2113877524917,-49.2287722636091,
4.59764889571926));
#11930=CARTESIAN_POINT('Ctrl Pts',(-55.419285093975,-49.2987661851364,4.60853153780569));
#11931=CARTESIAN_POINT('Ctrl Pts',(-55.5238512091206,-49.2996769999998,
4.61399469454097));
#11932=CARTESIAN_POINT('Ctrl Pts',(-55.0526203571073,-48.9541532089684,
4.36224414212326));
#11933=CARTESIAN_POINT('Ctrl Pts',(-55.0849755267857,-49.0537551928814,
4.36410789510904));
#11934=CARTESIAN_POINT('Ctrl Pts',(-55.214344854271,-49.231574425971,4.37155994907031));
#11935=CARTESIAN_POINT('Ctrl Pts',(-55.423433691757,-49.2996769999998,4.38360408140007));
#11936=CARTESIAN_POINT('Ctrl Pts',(-55.5281591051213,-49.2996769999998,
4.38963657338775));
#11937=CARTESIAN_POINT('',(-55.5089616627218,-50.2996769999997,5.3894522855094));
#11938=CARTESIAN_POINT('Origin',(-55.5281591051215,-50.2996769999997,4.38963657338775));
#11939=CARTESIAN_POINT('Origin',(-55.5089616627215,-48.7996769999997,5.3894522855094));
#11940=CARTESIAN_POINT('Origin',(-60.3037185248925,-50.2996769999987,4.48133199863047));
#11941=CARTESIAN_POINT('',(-69.1095384242587,-50.2996769999954,5.65059670024169));
#11942=CARTESIAN_POINT('Origin',(-69.1287358666583,-50.2996769999954,4.65078098812004));
#11943=CARTESIAN_POINT('',(-60.2845210824928,-50.2996769999987,5.48114771075212));
#11944=CARTESIAN_POINT('Ctrl Pts',(-72.5548913669555,-51.7944849525674,
4.69824998049473));
#11945=CARTESIAN_POINT('Ctrl Pts',(-72.3557519015752,-51.1770448022973,
4.69548846603023));
#11946=CARTESIAN_POINT('Ctrl Pts',(-71.4927724118103,-49.8644943287004,
4.68352132204336));
#11947=CARTESIAN_POINT('Ctrl Pts',(-69.9855983201376,-49.2978388551674,
4.66262097784825));
#11948=CARTESIAN_POINT('Ctrl Pts',(-69.1213777913159,-49.2996848542643,
4.65063662724381));
#11949=CARTESIAN_POINT('Ctrl Pts',(-72.5543590508555,-51.7927891361441,
5.00093893764453));
#11950=CARTESIAN_POINT('Ctrl Pts',(-72.3544081957422,-51.1739201044983,
4.99796453272277));
#11951=CARTESIAN_POINT('Ctrl Pts',(-71.4890355234342,-49.8599734857273,
4.98510148025487));
#11952=CARTESIAN_POINT('Ctrl Pts',(-69.9806013280075,-49.2964182404779,
4.96266874940074));
#11953=CARTESIAN_POINT('Ctrl Pts',(-69.1156272358682,-49.2996834061288,
4.94978756540968));
#11954=CARTESIAN_POINT('Ctrl Pts',(-72.3078071797807,-51.8690623312175,
5.52557747229325));
#11955=CARTESIAN_POINT('Ctrl Pts',(-72.1216677739637,-51.2935869519819,
5.52226449506032));
#11956=CARTESIAN_POINT('Ctrl Pts',(-71.3148023830984,-50.0711569452114,
5.50790131605816));
#11957=CARTESIAN_POINT('Ctrl Pts',(-69.909721482609,-49.5475824682453,5.48287923854632));
#11958=CARTESIAN_POINT('Ctrl Pts',(-69.1061887304705,-49.551493570742,5.46856796917782));
#11959=CARTESIAN_POINT('Ctrl Pts',(-71.7979077825602,-52.0324455298632,
5.70298136989547));
#11960=CARTESIAN_POINT('Ctrl Pts',(-71.6415313328841,-51.5480770799759,
5.69997478081677));
#11961=CARTESIAN_POINT('Ctrl Pts',(-70.963723361096,-50.5186131158726,5.68695935346203));
#11962=CARTESIAN_POINT('Ctrl Pts',(-69.7811355400891,-50.0753400578718,
5.66425553330757));
#11963=CARTESIAN_POINT('Ctrl Pts',(-69.1037551943279,-50.0774343061967,
5.65123254372327));
#11964=CARTESIAN_POINT('Ctrl Pts',(-71.580892653542,-52.1024810227453,5.69804363646669));
#11965=CARTESIAN_POINT('Ctrl Pts',(-71.4372509535026,-51.657107119104,5.69528562475177));
#11966=CARTESIAN_POINT('Ctrl Pts',(-70.8147756185183,-50.710331236823,5.6833334666457));
#11967=CARTESIAN_POINT('Ctrl Pts',(-69.7276197014714,-50.3015717975471,
5.66245890556167));
#11968=CARTESIAN_POINT('Ctrl Pts',(-69.1042291058117,-50.3028941694264,
5.65048940026759));
#11969=CARTESIAN_POINT('',(-71.5823469441735,-52.0964258751927,5.69807704942102));
#11970=CARTESIAN_POINT('Origin',(-71.6015443865732,-52.0964258751927,4.69826133729937));
#11971=CARTESIAN_POINT('Origin',(-69.1095340647478,-52.89968142636,5.65059661653479));
#11972=CARTESIAN_POINT('Ctrl Pts',(-71.5823469441735,-52.0964258751927,
5.69807704942102));
#11973=CARTESIAN_POINT('Ctrl Pts',(-71.6794104727194,-52.3952348198207,
5.69994076437947));
#11974=CARTESIAN_POINT('Ctrl Pts',(-72.0675286850926,-52.9286844482379,
5.70739301476518));
#11975=CARTESIAN_POINT('Ctrl Pts',(-72.6947888557804,-53.1330099999998,
5.71943702532672));
#11976=CARTESIAN_POINT('Ctrl Pts',(-73.0089673304785,-53.1330099999998,
5.72546956022101));
#11977=CARTESIAN_POINT('Ctrl Pts',(-71.8701592020003,-52.0028999844447,
5.70360332708856));
#11978=CARTESIAN_POINT('Ctrl Pts',(-71.9473153645226,-52.2412070189611,
5.70507473009943));
#11979=CARTESIAN_POINT('Ctrl Pts',(-72.2564871279304,-52.6677410950271,
5.71103839174707));
#11980=CARTESIAN_POINT('Ctrl Pts',(-72.7577045673888,-52.833028204655,5.72067663525953));
#11981=CARTESIAN_POINT('Ctrl Pts',(-73.0089673304785,-52.8338106996579,
5.72546956022101));
#11982=CARTESIAN_POINT('Ctrl Pts',(-72.3729397197723,-51.8411257502386,
5.45567756684533));
#11983=CARTESIAN_POINT('Ctrl Pts',(-72.4159525414163,-51.9755900721039,
5.45693348966683));
#11984=CARTESIAN_POINT('Ctrl Pts',(-72.5879032912442,-52.2170264954366,
5.46193830377899));
#11985=CARTESIAN_POINT('Ctrl Pts',(-72.8706273833671,-52.3139771049986,
5.47010297035495));
#11986=CARTESIAN_POINT('Ctrl Pts',(-73.0137914904605,-52.3160051994004,
5.47422406366389));
#11987=CARTESIAN_POINT('Ctrl Pts',(-72.5522086222622,-51.7862012399756,
4.92526529330044));
#11988=CARTESIAN_POINT('Ctrl Pts',(-72.5839691975098,-51.8848976746569,
4.92694796605361));
#11989=CARTESIAN_POINT('Ctrl Pts',(-72.7113984411707,-52.062094000779,4.93366613711455));
#11990=CARTESIAN_POINT('Ctrl Pts',(-72.9192900179965,-52.1320991786581,
4.94454877366015));
#11991=CARTESIAN_POINT('Ctrl Pts',(-73.0238568768765,-52.1330099999998,
4.95001196925259));
#11992=CARTESIAN_POINT('Ctrl Pts',(-72.5526246441094,-51.7874819583974,
4.69826133729937));
#11993=CARTESIAN_POINT('Ctrl Pts',(-72.5849791536247,-51.8870849399401,
4.70012505225782));
#11994=CARTESIAN_POINT('Ctrl Pts',(-72.7143518910825,-52.0649014827458,
4.70757730264354));
#11995=CARTESIAN_POINT('Ctrl Pts',(-72.9234386146455,-52.1330099999998,
4.71962131320509));
#11996=CARTESIAN_POINT('Ctrl Pts',(-73.0281647728775,-52.1330099999998,
4.72565384809938));
#11997=CARTESIAN_POINT('',(-73.0089673304785,-53.1330099999997,5.72546956022101));
#11998=CARTESIAN_POINT('Origin',(-73.0281647728785,-53.1330099999997,4.72565384809938));
#11999=CARTESIAN_POINT('Origin',(-73.0089673304775,-51.6330099999998,5.72546956022101));
#12000=CARTESIAN_POINT('Origin',(-77.7862563326355,-53.1330099999982,4.81701387329548));
#12001=CARTESIAN_POINT('',(-87.3066972797095,-53.1330099999953,5.99999999999998));
#12002=CARTESIAN_POINT('Origin',(-87.3162968854545,-53.1330099999953,4.99999999999998));
#12003=CARTESIAN_POINT('',(-77.7670588902355,-53.1330099999983,5.81682958541712));
#12004=CARTESIAN_POINT('Origin',(-108.748967563469,-117.237390333198,4.99999999999998));
#12005=CARTESIAN_POINT('',(-106.706697279592,-117.726401670073,5.99999999999998));
#12006=CARTESIAN_POINT('Origin',(-108.748967563469,-117.237390333198,5.99999999999998));
#12007=CARTESIAN_POINT('Ctrl Pts',(-107.706697279593,-117.5890615651,4.99999999999998));
#12008=CARTESIAN_POINT('Ctrl Pts',(-107.706697279593,-117.5890615651,5.12856703514406));
#12009=CARTESIAN_POINT('Ctrl Pts',(-107.68191224021,-117.593189000398,5.25578638892708));
#12010=CARTESIAN_POINT('Ctrl Pts',(-107.585341816394,-117.608528543423,
5.49468410606777));
#12011=CARTESIAN_POINT('Ctrl Pts',(-107.514149769579,-117.619589195688,
5.6038548016179));
#12012=CARTESIAN_POINT('Ctrl Pts',(-107.333417876867,-117.645982694252,
5.79011450341468));
#12013=CARTESIAN_POINT('Ctrl Pts',(-107.225066118015,-117.661098007387,
5.86503663758737));
#12014=CARTESIAN_POINT('Ctrl Pts',(-107.043850338343,-117.684905951822,
5.94384859586115));
#12015=CARTESIAN_POINT('Ctrl Pts',(-106.979637733379,-117.693115628594,
5.96437781886749));
#12016=CARTESIAN_POINT('Ctrl Pts',(-106.848054442481,-117.709490029481,
5.99224107232169));
#12017=CARTESIAN_POINT('Ctrl Pts',(-106.780999652593,-117.717615794392,
5.99950341717379));
#12018=CARTESIAN_POINT('Ctrl Pts',(-106.711373462984,-117.725849394484,
5.99999179987125));
#12019=CARTESIAN_POINT('Ctrl Pts',(-106.709035388341,-117.726125647118,
5.99999999999998));
#12020=CARTESIAN_POINT('Ctrl Pts',(-106.706697279592,-117.726401670073,
5.99999999999998));
#12021=CARTESIAN_POINT('Ctrl Pts',(-82.7623372215125,-134.268313438946,
4.91611524075795));
#12022=CARTESIAN_POINT('Ctrl Pts',(-84.2079080075035,-134.540723125362,
4.94437997637478));
#12023=CARTESIAN_POINT('Ctrl Pts',(-85.6424630281805,-134.871583486285,
4.97242932461851));
#12024=CARTESIAN_POINT('Ctrl Pts',(-87.0613211326065,-135.259814878715,
5.00017175659628));
#12025=CARTESIAN_POINT('Ctrl Pts',(-82.7568028561045,-134.267270518904,
5.21458425405734));
#12026=CARTESIAN_POINT('Ctrl Pts',(-84.2023487612805,-134.539516419668,
5.2427506565374));
#12027=CARTESIAN_POINT('Ctrl Pts',(-85.6371368251355,-134.870285052855,
5.27070870325004));
#12028=CARTESIAN_POINT('Ctrl Pts',(-87.0559945238034,-135.258357399108,
5.29835485108454));
#12029=CARTESIAN_POINT('Ctrl Pts',(-82.7935409206695,-134.019682067973,
5.731150929046));
#12030=CARTESIAN_POINT('Ctrl Pts',(-84.2458791219805,-134.293121562476,
5.75916073303623));
#12031=CARTESIAN_POINT('Ctrl Pts',(-85.6871119930715,-134.625272656117,
5.78695590441025));
#12032=CARTESIAN_POINT('Ctrl Pts',(-87.1126494231035,-135.015086374449,
5.81444868823288));
#12033=CARTESIAN_POINT('Ctrl Pts',(-82.8868784171075,-133.50563025458,5.91513514240308));
#12034=CARTESIAN_POINT('Ctrl Pts',(-84.3530246369665,-133.781844010031,
5.94328528921924));
#12035=CARTESIAN_POINT('Ctrl Pts',(-85.8079686100935,-134.117331421076,
5.97122420917948));
#12036=CARTESIAN_POINT('Ctrl Pts',(-87.2470329446715,-134.511018431692,
5.99885438624155));
#12037=CARTESIAN_POINT('Ctrl Pts',(-82.9283247619755,-133.285609759233,
5.91593095287958));
#12038=CARTESIAN_POINT('Ctrl Pts',(-84.4003712033875,-133.563008634044,
5.94419568849641));
#12039=CARTESIAN_POINT('Ctrl Pts',(-85.8612001255415,-133.899928708537,
5.97224503674014));
#12040=CARTESIAN_POINT('Ctrl Pts',(-87.3060446421364,-134.29527056603,5.99998746871791));
#12041=CARTESIAN_POINT('',(-82.9283247619755,-133.285609759233,5.91593095287959));
#12042=CARTESIAN_POINT('Origin',(-72.6320397148253,-187.923934351297,5.71823218026846));
#12043=CARTESIAN_POINT('Origin',(-82.9475222043755,-133.285609759233,4.91611524075795));
#12044=CARTESIAN_POINT('Ctrl Pts',(-53.1462330914642,-132.471169351645,
4.34265318899227));
#12045=CARTESIAN_POINT('Ctrl Pts',(-63.0415297368503,-131.826609550908,
4.53425763136509));
#12046=CARTESIAN_POINT('Ctrl Pts',(-73.0175850613305,-132.431969687482,
4.72742581884118));
#12047=CARTESIAN_POINT('Ctrl Pts',(-82.7623372215125,-134.268313438946,
4.91611524075795));
#12048=CARTESIAN_POINT('Ctrl Pts',(-53.1405089500328,-132.471542210751,
4.64203522339333));
#12049=CARTESIAN_POINT('Ctrl Pts',(-63.0354800520676,-131.826507333341,
4.83332680902784));
#12050=CARTESIAN_POINT('Ctrl Pts',(-73.0121280569835,-132.431436020524,
5.02620057597492));
#12051=CARTESIAN_POINT('Ctrl Pts',(-82.7568028561045,-134.267270518904,
5.21458425405734));
#12052=CARTESIAN_POINT('Ctrl Pts',(-53.1142404027334,-132.220982519283,
5.16011244967871));
#12053=CARTESIAN_POINT('Ctrl Pts',(-63.0305231721831,-131.574290637506,
5.3509060973565));
#12054=CARTESIAN_POINT('Ctrl Pts',(-73.0277468985095,-132.180137175201,
5.54325514074907));
#12055=CARTESIAN_POINT('Ctrl Pts',(-82.7935407499935,-134.019682873473,
5.73115191254222));
#12056=CARTESIAN_POINT('Ctrl Pts',(-53.0766276427804,-131.697387089906,
5.34274908643081));
#12057=CARTESIAN_POINT('Ctrl Pts',(-63.0367737370669,-131.048375391021,
5.53398950927393));
#12058=CARTESIAN_POINT('Ctrl Pts',(-73.0781517692725,-131.657458642324,
5.72680200749637));
#12059=CARTESIAN_POINT('Ctrl Pts',(-82.8868784171075,-133.50563025458,5.91513514240308));
#12060=CARTESIAN_POINT('Ctrl Pts',(-53.0620354030277,-131.473284103726,
5.34246890111392));
#12061=CARTESIAN_POINT('Ctrl Pts',(-63.0409236324176,-130.823279314661,
5.53407334348674));
#12062=CARTESIAN_POINT('Ctrl Pts',(-73.1012527585395,-131.433753296179,
5.72724153096281));
#12063=CARTESIAN_POINT('Ctrl Pts',(-82.9283247619755,-133.285609759233,
5.91593095287958));
#12064=CARTESIAN_POINT('',(-53.1890337794966,-132.468389200798,4.34348194655835));
#12065=CARTESIAN_POINT('Origin',(-60.8407483255405,-250.5975413291,4.49164349757839));
#12066=CARTESIAN_POINT('Ctrl Pts',(-53.062035403028,-131.473284103726,5.34246890111392));
#12067=CARTESIAN_POINT('Ctrl Pts',(-53.0668067861766,-131.517338240236,
5.34256051635066));
#12068=CARTESIAN_POINT('Ctrl Pts',(-53.0716295096936,-131.561330522107,
5.33960386687896));
#12069=CARTESIAN_POINT('Ctrl Pts',(-53.0790048175412,-131.627831407007,
5.33065636719488));
#12070=CARTESIAN_POINT('Ctrl Pts',(-53.0815446928946,-131.65059337705,5.3267803231638));
#12071=CARTESIAN_POINT('Ctrl Pts',(-53.0889654305875,-131.716693203545,
5.31315619488895));
#12072=CARTESIAN_POINT('Ctrl Pts',(-53.0938300203805,-131.759515120797,
5.30132177467908));
#12073=CARTESIAN_POINT('Ctrl Pts',(-53.1011189850664,-131.822907610143,
5.27922906163441));
#12074=CARTESIAN_POINT('Ctrl Pts',(-53.1035800571513,-131.844175630756,
5.27100029590917));
#12075=CARTESIAN_POINT('Ctrl Pts',(-53.1108290456303,-131.906407397263,
5.24445397506839));
#12076=CARTESIAN_POINT('Ctrl Pts',(-53.1155422295944,-131.946329526619,
5.22416456687571));
#12077=CARTESIAN_POINT('Ctrl Pts',(-53.124718558692,-132.022914990464,5.17845022648287));
#12078=CARTESIAN_POINT('Ctrl Pts',(-53.1291817913775,-132.059579532737,
5.15302487061252));
#12079=CARTESIAN_POINT('Ctrl Pts',(-53.1373210905523,-132.125214100824,
5.10024117310942));
#12080=CARTESIAN_POINT('Ctrl Pts',(-53.1410298726907,-132.154586973468,
5.07339743536553));
#12081=CARTESIAN_POINT('Ctrl Pts',(-53.1485259391988,-132.212880470646,
5.01319171234382));
#12082=CARTESIAN_POINT('Ctrl Pts',(-53.1522571733953,-132.241252768988,
4.97964760526746));
#12083=CARTESIAN_POINT('Ctrl Pts',(-53.1593385507704,-132.293837698104,
4.90865467626442));
#12084=CARTESIAN_POINT('Ctrl Pts',(-53.1626821983283,-132.317982177649,
4.87115387627143));
#12085=CARTESIAN_POINT('Ctrl Pts',(-53.1686125945912,-132.359448698832,
4.79658606121778));
#12086=CARTESIAN_POINT('Ctrl Pts',(-53.1712398427937,-132.377180612314,
4.75976231271896));
#12087=CARTESIAN_POINT('Ctrl Pts',(-53.1762798348163,-132.409729806492,
4.68044221180739));
#12088=CARTESIAN_POINT('Ctrl Pts',(-53.178631279564,-132.42400021931,4.63801096001866));
#12089=CARTESIAN_POINT('Ctrl Pts',(-53.1826908349243,-132.446563424784,
4.5527465261259));
#12090=CARTESIAN_POINT('Ctrl Pts',(-53.1844126985723,-132.454988051256,
4.50994469478764));
#12091=CARTESIAN_POINT('Ctrl Pts',(-53.187173269633,-132.465766036448,4.42595420944909));
#12092=CARTESIAN_POINT('Ctrl Pts',(-53.1882455467168,-132.468440276324,
4.38481330386421));
#12093=CARTESIAN_POINT('Ctrl Pts',(-53.1890337785318,-132.468389227931,
4.34348194653968));
#12094=CARTESIAN_POINT('Origin',(-60.8215508831409,-250.5975413291,5.49145920970003));
#12095=CARTESIAN_POINT('Origin',(-24.2637188314658,-133.636344001137,3.78932865260212));
#12096=CARTESIAN_POINT('',(-19.5508699652547,-133.636344001531,4.69902165334766));
#12097=CARTESIAN_POINT('Origin',(-19.5700674076544,-133.636344001531,3.69920594122601));
#12098=CARTESIAN_POINT('',(2.99705429380525,-133.636343999345,4.26607939013707));
#12099=CARTESIAN_POINT('Origin',(2.97785685140564,-133.63634399608,3.26626367801901));
#12100=CARTESIAN_POINT('',(-24.2445213890661,-133.636344001137,4.78914436472377));
#12101=CARTESIAN_POINT('Ctrl Pts',(6.57783346956347,-131.022891012254,3.21632464248833));
#12102=CARTESIAN_POINT('Ctrl Pts',(6.58099451053648,-131.835144940739,3.21628080797002));
#12103=CARTESIAN_POINT('Ctrl Pts',(5.92235171568816,-133.734274439033,3.22541436721342));
#12104=CARTESIAN_POINT('Ctrl Pts',(4.04616701260717,-134.640651105521,3.25143187263986));
#12105=CARTESIAN_POINT('Ctrl Pts',(2.96442290150458,-134.636316991969,3.26643267921413));
#12106=CARTESIAN_POINT('Ctrl Pts',(6.57783887841687,-131.022901175528,3.51187280381629));
#12107=CARTESIAN_POINT('Ctrl Pts',(6.58098665942278,-131.834564359301,3.51182591657069));
#12108=CARTESIAN_POINT('Ctrl Pts',(5.92514243896793,-133.731000930937,3.52159614038442));
#12109=CARTESIAN_POINT('Ctrl Pts',(4.05286601761786,-134.638892511378,3.54947299692344));
#12110=CARTESIAN_POINT('Ctrl Pts',(2.97015505028242,-134.636344653012,3.56559662783937));
#12111=CARTESIAN_POINT('Ctrl Pts',(6.33210305982428,-131.0238737895,4.02553703384278));
#12112=CARTESIAN_POINT('Ctrl Pts',(6.33502460437469,-131.777009135791,4.02548494918269));
#12113=CARTESIAN_POINT('Ctrl Pts',(5.72629714247822,-133.538341402847,4.03634091534218));
#12114=CARTESIAN_POINT('Ctrl Pts',(3.98677919433242,-134.385410799812,4.06734873981739));
#12115=CARTESIAN_POINT('Ctrl Pts',(2.98109303555688,-134.384129531827,4.0852656305175));
#12116=CARTESIAN_POINT('Ctrl Pts',(5.8148161568721,-131.025826633913,4.21330031567948));
#12117=CARTESIAN_POINT('Ctrl Pts',(5.81728752086601,-131.661502199664,4.21325288027926));
#12118=CARTESIAN_POINT('Ctrl Pts',(5.30234684912215,-133.147997711196,4.2231406727195));
#12119=CARTESIAN_POINT('Ctrl Pts',(3.83392282407637,-133.859414239104,4.25134462076278));
#12120=CARTESIAN_POINT('Ctrl Pts',(2.98656923244973,-133.85682171241,4.26764021474573));
#12121=CARTESIAN_POINT('Ctrl Pts',(5.59125828926075,-131.026663818719,4.21625078411345));
#12122=CARTESIAN_POINT('Ctrl Pts',(5.5935362289595,-131.611986510021,4.2162070659119));
#12123=CARTESIAN_POINT('Ctrl Pts',(5.11889438374475,-132.980522470668,4.22532077431943));
#12124=CARTESIAN_POINT('Ctrl Pts',(3.7668897964738,-133.633616405283,4.25128055259315));
#12125=CARTESIAN_POINT('Ctrl Pts',(2.98738878026515,-133.630472060411,4.26624717509371));
#12126=CARTESIAN_POINT('',(5.59705717053459,-131.036328700058,4.21615678454457));
#12127=CARTESIAN_POINT('Origin',(5.57785973935244,-131.036328700058,3.21634107220753));
#12128=CARTESIAN_POINT('Origin',(2.99710816127824,-131.0363949986,4.26607835583235));
#12129=CARTESIAN_POINT('Origin',(5.56963880012904,-101.619971063842,3.21649892230478));
#12130=CARTESIAN_POINT('',(5.59080484648545,-108.664075935671,4.2162768352994));
#12131=CARTESIAN_POINT('Origin',(5.57160740408594,-108.66407593633,3.21646112317775));
#12132=CARTESIAN_POINT('',(5.58883624252874,-101.619971063842,4.21631463442642));
#12133=CARTESIAN_POINT('Ctrl Pts',(6.59884441788944,-108.456687080662,3.21528388614801));
#12134=CARTESIAN_POINT('Ctrl Pts',(6.58077091868544,-108.524138231253,3.21606505669608));
#12135=CARTESIAN_POINT('Ctrl Pts',(6.57158784960504,-108.5939659002,3.21646196636011));
#12136=CARTESIAN_POINT('Ctrl Pts',(6.57160736503464,-108.663796468048,3.21646112317775));
#12137=CARTESIAN_POINT('Ctrl Pts',(6.59922470740604,-108.455267822268,3.51094726144352));
#12138=CARTESIAN_POINT('Ctrl Pts',(6.58096794316954,-108.522892195095,3.51164642589216));
#12139=CARTESIAN_POINT('Ctrl Pts',(6.57158764267064,-108.593735945384,3.51200429323522));
#12140=CARTESIAN_POINT('Ctrl Pts',(6.57160736547774,-108.663798053363,3.51200354332069));
#12141=CARTESIAN_POINT('Ctrl Pts',(6.36319938772114,-108.389390974097,4.02290955969494));
#12142=CARTESIAN_POINT('Ctrl Pts',(6.33903248587674,-108.478792936732,4.02347788673654));
#12143=CARTESIAN_POINT('Ctrl Pts',(6.32676691780214,-108.571233375195,4.02376612734865));
#12144=CARTESIAN_POINT('Ctrl Pts',(6.32679302318724,-108.663869216346,4.02376552684587));
#12145=CARTESIAN_POINT('Ctrl Pts',(5.86626832277473,-108.255270923156,4.21098761996572));
#12146=CARTESIAN_POINT('Ctrl Pts',(5.83052975111284,-108.388411262816,4.21167278301378));
#12147=CARTESIAN_POINT('Ctrl Pts',(5.81238222257904,-108.526153088167,4.21202231497639));
#12148=CARTESIAN_POINT('Ctrl Pts',(5.81242080427364,-108.664013976894,4.21202159152505));
#12149=CARTESIAN_POINT('Ctrl Pts',(5.65211614232594,-108.197867807143,4.21509955189387));
#12150=CARTESIAN_POINT('Ctrl Pts',(5.61143225492124,-108.34970193796,4.21588073645812));
#12151=CARTESIAN_POINT('Ctrl Pts',(5.59076093284234,-108.506885671105,4.2162776622915));
#12152=CARTESIAN_POINT('Ctrl Pts',(5.59080484648504,-108.664075934353,4.2162768352994));
#12153=CARTESIAN_POINT('',(5.65211601670362,-108.197868190517,4.21509960069061));
#12154=CARTESIAN_POINT('Origin',(5.63291855170234,-108.197868184461,3.21528388900294));
#12155=CARTESIAN_POINT('Origin',(7.39015014404294,-108.663573076371,4.18172764059459));
#12156=CARTESIAN_POINT('Origin',(-18.536853429329,-72.0655583717068,3.67936721935496));
#12157=CARTESIAN_POINT('',(10.5398859181155,-79.8515072767249,4.12124962413242));
#12158=CARTESIAN_POINT('Ctrl Pts',(10.539885917792,-79.8515072766391,4.12124962413862));
#12159=CARTESIAN_POINT('Ctrl Pts',(10.5971675460032,-79.6352686349562,4.1201497052001));
#12160=CARTESIAN_POINT('Ctrl Pts',(10.6530939246067,-79.418742471279,4.04116103894878));
#12161=CARTESIAN_POINT('Ctrl Pts',(10.7449237268768,-79.0513677616351,3.73596334245043));
#12162=CARTESIAN_POINT('Ctrl Pts',(10.7753802665032,-78.9194604779119,3.485727902947));
#12163=CARTESIAN_POINT('Ctrl Pts',(10.7786364862288,-78.8872805138864,3.18964718030551));
#12164=CARTESIAN_POINT('Ctrl Pts',(10.7785488361007,-78.8853246767147,3.15557639926872));
#12165=CARTESIAN_POINT('Ctrl Pts',(10.777983060408,-78.8851727712114,3.12146318659402));
#12166=CARTESIAN_POINT('',(6.6145925488073,-78.7997273293064,4.19661910717373));
#12167=CARTESIAN_POINT('Origin',(6.59539510676284,-78.7997273279802,3.19680339504526));
#12168=CARTESIAN_POINT('',(-18.5176559869293,-72.0655583717068,4.67918293147661));
#12169=CARTESIAN_POINT('Ctrl Pts',(6.55776538450706,-77.446852916266,3.21669830867104));
#12170=CARTESIAN_POINT('Ctrl Pts',(6.55767124358612,-77.5217738433504,3.21670463409464));
#12171=CARTESIAN_POINT('Ctrl Pts',(6.60775790254076,-77.696793190103,3.21333925869699));
#12172=CARTESIAN_POINT('Ctrl Pts',(6.75797764701877,-77.8080545679071,3.20324584654847));
#12173=CARTESIAN_POINT('Ctrl Pts',(6.85446024452174,-77.8338674179742,3.19676309718607));
#12174=CARTESIAN_POINT('Ctrl Pts',(6.55777441109641,-77.4468471942632,3.51225045747191));
#12175=CARTESIAN_POINT('Ctrl Pts',(6.55767774344691,-77.5222618470826,3.51225594234925));
#12176=CARTESIAN_POINT('Ctrl Pts',(6.60961307993853,-77.699668146329,3.5093263397003));
#12177=CARTESIAN_POINT('Ctrl Pts',(6.76334478872741,-77.8109549030251,3.50056490026147));
#12178=CARTESIAN_POINT('Ctrl Pts',(6.85980474247657,-77.8352877987743,3.49497582308285));
#12179=CARTESIAN_POINT('Ctrl Pts',(6.31287170857687,-77.446528207235,4.02427602823618));
#12180=CARTESIAN_POINT('Ctrl Pts',(6.31271394298603,-77.570350606128,4.02428013939406));
#12181=CARTESIAN_POINT('Ctrl Pts',(6.39670005153592,-77.8592893851262,4.02209352449596));
#12182=CARTESIAN_POINT('Ctrl Pts',(6.64605841111518,-78.0388484805173,4.01557334554087));
#12183=CARTESIAN_POINT('Ctrl Pts',(6.80452268442425,-78.0789704297801,4.01140828686556));
#12184=CARTESIAN_POINT('Ctrl Pts',(5.798125319557,-77.4458826370668,4.21245344246069));
#12185=CARTESIAN_POINT('Ctrl Pts',(5.79784722022043,-77.6667079426536,4.21245877714158));
#12186=CARTESIAN_POINT('Ctrl Pts',(5.94579297017581,-78.1823876816956,4.20961418092671));
#12187=CARTESIAN_POINT('Ctrl Pts',(6.38878136788271,-78.5089137328069,4.2011025106704));
#12188=CARTESIAN_POINT('Ctrl Pts',(6.67286992892952,-78.5842407596718,4.1956605363054));
#12189=CARTESIAN_POINT('Ctrl Pts',(5.57627896598071,-77.4456063817899,4.21655550326627));
#12190=CARTESIAN_POINT('Ctrl Pts',(5.57594937900113,-77.707905264333,4.21656183167386));
#12191=CARTESIAN_POINT('Ctrl Pts',(5.75130278178274,-78.320650647816,4.21319488715142));
#12192=CARTESIAN_POINT('Ctrl Pts',(6.27722370664856,-78.7101819223765,4.20309670998851));
#12193=CARTESIAN_POINT('Ctrl Pts',(6.61501087351672,-78.8005547343923,4.19661082699842));
#12194=CARTESIAN_POINT('',(5.57696296956163,-77.4462251415424,4.21654261367973));
#12195=CARTESIAN_POINT('Origin',(5.55776552748034,-77.4462251415427,3.21672690078636));
#12196=CARTESIAN_POINT('Origin',(6.97707471302524,-77.44735132802,4.1896590940592));
#12197=CARTESIAN_POINT('Origin',(5.55968012473944,-75.1877912526397,3.21669013864097));
#12198=CARTESIAN_POINT('',(5.59536843472684,-55.7353787009532,4.21618920992902));
#12199=CARTESIAN_POINT('Origin',(5.57617099232714,-55.7353787009531,3.21637349780737));
#12200=CARTESIAN_POINT('',(5.57887756713914,-75.1877912526397,4.2165058507626));
#12201=CARTESIAN_POINT('Ctrl Pts',(2.96290434527787,-52.1330347600838,3.26646953024915));
#12202=CARTESIAN_POINT('Ctrl Pts',(3.77560113717262,-52.1299635636627,3.25519939165036));
#12203=CARTESIAN_POINT('Ctrl Pts',(5.67600216002586,-52.7890558739237,3.2288454268149));
#12204=CARTESIAN_POINT('Ctrl Pts',(6.58135284610906,-54.6673557732202,3.21629040244831));
#12205=CARTESIAN_POINT('Ctrl Pts',(6.57613268568336,-55.7496116198081,3.21636279313109));
#12206=CARTESIAN_POINT('Ctrl Pts',(2.96863656255242,-52.1330095534311,3.56563116458831));
#12207=CARTESIAN_POINT('Ctrl Pts',(3.78205839622682,-52.1312765935132,3.55351753715024));
#12208=CARTESIAN_POINT('Ctrl Pts',(5.6800654285203,-52.7930937099489,3.52525480463864));
#12209=CARTESIAN_POINT('Ctrl Pts',(6.5813350308852,-54.6681279343298,3.51183163702699));
#12210=CARTESIAN_POINT('Ctrl Pts',(6.57613637958431,-55.7495970281881,3.51190907291014));
#12211=CARTESIAN_POINT('Ctrl Pts',(2.9795484672334,-52.3851689522105,4.08535759790681));
#12212=CARTESIAN_POINT('Ctrl Pts',(3.73510696961093,-52.3843765626834,4.07189682261888));
#12213=CARTESIAN_POINT('Ctrl Pts',(5.49836333722136,-53.0020292933128,4.0404692747244));
#12214=CARTESIAN_POINT('Ctrl Pts',(6.33528174158082,-54.7449291534814,4.025541928178));
#12215=CARTESIAN_POINT('Ctrl Pts',(6.33045584916466,-55.7484160721117,4.02562798279962));
#12216=CARTESIAN_POINT('Ctrl Pts',(2.98496682697306,-52.9125230005274,4.26766764797458));
#12217=CARTESIAN_POINT('Ctrl Pts',(3.62158213513672,-52.9107198086469,4.25542481366685));
#12218=CARTESIAN_POINT('Ctrl Pts',(5.10930710540926,-53.4285065964308,4.22683939968184));
#12219=CARTESIAN_POINT('Ctrl Pts',(5.81720753260261,-54.8990427214447,4.21325117622076));
#12220=CARTESIAN_POINT('Ctrl Pts',(5.81312587733076,-55.7460390996753,4.21332953288753));
#12221=CARTESIAN_POINT('Ctrl Pts',(2.98576216433752,-53.1388680167277,4.26627848897281));
#12222=CARTESIAN_POINT('Ctrl Pts',(3.57140502746268,-53.1366389503064,4.25503398365003));
#12223=CARTESIAN_POINT('Ctrl Pts',(4.94089020061268,-53.6115523517843,4.22873882942619));
#12224=CARTESIAN_POINT('Ctrl Pts',(5.59333519232347,-54.9651078021977,4.21621100023522));
#12225=CARTESIAN_POINT('Ctrl Pts',(5.58957327627401,-55.7450198831654,4.21628321696318));
#12226=CARTESIAN_POINT('',(2.99540828452461,-53.1330100007428,4.26611099513392));
#12227=CARTESIAN_POINT('Origin',(2.97621084212504,-53.13301,3.26629528301226));
#12228=CARTESIAN_POINT('Origin',(2.99520407653424,-55.73317528596,4.26611491612762));
#12229=CARTESIAN_POINT('Origin',(-40.7748562392361,-53.1330100006553,4.10635868673401));
#12230=CARTESIAN_POINT('',(-30.0373453956507,-53.1330099988416,4.90037226787648));
#12231=CARTESIAN_POINT('Origin',(-30.0565428380504,-53.1330099980151,3.90055655575484));
#12232=CARTESIAN_POINT('',(-40.7556587968364,-53.1330100006553,5.10617439885565));
#12233=CARTESIAN_POINT('Ctrl Pts',(-30.4505152542382,-51.802308553089,3.92703249115872));
#12234=CARTESIAN_POINT('Ctrl Pts',(-30.4366992427615,-51.8809459516079,
3.92610385462465));
#12235=CARTESIAN_POINT('Ctrl Pts',(-30.3479058306089,-52.0546989630724,
3.92013564763773));
#12236=CARTESIAN_POINT('Ctrl Pts',(-30.1628371090891,-52.1330807188474,
3.90769634094919));
#12237=CARTESIAN_POINT('Ctrl Pts',(-30.0563879116097,-52.1330099176186,
3.90054140862542));
#12238=CARTESIAN_POINT('Ctrl Pts',(-30.4503450445167,-51.8032773428149,
4.22262845630972));
#12239=CARTESIAN_POINT('Ctrl Pts',(-30.4362422605287,-51.8823835381181,
4.22182507647486));
#12240=CARTESIAN_POINT('Ctrl Pts',(-30.3445435152599,-52.0578158665618,
4.2166368048439));
#12241=CARTESIAN_POINT('Ctrl Pts',(-30.1562594295861,-52.1346535460193,
4.20584854503448));
#12242=CARTESIAN_POINT('Ctrl Pts',(-30.0506458098961,-52.1330061765054,
4.19968793256658));
#12243=CARTESIAN_POINT('Ctrl Pts',(-30.6913924737633,-51.8473569853726,
4.73477986220164));
#12244=CARTESIAN_POINT('Ctrl Pts',(-30.6682494079975,-51.9772766509149,
4.73417640134384));
#12245=CARTESIAN_POINT('Ctrl Pts',(-30.5195292586054,-52.2632619928427,
4.73030136375542));
#12246=CARTESIAN_POINT('Ctrl Pts',(-30.2141651018583,-52.3869616908131,
4.72229631176683));
#12247=CARTESIAN_POINT('Ctrl Pts',(-30.0405374727083,-52.3844160376876,
4.71771925533532));
#12248=CARTESIAN_POINT('Ctrl Pts',(-31.198489262238,-51.9370918299513,4.92286837045059));
#12249=CARTESIAN_POINT('Ctrl Pts',(-31.1576581758961,-52.1689507808618,
4.92208619983949));
#12250=CARTESIAN_POINT('Ctrl Pts',(-30.8953136006125,-52.6808522471434,
4.91704570911664));
#12251=CARTESIAN_POINT('Ctrl Pts',(-30.3498969422602,-52.9101295947047,
4.90656512552155));
#12252=CARTESIAN_POINT('Ctrl Pts',(-30.0366941385853,-52.9091995814571,
4.90056593812925));
#12253=CARTESIAN_POINT('Ctrl Pts',(-31.4170910784894,-51.9755152502856,
4.92686434792525));
#12254=CARTESIAN_POINT('Ctrl Pts',(-31.3686972702632,-52.2509632937024,
4.92593513933273));
#12255=CARTESIAN_POINT('Ctrl Pts',(-31.0576772824228,-52.859580234021,4.91996327729507));
#12256=CARTESIAN_POINT('Ctrl Pts',(-30.4094247087488,-53.1341400369918,
4.90751621333509));
#12257=CARTESIAN_POINT('Ctrl Pts',(-30.0365559708502,-53.1338948800908,
4.90035670318247));
#12258=CARTESIAN_POINT('',(-31.4160931825944,-51.9761408114062,4.9268455784244));
#12259=CARTESIAN_POINT('Origin',(-31.4352906219416,-51.976140810866,3.92702986562991));
#12260=CARTESIAN_POINT('Origin',(-30.0374439891248,-51.73310241344,4.90037416096791));
#12261=CARTESIAN_POINT('Origin',(-28.3396516652321,-69.5323478391004,3.86759056112482));
#12262=CARTESIAN_POINT('',(-28.3204542228325,-69.5323478391005,4.86740627324647));
#12263=CARTESIAN_POINT('Ctrl Pts',(10.7573429067394,-78.8797810375198,3.12164732382803));
#12264=CARTESIAN_POINT('Ctrl Pts',(11.8226902057585,-79.1544718068214,3.10686454733492));
#12265=CARTESIAN_POINT('Ctrl Pts',(13.4299480319075,-80.5456587714143,3.08456221040386));
#12266=CARTESIAN_POINT('Ctrl Pts',(13.5487939691912,-82.5912072895782,3.08291310182703));
#12267=CARTESIAN_POINT('Ctrl Pts',(13.3163488912912,-83.3844577365076,3.08613851319525));
#12268=CARTESIAN_POINT('Ctrl Pts',(10.7626989272874,-78.8811487249432,3.41989603486114));
#12269=CARTESIAN_POINT('Ctrl Pts',(11.8281166630712,-79.1576744815812,3.40401775408305));
#12270=CARTESIAN_POINT('Ctrl Pts',(13.4307407856927,-80.5483523962623,3.38013613514732));
#12271=CARTESIAN_POINT('Ctrl Pts',(13.5487291258546,-82.5901075914732,3.37837964854404));
#12272=CARTESIAN_POINT('Ctrl Pts',(13.3168061561648,-83.3829460705479,3.38183883404313));
#12273=CARTESIAN_POINT('Ctrl Pts',(10.709310883136,-79.1265547046647,3.93890146413225));
#12274=CARTESIAN_POINT('Ctrl Pts',(11.6983956712848,-79.3843690035513,3.92126984184259));
#12275=CARTESIAN_POINT('Ctrl Pts',(13.186421114532,-80.6791490204331,3.89472811068776));
#12276=CARTESIAN_POINT('Ctrl Pts',(13.296154003005,-82.5752718068956,3.89276911190547));
#12277=CARTESIAN_POINT('Ctrl Pts',(13.0811655591846,-83.3110350694283,3.89660346471031));
#12278=CARTESIAN_POINT('Ctrl Pts',(10.5810658960187,-79.6367875240126,4.12238043778006));
#12279=CARTESIAN_POINT('Ctrl Pts',(11.4150722136969,-79.8526382390929,4.10633734488217));
#12280=CARTESIAN_POINT('Ctrl Pts',(12.6722218082297,-80.9428157181688,4.08218362524719));
#12281=CARTESIAN_POINT('Ctrl Pts',(12.7651126171327,-82.5434340169076,4.08040348436566));
#12282=CARTESIAN_POINT('Ctrl Pts',(12.583379651628,-83.1642318887491,4.08389911084955));
#12283=CARTESIAN_POINT('Ctrl Pts',(10.5244190213847,-79.8560645919659,4.12151068748485));
#12284=CARTESIAN_POINT('Ctrl Pts',(11.291881420139,-80.0539176203681,4.10677548213893));
#12285=CARTESIAN_POINT('Ctrl Pts',(12.449770290977,-81.0560692812171,4.08454304181043));
#12286=CARTESIAN_POINT('Ctrl Pts',(12.5353909170628,-82.5296837261978,4.0828988828232));
#12287=CARTESIAN_POINT('Ctrl Pts',(12.3679315379265,-83.1011385622184,4.08611409501733));
#12288=CARTESIAN_POINT('',(12.3796938184642,-83.09016732415,4.08592350776393));
#12289=CARTESIAN_POINT('Ctrl Pts',(12.3797040228676,-83.0901702756531,4.08592331182938));
#12290=CARTESIAN_POINT('Ctrl Pts',(12.4224689433204,-83.1018532831052,4.08510218340824));
#12291=CARTESIAN_POINT('Ctrl Pts',(12.4651769451011,-83.1135362307196,4.08132832279553));
#12292=CARTESIAN_POINT('Ctrl Pts',(12.5497228489775,-83.1366990138202,4.06794201082538));
#12293=CARTESIAN_POINT('Ctrl Pts',(12.5915603433619,-83.1481787385399,4.05832985501311));
#12294=CARTESIAN_POINT('Ctrl Pts',(12.6736253952881,-83.1707359611377,4.0334373522245));
#12295=CARTESIAN_POINT('Ctrl Pts',(12.7138525811528,-83.1818133577309,4.01815733453464));
#12296=CARTESIAN_POINT('Ctrl Pts',(12.7919857298082,-83.2033739450005,3.9821995213367));
#12297=CARTESIAN_POINT('Ctrl Pts',(12.8298913584775,-83.2138570443037,3.96152208455292));
#12298=CARTESIAN_POINT('Ctrl Pts',(12.9027222991795,-83.2340506564916,3.91512799284458));
#12299=CARTESIAN_POINT('Ctrl Pts',(12.9376464016459,-83.2437608512084,3.88941018446054));
#12300=CARTESIAN_POINT('Ctrl Pts',(13.0038810270286,-83.2622365179349,3.83339625153197));
#12301=CARTESIAN_POINT('Ctrl Pts',(13.0351915624373,-83.2710019894482,3.8031008740373));
#12302=CARTESIAN_POINT('Ctrl Pts',(13.0936462881553,-83.2874373411018,3.73846798902742));
#12303=CARTESIAN_POINT('Ctrl Pts',(13.1207905288642,-83.295107231235,3.70413116405305));
#12304=CARTESIAN_POINT('Ctrl Pts',(13.1704335184911,-83.3092199126127,3.6320225070929));
#12305=CARTESIAN_POINT('Ctrl Pts',(13.1929323404636,-83.3156627202328,3.59425129698421));
#12306=CARTESIAN_POINT('Ctrl Pts',(13.232892905942,-83.3272129984339,3.51593030408782));
#12307=CARTESIAN_POINT('Ctrl Pts',(13.2503533211443,-83.3323201141598,3.47538031477834));
#12308=CARTESIAN_POINT('Ctrl Pts',(13.2799182204454,-83.3411097222318,3.3922331116554));
#12309=CARTESIAN_POINT('Ctrl Pts',(13.2920234896658,-83.3447924208646,3.34963669202811));
#12310=CARTESIAN_POINT('Ctrl Pts',(13.3106687229914,-83.3506733431068,3.26313776779507));
#12311=CARTESIAN_POINT('Ctrl Pts',(13.3172079690543,-83.3528713727426,3.21923556923293));
#12312=CARTESIAN_POINT('Ctrl Pts',(13.3233799710965,-83.3552717000191,3.14550689273678));
#12313=CARTESIAN_POINT('Ctrl Pts',(13.324582349176,-83.3558938289768,3.11582574309212));
#12314=CARTESIAN_POINT('Ctrl Pts',(13.3245073609569,-83.3561736887933,3.08614456235544));
#12315=CARTESIAN_POINT('Origin',(9.87489912247424,-82.3711772853,4.13401802289941));
#12316=CARTESIAN_POINT('Origin',(8.78192288331524,-96.4456251616116,3.15481991695338));
#12317=CARTESIAN_POINT('',(8.80112032571494,-96.4456251616116,4.15463562907501));
#12318=CARTESIAN_POINT('Origin',(-107.706697279593,-117.5890615651,2.59999999999998));
#12319=CARTESIAN_POINT('',(-107.706697279599,-115.649734014901,3.33499998509881));
#12320=CARTESIAN_POINT('',(-107.7066972796,-115.482631605057,2.59999999999998));
#12321=CARTESIAN_POINT('Origin',(-107.706697279605,-113.949734014903,3.33499998509881));
#12322=CARTESIAN_POINT('',(-107.706697279593,-117.5890615651,2.59999999999998));
#12323=CARTESIAN_POINT('',(-107.7066972796,-115.418591768946,4.99999999999998));
#12324=CARTESIAN_POINT('',(-107.706697279631,-106.090441991251,4.99999999999998));
#12325=CARTESIAN_POINT('',(-107.706697279599,-115.649734014901,4.19999999999998));
#12326=CARTESIAN_POINT('Origin',(-107.706697279604,-114.149734014903,4.19999999999998));
#12327=CARTESIAN_POINT('',(-107.706697279599,-115.649734014901,3.46750000745056));
#12328=CARTESIAN_POINT('Origin',(-105.306697279988,-113.949734014901,3.33499998509881));
#12329=CARTESIAN_POINT('',(-107.206697279582,-114.898298731673,2.59999999999998));
#12330=CARTESIAN_POINT('',(-107.206697279582,-115.149734014901,3.33499998509881));
#12331=CARTESIAN_POINT('Origin',(-107.206697279586,-113.949734014901,3.33499998509881));
#12332=CARTESIAN_POINT('',(-106.506697279601,-115.149734014901,3.33499998509881));
#12333=CARTESIAN_POINT('',(-107.706697279987,-115.149734014901,3.33499998509881));
#12334=CARTESIAN_POINT('',(-106.506697279602,-114.898298731673,2.59999999999998));
#12335=CARTESIAN_POINT('Origin',(-106.506697279592,-113.949734014901,3.33499998509881));
#12336=CARTESIAN_POINT('',(-107.706697279602,-114.898298731673,2.59999999999998));
#12337=CARTESIAN_POINT('Origin',(-105.306697279988,-115.149734014901,4.33500001490114));
#12338=CARTESIAN_POINT('',(-107.206697279601,-115.149734014901,3.46750000745056));
#12339=CARTESIAN_POINT('',(-106.506697279601,-115.149734014901,3.46750000745056));
#12340=CARTESIAN_POINT('Ctrl Pts',(-107.625510857284,-110.653715142218,
5.39469179050499));
#12341=CARTESIAN_POINT('Ctrl Pts',(-107.669804594772,-110.504083662496,
5.29157921409091));
#12342=CARTESIAN_POINT('Ctrl Pts',(-107.706697279617,-110.378145290642,
5.15427575060871));
#12343=CARTESIAN_POINT('Ctrl Pts',(-107.706697279617,-110.280876231053,
4.99999999999916));
#12344=CARTESIAN_POINT('Ctrl Pts',(-107.485906331387,-110.752388089844,
5.26312786033638));
#12345=CARTESIAN_POINT('Ctrl Pts',(-107.515435489712,-110.620210750167,
5.17006887782982));
#12346=CARTESIAN_POINT('Ctrl Pts',(-107.540030612942,-110.508321812248,
5.04824511165218));
#12347=CARTESIAN_POINT('Ctrl Pts',(-107.540030612942,-110.421860425947,
4.91111111111036));
#12348=CARTESIAN_POINT('Ctrl Pts',(-107.34630180549,-110.851061037471,5.13156393016778));
#12349=CARTESIAN_POINT('Ctrl Pts',(-107.361066384652,-110.736337837838,
5.04855854156872));
#12350=CARTESIAN_POINT('Ctrl Pts',(-107.373363946267,-110.638498333854,
4.94221447269566));
#12351=CARTESIAN_POINT('Ctrl Pts',(-107.373363946267,-110.562844620841,
4.82222222222156));
#12352=CARTESIAN_POINT('Ctrl Pts',(-107.206697279593,-110.949733985098,
4.99999999999917));
#12353=CARTESIAN_POINT('Ctrl Pts',(-107.206697279593,-110.852464925509,
4.92704820530763));
#12354=CARTESIAN_POINT('Ctrl Pts',(-107.206697279593,-110.768674855461,
4.83618383373913));
#12355=CARTESIAN_POINT('Ctrl Pts',(-107.206697279593,-110.703828815735,
4.73333333333277));
#12356=CARTESIAN_POINT('',(-107.706697279617,-110.280876231054,4.99999999999998));
#12357=CARTESIAN_POINT('',(-107.706697279617,-110.280876231054,4.99999999999998));
#12358=CARTESIAN_POINT('',(-107.625510857285,-110.653715142221,5.39469179050322));
#12359=CARTESIAN_POINT('',(-107.206697279615,-110.949733985098,4.99999999999917));
#12360=CARTESIAN_POINT('Ctrl Pts',(-107.706697279617,-110.280876231053,
4.99999999999916));
#12361=CARTESIAN_POINT('Ctrl Pts',(-107.706697279617,-110.378145290642,
5.15427575060871));
#12362=CARTESIAN_POINT('Ctrl Pts',(-107.669804594772,-110.504083662496,
5.29157921409091));
#12363=CARTESIAN_POINT('Ctrl Pts',(-107.625510857284,-110.653715142218,
5.39469179050499));
#12364=CARTESIAN_POINT('Origin',(-107.456697279592,-111.7497339851,3.33499998509881));
#12365=CARTESIAN_POINT('',(-107.706697279618,-110.049733985099,3.33499998509866));
#12366=CARTESIAN_POINT('',(-107.206697279616,-110.549733985099,3.33499998509866));
#12367=CARTESIAN_POINT('Origin',(-107.706697279612,-111.749733985101,3.33499998509881));
#12368=CARTESIAN_POINT('Origin',(-107.456697279617,-110.299733985099,2.96749999254932));
#12369=CARTESIAN_POINT('',(-107.706697279618,-110.049733985099,4.19999999999998));
#12370=CARTESIAN_POINT('',(-107.206697279571,-110.549733985099,4.19999999999998));
#12371=CARTESIAN_POINT('',(-107.706697279618,-110.049733985099,2.96749999254932));
#12372=CARTESIAN_POINT('Origin',(-107.45669727959,-111.5497339851,4.19999999999998));
#12373=CARTESIAN_POINT('Origin',(-107.706697279613,-111.549733985101,4.19999999999998));
#12374=CARTESIAN_POINT('Ctrl Pts',(-107.7066972796,-115.418591768946,5.00000000000077));
#12375=CARTESIAN_POINT('Ctrl Pts',(-107.7066972796,-115.321322709357,5.1542757506108));
#12376=CARTESIAN_POINT('Ctrl Pts',(-107.669804594755,-115.195384337501,
5.29157921409242));
#12377=CARTESIAN_POINT('Ctrl Pts',(-107.625510857269,-115.045752857778,
5.39469179050542));
#12378=CARTESIAN_POINT('Ctrl Pts',(-107.540030612931,-115.277607574052,
4.91111111111179));
#12379=CARTESIAN_POINT('Ctrl Pts',(-107.540030612931,-115.19114618775,5.04824511165404));
#12380=CARTESIAN_POINT('Ctrl Pts',(-107.515435489701,-115.07925724983,5.17006887783135));
#12381=CARTESIAN_POINT('Ctrl Pts',(-107.485906331377,-114.947079910152,
5.26312786033721));
#12382=CARTESIAN_POINT('Ctrl Pts',(-107.373363946262,-115.136623379158,
4.82222222222282));
#12383=CARTESIAN_POINT('Ctrl Pts',(-107.373363946262,-115.060969666144,
4.94221447269728));
#12384=CARTESIAN_POINT('Ctrl Pts',(-107.361066384647,-114.96313016216,5.04855854157029));
#12385=CARTESIAN_POINT('Ctrl Pts',(-107.346301805485,-114.848406962526,
5.131563930169));
#12386=CARTESIAN_POINT('Ctrl Pts',(-107.206697279593,-114.995639184264,
4.73333333333384));
#12387=CARTESIAN_POINT('Ctrl Pts',(-107.206697279593,-114.930793144538,
4.83618383374052));
#12388=CARTESIAN_POINT('Ctrl Pts',(-107.206697279593,-114.847003074489,
4.92704820530922));
#12389=CARTESIAN_POINT('Ctrl Pts',(-107.206697279593,-114.7497340149,5.00000000000078));
#12390=CARTESIAN_POINT('',(-107.62551085727,-115.045752857778,5.39469179050321));
#12391=CARTESIAN_POINT('',(-107.62551085727,-115.045752857778,5.39469179050321));
#12392=CARTESIAN_POINT('',(-107.206697279585,-114.995639184264,4.73333333333385));
#12393=CARTESIAN_POINT('Ctrl Pts',(-107.625510857269,-115.045752857778,
5.39469179050542));
#12394=CARTESIAN_POINT('Ctrl Pts',(-107.669804594755,-115.195384337501,
5.29157921409242));
#12395=CARTESIAN_POINT('Ctrl Pts',(-107.7066972796,-115.321322709357,5.1542757506108));
#12396=CARTESIAN_POINT('Ctrl Pts',(-107.7066972796,-115.418591768946,5.00000000000077));
#12397=CARTESIAN_POINT('Ctrl Pts',(-107.467499759943,-111.574132291303,
5.64943133483166));
#12398=CARTESIAN_POINT('Ctrl Pts',(-107.464333095966,-111.323855831561,
5.6525844254866));
#12399=CARTESIAN_POINT('Ctrl Pts',(-107.510481735583,-111.063615410324,
5.60736599868666));
#12400=CARTESIAN_POINT('Ctrl Pts',(-107.592394490252,-110.766083452239,
5.46676890628269));
#12401=CARTESIAN_POINT('Ctrl Pts',(-107.612624621047,-110.697792065814,
5.42697849361541));
#12402=CARTESIAN_POINT('Ctrl Pts',(-107.631683310724,-110.633487545453,
5.38078640905617));
#12403=CARTESIAN_POINT('Ctrl Pts',(-107.373660771178,-111.57202243153,5.49926052555259));
#12404=CARTESIAN_POINT('Ctrl Pts',(-107.371604383874,-111.343349214952,
5.50321547842671));
#12405=CARTESIAN_POINT('Ctrl Pts',(-107.406237861705,-111.106706298754,
5.4542491395927));
#12406=CARTESIAN_POINT('Ctrl Pts',(-107.463307657769,-110.848384703115,
5.32580168444726));
#12407=CARTESIAN_POINT('Ctrl Pts',(-107.477237123824,-110.789725218045,
5.29062446607964));
#12408=CARTESIAN_POINT('Ctrl Pts',(-107.489754308387,-110.735481520034,
5.25087569653625));
#12409=CARTESIAN_POINT('Ctrl Pts',(-107.279912698254,-111.569835969268,
5.34925205257902));
#12410=CARTESIAN_POINT('Ctrl Pts',(-107.277987387515,-111.363588796717,
5.35224807084711));
#12411=CARTESIAN_POINT('Ctrl Pts',(-107.301541998339,-111.150244744467,
5.30069381743344));
#12412=CARTESIAN_POINT('Ctrl Pts',(-107.33434051459,-110.930565589293,5.18495191987973));
#12413=CARTESIAN_POINT('Ctrl Pts',(-107.341645546916,-110.881854599485,
5.15406890585362));
#12414=CARTESIAN_POINT('Ctrl Pts',(-107.347891140509,-110.837412404566,
5.12103002424468));
#12415=CARTESIAN_POINT('Ctrl Pts',(-107.186073510958,-111.56772627677,5.19908088880959));
#12416=CARTESIAN_POINT('Ctrl Pts',(-107.185260615151,-111.383080550651,
5.20288261431164));
#12417=CARTESIAN_POINT('Ctrl Pts',(-107.197299111462,-111.193334655575,
5.14757791580201));
#12418=CARTESIAN_POINT('Ctrl Pts',(-107.205253420745,-111.012867103006,
5.04398444155535));
#12419=CARTESIAN_POINT('Ctrl Pts',(-107.206258495337,-110.973787323215,
5.01771531840051));
#12420=CARTESIAN_POINT('Ctrl Pts',(-107.20596199441,-110.939406516915,4.99111916969777));
#12421=CARTESIAN_POINT('',(-107.467194105932,-111.5497339851,5.64934164902523));
#12422=CARTESIAN_POINT('',(-107.186493176726,-111.549733985099,5.19999999999998));
#12423=CARTESIAN_POINT('Ctrl Pts',(-107.625510857285,-110.653715142221,
5.39469179050308));
#12424=CARTESIAN_POINT('Ctrl Pts',(-107.601395876587,-110.735179485718,
5.45082969917866));
#12425=CARTESIAN_POINT('Ctrl Pts',(-107.570312918287,-110.835789036748,
5.50721529301667));
#12426=CARTESIAN_POINT('Ctrl Pts',(-107.530821206755,-111.004583026616,
5.56662617276517));
#12427=CARTESIAN_POINT('Ctrl Pts',(-107.522668098538,-111.042337584565,
5.57823189981469));
#12428=CARTESIAN_POINT('Ctrl Pts',(-107.485983801875,-111.230326538348,
5.62863304105679));
#12429=CARTESIAN_POINT('Ctrl Pts',(-107.467194105932,-111.391500228868,
5.64934164902533));
#12430=CARTESIAN_POINT('Ctrl Pts',(-107.467194105932,-111.5497339851,5.64934164902487));
#12431=CARTESIAN_POINT('Origin',(-107.326843641348,-106.09044199125,5.42467082451261));
#12432=CARTESIAN_POINT('',(-107.186493176745,-106.090441991249,5.19999999999998));
#12433=CARTESIAN_POINT('',(-107.467194105923,-114.149734014903,5.64934164902523));
#12434=CARTESIAN_POINT('',(-107.186493176717,-114.149734014901,5.19999999999998));
#12435=CARTESIAN_POINT('',(-107.46719410595,-106.09044199125,5.64934164902523));
#12436=CARTESIAN_POINT('Ctrl Pts',(-107.631683314593,-115.065980469575,
5.38078639721812));
#12437=CARTESIAN_POINT('Ctrl Pts',(-107.612624623594,-115.001675944729,
5.42697848650087));
#12438=CARTESIAN_POINT('Ctrl Pts',(-107.592394491151,-114.933384553073,
5.46676890284827));
#12439=CARTESIAN_POINT('Ctrl Pts',(-107.510481736028,-114.635852582792,
5.60736600068035));
#12440=CARTESIAN_POINT('Ctrl Pts',(-107.464333092972,-114.375612155231,
5.65258442700509));
#12441=CARTESIAN_POINT('Ctrl Pts',(-107.467499759702,-114.125335689701,
5.64943133382288));
#12442=CARTESIAN_POINT('Ctrl Pts',(-107.489754310737,-114.963986492606,
5.25087568631402));
#12443=CARTESIAN_POINT('Ctrl Pts',(-107.477237125414,-114.909742790984,
5.29062445976829));
#12444=CARTESIAN_POINT('Ctrl Pts',(-107.463307658248,-114.851083301477,
5.3258016813093));
#12445=CARTESIAN_POINT('Ctrl Pts',(-107.406237862675,-114.592761695136,
5.45424914142069));
#12446=CARTESIAN_POINT('Ctrl Pts',(-107.3716043815,-114.356118773039,5.5032154801946));
#12447=CARTESIAN_POINT('Ctrl Pts',(-107.373660770894,-114.127445551113,
5.49926052454894));
#12448=CARTESIAN_POINT('Ctrl Pts',(-107.347891141404,-114.862055605745,
5.1210300157012));
#12449=CARTESIAN_POINT('Ctrl Pts',(-107.341645547503,-114.817613407984,
5.15406890029971));
#12450=CARTESIAN_POINT('Ctrl Pts',(-107.334340514655,-114.768902414589,
5.18495191706031));
#12451=CARTESIAN_POINT('Ctrl Pts',(-107.301541998141,-114.549223248665,
5.30069381667528));
#12452=CARTESIAN_POINT('Ctrl Pts',(-107.277987385856,-114.335879192562,
5.35224807297505));
#12453=CARTESIAN_POINT('Ctrl Pts',(-107.279912697995,-114.129632015071,
5.34925205170537));
#12454=CARTESIAN_POINT('Ctrl Pts',(-107.205961993785,-114.760061491007,
4.99111916276961));
#12455=CARTESIAN_POINT('Ctrl Pts',(-107.206258494967,-114.725680682741,
5.01771531365113));
#12456=CARTESIAN_POINT('Ctrl Pts',(-107.205253420387,-114.686600900156,
5.04398443903164));
#12457=CARTESIAN_POINT('Ctrl Pts',(-107.197299111794,-114.506133338336,
5.14757791488604));
#12458=CARTESIAN_POINT('Ctrl Pts',(-107.185260614118,-114.316387439832,
5.2028826166983));
#12459=CARTESIAN_POINT('Ctrl Pts',(-107.186073510656,-114.131741709207,
5.19908088793984));
#12460=CARTESIAN_POINT('Ctrl Pts',(-107.467194105923,-114.149734014903,
5.64934164902504));
#12461=CARTESIAN_POINT('Ctrl Pts',(-107.467194105923,-114.307967771057,
5.64934164902458));
#12462=CARTESIAN_POINT('Ctrl Pts',(-107.485983802436,-114.469141461143,
5.62863304036432));
#12463=CARTESIAN_POINT('Ctrl Pts',(-107.522668099195,-114.657130414762,
5.57823189887134));
#12464=CARTESIAN_POINT('Ctrl Pts',(-107.530821207395,-114.694884972668,
5.56662617181411));
#12465=CARTESIAN_POINT('Ctrl Pts',(-107.570312916787,-114.863678954477,
5.50721529514367));
#12466=CARTESIAN_POINT('Ctrl Pts',(-107.601395874271,-114.964288506504,
5.45082970453796));
#12467=CARTESIAN_POINT('Ctrl Pts',(-107.62551085727,-115.045752857778,5.3946917905032));
#12468=CARTESIAN_POINT('Origin',(-107.456697279595,-114.149734014902,4.19999999999998));
#12469=CARTESIAN_POINT('',(-107.206697279601,-115.149734014901,4.19999999999998));
#12470=CARTESIAN_POINT('Origin',(-107.4566972796,-115.399734014901,3.46750000745056));
#12471=CARTESIAN_POINT('',(-107.206697279582,-115.149734014901,3.33499998509881));
#12472=CARTESIAN_POINT('Origin',(-107.456697279595,-113.949734014902,3.33499998509881));
#12473=CARTESIAN_POINT('Ctrl Pts',(-107.7066972796,-115.482631605057,2.59999999999998));
#12474=CARTESIAN_POINT('Ctrl Pts',(-107.650681292377,-115.420509269627,
2.59999999999998));
#12475=CARTESIAN_POINT('Ctrl Pts',(-107.36432512508,-115.097708862838,2.59999999999998));
#12476=CARTESIAN_POINT('Ctrl Pts',(-107.206697279582,-114.898298731673,
2.59999999999998));
#12477=CARTESIAN_POINT('Origin',(-106.706697279631,-106.090441991248,4.99999999999998));
#12478=CARTESIAN_POINT('',(-106.706697279667,-95.1811678374371,5.99999999999998));
#12479=CARTESIAN_POINT('',(-107.706677815852,-93.8417957516838,5.00668726557742));
#12480=CARTESIAN_POINT('Ctrl Pts',(-106.706697279667,-95.1811678374369,
5.99999999999998));
#12481=CARTESIAN_POINT('Ctrl Pts',(-106.82446218844,-95.1471940381203,6.0000000000001));
#12482=CARTESIAN_POINT('Ctrl Pts',(-107.052794794923,-95.0337666194997,
5.95814975014277));
#12483=CARTESIAN_POINT('Ctrl Pts',(-107.528508613458,-94.6158823317328,
5.68899840738355));
#12484=CARTESIAN_POINT('Ctrl Pts',(-107.705022391526,-94.1696917631773,
5.29685893387115));
#12485=CARTESIAN_POINT('Ctrl Pts',(-107.706677815852,-93.8417957516838,
5.00668726557742));
#12486=CARTESIAN_POINT('',(-107.706697279673,-93.8342367135379,4.99999999999998));
#12487=CARTESIAN_POINT('Ctrl Pts',(-107.706677815852,-93.8417957516838,
5.00668726557742));
#12488=CARTESIAN_POINT('Ctrl Pts',(-107.706682330478,-93.8409015230147,
5.00589591766327));
#12489=CARTESIAN_POINT('Ctrl Pts',(-107.706685873476,-93.8400073428297,
5.00510459750986));
#12490=CARTESIAN_POINT('Ctrl Pts',(-107.70669311514,-93.8374889128844,5.0028758292781));
#12491=CARTESIAN_POINT('Ctrl Pts',(-107.706697279673,-93.8358623795648,
5.00143777484605));
#12492=CARTESIAN_POINT('Ctrl Pts',(-107.706697279673,-93.8342367135405,
4.99999999999996));
#12493=CARTESIAN_POINT('',(-107.706697279665,-96.0925894982769,4.99999999999998));
#12494=CARTESIAN_POINT('',(-107.706697279631,-106.090441991251,4.99999999999998));
#12495=CARTESIAN_POINT('',(-107.586254785168,-97.0648680557818,5.47579259610403));
#12496=CARTESIAN_POINT('Ctrl Pts',(-107.706697279665,-96.0925894982772,
4.99999999999971));
#12497=CARTESIAN_POINT('Ctrl Pts',(-107.706697279665,-96.2229422834343,
5.1186378808985));
#12498=CARTESIAN_POINT('Ctrl Pts',(-107.685369341593,-96.3762909205545,
5.22313136551021));
#12499=CARTESIAN_POINT('Ctrl Pts',(-107.633113807747,-96.7093211965901,
5.38567849848229));
#12500=CARTESIAN_POINT('Ctrl Pts',(-107.603407563049,-96.8852062067291,
5.44408370729958));
#12501=CARTESIAN_POINT('Ctrl Pts',(-107.58625478516,-97.0648680557771,5.47579259611859));
#12502=CARTESIAN_POINT('',(-107.566779753479,-97.4623340000012,5.51015501392315));
#12503=CARTESIAN_POINT('Ctrl Pts',(-107.586254785168,-97.0648680557818,
5.47579259610392));
#12504=CARTESIAN_POINT('Ctrl Pts',(-107.579946502713,-97.1309423498532,
5.48745418400058));
#12505=CARTESIAN_POINT('Ctrl Pts',(-107.575008074504,-97.1979635053334,
5.49606425904378));
#12506=CARTESIAN_POINT('Ctrl Pts',(-107.568477965598,-97.3305007240704,
5.50732175512466));
#12507=CARTESIAN_POINT('Ctrl Pts',(-107.566779753479,-97.3965715572816,
5.51015501392282));
#12508=CARTESIAN_POINT('Ctrl Pts',(-107.566779753479,-97.4623340000012,
5.51015501392264));
#12509=CARTESIAN_POINT('',(-107.566779753457,-103.802334000002,5.51015501392315));
#12510=CARTESIAN_POINT('',(-107.566779753449,-106.09044199125,5.51015501392315));
#12511=CARTESIAN_POINT('',(-107.586254785144,-104.199799944217,5.47579259610402));
#12512=CARTESIAN_POINT('Ctrl Pts',(-107.566779753457,-103.802334000002,
5.51015501392304));
#12513=CARTESIAN_POINT('Ctrl Pts',(-107.566779753457,-103.868096442721,
5.51015501392284));
#12514=CARTESIAN_POINT('Ctrl Pts',(-107.568477965576,-103.934167275931,
5.50732175512459));
#12515=CARTESIAN_POINT('Ctrl Pts',(-107.575008074481,-104.066704494668,
5.49606425904345));
#12516=CARTESIAN_POINT('Ctrl Pts',(-107.57994650269,-104.133725650147,5.48745418400029));
#12517=CARTESIAN_POINT('Ctrl Pts',(-107.586254785144,-104.199799944217,
5.47579259610384));
#12518=CARTESIAN_POINT('',(-107.706697279634,-105.172078501723,4.99999999999998));
#12519=CARTESIAN_POINT('Ctrl Pts',(-107.586254785139,-104.199799944219,
5.47579259611355));
#12520=CARTESIAN_POINT('Ctrl Pts',(-107.603407563026,-104.379461793268,
5.44408370729518));
#12521=CARTESIAN_POINT('Ctrl Pts',(-107.633113807722,-104.55534680341,5.38567849847806));
#12522=CARTESIAN_POINT('Ctrl Pts',(-107.685369341566,-104.888377079457,
5.22313136550393));
#12523=CARTESIAN_POINT('Ctrl Pts',(-107.706697279635,-105.041725716575,
5.11863788089052));
#12524=CARTESIAN_POINT('Ctrl Pts',(-107.706697279635,-105.172078501723,
4.99999999999997));
#12525=CARTESIAN_POINT('',(-107.706697279631,-106.090441991251,4.99999999999998));
#12526=CARTESIAN_POINT('',(-106.706697279631,-106.090441991248,5.99999999999998));
#12527=CARTESIAN_POINT('Origin',(-107.706697279593,-117.5890615651,2.59999999999998));
#12528=CARTESIAN_POINT('',(-107.706697279632,-105.837334,2.93499999999997));
#12529=CARTESIAN_POINT('Origin',(-107.706697279639,-103.802334000002,2.93499999999998));
#12530=CARTESIAN_POINT('',(-107.706697279632,-105.837334,3.495));
#12531=CARTESIAN_POINT('Origin',(-107.706697279639,-103.802334000002,3.49499999999998));
#12532=CARTESIAN_POINT('',(-107.706697279632,-105.837334,2.7674999999998));
#12533=CARTESIAN_POINT('Ctrl Pts',(-107.58625478516,-97.0648680557771,5.47579259611857));
#12534=CARTESIAN_POINT('Ctrl Pts',(-107.62047662528,-96.7064212132988,5.41252957652989));
#12535=CARTESIAN_POINT('Ctrl Pts',(-107.706697279665,-96.363666646125,5.24671523774605));
#12536=CARTESIAN_POINT('Ctrl Pts',(-107.706697279665,-96.0925894982761,
4.999999999999));
#12537=CARTESIAN_POINT('Ctrl Pts',(-107.459735616638,-97.0966922447139,
5.31719506407893));
#12538=CARTESIAN_POINT('Ctrl Pts',(-107.482550176718,-96.7673686337787,
5.25688826620956));
#12539=CARTESIAN_POINT('Ctrl Pts',(-107.540030612974,-96.4536475923883,
5.10324961630903));
#12540=CARTESIAN_POINT('Ctrl Pts',(-107.540030612974,-96.2047716851495,
4.87674037673945));
#12541=CARTESIAN_POINT('Ctrl Pts',(-107.333216448115,-97.1285164336507,
5.15859753203929));
#12542=CARTESIAN_POINT('Ctrl Pts',(-107.344623728155,-96.8283160542586,
5.10124695588923));
#12543=CARTESIAN_POINT('Ctrl Pts',(-107.373363946283,-96.5436285386516,
4.959783994872));
#12544=CARTESIAN_POINT('Ctrl Pts',(-107.373363946283,-96.3169538720228,
4.75348075347991));
#12545=CARTESIAN_POINT('Ctrl Pts',(-107.206697279593,-97.1603406225876,
4.99999999999965));
#12546=CARTESIAN_POINT('Ctrl Pts',(-107.206697279593,-96.8892634747385,
4.94560564556889));
#12547=CARTESIAN_POINT('Ctrl Pts',(-107.206697279593,-96.6336094849149,
4.81631837343498));
#12548=CARTESIAN_POINT('Ctrl Pts',(-107.206697279593,-96.4291360588962,
4.63022113022037));
#12549=CARTESIAN_POINT('',(-107.706697279665,-96.0925894982769,4.99999999999998));
#12550=CARTESIAN_POINT('',(-107.206697279662,-97.1603406225876,4.99999999999965));
#12551=CARTESIAN_POINT('Origin',(-107.456697279592,-97.4623340000009,2.93499999999998));
#12552=CARTESIAN_POINT('',(-107.706697279667,-95.427334,2.93499999999998));
#12553=CARTESIAN_POINT('',(-107.206697279666,-95.927334,2.93499999999998));
#12554=CARTESIAN_POINT('Origin',(-107.706697279661,-97.4623340000017,2.93499999999998));
#12555=CARTESIAN_POINT('Origin',(-107.456697279667,-95.677334,3.04749999999998));
#12556=CARTESIAN_POINT('',(-107.706697279667,-95.4273340000004,3.49499999999999));
#12557=CARTESIAN_POINT('',(-107.206697279524,-95.927334,3.49499999999998));
#12558=CARTESIAN_POINT('',(-107.706697279667,-95.427334,3.04749999999998));
#12559=CARTESIAN_POINT('Origin',(-107.45669727959,-97.4623340000009,3.49499999999998));
#12560=CARTESIAN_POINT('Origin',(-107.706697279661,-97.4623340000017,3.49499999999998));
#12561=CARTESIAN_POINT('Ctrl Pts',(-107.706697279634,-105.172078501723,
4.99999999999983));
#12562=CARTESIAN_POINT('Ctrl Pts',(-107.706697279635,-104.901001353874,
5.24671523774694));
#12563=CARTESIAN_POINT('Ctrl Pts',(-107.620476625255,-104.558246786697,
5.41252957652678));
#12564=CARTESIAN_POINT('Ctrl Pts',(-107.586254785139,-104.199799944219,
5.47579259611404));
#12565=CARTESIAN_POINT('Ctrl Pts',(-107.540030612953,-105.059896314849,
4.8767403767405));
#12566=CARTESIAN_POINT('Ctrl Pts',(-107.540030612954,-104.81102040761,5.10324961631011));
#12567=CARTESIAN_POINT('Ctrl Pts',(-107.4825501767,-104.497299366218,5.25688826620788));
#12568=CARTESIAN_POINT('Ctrl Pts',(-107.459735616623,-104.167975755283,
5.31719506407613));
#12569=CARTESIAN_POINT('Ctrl Pts',(-107.373363946271,-104.947714127976,
4.75348075348117));
#12570=CARTESIAN_POINT('Ctrl Pts',(-107.373363946272,-104.721039461346,
4.95978399487328));
#12571=CARTESIAN_POINT('Ctrl Pts',(-107.344623728145,-104.436351945738,
5.10124695588897));
#12572=CARTESIAN_POINT('Ctrl Pts',(-107.333216448107,-104.136151566346,
5.15859753203821));
#12573=CARTESIAN_POINT('Ctrl Pts',(-107.206697279589,-104.835531941102,
4.63022113022184));
#12574=CARTESIAN_POINT('Ctrl Pts',(-107.20669727959,-104.631058515083,4.81631837343646));
#12575=CARTESIAN_POINT('Ctrl Pts',(-107.206697279591,-104.375404525259,
4.94560564557007));
#12576=CARTESIAN_POINT('Ctrl Pts',(-107.206697279592,-104.104327377409,
5.00000000000029));
#12577=CARTESIAN_POINT('',(-107.586254785144,-104.199799944217,5.47579259610402));
#12578=CARTESIAN_POINT('',(-107.206697279544,-104.835531941102,4.63022113022184));
#12579=CARTESIAN_POINT('Ctrl Pts',(-107.566779753479,-97.4623340000018,
5.51015501392316));
#12580=CARTESIAN_POINT('Ctrl Pts',(-107.566779753479,-97.3326885592525,
5.51015501392328));
#12581=CARTESIAN_POINT('Ctrl Pts',(-107.573510791844,-97.1983513562746,
5.49935133802216));
#12582=CARTESIAN_POINT('Ctrl Pts',(-107.586254785168,-97.0648680557818,
5.47579259610403));
#12583=CARTESIAN_POINT('Ctrl Pts',(-107.446602228441,-97.4623340000012,
5.35010334261543));
#12584=CARTESIAN_POINT('Ctrl Pts',(-107.446602228441,-97.3427326012146,
5.35010334261551));
#12585=CARTESIAN_POINT('Ctrl Pts',(-107.451239621116,-97.2187963255861,
5.33954579253394));
#12586=CARTESIAN_POINT('Ctrl Pts',(-107.459735616666,-97.096692244717,5.31719506406923));
#12587=CARTESIAN_POINT('Ctrl Pts',(-107.326424703403,-97.4623340000006,
5.1900516713077));
#12588=CARTESIAN_POINT('Ctrl Pts',(-107.326424703403,-97.3527766431767,
5.19005167130774));
#12589=CARTESIAN_POINT('Ctrl Pts',(-107.328968450389,-97.2392412948977,
5.17974024704572));
#12590=CARTESIAN_POINT('Ctrl Pts',(-107.333216448164,-97.1285164336523,
5.15859753203444));
#12591=CARTESIAN_POINT('Ctrl Pts',(-107.206247178365,-97.4623340000001,
5.02999999999997));
#12592=CARTESIAN_POINT('Ctrl Pts',(-107.206247178365,-97.3628206851387,
5.02999999999997));
#12593=CARTESIAN_POINT('Ctrl Pts',(-107.206697279661,-97.2596862642093,
5.0199347015575));
#12594=CARTESIAN_POINT('Ctrl Pts',(-107.206697279662,-97.1603406225876,
4.99999999999965));
#12595=CARTESIAN_POINT('',(-107.206247178365,-97.462334,5.02999999999997));
#12596=CARTESIAN_POINT('Origin',(-107.386513465893,-106.09044199125,5.27007750696155));
#12597=CARTESIAN_POINT('',(-107.206247178344,-103.802334,5.02999999999996));
#12598=CARTESIAN_POINT('Ctrl Pts',(-107.586254785144,-104.199799944217,
5.47579259610402));
#12599=CARTESIAN_POINT('Ctrl Pts',(-107.573510791821,-104.066316643726,
5.49935133802183));
#12600=CARTESIAN_POINT('Ctrl Pts',(-107.566779753457,-103.93197944075,5.51015501392303));
#12601=CARTESIAN_POINT('Ctrl Pts',(-107.566779753457,-103.802334000002,
5.51015501392315));
#12602=CARTESIAN_POINT('Ctrl Pts',(-107.459735616642,-104.167975755281,
5.31719506406944));
#12603=CARTESIAN_POINT('Ctrl Pts',(-107.451239621093,-104.045871674414,
5.33954579253377));
#12604=CARTESIAN_POINT('Ctrl Pts',(-107.446602228419,-103.921935398787,
5.35010334261534));
#12605=CARTESIAN_POINT('Ctrl Pts',(-107.446602228419,-103.802334000001,
5.35010334261542));
#12606=CARTESIAN_POINT('Ctrl Pts',(-107.33321644814,-104.136151566345,5.15859753203487));
#12607=CARTESIAN_POINT('Ctrl Pts',(-107.328968450366,-104.025426705101,
5.17974024704572));
#12608=CARTESIAN_POINT('Ctrl Pts',(-107.326424703381,-103.911891356823,
5.19005167130765));
#12609=CARTESIAN_POINT('Ctrl Pts',(-107.326424703381,-103.802334000001,
5.19005167130769));
#12610=CARTESIAN_POINT('Ctrl Pts',(-107.206697279638,-104.104327377409,
5.00000000000029));
#12611=CARTESIAN_POINT('Ctrl Pts',(-107.206697279638,-104.004981735789,
5.01993470155766));
#12612=CARTESIAN_POINT('Ctrl Pts',(-107.206247178343,-103.90184731486,5.02999999999996));
#12613=CARTESIAN_POINT('Ctrl Pts',(-107.206247178344,-103.802334,5.02999999999996));
#12614=CARTESIAN_POINT('Origin',(-107.456697279593,-103.802334000001,3.49499999999998));
#12615=CARTESIAN_POINT('',(-107.206697279634,-105.337334,3.49499999999998));
#12616=CARTESIAN_POINT('Origin',(-107.456697279633,-105.587334,2.76749999999979));
#12617=CARTESIAN_POINT('',(-107.206697279548,-105.337334,2.93499999999998));
#12618=CARTESIAN_POINT('Origin',(-107.456697279596,-103.802334000001,2.93499999999998));
#12619=CARTESIAN_POINT('Origin',(-87.3050742451724,-107.232928425257,3.09999999999998));
#12620=CARTESIAN_POINT('',(-87.3050742451724,-107.052771209583,5.1998213786672));
#12621=CARTESIAN_POINT('',(-87.3050742451724,-107.052771209583,2.99999999999998));
#12622=CARTESIAN_POINT('',(-87.3050742451724,-100.912375421234,5.19982137866724));
#12623=CARTESIAN_POINT('Origin',(-51.5142225130682,-94.591822417212,4.51260191788798));
#12624=CARTESIAN_POINT('',(-87.3143769643185,-94.5918224172008,5.19999999999998));
#12625=CARTESIAN_POINT('',(-87.3066972797255,-107.052771209583,5.19985254252267));
#12626=CARTESIAN_POINT('',(-69.3883883213079,-107.052771209565,4.85580343431339));
#12627=CARTESIAN_POINT('',(-87.3066972797245,-103.795912050518,5.19985254252267));
#12628=CARTESIAN_POINT('Origin',(-101.304908275181,-116.764468152398,2.89999999999998));
#12629=CARTESIAN_POINT('',(-101.304908275181,-116.764468152398,5.19999999999998));
#12630=CARTESIAN_POINT('',(-101.304908275181,-116.764468152398,2.89999999999998));
#12631=CARTESIAN_POINT('',(-101.304908275185,-105.678145284814,5.19999999999998));
#12632=CARTESIAN_POINT('Origin',(-87.3066972797275,-113.000001683836,2.89999999999998));
#12633=CARTESIAN_POINT('',(-87.3066972797255,-107.052771209583,2.89999999999998));
#12634=CARTESIAN_POINT('Origin',(-55.905249631687,-126.782782573219,5.99999999999999));
#12635=CARTESIAN_POINT('',(-54.4685939953371,-126.782782573218,5.36947620579047));
#12636=CARTESIAN_POINT('',(-54.4685939953371,-126.782782573218,3.09999999999999));
#12637=CARTESIAN_POINT('',(-55.9052496316855,-128.219438209569,5.39706140323496));
#12638=CARTESIAN_POINT('',(-55.9052496316855,-128.219438209569,2.89999999999999));
#12639=CARTESIAN_POINT('Origin',(-55.905249631687,-126.782782573219,5.397061403235));
#12640=CARTESIAN_POINT('Origin',(-69.3052496316855,-128.219438209581,5.99999999999999));
#12641=CARTESIAN_POINT('',(-69.3052496316855,-128.219438209581,5.65435454739845));
#12642=CARTESIAN_POINT('',(-69.3052496316855,-128.219438209581,2.89999999999998));
#12643=CARTESIAN_POINT('',(-60.4053742383125,-128.219438209572,5.48346820988918));
#12644=CARTESIAN_POINT('Origin',(-69.305249631687,-126.782782573232,5.99999999999999));
#12645=CARTESIAN_POINT('',(-70.7419052680359,-126.782782573233,5.68193974484299));
#12646=CARTESIAN_POINT('',(-70.7419052680359,-126.782782573233,2.89999999999998));
#12647=CARTESIAN_POINT('Origin',(-69.305249631687,-126.782782573232,5.65435454739849));
#12648=CARTESIAN_POINT('Origin',(-70.7419052680497,-113.382782573233,5.99999999999998));
#12649=CARTESIAN_POINT('',(-70.7419052680497,-113.382782573233,5.68193974484335));
#12650=CARTESIAN_POINT('',(-70.7419052680497,-113.382782573233,2.89999999999998));
#12651=CARTESIAN_POINT('',(-70.7419052680588,-103.987302495232,5.68193974484358));
#12652=CARTESIAN_POINT('Origin',(-69.3052496316999,-113.382782573232,5.99999999999999));
#12653=CARTESIAN_POINT('',(-69.3052496317012,-111.946126936882,5.65435454739885));
#12654=CARTESIAN_POINT('',(-69.3052496317012,-111.946126936882,2.89999999999998));
#12655=CARTESIAN_POINT('Origin',(-69.3052496316999,-113.382782573232,5.65435454739881));
#12656=CARTESIAN_POINT('Origin',(-67.3052496316855,-104.219438209581,5.99999999999999));
#12657=CARTESIAN_POINT('',(-59.4057427801187,-104.219438209573,5.46427430534579));
#12658=CARTESIAN_POINT('Origin',(-69.9685939953371,-105.616115573218,5.99999999999999));
#12659=CARTESIAN_POINT('',(-69.9685939953371,-105.616115573218,5.6670914098603));
#12660=CARTESIAN_POINT('',(-69.9685939953371,-105.616115573218,3.09999999999998));
#12661=CARTESIAN_POINT('',(-69.9685939953424,-100.103968995224,5.66709140986045));
#12662=CARTESIAN_POINT('Origin',(-71.405249631687,-105.616115573219,5.99999999999998));
#12663=CARTESIAN_POINT('',(-71.4052496316856,-107.052771209569,5.6946766073048));
#12664=CARTESIAN_POINT('',(-71.4052496316856,-107.052771209569,2.89999999999998));
#12665=CARTESIAN_POINT('Origin',(-71.405249631687,-105.616115573219,5.69467660730484));
#12666=CARTESIAN_POINT('Origin',(-84.8052496316855,-107.052771209581,5.99999999999998));
#12667=CARTESIAN_POINT('',(-68.1525180394137,-107.052771209565,5.63222097010364));
#12668=CARTESIAN_POINT('Origin',(-84.8052496316855,-107.052771209581,5.99999999999998));
#12669=CARTESIAN_POINT('Origin',(-90.5552212066745,-117.023866305028,5.99999999999998));
#12670=CARTESIAN_POINT('',(-90.8539187091525,-115.618605041252,5.99999999999998));
#12671=CARTESIAN_POINT('',(-90.8539187091525,-115.618605041252,2.89999999999998));
#12672=CARTESIAN_POINT('Origin',(-90.5552212066745,-117.023866305028,5.99999999999998));
#12673=CARTESIAN_POINT('Origin',(-77.7467408593225,-112.832588384279,5.99999999999998));
#12674=CARTESIAN_POINT('',(-77.7467408593225,-112.832588384279,5.81643945929311));
#12675=CARTESIAN_POINT('',(-77.7467408593225,-112.832588384279,2.89999999999998));
#12676=CARTESIAN_POINT('',(-87.3066972797285,-114.864619850727,5.99999999999998));
#12677=CARTESIAN_POINT('',(-63.3374572501833,-109.769800604175,5.53976707982008));
#12678=CARTESIAN_POINT('',(-63.3446176514232,-109.771322594442,5.99999999999999));
#12679=CARTESIAN_POINT('Origin',(-77.4480433568445,-114.237849648054,5.99999999999998));
#12680=CARTESIAN_POINT('',(-76.0427820930694,-113.939152145577,5.78372177955473));
#12681=CARTESIAN_POINT('',(-76.0427820930694,-113.939152145577,2.89999999999998));
#12682=CARTESIAN_POINT('Origin',(-77.4480433568445,-114.237849648054,5.81070417425084));
#12683=CARTESIAN_POINT('Origin',(-73.2567654360954,-127.046329995406,5.99999999999998));
#12684=CARTESIAN_POINT('',(-76.0865009436475,-113.733471124794,5.78456122436999));
#12685=CARTESIAN_POINT('Origin',(-104.645364475043,-138.392854290335,5.99999999999998));
#12686=CARTESIAN_POINT('',(-104.645364475043,-138.392854290335,5.99999999999998));
#12687=CARTESIAN_POINT('',(-104.645364475043,-138.392854290335,2.89999999999998));
#12688=CARTESIAN_POINT('',(-74.4378613144925,-124.306864232789,5.99999999999998));
#12689=CARTESIAN_POINT('Origin',(-105.252521382798,-137.090802099823,5.99999999999998));
#12690=CARTESIAN_POINT('',(-106.55457357331,-137.697959007578,5.99999999999998));
#12691=CARTESIAN_POINT('',(-106.55457357331,-137.697959007578,2.89999999999998));
#12692=CARTESIAN_POINT('Origin',(-105.252521382798,-137.090802099823,5.99999999999998));
#12693=CARTESIAN_POINT('Origin',(-112.21765828065,-125.553434661293,5.99999999999998));
#12694=CARTESIAN_POINT('',(-112.21765828065,-125.553434661293,5.99999999999998));
#12695=CARTESIAN_POINT('',(-112.21765828065,-125.553434661293,2.89999999999998));
#12696=CARTESIAN_POINT('',(-112.726510735349,-124.462197050676,5.99999999999998));
#12697=CARTESIAN_POINT('Origin',(-110.915606090136,-124.946277753538,5.99999999999998));
#12698=CARTESIAN_POINT('Origin',(-110.915606090136,-124.946277753538,5.99999999999998));
#12699=CARTESIAN_POINT('Origin',(-106.506697279592,-117.649526752655,2.59999999999998));
#12700=CARTESIAN_POINT('',(-106.506697279595,-116.764468152402,5.19999999999998));
#12701=CARTESIAN_POINT('',(-106.506697279595,-116.764468152402,2.74999999999998));
#12702=CARTESIAN_POINT('',(-106.506697279592,-117.749468426892,2.59999999999998));
#12703=CARTESIAN_POINT('',(-106.506697279592,-117.749468426892,2.89999999999998));
#12704=CARTESIAN_POINT('',(-106.506697279631,-106.120674585027,2.59999999999998));
#12705=CARTESIAN_POINT('',(-106.506697279631,-106.120674585027,5.19999999999998));
#12706=CARTESIAN_POINT('Origin',(-108.748967563469,-117.237390333198,2.59999999999998));
#12707=CARTESIAN_POINT('',(-107.349266731134,-119.062448573353,2.59999999999998));
#12708=CARTESIAN_POINT('',(-107.349266731134,-119.062448573353,2.89999999999998));
#12709=CARTESIAN_POINT('Origin',(-108.748967563469,-117.237390333198,2.59999999999998));
#12710=CARTESIAN_POINT('Origin',(-113.89817085581,-122.063663762233,2.59999999999998));
#12711=CARTESIAN_POINT('',(-113.89817085581,-122.063663762233,2.59999999999998));
#12712=CARTESIAN_POINT('',(-113.89817085581,-122.063663762233,2.89999999999998));
#12713=CARTESIAN_POINT('',(-82.9194674827355,-107.866822073142,2.59999999999998));
#12714=CARTESIAN_POINT('Origin',(-112.898180598812,-124.2454923276,2.59999999999998));
#12715=CARTESIAN_POINT('',(-115.073427936166,-125.259718842775,2.59999999999998));
#12716=CARTESIAN_POINT('',(-115.073427935715,-125.259718842565,2.89999999999998));
#12717=CARTESIAN_POINT('Origin',(-112.898180598812,-124.2454923276,2.59999999999998));
#12718=CARTESIAN_POINT('Origin',(-108.138560187687,-140.131592037432,2.59999999999998));
#12719=CARTESIAN_POINT('',(-108.138560187687,-140.131592037432,2.59999999999998));
#12720=CARTESIAN_POINT('',(-108.138560187687,-140.131592037432,2.89999999999998));
#12721=CARTESIAN_POINT('',(-111.803568088483,-132.271956535371,2.59999999999998));
#12722=CARTESIAN_POINT('Origin',(-105.963419194682,-139.1172918197,2.59999999999998));
#12723=CARTESIAN_POINT('',(-104.973861310612,-141.303800101227,2.59999999999998));
#12724=CARTESIAN_POINT('',(-104.973861310613,-141.303800101224,2.89999999999998));
#12725=CARTESIAN_POINT('Origin',(-105.963419194682,-139.1172918197,2.59999999999998));
#12726=CARTESIAN_POINT('Origin',(-90.5853604176875,-134.791870920624,2.59999999999998));
#12727=CARTESIAN_POINT('',(-95.6585493592845,-137.087888230096,2.59999999999998));
#12728=CARTESIAN_POINT('',(-95.6585493592845,-137.087888230095,2.89999999999998));
#12729=CARTESIAN_POINT('',(-66.822314518478,-124.037222249256,2.59999999999998));
#12730=CARTESIAN_POINT('Origin',(-72.6512371572248,-187.923934351297,2.59999999999998));
#12731=CARTESIAN_POINT('Origin',(-72.6512371572248,-187.923934351297,2.59999999999998));
#12732=CARTESIAN_POINT('Origin',(-106.106500279798,-116.7644681524,2.89999999999998));
#12733=CARTESIAN_POINT('',(-79.0125009789775,-116.764468152309,5.19999999999999));
#12734=CARTESIAN_POINT('Origin',(-55.9052496317011,-111.94612693687,5.99999999999999));
#12735=CARTESIAN_POINT('',(-55.9052496317011,-111.94612693687,5.39706140323536));
#12736=CARTESIAN_POINT('',(-55.9052496317013,-111.94612693687,3.09999999999999));
#12737=CARTESIAN_POINT('',(-53.7078434683524,-111.946126936868,5.35486904944638));
#12738=CARTESIAN_POINT('Origin',(-55.9052496316999,-113.382782573219,5.99999999999999));
#12739=CARTESIAN_POINT('',(-54.4685939953506,-113.382782573218,5.36947620579081));
#12740=CARTESIAN_POINT('',(-54.4685939953506,-113.382782573218,5.99999999999999));
#12741=CARTESIAN_POINT('Origin',(-55.9052496316999,-113.382782573219,5.39706140323532));
#12742=CARTESIAN_POINT('Origin',(-54.4685939953371,-126.782782573218,5.99999999999999));
#12743=CARTESIAN_POINT('',(-54.4685939953526,-110.687302495216,5.36947620579086));
#12744=CARTESIAN_POINT('Origin',(-91.4628989221745,-58.721399672174,7.06499999999998));
#12745=CARTESIAN_POINT('',(-91.4628989221745,-86.321399672174,8.19999999999998));
#12746=CARTESIAN_POINT('',(-91.4628989221745,-86.321399672174,7.06499999999998));
#12747=CARTESIAN_POINT('',(-91.4628989221745,-61.721399672174,8.19999999999998));
#12748=CARTESIAN_POINT('',(-91.4628989221745,-87.821399672174,8.19999999999998));
#12749=CARTESIAN_POINT('',(-91.4628989221745,-61.721399672174,7.06499999999998));
#12750=CARTESIAN_POINT('Origin',(-103.362898922174,-61.721399672174,7.06499999999998));
#12751=CARTESIAN_POINT('',(-101.862898922174,-61.721399672174,8.19999999999998));
#12752=CARTESIAN_POINT('',(-89.9628989221745,-61.721399672174,8.19999999999998));
#12753=CARTESIAN_POINT('',(-101.862898922174,-61.721399672174,7.06499999999998));
#12754=CARTESIAN_POINT('Origin',(-101.862898922174,-87.821399672174,7.06499999999998));
#12755=CARTESIAN_POINT('',(-101.862898922174,-86.321399672174,8.19999999999998));
#12756=CARTESIAN_POINT('',(-101.862898922174,-86.321399672174,7.06499999999998));
#12757=CARTESIAN_POINT('',(-101.862898922174,-58.721399672174,8.19999999999998));
#12758=CARTESIAN_POINT('Origin',(-89.9628989221745,-86.321399672174,7.06499999999998));
#12759=CARTESIAN_POINT('',(-103.362898922174,-86.321399672174,8.19999999999998));
#12760=CARTESIAN_POINT('Origin',(-107.706697279814,-52.1330099999883,8.19999999999998));
#12761=CARTESIAN_POINT('',(-107.706697279802,-55.7330032783937,4.99999999999998));
#12762=CARTESIAN_POINT('',(-107.706697279631,-106.090441991251,4.99999999999998));
#12763=CARTESIAN_POINT('',(-107.706697279802,-55.7330032783937,2.59999999999998));
#12764=CARTESIAN_POINT('Origin',(-104.106674874182,-55.73303240561,4.19999999999998));
#12765=CARTESIAN_POINT('Origin',(-104.106674874182,-55.73303240561,4.99999999999998));
#12766=CARTESIAN_POINT('Ctrl Pts',(-107.706697182893,-55.7338682276627,
4.99999999999929));
#12767=CARTESIAN_POINT('Ctrl Pts',(-107.707043446581,-54.2424538816201,
4.99999999999837));
#12768=CARTESIAN_POINT('Ctrl Pts',(-106.65258091708,-53.1877379742029,4.99999999999858));
#12769=CARTESIAN_POINT('Ctrl Pts',(-105.598118387579,-52.1330220667858,
4.99999999999878));
#12770=CARTESIAN_POINT('Ctrl Pts',(-104.106704001389,-52.13300999999,4.99999999999998));
#12771=CARTESIAN_POINT('Ctrl Pts',(-107.706697182894,-55.7338682276607,
8.20000000000072));
#12772=CARTESIAN_POINT('Ctrl Pts',(-107.707043446582,-54.2424538816189,
8.1999999999998));
#12773=CARTESIAN_POINT('Ctrl Pts',(-106.652580917081,-53.1877379742023,
8.2));
#12774=CARTESIAN_POINT('Ctrl Pts',(-105.598118387581,-52.1330220667857,
8.20000000000021));
#12775=CARTESIAN_POINT('Ctrl Pts',(-104.106704001392,-52.13300999999,8.20000000000141));
#12776=CARTESIAN_POINT('Ctrl Pts',(-104.506697269138,-55.7331252793491,
8.20000000000007));
#12777=CARTESIAN_POINT('Ctrl Pts',(-104.506735744797,-55.5674043233628,
8.19999999999996));
#12778=CARTESIAN_POINT('Ctrl Pts',(-104.389567407973,-55.4502078320356,
8.19999999999999));
#12779=CARTESIAN_POINT('Ctrl Pts',(-104.27239907115,-55.3330113407085,8.20000000000001));
#12780=CARTESIAN_POINT('Ctrl Pts',(-104.106678110702,-55.3330099998866,
8.20000000000014));
#12781=CARTESIAN_POINT('',(-104.506697279814,-55.7330032783937,8.19999999999998));
#12782=CARTESIAN_POINT('Origin',(-104.506697279814,-55.7330032783937,4.99999999999998));
#12783=CARTESIAN_POINT('',(-104.106678110702,-55.3330099998853,8.19999999999998));
#12784=CARTESIAN_POINT('Origin',(-104.106674874182,-55.73303240561,8.19999999999998));
#12785=CARTESIAN_POINT('Origin',(-104.106678110702,-55.3330099998853,4.99999999999998));
#12786=CARTESIAN_POINT('Origin',(-87.9935080145995,-92.6142367135379,8.19999999999998));
#12787=CARTESIAN_POINT('',(-87.9935080145995,-91.4142367135379,6.59999999999998));
#12788=CARTESIAN_POINT('',(-87.9935080145995,-53.5174109253025,6.59999999999998));
#12789=CARTESIAN_POINT('',(-87.9935080145995,-93.603029565375,6.59999999999998));
#12790=CARTESIAN_POINT('',(-87.9935080145995,-55.3330099999883,7.41999999999998));
#12791=CARTESIAN_POINT('Origin',(-87.9935080145995,-55.3330099999883,4.99999999999998));
#12792=CARTESIAN_POINT('',(-87.9935080145995,-91.4142367135379,7.41999999999998));
#12793=CARTESIAN_POINT('',(-87.9935080145995,-82.4939300351505,7.41999999999998));
#12794=CARTESIAN_POINT('',(-87.9935080145995,-91.4142367135379,8.19999999999998));
#12795=CARTESIAN_POINT('Origin',(-107.706697279814,-94.6142367135379,8.19999999999998));
#12796=CARTESIAN_POINT('',(-106.3222963545,-94.6142367135379,6.59999999999998));
#12797=CARTESIAN_POINT('',(-91.1935080145995,-94.6142367135379,6.59999999999998));
#12798=CARTESIAN_POINT('',(-79.6125009791244,-94.6142367135379,6.59999999999998));
#12799=CARTESIAN_POINT('',(-91.1935080145995,-94.6142367135379,7.41999999999998));
#12800=CARTESIAN_POINT('',(-91.1935080145995,-94.6142367135379,8.19999999999998));
#12801=CARTESIAN_POINT('',(-104.506697279814,-94.6142367135379,7.41999999999998));
#12802=CARTESIAN_POINT('',(-102.97839996351,-94.6142367135379,7.41999999999998));
#12803=CARTESIAN_POINT('Origin',(-104.506697279814,-94.6142367135379,4.99999999999998));
#12804=CARTESIAN_POINT('Origin',(-91.1935080145995,-91.4142367135379,8.19999999999998));
#12805=CARTESIAN_POINT('Origin',(-91.1935080145995,-91.4142367135379,6.59999999999998));
#12806=CARTESIAN_POINT('Origin',(-91.1935080145995,-91.4142367135379,7.41999999999998));
#12807=CARTESIAN_POINT('Origin',(-104.506697279814,-62.2533166783757,4.99999999999998));
#12808=CARTESIAN_POINT('',(-104.506697279814,-93.8342367135379,8.19999999999998));
#12809=CARTESIAN_POINT('Origin',(-104.506697279814,-93.8342367135379,4.99999999999998));
#12810=CARTESIAN_POINT('',(-104.506697279814,-62.2533166783757,8.19999999999998));
#12811=CARTESIAN_POINT('Origin',(-98.2501026472075,-72.3736233567631,8.19999999999998));
#12812=CARTESIAN_POINT('',(-88.7735080145995,-91.4142367135379,8.19999999999998));
#12813=CARTESIAN_POINT('',(-88.7735080145995,-55.3330099999883,8.19999999999998));
#12814=CARTESIAN_POINT('',(-88.7735080145995,-82.4939300351505,8.19999999999998));
#12815=CARTESIAN_POINT('',(-88.7935080145995,-55.3330099999883,8.19999999999998));
#12816=CARTESIAN_POINT('',(-91.1935080145995,-93.8342367135379,8.19999999999998));
#12817=CARTESIAN_POINT('',(-102.97839996351,-93.8342367135379,8.19999999999998));
#12818=CARTESIAN_POINT('Origin',(-91.1935080145995,-91.4142367135379,8.19999999999998));
#12819=CARTESIAN_POINT('Origin',(-93.5218053309035,-55.3330099999883,4.99999999999998));
#12820=CARTESIAN_POINT('Origin',(-88.7735080145995,-55.3330099999883,4.99999999999998));
#12821=CARTESIAN_POINT('Origin',(-88.7735080145995,-55.3330099999883,4.99999999999998));
#12822=CARTESIAN_POINT('',(-88.0121991184974,-53.2386007286838,6.52320674277264));
#12823=CARTESIAN_POINT('Ctrl Pts',(-87.9935080145995,-53.5174109253025,
6.59999999999998));
#12824=CARTESIAN_POINT('Ctrl Pts',(-87.9935080145995,-53.4745502568199,
6.58776127517266));
#12825=CARTESIAN_POINT('Ctrl Pts',(-87.9946226085984,-53.4325572735606,
6.5759185681737));
#12826=CARTESIAN_POINT('Ctrl Pts',(-87.9969793628579,-53.3913940593155,
6.56451392296904));
#12827=CARTESIAN_POINT('Ctrl Pts',(-87.9993555357854,-53.3498916774242,
6.55301530826416));
#12828=CARTESIAN_POINT('Ctrl Pts',(-88.0029947602932,-53.309232784211,6.54196178059649));
#12829=CARTESIAN_POINT('Ctrl Pts',(-88.0080132191332,-53.2694175080678,
6.53136378710107));
#12830=CARTESIAN_POINT('Ctrl Pts',(-88.0093151711819,-53.2590881256816,
6.52861432162085));
#12831=CARTESIAN_POINT('Ctrl Pts',(-88.0107098622363,-53.2488157251488,
6.52589535579263));
#12832=CARTESIAN_POINT('Ctrl Pts',(-88.0121991184969,-53.2386007286837,
6.52320674277268));
#12833=CARTESIAN_POINT('Ctrl Pts',(-88.0121991184974,-53.2386007286839,
6.52320674277267));
#12834=CARTESIAN_POINT('Ctrl Pts',(-88.0506032455565,-52.9751819789829,
6.45387425865854));
#12835=CARTESIAN_POINT('Ctrl Pts',(-88.1815225080524,-52.6141818479303,
6.2180768807558));
#12836=CARTESIAN_POINT('Ctrl Pts',(-88.4585477726785,-52.2301652837399,
5.66215703044722));
#12837=CARTESIAN_POINT('Ctrl Pts',(-88.6467080732154,-52.133974915886,5.26725934307579));
#12838=CARTESIAN_POINT('Ctrl Pts',(-88.7716706973115,-52.1330131766241,
5.00387420530812));
#12839=CARTESIAN_POINT('Ctrl Pts',(-88.7725891857575,-52.1330099999883,
5.00193724885976));
#12840=CARTESIAN_POINT('Ctrl Pts',(-88.7735080145995,-52.1330099999883,
5.00000000000006));
#12841=CARTESIAN_POINT('Origin',(-88.7735080145995,-55.3330099999883,7.41999999999998));
#12842=CARTESIAN_POINT('Origin',(-88.7735080145995,-82.4939300351505,7.41999999999998));
#12843=CARTESIAN_POINT('Origin',(-88.7735080145995,-91.4142367135379,7.41999999999998));
#12844=CARTESIAN_POINT('Origin',(-91.1935080145995,-91.4142367135379,7.41999999999998));
#12845=CARTESIAN_POINT('Origin',(-91.1935080145995,-93.8342367135379,7.41999999999998));
#12846=CARTESIAN_POINT('Origin',(-102.97839996351,-93.8342367135379,7.41999999999998));
#12847=CARTESIAN_POINT('Origin',(-104.506697279814,-93.8342367135379,7.41999999999998));
#12848=CARTESIAN_POINT('Origin',(-104.506697279814,-93.8342367135379,4.99999999999998));
#12849=CARTESIAN_POINT('',(-107.706675661844,-93.8384921910996,5.00897472631992));
#12850=CARTESIAN_POINT('Ctrl Pts',(-107.706697279673,-93.8342367135405,
4.99999999999996));
#12851=CARTESIAN_POINT('Ctrl Pts',(-107.706697279673,-93.8351555914173,
5.00193724520859));
#12852=CARTESIAN_POINT('Ctrl Pts',(-107.706692941413,-93.8360749131693,
5.00387464775295));
#12853=CARTESIAN_POINT('Ctrl Pts',(-107.706684619634,-93.8374927001072,
5.00686599596206));
#12854=CARTESIAN_POINT('Ctrl Pts',(-107.706680655937,-93.8379924322029,
5.00792034417734));
#12855=CARTESIAN_POINT('Ctrl Pts',(-107.706675661844,-93.8384921910996,
5.00897472631992));
#12856=CARTESIAN_POINT('',(-106.601106551021,-94.5955456096547,6.52320674279828));
#12857=CARTESIAN_POINT('Ctrl Pts',(-107.706675661844,-93.8384921910996,
5.00897472631992));
#12858=CARTESIAN_POINT('Ctrl Pts',(-107.704823578483,-94.0238301678062,
5.39999738599264));
#12859=CARTESIAN_POINT('Ctrl Pts',(-107.513273497419,-94.2760320767273,
5.92793809495135));
#12860=CARTESIAN_POINT('Ctrl Pts',(-106.987590289234,-94.5122318777846,
6.37509343387055));
#12861=CARTESIAN_POINT('Ctrl Pts',(-106.732819483708,-94.5763430274325,
6.4885395643084));
#12862=CARTESIAN_POINT('Ctrl Pts',(-106.601106551021,-94.5955456096547,
6.52320674279828));
#12863=CARTESIAN_POINT('Ctrl Pts',(-106.601106551021,-94.5955456096547,
6.52320674279828));
#12864=CARTESIAN_POINT('Ctrl Pts',(-106.561364661218,-94.6013396261651,
6.53366690915604));
#12865=CARTESIAN_POINT('Ctrl Pts',(-106.52070778,-94.6057062981888,6.54460637512743));
#12866=CARTESIAN_POINT('Ctrl Pts',(-106.479188072584,-94.6087512379274,
6.55600386144993));
#12867=CARTESIAN_POINT('Ctrl Pts',(-106.438047608335,-94.611768365028,6.56729724253931));
#12868=CARTESIAN_POINT('Ctrl Pts',(-106.39606021455,-94.6134882042701,6.57904053858582));
#12869=CARTESIAN_POINT('Ctrl Pts',(-106.353237901335,-94.6140394647747,
6.59119182547049));
#12870=CARTESIAN_POINT('Ctrl Pts',(-106.342972278895,-94.6141716162579,
6.59410480503553));
#12871=CARTESIAN_POINT('Ctrl Pts',(-106.332658491646,-94.6142367135379,
6.59704112535733));
#12872=CARTESIAN_POINT('Ctrl Pts',(-106.3222963545,-94.6142367135379,6.59999999999998));
#12873=CARTESIAN_POINT('Origin',(-77.8125043399175,-53.1330099999982,4.99999999999998));
#12874=CARTESIAN_POINT('',(-87.4265768907255,-53.1330099999961,5.99999999999998));
#12875=CARTESIAN_POINT('Ctrl Pts',(-88.7735080145995,-52.1330099999883,
5.00000000000003));
#12876=CARTESIAN_POINT('Ctrl Pts',(-88.7718823953995,-52.1330099999883,
5.00143780038988));
#12877=CARTESIAN_POINT('Ctrl Pts',(-88.7702573763205,-52.1330130006949,
5.00287546602799));
#12878=CARTESIAN_POINT('Ctrl Pts',(-88.5491696567644,-52.1338768916128,
5.19834026785794));
#12879=CARTESIAN_POINT('Ctrl Pts',(-88.2162706635075,-52.222153081403,5.49126062165745));
#12880=CARTESIAN_POINT('Ctrl Pts',(-87.7261490414775,-52.572119558073,5.87305901309491));
#12881=CARTESIAN_POINT('Ctrl Pts',(-87.4945226539845,-52.8974865445885,
6.0000000000002));
#12882=CARTESIAN_POINT('Ctrl Pts',(-87.4265768907255,-53.1330099999962,
5.99999999999996));
#12883=CARTESIAN_POINT('',(-77.8125043399175,-53.1330099999982,5.99999999999998));
#12884=CARTESIAN_POINT('Ctrl Pts',(-87.3935080225079,-53.5176073328544,
5.99999999999998));
#12885=CARTESIAN_POINT('Ctrl Pts',(-87.3934976391282,-53.3886679433003,
5.99999999999998));
#12886=CARTESIAN_POINT('Ctrl Pts',(-87.4037114909324,-53.2597515782507,
5.99999999999998));
#12887=CARTESIAN_POINT('Ctrl Pts',(-87.42661176387,-53.1328166441901,5.99999999999998));
#12888=CARTESIAN_POINT('Ctrl Pts',(-87.5505947840956,-53.5175947262429,
5.99999976952271));
#12889=CARTESIAN_POINT('Ctrl Pts',(-87.5459044506305,-53.3969312503422,
6.00015127912092));
#12890=CARTESIAN_POINT('Ctrl Pts',(-87.5512440635235,-53.2766587844391,
5.99990123529617));
#12891=CARTESIAN_POINT('Ctrl Pts',(-87.568559765731,-53.1584253943671,6.00000015040312));
#12892=CARTESIAN_POINT('Ctrl Pts',(-87.8633277548999,-53.5175697337723,
6.13022210211823));
#12893=CARTESIAN_POINT('Ctrl Pts',(-87.8496989580029,-53.4133130633884,
6.1220876175212));
#12894=CARTESIAN_POINT('Ctrl Pts',(-87.8451381117717,-53.3103811771377,
6.11509763934387));
#12895=CARTESIAN_POINT('Ctrl Pts',(-87.8515509126316,-53.2094795627416,
6.10887539756805));
#12896=CARTESIAN_POINT('Ctrl Pts',(-87.9935244746425,-53.5175591675256,
6.44296797233027));
#12897=CARTESIAN_POINT('Ctrl Pts',(-87.9860725951448,-53.420238234645,6.41977891384832));
#12898=CARTESIAN_POINT('Ctrl Pts',(-87.9860324256462,-53.3259873765367,
6.39886035269123));
#12899=CARTESIAN_POINT('Ctrl Pts',(-87.9940480817789,-53.2351874880718,
6.38012964266837));
#12900=CARTESIAN_POINT('Ctrl Pts',(-87.9935080174316,-53.5175592700947,
6.60006087182806));
#12901=CARTESIAN_POINT('Ctrl Pts',(-87.993503026085,-53.4201703203972,6.57225037676803));
#12902=CARTESIAN_POINT('Ctrl Pts',(-87.9992767578504,-53.3271934609033,
6.54654068337789));
#12903=CARTESIAN_POINT('Ctrl Pts',(-88.0122209711416,-53.2384659567888,
6.52318802767967));
#12904=CARTESIAN_POINT('Origin',(-87.4265768907255,-53.1330099999966,6.59999999999998));
#12905=CARTESIAN_POINT('',(-87.3935080145995,-53.5174109253025,5.99999999999998));
#12906=CARTESIAN_POINT('Origin',(-87.3935080145995,-53.5174109253025,6.59999999999998));
#12907=CARTESIAN_POINT('Origin',(-96.690470066532,-58.2634759536079,5.99999999999998));
#12908=CARTESIAN_POINT('Ctrl Pts',(-88.7735080145995,-52.1330099999883,
5.00000000000005));
#12909=CARTESIAN_POINT('Ctrl Pts',(-88.7725891857575,-52.1330099999883,
5.00193724885976));
#12910=CARTESIAN_POINT('Ctrl Pts',(-88.7716706973115,-52.1330131766241,
5.00387420530812));
#12911=CARTESIAN_POINT('Ctrl Pts',(-88.6467080732154,-52.133974915886,5.26725934307579));
#12912=CARTESIAN_POINT('Ctrl Pts',(-88.4585477726785,-52.2301652837399,
5.66215703044722));
#12913=CARTESIAN_POINT('Ctrl Pts',(-88.1815225080524,-52.6141818479303,
6.2180768807558));
#12914=CARTESIAN_POINT('Ctrl Pts',(-88.0506032455565,-52.9751819789829,
6.45387425865854));
#12915=CARTESIAN_POINT('Ctrl Pts',(-88.0121991184974,-53.2386007286839,
6.52320674277267));
#12916=CARTESIAN_POINT('Ctrl Pts',(-88.7735080145995,-52.1330099999883,
5.00000000000005));
#12917=CARTESIAN_POINT('Ctrl Pts',(-88.7723515848455,-52.1330099999883,
5.00177566514462));
#12918=CARTESIAN_POINT('Ctrl Pts',(-88.7712020187165,-52.1330199772134,
5.00353584443507));
#12919=CARTESIAN_POINT('Ctrl Pts',(-88.6139148274455,-52.1332852971189,
5.24469134655041));
#12920=CARTESIAN_POINT('Ctrl Pts',(-88.3782423862675,-52.2478437176893,
5.60404291004044));
#12921=CARTESIAN_POINT('Ctrl Pts',(-88.0715020413885,-52.6676958033121,
6.06024622625628));
#12922=CARTESIAN_POINT('Ctrl Pts',(-87.9714584675565,-53.0233543302351,
6.20753572696623));
#12923=CARTESIAN_POINT('Ctrl Pts',(-87.9758614430415,-53.2320488571046,
6.23708829774017));
#12924=CARTESIAN_POINT('Ctrl Pts',(-88.7735080145995,-52.1330099999883,
5.00000000000005));
#12925=CARTESIAN_POINT('Ctrl Pts',(-88.7721161649025,-52.1330099999883,
5.00160928151159));
#12926=CARTESIAN_POINT('Ctrl Pts',(-88.7707301315905,-52.1330203877853,
5.00320238532048));
#12927=CARTESIAN_POINT('Ctrl Pts',(-88.5817180966154,-52.133207126829,5.22194528735963));
#12928=CARTESIAN_POINT('Ctrl Pts',(-88.2969780922325,-52.2452235699493,
5.54697362727462));
#12929=CARTESIAN_POINT('Ctrl Pts',(-87.8994851283415,-52.6520508113499,
5.9301950592049));
#12930=CARTESIAN_POINT('Ctrl Pts',(-87.7361291458215,-52.9908937358689,
6.01672655853064));
#12931=CARTESIAN_POINT('Ctrl Pts',(-87.7104899068005,-53.1842009910984,
5.99999999999991));
#12932=CARTESIAN_POINT('Ctrl Pts',(-88.7735080145995,-52.1330099999883,
5.00000000000005));
#12933=CARTESIAN_POINT('Ctrl Pts',(-88.7718823953995,-52.1330099999883,
5.00143780038988));
#12934=CARTESIAN_POINT('Ctrl Pts',(-88.7702573763205,-52.1330130006949,
5.00287546602799));
#12935=CARTESIAN_POINT('Ctrl Pts',(-88.5491696567644,-52.1338768916128,
5.19834026785794));
#12936=CARTESIAN_POINT('Ctrl Pts',(-88.2162706635075,-52.222153081403,5.49126062165745));
#12937=CARTESIAN_POINT('Ctrl Pts',(-87.7261490414775,-52.572119558073,5.87305901309491));
#12938=CARTESIAN_POINT('Ctrl Pts',(-87.4945226539845,-52.8974865445885,
6.0000000000002));
#12939=CARTESIAN_POINT('Ctrl Pts',(-87.4265768907255,-53.1330099999962,
5.99999999999996));
#12940=CARTESIAN_POINT('Ctrl Pts',(-106.706847016846,-95.1811408329769,
5.99999999999998));
#12941=CARTESIAN_POINT('Ctrl Pts',(-106.58005690011,-95.2040120277043,5.99999999999998));
#12942=CARTESIAN_POINT('Ctrl Pts',(-106.450954361663,-95.2142447719145,
5.99999999999998));
#12943=CARTESIAN_POINT('Ctrl Pts',(-106.322144232674,-95.2142367087767,
5.99999999999998));
#12944=CARTESIAN_POINT('Ctrl Pts',(-106.681241256781,-95.039190912117,6.00000011642701));
#12945=CARTESIAN_POINT('Ctrl Pts',(-106.563142712977,-95.0564840881588,
5.99990139389009));
#12946=CARTESIAN_POINT('Ctrl Pts',(-106.442696425015,-95.0618349198963,
6.00015108794311));
#12947=CARTESIAN_POINT('Ctrl Pts',(-106.322153996812,-95.0571515545808,
5.99999982154433));
#12948=CARTESIAN_POINT('Ctrl Pts',(-106.630194952847,-94.7562066041739,
6.10888784004799));
#12949=CARTESIAN_POINT('Ctrl Pts',(-106.52940827719,-94.7626096275658,6.11510310387802));
#12950=CARTESIAN_POINT('Ctrl Pts',(-106.426325283351,-94.7580501331207,
6.12210674553016));
#12951=CARTESIAN_POINT('Ctrl Pts',(-106.322173354053,-94.7444370831698,
6.13023277739463));
#12952=CARTESIAN_POINT('Ctrl Pts',(-106.604488817453,-94.6137006613762,
6.38013367802309));
#12953=CARTESIAN_POINT('Ctrl Pts',(-106.513791971989,-94.6217053077202,
6.39884333647031));
#12954=CARTESIAN_POINT('Ctrl Pts',(-106.419404277988,-94.6216667532109,
6.41979207359991));
#12955=CARTESIAN_POINT('Ctrl Pts',(-106.322181538081,-94.6142239645632,
6.4429572394502));
#12956=CARTESIAN_POINT('Ctrl Pts',(-106.601210920416,-94.5955286872175,
6.52319225395617));
#12957=CARTESIAN_POINT('Ctrl Pts',(-106.512583941728,-94.6084563336411,
6.54651859511073));
#12958=CARTESIAN_POINT('Ctrl Pts',(-106.419471780511,-94.6142405901776,
6.57226513027355));
#12959=CARTESIAN_POINT('Ctrl Pts',(-106.322181458893,-94.6142367118296,
6.60004714901886));
#12960=CARTESIAN_POINT('',(-106.3222963545,-95.2142367135379,5.99999999999998));
#12961=CARTESIAN_POINT('Origin',(-106.3222963545,-95.2142367135379,6.59999999999998));
#12962=CARTESIAN_POINT('Origin',(-106.706697279667,-95.1811678374369,6.59999999999998));
#12963=CARTESIAN_POINT('Origin',(-104.815253919142,-92.0069697984106,5.99999999999998));
#12964=CARTESIAN_POINT('Origin',(-91.1935080145995,-91.4142367135379,6.59999999999998));
#12965=CARTESIAN_POINT('',(-87.3935080145995,-91.4142367135379,5.99999999999998));
#12966=CARTESIAN_POINT('Origin',(-87.3935080145995,-91.4142367135379,6.59999999999998));
#12967=CARTESIAN_POINT('',(-91.1935080145995,-95.2142367135379,5.99999999999998));
#12968=CARTESIAN_POINT('Origin',(-91.1935080145995,-95.2142367135379,6.59999999999998));
#12969=CARTESIAN_POINT('Origin',(-91.1935080145995,-91.4142367135379,5.99999999999998));
#12970=CARTESIAN_POINT('Origin',(-79.6125009791244,-95.2142367135379,6.59999999999998));
#12971=CARTESIAN_POINT('',(-79.6125009791244,-95.2142367135379,5.99999999999998));
#12972=CARTESIAN_POINT('Ctrl Pts',(-107.706697279673,-93.8342367135405,
4.99999999999996));
#12973=CARTESIAN_POINT('Ctrl Pts',(-107.706697279673,-93.8358623878907,
5.00143776814144));
#12974=CARTESIAN_POINT('Ctrl Pts',(-107.706693116758,-93.8374889296277,
5.0028758182824));
#12975=CARTESIAN_POINT('Ctrl Pts',(-107.705743012184,-94.1678690054201,
5.29525386806423));
#12976=CARTESIAN_POINT('Ctrl Pts',(-107.529288043191,-94.6152032861671,
5.6885558283992));
#12977=CARTESIAN_POINT('Ctrl Pts',(-107.052778212301,-95.0337917371152,
5.95815984903663));
#12978=CARTESIAN_POINT('Ctrl Pts',(-106.824417358117,-95.1472269371298,
6.00000845314286));
#12979=CARTESIAN_POINT('Ctrl Pts',(-106.706625794611,-95.1811990565827,
5.99999999753995));
#12980=CARTESIAN_POINT('Ctrl Pts',(-107.706697279673,-93.8342367135405,
4.99999999999996));
#12981=CARTESIAN_POINT('Ctrl Pts',(-107.706697279673,-93.8356277649584,
5.00162670418973));
#12982=CARTESIAN_POINT('Ctrl Pts',(-107.706647545998,-93.837017104006,5.00318567689012));
#12983=CARTESIAN_POINT('Ctrl Pts',(-107.708857585684,-94.1192874013047,
5.33110589489107));
#12984=CARTESIAN_POINT('Ctrl Pts',(-107.476702426714,-94.5026352638696,
5.76311343100629));
#12985=CARTESIAN_POINT('Ctrl Pts',(-106.962893462616,-94.8154264711791,
5.98881630124294));
#12986=CARTESIAN_POINT('Ctrl Pts',(-106.752727305324,-94.8832946809,6.00646310530237));
#12987=CARTESIAN_POINT('Ctrl Pts',(-106.655446275673,-94.8972664383851,
5.99999036486864));
#12988=CARTESIAN_POINT('Ctrl Pts',(-107.706697279673,-93.8342367135405,
4.99999999999996));
#12989=CARTESIAN_POINT('Ctrl Pts',(-107.706697279673,-93.8353894899898,
5.00179576722198));
#12990=CARTESIAN_POINT('Ctrl Pts',(-107.706649649911,-93.8365475963132,
5.00351641686316));
#12991=CARTESIAN_POINT('Ctrl Pts',(-107.708655957579,-94.0712453091752,
5.36518967904292));
#12992=CARTESIAN_POINT('Ctrl Pts',(-107.472504220848,-94.3884698019445,
5.84233170598939));
#12993=CARTESIAN_POINT('Ctrl Pts',(-106.936639455121,-94.6023783591694,
6.15860567308377));
#12994=CARTESIAN_POINT('Ctrl Pts',(-106.712639385285,-94.632595085955,6.22065093923072));
#12995=CARTESIAN_POINT('Ctrl Pts',(-106.607591995814,-94.6318769918871,
6.23710076098332));
#12996=CARTESIAN_POINT('Ctrl Pts',(-107.706697279673,-93.8342367135405,
4.99999999999996));
#12997=CARTESIAN_POINT('Ctrl Pts',(-107.706697279673,-93.8351555831169,
5.00193725022929));
#12998=CARTESIAN_POINT('Ctrl Pts',(-107.70669294295,-93.836074896395,5.00387466046563));
#12999=CARTESIAN_POINT('Ctrl Pts',(-107.705596777878,-94.0228087940034,
5.39786392117261));
#13000=CARTESIAN_POINT('Ctrl Pts',(-107.514124552426,-94.2756463409198,
5.92721844126697));
#13001=CARTESIAN_POINT('Ctrl Pts',(-106.987570247785,-94.5122384960905,
6.3751197020373));
#13002=CARTESIAN_POINT('Ctrl Pts',(-106.732767338227,-94.5763543328836,
6.48857260862611));
#13003=CARTESIAN_POINT('Ctrl Pts',(-106.60102433492,-94.5955562713347,6.52323847185189));
#13004=CARTESIAN_POINT('Origin',(-105.939734279395,-90.6759674945083,5.19999999999998));
#13005=CARTESIAN_POINT('',(-105.939734279395,-90.6759674945083,5.19999999999998));
#13006=CARTESIAN_POINT('',(-105.939734279395,-90.6759674945083,5.19999999999998));
#13007=CARTESIAN_POINT('',(-105.939734279395,-56.23303240561,5.19999999999998));
#13008=CARTESIAN_POINT('',(-105.939734279395,-55.73303240561,5.19999999999998));
#13009=CARTESIAN_POINT('',(-105.939734279395,-56.23303240561,5.19999999999998));
#13010=CARTESIAN_POINT('Origin',(-103.606704001413,-56.23303240561,5.19999999999998));
#13011=CARTESIAN_POINT('Origin',(-103.606704001413,-56.23303240561,5.19999999999998));
#13012=CARTESIAN_POINT('Origin',(-89.7317772338355,-90.6759674945083,5.19999999999998));
#13013=CARTESIAN_POINT('',(-89.7317772338355,-93.0089977724906,5.19999999999998));
#13014=CARTESIAN_POINT('Origin',(-89.7317772338355,-90.6759674945083,5.19999999999998));
#13015=CARTESIAN_POINT('',(-89.7317772338355,-93.0089977724906,5.19999999999998));
#13016=CARTESIAN_POINT('Origin',(-89.7317772338355,-93.0089977724906,5.19999999999998));
#13017=CARTESIAN_POINT('',(-103.606704001413,-93.0089977724906,5.19999999999998));
#13018=CARTESIAN_POINT('',(-104.106704001413,-93.0089977724906,5.19999999999998));
#13019=CARTESIAN_POINT('',(-103.606704001413,-93.0089977724906,5.19999999999998));
#13020=CARTESIAN_POINT('Origin',(-103.606704001413,-90.6759674945083,5.19999999999998));
#13021=CARTESIAN_POINT('Origin',(-103.606704001413,-90.6759674945083,5.19999999999998));
#13022=CARTESIAN_POINT('Origin',(-87.3935080145995,-93.603029565375,6.59999999999998));
#13023=CARTESIAN_POINT('',(-87.3935080145995,-93.603029565375,5.99999999999998));
#13024=CARTESIAN_POINT('Origin',(-87.5627634242345,-59.3351058685349,3.09999999999998));
#13025=CARTESIAN_POINT('',(-87.5627634242355,-59.3351058685347,5.19999999999998));
#13026=CARTESIAN_POINT('Origin',(-51.5183046784345,-94.591822417212,5.99999999999999));
#13027=CARTESIAN_POINT('',(-87.3066972797224,-94.5918224172008,5.99999999999998));
#13028=CARTESIAN_POINT('',(-87.3066972797224,-94.5918224172022,5.99999999999998));
#13029=CARTESIAN_POINT('Origin',(-60.8407483255405,-250.5975413291,3.09999999999999));
#13030=CARTESIAN_POINT('',(-53.0797685717048,-131.272956196816,3.09999999999999));
#13031=CARTESIAN_POINT('Origin',(-53.0797685718028,-131.27295619681,3.09999999999999));
#13032=CARTESIAN_POINT('',(-53.0833627161422,-131.272722484745,3.09999999999999));
#13033=CARTESIAN_POINT('Origin',(-37.7771179801131,-120.00913022083,5.04898349350047));
#13034=CARTESIAN_POINT('Origin',(-19.5508699446733,100.763655998469,4.69902165295389));
#13035=CARTESIAN_POINT('Ctrl Pts',(-51.6631937037056,-132.577128635335,
4.31393682554288));
#13036=CARTESIAN_POINT('Ctrl Pts',(-52.1715681080783,-132.53759620397,4.32378057230027));
#13037=CARTESIAN_POINT('Ctrl Pts',(-52.6801979454332,-132.501348561995,
4.33362926505331));
#13038=CARTESIAN_POINT('Ctrl Pts',(-53.1890407482834,-132.468388735866,
4.34348208149626));
#13039=CARTESIAN_POINT('Ctrl Pts',(-51.65747895072,-132.57757302844,4.61336476117927));
#13040=CARTESIAN_POINT('Ctrl Pts',(-52.1658359916306,-132.538016423593,
4.62319242862253));
#13041=CARTESIAN_POINT('Ctrl Pts',(-52.674490281714,-132.501743790112,4.63302606253887));
#13042=CARTESIAN_POINT('Ctrl Pts',(-53.1833163626926,-132.468759527695,
4.64286279122448));
#13043=CARTESIAN_POINT('Ctrl Pts',(-51.6280668965077,-132.327286700147,
5.13152474626678));
#13044=CARTESIAN_POINT('Ctrl Pts',(-52.1375184854664,-132.287631157611,
5.14132682288423));
#13045=CARTESIAN_POINT('Ctrl Pts',(-52.6472168213509,-132.251267490991,
5.15113358011213));
#13046=CARTESIAN_POINT('Ctrl Pts',(-53.1571388156699,-132.218198419456,
5.16094470374939));
#13047=CARTESIAN_POINT('Ctrl Pts',(-51.5838752940707,-131.804074784448,
5.3140867770833));
#13048=CARTESIAN_POINT('Ctrl Pts',(-52.0955810686937,-131.764271587248,
5.32391181644045));
#13049=CARTESIAN_POINT('Ctrl Pts',(-52.6075381305997,-131.727774809642,
5.33374232117433));
#13050=CARTESIAN_POINT('Ctrl Pts',(-53.1197156752343,-131.6945872682,5.34357641891927));
#13051=CARTESIAN_POINT('Ctrl Pts',(-51.5664678803374,-131.580138489875,
5.31375253766455));
#13052=CARTESIAN_POINT('Ctrl Pts',(-52.0791368322361,-131.540272104039,
5.32359628442194));
#13053=CARTESIAN_POINT('Ctrl Pts',(-52.5920633749148,-131.503718256205,
5.33344497717492));
#13054=CARTESIAN_POINT('Ctrl Pts',(-53.1052046821377,-131.470479998395,
5.34329779361787));
#13055=CARTESIAN_POINT('Origin',(-60.8407616979471,-250.641999158806,4.49164375630274));
#13056=CARTESIAN_POINT('Origin',(-19.570067387073,100.763655998469,2.59999999999999));
#13057=CARTESIAN_POINT('Origin',(-19.570067387073,100.763655998469,3.69920594083224));
#13058=CARTESIAN_POINT('Origin',(-60.8407483255405,-250.5975413291,-0.500000000000014));
#13059=CARTESIAN_POINT('Origin',(-60.8407483255405,-250.5975413291,2.59999999999999));
#13060=CARTESIAN_POINT('Origin',(-51.5183046784345,-94.591822417212,2.59999999999999));
#13061=CARTESIAN_POINT('',(-53.0928960975326,-131.272103095737,2.60000000000007));
#13062=CARTESIAN_POINT('Ctrl Pts',(-19.5700674077403,-134.636344001531,
3.69920594122598));
#13063=CARTESIAN_POINT('Ctrl Pts',(-22.9562733659368,-134.636344001234,
3.76394821294803));
#13064=CARTESIAN_POINT('Ctrl Pts',(-26.3424791284064,-134.563267301856,
3.8286904809279));
#13065=CARTESIAN_POINT('Ctrl Pts',(-29.7255324616679,-134.417181930812,
3.89337247631039));
#13066=CARTESIAN_POINT('Ctrl Pts',(-19.5643235464059,-134.636344001532,
3.99835010276391));
#13067=CARTESIAN_POINT('Ctrl Pts',(-22.9505744448063,-134.636429151662,
4.06314610528186));
#13068=CARTESIAN_POINT('Ctrl Pts',(-26.3366906894818,-134.563432057289,
4.12793871709061));
#13069=CARTESIAN_POINT('Ctrl Pts',(-29.7197962658687,-134.417429628442,
4.1926744643706));
#13070=CARTESIAN_POINT('Ctrl Pts',(-19.5543832605956,-134.385041103744,
4.51604687232506));
#13071=CARTESIAN_POINT('Ctrl Pts',(-22.936960721565,-134.38517240287,4.58092840516182));
#13072=CARTESIAN_POINT('Ctrl Pts',(-26.3195762723323,-134.312306411148,
4.6458108785397));
#13073=CARTESIAN_POINT('Ctrl Pts',(-29.6990158125171,-134.166508443357,
4.71063218095647));
#13074=CARTESIAN_POINT('Ctrl Pts',(-19.5508699652725,-133.860743476788,
4.69902165334797));
#13075=CARTESIAN_POINT('Ctrl Pts',(-22.9259111819379,-133.860782585153,
4.76382646752139));
#13076=CARTESIAN_POINT('Ctrl Pts',(-26.3009737725738,-133.787986534561,
4.82862955459626));
#13077=CARTESIAN_POINT('Ctrl Pts',(-29.6728761321654,-133.642421787031,
4.8933741005067));
#13078=CARTESIAN_POINT('Ctrl Pts',(-19.5508699652528,-133.636344001531,
4.6990216533476));
#13079=CARTESIAN_POINT('Ctrl Pts',(-22.9226910213329,-133.636344001235,
4.76376392506976));
#13080=CARTESIAN_POINT('Ctrl Pts',(-26.2945118825176,-133.563577738134,
4.82850619304977));
#13081=CARTESIAN_POINT('Ctrl Pts',(-29.663193706292,-133.418112950653,4.89318818843237));
#13082=CARTESIAN_POINT('Ctrl Pts',(-53.0833627161422,-131.272722484745,
3.09999999999999));
#13083=CARTESIAN_POINT('Ctrl Pts',(-52.6099730461921,-131.319121550208,
3.09766064930118));
#13084=CARTESIAN_POINT('Ctrl Pts',(-52.1365833762421,-131.365520615672,
3.09532129860236));
#13085=CARTESIAN_POINT('Ctrl Pts',(-51.663193706292,-131.411919681135,3.09298194790355));
#13086=CARTESIAN_POINT('Ctrl Pts',(-53.0821646680291,-131.272800388766,
3.16283474794232));
#13087=CARTESIAN_POINT('Ctrl Pts',(-52.6087808022456,-131.319200923325,
3.16020140214696));
#13088=CARTESIAN_POINT('Ctrl Pts',(-52.1353969364622,-131.365601457884,
3.15756805635172));
#13089=CARTESIAN_POINT('Ctrl Pts',(-51.6620130706788,-131.412001992443,
3.15493471055636));
#13090=CARTESIAN_POINT('Ctrl Pts',(-53.080966619916,-131.272878292788,3.22566949588465));
#13091=CARTESIAN_POINT('Ctrl Pts',(-52.6075885582633,-131.319280296088,
3.22274215485938));
#13092=CARTESIAN_POINT('Ctrl Pts',(-52.1342104966107,-131.365682299388,
3.21981481383409));
#13093=CARTESIAN_POINT('Ctrl Pts',(-51.660832434958,-131.412084302688,3.21688747280882));
#13094=CARTESIAN_POINT('Ctrl Pts',(-53.0797685718028,-131.27295619681,3.28850424382698));
#13095=CARTESIAN_POINT('Ctrl Pts',(-52.6063963142451,-131.319359668496,
3.28528290743803));
#13096=CARTESIAN_POINT('Ctrl Pts',(-52.1330240566874,-131.365763140183,
3.28206157104909));
#13097=CARTESIAN_POINT('Ctrl Pts',(-51.6596517991297,-131.41216661187,3.27884023466014));
#13098=CARTESIAN_POINT('',(-53.0833627161422,-131.272722484745,3.09999999999999));
#13099=CARTESIAN_POINT('Ctrl Pts',(-53.0928960975326,-131.272103095737,
2.60000000000007));
#13100=CARTESIAN_POINT('Ctrl Pts',(-52.6163286337858,-131.318797273934,
2.60000000000001));
#13101=CARTESIAN_POINT('Ctrl Pts',(-52.1397611700389,-131.36549145213,2.59999999999995));
#13102=CARTESIAN_POINT('Ctrl Pts',(-51.663193706292,-131.412185630327,2.59999999999989));
#13103=CARTESIAN_POINT('Ctrl Pts',(-53.0897182954899,-131.272309431796,
2.76666637980184));
#13104=CARTESIAN_POINT('Ctrl Pts',(-52.6131663303918,-131.319007554357,
2.76588145699261));
#13105=CARTESIAN_POINT('Ctrl Pts',(-52.1366143647545,-131.365705669781,
2.76509652198808));
#13106=CARTESIAN_POINT('Ctrl Pts',(-51.6600623996564,-131.412403792343,
2.76431159917885));
#13107=CARTESIAN_POINT('Ctrl Pts',(-53.0845607662045,-131.272644598715,
3.03716525207208));
#13108=CARTESIAN_POINT('Ctrl Pts',(-52.6080339534035,-131.319349099247,
3.0351063702851));
#13109=CARTESIAN_POINT('Ctrl Pts',(-52.1315071401911,-131.366053594333,
3.03304747920163));
#13110=CARTESIAN_POINT('Ctrl Pts',(-51.6549803273901,-131.412758094864,
3.03098859741465));
#13111=CARTESIAN_POINT('Ctrl Pts',(-53.0833627161422,-131.272722484745,
3.0999999999977));
#13112=CARTESIAN_POINT('Ctrl Pts',(-52.6068417458565,-131.319428463135,
3.09764517534547));
#13113=CARTESIAN_POINT('Ctrl Pts',(-52.1303207755708,-131.366134441526,
3.09529035069324));
#13114=CARTESIAN_POINT('Ctrl Pts',(-51.653799805285,-131.412840419916,3.09293552604101));
#13115=CARTESIAN_POINT('Origin',(-89.5566972798025,-90.2330100000795,5.19999999999998));
#13116=CARTESIAN_POINT('',(3.595,-0.889,0.));
#13117=UNCERTAINTY_MEASURE_WITH_UNIT(LENGTH_MEASURE(0.01),#13125,
'DISTANCE_ACCURACY_VALUE',
'Maximum model space distance between geometric entities at asserted c
onnectivities');
#13118=UNCERTAINTY_MEASURE_WITH_UNIT(LENGTH_MEASURE(0.01),#13125,
'DISTANCE_ACCURACY_VALUE',
'Maximum model space distance between geometric entities at asserted c
onnectivities');
#13119=UNCERTAINTY_MEASURE_WITH_UNIT(LENGTH_MEASURE(0.01),#13125,
'DISTANCE_ACCURACY_VALUE',
'Maximum model space distance between geometric entities at asserted c
onnectivities');
#13120=UNCERTAINTY_MEASURE_WITH_UNIT(LENGTH_MEASURE(0.01),#13125,
'DISTANCE_ACCURACY_VALUE',
'Maximum model space distance between geometric entities at asserted c
onnectivities');
#13121=(
GEOMETRIC_REPRESENTATION_CONTEXT(3)
GLOBAL_UNCERTAINTY_ASSIGNED_CONTEXT((#13117))
GLOBAL_UNIT_ASSIGNED_CONTEXT((#13125,#13127,#13128))
REPRESENTATION_CONTEXT('','3D')
);
#13122=(
GEOMETRIC_REPRESENTATION_CONTEXT(3)
GLOBAL_UNCERTAINTY_ASSIGNED_CONTEXT((#13118))
GLOBAL_UNIT_ASSIGNED_CONTEXT((#13125,#13127,#13128))
REPRESENTATION_CONTEXT('','3D')
);
#13123=(
GEOMETRIC_REPRESENTATION_CONTEXT(3)
GLOBAL_UNCERTAINTY_ASSIGNED_CONTEXT((#13119))
GLOBAL_UNIT_ASSIGNED_CONTEXT((#13125,#13127,#13128))
REPRESENTATION_CONTEXT('','3D')
);
#13124=(
GEOMETRIC_REPRESENTATION_CONTEXT(3)
GLOBAL_UNCERTAINTY_ASSIGNED_CONTEXT((#13120))
GLOBAL_UNIT_ASSIGNED_CONTEXT((#13125,#13127,#13128))
REPRESENTATION_CONTEXT('','3D')
);
#13125=(
LENGTH_UNIT()
NAMED_UNIT(*)
SI_UNIT(.MILLI.,.METRE.)
);
#13126=(
LENGTH_UNIT()
NAMED_UNIT(*)
SI_UNIT($,.METRE.)
);
#13127=(
NAMED_UNIT(*)
PLANE_ANGLE_UNIT()
SI_UNIT($,.RADIAN.)
);
#13128=(
NAMED_UNIT(*)
SI_UNIT($,.STERADIAN.)
SOLID_ANGLE_UNIT()
);
#13129=SHAPE_DEFINITION_REPRESENTATION(#13132,#13137);
#13130=SHAPE_DEFINITION_REPRESENTATION(#13133,#13138);
#13131=SHAPE_DEFINITION_REPRESENTATION(#13134,#13139);
#13132=PRODUCT_DEFINITION_SHAPE('',$,#13141);
#13133=PRODUCT_DEFINITION_SHAPE('',$,#13142);
#13134=PRODUCT_DEFINITION_SHAPE('',$,#13143);
#13135=PRODUCT_DEFINITION_SHAPE($,$,#7109);
#13136=PRODUCT_DEFINITION_SHAPE($,$,#7110);
#13137=SHAPE_REPRESENTATION('',(#7123,#7830),#13121);
#13138=SHAPE_REPRESENTATION('',(#7124,#7126),#13122);
#13139=SHAPE_REPRESENTATION('',(#7125),#13123);
#13140=PRODUCT_DEFINITION_CONTEXT('part definition',#13151,'design');
#13141=PRODUCT_DEFINITION('duad_r2g_pg1316 1','(Unsaved)',#13144,#13140);
#13142=PRODUCT_DEFINITION('duad_r2g_pg1316 1_1',
'duad_r2g_pg1316 v1 v27',#13145,#13140);
#13143=PRODUCT_DEFINITION('bottom actual','bottom actual',#13146,#13140);
#13144=PRODUCT_DEFINITION_FORMATION('',$,#13153);
#13145=PRODUCT_DEFINITION_FORMATION('',$,#13154);
#13146=PRODUCT_DEFINITION_FORMATION('',$,#13155);
#13147=PRODUCT_RELATED_PRODUCT_CATEGORY('(Unsaved)','(Unsaved)',(#13153));
#13148=PRODUCT_RELATED_PRODUCT_CATEGORY('duad_r2g_pg1316 v1 v27',
'duad_r2g_pg1316 v1 v27',(#13154));
#13149=PRODUCT_RELATED_PRODUCT_CATEGORY('bottom actual','bottom actual',
(#13155));
#13150=APPLICATION_PROTOCOL_DEFINITION('international standard',
'automotive_design',2009,#13151);
#13151=APPLICATION_CONTEXT(
'Core Data for Automotive Mechanical Design Process');
#13152=PRODUCT_CONTEXT('part definition',#13151,'mechanical');
#13153=PRODUCT('duad_r2g_pg1316 1','(Unsaved)',
'KiCad electronic assembly',(#13152));
#13154=PRODUCT('duad_r2g_pg1316 1_1','duad_r2g_pg1316 v1 v27',
'KiCad electronic assembly',(#13152));
#13155=PRODUCT('bottom actual','bottom actual',$,(#13152));
#13156=PRESENTATION_STYLE_ASSIGNMENT((#13158));
#13157=PRESENTATION_STYLE_ASSIGNMENT((#13159));
#13158=SURFACE_STYLE_USAGE(.BOTH.,#13160);
#13159=SURFACE_STYLE_USAGE(.BOTH.,#13161);
#13160=SURFACE_SIDE_STYLE('',(#13162));
#13161=SURFACE_SIDE_STYLE('',(#13163));
#13162=SURFACE_STYLE_FILL_AREA(#13164);
#13163=SURFACE_STYLE_FILL_AREA(#13165);
#13164=FILL_AREA_STYLE('Steel - Satin',(#13166));
#13165=FILL_AREA_STYLE('Opaque(160,160,160)',(#13167));
#13166=FILL_AREA_STYLE_COLOUR('Steel - Satin',#13168);
#13167=FILL_AREA_STYLE_COLOUR('Opaque(160,160,160)',#13169);
#13168=COLOUR_RGB('Steel - Satin',0.627450980392157,0.627450980392157,0.627450980392157);
#13169=COLOUR_RGB('Opaque(160,160,160)',0.627450980392157,0.627450980392157,
0.627450980392157);
ENDSEC;
END-ISO-10303-21;
