ISO-10303-21;
HEADER;
/* Generated by software containing ST-Developer
 * from STEP Tools, Inc. (www.steptools.com) 
 */

FILE_DESCRIPTION(
/* description */ ('KiCad electronic assembly'),
/* implementation_level */ '2;1');

FILE_NAME(
/* name */ 'wafer top left.step',
/* time_stamp */ '2025-10-20T21:11:51+02:00',
/* author */ (''),
/* organization */ (''),
/* preprocessor_version */ 'ST-DEVELOPER v20.1',
/* originating_system */ 'Autodesk Translation Framework v14.17.0.0',
/* authorisation */ '');

FILE_SCHEMA (('AUTOMOTIVE_DESIGN { 1 0 10303 214 3 1 1 }'));
ENDSEC;

DATA;
#10=MECHANICAL_DESIGN_GEOMETRIC_PRESENTATION_REPRESENTATION('',(#13),#13084);
#11=SHAPE_REPRESENTATION_RELATIONSHIP('SRR','None',#13090,#12);
#12=ADVANCED_BREP_SHAPE_REPRESENTATION('',(#14),#13083);
#13=STYLED_ITEM('',(#13100),#14);
#14=MANIFOLD_SOLID_BREP('Body2',#7102);
#15=(
BOUNDED_SURFACE()
B_SPLINE_SURFACE(2,2,((#12731,#12732,#12733,#12734,#12735),(#12736,#12737,
#12738,#12739,#12740),(#12741,#12742,#12743,#12744,#12745)),
 .UNSPECIFIED.,.F.,.F.,.F.)
B_SPLINE_SURFACE_WITH_KNOTS((3,3),(3,2,3),(5.96852957294972E-13,1.57079632679591),
(-0.000232171349477021,0.785278032302487,1.57078823595445),
 .UNSPECIFIED.)
GEOMETRIC_REPRESENTATION_ITEM()
RATIONAL_B_SPLINE_SURFACE(((1.,0.923858093087033,1.,0.923858093087033,1.),
(0.707106781186405,0.653266322475782,0.707106781186405,0.653266322475782,
0.707106781186405),(1.,0.923858093087033,1.,0.923858093087033,1.)))
REPRESENTATION_ITEM('')
SURFACE()
);
#16=CONICAL_SURFACE('',#7672,1.4500000000008,0.785398163357965);
#17=CONICAL_SURFACE('',#7675,1.25000000000075,0.785398163356988);
#18=CONICAL_SURFACE('',#7678,1.24999999999924,0.785398163373845);
#19=CONICAL_SURFACE('',#7680,1.44999999999919,0.785398163372639);
#20=CONICAL_SURFACE('',#7685,1.78500000000082,0.785398163261341);
#21=CONICAL_SURFACE('',#7688,1.78500000000065,0.785398163262569);
#22=CONICAL_SURFACE('',#7691,1.78499999999933,0.785398163304235);
#23=CONICAL_SURFACE('',#7693,1.78499999999917,0.785398163304214);
#24=TOROIDAL_SURFACE('',#7605,55.5999999999997,1.);
#25=TOROIDAL_SURFACE('',#7610,2.60000901479337,1.);
#26=TOROIDAL_SURFACE('',#7615,2.60007424876083,1.);
#27=TOROIDAL_SURFACE('',#7635,2.09999999999994,1.);
#28=TOROIDAL_SURFACE('',#7764,2.42,0.78);
#29=TOROIDAL_SURFACE('',#7768,2.42,0.78);
#30=TOROIDAL_SURFACE('',#7772,2.42,0.78);
#31=TOROIDAL_SURFACE('',#7780,3.8,0.6);
#32=SPHERICAL_SURFACE('',#7602,1.);
#33=(
BOUNDED_CURVE()
B_SPLINE_CURVE(2,(#10604,#10605,#10606),.UNSPECIFIED.,.F.,.F.)
B_SPLINE_CURVE_WITH_KNOTS((3,3),(2.75258508064031,2.82388994078649),
 .UNSPECIFIED.)
CURVE()
GEOMETRIC_REPRESENTATION_ITEM()
RATIONAL_B_SPLINE_CURVE((5.96874736132322,5.35665584718251,4.70951796019728))
REPRESENTATION_ITEM('')
);
#34=(
BOUNDED_CURVE()
B_SPLINE_CURVE(2,(#11288,#11289,#11290),.UNSPECIFIED.,.F.,.F.)
B_SPLINE_CURVE_WITH_KNOTS((3,3),(0.,0.053031748326419),.UNSPECIFIED.)
CURVE()
GEOMETRIC_REPRESENTATION_ITEM()
RATIONAL_B_SPLINE_CURVE((1.,1.03356446643069,1.04651945105388))
REPRESENTATION_ITEM('')
);
#35=(
BOUNDED_CURVE()
B_SPLINE_CURVE(2,(#11293,#11294,#11295),.UNSPECIFIED.,.F.,.F.)
B_SPLINE_CURVE_WITH_KNOTS((3,3),(0.32218591083008,0.362270619995587),
 .UNSPECIFIED.)
CURVE()
GEOMETRIC_REPRESENTATION_ITEM()
RATIONAL_B_SPLINE_CURVE((1.25839793499926,1.14527323661761,1.))
REPRESENTATION_ITEM('')
);
#36=(
BOUNDED_CURVE()
B_SPLINE_CURVE(2,(#12438,#12439,#12440,#12441),.UNSPECIFIED.,.F.,.F.)
B_SPLINE_CURVE_WITH_KNOTS((3,1,3),(0.464602270046591,0.499258629816451,
0.67842215030913),.UNSPECIFIED.)
CURVE()
GEOMETRIC_REPRESENTATION_ITEM()
RATIONAL_B_SPLINE_CURVE((4.61049594312395,4.71905551395828,5.36481326907499,
5.80183857324989))
REPRESENTATION_ITEM('')
);
#37=B_SPLINE_SURFACE_WITH_KNOTS('',3,3,((#10472,#10473,#10474,#10475),(#10476,
#10477,#10478,#10479),(#10480,#10481,#10482,#10483),(#10484,#10485,#10486,
#10487)),.UNSPECIFIED.,.F.,.F.,.F.,(4,4),(4,4),(0.,1.),(0.,0.142321532618416),
 .UNSPECIFIED.);
#38=B_SPLINE_SURFACE_WITH_KNOTS('',3,3,((#11817,#11818,#11819,#11820,#11821),
(#11822,#11823,#11824,#11825,#11826),(#11827,#11828,#11829,#11830,#11831),
(#11832,#11833,#11834,#11835,#11836),(#11837,#11838,#11839,#11840,#11841)),
 .UNSPECIFIED.,.F.,.F.,.F.,(4,1,4),(4,1,4),(0.,0.571428571428571,1.00204077030814),
(-1.57283937084053,-1.03371336070524,-0.315555908546723),.UNSPECIFIED.);
#39=B_SPLINE_SURFACE_WITH_KNOTS('',3,3,((#11849,#11850,#11851,#11852,#11853),
(#11854,#11855,#11856,#11857,#11858),(#11859,#11860,#11861,#11862,#11863),
(#11864,#11865,#11866,#11867,#11868),(#11869,#11870,#11871,#11872,#11873)),
 .UNSPECIFIED.,.F.,.F.,.F.,(4,1,4),(4,1,4),(-2.67768211225602E-5,0.571428571428571,
1.00204025519541),(0.312051111227416,0.852672073920305,1.57281993911235),
 .UNSPECIFIED.);
#40=B_SPLINE_SURFACE_WITH_KNOTS('',3,3,((#11877,#11878,#11879,#11880,#11881),
(#11882,#11883,#11884,#11885,#11886),(#11887,#11888,#11889,#11890,#11891),
(#11892,#11893,#11894,#11895,#11896),(#11897,#11898,#11899,#11900,#11901)),
 .UNSPECIFIED.,.F.,.F.,.F.,(4,1,4),(4,1,4),(0.,0.571428571428571,1.),(0.314091366422763,
0.94244384660873,1.5707963267947),.UNSPECIFIED.);
#41=B_SPLINE_SURFACE_WITH_KNOTS('',3,3,((#11909,#11910,#11911,#11912,#11913),
(#11914,#11915,#11916,#11917,#11918),(#11919,#11920,#11921,#11922,#11923),
(#11924,#11925,#11926,#11927,#11928),(#11929,#11930,#11931,#11932,#11933)),
 .UNSPECIFIED.,.F.,.F.,.F.,(4,1,4),(4,1,4),(-2.69277202626556E-5,0.571428571428571,
1.00204457389432),(0.312037854108881,0.852673380314291,1.57283922395672),
 .UNSPECIFIED.);
#42=B_SPLINE_SURFACE_WITH_KNOTS('',3,3,((#11937,#11938,#11939,#11940,#11941),
(#11942,#11943,#11944,#11945,#11946),(#11947,#11948,#11949,#11950,#11951),
(#11952,#11953,#11954,#11955,#11956),(#11957,#11958,#11959,#11960,#11961)),
 .UNSPECIFIED.,.F.,.F.,.F.,(4,1,4),(4,1,4),(0.,0.571428571428571,1.),(0.314082428003198,
0.942439377399,1.5707963267948),.UNSPECIFIED.);
#43=B_SPLINE_SURFACE_WITH_KNOTS('',3,3,((#11986,#11987,#11988,#11989),(#11990,
#11991,#11992,#11993),(#11994,#11995,#11996,#11997),(#11998,#11999,#12000,
#12001),(#12002,#12003,#12004,#12005)),.UNSPECIFIED.,.F.,.F.,.F.,(4,1,4),
(4,4),(0.,0.571428571428571,1.),(-1.38453622910183,-1.30371128878369),
 .UNSPECIFIED.);
#44=B_SPLINE_SURFACE_WITH_KNOTS('',3,3,((#12009,#12010,#12011,#12012),(#12013,
#12014,#12015,#12016),(#12017,#12018,#12019,#12020),(#12021,#12022,#12023,
#12024),(#12025,#12026,#12027,#12028)),.UNSPECIFIED.,.F.,.F.,.F.,(4,1,4),
(4,4),(0.,0.571428571428571,1.),(-1.63584243142743,-1.38453622910181),
 .UNSPECIFIED.);
#45=B_SPLINE_SURFACE_WITH_KNOTS('',3,3,((#12066,#12067,#12068,#12069,#12070),
(#12071,#12072,#12073,#12074,#12075),(#12076,#12077,#12078,#12079,#12080),
(#12081,#12082,#12083,#12084,#12085),(#12086,#12087,#12088,#12089,#12090)),
 .UNSPECIFIED.,.F.,.F.,.F.,(4,1,4),(4,1,4),(-1.08237570032726E-5,0.571428571428571,
1.00372569914517),(-0.00365515113401935,0.673248450515386,1.57463875690839),
 .UNSPECIFIED.);
#46=B_SPLINE_SURFACE_WITH_KNOTS('',3,3,((#12098,#12099,#12100,#12101),(#12102,
#12103,#12104,#12105),(#12106,#12107,#12108,#12109),(#12110,#12111,#12112,
#12113),(#12114,#12115,#12116,#12117)),.UNSPECIFIED.,.F.,.F.,.F.,(4,1,4),
(4,4),(0.,0.571428571428571,1.),(-0.262079096417323,1.05015995899294E-12),
 .UNSPECIFIED.);
#47=B_SPLINE_SURFACE_WITH_KNOTS('',3,3,((#12134,#12135,#12136,#12137,#12138),
(#12139,#12140,#12141,#12142,#12143),(#12144,#12145,#12146,#12147,#12148),
(#12149,#12150,#12151,#12152,#12153),(#12154,#12155,#12156,#12157,#12158)),
 .UNSPECIFIED.,.F.,.F.,.F.,(4,1,4),(4,1,4),(-1.84196579469029E-5,0.571428571428571,
1.00044132747137),(-0.00124568200921424,0.560505319257498,1.30935954512266),
 .UNSPECIFIED.);
#48=B_SPLINE_SURFACE_WITH_KNOTS('',3,3,((#12166,#12167,#12168,#12169,#12170),
(#12171,#12172,#12173,#12174,#12175),(#12176,#12177,#12178,#12179,#12180),
(#12181,#12182,#12183,#12184,#12185),(#12186,#12187,#12188,#12189,#12190)),
 .UNSPECIFIED.,.F.,.F.,.F.,(4,1,4),(4,1,4),(-7.23828770781832E-6,0.571428571428571,
1.00371787607447),(-1.57449236725758,-0.897259020469354,0.00450856762003294),
 .UNSPECIFIED.);
#49=B_SPLINE_SURFACE_WITH_KNOTS('',3,3,((#12198,#12199,#12200,#12201,#12202),
(#12203,#12204,#12205,#12206,#12207),(#12208,#12209,#12210,#12211,#12212),
(#12213,#12214,#12215,#12216,#12217),(#12218,#12219,#12220,#12221,#12222)),
 .UNSPECIFIED.,.F.,.F.,.F.,(4,1,4),(4,1,4),(0.,0.571428571428571,1.00056351502601),
(0.173860521362105,0.772813893515733,1.57135985289781),.UNSPECIFIED.);
#50=B_SPLINE_SURFACE_WITH_KNOTS('',3,3,((#12228,#12229,#12230,#12231,#12232),
(#12233,#12234,#12235,#12236,#12237),(#12238,#12239,#12240,#12241,#12242),
(#12243,#12244,#12245,#12246,#12247),(#12248,#12249,#12250,#12251,#12252)),
 .UNSPECIFIED.,.F.,.F.,.F.,(4,1,4),(4,1,4),(-2.78797558629502E-5,0.571428571428571,
1.00530908145922),(-1.31807075564652,-0.402880731057915,0.284839057748385),
 .UNSPECIFIED.);
#51=B_SPLINE_SURFACE_WITH_KNOTS('',3,3,((#12305,#12306,#12307,#12308),(#12309,
#12310,#12311,#12312),(#12313,#12314,#12315,#12316),(#12317,#12318,#12319,
#12320)),.UNSPECIFIED.,.F.,.F.,.F.,(4,4),(4,4),(0.,1.),(-0.927295218000269,
-0.562536244543211),.UNSPECIFIED.);
#52=B_SPLINE_SURFACE_WITH_KNOTS('',3,3,((#12339,#12340,#12341,#12342),(#12343,
#12344,#12345,#12346),(#12347,#12348,#12349,#12350),(#12351,#12352,#12353,
#12354)),.UNSPECIFIED.,.F.,.F.,.F.,(4,4),(4,4),(0.,1.),(0.56253624454448,
0.927295218002956),.UNSPECIFIED.);
#53=B_SPLINE_SURFACE_WITH_KNOTS('',3,3,((#12362,#12363,#12364,#12365,#12366,
#12367),(#12368,#12369,#12370,#12371,#12372,#12373),(#12374,#12375,#12376,
#12377,#12378,#12379),(#12380,#12381,#12382,#12383,#12384,#12385)),
 .UNSPECIFIED.,.F.,.F.,.F.,(4,4),(4,2,4),(-0.000541625597714178,1.00163464775772),
(-0.00163464775788191,0.0487316373557383,0.0645457520513538),
 .UNSPECIFIED.);
#54=B_SPLINE_SURFACE_WITH_KNOTS('',3,3,((#12401,#12402,#12403,#12404,#12405,
#12406),(#12407,#12408,#12409,#12410,#12411,#12412),(#12413,#12414,#12415,
#12416,#12417,#12418),(#12419,#12420,#12421,#12422,#12423,#12424)),
 .UNSPECIFIED.,.F.,.F.,.F.,(4,4),(4,2,4),(-0.000541623885656358,1.00163464903269),
(-0.0645457533262994,-0.0487316373557318,0.0016346490325338),
 .UNSPECIFIED.);
#55=B_SPLINE_SURFACE_WITH_KNOTS('',3,3,((#12498,#12499,#12500,#12501),(#12502,
#12503,#12504,#12505),(#12506,#12507,#12508,#12509),(#12510,#12511,#12512,
#12513)),.UNSPECIFIED.,.F.,.F.,.F.,(4,4),(4,4),(0.,1.),(-1.37276618273671,
-0.832413064100607),.UNSPECIFIED.);
#56=B_SPLINE_SURFACE_WITH_KNOTS('',3,3,((#12526,#12527,#12528,#12529),(#12530,
#12531,#12532,#12533),(#12534,#12535,#12536,#12537),(#12538,#12539,#12540,
#12541)),.UNSPECIFIED.,.F.,.F.,.F.,(4,4),(4,4),(0.,1.),(-0.738383262693686,
-0.198030144057101),.UNSPECIFIED.);
#57=B_SPLINE_SURFACE_WITH_KNOTS('',3,3,((#12544,#12545,#12546,#12547),(#12548,
#12549,#12550,#12551),(#12552,#12553,#12554,#12555),(#12556,#12557,#12558,
#12559)),.UNSPECIFIED.,.F.,.F.,.F.,(4,4),(4,4),(0.,1.),(-1.6736698832398E-13,
0.0295649559968707),.UNSPECIFIED.);
#58=B_SPLINE_SURFACE_WITH_KNOTS('',3,3,((#12563,#12564,#12565,#12566),(#12567,
#12568,#12569,#12570),(#12571,#12572,#12573,#12574),(#12575,#12576,#12577,
#12578)),.UNSPECIFIED.,.F.,.F.,.F.,(4,4),(4,4),(0.,1.),(-0.0295649559968686,
-1.6736698832398E-13),.UNSPECIFIED.);
#59=B_SPLINE_SURFACE_WITH_KNOTS('',3,3,((#12849,#12850,#12851,#12852),(#12853,
#12854,#12855,#12856),(#12857,#12858,#12859,#12860),(#12861,#12862,#12863,
#12864),(#12865,#12866,#12867,#12868)),.UNSPECIFIED.,.F.,.F.,.F.,(4,1,4),
(4,4),(0.,0.5,1.00001964075335),(-1.96407533515908E-5,0.0386621689469605),
 .UNSPECIFIED.);
#60=B_SPLINE_SURFACE_WITH_KNOTS('',3,3,((#12873,#12874,#12875,#12876,#12877,
#12878,#12879,#12880),(#12881,#12882,#12883,#12884,#12885,#12886,#12887,
#12888),(#12889,#12890,#12891,#12892,#12893,#12894,#12895,#12896),(#12897,
#12898,#12899,#12900,#12901,#12902,#12903,#12904)),.UNSPECIFIED.,.F.,.F.,
 .F.,(4,4),(4,2,1,1,4),(0.,1.),(-0.321244612133685,-0.320399543624454,-0.206375865727861,
-0.149364026779565,-0.035340348882972),.UNSPECIFIED.);
#61=B_SPLINE_SURFACE_WITH_KNOTS('',3,3,((#12905,#12906,#12907,#12908),(#12909,
#12910,#12911,#12912),(#12913,#12914,#12915,#12916),(#12917,#12918,#12919,
#12920),(#12921,#12922,#12923,#12924)),.UNSPECIFIED.,.F.,.F.,.F.,(4,1,4),
(4,4),(0.,0.5,1.00001521527792),(-1.52152779168135E-5,0.0386357208058722),
 .UNSPECIFIED.);
#62=B_SPLINE_SURFACE_WITH_KNOTS('',3,3,((#12937,#12938,#12939,#12940,#12941,
#12942,#12943,#12944),(#12945,#12946,#12947,#12948,#12949,#12950,#12951,
#12952),(#12953,#12954,#12955,#12956,#12957,#12958,#12959,#12960),(#12961,
#12962,#12963,#12964,#12965,#12966,#12967,#12968)),.UNSPECIFIED.,.F.,.F.,
 .F.,(4,4),(4,2,1,1,4),(-1.18290012305107E-5,1.00001182900123),(-0.00084507071227115,
0.,0.171040136982358,0.228053515976478,0.285078723971724),.UNSPECIFIED.);
#63=B_SPLINE_SURFACE_WITH_KNOTS('',3,3,((#13000,#13001,#13002,#13003),(#13004,
#13005,#13006,#13007),(#13008,#13009,#13010,#13011),(#13012,#13013,#13014,
#13015),(#13016,#13017,#13018,#13019)),.UNSPECIFIED.,.F.,.F.,.F.,(4,1,4),
(4,4),(0.,0.571428571428571,1.),(-1.64840258458017,-1.63548004704359),
 .UNSPECIFIED.);
#64=B_SPLINE_SURFACE_WITH_KNOTS('',3,3,((#13027,#13028,#13029,#13030),(#13031,
#13032,#13033,#13034),(#13035,#13036,#13037,#13038),(#13039,#13040,#13041,
#13042),(#13043,#13044,#13045,#13046)),.UNSPECIFIED.,.F.,.F.,.F.,(4,1,4),
(4,4),(0.,0.571428571428571,1.),(-1.57079632679486,-1.52764162044571),
 .UNSPECIFIED.);
#65=B_SPLINE_SURFACE_WITH_KNOTS('',3,3,((#13047,#13048,#13049,#13050),(#13051,
#13052,#13053,#13054),(#13055,#13056,#13057,#13058),(#13059,#13060,#13061,
#13062)),.UNSPECIFIED.,.F.,.F.,.F.,(4,4),(4,4),(0.,1.),(0.,0.142677383670136),
 .UNSPECIFIED.);
#66=B_SPLINE_SURFACE_WITH_KNOTS('',3,3,((#13064,#13065,#13066,#13067),(#13068,
#13069,#13070,#13071),(#13072,#13073,#13074,#13075),(#13076,#13077,#13078,
#13079)),.UNSPECIFIED.,.F.,.F.,.F.,(4,4),(4,4),(0.,1.),(0.,0.143621142623363),
 .UNSPECIFIED.);
#67=ELLIPSE('',#7249,2.00036864369325,1.99999999999997);
#68=ELLIPSE('',#7254,2.00036864369325,1.99999999999997);
#69=ELLIPSE('',#7294,6265.22347541036,119.57670936989);
#70=ELLIPSE('',#7320,1.95035942760095,1.95);
#71=ELLIPSE('',#7322,1.43692044336976,1.43665563634989);
#72=ELLIPSE('',#7325,1.43692044336886,1.43665563634899);
#73=ELLIPSE('',#7328,1.43692044336979,1.43665563634991);
#74=ELLIPSE('',#7331,1.4369204433692,1.43665563634932);
#75=ELLIPSE('',#7334,1.4369204433689,1.43665563634903);
#76=ELLIPSE('',#7337,1.43692044336976,1.43665563634989);
#77=ELLIPSE('',#7340,1.43692044336918,1.4366556363493);
#78=ELLIPSE('',#7343,1.43692044336975,1.43665563634988);
#79=ELLIPSE('',#7346,1.43692044336985,1.43665563634997);
#80=ELLIPSE('',#7349,1.43692044336887,1.43665563634899);
#81=ELLIPSE('',#7352,1.43692044336982,1.43665563634995);
#82=ELLIPSE('',#7355,1.43692044336919,1.43665563634931);
#83=ELLIPSE('',#7358,1.43692044336975,1.43665563634988);
#84=ELLIPSE('',#7361,1.43692044336888,1.43665563634901);
#85=ELLIPSE('',#7364,1.43692044336979,1.43665563634991);
#86=ELLIPSE('',#7367,1.43692044336919,1.43665563634932);
#87=ELLIPSE('',#7374,1.43692044336981,1.43665563634994);
#88=ELLIPSE('',#7376,1.43692044336975,1.43665563634988);
#89=ELLIPSE('',#7379,1.43692044336888,1.43665563634901);
#90=ELLIPSE('',#7382,1.43692044336978,1.43665563634991);
#91=ELLIPSE('',#7385,1.43692044336918,1.4366556363493);
#92=ELLIPSE('',#7388,1.43692044336974,1.43665563634986);
#93=ELLIPSE('',#7391,1.4369204433689,1.43665563634903);
#94=ELLIPSE('',#7394,1.43692044336978,1.43665563634991);
#95=ELLIPSE('',#7397,1.4369204433692,1.43665563634933);
#96=ELLIPSE('',#7400,1.43692044336891,1.43665563634904);
#97=ELLIPSE('',#7403,1.43692044336981,1.43665563634993);
#98=ELLIPSE('',#7406,1.43692044336919,1.43665563634931);
#99=ELLIPSE('',#7409,1.43692044336975,1.43665563634988);
#100=ELLIPSE('',#7412,1.43692044337021,1.43665563635034);
#101=ELLIPSE('',#7415,1.43692044336843,1.43665563634856);
#102=ELLIPSE('',#7418,1.43692044337008,1.43665563635021);
#103=ELLIPSE('',#7421,1.43692044336889,1.43665563634901);
#104=ELLIPSE('',#7424,1.43692044336889,1.43665563634902);
#105=ELLIPSE('',#7427,1.43692044336976,1.43665563634989);
#106=ELLIPSE('',#7430,1.43692044336918,1.4366556363493);
#107=ELLIPSE('',#7433,1.43692044336972,1.43665563634984);
#108=ELLIPSE('',#7436,1.43692044336885,1.43665563634898);
#109=ELLIPSE('',#7439,1.43692044336984,1.43665563634996);
#110=ELLIPSE('',#7442,1.43692044336917,1.4366556363493);
#111=ELLIPSE('',#7445,1.43692044336983,1.43665563634995);
#112=ELLIPSE('',#7448,1.43692044336974,1.43665563634986);
#113=ELLIPSE('',#7451,1.43692044336888,1.43665563634901);
#114=ELLIPSE('',#7453,1.43692044336978,1.43665563634991);
#115=ELLIPSE('',#7456,1.4369204433692,1.43665563634933);
#116=ELLIPSE('',#7465,1.43692044336974,1.43665563634986);
#117=ELLIPSE('',#7468,1.4369204433689,1.43665563634903);
#118=ELLIPSE('',#7470,1.43692044336917,1.43665563634929);
#119=ELLIPSE('',#7473,1.43692044336885,1.43665563634897);
#120=ELLIPSE('',#7476,1.43692044336981,1.43665563634994);
#121=ELLIPSE('',#7479,1.43692044336918,1.43665563634931);
#122=ELLIPSE('',#7482,1.43692044336982,1.43665563634995);
#123=ELLIPSE('',#7485,1.43692044336972,1.43665563634984);
#124=ELLIPSE('',#7488,1.4369204433689,1.43665563634903);
#125=ELLIPSE('',#7491,1.43692044336978,1.43665563634991);
#126=ELLIPSE('',#7494,1.43692044336918,1.4366556363493);
#127=ELLIPSE('',#7497,1.43692044337021,1.43665563635033);
#128=ELLIPSE('',#7500,1.43692044336845,1.43665563634858);
#129=ELLIPSE('',#7503,1.4369204433701,1.43665563635022);
#130=ELLIPSE('',#7506,1.43692044336885,1.43665563634898);
#131=ELLIPSE('',#7524,1.95035942760095,1.95);
#132=ELLIPSE('',#7547,54.6104359568311,54.5999999999997);
#133=ELLIPSE('',#7552,0.401014331787901,0.400112197070994);
#134=ELLIPSE('',#7574,3.60629095272385,3.60594381079585);
#135=ELLIPSE('',#7587,0.500828837780533,0.499999999999998);
#136=ELLIPSE('',#7589,3.60035055784736,3.60000442636832);
#137=ELLIPSE('',#7592,0.500828837780524,0.499999999999998);
#138=ELLIPSE('',#7594,3.60040100474393,3.60005486468514);
#139=ELLIPSE('',#7619,2.60045639035366,2.59997715776276);
#140=ELLIPSE('',#7623,2.60053411159916,2.60005486468514);
#141=ELLIPSE('',#7625,1.50027648276996,1.5);
#142=ELLIPSE('',#7629,2.60048366398545,2.60000442636831);
#143=ELLIPSE('',#7631,1.50027648276996,1.5);
#144=ELLIPSE('',#7634,1.00004607515377,1.);
#145=ELLIPSE('',#7637,55.6102482946727,55.5999999999997);
#146=ELLIPSE('',#7639,118.398898949642,118.37670936989);
#147=ELLIPSE('',#7640,119.398713105407,119.37670936989);
#148=ELLIPSE('',#7644,2.60042822542376,2.59994899803212);
#149=ELLIPSE('',#7648,1.7996770264591,1.79934536784997);
#150=ELLIPSE('',#7652,1.40037026833666,1.40011219707099);
#151=ELLIPSE('',#7656,2.60064455901814,2.60016529175308);
#152=ELLIPSE('',#7660,1.40016562159745,1.39990758804826);
#153=ELLIPSE('',#7663,2.60642414317129,2.60594381079585);
#154=ELLIPSE('',#7699,1.43692044336978,1.43665563634991);
#155=ELLIPSE('',#7702,1.4369204433689,1.43665563634903);
#156=ELLIPSE('',#7705,1.43692044336974,1.43665563634986);
#157=ELLIPSE('',#7709,1.43692044336979,1.43665563634991);
#158=ELLIPSE('',#7716,1.43692044336911,1.43665563634924);
#159=ELLIPSE('',#7739,1.43692044336919,1.43665563634931);
#160=ELLIPSE('',#7775,10.7014045541233,4.13700262605533);
#161=ELLIPSE('',#7778,3.87455229275862,2.31144609946321);
#162=ELLIPSE('',#7799,234.443205040852,234.4);
#163=ELLIPSE('',#7802,235.44302153563,235.4);
#164=B_SPLINE_CURVE_WITH_KNOTS('',3,(#10413,#10414,#10415,#10416,#10417,
#10418,#10419,#10420,#10421,#10422,#10423,#10424),.UNSPECIFIED.,.F.,.F.,
(4,2,2,2,2,4),(0.,0.0402955817714355,0.0734186033219429,0.102291501119793,
0.11735573317247,0.132424195434801),.UNSPECIFIED.);
#165=B_SPLINE_CURVE_WITH_KNOTS('',3,(#10451,#10452,#10453,#10454,#10455,
#10456,#10457,#10458,#10459,#10460,#10461,#10462),.UNSPECIFIED.,.F.,.F.,
(4,2,2,2,2,4),(0.,0.0201040472488931,0.0402085572883012,0.0785968883530207,
0.122667825697773,0.176226819367168),.UNSPECIFIED.);
#166=B_SPLINE_CURVE_WITH_KNOTS('',3,(#11332,#11333,#11334,#11335,#11336,
#11337,#11338,#11339,#11340,#11341,#11342,#11343,#11344,#11345,#11346,#11347,
#11348,#11349,#11350,#11351,#11352,#11353,#11354,#11355,#11356,#11357,#11358,
#11359,#11360,#11361,#11362,#11363,#11364,#11365,#11366,#11367,#11368,#11369,
#11370,#11371,#11372,#11373,#11374,#11375,#11376,#11377,#11378,#11379,#11380,
#11381,#11382,#11383,#11384,#11385,#11386),.UNSPECIFIED.,.F.,.F.,(4,3,3,
3,3,3,3,3,3,3,3,3,3,3,3,3,3,3,4),(-1.57079630169613,-1.47873292660704,-1.38670527577227,
-1.29469330955538,-1.20267700624058,-1.11059910122181,-1.01848579010742,
-0.926276877823435,-0.897259020469354,-0.802300693764743,-0.707415609749351,
-0.61259853582252,-0.517826363529821,-0.423087825224689,-0.328371680312184,
-0.233651174224034,-0.138934880419209,-0.0441910757995051,0.000790691699908116),
 .UNSPECIFIED.);
#167=B_SPLINE_CURVE_WITH_KNOTS('',3,(#11432,#11433,#11434,#11435,#11436,
#11437,#11438,#11439,#11440,#11441,#11442,#11443,#11444,#11445,#11446,#11447,
#11448,#11449,#11450,#11451,#11452,#11453,#11454,#11455,#11456,#11457,#11458,
#11459,#11460,#11461,#11462,#11463,#11464,#11465,#11466,#11467,#11468,#11469,
#11470,#11471,#11472,#11473,#11474,#11475,#11476,#11477,#11478,#11479,#11480,
#11481,#11482,#11483,#11484,#11485,#11486),.UNSPECIFIED.,.F.,.F.,(4,3,3,
3,3,3,3,3,3,3,3,3,3,3,3,3,3,3,4),(-5.32777103069332E-16,0.0921538741554583,
0.184272334670514,0.276375226614062,0.368482377262928,0.460650386618886,
0.552853392223522,0.645150626745401,0.673248450515386,0.768254922458169,
0.863189746978712,0.958058335770237,1.05288290641132,1.14767448840643,1.24244408513589,
1.33721804470257,1.43198770201191,1.5267841092426,1.57091305776329),
 .UNSPECIFIED.);
#168=B_SPLINE_CURVE_WITH_KNOTS('',3,(#11517,#11518,#11519,#11520,#11521,
#11522,#11523,#11524,#11525,#11526,#11527,#11528,#11529,#11530,#11531,#11532,
#11533,#11534,#11535,#11536,#11537,#11538,#11539,#11540,#11541,#11542,#11543,
#11544),.UNSPECIFIED.,.F.,.F.,(4,3,3,3,3,3,3,3,3,4),(-0.0629111042936123,
-0.0539149189274166,-0.0487316373557318,-0.0408388871472095,-0.0330989479404891,
-0.0254642058928252,-0.0179168315923194,-0.0103994639374602,-0.00288973003125488,
-1.53344351105922E-13),.UNSPECIFIED.);
#169=B_SPLINE_CURVE_WITH_KNOTS('',3,(#11545,#11546,#11547,#11548,#11549,
#11550),.UNSPECIFIED.,.F.,.F.,(4,2,4),(-0.0365010624982993,-0.0182504493818222,
0.),.UNSPECIFIED.);
#170=B_SPLINE_CURVE_WITH_KNOTS('',3,(#11554,#11555,#11556,#11557,#11558,
#11559,#11560,#11561,#11562,#11563,#11564,#11565,#11566,#11567,#11568,#11569,
#11570,#11571,#11572,#11573,#11574,#11575,#11576,#11577,#11578,#11579,#11580,
#11581),.UNSPECIFIED.,.F.,.F.,(4,3,3,3,3,3,3,3,3,4),(-1.58352210730479E-13,
0.00751073464342142,0.0150269031530001,0.0225712486712898,0.0302125248266112,
0.0379357025775226,0.0458449352600447,0.0487316373557383,0.0577278221343988,
0.0629111042936306),.UNSPECIFIED.);
#171=B_SPLINE_CURVE_WITH_KNOTS('',3,(#11585,#11586,#11587,#11588,#11589,
#11590),.UNSPECIFIED.,.F.,.F.,(4,2,4),(-0.0365004976295324,-0.0182503306802734,
0.),.UNSPECIFIED.);
#172=B_SPLINE_CURVE_WITH_KNOTS('',3,(#11597,#11598,#11599,#11600,#11601,
#11602),.UNSPECIFIED.,.F.,.F.,(4,2,4),(-0.0303911633978214,-0.0151298610095408,
0.),.UNSPECIFIED.);
#173=B_SPLINE_CURVE_WITH_KNOTS('',3,(#11603,#11604,#11605,#11606,#11607,
#11608),.UNSPECIFIED.,.F.,.F.,(4,2,4),(-0.0830705833667662,-0.0415340560320497,
0.),.UNSPECIFIED.);
#174=B_SPLINE_CURVE_WITH_KNOTS('',3,(#11615,#11616,#11617,#11618,#11619,
#11620),.UNSPECIFIED.,.F.,.F.,(4,2,4),(-0.0304092927973916,-0.0152704062926615,
0.),.UNSPECIFIED.);
#175=B_SPLINE_CURVE_WITH_KNOTS('',3,(#11623,#11624,#11625,#11626,#11627,
#11628),.UNSPECIFIED.,.F.,.F.,(4,2,4),(-0.0830622606085229,-0.0415323658317583,
0.),.UNSPECIFIED.);
#176=B_SPLINE_CURVE_WITH_KNOTS('',3,(#11655,#11656,#11657,#11658,#11659,
#11660,#11661,#11662,#11663,#11664,#11665,#11666,#11667,#11668,#11669,#11670,
#11671,#11672,#11673,#11674,#11675,#11676,#11677,#11678,#11679,#11680,#11681,
#11682,#11683,#11684,#11685,#11686,#11687,#11688,#11689,#11690,#11691,#11692,
#11693,#11694,#11695,#11696,#11697),.UNSPECIFIED.,.F.,.F.,(4,3,3,3,3,3,
3,3,3,3,3,3,3,3,4),(-1.57079632880379,-1.47716820367782,-1.38356097430293,
-1.28993367977705,-1.19630097150744,-1.10260965491952,-1.03371336070524,
-0.938215067898162,-0.842754102460914,-0.747322525484202,-0.651912415721763,
-0.556503551238818,-0.461104527506726,-0.365691498153824,-0.317596682603638),
 .UNSPECIFIED.);
#177=B_SPLINE_CURVE_WITH_KNOTS('',3,(#11709,#11710,#11711,#11712,#11713,
#11714,#11715,#11716,#11717,#11718,#11719,#11720,#11721,#11722,#11723,#11724,
#11725,#11726,#11727,#11728,#11729,#11730,#11731,#11732,#11733,#11734,#11735,
#11736),.UNSPECIFIED.,.F.,.F.,(4,3,3,3,3,3,3,3,3,4),(0.174327085016832,
0.335446455704079,0.496495265734115,0.657711714047397,0.772813893515733,
0.937834284890292,1.10276519542448,1.26759242232454,1.43246070580567,1.57079620852222),
 .UNSPECIFIED.);
#178=B_SPLINE_CURVE_WITH_KNOTS('',3,(#11750,#11751,#11752,#11753),
 .UNSPECIFIED.,.F.,.F.,(4,4),(9.79125447741609,9.79173497170211),
 .UNSPECIFIED.);
#179=B_SPLINE_CURVE_WITH_KNOTS('',3,(#11754,#11755,#11756,#11757,#11758,
#11759,#11760,#11761,#11762,#11763,#11764,#11765,#11766,#11767,#11768,#11769,
#11770,#11771,#11772,#11773,#11774,#11775,#11776,#11777,#11778,#11779,#11780,
#11781,#11782,#11783),.UNSPECIFIED.,.F.,.F.,(4,2,2,2,2,2,2,2,2,2,2,2,2,
2,4),(-0.000726782606506376,0.,0.0130683985555094,0.0265260001186906,0.0391488255565238,
0.0525956869569627,0.0659304891276793,0.0782144153347433,0.0890156463907459,
0.102259510935955,0.1156549022164,0.117278230068527,0.130653365232129,0.143906761420034,
0.156341178408264),.UNSPECIFIED.);
#180=B_SPLINE_CURVE_WITH_KNOTS('',3,(#11803,#11804,#11805,#11806,#11807,
#11808,#11809,#11810,#11811,#11812,#11813,#11814,#11815,#11816),
 .UNSPECIFIED.,.F.,.F.,(4,2,2,2,2,2,4),(-0.31580589127068,-0.315099619131504,
-0.275514848991699,-0.235931343653553,-0.196609920785565,-0.157755996218045,
-0.157503352243185),.UNSPECIFIED.);
#181=B_SPLINE_CURVE_WITH_KNOTS('',3,(#11971,#11972,#11973,#11974,#11975,
#11976,#11977,#11978,#11979,#11980,#11981,#11982,#11983,#11984),
 .UNSPECIFIED.,.F.,.F.,(4,2,2,2,2,2,4),(-0.157502582951328,-0.118921780124264,
-0.0800403461603344,-0.0406481908478564,-0.0203276054310297,0.,0.000706303551787398),
 .UNSPECIFIED.);
#182=B_SPLINE_CURVE_WITH_KNOTS('',3,(#12032,#12033,#12034,#12035,#12036,
#12037,#12038,#12039,#12040,#12041,#12042,#12043,#12044,#12045,#12046,#12047,
#12048,#12049,#12050,#12051,#12052,#12053,#12054,#12055,#12056,#12057,#12058,
#12059),.UNSPECIFIED.,.F.,.F.,(4,2,2,2,2,2,2,2,2,2,2,2,2,4),(-0.157676171018259,
-0.1443830660323,-0.137420928504598,-0.124042227905895,-0.117167087158055,
-0.103644812228633,-0.0901225372992119,-0.0780796954903093,-0.0648065704794499,
-0.0513343782559084,-0.0390302129789046,-0.0255590063085872,-0.0124016715780525,
0.),.UNSPECIFIED.);
#183=B_SPLINE_CURVE_WITH_KNOTS('',3,(#12123,#12124,#12125,#12126,#12127,
#12128,#12129,#12130),.UNSPECIFIED.,.F.,.F.,(4,2,2,4),(1.52608663812538E-7,
0.428571507283405,0.934596880405832,0.999962759779016),.UNSPECIFIED.);
#184=B_SPLINE_CURVE_WITH_KNOTS('',3,(#12254,#12255,#12256,#12257,#12258,
#12259,#12260,#12261,#12262,#12263,#12264,#12265,#12266,#12267,#12268,#12269,
#12270,#12271,#12272,#12273,#12274,#12275,#12276,#12277,#12278,#12279),
 .UNSPECIFIED.,.F.,.F.,(4,2,2,2,2,2,2,2,2,2,2,2,4),(0.,0.133018976191795,
0.26603281674006,0.399041981976232,0.532046932060679,0.665088701143185,
0.79811727780478,0.931134505671242,1.06414222669157,1.19717943201517,1.33019331353618,
1.46322199400653,1.55226977843748),.UNSPECIFIED.);
#185=B_SPLINE_CURVE_WITH_KNOTS('',3,(#12324,#12325,#12326,#12327),
 .UNSPECIFIED.,.F.,.F.,(4,4),(0.562536244543211,0.927295218000269),
 .UNSPECIFIED.);
#186=B_SPLINE_CURVE_WITH_KNOTS('',3,(#12357,#12358,#12359,#12360),
 .UNSPECIFIED.,.F.,.F.,(4,4),(-0.927295218002956,-0.56253624454448),
 .UNSPECIFIED.);
#187=B_SPLINE_CURVE_WITH_KNOTS('',3,(#12387,#12388,#12389,#12390,#12391,
#12392,#12393,#12394),.UNSPECIFIED.,.F.,.F.,(4,2,2,4),(0.,0.0305491288113493,
0.0391464230987073,0.072851674800312),.UNSPECIFIED.);
#188=B_SPLINE_CURVE_WITH_KNOTS('',3,(#12425,#12426,#12427,#12428,#12429,
#12430,#12431,#12432),.UNSPECIFIED.,.F.,.F.,(4,2,2,4),(0.,0.0474701268462121,
0.0595784669257192,0.102603540381634),.UNSPECIFIED.);
#189=B_SPLINE_CURVE_WITH_KNOTS('',3,(#12445,#12446,#12447,#12448,#12449,
#12450),.UNSPECIFIED.,.F.,.F.,(4,1,1,4),(-0.285066894970597,-0.228053515976478,
-0.171040136982358,-0.00046518714784128),.UNSPECIFIED.);
#190=B_SPLINE_CURVE_WITH_KNOTS('',3,(#12455,#12456,#12457,#12458,#12459,
#12460),.UNSPECIFIED.,.F.,.F.,(4,2,4),(0.,0.0549729445097539,0.112221418075636),
 .UNSPECIFIED.);
#191=B_SPLINE_CURVE_WITH_KNOTS('',3,(#12462,#12463,#12464,#12465,#12466,
#12467),.UNSPECIFIED.,.F.,.F.,(4,2,4),(0.,0.0197287328155712,0.039946059077605),
 .UNSPECIFIED.);
#192=B_SPLINE_CURVE_WITH_KNOTS('',3,(#12471,#12472,#12473,#12474,#12475,
#12476),.UNSPECIFIED.,.F.,.F.,(4,2,4),(0.,0.0202174168902732,0.0399462381438865),
 .UNSPECIFIED.);
#193=B_SPLINE_CURVE_WITH_KNOTS('',3,(#12478,#12479,#12480,#12481,#12482,
#12483),.UNSPECIFIED.,.F.,.F.,(4,2,4),(0.,0.0528773258061978,0.103652868219547),
 .UNSPECIFIED.);
#194=B_SPLINE_CURVE_WITH_KNOTS('',3,(#12486,#12487,#12488,#12489,#12490,
#12491),.UNSPECIFIED.,.F.,.F.,(4,2,4),(-0.00046518714784128,0.,0.00084507071227115),
 .UNSPECIFIED.);
#195=B_SPLINE_CURVE_WITH_KNOTS('',3,(#12788,#12789,#12790,#12791,#12792,
#12793,#12794,#12795,#12796,#12797),.UNSPECIFIED.,.F.,.F.,(4,3,3,4),(0.,
0.0170245663207854,0.034189407938136,0.0386425281934932),.UNSPECIFIED.);
#196=B_SPLINE_CURVE_WITH_KNOTS('',3,(#12799,#12800,#12801,#12802,#12803,
#12804,#12805,#12806),.UNSPECIFIED.,.F.,.F.,(4,1,1,2,4),(0.035340348882972,
0.149364026779565,0.206375865727861,0.320399543624454,0.321244612133685),
 .UNSPECIFIED.);
#197=B_SPLINE_CURVE_WITH_KNOTS('',3,(#12815,#12816,#12817,#12818,#12819,
#12820),.UNSPECIFIED.,.F.,.F.,(4,2,4),(-0.00084507071227115,0.,0.000459964871349557),
 .UNSPECIFIED.);
#198=B_SPLINE_CURVE_WITH_KNOTS('',3,(#12822,#12823,#12824,#12825,#12826,
#12827,#12828,#12829,#12830,#12831),.UNSPECIFIED.,.F.,.F.,(4,3,3,4),(0.,
0.017331029353173,0.0345037561824707,0.0386205055279554),.UNSPECIFIED.);
#199=B_SPLINE_CURVE_WITH_KNOTS('',3,(#12832,#12833,#12834,#12835,#12836,
#12837),.UNSPECIFIED.,.F.,.F.,(4,1,1,4),(0.000459964871349557,0.171040136982358,
0.228053515976478,0.285066894970597),.UNSPECIFIED.);
#200=B_SPLINE_CURVE_WITH_KNOTS('',3,(#12840,#12841,#12842,#12843,#12844,
#12845,#12846,#12847),.UNSPECIFIED.,.F.,.F.,(4,2,1,1,4),(-0.321244612133685,
-0.320399543624454,-0.206375865727861,-0.149364026779565,-0.035340348882972),
 .UNSPECIFIED.);
#201=FACE_BOUND('',#813,.T.);
#202=FACE_BOUND('',#816,.T.);
#203=FACE_BOUND('',#823,.T.);
#204=FACE_BOUND('',#824,.T.);
#205=FACE_BOUND('',#825,.T.);
#206=FACE_BOUND('',#826,.T.);
#207=FACE_BOUND('',#827,.T.);
#208=FACE_BOUND('',#828,.T.);
#209=FACE_BOUND('',#829,.T.);
#210=FACE_BOUND('',#830,.T.);
#211=FACE_BOUND('',#831,.T.);
#212=FACE_BOUND('',#832,.T.);
#213=FACE_BOUND('',#833,.T.);
#214=FACE_BOUND('',#834,.T.);
#215=FACE_BOUND('',#835,.T.);
#216=FACE_BOUND('',#836,.T.);
#217=FACE_BOUND('',#837,.T.);
#218=FACE_BOUND('',#838,.T.);
#219=FACE_BOUND('',#839,.T.);
#220=FACE_BOUND('',#840,.T.);
#221=FACE_BOUND('',#841,.T.);
#222=FACE_BOUND('',#842,.T.);
#223=FACE_BOUND('',#843,.T.);
#224=FACE_BOUND('',#844,.T.);
#225=FACE_BOUND('',#851,.T.);
#226=FACE_BOUND('',#873,.T.);
#227=FACE_BOUND('',#880,.T.);
#228=FACE_BOUND('',#1019,.T.);
#229=FACE_BOUND('',#1023,.T.);
#230=FACE_BOUND('',#1180,.T.);
#231=FACE_BOUND('',#1202,.T.);
#232=FACE_BOUND('',#1206,.T.);
#233=FACE_BOUND('',#1207,.T.);
#234=FACE_BOUND('',#1208,.T.);
#235=FACE_BOUND('',#1209,.T.);
#236=FACE_BOUND('',#1210,.T.);
#237=FACE_BOUND('',#1211,.T.);
#238=FACE_BOUND('',#1212,.T.);
#239=FACE_BOUND('',#1213,.T.);
#240=FACE_BOUND('',#1214,.T.);
#241=FACE_BOUND('',#1215,.T.);
#242=FACE_BOUND('',#1216,.T.);
#243=FACE_BOUND('',#1217,.T.);
#244=FACE_BOUND('',#1218,.T.);
#245=FACE_BOUND('',#1219,.T.);
#246=FACE_BOUND('',#1220,.T.);
#247=FACE_BOUND('',#1221,.T.);
#248=FACE_BOUND('',#1230,.T.);
#249=PLANE('',#7107);
#250=PLANE('',#7111);
#251=PLANE('',#7115);
#252=PLANE('',#7119);
#253=PLANE('',#7123);
#254=PLANE('',#7127);
#255=PLANE('',#7131);
#256=PLANE('',#7138);
#257=PLANE('',#7139);
#258=PLANE('',#7140);
#259=PLANE('',#7234);
#260=PLANE('',#7235);
#261=PLANE('',#7236);
#262=PLANE('',#7237);
#263=PLANE('',#7241);
#264=PLANE('',#7245);
#265=PLANE('',#7246);
#266=PLANE('',#7250);
#267=PLANE('',#7251);
#268=PLANE('',#7255);
#269=PLANE('',#7256);
#270=PLANE('',#7257);
#271=PLANE('',#7262);
#272=PLANE('',#7287);
#273=PLANE('',#7288);
#274=PLANE('',#7289);
#275=PLANE('',#7290);
#276=PLANE('',#7298);
#277=PLANE('',#7299);
#278=PLANE('',#7300);
#279=PLANE('',#7301);
#280=PLANE('',#7305);
#281=PLANE('',#7308);
#282=PLANE('',#7309);
#283=PLANE('',#7311);
#284=PLANE('',#7313);
#285=PLANE('',#7314);
#286=PLANE('',#7316);
#287=PLANE('',#7319);
#288=PLANE('',#7323);
#289=PLANE('',#7326);
#290=PLANE('',#7329);
#291=PLANE('',#7332);
#292=PLANE('',#7335);
#293=PLANE('',#7338);
#294=PLANE('',#7341);
#295=PLANE('',#7344);
#296=PLANE('',#7347);
#297=PLANE('',#7350);
#298=PLANE('',#7353);
#299=PLANE('',#7356);
#300=PLANE('',#7359);
#301=PLANE('',#7362);
#302=PLANE('',#7365);
#303=PLANE('',#7368);
#304=PLANE('',#7369);
#305=PLANE('',#7372);
#306=PLANE('',#7377);
#307=PLANE('',#7380);
#308=PLANE('',#7383);
#309=PLANE('',#7386);
#310=PLANE('',#7389);
#311=PLANE('',#7392);
#312=PLANE('',#7395);
#313=PLANE('',#7398);
#314=PLANE('',#7401);
#315=PLANE('',#7404);
#316=PLANE('',#7407);
#317=PLANE('',#7410);
#318=PLANE('',#7413);
#319=PLANE('',#7416);
#320=PLANE('',#7419);
#321=PLANE('',#7422);
#322=PLANE('',#7425);
#323=PLANE('',#7428);
#324=PLANE('',#7431);
#325=PLANE('',#7434);
#326=PLANE('',#7437);
#327=PLANE('',#7440);
#328=PLANE('',#7443);
#329=PLANE('',#7446);
#330=PLANE('',#7449);
#331=PLANE('',#7454);
#332=PLANE('',#7457);
#333=PLANE('',#7460);
#334=PLANE('',#7463);
#335=PLANE('',#7466);
#336=PLANE('',#7471);
#337=PLANE('',#7474);
#338=PLANE('',#7477);
#339=PLANE('',#7480);
#340=PLANE('',#7483);
#341=PLANE('',#7486);
#342=PLANE('',#7489);
#343=PLANE('',#7492);
#344=PLANE('',#7495);
#345=PLANE('',#7498);
#346=PLANE('',#7501);
#347=PLANE('',#7504);
#348=PLANE('',#7507);
#349=PLANE('',#7508);
#350=PLANE('',#7512);
#351=PLANE('',#7518);
#352=PLANE('',#7525);
#353=PLANE('',#7526);
#354=PLANE('',#7528);
#355=PLANE('',#7530);
#356=PLANE('',#7532);
#357=PLANE('',#7534);
#358=PLANE('',#7536);
#359=PLANE('',#7538);
#360=PLANE('',#7539);
#361=PLANE('',#7542);
#362=PLANE('',#7545);
#363=PLANE('',#7550);
#364=PLANE('',#7553);
#365=PLANE('',#7558);
#366=PLANE('',#7562);
#367=PLANE('',#7566);
#368=PLANE('',#7567);
#369=PLANE('',#7569);
#370=PLANE('',#7572);
#371=PLANE('',#7575);
#372=PLANE('',#7583);
#373=PLANE('',#7590);
#374=PLANE('',#7595);
#375=PLANE('',#7599);
#376=PLANE('',#7601);
#377=PLANE('',#7665);
#378=PLANE('',#7671);
#379=PLANE('',#7674);
#380=PLANE('',#7677);
#381=PLANE('',#7679);
#382=PLANE('',#7682);
#383=PLANE('',#7687);
#384=PLANE('',#7690);
#385=PLANE('',#7692);
#386=PLANE('',#7694);
#387=PLANE('',#7695);
#388=PLANE('',#7696);
#389=PLANE('',#7697);
#390=PLANE('',#7700);
#391=PLANE('',#7703);
#392=PLANE('',#7706);
#393=PLANE('',#7707);
#394=PLANE('',#7710);
#395=PLANE('',#7711);
#396=PLANE('',#7714);
#397=PLANE('',#7717);
#398=PLANE('',#7718);
#399=PLANE('',#7721);
#400=PLANE('',#7724);
#401=PLANE('',#7727);
#402=PLANE('',#7730);
#403=PLANE('',#7733);
#404=PLANE('',#7736);
#405=PLANE('',#7737);
#406=PLANE('',#7740);
#407=PLANE('',#7741);
#408=PLANE('',#7742);
#409=PLANE('',#7743);
#410=PLANE('',#7744);
#411=PLANE('',#7745);
#412=PLANE('',#7751);
#413=PLANE('',#7753);
#414=PLANE('',#7760);
#415=PLANE('',#7785);
#416=PLANE('',#7790);
#417=PLANE('',#7794);
#418=PLANE('',#7795);
#419=PLANE('',#7797);
#420=PLANE('',#7798);
#421=PLANE('',#7805);
#422=PLANE('',#7806);
#423=FACE_OUTER_BOUND('',#803,.T.);
#424=FACE_OUTER_BOUND('',#804,.T.);
#425=FACE_OUTER_BOUND('',#805,.T.);
#426=FACE_OUTER_BOUND('',#806,.T.);
#427=FACE_OUTER_BOUND('',#807,.T.);
#428=FACE_OUTER_BOUND('',#808,.T.);
#429=FACE_OUTER_BOUND('',#809,.T.);
#430=FACE_OUTER_BOUND('',#810,.T.);
#431=FACE_OUTER_BOUND('',#811,.T.);
#432=FACE_OUTER_BOUND('',#812,.T.);
#433=FACE_OUTER_BOUND('',#814,.T.);
#434=FACE_OUTER_BOUND('',#815,.T.);
#435=FACE_OUTER_BOUND('',#817,.T.);
#436=FACE_OUTER_BOUND('',#818,.T.);
#437=FACE_OUTER_BOUND('',#819,.T.);
#438=FACE_OUTER_BOUND('',#820,.T.);
#439=FACE_OUTER_BOUND('',#821,.T.);
#440=FACE_OUTER_BOUND('',#822,.T.);
#441=FACE_OUTER_BOUND('',#845,.T.);
#442=FACE_OUTER_BOUND('',#846,.T.);
#443=FACE_OUTER_BOUND('',#847,.T.);
#444=FACE_OUTER_BOUND('',#848,.T.);
#445=FACE_OUTER_BOUND('',#849,.T.);
#446=FACE_OUTER_BOUND('',#850,.T.);
#447=FACE_OUTER_BOUND('',#852,.T.);
#448=FACE_OUTER_BOUND('',#853,.T.);
#449=FACE_OUTER_BOUND('',#854,.T.);
#450=FACE_OUTER_BOUND('',#855,.T.);
#451=FACE_OUTER_BOUND('',#856,.T.);
#452=FACE_OUTER_BOUND('',#857,.T.);
#453=FACE_OUTER_BOUND('',#858,.T.);
#454=FACE_OUTER_BOUND('',#859,.T.);
#455=FACE_OUTER_BOUND('',#860,.T.);
#456=FACE_OUTER_BOUND('',#861,.T.);
#457=FACE_OUTER_BOUND('',#862,.T.);
#458=FACE_OUTER_BOUND('',#863,.T.);
#459=FACE_OUTER_BOUND('',#864,.T.);
#460=FACE_OUTER_BOUND('',#865,.T.);
#461=FACE_OUTER_BOUND('',#866,.T.);
#462=FACE_OUTER_BOUND('',#867,.T.);
#463=FACE_OUTER_BOUND('',#868,.T.);
#464=FACE_OUTER_BOUND('',#869,.T.);
#465=FACE_OUTER_BOUND('',#870,.T.);
#466=FACE_OUTER_BOUND('',#871,.T.);
#467=FACE_OUTER_BOUND('',#872,.T.);
#468=FACE_OUTER_BOUND('',#874,.T.);
#469=FACE_OUTER_BOUND('',#875,.T.);
#470=FACE_OUTER_BOUND('',#876,.T.);
#471=FACE_OUTER_BOUND('',#877,.T.);
#472=FACE_OUTER_BOUND('',#878,.T.);
#473=FACE_OUTER_BOUND('',#879,.T.);
#474=FACE_OUTER_BOUND('',#881,.T.);
#475=FACE_OUTER_BOUND('',#882,.T.);
#476=FACE_OUTER_BOUND('',#883,.T.);
#477=FACE_OUTER_BOUND('',#884,.T.);
#478=FACE_OUTER_BOUND('',#885,.T.);
#479=FACE_OUTER_BOUND('',#886,.T.);
#480=FACE_OUTER_BOUND('',#887,.T.);
#481=FACE_OUTER_BOUND('',#888,.T.);
#482=FACE_OUTER_BOUND('',#889,.T.);
#483=FACE_OUTER_BOUND('',#890,.T.);
#484=FACE_OUTER_BOUND('',#891,.T.);
#485=FACE_OUTER_BOUND('',#892,.T.);
#486=FACE_OUTER_BOUND('',#893,.T.);
#487=FACE_OUTER_BOUND('',#894,.T.);
#488=FACE_OUTER_BOUND('',#895,.T.);
#489=FACE_OUTER_BOUND('',#896,.T.);
#490=FACE_OUTER_BOUND('',#897,.T.);
#491=FACE_OUTER_BOUND('',#898,.T.);
#492=FACE_OUTER_BOUND('',#899,.T.);
#493=FACE_OUTER_BOUND('',#900,.T.);
#494=FACE_OUTER_BOUND('',#901,.T.);
#495=FACE_OUTER_BOUND('',#902,.T.);
#496=FACE_OUTER_BOUND('',#903,.T.);
#497=FACE_OUTER_BOUND('',#904,.T.);
#498=FACE_OUTER_BOUND('',#905,.T.);
#499=FACE_OUTER_BOUND('',#906,.T.);
#500=FACE_OUTER_BOUND('',#907,.T.);
#501=FACE_OUTER_BOUND('',#908,.T.);
#502=FACE_OUTER_BOUND('',#909,.T.);
#503=FACE_OUTER_BOUND('',#910,.T.);
#504=FACE_OUTER_BOUND('',#911,.T.);
#505=FACE_OUTER_BOUND('',#912,.T.);
#506=FACE_OUTER_BOUND('',#913,.T.);
#507=FACE_OUTER_BOUND('',#914,.T.);
#508=FACE_OUTER_BOUND('',#915,.T.);
#509=FACE_OUTER_BOUND('',#916,.T.);
#510=FACE_OUTER_BOUND('',#917,.T.);
#511=FACE_OUTER_BOUND('',#918,.T.);
#512=FACE_OUTER_BOUND('',#919,.T.);
#513=FACE_OUTER_BOUND('',#920,.T.);
#514=FACE_OUTER_BOUND('',#921,.T.);
#515=FACE_OUTER_BOUND('',#922,.T.);
#516=FACE_OUTER_BOUND('',#923,.T.);
#517=FACE_OUTER_BOUND('',#924,.T.);
#518=FACE_OUTER_BOUND('',#925,.T.);
#519=FACE_OUTER_BOUND('',#926,.T.);
#520=FACE_OUTER_BOUND('',#927,.T.);
#521=FACE_OUTER_BOUND('',#928,.T.);
#522=FACE_OUTER_BOUND('',#929,.T.);
#523=FACE_OUTER_BOUND('',#930,.T.);
#524=FACE_OUTER_BOUND('',#931,.T.);
#525=FACE_OUTER_BOUND('',#932,.T.);
#526=FACE_OUTER_BOUND('',#933,.T.);
#527=FACE_OUTER_BOUND('',#934,.T.);
#528=FACE_OUTER_BOUND('',#935,.T.);
#529=FACE_OUTER_BOUND('',#936,.T.);
#530=FACE_OUTER_BOUND('',#937,.T.);
#531=FACE_OUTER_BOUND('',#938,.T.);
#532=FACE_OUTER_BOUND('',#939,.T.);
#533=FACE_OUTER_BOUND('',#940,.T.);
#534=FACE_OUTER_BOUND('',#941,.T.);
#535=FACE_OUTER_BOUND('',#942,.T.);
#536=FACE_OUTER_BOUND('',#943,.T.);
#537=FACE_OUTER_BOUND('',#944,.T.);
#538=FACE_OUTER_BOUND('',#945,.T.);
#539=FACE_OUTER_BOUND('',#946,.T.);
#540=FACE_OUTER_BOUND('',#947,.T.);
#541=FACE_OUTER_BOUND('',#948,.T.);
#542=FACE_OUTER_BOUND('',#949,.T.);
#543=FACE_OUTER_BOUND('',#950,.T.);
#544=FACE_OUTER_BOUND('',#951,.T.);
#545=FACE_OUTER_BOUND('',#952,.T.);
#546=FACE_OUTER_BOUND('',#953,.T.);
#547=FACE_OUTER_BOUND('',#954,.T.);
#548=FACE_OUTER_BOUND('',#955,.T.);
#549=FACE_OUTER_BOUND('',#956,.T.);
#550=FACE_OUTER_BOUND('',#957,.T.);
#551=FACE_OUTER_BOUND('',#958,.T.);
#552=FACE_OUTER_BOUND('',#959,.T.);
#553=FACE_OUTER_BOUND('',#960,.T.);
#554=FACE_OUTER_BOUND('',#961,.T.);
#555=FACE_OUTER_BOUND('',#962,.T.);
#556=FACE_OUTER_BOUND('',#963,.T.);
#557=FACE_OUTER_BOUND('',#964,.T.);
#558=FACE_OUTER_BOUND('',#965,.T.);
#559=FACE_OUTER_BOUND('',#966,.T.);
#560=FACE_OUTER_BOUND('',#967,.T.);
#561=FACE_OUTER_BOUND('',#968,.T.);
#562=FACE_OUTER_BOUND('',#969,.T.);
#563=FACE_OUTER_BOUND('',#970,.T.);
#564=FACE_OUTER_BOUND('',#971,.T.);
#565=FACE_OUTER_BOUND('',#972,.T.);
#566=FACE_OUTER_BOUND('',#973,.T.);
#567=FACE_OUTER_BOUND('',#974,.T.);
#568=FACE_OUTER_BOUND('',#975,.T.);
#569=FACE_OUTER_BOUND('',#976,.T.);
#570=FACE_OUTER_BOUND('',#977,.T.);
#571=FACE_OUTER_BOUND('',#978,.T.);
#572=FACE_OUTER_BOUND('',#979,.T.);
#573=FACE_OUTER_BOUND('',#980,.T.);
#574=FACE_OUTER_BOUND('',#981,.T.);
#575=FACE_OUTER_BOUND('',#982,.T.);
#576=FACE_OUTER_BOUND('',#983,.T.);
#577=FACE_OUTER_BOUND('',#984,.T.);
#578=FACE_OUTER_BOUND('',#985,.T.);
#579=FACE_OUTER_BOUND('',#986,.T.);
#580=FACE_OUTER_BOUND('',#987,.T.);
#581=FACE_OUTER_BOUND('',#988,.T.);
#582=FACE_OUTER_BOUND('',#989,.T.);
#583=FACE_OUTER_BOUND('',#990,.T.);
#584=FACE_OUTER_BOUND('',#991,.T.);
#585=FACE_OUTER_BOUND('',#992,.T.);
#586=FACE_OUTER_BOUND('',#993,.T.);
#587=FACE_OUTER_BOUND('',#994,.T.);
#588=FACE_OUTER_BOUND('',#995,.T.);
#589=FACE_OUTER_BOUND('',#996,.T.);
#590=FACE_OUTER_BOUND('',#997,.T.);
#591=FACE_OUTER_BOUND('',#998,.T.);
#592=FACE_OUTER_BOUND('',#999,.T.);
#593=FACE_OUTER_BOUND('',#1000,.T.);
#594=FACE_OUTER_BOUND('',#1001,.T.);
#595=FACE_OUTER_BOUND('',#1002,.T.);
#596=FACE_OUTER_BOUND('',#1003,.T.);
#597=FACE_OUTER_BOUND('',#1004,.T.);
#598=FACE_OUTER_BOUND('',#1005,.T.);
#599=FACE_OUTER_BOUND('',#1006,.T.);
#600=FACE_OUTER_BOUND('',#1007,.T.);
#601=FACE_OUTER_BOUND('',#1008,.T.);
#602=FACE_OUTER_BOUND('',#1009,.T.);
#603=FACE_OUTER_BOUND('',#1010,.T.);
#604=FACE_OUTER_BOUND('',#1011,.T.);
#605=FACE_OUTER_BOUND('',#1012,.T.);
#606=FACE_OUTER_BOUND('',#1013,.T.);
#607=FACE_OUTER_BOUND('',#1014,.T.);
#608=FACE_OUTER_BOUND('',#1015,.T.);
#609=FACE_OUTER_BOUND('',#1016,.T.);
#610=FACE_OUTER_BOUND('',#1017,.T.);
#611=FACE_OUTER_BOUND('',#1018,.T.);
#612=FACE_OUTER_BOUND('',#1020,.T.);
#613=FACE_OUTER_BOUND('',#1021,.T.);
#614=FACE_OUTER_BOUND('',#1022,.T.);
#615=FACE_OUTER_BOUND('',#1024,.T.);
#616=FACE_OUTER_BOUND('',#1025,.T.);
#617=FACE_OUTER_BOUND('',#1026,.T.);
#618=FACE_OUTER_BOUND('',#1027,.T.);
#619=FACE_OUTER_BOUND('',#1028,.T.);
#620=FACE_OUTER_BOUND('',#1029,.T.);
#621=FACE_OUTER_BOUND('',#1030,.T.);
#622=FACE_OUTER_BOUND('',#1031,.T.);
#623=FACE_OUTER_BOUND('',#1032,.T.);
#624=FACE_OUTER_BOUND('',#1033,.T.);
#625=FACE_OUTER_BOUND('',#1034,.T.);
#626=FACE_OUTER_BOUND('',#1035,.T.);
#627=FACE_OUTER_BOUND('',#1036,.T.);
#628=FACE_OUTER_BOUND('',#1037,.T.);
#629=FACE_OUTER_BOUND('',#1038,.T.);
#630=FACE_OUTER_BOUND('',#1039,.T.);
#631=FACE_OUTER_BOUND('',#1040,.T.);
#632=FACE_OUTER_BOUND('',#1041,.T.);
#633=FACE_OUTER_BOUND('',#1042,.T.);
#634=FACE_OUTER_BOUND('',#1043,.T.);
#635=FACE_OUTER_BOUND('',#1044,.T.);
#636=FACE_OUTER_BOUND('',#1045,.T.);
#637=FACE_OUTER_BOUND('',#1046,.T.);
#638=FACE_OUTER_BOUND('',#1047,.T.);
#639=FACE_OUTER_BOUND('',#1048,.T.);
#640=FACE_OUTER_BOUND('',#1049,.T.);
#641=FACE_OUTER_BOUND('',#1050,.T.);
#642=FACE_OUTER_BOUND('',#1051,.T.);
#643=FACE_OUTER_BOUND('',#1052,.T.);
#644=FACE_OUTER_BOUND('',#1053,.T.);
#645=FACE_OUTER_BOUND('',#1054,.T.);
#646=FACE_OUTER_BOUND('',#1055,.T.);
#647=FACE_OUTER_BOUND('',#1056,.T.);
#648=FACE_OUTER_BOUND('',#1057,.T.);
#649=FACE_OUTER_BOUND('',#1058,.T.);
#650=FACE_OUTER_BOUND('',#1059,.T.);
#651=FACE_OUTER_BOUND('',#1060,.T.);
#652=FACE_OUTER_BOUND('',#1061,.T.);
#653=FACE_OUTER_BOUND('',#1062,.T.);
#654=FACE_OUTER_BOUND('',#1063,.T.);
#655=FACE_OUTER_BOUND('',#1064,.T.);
#656=FACE_OUTER_BOUND('',#1065,.T.);
#657=FACE_OUTER_BOUND('',#1066,.T.);
#658=FACE_OUTER_BOUND('',#1067,.T.);
#659=FACE_OUTER_BOUND('',#1068,.T.);
#660=FACE_OUTER_BOUND('',#1069,.T.);
#661=FACE_OUTER_BOUND('',#1070,.T.);
#662=FACE_OUTER_BOUND('',#1071,.T.);
#663=FACE_OUTER_BOUND('',#1072,.T.);
#664=FACE_OUTER_BOUND('',#1073,.T.);
#665=FACE_OUTER_BOUND('',#1074,.T.);
#666=FACE_OUTER_BOUND('',#1075,.T.);
#667=FACE_OUTER_BOUND('',#1076,.T.);
#668=FACE_OUTER_BOUND('',#1077,.T.);
#669=FACE_OUTER_BOUND('',#1078,.T.);
#670=FACE_OUTER_BOUND('',#1079,.T.);
#671=FACE_OUTER_BOUND('',#1080,.T.);
#672=FACE_OUTER_BOUND('',#1081,.T.);
#673=FACE_OUTER_BOUND('',#1082,.T.);
#674=FACE_OUTER_BOUND('',#1083,.T.);
#675=FACE_OUTER_BOUND('',#1084,.T.);
#676=FACE_OUTER_BOUND('',#1085,.T.);
#677=FACE_OUTER_BOUND('',#1086,.T.);
#678=FACE_OUTER_BOUND('',#1087,.T.);
#679=FACE_OUTER_BOUND('',#1088,.T.);
#680=FACE_OUTER_BOUND('',#1089,.T.);
#681=FACE_OUTER_BOUND('',#1090,.T.);
#682=FACE_OUTER_BOUND('',#1091,.T.);
#683=FACE_OUTER_BOUND('',#1092,.T.);
#684=FACE_OUTER_BOUND('',#1093,.T.);
#685=FACE_OUTER_BOUND('',#1094,.T.);
#686=FACE_OUTER_BOUND('',#1095,.T.);
#687=FACE_OUTER_BOUND('',#1096,.T.);
#688=FACE_OUTER_BOUND('',#1097,.T.);
#689=FACE_OUTER_BOUND('',#1098,.T.);
#690=FACE_OUTER_BOUND('',#1099,.T.);
#691=FACE_OUTER_BOUND('',#1100,.T.);
#692=FACE_OUTER_BOUND('',#1101,.T.);
#693=FACE_OUTER_BOUND('',#1102,.T.);
#694=FACE_OUTER_BOUND('',#1103,.T.);
#695=FACE_OUTER_BOUND('',#1104,.T.);
#696=FACE_OUTER_BOUND('',#1105,.T.);
#697=FACE_OUTER_BOUND('',#1106,.T.);
#698=FACE_OUTER_BOUND('',#1107,.T.);
#699=FACE_OUTER_BOUND('',#1108,.T.);
#700=FACE_OUTER_BOUND('',#1109,.T.);
#701=FACE_OUTER_BOUND('',#1110,.T.);
#702=FACE_OUTER_BOUND('',#1111,.T.);
#703=FACE_OUTER_BOUND('',#1112,.T.);
#704=FACE_OUTER_BOUND('',#1113,.T.);
#705=FACE_OUTER_BOUND('',#1114,.T.);
#706=FACE_OUTER_BOUND('',#1115,.T.);
#707=FACE_OUTER_BOUND('',#1116,.T.);
#708=FACE_OUTER_BOUND('',#1117,.T.);
#709=FACE_OUTER_BOUND('',#1118,.T.);
#710=FACE_OUTER_BOUND('',#1119,.T.);
#711=FACE_OUTER_BOUND('',#1120,.T.);
#712=FACE_OUTER_BOUND('',#1121,.T.);
#713=FACE_OUTER_BOUND('',#1122,.T.);
#714=FACE_OUTER_BOUND('',#1123,.T.);
#715=FACE_OUTER_BOUND('',#1124,.T.);
#716=FACE_OUTER_BOUND('',#1125,.T.);
#717=FACE_OUTER_BOUND('',#1126,.T.);
#718=FACE_OUTER_BOUND('',#1127,.T.);
#719=FACE_OUTER_BOUND('',#1128,.T.);
#720=FACE_OUTER_BOUND('',#1129,.T.);
#721=FACE_OUTER_BOUND('',#1130,.T.);
#722=FACE_OUTER_BOUND('',#1131,.T.);
#723=FACE_OUTER_BOUND('',#1132,.T.);
#724=FACE_OUTER_BOUND('',#1133,.T.);
#725=FACE_OUTER_BOUND('',#1134,.T.);
#726=FACE_OUTER_BOUND('',#1135,.T.);
#727=FACE_OUTER_BOUND('',#1136,.T.);
#728=FACE_OUTER_BOUND('',#1137,.T.);
#729=FACE_OUTER_BOUND('',#1138,.T.);
#730=FACE_OUTER_BOUND('',#1139,.T.);
#731=FACE_OUTER_BOUND('',#1140,.T.);
#732=FACE_OUTER_BOUND('',#1141,.T.);
#733=FACE_OUTER_BOUND('',#1142,.T.);
#734=FACE_OUTER_BOUND('',#1143,.T.);
#735=FACE_OUTER_BOUND('',#1144,.T.);
#736=FACE_OUTER_BOUND('',#1145,.T.);
#737=FACE_OUTER_BOUND('',#1146,.T.);
#738=FACE_OUTER_BOUND('',#1147,.T.);
#739=FACE_OUTER_BOUND('',#1148,.T.);
#740=FACE_OUTER_BOUND('',#1149,.T.);
#741=FACE_OUTER_BOUND('',#1150,.T.);
#742=FACE_OUTER_BOUND('',#1151,.T.);
#743=FACE_OUTER_BOUND('',#1152,.T.);
#744=FACE_OUTER_BOUND('',#1153,.T.);
#745=FACE_OUTER_BOUND('',#1154,.T.);
#746=FACE_OUTER_BOUND('',#1155,.T.);
#747=FACE_OUTER_BOUND('',#1156,.T.);
#748=FACE_OUTER_BOUND('',#1157,.T.);
#749=FACE_OUTER_BOUND('',#1158,.T.);
#750=FACE_OUTER_BOUND('',#1159,.T.);
#751=FACE_OUTER_BOUND('',#1160,.T.);
#752=FACE_OUTER_BOUND('',#1161,.T.);
#753=FACE_OUTER_BOUND('',#1162,.T.);
#754=FACE_OUTER_BOUND('',#1163,.T.);
#755=FACE_OUTER_BOUND('',#1164,.T.);
#756=FACE_OUTER_BOUND('',#1165,.T.);
#757=FACE_OUTER_BOUND('',#1166,.T.);
#758=FACE_OUTER_BOUND('',#1167,.T.);
#759=FACE_OUTER_BOUND('',#1168,.T.);
#760=FACE_OUTER_BOUND('',#1169,.T.);
#761=FACE_OUTER_BOUND('',#1170,.T.);
#762=FACE_OUTER_BOUND('',#1171,.T.);
#763=FACE_OUTER_BOUND('',#1172,.T.);
#764=FACE_OUTER_BOUND('',#1173,.T.);
#765=FACE_OUTER_BOUND('',#1174,.T.);
#766=FACE_OUTER_BOUND('',#1175,.T.);
#767=FACE_OUTER_BOUND('',#1176,.T.);
#768=FACE_OUTER_BOUND('',#1177,.T.);
#769=FACE_OUTER_BOUND('',#1178,.T.);
#770=FACE_OUTER_BOUND('',#1179,.T.);
#771=FACE_OUTER_BOUND('',#1181,.T.);
#772=FACE_OUTER_BOUND('',#1182,.T.);
#773=FACE_OUTER_BOUND('',#1183,.T.);
#774=FACE_OUTER_BOUND('',#1184,.T.);
#775=FACE_OUTER_BOUND('',#1185,.T.);
#776=FACE_OUTER_BOUND('',#1186,.T.);
#777=FACE_OUTER_BOUND('',#1187,.T.);
#778=FACE_OUTER_BOUND('',#1188,.T.);
#779=FACE_OUTER_BOUND('',#1189,.T.);
#780=FACE_OUTER_BOUND('',#1190,.T.);
#781=FACE_OUTER_BOUND('',#1191,.T.);
#782=FACE_OUTER_BOUND('',#1192,.T.);
#783=FACE_OUTER_BOUND('',#1193,.T.);
#784=FACE_OUTER_BOUND('',#1194,.T.);
#785=FACE_OUTER_BOUND('',#1195,.T.);
#786=FACE_OUTER_BOUND('',#1196,.T.);
#787=FACE_OUTER_BOUND('',#1197,.T.);
#788=FACE_OUTER_BOUND('',#1198,.T.);
#789=FACE_OUTER_BOUND('',#1199,.T.);
#790=FACE_OUTER_BOUND('',#1200,.T.);
#791=FACE_OUTER_BOUND('',#1201,.T.);
#792=FACE_OUTER_BOUND('',#1203,.T.);
#793=FACE_OUTER_BOUND('',#1204,.T.);
#794=FACE_OUTER_BOUND('',#1205,.T.);
#795=FACE_OUTER_BOUND('',#1222,.T.);
#796=FACE_OUTER_BOUND('',#1223,.T.);
#797=FACE_OUTER_BOUND('',#1224,.T.);
#798=FACE_OUTER_BOUND('',#1225,.T.);
#799=FACE_OUTER_BOUND('',#1226,.T.);
#800=FACE_OUTER_BOUND('',#1227,.T.);
#801=FACE_OUTER_BOUND('',#1228,.T.);
#802=FACE_OUTER_BOUND('',#1229,.T.);
#803=EDGE_LOOP('',(#4486,#4487,#4488,#4489));
#804=EDGE_LOOP('',(#4490));
#805=EDGE_LOOP('',(#4491,#4492,#4493,#4494));
#806=EDGE_LOOP('',(#4495));
#807=EDGE_LOOP('',(#4496,#4497,#4498,#4499));
#808=EDGE_LOOP('',(#4500));
#809=EDGE_LOOP('',(#4501,#4502,#4503,#4504));
#810=EDGE_LOOP('',(#4505));
#811=EDGE_LOOP('',(#4506,#4507,#4508,#4509));
#812=EDGE_LOOP('',(#4510));
#813=EDGE_LOOP('',(#4511));
#814=EDGE_LOOP('',(#4512,#4513,#4514,#4515));
#815=EDGE_LOOP('',(#4516));
#816=EDGE_LOOP('',(#4517));
#817=EDGE_LOOP('',(#4518,#4519,#4520,#4521));
#818=EDGE_LOOP('',(#4522,#4523,#4524,#4525));
#819=EDGE_LOOP('',(#4526,#4527,#4528,#4529,#4530,#4531,#4532,#4533,#4534,
#4535));
#820=EDGE_LOOP('',(#4536,#4537,#4538,#4539));
#821=EDGE_LOOP('',(#4540,#4541,#4542,#4543));
#822=EDGE_LOOP('',(#4544,#4545,#4546,#4547,#4548,#4549,#4550,#4551,#4552,
#4553,#4554,#4555,#4556,#4557,#4558,#4559,#4560,#4561,#4562,#4563,#4564,
#4565,#4566,#4567,#4568,#4569,#4570,#4571,#4572,#4573,#4574,#4575,#4576,
#4577,#4578,#4579,#4580,#4581,#4582,#4583,#4584,#4585,#4586,#4587,#4588,
#4589,#4590,#4591,#4592,#4593,#4594,#4595,#4596,#4597,#4598));
#823=EDGE_LOOP('',(#4599));
#824=EDGE_LOOP('',(#4600));
#825=EDGE_LOOP('',(#4601,#4602,#4603,#4604,#4605,#4606,#4607,#4608));
#826=EDGE_LOOP('',(#4609,#4610,#4611,#4612,#4613,#4614,#4615,#4616));
#827=EDGE_LOOP('',(#4617,#4618,#4619,#4620,#4621,#4622,#4623,#4624));
#828=EDGE_LOOP('',(#4625,#4626,#4627,#4628,#4629,#4630,#4631,#4632));
#829=EDGE_LOOP('',(#4633,#4634,#4635,#4636,#4637,#4638,#4639,#4640));
#830=EDGE_LOOP('',(#4641,#4642,#4643,#4644,#4645,#4646,#4647,#4648));
#831=EDGE_LOOP('',(#4649,#4650,#4651,#4652,#4653,#4654,#4655,#4656));
#832=EDGE_LOOP('',(#4657,#4658,#4659,#4660,#4661,#4662,#4663,#4664));
#833=EDGE_LOOP('',(#4665,#4666,#4667,#4668,#4669,#4670,#4671,#4672));
#834=EDGE_LOOP('',(#4673,#4674,#4675,#4676,#4677,#4678,#4679,#4680));
#835=EDGE_LOOP('',(#4681,#4682,#4683,#4684,#4685,#4686,#4687,#4688));
#836=EDGE_LOOP('',(#4689,#4690,#4691,#4692,#4693,#4694,#4695,#4696));
#837=EDGE_LOOP('',(#4697,#4698,#4699,#4700,#4701,#4702,#4703,#4704));
#838=EDGE_LOOP('',(#4705));
#839=EDGE_LOOP('',(#4706,#4707,#4708,#4709,#4710,#4711,#4712,#4713));
#840=EDGE_LOOP('',(#4714,#4715,#4716,#4717,#4718,#4719,#4720,#4721));
#841=EDGE_LOOP('',(#4722,#4723,#4724,#4725,#4726,#4727,#4728,#4729));
#842=EDGE_LOOP('',(#4730,#4731,#4732,#4733,#4734,#4735,#4736,#4737));
#843=EDGE_LOOP('',(#4738,#4739,#4740,#4741,#4742,#4743,#4744,#4745));
#844=EDGE_LOOP('',(#4746));
#845=EDGE_LOOP('',(#4747,#4748,#4749,#4750));
#846=EDGE_LOOP('',(#4751,#4752,#4753,#4754));
#847=EDGE_LOOP('',(#4755,#4756,#4757,#4758));
#848=EDGE_LOOP('',(#4759,#4760,#4761,#4762));
#849=EDGE_LOOP('',(#4763,#4764,#4765,#4766));
#850=EDGE_LOOP('',(#4767,#4768,#4769,#4770,#4771,#4772,#4773,#4774,#4775,
#4776,#4777));
#851=EDGE_LOOP('',(#4778,#4779,#4780,#4781));
#852=EDGE_LOOP('',(#4782,#4783,#4784,#4785));
#853=EDGE_LOOP('',(#4786,#4787,#4788,#4789,#4790,#4791,#4792,#4793,#4794,
#4795,#4796,#4797,#4798));
#854=EDGE_LOOP('',(#4799,#4800,#4801,#4802));
#855=EDGE_LOOP('',(#4803,#4804,#4805,#4806));
#856=EDGE_LOOP('',(#4807,#4808,#4809,#4810,#4811,#4812,#4813,#4814,#4815));
#857=EDGE_LOOP('',(#4816,#4817,#4818,#4819));
#858=EDGE_LOOP('',(#4820,#4821,#4822,#4823));
#859=EDGE_LOOP('',(#4824,#4825,#4826,#4827));
#860=EDGE_LOOP('',(#4828,#4829,#4830,#4831));
#861=EDGE_LOOP('',(#4832,#4833,#4834,#4835,#4836,#4837,#4838,#4839,#4840,
#4841));
#862=EDGE_LOOP('',(#4842,#4843,#4844,#4845));
#863=EDGE_LOOP('',(#4846,#4847,#4848,#4849));
#864=EDGE_LOOP('',(#4850,#4851,#4852,#4853,#4854,#4855,#4856,#4857,#4858,
#4859,#4860,#4861,#4862,#4863,#4864,#4865,#4866,#4867,#4868,#4869,#4870,
#4871,#4872,#4873,#4874,#4875,#4876,#4877,#4878,#4879,#4880,#4881,#4882,
#4883,#4884,#4885,#4886,#4887,#4888,#4889,#4890,#4891,#4892,#4893,#4894,
#4895,#4896,#4897,#4898,#4899,#4900,#4901,#4902,#4903,#4904,#4905));
#865=EDGE_LOOP('',(#4906,#4907,#4908,#4909));
#866=EDGE_LOOP('',(#4910,#4911,#4912,#4913));
#867=EDGE_LOOP('',(#4914,#4915,#4916,#4917));
#868=EDGE_LOOP('',(#4918,#4919,#4920,#4921));
#869=EDGE_LOOP('',(#4922,#4923,#4924,#4925));
#870=EDGE_LOOP('',(#4926,#4927,#4928,#4929));
#871=EDGE_LOOP('',(#4930));
#872=EDGE_LOOP('',(#4931));
#873=EDGE_LOOP('',(#4932));
#874=EDGE_LOOP('',(#4933,#4934,#4935,#4936));
#875=EDGE_LOOP('',(#4937,#4938,#4939,#4940,#4941));
#876=EDGE_LOOP('',(#4942,#4943,#4944,#4945));
#877=EDGE_LOOP('',(#4946));
#878=EDGE_LOOP('',(#4947,#4948,#4949,#4950));
#879=EDGE_LOOP('',(#4951));
#880=EDGE_LOOP('',(#4952));
#881=EDGE_LOOP('',(#4953,#4954,#4955,#4956,#4957,#4958));
#882=EDGE_LOOP('',(#4959,#4960,#4961,#4962));
#883=EDGE_LOOP('',(#4963,#4964,#4965,#4966));
#884=EDGE_LOOP('',(#4967,#4968,#4969,#4970));
#885=EDGE_LOOP('',(#4971,#4972,#4973,#4974));
#886=EDGE_LOOP('',(#4975,#4976,#4977,#4978));
#887=EDGE_LOOP('',(#4979,#4980,#4981,#4982));
#888=EDGE_LOOP('',(#4983,#4984,#4985,#4986));
#889=EDGE_LOOP('',(#4987,#4988,#4989,#4990));
#890=EDGE_LOOP('',(#4991,#4992,#4993));
#891=EDGE_LOOP('',(#4994,#4995,#4996,#4997));
#892=EDGE_LOOP('',(#4998,#4999,#5000,#5001));
#893=EDGE_LOOP('',(#5002,#5003,#5004,#5005));
#894=EDGE_LOOP('',(#5006,#5007,#5008,#5009));
#895=EDGE_LOOP('',(#5010,#5011,#5012,#5013));
#896=EDGE_LOOP('',(#5014,#5015,#5016,#5017));
#897=EDGE_LOOP('',(#5018,#5019,#5020,#5021));
#898=EDGE_LOOP('',(#5022,#5023,#5024,#5025));
#899=EDGE_LOOP('',(#5026,#5027,#5028,#5029));
#900=EDGE_LOOP('',(#5030,#5031,#5032,#5033));
#901=EDGE_LOOP('',(#5034,#5035,#5036,#5037));
#902=EDGE_LOOP('',(#5038,#5039,#5040,#5041));
#903=EDGE_LOOP('',(#5042,#5043,#5044,#5045));
#904=EDGE_LOOP('',(#5046,#5047,#5048,#5049));
#905=EDGE_LOOP('',(#5050,#5051,#5052,#5053));
#906=EDGE_LOOP('',(#5054,#5055,#5056,#5057));
#907=EDGE_LOOP('',(#5058,#5059,#5060,#5061));
#908=EDGE_LOOP('',(#5062,#5063,#5064,#5065));
#909=EDGE_LOOP('',(#5066,#5067,#5068,#5069));
#910=EDGE_LOOP('',(#5070,#5071,#5072,#5073));
#911=EDGE_LOOP('',(#5074,#5075,#5076,#5077));
#912=EDGE_LOOP('',(#5078,#5079,#5080,#5081));
#913=EDGE_LOOP('',(#5082,#5083,#5084,#5085));
#914=EDGE_LOOP('',(#5086,#5087,#5088,#5089));
#915=EDGE_LOOP('',(#5090,#5091,#5092,#5093));
#916=EDGE_LOOP('',(#5094,#5095,#5096,#5097));
#917=EDGE_LOOP('',(#5098,#5099,#5100,#5101));
#918=EDGE_LOOP('',(#5102,#5103,#5104,#5105));
#919=EDGE_LOOP('',(#5106,#5107,#5108,#5109));
#920=EDGE_LOOP('',(#5110,#5111,#5112,#5113));
#921=EDGE_LOOP('',(#5114,#5115,#5116,#5117));
#922=EDGE_LOOP('',(#5118,#5119,#5120,#5121));
#923=EDGE_LOOP('',(#5122,#5123,#5124,#5125));
#924=EDGE_LOOP('',(#5126,#5127,#5128,#5129));
#925=EDGE_LOOP('',(#5130,#5131,#5132,#5133,#5134));
#926=EDGE_LOOP('',(#5135,#5136,#5137,#5138));
#927=EDGE_LOOP('',(#5139,#5140,#5141,#5142));
#928=EDGE_LOOP('',(#5143,#5144,#5145,#5146));
#929=EDGE_LOOP('',(#5147,#5148,#5149,#5150));
#930=EDGE_LOOP('',(#5151,#5152,#5153,#5154));
#931=EDGE_LOOP('',(#5155,#5156,#5157,#5158));
#932=EDGE_LOOP('',(#5159,#5160,#5161,#5162));
#933=EDGE_LOOP('',(#5163,#5164,#5165,#5166));
#934=EDGE_LOOP('',(#5167,#5168,#5169,#5170));
#935=EDGE_LOOP('',(#5171,#5172,#5173,#5174));
#936=EDGE_LOOP('',(#5175,#5176,#5177,#5178));
#937=EDGE_LOOP('',(#5179,#5180,#5181,#5182));
#938=EDGE_LOOP('',(#5183,#5184,#5185,#5186));
#939=EDGE_LOOP('',(#5187,#5188,#5189,#5190));
#940=EDGE_LOOP('',(#5191,#5192,#5193,#5194));
#941=EDGE_LOOP('',(#5195,#5196,#5197,#5198));
#942=EDGE_LOOP('',(#5199,#5200,#5201,#5202));
#943=EDGE_LOOP('',(#5203,#5204,#5205,#5206));
#944=EDGE_LOOP('',(#5207,#5208,#5209,#5210));
#945=EDGE_LOOP('',(#5211,#5212,#5213,#5214));
#946=EDGE_LOOP('',(#5215,#5216,#5217,#5218));
#947=EDGE_LOOP('',(#5219,#5220,#5221,#5222));
#948=EDGE_LOOP('',(#5223,#5224,#5225,#5226));
#949=EDGE_LOOP('',(#5227,#5228,#5229,#5230));
#950=EDGE_LOOP('',(#5231,#5232,#5233,#5234));
#951=EDGE_LOOP('',(#5235,#5236,#5237,#5238));
#952=EDGE_LOOP('',(#5239,#5240,#5241,#5242));
#953=EDGE_LOOP('',(#5243,#5244,#5245,#5246));
#954=EDGE_LOOP('',(#5247,#5248,#5249,#5250));
#955=EDGE_LOOP('',(#5251,#5252,#5253,#5254));
#956=EDGE_LOOP('',(#5255,#5256,#5257,#5258));
#957=EDGE_LOOP('',(#5259,#5260,#5261,#5262));
#958=EDGE_LOOP('',(#5263,#5264,#5265,#5266));
#959=EDGE_LOOP('',(#5267,#5268,#5269,#5270));
#960=EDGE_LOOP('',(#5271,#5272,#5273,#5274));
#961=EDGE_LOOP('',(#5275,#5276,#5277,#5278));
#962=EDGE_LOOP('',(#5279,#5280,#5281,#5282));
#963=EDGE_LOOP('',(#5283,#5284,#5285,#5286));
#964=EDGE_LOOP('',(#5287,#5288,#5289,#5290));
#965=EDGE_LOOP('',(#5291,#5292,#5293,#5294));
#966=EDGE_LOOP('',(#5295,#5296,#5297,#5298));
#967=EDGE_LOOP('',(#5299,#5300,#5301,#5302));
#968=EDGE_LOOP('',(#5303,#5304,#5305,#5306));
#969=EDGE_LOOP('',(#5307,#5308,#5309,#5310));
#970=EDGE_LOOP('',(#5311,#5312,#5313,#5314));
#971=EDGE_LOOP('',(#5315,#5316,#5317,#5318));
#972=EDGE_LOOP('',(#5319,#5320,#5321,#5322));
#973=EDGE_LOOP('',(#5323,#5324,#5325,#5326));
#974=EDGE_LOOP('',(#5327,#5328,#5329,#5330));
#975=EDGE_LOOP('',(#5331,#5332,#5333,#5334));
#976=EDGE_LOOP('',(#5335,#5336,#5337,#5338));
#977=EDGE_LOOP('',(#5339,#5340,#5341,#5342));
#978=EDGE_LOOP('',(#5343,#5344,#5345,#5346));
#979=EDGE_LOOP('',(#5347,#5348,#5349,#5350));
#980=EDGE_LOOP('',(#5351,#5352,#5353,#5354));
#981=EDGE_LOOP('',(#5355,#5356,#5357,#5358));
#982=EDGE_LOOP('',(#5359,#5360,#5361,#5362));
#983=EDGE_LOOP('',(#5363,#5364,#5365,#5366));
#984=EDGE_LOOP('',(#5367,#5368,#5369,#5370));
#985=EDGE_LOOP('',(#5371,#5372,#5373,#5374));
#986=EDGE_LOOP('',(#5375,#5376,#5377,#5378));
#987=EDGE_LOOP('',(#5379,#5380,#5381,#5382));
#988=EDGE_LOOP('',(#5383,#5384,#5385,#5386));
#989=EDGE_LOOP('',(#5387,#5388,#5389,#5390));
#990=EDGE_LOOP('',(#5391,#5392,#5393,#5394));
#991=EDGE_LOOP('',(#5395,#5396,#5397,#5398));
#992=EDGE_LOOP('',(#5399,#5400,#5401,#5402));
#993=EDGE_LOOP('',(#5403,#5404,#5405,#5406));
#994=EDGE_LOOP('',(#5407,#5408,#5409,#5410));
#995=EDGE_LOOP('',(#5411,#5412,#5413,#5414));
#996=EDGE_LOOP('',(#5415,#5416,#5417,#5418));
#997=EDGE_LOOP('',(#5419,#5420,#5421,#5422));
#998=EDGE_LOOP('',(#5423,#5424,#5425,#5426));
#999=EDGE_LOOP('',(#5427,#5428,#5429,#5430));
#1000=EDGE_LOOP('',(#5431,#5432,#5433,#5434));
#1001=EDGE_LOOP('',(#5435,#5436,#5437,#5438));
#1002=EDGE_LOOP('',(#5439,#5440,#5441,#5442));
#1003=EDGE_LOOP('',(#5443,#5444,#5445,#5446));
#1004=EDGE_LOOP('',(#5447,#5448,#5449,#5450));
#1005=EDGE_LOOP('',(#5451,#5452,#5453,#5454));
#1006=EDGE_LOOP('',(#5455,#5456,#5457,#5458));
#1007=EDGE_LOOP('',(#5459,#5460,#5461,#5462));
#1008=EDGE_LOOP('',(#5463,#5464,#5465,#5466));
#1009=EDGE_LOOP('',(#5467,#5468,#5469,#5470));
#1010=EDGE_LOOP('',(#5471,#5472,#5473,#5474));
#1011=EDGE_LOOP('',(#5475,#5476,#5477,#5478));
#1012=EDGE_LOOP('',(#5479,#5480,#5481,#5482));
#1013=EDGE_LOOP('',(#5483,#5484,#5485,#5486));
#1014=EDGE_LOOP('',(#5487,#5488,#5489,#5490));
#1015=EDGE_LOOP('',(#5491,#5492,#5493,#5494));
#1016=EDGE_LOOP('',(#5495,#5496,#5497,#5498));
#1017=EDGE_LOOP('',(#5499,#5500,#5501,#5502,#5503,#5504,#5505,#5506,#5507,
#5508,#5509,#5510,#5511,#5512));
#1018=EDGE_LOOP('',(#5513));
#1019=EDGE_LOOP('',(#5514));
#1020=EDGE_LOOP('',(#5515,#5516,#5517,#5518));
#1021=EDGE_LOOP('',(#5519,#5520,#5521,#5522,#5523,#5524,#5525,#5526,#5527,
#5528));
#1022=EDGE_LOOP('',(#5529));
#1023=EDGE_LOOP('',(#5530));
#1024=EDGE_LOOP('',(#5531,#5532,#5533,#5534));
#1025=EDGE_LOOP('',(#5535,#5536,#5537,#5538));
#1026=EDGE_LOOP('',(#5539,#5540,#5541,#5542));
#1027=EDGE_LOOP('',(#5543,#5544,#5545,#5546));
#1028=EDGE_LOOP('',(#5547,#5548,#5549,#5550));
#1029=EDGE_LOOP('',(#5551,#5552,#5553,#5554));
#1030=EDGE_LOOP('',(#5555,#5556,#5557,#5558));
#1031=EDGE_LOOP('',(#5559,#5560,#5561,#5562));
#1032=EDGE_LOOP('',(#5563,#5564,#5565,#5566));
#1033=EDGE_LOOP('',(#5567,#5568,#5569,#5570));
#1034=EDGE_LOOP('',(#5571,#5572,#5573,#5574));
#1035=EDGE_LOOP('',(#5575,#5576,#5577,#5578));
#1036=EDGE_LOOP('',(#5579,#5580,#5581,#5582));
#1037=EDGE_LOOP('',(#5583,#5584,#5585,#5586,#5587));
#1038=EDGE_LOOP('',(#5588,#5589,#5590,#5591));
#1039=EDGE_LOOP('',(#5592,#5593,#5594,#5595,#5596,#5597));
#1040=EDGE_LOOP('',(#5598,#5599,#5600,#5601));
#1041=EDGE_LOOP('',(#5602,#5603,#5604,#5605));
#1042=EDGE_LOOP('',(#5606,#5607,#5608,#5609,#5610));
#1043=EDGE_LOOP('',(#5611,#5612,#5613,#5614));
#1044=EDGE_LOOP('',(#5615,#5616,#5617,#5618));
#1045=EDGE_LOOP('',(#5619,#5620,#5621,#5622));
#1046=EDGE_LOOP('',(#5623,#5624,#5625,#5626));
#1047=EDGE_LOOP('',(#5627,#5628,#5629,#5630));
#1048=EDGE_LOOP('',(#5631,#5632,#5633,#5634));
#1049=EDGE_LOOP('',(#5635,#5636,#5637,#5638));
#1050=EDGE_LOOP('',(#5639,#5640,#5641,#5642));
#1051=EDGE_LOOP('',(#5643,#5644,#5645,#5646));
#1052=EDGE_LOOP('',(#5647,#5648,#5649,#5650));
#1053=EDGE_LOOP('',(#5651,#5652,#5653,#5654));
#1054=EDGE_LOOP('',(#5655,#5656,#5657,#5658));
#1055=EDGE_LOOP('',(#5659,#5660,#5661,#5662));
#1056=EDGE_LOOP('',(#5663,#5664,#5665,#5666));
#1057=EDGE_LOOP('',(#5667,#5668,#5669,#5670));
#1058=EDGE_LOOP('',(#5671,#5672,#5673,#5674));
#1059=EDGE_LOOP('',(#5675,#5676,#5677,#5678));
#1060=EDGE_LOOP('',(#5679,#5680,#5681,#5682,#5683,#5684));
#1061=EDGE_LOOP('',(#5685,#5686,#5687,#5688,#5689,#5690));
#1062=EDGE_LOOP('',(#5691,#5692,#5693,#5694,#5695,#5696));
#1063=EDGE_LOOP('',(#5697,#5698,#5699,#5700));
#1064=EDGE_LOOP('',(#5701,#5702,#5703,#5704,#5705,#5706));
#1065=EDGE_LOOP('',(#5707,#5708,#5709,#5710));
#1066=EDGE_LOOP('',(#5711,#5712,#5713,#5714));
#1067=EDGE_LOOP('',(#5715,#5716,#5717,#5718));
#1068=EDGE_LOOP('',(#5719,#5720,#5721,#5722));
#1069=EDGE_LOOP('',(#5723,#5724,#5725,#5726));
#1070=EDGE_LOOP('',(#5727,#5728,#5729,#5730));
#1071=EDGE_LOOP('',(#5731,#5732,#5733,#5734));
#1072=EDGE_LOOP('',(#5735,#5736,#5737,#5738));
#1073=EDGE_LOOP('',(#5739,#5740,#5741,#5742));
#1074=EDGE_LOOP('',(#5743,#5744,#5745,#5746));
#1075=EDGE_LOOP('',(#5747,#5748,#5749,#5750));
#1076=EDGE_LOOP('',(#5751,#5752,#5753));
#1077=EDGE_LOOP('',(#5754,#5755,#5756,#5757,#5758));
#1078=EDGE_LOOP('',(#5759,#5760,#5761,#5762));
#1079=EDGE_LOOP('',(#5763,#5764,#5765,#5766));
#1080=EDGE_LOOP('',(#5767,#5768,#5769,#5770));
#1081=EDGE_LOOP('',(#5771,#5772,#5773,#5774));
#1082=EDGE_LOOP('',(#5775,#5776,#5777,#5778));
#1083=EDGE_LOOP('',(#5779,#5780,#5781,#5782));
#1084=EDGE_LOOP('',(#5783,#5784,#5785,#5786));
#1085=EDGE_LOOP('',(#5787,#5788,#5789,#5790));
#1086=EDGE_LOOP('',(#5791,#5792,#5793,#5794));
#1087=EDGE_LOOP('',(#5795,#5796,#5797,#5798));
#1088=EDGE_LOOP('',(#5799,#5800,#5801,#5802));
#1089=EDGE_LOOP('',(#5803,#5804,#5805,#5806));
#1090=EDGE_LOOP('',(#5807,#5808,#5809,#5810));
#1091=EDGE_LOOP('',(#5811,#5812,#5813,#5814));
#1092=EDGE_LOOP('',(#5815,#5816,#5817,#5818));
#1093=EDGE_LOOP('',(#5819,#5820,#5821,#5822));
#1094=EDGE_LOOP('',(#5823,#5824,#5825,#5826));
#1095=EDGE_LOOP('',(#5827,#5828,#5829,#5830));
#1096=EDGE_LOOP('',(#5831,#5832,#5833,#5834));
#1097=EDGE_LOOP('',(#5835,#5836,#5837,#5838));
#1098=EDGE_LOOP('',(#5839,#5840,#5841,#5842));
#1099=EDGE_LOOP('',(#5843,#5844,#5845,#5846));
#1100=EDGE_LOOP('',(#5847,#5848,#5849,#5850));
#1101=EDGE_LOOP('',(#5851,#5852,#5853,#5854));
#1102=EDGE_LOOP('',(#5855,#5856,#5857,#5858));
#1103=EDGE_LOOP('',(#5859,#5860,#5861,#5862));
#1104=EDGE_LOOP('',(#5863,#5864,#5865,#5866));
#1105=EDGE_LOOP('',(#5867,#5868,#5869,#5870));
#1106=EDGE_LOOP('',(#5871,#5872,#5873,#5874));
#1107=EDGE_LOOP('',(#5875,#5876,#5877,#5878,#5879,#5880));
#1108=EDGE_LOOP('',(#5881,#5882,#5883,#5884));
#1109=EDGE_LOOP('',(#5885,#5886,#5887,#5888));
#1110=EDGE_LOOP('',(#5889,#5890,#5891,#5892));
#1111=EDGE_LOOP('',(#5893,#5894,#5895,#5896));
#1112=EDGE_LOOP('',(#5897,#5898,#5899,#5900));
#1113=EDGE_LOOP('',(#5901,#5902,#5903,#5904));
#1114=EDGE_LOOP('',(#5905,#5906,#5907,#5908));
#1115=EDGE_LOOP('',(#5909,#5910,#5911,#5912));
#1116=EDGE_LOOP('',(#5913,#5914,#5915,#5916));
#1117=EDGE_LOOP('',(#5917,#5918,#5919,#5920));
#1118=EDGE_LOOP('',(#5921,#5922,#5923,#5924));
#1119=EDGE_LOOP('',(#5925,#5926,#5927,#5928));
#1120=EDGE_LOOP('',(#5929,#5930,#5931,#5932));
#1121=EDGE_LOOP('',(#5933,#5934,#5935,#5936,#5937,#5938,#5939,#5940,#5941,
#5942,#5943,#5944,#5945,#5946,#5947,#5948,#5949));
#1122=EDGE_LOOP('',(#5950,#5951,#5952,#5953,#5954,#5955,#5956,#5957));
#1123=EDGE_LOOP('',(#5958,#5959,#5960,#5961));
#1124=EDGE_LOOP('',(#5962,#5963,#5964,#5965));
#1125=EDGE_LOOP('',(#5966,#5967,#5968,#5969));
#1126=EDGE_LOOP('',(#5970,#5971,#5972,#5973));
#1127=EDGE_LOOP('',(#5974,#5975,#5976,#5977));
#1128=EDGE_LOOP('',(#5978,#5979,#5980,#5981));
#1129=EDGE_LOOP('',(#5982,#5983,#5984,#5985));
#1130=EDGE_LOOP('',(#5986,#5987,#5988,#5989));
#1131=EDGE_LOOP('',(#5990,#5991,#5992,#5993));
#1132=EDGE_LOOP('',(#5994,#5995,#5996,#5997));
#1133=EDGE_LOOP('',(#5998,#5999,#6000,#6001));
#1134=EDGE_LOOP('',(#6002,#6003,#6004,#6005));
#1135=EDGE_LOOP('',(#6006,#6007,#6008,#6009,#6010,#6011));
#1136=EDGE_LOOP('',(#6012,#6013,#6014,#6015));
#1137=EDGE_LOOP('',(#6016,#6017,#6018,#6019));
#1138=EDGE_LOOP('',(#6020,#6021,#6022,#6023));
#1139=EDGE_LOOP('',(#6024,#6025,#6026,#6027));
#1140=EDGE_LOOP('',(#6028,#6029,#6030,#6031));
#1141=EDGE_LOOP('',(#6032,#6033,#6034,#6035));
#1142=EDGE_LOOP('',(#6036,#6037,#6038,#6039));
#1143=EDGE_LOOP('',(#6040,#6041,#6042,#6043));
#1144=EDGE_LOOP('',(#6044,#6045,#6046,#6047));
#1145=EDGE_LOOP('',(#6048,#6049,#6050,#6051));
#1146=EDGE_LOOP('',(#6052,#6053,#6054,#6055));
#1147=EDGE_LOOP('',(#6056,#6057,#6058,#6059));
#1148=EDGE_LOOP('',(#6060,#6061,#6062,#6063));
#1149=EDGE_LOOP('',(#6064,#6065,#6066,#6067,#6068));
#1150=EDGE_LOOP('',(#6069,#6070,#6071,#6072));
#1151=EDGE_LOOP('',(#6073,#6074,#6075,#6076));
#1152=EDGE_LOOP('',(#6077,#6078,#6079,#6080));
#1153=EDGE_LOOP('',(#6081,#6082,#6083,#6084));
#1154=EDGE_LOOP('',(#6085,#6086,#6087,#6088));
#1155=EDGE_LOOP('',(#6089,#6090,#6091,#6092));
#1156=EDGE_LOOP('',(#6093,#6094,#6095,#6096,#6097,#6098,#6099,#6100));
#1157=EDGE_LOOP('',(#6101,#6102,#6103,#6104));
#1158=EDGE_LOOP('',(#6105,#6106,#6107,#6108));
#1159=EDGE_LOOP('',(#6109,#6110,#6111,#6112));
#1160=EDGE_LOOP('',(#6113,#6114,#6115,#6116));
#1161=EDGE_LOOP('',(#6117,#6118,#6119,#6120));
#1162=EDGE_LOOP('',(#6121,#6122,#6123,#6124));
#1163=EDGE_LOOP('',(#6125,#6126,#6127,#6128));
#1164=EDGE_LOOP('',(#6129,#6130,#6131,#6132));
#1165=EDGE_LOOP('',(#6133,#6134,#6135,#6136));
#1166=EDGE_LOOP('',(#6137,#6138,#6139,#6140));
#1167=EDGE_LOOP('',(#6141,#6142,#6143,#6144));
#1168=EDGE_LOOP('',(#6145,#6146,#6147,#6148));
#1169=EDGE_LOOP('',(#6149,#6150,#6151,#6152));
#1170=EDGE_LOOP('',(#6153,#6154,#6155,#6156));
#1171=EDGE_LOOP('',(#6157,#6158,#6159,#6160));
#1172=EDGE_LOOP('',(#6161,#6162,#6163,#6164,#6165,#6166,#6167));
#1173=EDGE_LOOP('',(#6168,#6169,#6170,#6171));
#1174=EDGE_LOOP('',(#6172,#6173,#6174,#6175));
#1175=EDGE_LOOP('',(#6176,#6177,#6178,#6179));
#1176=EDGE_LOOP('',(#6180,#6181,#6182,#6183));
#1177=EDGE_LOOP('',(#6184,#6185,#6186,#6187));
#1178=EDGE_LOOP('',(#6188,#6189,#6190,#6191));
#1179=EDGE_LOOP('',(#6192,#6193,#6194,#6195,#6196,#6197));
#1180=EDGE_LOOP('',(#6198,#6199,#6200,#6201));
#1181=EDGE_LOOP('',(#6202,#6203,#6204,#6205));
#1182=EDGE_LOOP('',(#6206,#6207,#6208,#6209,#6210));
#1183=EDGE_LOOP('',(#6211,#6212,#6213,#6214));
#1184=EDGE_LOOP('',(#6215,#6216,#6217,#6218));
#1185=EDGE_LOOP('',(#6219,#6220,#6221,#6222));
#1186=EDGE_LOOP('',(#6223,#6224,#6225,#6226,#6227,#6228));
#1187=EDGE_LOOP('',(#6229,#6230,#6231,#6232));
#1188=EDGE_LOOP('',(#6233,#6234,#6235,#6236));
#1189=EDGE_LOOP('',(#6237,#6238,#6239));
#1190=EDGE_LOOP('',(#6240,#6241,#6242,#6243));
#1191=EDGE_LOOP('',(#6244,#6245,#6246,#6247));
#1192=EDGE_LOOP('',(#6248,#6249,#6250,#6251));
#1193=EDGE_LOOP('',(#6252,#6253,#6254,#6255,#6256));
#1194=EDGE_LOOP('',(#6257,#6258,#6259,#6260));
#1195=EDGE_LOOP('',(#6261,#6262,#6263,#6264));
#1196=EDGE_LOOP('',(#6265,#6266,#6267,#6268));
#1197=EDGE_LOOP('',(#6269,#6270,#6271,#6272));
#1198=EDGE_LOOP('',(#6273,#6274,#6275,#6276));
#1199=EDGE_LOOP('',(#6277,#6278,#6279,#6280));
#1200=EDGE_LOOP('',(#6281,#6282,#6283,#6284));
#1201=EDGE_LOOP('',(#6285,#6286,#6287,#6288,#6289,#6290,#6291,#6292,#6293,
#6294,#6295,#6296,#6297,#6298,#6299,#6300,#6301,#6302,#6303,#6304,#6305));
#1202=EDGE_LOOP('',(#6306,#6307,#6308,#6309,#6310,#6311,#6312,#6313));
#1203=EDGE_LOOP('',(#6314,#6315,#6316,#6317));
#1204=EDGE_LOOP('',(#6318,#6319,#6320));
#1205=EDGE_LOOP('',(#6321,#6322,#6323,#6324,#6325,#6326,#6327,#6328,#6329,
#6330,#6331,#6332,#6333,#6334,#6335,#6336,#6337,#6338,#6339,#6340,#6341,
#6342,#6343,#6344,#6345,#6346,#6347,#6348,#6349,#6350,#6351,#6352,#6353,
#6354,#6355,#6356,#6357,#6358,#6359));
#1206=EDGE_LOOP('',(#6360,#6361,#6362,#6363,#6364,#6365,#6366,#6367));
#1207=EDGE_LOOP('',(#6368,#6369,#6370,#6371,#6372,#6373,#6374,#6375));
#1208=EDGE_LOOP('',(#6376,#6377,#6378,#6379,#6380,#6381,#6382,#6383));
#1209=EDGE_LOOP('',(#6384,#6385,#6386,#6387,#6388,#6389,#6390,#6391));
#1210=EDGE_LOOP('',(#6392,#6393,#6394,#6395,#6396,#6397,#6398,#6399));
#1211=EDGE_LOOP('',(#6400,#6401,#6402,#6403,#6404,#6405,#6406,#6407));
#1212=EDGE_LOOP('',(#6408,#6409,#6410,#6411,#6412,#6413,#6414,#6415));
#1213=EDGE_LOOP('',(#6416,#6417,#6418,#6419,#6420,#6421,#6422,#6423));
#1214=EDGE_LOOP('',(#6424,#6425,#6426,#6427,#6428,#6429,#6430,#6431));
#1215=EDGE_LOOP('',(#6432,#6433,#6434,#6435,#6436,#6437,#6438,#6439));
#1216=EDGE_LOOP('',(#6440,#6441,#6442,#6443,#6444,#6445,#6446,#6447));
#1217=EDGE_LOOP('',(#6448,#6449,#6450,#6451,#6452,#6453,#6454,#6455));
#1218=EDGE_LOOP('',(#6456,#6457,#6458,#6459,#6460,#6461,#6462,#6463));
#1219=EDGE_LOOP('',(#6464,#6465,#6466,#6467,#6468,#6469,#6470,#6471));
#1220=EDGE_LOOP('',(#6472,#6473,#6474,#6475,#6476,#6477,#6478,#6479));
#1221=EDGE_LOOP('',(#6480,#6481,#6482,#6483,#6484,#6485,#6486,#6487));
#1222=EDGE_LOOP('',(#6488,#6489,#6490,#6491));
#1223=EDGE_LOOP('',(#6492,#6493,#6494,#6495));
#1224=EDGE_LOOP('',(#6496,#6497,#6498,#6499,#6500));
#1225=EDGE_LOOP('',(#6501,#6502,#6503,#6504,#6505,#6506,#6507,#6508,#6509,
#6510,#6511,#6512,#6513,#6514,#6515,#6516,#6517,#6518,#6519,#6520,#6521,
#6522));
#1226=EDGE_LOOP('',(#6523,#6524,#6525,#6526));
#1227=EDGE_LOOP('',(#6527,#6528,#6529,#6530));
#1228=EDGE_LOOP('',(#6531,#6532,#6533,#6534));
#1229=EDGE_LOOP('',(#6535,#6536,#6537,#6538,#6539,#6540,#6541,#6542,#6543,
#6544,#6545,#6546,#6547,#6548,#6549,#6550,#6551,#6552));
#1230=EDGE_LOOP('',(#6553,#6554,#6555,#6556,#6557,#6558,#6559,#6560,#6561,
#6562,#6563));
#1231=LINE('',#9864,#1875);
#1232=LINE('',#9871,#1876);
#1233=LINE('',#9878,#1877);
#1234=LINE('',#9885,#1878);
#1235=LINE('',#9892,#1879);
#1236=LINE('',#9899,#1880);
#1237=LINE('',#9907,#1881);
#1238=LINE('',#9910,#1882);
#1239=LINE('',#9913,#1883);
#1240=LINE('',#9915,#1884);
#1241=LINE('',#9916,#1885);
#1242=LINE('',#9922,#1886);
#1243=LINE('',#9926,#1887);
#1244=LINE('',#9930,#1888);
#1245=LINE('',#9933,#1889);
#1246=LINE('',#9937,#1890);
#1247=LINE('',#9939,#1891);
#1248=LINE('',#9940,#1892);
#1249=LINE('',#9943,#1893);
#1250=LINE('',#9945,#1894);
#1251=LINE('',#9946,#1895);
#1252=LINE('',#9949,#1896);
#1253=LINE('',#9951,#1897);
#1254=LINE('',#9957,#1898);
#1255=LINE('',#9959,#1899);
#1256=LINE('',#9961,#1900);
#1257=LINE('',#9963,#1901);
#1258=LINE('',#9965,#1902);
#1259=LINE('',#9967,#1903);
#1260=LINE('',#9969,#1904);
#1261=LINE('',#9971,#1905);
#1262=LINE('',#9975,#1906);
#1263=LINE('',#9979,#1907);
#1264=LINE('',#9983,#1908);
#1265=LINE('',#9989,#1909);
#1266=LINE('',#9993,#1910);
#1267=LINE('',#9995,#1911);
#1268=LINE('',#9997,#1912);
#1269=LINE('',#9999,#1913);
#1270=LINE('',#10001,#1914);
#1271=LINE('',#10003,#1915);
#1272=LINE('',#10007,#1916);
#1273=LINE('',#10011,#1917);
#1274=LINE('',#10015,#1918);
#1275=LINE('',#10019,#1919);
#1276=LINE('',#10023,#1920);
#1277=LINE('',#10027,#1921);
#1278=LINE('',#10031,#1922);
#1279=LINE('',#10035,#1923);
#1280=LINE('',#10039,#1924);
#1281=LINE('',#10043,#1925);
#1282=LINE('',#10045,#1926);
#1283=LINE('',#10048,#1927);
#1284=LINE('',#10053,#1928);
#1285=LINE('',#10057,#1929);
#1286=LINE('',#10061,#1930);
#1287=LINE('',#10064,#1931);
#1288=LINE('',#10069,#1932);
#1289=LINE('',#10073,#1933);
#1290=LINE('',#10077,#1934);
#1291=LINE('',#10080,#1935);
#1292=LINE('',#10085,#1936);
#1293=LINE('',#10089,#1937);
#1294=LINE('',#10093,#1938);
#1295=LINE('',#10096,#1939);
#1296=LINE('',#10101,#1940);
#1297=LINE('',#10105,#1941);
#1298=LINE('',#10109,#1942);
#1299=LINE('',#10112,#1943);
#1300=LINE('',#10115,#1944);
#1301=LINE('',#10119,#1945);
#1302=LINE('',#10123,#1946);
#1303=LINE('',#10127,#1947);
#1304=LINE('',#10133,#1948);
#1305=LINE('',#10137,#1949);
#1306=LINE('',#10141,#1950);
#1307=LINE('',#10144,#1951);
#1308=LINE('',#10149,#1952);
#1309=LINE('',#10153,#1953);
#1310=LINE('',#10157,#1954);
#1311=LINE('',#10160,#1955);
#1312=LINE('',#10165,#1956);
#1313=LINE('',#10169,#1957);
#1314=LINE('',#10173,#1958);
#1315=LINE('',#10176,#1959);
#1316=LINE('',#10181,#1960);
#1317=LINE('',#10185,#1961);
#1318=LINE('',#10189,#1962);
#1319=LINE('',#10192,#1963);
#1320=LINE('',#10197,#1964);
#1321=LINE('',#10201,#1965);
#1322=LINE('',#10205,#1966);
#1323=LINE('',#10208,#1967);
#1324=LINE('',#10213,#1968);
#1325=LINE('',#10217,#1969);
#1326=LINE('',#10221,#1970);
#1327=LINE('',#10224,#1971);
#1328=LINE('',#10229,#1972);
#1329=LINE('',#10233,#1973);
#1330=LINE('',#10237,#1974);
#1331=LINE('',#10240,#1975);
#1332=LINE('',#10245,#1976);
#1333=LINE('',#10249,#1977);
#1334=LINE('',#10253,#1978);
#1335=LINE('',#10256,#1979);
#1336=LINE('',#10263,#1980);
#1337=LINE('',#10267,#1981);
#1338=LINE('',#10271,#1982);
#1339=LINE('',#10274,#1983);
#1340=LINE('',#10279,#1984);
#1341=LINE('',#10283,#1985);
#1342=LINE('',#10287,#1986);
#1343=LINE('',#10290,#1987);
#1344=LINE('',#10295,#1988);
#1345=LINE('',#10299,#1989);
#1346=LINE('',#10303,#1990);
#1347=LINE('',#10306,#1991);
#1348=LINE('',#10311,#1992);
#1349=LINE('',#10315,#1993);
#1350=LINE('',#10319,#1994);
#1351=LINE('',#10322,#1995);
#1352=LINE('',#10327,#1996);
#1353=LINE('',#10331,#1997);
#1354=LINE('',#10335,#1998);
#1355=LINE('',#10338,#1999);
#1356=LINE('',#10343,#2000);
#1357=LINE('',#10345,#2001);
#1358=LINE('',#10346,#2002);
#1359=LINE('',#10349,#2003);
#1360=LINE('',#10351,#2004);
#1361=LINE('',#10352,#2005);
#1362=LINE('',#10356,#2006);
#1363=LINE('',#10358,#2007);
#1364=LINE('',#10360,#2008);
#1365=LINE('',#10361,#2009);
#1366=LINE('',#10364,#2010);
#1367=LINE('',#10366,#2011);
#1368=LINE('',#10367,#2012);
#1369=LINE('',#10372,#2013);
#1370=LINE('',#10375,#2014);
#1371=LINE('',#10379,#2015);
#1372=LINE('',#10383,#2016);
#1373=LINE('',#10387,#2017);
#1374=LINE('',#10389,#2018);
#1375=LINE('',#10391,#2019);
#1376=LINE('',#10392,#2020);
#1377=LINE('',#10394,#2021);
#1378=LINE('',#10398,#2022);
#1379=LINE('',#10399,#2023);
#1380=LINE('',#10401,#2024);
#1381=LINE('',#10403,#2025);
#1382=LINE('',#10405,#2026);
#1383=LINE('',#10407,#2027);
#1384=LINE('',#10409,#2028);
#1385=LINE('',#10411,#2029);
#1386=LINE('',#10426,#2030);
#1387=LINE('',#10428,#2031);
#1388=LINE('',#10429,#2032);
#1389=LINE('',#10435,#2033);
#1390=LINE('',#10438,#2034);
#1391=LINE('',#10441,#2035);
#1392=LINE('',#10443,#2036);
#1393=LINE('',#10444,#2037);
#1394=LINE('',#10447,#2038);
#1395=LINE('',#10449,#2039);
#1396=LINE('',#10464,#2040);
#1397=LINE('',#10466,#2041);
#1398=LINE('',#10467,#2042);
#1399=LINE('',#10468,#2043);
#1400=LINE('',#10489,#2044);
#1401=LINE('',#10491,#2045);
#1402=LINE('',#10492,#2046);
#1403=LINE('',#10494,#2047);
#1404=LINE('',#10497,#2048);
#1405=LINE('',#10498,#2049);
#1406=LINE('',#10503,#2050);
#1407=LINE('',#10505,#2051);
#1408=LINE('',#10506,#2052);
#1409=LINE('',#10508,#2053);
#1410=LINE('',#10512,#2054);
#1411=LINE('',#10515,#2055);
#1412=LINE('',#10519,#2056);
#1413=LINE('',#10521,#2057);
#1414=LINE('',#10525,#2058);
#1415=LINE('',#10529,#2059);
#1416=LINE('',#10533,#2060);
#1417=LINE('',#10537,#2061);
#1418=LINE('',#10541,#2062);
#1419=LINE('',#10545,#2063);
#1420=LINE('',#10549,#2064);
#1421=LINE('',#10552,#2065);
#1422=LINE('',#10556,#2066);
#1423=LINE('',#10560,#2067);
#1424=LINE('',#10564,#2068);
#1425=LINE('',#10568,#2069);
#1426=LINE('',#10572,#2070);
#1427=LINE('',#10576,#2071);
#1428=LINE('',#10580,#2072);
#1429=LINE('',#10586,#2073);
#1430=LINE('',#10592,#2074);
#1431=LINE('',#10598,#2075);
#1432=LINE('',#10602,#2076);
#1433=LINE('',#10608,#2077);
#1434=LINE('',#10610,#2078);
#1435=LINE('',#10613,#2079);
#1436=LINE('',#10615,#2080);
#1437=LINE('',#10621,#2081);
#1438=LINE('',#10622,#2082);
#1439=LINE('',#10625,#2083);
#1440=LINE('',#10633,#2084);
#1441=LINE('',#10639,#2085);
#1442=LINE('',#10641,#2086);
#1443=LINE('',#10642,#2087);
#1444=LINE('',#10645,#2088);
#1445=LINE('',#10647,#2089);
#1446=LINE('',#10648,#2090);
#1447=LINE('',#10653,#2091);
#1448=LINE('',#10658,#2092);
#1449=LINE('',#10664,#2093);
#1450=LINE('',#10665,#2094);
#1451=LINE('',#10667,#2095);
#1452=LINE('',#10669,#2096);
#1453=LINE('',#10670,#2097);
#1454=LINE('',#10672,#2098);
#1455=LINE('',#10673,#2099);
#1456=LINE('',#10675,#2100);
#1457=LINE('',#10677,#2101);
#1458=LINE('',#10679,#2102);
#1459=LINE('',#10681,#2103);
#1460=LINE('',#10683,#2104);
#1461=LINE('',#10687,#2105);
#1462=LINE('',#10692,#2106);
#1463=LINE('',#10694,#2107);
#1464=LINE('',#10698,#2108);
#1465=LINE('',#10701,#2109);
#1466=LINE('',#10704,#2110);
#1467=LINE('',#10705,#2111);
#1468=LINE('',#10708,#2112);
#1469=LINE('',#10712,#2113);
#1470=LINE('',#10713,#2114);
#1471=LINE('',#10716,#2115);
#1472=LINE('',#10720,#2116);
#1473=LINE('',#10721,#2117);
#1474=LINE('',#10724,#2118);
#1475=LINE('',#10727,#2119);
#1476=LINE('',#10730,#2120);
#1477=LINE('',#10733,#2121);
#1478=LINE('',#10736,#2122);
#1479=LINE('',#10737,#2123);
#1480=LINE('',#10740,#2124);
#1481=LINE('',#10744,#2125);
#1482=LINE('',#10745,#2126);
#1483=LINE('',#10748,#2127);
#1484=LINE('',#10752,#2128);
#1485=LINE('',#10753,#2129);
#1486=LINE('',#10756,#2130);
#1487=LINE('',#10759,#2131);
#1488=LINE('',#10762,#2132);
#1489=LINE('',#10765,#2133);
#1490=LINE('',#10768,#2134);
#1491=LINE('',#10769,#2135);
#1492=LINE('',#10772,#2136);
#1493=LINE('',#10776,#2137);
#1494=LINE('',#10777,#2138);
#1495=LINE('',#10780,#2139);
#1496=LINE('',#10784,#2140);
#1497=LINE('',#10785,#2141);
#1498=LINE('',#10788,#2142);
#1499=LINE('',#10791,#2143);
#1500=LINE('',#10794,#2144);
#1501=LINE('',#10797,#2145);
#1502=LINE('',#10800,#2146);
#1503=LINE('',#10801,#2147);
#1504=LINE('',#10804,#2148);
#1505=LINE('',#10808,#2149);
#1506=LINE('',#10809,#2150);
#1507=LINE('',#10812,#2151);
#1508=LINE('',#10816,#2152);
#1509=LINE('',#10817,#2153);
#1510=LINE('',#10820,#2154);
#1511=LINE('',#10823,#2155);
#1512=LINE('',#10826,#2156);
#1513=LINE('',#10828,#2157);
#1514=LINE('',#10829,#2158);
#1515=LINE('',#10832,#2159);
#1516=LINE('',#10836,#2160);
#1517=LINE('',#10838,#2161);
#1518=LINE('',#10839,#2162);
#1519=LINE('',#10842,#2163);
#1520=LINE('',#10846,#2164);
#1521=LINE('',#10849,#2165);
#1522=LINE('',#10852,#2166);
#1523=LINE('',#10853,#2167);
#1524=LINE('',#10856,#2168);
#1525=LINE('',#10860,#2169);
#1526=LINE('',#10861,#2170);
#1527=LINE('',#10864,#2171);
#1528=LINE('',#10868,#2172);
#1529=LINE('',#10869,#2173);
#1530=LINE('',#10872,#2174);
#1531=LINE('',#10875,#2175);
#1532=LINE('',#10878,#2176);
#1533=LINE('',#10881,#2177);
#1534=LINE('',#10884,#2178);
#1535=LINE('',#10885,#2179);
#1536=LINE('',#10888,#2180);
#1537=LINE('',#10892,#2181);
#1538=LINE('',#10893,#2182);
#1539=LINE('',#10896,#2183);
#1540=LINE('',#10900,#2184);
#1541=LINE('',#10901,#2185);
#1542=LINE('',#10904,#2186);
#1543=LINE('',#10907,#2187);
#1544=LINE('',#10910,#2188);
#1545=LINE('',#10913,#2189);
#1546=LINE('',#10916,#2190);
#1547=LINE('',#10917,#2191);
#1548=LINE('',#10920,#2192);
#1549=LINE('',#10924,#2193);
#1550=LINE('',#10925,#2194);
#1551=LINE('',#10928,#2195);
#1552=LINE('',#10932,#2196);
#1553=LINE('',#10933,#2197);
#1554=LINE('',#10936,#2198);
#1555=LINE('',#10939,#2199);
#1556=LINE('',#10942,#2200);
#1557=LINE('',#10945,#2201);
#1558=LINE('',#10948,#2202);
#1559=LINE('',#10949,#2203);
#1560=LINE('',#10952,#2204);
#1561=LINE('',#10956,#2205);
#1562=LINE('',#10957,#2206);
#1563=LINE('',#10960,#2207);
#1564=LINE('',#10964,#2208);
#1565=LINE('',#10965,#2209);
#1566=LINE('',#10968,#2210);
#1567=LINE('',#10971,#2211);
#1568=LINE('',#10974,#2212);
#1569=LINE('',#10977,#2213);
#1570=LINE('',#10980,#2214);
#1571=LINE('',#10981,#2215);
#1572=LINE('',#10984,#2216);
#1573=LINE('',#10988,#2217);
#1574=LINE('',#10989,#2218);
#1575=LINE('',#10992,#2219);
#1576=LINE('',#10996,#2220);
#1577=LINE('',#10997,#2221);
#1578=LINE('',#11000,#2222);
#1579=LINE('',#11003,#2223);
#1580=LINE('',#11006,#2224);
#1581=LINE('',#11009,#2225);
#1582=LINE('',#11012,#2226);
#1583=LINE('',#11013,#2227);
#1584=LINE('',#11016,#2228);
#1585=LINE('',#11020,#2229);
#1586=LINE('',#11021,#2230);
#1587=LINE('',#11024,#2231);
#1588=LINE('',#11028,#2232);
#1589=LINE('',#11029,#2233);
#1590=LINE('',#11032,#2234);
#1591=LINE('',#11035,#2235);
#1592=LINE('',#11038,#2236);
#1593=LINE('',#11041,#2237);
#1594=LINE('',#11044,#2238);
#1595=LINE('',#11045,#2239);
#1596=LINE('',#11048,#2240);
#1597=LINE('',#11052,#2241);
#1598=LINE('',#11055,#2242);
#1599=LINE('',#11058,#2243);
#1600=LINE('',#11059,#2244);
#1601=LINE('',#11062,#2245);
#1602=LINE('',#11065,#2246);
#1603=LINE('',#11068,#2247);
#1604=LINE('',#11071,#2248);
#1605=LINE('',#11074,#2249);
#1606=LINE('',#11075,#2250);
#1607=LINE('',#11078,#2251);
#1608=LINE('',#11082,#2252);
#1609=LINE('',#11083,#2253);
#1610=LINE('',#11086,#2254);
#1611=LINE('',#11089,#2255);
#1612=LINE('',#11092,#2256);
#1613=LINE('',#11093,#2257);
#1614=LINE('',#11096,#2258);
#1615=LINE('',#11100,#2259);
#1616=LINE('',#11103,#2260);
#1617=LINE('',#11105,#2261);
#1618=LINE('',#11108,#2262);
#1619=LINE('',#11111,#2263);
#1620=LINE('',#11114,#2264);
#1621=LINE('',#11115,#2265);
#1622=LINE('',#11118,#2266);
#1623=LINE('',#11122,#2267);
#1624=LINE('',#11123,#2268);
#1625=LINE('',#11126,#2269);
#1626=LINE('',#11130,#2270);
#1627=LINE('',#11131,#2271);
#1628=LINE('',#11134,#2272);
#1629=LINE('',#11137,#2273);
#1630=LINE('',#11140,#2274);
#1631=LINE('',#11143,#2275);
#1632=LINE('',#11146,#2276);
#1633=LINE('',#11147,#2277);
#1634=LINE('',#11150,#2278);
#1635=LINE('',#11154,#2279);
#1636=LINE('',#11155,#2280);
#1637=LINE('',#11158,#2281);
#1638=LINE('',#11162,#2282);
#1639=LINE('',#11163,#2283);
#1640=LINE('',#11166,#2284);
#1641=LINE('',#11169,#2285);
#1642=LINE('',#11172,#2286);
#1643=LINE('',#11175,#2287);
#1644=LINE('',#11178,#2288);
#1645=LINE('',#11179,#2289);
#1646=LINE('',#11182,#2290);
#1647=LINE('',#11186,#2291);
#1648=LINE('',#11187,#2292);
#1649=LINE('',#11190,#2293);
#1650=LINE('',#11194,#2294);
#1651=LINE('',#11195,#2295);
#1652=LINE('',#11198,#2296);
#1653=LINE('',#11201,#2297);
#1654=LINE('',#11205,#2298);
#1655=LINE('',#11207,#2299);
#1656=LINE('',#11209,#2300);
#1657=LINE('',#11210,#2301);
#1658=LINE('',#11218,#2302);
#1659=LINE('',#11222,#2303);
#1660=LINE('',#11226,#2304);
#1661=LINE('',#11230,#2305);
#1662=LINE('',#11233,#2306);
#1663=LINE('',#11238,#2307);
#1664=LINE('',#11241,#2308);
#1665=LINE('',#11243,#2309);
#1666=LINE('',#11248,#2310);
#1667=LINE('',#11251,#2311);
#1668=LINE('',#11253,#2312);
#1669=LINE('',#11255,#2313);
#1670=LINE('',#11257,#2314);
#1671=LINE('',#11259,#2315);
#1672=LINE('',#11261,#2316);
#1673=LINE('',#11263,#2317);
#1674=LINE('',#11265,#2318);
#1675=LINE('',#11267,#2319);
#1676=LINE('',#11269,#2320);
#1677=LINE('',#11271,#2321);
#1678=LINE('',#11273,#2322);
#1679=LINE('',#11277,#2323);
#1680=LINE('',#11278,#2324);
#1681=LINE('',#11283,#2325);
#1682=LINE('',#11284,#2326);
#1683=LINE('',#11292,#2327);
#1684=LINE('',#11296,#2328);
#1685=LINE('',#11300,#2329);
#1686=LINE('',#11303,#2330);
#1687=LINE('',#11304,#2331);
#1688=LINE('',#11310,#2332);
#1689=LINE('',#11314,#2333);
#1690=LINE('',#11319,#2334);
#1691=LINE('',#11320,#2335);
#1692=LINE('',#11321,#2336);
#1693=LINE('',#11325,#2337);
#1694=LINE('',#11328,#2338);
#1695=LINE('',#11329,#2339);
#1696=LINE('',#11387,#2340);
#1697=LINE('',#11393,#2341);
#1698=LINE('',#11396,#2342);
#1699=LINE('',#11399,#2343);
#1700=LINE('',#11401,#2344);
#1701=LINE('',#11402,#2345);
#1702=LINE('',#11407,#2346);
#1703=LINE('',#11411,#2347);
#1704=LINE('',#11413,#2348);
#1705=LINE('',#11414,#2349);
#1706=LINE('',#11419,#2350);
#1707=LINE('',#11422,#2351);
#1708=LINE('',#11423,#2352);
#1709=LINE('',#11427,#2353);
#1710=LINE('',#11428,#2354);
#1711=LINE('',#11429,#2355);
#1712=LINE('',#11487,#2356);
#1713=LINE('',#11490,#2357);
#1714=LINE('',#11491,#2358);
#1715=LINE('',#11495,#2359);
#1716=LINE('',#11498,#2360);
#1717=LINE('',#11499,#2361);
#1718=LINE('',#11504,#2362);
#1719=LINE('',#11505,#2363);
#1720=LINE('',#11511,#2364);
#1721=LINE('',#11515,#2365);
#1722=LINE('',#11582,#2366);
#1723=LINE('',#11595,#2367);
#1724=LINE('',#11611,#2368);
#1725=LINE('',#11612,#2369);
#1726=LINE('',#11632,#2370);
#1727=LINE('',#11636,#2371);
#1728=LINE('',#11639,#2372);
#1729=LINE('',#11640,#2373);
#1730=LINE('',#11644,#2374);
#1731=LINE('',#11648,#2375);
#1732=LINE('',#11651,#2376);
#1733=LINE('',#11652,#2377);
#1734=LINE('',#11698,#2378);
#1735=LINE('',#11702,#2379);
#1736=LINE('',#11705,#2380);
#1737=LINE('',#11706,#2381);
#1738=LINE('',#11737,#2382);
#1739=LINE('',#11739,#2383);
#1740=LINE('',#11787,#2384);
#1741=LINE('',#11795,#2385);
#1742=LINE('',#11802,#2386);
#1743=LINE('',#11847,#2387);
#1744=LINE('',#11907,#2388);
#1745=LINE('',#11967,#2389);
#1746=LINE('',#12064,#2390);
#1747=LINE('',#12096,#2391);
#1748=LINE('',#12132,#2392);
#1749=LINE('',#12164,#2393);
#1750=LINE('',#12196,#2394);
#1751=LINE('',#12227,#2395);
#1752=LINE('',#12282,#2396);
#1753=LINE('',#12288,#2397);
#1754=LINE('',#12291,#2398);
#1755=LINE('',#12292,#2399);
#1756=LINE('',#12298,#2400);
#1757=LINE('',#12301,#2401);
#1758=LINE('',#12303,#2402);
#1759=LINE('',#12304,#2403);
#1760=LINE('',#12322,#2404);
#1761=LINE('',#12328,#2405);
#1762=LINE('',#12332,#2406);
#1763=LINE('',#12335,#2407);
#1764=LINE('',#12336,#2408);
#1765=LINE('',#12356,#2409);
#1766=LINE('',#12361,#2410);
#1767=LINE('',#12395,#2411);
#1768=LINE('',#12398,#2412);
#1769=LINE('',#12399,#2413);
#1770=LINE('',#12400,#2414);
#1771=LINE('',#12434,#2415);
#1772=LINE('',#12436,#2416);
#1773=LINE('',#12451,#2417);
#1774=LINE('',#12453,#2418);
#1775=LINE('',#12469,#2419);
#1776=LINE('',#12485,#2420);
#1777=LINE('',#12496,#2421);
#1778=LINE('',#12514,#2422);
#1779=LINE('',#12515,#2423);
#1780=LINE('',#12519,#2424);
#1781=LINE('',#12522,#2425);
#1782=LINE('',#12523,#2426);
#1783=LINE('',#12542,#2427);
#1784=LINE('',#12543,#2428);
#1785=LINE('',#12560,#2429);
#1786=LINE('',#12562,#2430);
#1787=LINE('',#12580,#2431);
#1788=LINE('',#12582,#2432);
#1789=LINE('',#12586,#2433);
#1790=LINE('',#12587,#2434);
#1791=LINE('',#12590,#2435);
#1792=LINE('',#12591,#2436);
#1793=LINE('',#12592,#2437);
#1794=LINE('',#12595,#2438);
#1795=LINE('',#12596,#2439);
#1796=LINE('',#12598,#2440);
#1797=LINE('',#12601,#2441);
#1798=LINE('',#12604,#2442);
#1799=LINE('',#12607,#2443);
#1800=LINE('',#12608,#2444);
#1801=LINE('',#12612,#2445);
#1802=LINE('',#12615,#2446);
#1803=LINE('',#12616,#2447);
#1804=LINE('',#12620,#2448);
#1805=LINE('',#12622,#2449);
#1806=LINE('',#12625,#2450);
#1807=LINE('',#12626,#2451);
#1808=LINE('',#12630,#2452);
#1809=LINE('',#12632,#2453);
#1810=LINE('',#12637,#2454);
#1811=LINE('',#12640,#2455);
#1812=LINE('',#12642,#2456);
#1813=LINE('',#12643,#2457);
#1814=LINE('',#12647,#2458);
#1815=LINE('',#12649,#2459);
#1816=LINE('',#12652,#2460);
#1817=LINE('',#12653,#2461);
#1818=LINE('',#12657,#2462);
#1819=LINE('',#12660,#2463);
#1820=LINE('',#12661,#2464);
#1821=LINE('',#12666,#2465);
#1822=LINE('',#12667,#2466);
#1823=LINE('',#12669,#2467);
#1824=LINE('',#12670,#2468);
#1825=LINE('',#12674,#2469);
#1826=LINE('',#12677,#2470);
#1827=LINE('',#12678,#2471);
#1828=LINE('',#12682,#2472);
#1829=LINE('',#12685,#2473);
#1830=LINE('',#12686,#2474);
#1831=LINE('',#12690,#2475);
#1832=LINE('',#12693,#2476);
#1833=LINE('',#12694,#2477);
#1834=LINE('',#12698,#2478);
#1835=LINE('',#12701,#2479);
#1836=LINE('',#12702,#2480);
#1837=LINE('',#12706,#2481);
#1838=LINE('',#12708,#2482);
#1839=LINE('',#12711,#2483);
#1840=LINE('',#12713,#2484);
#1841=LINE('',#12714,#2485);
#1842=LINE('',#12717,#2486);
#1843=LINE('',#12718,#2487);
#1844=LINE('',#12721,#2488);
#1845=LINE('',#12722,#2489);
#1846=LINE('',#12724,#2490);
#1847=LINE('',#12727,#2491);
#1848=LINE('',#12728,#2492);
#1849=LINE('',#12754,#2493);
#1850=LINE('',#12756,#2494);
#1851=LINE('',#12758,#2495);
#1852=LINE('',#12763,#2496);
#1853=LINE('',#12767,#2497);
#1854=LINE('',#12768,#2498);
#1855=LINE('',#12775,#2499);
#1856=LINE('',#12779,#2500);
#1857=LINE('',#12782,#2501);
#1858=LINE('',#12783,#2502);
#1859=LINE('',#12848,#2503);
#1860=LINE('',#12936,#2504);
#1861=LINE('',#12971,#2505);
#1862=LINE('',#12973,#2506);
#1863=LINE('',#12974,#2507);
#1864=LINE('',#12979,#2508);
#1865=LINE('',#12983,#2509);
#1866=LINE('',#12984,#2510);
#1867=LINE('',#12988,#2511);
#1868=LINE('',#12990,#2512);
#1869=LINE('',#12992,#2513);
#1870=LINE('',#12993,#2514);
#1871=LINE('',#12995,#2515);
#1872=LINE('',#12997,#2516);
#1873=LINE('',#13026,#2517);
#1874=LINE('',#13063,#2518);
#1875=VECTOR('',#7813,0.8115);
#1876=VECTOR('',#7822,0.8115);
#1877=VECTOR('',#7831,0.8115);
#1878=VECTOR('',#7840,0.8115);
#1879=VECTOR('',#7849,2.05);
#1880=VECTOR('',#7858,2.05);
#1881=VECTOR('',#7867,10.);
#1882=VECTOR('',#7870,10.);
#1883=VECTOR('',#7873,10.);
#1884=VECTOR('',#7874,10.);
#1885=VECTOR('',#7875,10.);
#1886=VECTOR('',#7880,10.);
#1887=VECTOR('',#7883,10.);
#1888=VECTOR('',#7886,10.);
#1889=VECTOR('',#7889,1.95000000000001);
#1890=VECTOR('',#7894,10.);
#1891=VECTOR('',#7895,10.);
#1892=VECTOR('',#7896,10.);
#1893=VECTOR('',#7899,10.);
#1894=VECTOR('',#7900,10.);
#1895=VECTOR('',#7901,10.);
#1896=VECTOR('',#7904,10.);
#1897=VECTOR('',#7905,10.);
#1898=VECTOR('',#7910,10.);
#1899=VECTOR('',#7911,10.);
#1900=VECTOR('',#7912,10.);
#1901=VECTOR('',#7913,10.);
#1902=VECTOR('',#7914,10.);
#1903=VECTOR('',#7915,10.);
#1904=VECTOR('',#7916,10.);
#1905=VECTOR('',#7917,10.);
#1906=VECTOR('',#7920,10.);
#1907=VECTOR('',#7923,10.);
#1908=VECTOR('',#7926,10.);
#1909=VECTOR('',#7931,10.);
#1910=VECTOR('',#7934,10.);
#1911=VECTOR('',#7935,10.);
#1912=VECTOR('',#7936,10.);
#1913=VECTOR('',#7937,10.);
#1914=VECTOR('',#7938,10.);
#1915=VECTOR('',#7939,10.);
#1916=VECTOR('',#7942,10.);
#1917=VECTOR('',#7945,10.);
#1918=VECTOR('',#7948,10.);
#1919=VECTOR('',#7951,10.);
#1920=VECTOR('',#7954,10.);
#1921=VECTOR('',#7957,10.);
#1922=VECTOR('',#7960,10.);
#1923=VECTOR('',#7963,10.);
#1924=VECTOR('',#7966,10.);
#1925=VECTOR('',#7969,10.);
#1926=VECTOR('',#7970,10.);
#1927=VECTOR('',#7973,10.);
#1928=VECTOR('',#7976,10.);
#1929=VECTOR('',#7979,10.);
#1930=VECTOR('',#7982,10.);
#1931=VECTOR('',#7985,10.);
#1932=VECTOR('',#7988,10.);
#1933=VECTOR('',#7991,10.);
#1934=VECTOR('',#7994,10.);
#1935=VECTOR('',#7997,10.);
#1936=VECTOR('',#8000,10.);
#1937=VECTOR('',#8003,10.);
#1938=VECTOR('',#8006,10.);
#1939=VECTOR('',#8009,10.);
#1940=VECTOR('',#8012,10.);
#1941=VECTOR('',#8015,10.);
#1942=VECTOR('',#8018,10.);
#1943=VECTOR('',#8021,10.);
#1944=VECTOR('',#8022,10.);
#1945=VECTOR('',#8025,10.);
#1946=VECTOR('',#8028,10.);
#1947=VECTOR('',#8031,10.);
#1948=VECTOR('',#8036,10.);
#1949=VECTOR('',#8039,10.);
#1950=VECTOR('',#8042,10.);
#1951=VECTOR('',#8045,10.);
#1952=VECTOR('',#8048,10.);
#1953=VECTOR('',#8051,10.);
#1954=VECTOR('',#8054,10.);
#1955=VECTOR('',#8057,10.);
#1956=VECTOR('',#8060,10.);
#1957=VECTOR('',#8063,10.);
#1958=VECTOR('',#8066,10.);
#1959=VECTOR('',#8069,10.);
#1960=VECTOR('',#8072,10.);
#1961=VECTOR('',#8075,10.);
#1962=VECTOR('',#8078,10.);
#1963=VECTOR('',#8081,9.99999999999999);
#1964=VECTOR('',#8084,10.);
#1965=VECTOR('',#8087,10.);
#1966=VECTOR('',#8090,10.);
#1967=VECTOR('',#8093,10.);
#1968=VECTOR('',#8096,10.);
#1969=VECTOR('',#8099,10.);
#1970=VECTOR('',#8102,10.);
#1971=VECTOR('',#8105,10.);
#1972=VECTOR('',#8108,10.);
#1973=VECTOR('',#8111,10.);
#1974=VECTOR('',#8114,10.);
#1975=VECTOR('',#8117,10.);
#1976=VECTOR('',#8120,10.);
#1977=VECTOR('',#8123,10.);
#1978=VECTOR('',#8126,10.);
#1979=VECTOR('',#8129,10.);
#1980=VECTOR('',#8134,10.);
#1981=VECTOR('',#8137,10.);
#1982=VECTOR('',#8140,10.);
#1983=VECTOR('',#8143,10.);
#1984=VECTOR('',#8146,10.);
#1985=VECTOR('',#8149,10.);
#1986=VECTOR('',#8152,10.);
#1987=VECTOR('',#8155,10.);
#1988=VECTOR('',#8158,10.);
#1989=VECTOR('',#8161,10.);
#1990=VECTOR('',#8164,10.);
#1991=VECTOR('',#8167,10.);
#1992=VECTOR('',#8170,10.);
#1993=VECTOR('',#8173,10.);
#1994=VECTOR('',#8176,10.);
#1995=VECTOR('',#8179,10.);
#1996=VECTOR('',#8182,10.);
#1997=VECTOR('',#8185,10.);
#1998=VECTOR('',#8188,10.);
#1999=VECTOR('',#8191,10.);
#2000=VECTOR('',#8196,10.);
#2001=VECTOR('',#8197,10.);
#2002=VECTOR('',#8198,10.);
#2003=VECTOR('',#8201,10.);
#2004=VECTOR('',#8202,10.);
#2005=VECTOR('',#8203,10.);
#2006=VECTOR('',#8206,10.);
#2007=VECTOR('',#8207,10.);
#2008=VECTOR('',#8208,10.);
#2009=VECTOR('',#8209,10.);
#2010=VECTOR('',#8212,2.);
#2011=VECTOR('',#8213,10.);
#2012=VECTOR('',#8214,10.);
#2013=VECTOR('',#8219,10.);
#2014=VECTOR('',#8224,10.);
#2015=VECTOR('',#8227,10.);
#2016=VECTOR('',#8230,10.);
#2017=VECTOR('',#8233,10.);
#2018=VECTOR('',#8234,10.);
#2019=VECTOR('',#8235,10.);
#2020=VECTOR('',#8236,10.);
#2021=VECTOR('',#8239,10.);
#2022=VECTOR('',#8242,10.);
#2023=VECTOR('',#8243,10.);
#2024=VECTOR('',#8244,10.);
#2025=VECTOR('',#8245,10.);
#2026=VECTOR('',#8246,10.);
#2027=VECTOR('',#8247,10.);
#2028=VECTOR('',#8248,10.);
#2029=VECTOR('',#8249,10.);
#2030=VECTOR('',#8250,10.);
#2031=VECTOR('',#8251,10.);
#2032=VECTOR('',#8252,10.);
#2033=VECTOR('',#8257,10.);
#2034=VECTOR('',#8260,10.);
#2035=VECTOR('',#8263,10.);
#2036=VECTOR('',#8264,10.);
#2037=VECTOR('',#8265,10.);
#2038=VECTOR('',#8268,10.);
#2039=VECTOR('',#8269,10.);
#2040=VECTOR('',#8270,10.);
#2041=VECTOR('',#8271,10.);
#2042=VECTOR('',#8272,10.);
#2043=VECTOR('',#8273,10.);
#2044=VECTOR('',#8280,10.);
#2045=VECTOR('',#8281,10.);
#2046=VECTOR('',#8282,10.0012795857377);
#2047=VECTOR('',#8285,10.);
#2048=VECTOR('',#8288,10.);
#2049=VECTOR('',#8289,10.);
#2050=VECTOR('',#8294,10.);
#2051=VECTOR('',#8295,10.);
#2052=VECTOR('',#8296,10.);
#2053=VECTOR('',#8299,10.);
#2054=VECTOR('',#8304,10.);
#2055=VECTOR('',#8307,10.);
#2056=VECTOR('',#8310,10.);
#2057=VECTOR('',#8311,10.);
#2058=VECTOR('',#8314,10.);
#2059=VECTOR('',#8317,10.);
#2060=VECTOR('',#8320,10.);
#2061=VECTOR('',#8323,10.);
#2062=VECTOR('',#8326,10.);
#2063=VECTOR('',#8329,10.);
#2064=VECTOR('',#8332,10.);
#2065=VECTOR('',#8335,10.);
#2066=VECTOR('',#8338,10.);
#2067=VECTOR('',#8341,10.);
#2068=VECTOR('',#8344,10.);
#2069=VECTOR('',#8347,10.);
#2070=VECTOR('',#8350,10.);
#2071=VECTOR('',#8353,10.);
#2072=VECTOR('',#8356,10.);
#2073=VECTOR('',#8361,10.);
#2074=VECTOR('',#8366,10.);
#2075=VECTOR('',#8371,10.);
#2076=VECTOR('',#8374,10.);
#2077=VECTOR('',#8375,10.);
#2078=VECTOR('',#8376,10.);
#2079=VECTOR('',#8381,10.);
#2080=VECTOR('',#8384,10.);
#2081=VECTOR('',#8391,10.);
#2082=VECTOR('',#8392,10.);
#2083=VECTOR('',#8395,10.);
#2084=VECTOR('',#8404,0.8115);
#2085=VECTOR('',#8413,10.);
#2086=VECTOR('',#8414,10.);
#2087=VECTOR('',#8415,10.);
#2088=VECTOR('',#8418,10.);
#2089=VECTOR('',#8419,10.);
#2090=VECTOR('',#8420,10.);
#2091=VECTOR('',#8425,0.8115);
#2092=VECTOR('',#8432,1.95000000000001);
#2093=VECTOR('',#8439,10.);
#2094=VECTOR('',#8440,10.);
#2095=VECTOR('',#8441,10.);
#2096=VECTOR('',#8442,10.);
#2097=VECTOR('',#8443,10.);
#2098=VECTOR('',#8446,10.);
#2099=VECTOR('',#8447,10.);
#2100=VECTOR('',#8450,10.);
#2101=VECTOR('',#8453,10.);
#2102=VECTOR('',#8456,10.);
#2103=VECTOR('',#8459,10.);
#2104=VECTOR('',#8462,10.);
#2105=VECTOR('',#8467,10.);
#2106=VECTOR('',#8472,10.);
#2107=VECTOR('',#8473,10.);
#2108=VECTOR('',#8478,10.);
#2109=VECTOR('',#8481,10.);
#2110=VECTOR('',#8484,10.);
#2111=VECTOR('',#8485,10.);
#2112=VECTOR('',#8488,10.);
#2113=VECTOR('',#8493,10.);
#2114=VECTOR('',#8494,10.);
#2115=VECTOR('',#8497,10.);
#2116=VECTOR('',#8502,10.);
#2117=VECTOR('',#8503,10.);
#2118=VECTOR('',#8506,10.);
#2119=VECTOR('',#8511,10.);
#2120=VECTOR('',#8514,10.);
#2121=VECTOR('',#8517,10.);
#2122=VECTOR('',#8520,10.);
#2123=VECTOR('',#8521,10.);
#2124=VECTOR('',#8524,10.);
#2125=VECTOR('',#8529,10.);
#2126=VECTOR('',#8530,10.);
#2127=VECTOR('',#8533,10.);
#2128=VECTOR('',#8538,10.);
#2129=VECTOR('',#8539,10.);
#2130=VECTOR('',#8542,10.);
#2131=VECTOR('',#8547,10.);
#2132=VECTOR('',#8550,10.);
#2133=VECTOR('',#8553,10.);
#2134=VECTOR('',#8556,10.);
#2135=VECTOR('',#8557,10.);
#2136=VECTOR('',#8560,10.);
#2137=VECTOR('',#8565,10.);
#2138=VECTOR('',#8566,10.);
#2139=VECTOR('',#8569,10.);
#2140=VECTOR('',#8574,10.);
#2141=VECTOR('',#8575,10.);
#2142=VECTOR('',#8578,10.);
#2143=VECTOR('',#8583,10.);
#2144=VECTOR('',#8586,10.);
#2145=VECTOR('',#8589,10.);
#2146=VECTOR('',#8592,10.);
#2147=VECTOR('',#8593,10.);
#2148=VECTOR('',#8596,10.);
#2149=VECTOR('',#8601,10.);
#2150=VECTOR('',#8602,10.);
#2151=VECTOR('',#8605,10.);
#2152=VECTOR('',#8610,10.);
#2153=VECTOR('',#8611,10.);
#2154=VECTOR('',#8614,10.);
#2155=VECTOR('',#8619,10.);
#2156=VECTOR('',#8622,10.);
#2157=VECTOR('',#8623,10.);
#2158=VECTOR('',#8624,10.);
#2159=VECTOR('',#8627,10.);
#2160=VECTOR('',#8632,10.);
#2161=VECTOR('',#8633,10.);
#2162=VECTOR('',#8634,10.);
#2163=VECTOR('',#8637,10.);
#2164=VECTOR('',#8642,10.);
#2165=VECTOR('',#8645,10.);
#2166=VECTOR('',#8648,10.);
#2167=VECTOR('',#8649,10.);
#2168=VECTOR('',#8652,10.);
#2169=VECTOR('',#8657,10.);
#2170=VECTOR('',#8658,10.);
#2171=VECTOR('',#8661,10.);
#2172=VECTOR('',#8666,10.);
#2173=VECTOR('',#8667,10.);
#2174=VECTOR('',#8670,10.);
#2175=VECTOR('',#8675,10.);
#2176=VECTOR('',#8678,10.);
#2177=VECTOR('',#8681,10.);
#2178=VECTOR('',#8684,10.);
#2179=VECTOR('',#8685,10.);
#2180=VECTOR('',#8688,10.);
#2181=VECTOR('',#8693,10.);
#2182=VECTOR('',#8694,10.);
#2183=VECTOR('',#8697,10.);
#2184=VECTOR('',#8702,10.);
#2185=VECTOR('',#8703,10.);
#2186=VECTOR('',#8706,10.);
#2187=VECTOR('',#8711,10.);
#2188=VECTOR('',#8714,10.);
#2189=VECTOR('',#8717,10.);
#2190=VECTOR('',#8720,10.);
#2191=VECTOR('',#8721,10.);
#2192=VECTOR('',#8724,10.);
#2193=VECTOR('',#8729,10.);
#2194=VECTOR('',#8730,10.);
#2195=VECTOR('',#8733,10.);
#2196=VECTOR('',#8738,10.);
#2197=VECTOR('',#8739,10.);
#2198=VECTOR('',#8742,10.);
#2199=VECTOR('',#8747,10.);
#2200=VECTOR('',#8750,10.);
#2201=VECTOR('',#8753,10.);
#2202=VECTOR('',#8756,10.);
#2203=VECTOR('',#8757,10.);
#2204=VECTOR('',#8760,10.);
#2205=VECTOR('',#8765,10.);
#2206=VECTOR('',#8766,10.);
#2207=VECTOR('',#8769,10.);
#2208=VECTOR('',#8774,10.);
#2209=VECTOR('',#8775,10.);
#2210=VECTOR('',#8778,10.);
#2211=VECTOR('',#8783,10.);
#2212=VECTOR('',#8786,10.);
#2213=VECTOR('',#8789,10.);
#2214=VECTOR('',#8792,10.);
#2215=VECTOR('',#8793,10.);
#2216=VECTOR('',#8796,10.);
#2217=VECTOR('',#8801,10.);
#2218=VECTOR('',#8802,10.);
#2219=VECTOR('',#8805,10.);
#2220=VECTOR('',#8810,10.);
#2221=VECTOR('',#8811,10.);
#2222=VECTOR('',#8814,10.);
#2223=VECTOR('',#8819,10.);
#2224=VECTOR('',#8822,10.);
#2225=VECTOR('',#8825,10.);
#2226=VECTOR('',#8828,10.);
#2227=VECTOR('',#8829,10.);
#2228=VECTOR('',#8832,10.);
#2229=VECTOR('',#8837,10.);
#2230=VECTOR('',#8838,10.);
#2231=VECTOR('',#8841,10.);
#2232=VECTOR('',#8846,10.);
#2233=VECTOR('',#8847,10.);
#2234=VECTOR('',#8850,10.);
#2235=VECTOR('',#8855,10.);
#2236=VECTOR('',#8858,10.);
#2237=VECTOR('',#8861,10.);
#2238=VECTOR('',#8864,10.);
#2239=VECTOR('',#8865,10.);
#2240=VECTOR('',#8868,10.);
#2241=VECTOR('',#8873,10.);
#2242=VECTOR('',#8876,10.);
#2243=VECTOR('',#8879,10.);
#2244=VECTOR('',#8880,10.);
#2245=VECTOR('',#8883,10.);
#2246=VECTOR('',#8888,10.);
#2247=VECTOR('',#8891,10.);
#2248=VECTOR('',#8894,10.);
#2249=VECTOR('',#8897,10.);
#2250=VECTOR('',#8898,10.);
#2251=VECTOR('',#8901,10.);
#2252=VECTOR('',#8906,10.);
#2253=VECTOR('',#8907,10.);
#2254=VECTOR('',#8910,10.);
#2255=VECTOR('',#8913,10.);
#2256=VECTOR('',#8916,10.);
#2257=VECTOR('',#8917,10.);
#2258=VECTOR('',#8920,10.);
#2259=VECTOR('',#8925,10.);
#2260=VECTOR('',#8928,10.);
#2261=VECTOR('',#8931,10.);
#2262=VECTOR('',#8934,10.);
#2263=VECTOR('',#8937,10.);
#2264=VECTOR('',#8940,10.);
#2265=VECTOR('',#8941,10.);
#2266=VECTOR('',#8944,10.);
#2267=VECTOR('',#8949,10.);
#2268=VECTOR('',#8950,10.);
#2269=VECTOR('',#8953,10.);
#2270=VECTOR('',#8958,10.);
#2271=VECTOR('',#8959,10.);
#2272=VECTOR('',#8962,10.);
#2273=VECTOR('',#8967,10.);
#2274=VECTOR('',#8970,10.);
#2275=VECTOR('',#8973,10.);
#2276=VECTOR('',#8976,10.);
#2277=VECTOR('',#8977,10.);
#2278=VECTOR('',#8980,10.);
#2279=VECTOR('',#8985,10.);
#2280=VECTOR('',#8986,10.);
#2281=VECTOR('',#8989,10.);
#2282=VECTOR('',#8994,10.);
#2283=VECTOR('',#8995,10.);
#2284=VECTOR('',#8998,10.);
#2285=VECTOR('',#9003,10.);
#2286=VECTOR('',#9006,10.);
#2287=VECTOR('',#9009,10.);
#2288=VECTOR('',#9012,10.);
#2289=VECTOR('',#9013,10.);
#2290=VECTOR('',#9016,10.);
#2291=VECTOR('',#9021,10.);
#2292=VECTOR('',#9022,10.);
#2293=VECTOR('',#9025,10.);
#2294=VECTOR('',#9030,10.);
#2295=VECTOR('',#9031,10.);
#2296=VECTOR('',#9034,10.);
#2297=VECTOR('',#9039,10.);
#2298=VECTOR('',#9042,10.);
#2299=VECTOR('',#9043,10.);
#2300=VECTOR('',#9044,10.);
#2301=VECTOR('',#9045,10.);
#2302=VECTOR('',#9056,10.);
#2303=VECTOR('',#9059,10.);
#2304=VECTOR('',#9062,10.);
#2305=VECTOR('',#9065,10.);
#2306=VECTOR('',#9068,10.);
#2307=VECTOR('',#9075,1.95);
#2308=VECTOR('',#9078,1.95);
#2309=VECTOR('',#9081,10.);
#2310=VECTOR('',#9086,10.);
#2311=VECTOR('',#9091,10.);
#2312=VECTOR('',#9094,10.);
#2313=VECTOR('',#9097,10.);
#2314=VECTOR('',#9100,10.);
#2315=VECTOR('',#9103,10.);
#2316=VECTOR('',#9106,10.);
#2317=VECTOR('',#9109,10.);
#2318=VECTOR('',#9112,10.);
#2319=VECTOR('',#9115,10.);
#2320=VECTOR('',#9118,10.);
#2321=VECTOR('',#9121,10.);
#2322=VECTOR('',#9124,10.);
#2323=VECTOR('',#9129,10.);
#2324=VECTOR('',#9130,10.);
#2325=VECTOR('',#9135,10.);
#2326=VECTOR('',#9136,10.);
#2327=VECTOR('',#9139,10.);
#2328=VECTOR('',#9140,10.);
#2329=VECTOR('',#9145,10.);
#2330=VECTOR('',#9148,10.);
#2331=VECTOR('',#9149,10.);
#2332=VECTOR('',#9154,10.);
#2333=VECTOR('',#9157,10.);
#2334=VECTOR('',#9162,10.);
#2335=VECTOR('',#9163,10.);
#2336=VECTOR('',#9164,10.);
#2337=VECTOR('',#9169,10.);
#2338=VECTOR('',#9172,10.);
#2339=VECTOR('',#9173,10.);
#2340=VECTOR('',#9176,10.);
#2341=VECTOR('',#9181,10.);
#2342=VECTOR('',#9184,10.);
#2343=VECTOR('',#9187,10.);
#2344=VECTOR('',#9188,10.);
#2345=VECTOR('',#9189,10.);
#2346=VECTOR('',#9194,10.);
#2347=VECTOR('',#9199,10.);
#2348=VECTOR('',#9200,10.);
#2349=VECTOR('',#9201,10.);
#2350=VECTOR('',#9206,10.);
#2351=VECTOR('',#9211,10.);
#2352=VECTOR('',#9212,10.);
#2353=VECTOR('',#9215,10.);
#2354=VECTOR('',#9216,10.);
#2355=VECTOR('',#9217,10.);
#2356=VECTOR('',#9220,10.);
#2357=VECTOR('',#9223,10.);
#2358=VECTOR('',#9224,10.);
#2359=VECTOR('',#9229,10.);
#2360=VECTOR('',#9232,10.);
#2361=VECTOR('',#9233,10.);
#2362=VECTOR('',#9240,10.);
#2363=VECTOR('',#9241,1.);
#2364=VECTOR('',#9246,1.);
#2365=VECTOR('',#9249,1.);
#2366=VECTOR('',#9252,1.);
#2367=VECTOR('',#9259,10.);
#2368=VECTOR('',#9262,10.);
#2369=VECTOR('',#9263,10.);
#2370=VECTOR('',#9272,10.);
#2371=VECTOR('',#9277,10.);
#2372=VECTOR('',#9280,10.);
#2373=VECTOR('',#9281,10.);
#2374=VECTOR('',#9286,10.);
#2375=VECTOR('',#9291,10.);
#2376=VECTOR('',#9294,10.);
#2377=VECTOR('',#9295,10.);
#2378=VECTOR('',#9298,10.);
#2379=VECTOR('',#9303,10.);
#2380=VECTOR('',#9306,10.);
#2381=VECTOR('',#9307,10.);
#2382=VECTOR('',#9310,10.);
#2383=VECTOR('',#9313,10.);
#2384=VECTOR('',#9330,10.);
#2385=VECTOR('',#9341,10.);
#2386=VECTOR('',#9350,10.);
#2387=VECTOR('',#9357,10.);
#2388=VECTOR('',#9370,10.);
#2389=VECTOR('',#9383,10.);
#2390=VECTOR('',#9402,10.);
#2391=VECTOR('',#9411,10.);
#2392=VECTOR('',#9420,10.);
#2393=VECTOR('',#9429,10.);
#2394=VECTOR('',#9438,10.);
#2395=VECTOR('',#9447,10.);
#2396=VECTOR('',#9452,10.);
#2397=VECTOR('',#9457,10.);
#2398=VECTOR('',#9460,10.);
#2399=VECTOR('',#9461,10.);
#2400=VECTOR('',#9466,10.);
#2401=VECTOR('',#9469,10.);
#2402=VECTOR('',#9472,10.);
#2403=VECTOR('',#9473,10.);
#2404=VECTOR('',#9474,10.);
#2405=VECTOR('',#9475,10.);
#2406=VECTOR('',#9480,10.);
#2407=VECTOR('',#9483,10.);
#2408=VECTOR('',#9484,10.);
#2409=VECTOR('',#9489,10.);
#2410=VECTOR('',#9490,10.);
#2411=VECTOR('',#9491,10.);
#2412=VECTOR('',#9494,10.);
#2413=VECTOR('',#9495,10.);
#2414=VECTOR('',#9496,10.);
#2415=VECTOR('',#9499,10.);
#2416=VECTOR('',#9502,10.);
#2417=VECTOR('',#9507,10.);
#2418=VECTOR('',#9508,10.);
#2419=VECTOR('',#9509,10.);
#2420=VECTOR('',#9510,10.);
#2421=VECTOR('',#9515,10.);
#2422=VECTOR('',#9518,10.);
#2423=VECTOR('',#9519,10.);
#2424=VECTOR('',#9524,10.);
#2425=VECTOR('',#9527,10.);
#2426=VECTOR('',#9528,9.99999999999999);
#2427=VECTOR('',#9533,10.);
#2428=VECTOR('',#9534,10.);
#2429=VECTOR('',#9535,10.);
#2430=VECTOR('',#9538,10.);
#2431=VECTOR('',#9541,10.);
#2432=VECTOR('',#9544,10.);
#2433=VECTOR('',#9549,10.);
#2434=VECTOR('',#9550,10.);
#2435=VECTOR('',#9553,10.);
#2436=VECTOR('',#9554,10.);
#2437=VECTOR('',#9555,10.);
#2438=VECTOR('',#9558,10.);
#2439=VECTOR('',#9559,10.);
#2440=VECTOR('',#9562,10.);
#2441=VECTOR('',#9565,10.);
#2442=VECTOR('',#9568,10.);
#2443=VECTOR('',#9571,10.);
#2444=VECTOR('',#9572,10.);
#2445=VECTOR('',#9577,10.);
#2446=VECTOR('',#9580,10.);
#2447=VECTOR('',#9581,10.);
#2448=VECTOR('',#9586,10.);
#2449=VECTOR('',#9589,10.);
#2450=VECTOR('',#9592,10.);
#2451=VECTOR('',#9593,10.);
#2452=VECTOR('',#9598,10.);
#2453=VECTOR('',#9601,10.);
#2454=VECTOR('',#9608,10.);
#2455=VECTOR('',#9611,10.);
#2456=VECTOR('',#9612,10.);
#2457=VECTOR('',#9613,10.);
#2458=VECTOR('',#9618,10.);
#2459=VECTOR('',#9621,10.);
#2460=VECTOR('',#9624,10.);
#2461=VECTOR('',#9625,10.);
#2462=VECTOR('',#9630,10.);
#2463=VECTOR('',#9633,10.);
#2464=VECTOR('',#9634,10.);
#2465=VECTOR('',#9641,10.);
#2466=VECTOR('',#9642,10.);
#2467=VECTOR('',#9643,10.);
#2468=VECTOR('',#9644,10.);
#2469=VECTOR('',#9649,10.);
#2470=VECTOR('',#9652,10.);
#2471=VECTOR('',#9653,10.);
#2472=VECTOR('',#9658,10.);
#2473=VECTOR('',#9661,10.);
#2474=VECTOR('',#9662,10.);
#2475=VECTOR('',#9667,10.);
#2476=VECTOR('',#9670,10.);
#2477=VECTOR('',#9671,10.);
#2478=VECTOR('',#9678,10.);
#2479=VECTOR('',#9681,10.);
#2480=VECTOR('',#9682,10.);
#2481=VECTOR('',#9687,10.);
#2482=VECTOR('',#9690,10.);
#2483=VECTOR('',#9693,10.);
#2484=VECTOR('',#9694,10.);
#2485=VECTOR('',#9695,10.);
#2486=VECTOR('',#9698,10.);
#2487=VECTOR('',#9699,10.);
#2488=VECTOR('',#9702,10.);
#2489=VECTOR('',#9703,10.);
#2490=VECTOR('',#9706,10.);
#2491=VECTOR('',#9709,10.);
#2492=VECTOR('',#9710,10.);
#2493=VECTOR('',#9723,10.);
#2494=VECTOR('',#9724,10.);
#2495=VECTOR('',#9725,10.);
#2496=VECTOR('',#9730,10.);
#2497=VECTOR('',#9733,10.);
#2498=VECTOR('',#9734,10.);
#2499=VECTOR('',#9745,10.);
#2500=VECTOR('',#9748,10.);
#2501=VECTOR('',#9751,10.);
#2502=VECTOR('',#9752,10.);
#2503=VECTOR('',#9777,10.);
#2504=VECTOR('',#9800,10.);
#2505=VECTOR('',#9803,10.);
#2506=VECTOR('',#9804,2.);
#2507=VECTOR('',#9805,10.);
#2508=VECTOR('',#9812,10.);
#2509=VECTOR('',#9817,10.);
#2510=VECTOR('',#9818,2.);
#2511=VECTOR('',#9825,10.);
#2512=VECTOR('',#9828,10.);
#2513=VECTOR('',#9831,10.);
#2514=VECTOR('',#9832,10.);
#2515=VECTOR('',#9835,10.);
#2516=VECTOR('',#9838,10.);
#2517=VECTOR('',#9855,10.0023480581671);
#2518=VECTOR('',#9856,10.0015265155909);
#2519=CIRCLE('',#7105,0.8115);
#2520=CIRCLE('',#7106,0.8115);
#2521=CIRCLE('',#7109,0.8115);
#2522=CIRCLE('',#7110,0.8115);
#2523=CIRCLE('',#7113,0.8115);
#2524=CIRCLE('',#7114,0.8115);
#2525=CIRCLE('',#7117,0.8115);
#2526=CIRCLE('',#7118,0.8115);
#2527=CIRCLE('',#7121,2.05);
#2528=CIRCLE('',#7122,2.05);
#2529=CIRCLE('',#7125,2.05);
#2530=CIRCLE('',#7126,2.05);
#2531=CIRCLE('',#7129,2.15);
#2532=CIRCLE('',#7130,2.15);
#2533=CIRCLE('',#7133,1.95000000000001);
#2534=CIRCLE('',#7134,1.95000000000001);
#2535=CIRCLE('',#7135,1.95000000000001);
#2536=CIRCLE('',#7136,1.95000000000001);
#2537=CIRCLE('',#7137,1.95000000000001);
#2538=CIRCLE('',#7141,1.95);
#2539=CIRCLE('',#7142,1.95);
#2540=CIRCLE('',#7143,2.30000000000002);
#2541=CIRCLE('',#7144,2.4000742494232);
#2542=CIRCLE('',#7145,2.40000901480474);
#2543=CIRCLE('',#7146,55.8000000000023);
#2544=CIRCLE('',#7147,119.57670936989);
#2545=CIRCLE('',#7148,119.57670936989);
#2546=CIRCLE('',#7149,233.2);
#2547=CIRCLE('',#7150,234.2);
#2548=CIRCLE('',#7151,2.39994900559742);
#2549=CIRCLE('',#7152,1.59934536782406);
#2550=CIRCLE('',#7153,2.40594381079582);
#2551=CIRCLE('',#7154,1.600112197071);
#2552=CIRCLE('',#7155,2.40016529247543);
#2553=CIRCLE('',#7156,1.599907588047);
#2554=CIRCLE('',#7157,2.3999771577706);
#2555=CIRCLE('',#7158,2.40005486468514);
#2556=CIRCLE('',#7159,2.40000442636833);
#2557=CIRCLE('',#7160,1.43665563635053);
#2558=CIRCLE('',#7161,1.43665563634903);
#2559=CIRCLE('',#7162,1.43665563634986);
#2560=CIRCLE('',#7163,1.43665563634933);
#2561=CIRCLE('',#7164,1.43665563634901);
#2562=CIRCLE('',#7165,1.43665563634986);
#2563=CIRCLE('',#7166,1.43665563634929);
#2564=CIRCLE('',#7167,1.43665563634991);
#2565=CIRCLE('',#7168,1.43665563634901);
#2566=CIRCLE('',#7169,1.43665563634986);
#2567=CIRCLE('',#7170,1.43665563634935);
#2568=CIRCLE('',#7171,1.4366556363499);
#2569=CIRCLE('',#7172,1.43665563634924);
#2570=CIRCLE('',#7173,1.43665563634994);
#2571=CIRCLE('',#7174,1.43665563634901);
#2572=CIRCLE('',#7175,1.43665563634982);
#2573=CIRCLE('',#7176,1.43665563634994);
#2574=CIRCLE('',#7177,1.43665563634933);
#2575=CIRCLE('',#7178,1.43665563634993);
#2576=CIRCLE('',#7179,1.43665563634905);
#2577=CIRCLE('',#7180,1.43665563634931);
#2578=CIRCLE('',#7181,1.43665563634994);
#2579=CIRCLE('',#7182,1.43665563634896);
#2580=CIRCLE('',#7183,1.43665563634995);
#2581=CIRCLE('',#7184,1.4366556363499);
#2582=CIRCLE('',#7185,1.43665563634901);
#2583=CIRCLE('',#7186,1.43665563634988);
#2584=CIRCLE('',#7187,1.4366556363493);
#2585=CIRCLE('',#7188,1.43665563634929);
#2586=CIRCLE('',#7189,1.43665563634996);
#2587=CIRCLE('',#7190,1.43665563634899);
#2588=CIRCLE('',#7191,1.43665563634995);
#2589=CIRCLE('',#7192,1.43665563635021);
#2590=CIRCLE('',#7193,1.43665563634856);
#2591=CIRCLE('',#7194,1.43665563635033);
#2592=CIRCLE('',#7195,1.43665563634901);
#2593=CIRCLE('',#7196,1.43665563634931);
#2594=CIRCLE('',#7197,1.43665563634995);
#2595=CIRCLE('',#7198,1.43665563634904);
#2596=CIRCLE('',#7199,1.43665563634988);
#2597=CIRCLE('',#7200,1.43665563634991);
#2598=CIRCLE('',#7201,1.43665563634901);
#2599=CIRCLE('',#7202,1.43665563634988);
#2600=CIRCLE('',#7203,1.43665563634931);
#2601=CIRCLE('',#7204,1.43665563634996);
#2602=CIRCLE('',#7205,1.43665563634899);
#2603=CIRCLE('',#7206,1.43665563634997);
#2604=CIRCLE('',#7207,1.43665563634931);
#2605=CIRCLE('',#7208,1.43665563634929);
#2606=CIRCLE('',#7209,1.43665563634989);
#2607=CIRCLE('',#7210,1.43665563634904);
#2608=CIRCLE('',#7211,1.43665563634988);
#2609=CIRCLE('',#7212,1.95);
#2610=CIRCLE('',#7213,1.43665563634991);
#2611=CIRCLE('',#7214,1.43665563634899);
#2612=CIRCLE('',#7215,1.43665563634988);
#2613=CIRCLE('',#7216,1.43665563634932);
#2614=CIRCLE('',#7217,1.43665563635023);
#2615=CIRCLE('',#7218,1.43665563634856);
#2616=CIRCLE('',#7219,1.43665563635032);
#2617=CIRCLE('',#7220,1.43665563634896);
#2618=CIRCLE('',#7221,1.4366556363499);
#2619=CIRCLE('',#7222,1.43665563634903);
#2620=CIRCLE('',#7223,1.43665563634986);
#2621=CIRCLE('',#7224,1.43665563634931);
#2622=CIRCLE('',#7225,1.4366556363493);
#2623=CIRCLE('',#7226,1.43665563634989);
#2624=CIRCLE('',#7227,1.43665563634902);
#2625=CIRCLE('',#7228,1.43665563634984);
#2626=CIRCLE('',#7229,1.43665563634991);
#2627=CIRCLE('',#7230,1.43665563634903);
#2628=CIRCLE('',#7231,1.43665563634984);
#2629=CIRCLE('',#7232,1.43665563634928);
#2630=CIRCLE('',#7233,1.95000000000001);
#2631=CIRCLE('',#7239,2.15000000000001);
#2632=CIRCLE('',#7240,2.15000000000001);
#2633=CIRCLE('',#7242,2.33303027798235);
#2634=CIRCLE('',#7243,2.33303027798238);
#2635=CIRCLE('',#7244,2.33303027798232);
#2636=CIRCLE('',#7248,1.99999999999998);
#2637=CIRCLE('',#7253,1.99999999999998);
#2638=CIRCLE('',#7258,233.2);
#2639=CIRCLE('',#7261,234.2);
#2640=CIRCLE('',#7263,2.40000442636833);
#2641=CIRCLE('',#7264,2.40005486468514);
#2642=CIRCLE('',#7265,2.3999771577706);
#2643=CIRCLE('',#7266,1.599907588047);
#2644=CIRCLE('',#7267,2.40016529247543);
#2645=CIRCLE('',#7268,1.600112197071);
#2646=CIRCLE('',#7269,2.40594381079582);
#2647=CIRCLE('',#7270,1.59934536782406);
#2648=CIRCLE('',#7271,2.39994900559742);
#2649=CIRCLE('',#7272,235.4);
#2650=CIRCLE('',#7273,3.5999489980277);
#2651=CIRCLE('',#7274,0.799345367824066);
#2652=CIRCLE('',#7275,3.60594381079585);
#2653=CIRCLE('',#7276,0.400112197070994);
#2654=CIRCLE('',#7277,3.60016529175154);
#2655=CIRCLE('',#7278,0.399907588046984);
#2656=CIRCLE('',#7279,1.);
#2657=CIRCLE('',#7280,3.59997715776275);
#2658=CIRCLE('',#7281,3.60005486468514);
#2659=CIRCLE('',#7282,0.5);
#2660=CIRCLE('',#7283,3.60000442636831);
#2661=CIRCLE('',#7284,0.5);
#2662=CIRCLE('',#7285,3.60002240573778);
#2663=CIRCLE('',#7286,2.40002240575253);
#2664=CIRCLE('',#7291,119.420873599828);
#2665=CIRCLE('',#7293,119.57670936989);
#2666=CIRCLE('',#7296,0.8115);
#2667=CIRCLE('',#7297,0.8115);
#2668=CIRCLE('',#7303,0.8115);
#2669=CIRCLE('',#7304,0.8115);
#2670=CIRCLE('',#7307,1.95000000000001);
#2671=CIRCLE('',#7318,2.40002240575253);
#2672=CIRCLE('',#7371,1.43665563634901);
#2673=CIRCLE('',#7459,1.43665563634993);
#2674=CIRCLE('',#7462,1.43665563634933);
#2675=CIRCLE('',#7510,1.53499999999999);
#2676=CIRCLE('',#7511,1.53499999999999);
#2677=CIRCLE('',#7513,1.53499999999999);
#2678=CIRCLE('',#7514,1.53499999999998);
#2679=CIRCLE('',#7515,1.53500000000001);
#2680=CIRCLE('',#7516,1.2);
#2681=CIRCLE('',#7517,0.999999999999996);
#2682=CIRCLE('',#7519,1.95);
#2683=CIRCLE('',#7522,1.95);
#2684=CIRCLE('',#7523,1.95);
#2685=CIRCLE('',#7541,1.2);
#2686=CIRCLE('',#7544,1.53500000000001);
#2687=CIRCLE('',#7548,54.5999999999997);
#2688=CIRCLE('',#7549,54.5999999999997);
#2689=CIRCLE('',#7556,1.09999999999994);
#2690=CIRCLE('',#7557,1.09999999999994);
#2691=CIRCLE('',#7560,3.60007424876083);
#2692=CIRCLE('',#7561,3.60007424876083);
#2693=CIRCLE('',#7564,3.60000901479337);
#2694=CIRCLE('',#7565,3.60000901479337);
#2695=CIRCLE('',#7571,0.799778956571136);
#2696=CIRCLE('',#7577,0.999999999999996);
#2697=CIRCLE('',#7578,0.999999999999996);
#2698=CIRCLE('',#7580,0.999999999999996);
#2699=CIRCLE('',#7582,1.53499999999998);
#2700=CIRCLE('',#7585,1.53499999999999);
#2701=CIRCLE('',#7598,0.999999999999999);
#2702=CIRCLE('',#7603,0.999999998321119);
#2703=CIRCLE('',#7604,1.);
#2704=CIRCLE('',#7606,1.);
#2705=CIRCLE('',#7607,55.5999999999997);
#2706=CIRCLE('',#7609,1.);
#2707=CIRCLE('',#7611,1.);
#2708=CIRCLE('',#7612,2.60000901479337);
#2709=CIRCLE('',#7614,1.);
#2710=CIRCLE('',#7616,1.);
#2711=CIRCLE('',#7617,2.60007424876083);
#2712=CIRCLE('',#7620,0.999999999999996);
#2713=CIRCLE('',#7622,0.999999999999995);
#2714=CIRCLE('',#7624,0.999999999999994);
#2715=CIRCLE('',#7626,0.999999999999988);
#2716=CIRCLE('',#7628,0.999999999999999);
#2717=CIRCLE('',#7630,0.999999999999986);
#2718=CIRCLE('',#7632,0.999999999999988);
#2719=CIRCLE('',#7636,2.09999999999994);
#2720=CIRCLE('',#7638,0.999999999999971);
#2721=CIRCLE('',#7642,0.999999999999979);
#2722=CIRCLE('',#7643,0.999999999989244);
#2723=CIRCLE('',#7645,1.);
#2724=CIRCLE('',#7647,1.);
#2725=CIRCLE('',#7649,0.999999999999992);
#2726=CIRCLE('',#7651,0.999999999999999);
#2727=CIRCLE('',#7653,1.00000000229638);
#2728=CIRCLE('',#7655,0.99999999995702);
#2729=CIRCLE('',#7657,1.00000000000001);
#2730=CIRCLE('',#7659,0.999999999999998);
#2731=CIRCLE('',#7661,1.00000000184235);
#2732=CIRCLE('',#7666,1.6999999999984);
#2733=CIRCLE('',#7667,1.49999999999849);
#2734=CIRCLE('',#7669,1.19999999999999);
#2735=CIRCLE('',#7670,1.19999999999999);
#2736=CIRCLE('',#7673,1.70000000000159);
#2737=CIRCLE('',#7676,1.50000000000151);
#2738=CIRCLE('',#7683,2.03499999999832);
#2739=CIRCLE('',#7684,2.03499999999867);
#2740=CIRCLE('',#7686,2.03500000000165);
#2741=CIRCLE('',#7689,2.03500000000131);
#2742=CIRCLE('',#7713,1.43665563634982);
#2743=CIRCLE('',#7720,1.43665563634905);
#2744=CIRCLE('',#7723,1.43665563634994);
#2745=CIRCLE('',#7726,2.30000000000001);
#2746=CIRCLE('',#7729,2.40007424892679);
#2747=CIRCLE('',#7732,2.40000901479462);
#2748=CIRCLE('',#7735,55.8);
#2749=CIRCLE('',#7747,3.60002240573778);
#2750=CIRCLE('',#7748,3.1999999999878);
#2751=CIRCLE('',#7749,3.2);
#2752=CIRCLE('',#7750,0.400022405737781);
#2753=CIRCLE('',#7752,2.42);
#2754=CIRCLE('',#7754,2.42);
#2755=CIRCLE('',#7756,3.2);
#2756=CIRCLE('',#7757,3.2);
#2757=CIRCLE('',#7759,3.2);
#2758=CIRCLE('',#7761,2.42);
#2759=CIRCLE('',#7763,3.2);
#2760=CIRCLE('',#7765,0.78);
#2761=CIRCLE('',#7767,0.78);
#2762=CIRCLE('',#7769,0.78);
#2763=CIRCLE('',#7771,0.78);
#2764=CIRCLE('',#7774,0.599999999999999);
#2765=CIRCLE('',#7776,0.600000000000005);
#2766=CIRCLE('',#7777,0.6);
#2767=CIRCLE('',#7779,0.599999999999998);
#2768=CIRCLE('',#7781,0.599999999999987);
#2769=CIRCLE('',#7782,3.8);
#2770=CIRCLE('',#7783,0.600000000000005);
#2771=CIRCLE('',#7787,2.33303027798234);
#2772=CIRCLE('',#7789,2.33303027798234);
#2773=CIRCLE('',#7792,2.33303027798234);
#2774=CIRCLE('',#7800,118.421167811191);
#2775=CIRCLE('',#7804,118.37670936989);
#2776=VERTEX_POINT('',#9861);
#2777=VERTEX_POINT('',#9863);
#2778=VERTEX_POINT('',#9868);
#2779=VERTEX_POINT('',#9870);
#2780=VERTEX_POINT('',#9875);
#2781=VERTEX_POINT('',#9877);
#2782=VERTEX_POINT('',#9882);
#2783=VERTEX_POINT('',#9884);
#2784=VERTEX_POINT('',#9889);
#2785=VERTEX_POINT('',#9891);
#2786=VERTEX_POINT('',#9896);
#2787=VERTEX_POINT('',#9898);
#2788=VERTEX_POINT('',#9903);
#2789=VERTEX_POINT('',#9904);
#2790=VERTEX_POINT('',#9906);
#2791=VERTEX_POINT('',#9908);
#2792=VERTEX_POINT('',#9912);
#2793=VERTEX_POINT('',#9914);
#2794=VERTEX_POINT('',#9918);
#2795=VERTEX_POINT('',#9919);
#2796=VERTEX_POINT('',#9921);
#2797=VERTEX_POINT('',#9923);
#2798=VERTEX_POINT('',#9925);
#2799=VERTEX_POINT('',#9927);
#2800=VERTEX_POINT('',#9929);
#2801=VERTEX_POINT('',#9932);
#2802=VERTEX_POINT('',#9936);
#2803=VERTEX_POINT('',#9938);
#2804=VERTEX_POINT('',#9942);
#2805=VERTEX_POINT('',#9944);
#2806=VERTEX_POINT('',#9948);
#2807=VERTEX_POINT('',#9950);
#2808=VERTEX_POINT('',#9952);
#2809=VERTEX_POINT('',#9954);
#2810=VERTEX_POINT('',#9956);
#2811=VERTEX_POINT('',#9958);
#2812=VERTEX_POINT('',#9960);
#2813=VERTEX_POINT('',#9962);
#2814=VERTEX_POINT('',#9964);
#2815=VERTEX_POINT('',#9966);
#2816=VERTEX_POINT('',#9968);
#2817=VERTEX_POINT('',#9970);
#2818=VERTEX_POINT('',#9972);
#2819=VERTEX_POINT('',#9974);
#2820=VERTEX_POINT('',#9976);
#2821=VERTEX_POINT('',#9978);
#2822=VERTEX_POINT('',#9980);
#2823=VERTEX_POINT('',#9982);
#2824=VERTEX_POINT('',#9984);
#2825=VERTEX_POINT('',#9986);
#2826=VERTEX_POINT('',#9988);
#2827=VERTEX_POINT('',#9990);
#2828=VERTEX_POINT('',#9992);
#2829=VERTEX_POINT('',#9994);
#2830=VERTEX_POINT('',#9996);
#2831=VERTEX_POINT('',#9998);
#2832=VERTEX_POINT('',#10000);
#2833=VERTEX_POINT('',#10002);
#2834=VERTEX_POINT('',#10004);
#2835=VERTEX_POINT('',#10006);
#2836=VERTEX_POINT('',#10008);
#2837=VERTEX_POINT('',#10010);
#2838=VERTEX_POINT('',#10012);
#2839=VERTEX_POINT('',#10014);
#2840=VERTEX_POINT('',#10016);
#2841=VERTEX_POINT('',#10018);
#2842=VERTEX_POINT('',#10020);
#2843=VERTEX_POINT('',#10022);
#2844=VERTEX_POINT('',#10024);
#2845=VERTEX_POINT('',#10026);
#2846=VERTEX_POINT('',#10028);
#2847=VERTEX_POINT('',#10030);
#2848=VERTEX_POINT('',#10032);
#2849=VERTEX_POINT('',#10034);
#2850=VERTEX_POINT('',#10036);
#2851=VERTEX_POINT('',#10038);
#2852=VERTEX_POINT('',#10040);
#2853=VERTEX_POINT('',#10042);
#2854=VERTEX_POINT('',#10044);
#2855=VERTEX_POINT('',#10046);
#2856=VERTEX_POINT('',#10049);
#2857=VERTEX_POINT('',#10050);
#2858=VERTEX_POINT('',#10052);
#2859=VERTEX_POINT('',#10054);
#2860=VERTEX_POINT('',#10056);
#2861=VERTEX_POINT('',#10058);
#2862=VERTEX_POINT('',#10060);
#2863=VERTEX_POINT('',#10062);
#2864=VERTEX_POINT('',#10065);
#2865=VERTEX_POINT('',#10066);
#2866=VERTEX_POINT('',#10068);
#2867=VERTEX_POINT('',#10070);
#2868=VERTEX_POINT('',#10072);
#2869=VERTEX_POINT('',#10074);
#2870=VERTEX_POINT('',#10076);
#2871=VERTEX_POINT('',#10078);
#2872=VERTEX_POINT('',#10081);
#2873=VERTEX_POINT('',#10082);
#2874=VERTEX_POINT('',#10084);
#2875=VERTEX_POINT('',#10086);
#2876=VERTEX_POINT('',#10088);
#2877=VERTEX_POINT('',#10090);
#2878=VERTEX_POINT('',#10092);
#2879=VERTEX_POINT('',#10094);
#2880=VERTEX_POINT('',#10097);
#2881=VERTEX_POINT('',#10098);
#2882=VERTEX_POINT('',#10100);
#2883=VERTEX_POINT('',#10102);
#2884=VERTEX_POINT('',#10104);
#2885=VERTEX_POINT('',#10106);
#2886=VERTEX_POINT('',#10108);
#2887=VERTEX_POINT('',#10110);
#2888=VERTEX_POINT('',#10113);
#2889=VERTEX_POINT('',#10114);
#2890=VERTEX_POINT('',#10116);
#2891=VERTEX_POINT('',#10118);
#2892=VERTEX_POINT('',#10120);
#2893=VERTEX_POINT('',#10122);
#2894=VERTEX_POINT('',#10124);
#2895=VERTEX_POINT('',#10126);
#2896=VERTEX_POINT('',#10129);
#2897=VERTEX_POINT('',#10130);
#2898=VERTEX_POINT('',#10132);
#2899=VERTEX_POINT('',#10134);
#2900=VERTEX_POINT('',#10136);
#2901=VERTEX_POINT('',#10138);
#2902=VERTEX_POINT('',#10140);
#2903=VERTEX_POINT('',#10142);
#2904=VERTEX_POINT('',#10145);
#2905=VERTEX_POINT('',#10146);
#2906=VERTEX_POINT('',#10148);
#2907=VERTEX_POINT('',#10150);
#2908=VERTEX_POINT('',#10152);
#2909=VERTEX_POINT('',#10154);
#2910=VERTEX_POINT('',#10156);
#2911=VERTEX_POINT('',#10158);
#2912=VERTEX_POINT('',#10161);
#2913=VERTEX_POINT('',#10162);
#2914=VERTEX_POINT('',#10164);
#2915=VERTEX_POINT('',#10166);
#2916=VERTEX_POINT('',#10168);
#2917=VERTEX_POINT('',#10170);
#2918=VERTEX_POINT('',#10172);
#2919=VERTEX_POINT('',#10174);
#2920=VERTEX_POINT('',#10177);
#2921=VERTEX_POINT('',#10178);
#2922=VERTEX_POINT('',#10180);
#2923=VERTEX_POINT('',#10182);
#2924=VERTEX_POINT('',#10184);
#2925=VERTEX_POINT('',#10186);
#2926=VERTEX_POINT('',#10188);
#2927=VERTEX_POINT('',#10190);
#2928=VERTEX_POINT('',#10193);
#2929=VERTEX_POINT('',#10194);
#2930=VERTEX_POINT('',#10196);
#2931=VERTEX_POINT('',#10198);
#2932=VERTEX_POINT('',#10200);
#2933=VERTEX_POINT('',#10202);
#2934=VERTEX_POINT('',#10204);
#2935=VERTEX_POINT('',#10206);
#2936=VERTEX_POINT('',#10209);
#2937=VERTEX_POINT('',#10210);
#2938=VERTEX_POINT('',#10212);
#2939=VERTEX_POINT('',#10214);
#2940=VERTEX_POINT('',#10216);
#2941=VERTEX_POINT('',#10218);
#2942=VERTEX_POINT('',#10220);
#2943=VERTEX_POINT('',#10222);
#2944=VERTEX_POINT('',#10225);
#2945=VERTEX_POINT('',#10226);
#2946=VERTEX_POINT('',#10228);
#2947=VERTEX_POINT('',#10230);
#2948=VERTEX_POINT('',#10232);
#2949=VERTEX_POINT('',#10234);
#2950=VERTEX_POINT('',#10236);
#2951=VERTEX_POINT('',#10238);
#2952=VERTEX_POINT('',#10241);
#2953=VERTEX_POINT('',#10242);
#2954=VERTEX_POINT('',#10244);
#2955=VERTEX_POINT('',#10246);
#2956=VERTEX_POINT('',#10248);
#2957=VERTEX_POINT('',#10250);
#2958=VERTEX_POINT('',#10252);
#2959=VERTEX_POINT('',#10254);
#2960=VERTEX_POINT('',#10257);
#2961=VERTEX_POINT('',#10259);
#2962=VERTEX_POINT('',#10260);
#2963=VERTEX_POINT('',#10262);
#2964=VERTEX_POINT('',#10264);
#2965=VERTEX_POINT('',#10266);
#2966=VERTEX_POINT('',#10268);
#2967=VERTEX_POINT('',#10270);
#2968=VERTEX_POINT('',#10272);
#2969=VERTEX_POINT('',#10275);
#2970=VERTEX_POINT('',#10276);
#2971=VERTEX_POINT('',#10278);
#2972=VERTEX_POINT('',#10280);
#2973=VERTEX_POINT('',#10282);
#2974=VERTEX_POINT('',#10284);
#2975=VERTEX_POINT('',#10286);
#2976=VERTEX_POINT('',#10288);
#2977=VERTEX_POINT('',#10291);
#2978=VERTEX_POINT('',#10292);
#2979=VERTEX_POINT('',#10294);
#2980=VERTEX_POINT('',#10296);
#2981=VERTEX_POINT('',#10298);
#2982=VERTEX_POINT('',#10300);
#2983=VERTEX_POINT('',#10302);
#2984=VERTEX_POINT('',#10304);
#2985=VERTEX_POINT('',#10307);
#2986=VERTEX_POINT('',#10308);
#2987=VERTEX_POINT('',#10310);
#2988=VERTEX_POINT('',#10312);
#2989=VERTEX_POINT('',#10314);
#2990=VERTEX_POINT('',#10316);
#2991=VERTEX_POINT('',#10318);
#2992=VERTEX_POINT('',#10320);
#2993=VERTEX_POINT('',#10323);
#2994=VERTEX_POINT('',#10324);
#2995=VERTEX_POINT('',#10326);
#2996=VERTEX_POINT('',#10328);
#2997=VERTEX_POINT('',#10330);
#2998=VERTEX_POINT('',#10332);
#2999=VERTEX_POINT('',#10334);
#3000=VERTEX_POINT('',#10336);
#3001=VERTEX_POINT('',#10339);
#3002=VERTEX_POINT('',#10342);
#3003=VERTEX_POINT('',#10344);
#3004=VERTEX_POINT('',#10348);
#3005=VERTEX_POINT('',#10350);
#3006=VERTEX_POINT('',#10354);
#3007=VERTEX_POINT('',#10355);
#3008=VERTEX_POINT('',#10357);
#3009=VERTEX_POINT('',#10359);
#3010=VERTEX_POINT('',#10363);
#3011=VERTEX_POINT('',#10365);
#3012=VERTEX_POINT('',#10369);
#3013=VERTEX_POINT('',#10371);
#3014=VERTEX_POINT('',#10376);
#3015=VERTEX_POINT('',#10378);
#3016=VERTEX_POINT('',#10380);
#3017=VERTEX_POINT('',#10382);
#3018=VERTEX_POINT('',#10385);
#3019=VERTEX_POINT('',#10386);
#3020=VERTEX_POINT('',#10388);
#3021=VERTEX_POINT('',#10390);
#3022=VERTEX_POINT('',#10396);
#3023=VERTEX_POINT('',#10397);
#3024=VERTEX_POINT('',#10400);
#3025=VERTEX_POINT('',#10402);
#3026=VERTEX_POINT('',#10404);
#3027=VERTEX_POINT('',#10406);
#3028=VERTEX_POINT('',#10408);
#3029=VERTEX_POINT('',#10410);
#3030=VERTEX_POINT('',#10412);
#3031=VERTEX_POINT('',#10425);
#3032=VERTEX_POINT('',#10427);
#3033=VERTEX_POINT('',#10431);
#3034=VERTEX_POINT('',#10432);
#3035=VERTEX_POINT('',#10434);
#3036=VERTEX_POINT('',#10436);
#3037=VERTEX_POINT('',#10440);
#3038=VERTEX_POINT('',#10442);
#3039=VERTEX_POINT('',#10446);
#3040=VERTEX_POINT('',#10448);
#3041=VERTEX_POINT('',#10450);
#3042=VERTEX_POINT('',#10463);
#3043=VERTEX_POINT('',#10465);
#3044=VERTEX_POINT('',#10488);
#3045=VERTEX_POINT('',#10490);
#3046=VERTEX_POINT('',#10496);
#3047=VERTEX_POINT('',#10500);
#3048=VERTEX_POINT('',#10502);
#3049=VERTEX_POINT('',#10504);
#3050=VERTEX_POINT('',#10510);
#3051=VERTEX_POINT('',#10514);
#3052=VERTEX_POINT('',#10516);
#3053=VERTEX_POINT('',#10518);
#3054=VERTEX_POINT('',#10520);
#3055=VERTEX_POINT('',#10522);
#3056=VERTEX_POINT('',#10524);
#3057=VERTEX_POINT('',#10526);
#3058=VERTEX_POINT('',#10528);
#3059=VERTEX_POINT('',#10530);
#3060=VERTEX_POINT('',#10532);
#3061=VERTEX_POINT('',#10534);
#3062=VERTEX_POINT('',#10536);
#3063=VERTEX_POINT('',#10538);
#3064=VERTEX_POINT('',#10540);
#3065=VERTEX_POINT('',#10542);
#3066=VERTEX_POINT('',#10544);
#3067=VERTEX_POINT('',#10546);
#3068=VERTEX_POINT('',#10548);
#3069=VERTEX_POINT('',#10550);
#3070=VERTEX_POINT('',#10553);
#3071=VERTEX_POINT('',#10555);
#3072=VERTEX_POINT('',#10557);
#3073=VERTEX_POINT('',#10559);
#3074=VERTEX_POINT('',#10561);
#3075=VERTEX_POINT('',#10563);
#3076=VERTEX_POINT('',#10565);
#3077=VERTEX_POINT('',#10567);
#3078=VERTEX_POINT('',#10569);
#3079=VERTEX_POINT('',#10571);
#3080=VERTEX_POINT('',#10573);
#3081=VERTEX_POINT('',#10575);
#3082=VERTEX_POINT('',#10577);
#3083=VERTEX_POINT('',#10579);
#3084=VERTEX_POINT('',#10581);
#3085=VERTEX_POINT('',#10583);
#3086=VERTEX_POINT('',#10585);
#3087=VERTEX_POINT('',#10587);
#3088=VERTEX_POINT('',#10589);
#3089=VERTEX_POINT('',#10591);
#3090=VERTEX_POINT('',#10593);
#3091=VERTEX_POINT('',#10595);
#3092=VERTEX_POINT('',#10597);
#3093=VERTEX_POINT('',#10599);
#3094=VERTEX_POINT('',#10601);
#3095=VERTEX_POINT('',#10603);
#3096=VERTEX_POINT('',#10607);
#3097=VERTEX_POINT('',#10609);
#3098=VERTEX_POINT('',#10618);
#3099=VERTEX_POINT('',#10620);
#3100=VERTEX_POINT('',#10624);
#3101=VERTEX_POINT('',#10626);
#3102=VERTEX_POINT('',#10630);
#3103=VERTEX_POINT('',#10632);
#3104=VERTEX_POINT('',#10638);
#3105=VERTEX_POINT('',#10640);
#3106=VERTEX_POINT('',#10644);
#3107=VERTEX_POINT('',#10646);
#3108=VERTEX_POINT('',#10650);
#3109=VERTEX_POINT('',#10652);
#3110=VERTEX_POINT('',#10657);
#3111=VERTEX_POINT('',#10662);
#3112=VERTEX_POINT('',#10663);
#3113=VERTEX_POINT('',#10666);
#3114=VERTEX_POINT('',#10668);
#3115=VERTEX_POINT('',#10686);
#3116=VERTEX_POINT('',#10690);
#3117=VERTEX_POINT('',#10691);
#3118=VERTEX_POINT('',#10693);
#3119=VERTEX_POINT('',#10697);
#3120=VERTEX_POINT('',#10699);
#3121=VERTEX_POINT('',#10703);
#3122=VERTEX_POINT('',#10707);
#3123=VERTEX_POINT('',#10711);
#3124=VERTEX_POINT('',#10715);
#3125=VERTEX_POINT('',#10719);
#3126=VERTEX_POINT('',#10723);
#3127=VERTEX_POINT('',#10729);
#3128=VERTEX_POINT('',#10731);
#3129=VERTEX_POINT('',#10735);
#3130=VERTEX_POINT('',#10739);
#3131=VERTEX_POINT('',#10743);
#3132=VERTEX_POINT('',#10747);
#3133=VERTEX_POINT('',#10751);
#3134=VERTEX_POINT('',#10755);
#3135=VERTEX_POINT('',#10761);
#3136=VERTEX_POINT('',#10763);
#3137=VERTEX_POINT('',#10767);
#3138=VERTEX_POINT('',#10771);
#3139=VERTEX_POINT('',#10775);
#3140=VERTEX_POINT('',#10779);
#3141=VERTEX_POINT('',#10783);
#3142=VERTEX_POINT('',#10787);
#3143=VERTEX_POINT('',#10793);
#3144=VERTEX_POINT('',#10795);
#3145=VERTEX_POINT('',#10799);
#3146=VERTEX_POINT('',#10803);
#3147=VERTEX_POINT('',#10807);
#3148=VERTEX_POINT('',#10811);
#3149=VERTEX_POINT('',#10815);
#3150=VERTEX_POINT('',#10819);
#3151=VERTEX_POINT('',#10825);
#3152=VERTEX_POINT('',#10827);
#3153=VERTEX_POINT('',#10831);
#3154=VERTEX_POINT('',#10835);
#3155=VERTEX_POINT('',#10837);
#3156=VERTEX_POINT('',#10841);
#3157=VERTEX_POINT('',#10845);
#3158=VERTEX_POINT('',#10847);
#3159=VERTEX_POINT('',#10851);
#3160=VERTEX_POINT('',#10855);
#3161=VERTEX_POINT('',#10859);
#3162=VERTEX_POINT('',#10863);
#3163=VERTEX_POINT('',#10867);
#3164=VERTEX_POINT('',#10871);
#3165=VERTEX_POINT('',#10877);
#3166=VERTEX_POINT('',#10879);
#3167=VERTEX_POINT('',#10883);
#3168=VERTEX_POINT('',#10887);
#3169=VERTEX_POINT('',#10891);
#3170=VERTEX_POINT('',#10895);
#3171=VERTEX_POINT('',#10899);
#3172=VERTEX_POINT('',#10903);
#3173=VERTEX_POINT('',#10909);
#3174=VERTEX_POINT('',#10911);
#3175=VERTEX_POINT('',#10915);
#3176=VERTEX_POINT('',#10919);
#3177=VERTEX_POINT('',#10923);
#3178=VERTEX_POINT('',#10927);
#3179=VERTEX_POINT('',#10931);
#3180=VERTEX_POINT('',#10935);
#3181=VERTEX_POINT('',#10941);
#3182=VERTEX_POINT('',#10943);
#3183=VERTEX_POINT('',#10947);
#3184=VERTEX_POINT('',#10951);
#3185=VERTEX_POINT('',#10955);
#3186=VERTEX_POINT('',#10959);
#3187=VERTEX_POINT('',#10963);
#3188=VERTEX_POINT('',#10967);
#3189=VERTEX_POINT('',#10973);
#3190=VERTEX_POINT('',#10975);
#3191=VERTEX_POINT('',#10979);
#3192=VERTEX_POINT('',#10983);
#3193=VERTEX_POINT('',#10987);
#3194=VERTEX_POINT('',#10991);
#3195=VERTEX_POINT('',#10995);
#3196=VERTEX_POINT('',#10999);
#3197=VERTEX_POINT('',#11005);
#3198=VERTEX_POINT('',#11007);
#3199=VERTEX_POINT('',#11011);
#3200=VERTEX_POINT('',#11015);
#3201=VERTEX_POINT('',#11019);
#3202=VERTEX_POINT('',#11023);
#3203=VERTEX_POINT('',#11027);
#3204=VERTEX_POINT('',#11031);
#3205=VERTEX_POINT('',#11037);
#3206=VERTEX_POINT('',#11039);
#3207=VERTEX_POINT('',#11043);
#3208=VERTEX_POINT('',#11047);
#3209=VERTEX_POINT('',#11051);
#3210=VERTEX_POINT('',#11053);
#3211=VERTEX_POINT('',#11057);
#3212=VERTEX_POINT('',#11061);
#3213=VERTEX_POINT('',#11067);
#3214=VERTEX_POINT('',#11069);
#3215=VERTEX_POINT('',#11073);
#3216=VERTEX_POINT('',#11077);
#3217=VERTEX_POINT('',#11081);
#3218=VERTEX_POINT('',#11085);
#3219=VERTEX_POINT('',#11087);
#3220=VERTEX_POINT('',#11091);
#3221=VERTEX_POINT('',#11095);
#3222=VERTEX_POINT('',#11099);
#3223=VERTEX_POINT('',#11101);
#3224=VERTEX_POINT('',#11107);
#3225=VERTEX_POINT('',#11109);
#3226=VERTEX_POINT('',#11113);
#3227=VERTEX_POINT('',#11117);
#3228=VERTEX_POINT('',#11121);
#3229=VERTEX_POINT('',#11125);
#3230=VERTEX_POINT('',#11129);
#3231=VERTEX_POINT('',#11133);
#3232=VERTEX_POINT('',#11139);
#3233=VERTEX_POINT('',#11141);
#3234=VERTEX_POINT('',#11145);
#3235=VERTEX_POINT('',#11149);
#3236=VERTEX_POINT('',#11153);
#3237=VERTEX_POINT('',#11157);
#3238=VERTEX_POINT('',#11161);
#3239=VERTEX_POINT('',#11165);
#3240=VERTEX_POINT('',#11171);
#3241=VERTEX_POINT('',#11173);
#3242=VERTEX_POINT('',#11177);
#3243=VERTEX_POINT('',#11181);
#3244=VERTEX_POINT('',#11185);
#3245=VERTEX_POINT('',#11189);
#3246=VERTEX_POINT('',#11193);
#3247=VERTEX_POINT('',#11197);
#3248=VERTEX_POINT('',#11203);
#3249=VERTEX_POINT('',#11204);
#3250=VERTEX_POINT('',#11206);
#3251=VERTEX_POINT('',#11208);
#3252=VERTEX_POINT('',#11215);
#3253=VERTEX_POINT('',#11217);
#3254=VERTEX_POINT('',#11219);
#3255=VERTEX_POINT('',#11221);
#3256=VERTEX_POINT('',#11223);
#3257=VERTEX_POINT('',#11225);
#3258=VERTEX_POINT('',#11227);
#3259=VERTEX_POINT('',#11229);
#3260=VERTEX_POINT('',#11231);
#3261=VERTEX_POINT('',#11235);
#3262=VERTEX_POINT('',#11240);
#3263=VERTEX_POINT('',#11244);
#3264=VERTEX_POINT('',#11246);
#3265=VERTEX_POINT('',#11276);
#3266=VERTEX_POINT('',#11280);
#3267=VERTEX_POINT('',#11281);
#3268=VERTEX_POINT('',#11286);
#3269=VERTEX_POINT('',#11287);
#3270=VERTEX_POINT('',#11291);
#3271=VERTEX_POINT('',#11298);
#3272=VERTEX_POINT('',#11302);
#3273=VERTEX_POINT('',#11306);
#3274=VERTEX_POINT('',#11307);
#3275=VERTEX_POINT('',#11309);
#3276=VERTEX_POINT('',#11311);
#3277=VERTEX_POINT('',#11313);
#3278=VERTEX_POINT('',#11317);
#3279=VERTEX_POINT('',#11318);
#3280=VERTEX_POINT('',#11323);
#3281=VERTEX_POINT('',#11327);
#3282=VERTEX_POINT('',#11331);
#3283=VERTEX_POINT('',#11389);
#3284=VERTEX_POINT('',#11390);
#3285=VERTEX_POINT('',#11392);
#3286=VERTEX_POINT('',#11394);
#3287=VERTEX_POINT('',#11398);
#3288=VERTEX_POINT('',#11400);
#3289=VERTEX_POINT('',#11404);
#3290=VERTEX_POINT('',#11406);
#3291=VERTEX_POINT('',#11410);
#3292=VERTEX_POINT('',#11412);
#3293=VERTEX_POINT('',#11416);
#3294=VERTEX_POINT('',#11418);
#3295=VERTEX_POINT('',#11425);
#3296=VERTEX_POINT('',#11426);
#3297=VERTEX_POINT('',#11431);
#3298=VERTEX_POINT('',#11489);
#3299=VERTEX_POINT('',#11493);
#3300=VERTEX_POINT('',#11497);
#3301=VERTEX_POINT('',#11503);
#3302=VERTEX_POINT('',#11507);
#3303=VERTEX_POINT('',#11508);
#3304=VERTEX_POINT('',#11510);
#3305=VERTEX_POINT('',#11512);
#3306=VERTEX_POINT('',#11514);
#3307=VERTEX_POINT('',#11516);
#3308=VERTEX_POINT('',#11552);
#3309=VERTEX_POINT('',#11553);
#3310=VERTEX_POINT('',#11583);
#3311=VERTEX_POINT('',#11592);
#3312=VERTEX_POINT('',#11594);
#3313=VERTEX_POINT('',#11596);
#3314=VERTEX_POINT('',#11610);
#3315=VERTEX_POINT('',#11614);
#3316=VERTEX_POINT('',#11621);
#3317=VERTEX_POINT('',#11630);
#3318=VERTEX_POINT('',#11634);
#3319=VERTEX_POINT('',#11638);
#3320=VERTEX_POINT('',#11642);
#3321=VERTEX_POINT('',#11646);
#3322=VERTEX_POINT('',#11650);
#3323=VERTEX_POINT('',#11654);
#3324=VERTEX_POINT('',#11700);
#3325=VERTEX_POINT('',#11704);
#3326=VERTEX_POINT('',#11708);
#3327=VERTEX_POINT('',#11741);
#3328=VERTEX_POINT('',#11745);
#3329=VERTEX_POINT('',#11747);
#3330=VERTEX_POINT('',#11749);
#3331=VERTEX_POINT('',#11785);
#3332=VERTEX_POINT('',#11789);
#3333=VERTEX_POINT('',#11793);
#3334=VERTEX_POINT('',#11797);
#3335=VERTEX_POINT('',#11801);
#3336=VERTEX_POINT('',#11842);
#3337=VERTEX_POINT('',#11846);
#3338=VERTEX_POINT('',#11874);
#3339=VERTEX_POINT('',#11902);
#3340=VERTEX_POINT('',#11906);
#3341=VERTEX_POINT('',#11934);
#3342=VERTEX_POINT('',#11962);
#3343=VERTEX_POINT('',#11966);
#3344=VERTEX_POINT('',#11970);
#3345=VERTEX_POINT('',#12006);
#3346=VERTEX_POINT('',#12029);
#3347=VERTEX_POINT('',#12061);
#3348=VERTEX_POINT('',#12063);
#3349=VERTEX_POINT('',#12091);
#3350=VERTEX_POINT('',#12095);
#3351=VERTEX_POINT('',#12118);
#3352=VERTEX_POINT('',#12122);
#3353=VERTEX_POINT('',#12131);
#3354=VERTEX_POINT('',#12159);
#3355=VERTEX_POINT('',#12163);
#3356=VERTEX_POINT('',#12191);
#3357=VERTEX_POINT('',#12195);
#3358=VERTEX_POINT('',#12223);
#3359=VERTEX_POINT('',#12253);
#3360=VERTEX_POINT('',#12284);
#3361=VERTEX_POINT('',#12285);
#3362=VERTEX_POINT('',#12287);
#3363=VERTEX_POINT('',#12289);
#3364=VERTEX_POINT('',#12294);
#3365=VERTEX_POINT('',#12295);
#3366=VERTEX_POINT('',#12297);
#3367=VERTEX_POINT('',#12299);
#3368=VERTEX_POINT('',#12321);
#3369=VERTEX_POINT('',#12323);
#3370=VERTEX_POINT('',#12330);
#3371=VERTEX_POINT('',#12334);
#3372=VERTEX_POINT('',#12355);
#3373=VERTEX_POINT('',#12386);
#3374=VERTEX_POINT('',#12397);
#3375=VERTEX_POINT('',#12443);
#3376=VERTEX_POINT('',#12444);
#3377=VERTEX_POINT('',#12452);
#3378=VERTEX_POINT('',#12454);
#3379=VERTEX_POINT('',#12461);
#3380=VERTEX_POINT('',#12468);
#3381=VERTEX_POINT('',#12470);
#3382=VERTEX_POINT('',#12477);
#3383=VERTEX_POINT('',#12484);
#3384=VERTEX_POINT('',#12493);
#3385=VERTEX_POINT('',#12495);
#3386=VERTEX_POINT('',#12517);
#3387=VERTEX_POINT('',#12521);
#3388=VERTEX_POINT('',#12585);
#3389=VERTEX_POINT('',#12589);
#3390=VERTEX_POINT('',#12594);
#3391=VERTEX_POINT('',#12600);
#3392=VERTEX_POINT('',#12602);
#3393=VERTEX_POINT('',#12606);
#3394=VERTEX_POINT('',#12610);
#3395=VERTEX_POINT('',#12614);
#3396=VERTEX_POINT('',#12618);
#3397=VERTEX_POINT('',#12624);
#3398=VERTEX_POINT('',#12628);
#3399=VERTEX_POINT('',#12635);
#3400=VERTEX_POINT('',#12639);
#3401=VERTEX_POINT('',#12641);
#3402=VERTEX_POINT('',#12645);
#3403=VERTEX_POINT('',#12651);
#3404=VERTEX_POINT('',#12655);
#3405=VERTEX_POINT('',#12659);
#3406=VERTEX_POINT('',#12665);
#3407=VERTEX_POINT('',#12668);
#3408=VERTEX_POINT('',#12672);
#3409=VERTEX_POINT('',#12676);
#3410=VERTEX_POINT('',#12680);
#3411=VERTEX_POINT('',#12684);
#3412=VERTEX_POINT('',#12688);
#3413=VERTEX_POINT('',#12692);
#3414=VERTEX_POINT('',#12700);
#3415=VERTEX_POINT('',#12704);
#3416=VERTEX_POINT('',#12710);
#3417=VERTEX_POINT('',#12712);
#3418=VERTEX_POINT('',#12716);
#3419=VERTEX_POINT('',#12720);
#3420=VERTEX_POINT('',#12726);
#3421=VERTEX_POINT('',#12746);
#3422=VERTEX_POINT('',#12748);
#3423=VERTEX_POINT('',#12752);
#3424=VERTEX_POINT('',#12753);
#3425=VERTEX_POINT('',#12755);
#3426=VERTEX_POINT('',#12757);
#3427=VERTEX_POINT('',#12761);
#3428=VERTEX_POINT('',#12762);
#3429=VERTEX_POINT('',#12764);
#3430=VERTEX_POINT('',#12766);
#3431=VERTEX_POINT('',#12773);
#3432=VERTEX_POINT('',#12777);
#3433=VERTEX_POINT('',#12778);
#3434=VERTEX_POINT('',#12780);
#3435=VERTEX_POINT('',#12787);
#3436=VERTEX_POINT('',#12814);
#3437=VERTEX_POINT('',#12821);
#3438=VERTEX_POINT('',#12839);
#3439=VERTEX_POINT('',#12870);
#3440=VERTEX_POINT('',#12925);
#3441=VERTEX_POINT('',#12930);
#3442=VERTEX_POINT('',#12932);
#3443=VERTEX_POINT('',#12970);
#3444=VERTEX_POINT('',#12972);
#3445=VERTEX_POINT('',#12978);
#3446=VERTEX_POINT('',#12982);
#3447=EDGE_CURVE('',#2776,#2776,#2519,.T.);
#3448=EDGE_CURVE('',#2776,#2777,#1231,.T.);
#3449=EDGE_CURVE('',#2777,#2777,#2520,.T.);
#3450=EDGE_CURVE('',#2778,#2778,#2521,.T.);
#3451=EDGE_CURVE('',#2778,#2779,#1232,.T.);
#3452=EDGE_CURVE('',#2779,#2779,#2522,.T.);
#3453=EDGE_CURVE('',#2780,#2780,#2523,.T.);
#3454=EDGE_CURVE('',#2780,#2781,#1233,.T.);
#3455=EDGE_CURVE('',#2781,#2781,#2524,.T.);
#3456=EDGE_CURVE('',#2782,#2782,#2525,.T.);
#3457=EDGE_CURVE('',#2782,#2783,#1234,.T.);
#3458=EDGE_CURVE('',#2783,#2783,#2526,.T.);
#3459=EDGE_CURVE('',#2784,#2784,#2527,.T.);
#3460=EDGE_CURVE('',#2784,#2785,#1235,.T.);
#3461=EDGE_CURVE('',#2785,#2785,#2528,.T.);
#3462=EDGE_CURVE('',#2786,#2786,#2529,.T.);
#3463=EDGE_CURVE('',#2786,#2787,#1236,.T.);
#3464=EDGE_CURVE('',#2787,#2787,#2530,.T.);
#3465=EDGE_CURVE('',#2788,#2789,#2531,.F.);
#3466=EDGE_CURVE('',#2790,#2788,#1237,.T.);
#3467=EDGE_CURVE('',#2791,#2790,#2532,.T.);
#3468=EDGE_CURVE('',#2789,#2791,#1238,.T.);
#3469=EDGE_CURVE('',#2792,#2788,#1239,.T.);
#3470=EDGE_CURVE('',#2793,#2792,#1240,.T.);
#3471=EDGE_CURVE('',#2790,#2793,#1241,.T.);
#3472=EDGE_CURVE('',#2794,#2795,#2533,.T.);
#3473=EDGE_CURVE('',#2794,#2796,#1242,.T.);
#3474=EDGE_CURVE('',#2796,#2797,#2534,.T.);
#3475=EDGE_CURVE('',#2797,#2798,#1243,.T.);
#3476=EDGE_CURVE('',#2799,#2798,#2535,.T.);
#3477=EDGE_CURVE('',#2800,#2799,#1244,.T.);
#3478=EDGE_CURVE('',#2795,#2800,#2536,.T.);
#3479=EDGE_CURVE('',#2795,#2801,#1245,.T.);
#3480=EDGE_CURVE('',#2801,#2801,#2537,.F.);
#3481=EDGE_CURVE('',#2802,#2794,#1246,.T.);
#3482=EDGE_CURVE('',#2803,#2802,#1247,.T.);
#3483=EDGE_CURVE('',#2796,#2803,#1248,.T.);
#3484=EDGE_CURVE('',#2802,#2804,#1249,.T.);
#3485=EDGE_CURVE('',#2805,#2804,#1250,.F.);
#3486=EDGE_CURVE('',#2803,#2805,#1251,.T.);
#3487=EDGE_CURVE('',#2806,#2800,#1252,.T.);
#3488=EDGE_CURVE('',#2807,#2806,#1253,.T.);
#3489=EDGE_CURVE('',#2808,#2807,#2538,.F.);
#3490=EDGE_CURVE('',#2809,#2808,#2539,.F.);
#3491=EDGE_CURVE('',#2809,#2810,#1254,.T.);
#3492=EDGE_CURVE('',#2811,#2810,#1255,.T.);
#3493=EDGE_CURVE('',#2812,#2811,#1256,.T.);
#3494=EDGE_CURVE('',#2813,#2812,#1257,.T.);
#3495=EDGE_CURVE('',#2814,#2813,#1258,.T.);
#3496=EDGE_CURVE('',#2815,#2814,#1259,.T.);
#3497=EDGE_CURVE('',#2816,#2815,#1260,.T.);
#3498=EDGE_CURVE('',#2817,#2816,#1261,.T.);
#3499=EDGE_CURVE('',#2818,#2817,#2540,.T.);
#3500=EDGE_CURVE('',#2819,#2818,#1262,.T.);
#3501=EDGE_CURVE('',#2820,#2819,#2541,.T.);
#3502=EDGE_CURVE('',#2821,#2820,#1263,.T.);
#3503=EDGE_CURVE('',#2822,#2821,#2542,.T.);
#3504=EDGE_CURVE('',#2823,#2822,#1264,.T.);
#3505=EDGE_CURVE('',#2824,#2823,#2543,.T.);
#3506=EDGE_CURVE('',#2825,#2824,#2544,.T.);
#3507=EDGE_CURVE('',#2825,#2826,#1265,.T.);
#3508=EDGE_CURVE('',#2827,#2826,#2545,.T.);
#3509=EDGE_CURVE('',#2827,#2828,#1266,.T.);
#3510=EDGE_CURVE('',#2828,#2829,#1267,.T.);
#3511=EDGE_CURVE('',#2829,#2830,#1268,.T.);
#3512=EDGE_CURVE('',#2830,#2831,#1269,.T.);
#3513=EDGE_CURVE('',#2831,#2832,#1270,.T.);
#3514=EDGE_CURVE('',#2832,#2833,#1271,.T.);
#3515=EDGE_CURVE('',#2833,#2834,#2546,.T.);
#3516=EDGE_CURVE('',#2834,#2835,#1272,.T.);
#3517=EDGE_CURVE('',#2835,#2836,#2547,.T.);
#3518=EDGE_CURVE('',#2837,#2836,#1273,.T.);
#3519=EDGE_CURVE('',#2838,#2837,#2548,.T.);
#3520=EDGE_CURVE('',#2839,#2838,#1274,.T.);
#3521=EDGE_CURVE('',#2840,#2839,#2549,.T.);
#3522=EDGE_CURVE('',#2841,#2840,#1275,.T.);
#3523=EDGE_CURVE('',#2842,#2841,#2550,.T.);
#3524=EDGE_CURVE('',#2843,#2842,#1276,.T.);
#3525=EDGE_CURVE('',#2844,#2843,#2551,.T.);
#3526=EDGE_CURVE('',#2845,#2844,#1277,.T.);
#3527=EDGE_CURVE('',#2846,#2845,#2552,.T.);
#3528=EDGE_CURVE('',#2847,#2846,#1278,.T.);
#3529=EDGE_CURVE('',#2848,#2847,#2553,.T.);
#3530=EDGE_CURVE('',#2849,#2848,#1279,.T.);
#3531=EDGE_CURVE('',#2850,#2849,#2554,.T.);
#3532=EDGE_CURVE('',#2851,#2850,#1280,.T.);
#3533=EDGE_CURVE('',#2852,#2851,#2555,.T.);
#3534=EDGE_CURVE('',#2853,#2852,#1281,.T.);
#3535=EDGE_CURVE('',#2854,#2853,#1282,.T.);
#3536=EDGE_CURVE('',#2855,#2854,#2556,.T.);
#3537=EDGE_CURVE('',#2804,#2855,#1283,.T.);
#3538=EDGE_CURVE('',#2856,#2857,#2557,.T.);
#3539=EDGE_CURVE('',#2858,#2856,#1284,.T.);
#3540=EDGE_CURVE('',#2859,#2858,#2558,.T.);
#3541=EDGE_CURVE('',#2860,#2859,#1285,.T.);
#3542=EDGE_CURVE('',#2861,#2860,#2559,.T.);
#3543=EDGE_CURVE('',#2862,#2861,#1286,.T.);
#3544=EDGE_CURVE('',#2863,#2862,#2560,.T.);
#3545=EDGE_CURVE('',#2863,#2857,#1287,.T.);
#3546=EDGE_CURVE('',#2864,#2865,#2561,.T.);
#3547=EDGE_CURVE('',#2866,#2864,#1288,.T.);
#3548=EDGE_CURVE('',#2867,#2866,#2562,.T.);
#3549=EDGE_CURVE('',#2868,#2867,#1289,.T.);
#3550=EDGE_CURVE('',#2869,#2868,#2563,.T.);
#3551=EDGE_CURVE('',#2870,#2869,#1290,.T.);
#3552=EDGE_CURVE('',#2871,#2870,#2564,.T.);
#3553=EDGE_CURVE('',#2865,#2871,#1291,.T.);
#3554=EDGE_CURVE('',#2872,#2873,#2565,.T.);
#3555=EDGE_CURVE('',#2874,#2872,#1292,.T.);
#3556=EDGE_CURVE('',#2875,#2874,#2566,.T.);
#3557=EDGE_CURVE('',#2876,#2875,#1293,.T.);
#3558=EDGE_CURVE('',#2877,#2876,#2567,.T.);
#3559=EDGE_CURVE('',#2878,#2877,#1294,.T.);
#3560=EDGE_CURVE('',#2879,#2878,#2568,.T.);
#3561=EDGE_CURVE('',#2873,#2879,#1295,.T.);
#3562=EDGE_CURVE('',#2880,#2881,#2569,.T.);
#3563=EDGE_CURVE('',#2882,#2880,#1296,.T.);
#3564=EDGE_CURVE('',#2883,#2882,#2570,.T.);
#3565=EDGE_CURVE('',#2884,#2883,#1297,.T.);
#3566=EDGE_CURVE('',#2885,#2884,#2571,.T.);
#3567=EDGE_CURVE('',#2886,#2885,#1298,.T.);
#3568=EDGE_CURVE('',#2887,#2886,#2572,.T.);
#3569=EDGE_CURVE('',#2881,#2887,#1299,.T.);
#3570=EDGE_CURVE('',#2888,#2889,#1300,.T.);
#3571=EDGE_CURVE('',#2890,#2888,#2573,.T.);
#3572=EDGE_CURVE('',#2891,#2890,#1301,.T.);
#3573=EDGE_CURVE('',#2892,#2891,#2574,.T.);
#3574=EDGE_CURVE('',#2893,#2892,#1302,.T.);
#3575=EDGE_CURVE('',#2894,#2893,#2575,.T.);
#3576=EDGE_CURVE('',#2895,#2894,#1303,.T.);
#3577=EDGE_CURVE('',#2889,#2895,#2576,.T.);
#3578=EDGE_CURVE('',#2896,#2897,#2577,.T.);
#3579=EDGE_CURVE('',#2898,#2896,#1304,.T.);
#3580=EDGE_CURVE('',#2899,#2898,#2578,.T.);
#3581=EDGE_CURVE('',#2900,#2899,#1305,.T.);
#3582=EDGE_CURVE('',#2901,#2900,#2579,.T.);
#3583=EDGE_CURVE('',#2902,#2901,#1306,.T.);
#3584=EDGE_CURVE('',#2903,#2902,#2580,.T.);
#3585=EDGE_CURVE('',#2897,#2903,#1307,.T.);
#3586=EDGE_CURVE('',#2904,#2905,#2581,.T.);
#3587=EDGE_CURVE('',#2906,#2904,#1308,.T.);
#3588=EDGE_CURVE('',#2907,#2906,#2582,.T.);
#3589=EDGE_CURVE('',#2908,#2907,#1309,.T.);
#3590=EDGE_CURVE('',#2909,#2908,#2583,.T.);
#3591=EDGE_CURVE('',#2910,#2909,#1310,.T.);
#3592=EDGE_CURVE('',#2911,#2910,#2584,.T.);
#3593=EDGE_CURVE('',#2905,#2911,#1311,.T.);
#3594=EDGE_CURVE('',#2912,#2913,#2585,.T.);
#3595=EDGE_CURVE('',#2914,#2912,#1312,.T.);
#3596=EDGE_CURVE('',#2915,#2914,#2586,.T.);
#3597=EDGE_CURVE('',#2916,#2915,#1313,.T.);
#3598=EDGE_CURVE('',#2917,#2916,#2587,.T.);
#3599=EDGE_CURVE('',#2918,#2917,#1314,.T.);
#3600=EDGE_CURVE('',#2919,#2918,#2588,.T.);
#3601=EDGE_CURVE('',#2913,#2919,#1315,.T.);
#3602=EDGE_CURVE('',#2920,#2921,#2589,.T.);
#3603=EDGE_CURVE('',#2922,#2920,#1316,.T.);
#3604=EDGE_CURVE('',#2923,#2922,#2590,.T.);
#3605=EDGE_CURVE('',#2924,#2923,#1317,.T.);
#3606=EDGE_CURVE('',#2925,#2924,#2591,.T.);
#3607=EDGE_CURVE('',#2926,#2925,#1318,.T.);
#3608=EDGE_CURVE('',#2927,#2926,#2592,.T.);
#3609=EDGE_CURVE('',#2921,#2927,#1319,.T.);
#3610=EDGE_CURVE('',#2928,#2929,#2593,.T.);
#3611=EDGE_CURVE('',#2930,#2928,#1320,.T.);
#3612=EDGE_CURVE('',#2931,#2930,#2594,.T.);
#3613=EDGE_CURVE('',#2932,#2931,#1321,.T.);
#3614=EDGE_CURVE('',#2933,#2932,#2595,.T.);
#3615=EDGE_CURVE('',#2934,#2933,#1322,.T.);
#3616=EDGE_CURVE('',#2935,#2934,#2596,.T.);
#3617=EDGE_CURVE('',#2929,#2935,#1323,.T.);
#3618=EDGE_CURVE('',#2936,#2937,#2597,.T.);
#3619=EDGE_CURVE('',#2938,#2936,#1324,.T.);
#3620=EDGE_CURVE('',#2939,#2938,#2598,.T.);
#3621=EDGE_CURVE('',#2940,#2939,#1325,.T.);
#3622=EDGE_CURVE('',#2941,#2940,#2599,.T.);
#3623=EDGE_CURVE('',#2942,#2941,#1326,.T.);
#3624=EDGE_CURVE('',#2943,#2942,#2600,.T.);
#3625=EDGE_CURVE('',#2937,#2943,#1327,.T.);
#3626=EDGE_CURVE('',#2944,#2945,#2601,.T.);
#3627=EDGE_CURVE('',#2946,#2944,#1328,.T.);
#3628=EDGE_CURVE('',#2947,#2946,#2602,.T.);
#3629=EDGE_CURVE('',#2948,#2947,#1329,.T.);
#3630=EDGE_CURVE('',#2949,#2948,#2603,.T.);
#3631=EDGE_CURVE('',#2950,#2949,#1330,.T.);
#3632=EDGE_CURVE('',#2951,#2950,#2604,.T.);
#3633=EDGE_CURVE('',#2945,#2951,#1331,.T.);
#3634=EDGE_CURVE('',#2952,#2953,#2605,.T.);
#3635=EDGE_CURVE('',#2954,#2952,#1332,.T.);
#3636=EDGE_CURVE('',#2955,#2954,#2606,.T.);
#3637=EDGE_CURVE('',#2956,#2955,#1333,.T.);
#3638=EDGE_CURVE('',#2957,#2956,#2607,.T.);
#3639=EDGE_CURVE('',#2958,#2957,#1334,.T.);
#3640=EDGE_CURVE('',#2959,#2958,#2608,.T.);
#3641=EDGE_CURVE('',#2953,#2959,#1335,.T.);
#3642=EDGE_CURVE('',#2960,#2960,#2609,.F.);
#3643=EDGE_CURVE('',#2961,#2962,#2610,.T.);
#3644=EDGE_CURVE('',#2963,#2961,#1336,.T.);
#3645=EDGE_CURVE('',#2964,#2963,#2611,.T.);
#3646=EDGE_CURVE('',#2965,#2964,#1337,.T.);
#3647=EDGE_CURVE('',#2966,#2965,#2612,.T.);
#3648=EDGE_CURVE('',#2967,#2966,#1338,.T.);
#3649=EDGE_CURVE('',#2968,#2967,#2613,.T.);
#3650=EDGE_CURVE('',#2962,#2968,#1339,.T.);
#3651=EDGE_CURVE('',#2969,#2970,#2614,.T.);
#3652=EDGE_CURVE('',#2971,#2969,#1340,.T.);
#3653=EDGE_CURVE('',#2972,#2971,#2615,.T.);
#3654=EDGE_CURVE('',#2973,#2972,#1341,.T.);
#3655=EDGE_CURVE('',#2974,#2973,#2616,.T.);
#3656=EDGE_CURVE('',#2975,#2974,#1342,.T.);
#3657=EDGE_CURVE('',#2976,#2975,#2617,.T.);
#3658=EDGE_CURVE('',#2970,#2976,#1343,.T.);
#3659=EDGE_CURVE('',#2977,#2978,#2618,.T.);
#3660=EDGE_CURVE('',#2979,#2977,#1344,.T.);
#3661=EDGE_CURVE('',#2980,#2979,#2619,.T.);
#3662=EDGE_CURVE('',#2981,#2980,#1345,.T.);
#3663=EDGE_CURVE('',#2982,#2981,#2620,.T.);
#3664=EDGE_CURVE('',#2983,#2982,#1346,.T.);
#3665=EDGE_CURVE('',#2984,#2983,#2621,.T.);
#3666=EDGE_CURVE('',#2978,#2984,#1347,.T.);
#3667=EDGE_CURVE('',#2985,#2986,#2622,.T.);
#3668=EDGE_CURVE('',#2987,#2985,#1348,.T.);
#3669=EDGE_CURVE('',#2988,#2987,#2623,.T.);
#3670=EDGE_CURVE('',#2989,#2988,#1349,.T.);
#3671=EDGE_CURVE('',#2990,#2989,#2624,.T.);
#3672=EDGE_CURVE('',#2991,#2990,#1350,.T.);
#3673=EDGE_CURVE('',#2992,#2991,#2625,.T.);
#3674=EDGE_CURVE('',#2986,#2992,#1351,.T.);
#3675=EDGE_CURVE('',#2993,#2994,#2626,.T.);
#3676=EDGE_CURVE('',#2995,#2993,#1352,.T.);
#3677=EDGE_CURVE('',#2996,#2995,#2627,.T.);
#3678=EDGE_CURVE('',#2997,#2996,#1353,.T.);
#3679=EDGE_CURVE('',#2998,#2997,#2628,.T.);
#3680=EDGE_CURVE('',#2999,#2998,#1354,.T.);
#3681=EDGE_CURVE('',#3000,#2999,#2629,.T.);
#3682=EDGE_CURVE('',#2994,#3000,#1355,.T.);
#3683=EDGE_CURVE('',#3001,#3001,#2630,.T.);
#3684=EDGE_CURVE('',#3002,#2797,#1356,.T.);
#3685=EDGE_CURVE('',#3003,#3002,#1357,.T.);
#3686=EDGE_CURVE('',#2798,#3003,#1358,.T.);
#3687=EDGE_CURVE('',#3004,#3002,#1359,.T.);
#3688=EDGE_CURVE('',#3004,#3005,#1360,.T.);
#3689=EDGE_CURVE('',#3005,#3003,#1361,.F.);
#3690=EDGE_CURVE('',#3006,#3007,#1362,.F.);
#3691=EDGE_CURVE('',#3008,#3006,#1363,.T.);
#3692=EDGE_CURVE('',#3009,#3008,#1364,.F.);
#3693=EDGE_CURVE('',#3007,#3009,#1365,.T.);
#3694=EDGE_CURVE('',#3010,#3009,#1366,.T.);
#3695=EDGE_CURVE('',#3010,#3011,#1367,.T.);
#3696=EDGE_CURVE('',#3011,#3007,#1368,.T.);
#3697=EDGE_CURVE('',#3012,#3006,#2631,.F.);
#3698=EDGE_CURVE('',#3013,#3012,#1369,.T.);
#3699=EDGE_CURVE('',#3008,#3013,#2632,.T.);
#3700=EDGE_CURVE('',#2789,#3012,#1370,.T.);
#3701=EDGE_CURVE('',#3014,#3011,#2633,.T.);
#3702=EDGE_CURVE('',#3015,#3014,#1371,.T.);
#3703=EDGE_CURVE('',#3016,#3015,#2634,.T.);
#3704=EDGE_CURVE('',#3017,#3016,#1372,.T.);
#3705=EDGE_CURVE('',#2792,#3017,#2635,.T.);
#3706=EDGE_CURVE('',#3018,#3019,#1373,.T.);
#3707=EDGE_CURVE('',#3020,#3018,#1374,.T.);
#3708=EDGE_CURVE('',#3021,#3020,#1375,.T.);
#3709=EDGE_CURVE('',#3019,#3021,#1376,.T.);
#3710=EDGE_CURVE('',#3013,#2791,#1377,.T.);
#3711=EDGE_CURVE('',#3022,#3023,#1378,.T.);
#3712=EDGE_CURVE('',#2829,#3022,#1379,.T.);
#3713=EDGE_CURVE('',#3024,#2828,#1380,.T.);
#3714=EDGE_CURVE('',#3025,#3024,#1381,.T.);
#3715=EDGE_CURVE('',#3026,#3025,#1382,.T.);
#3716=EDGE_CURVE('',#3027,#3026,#1383,.T.);
#3717=EDGE_CURVE('',#3028,#3027,#1384,.T.);
#3718=EDGE_CURVE('',#3029,#3028,#1385,.T.);
#3719=EDGE_CURVE('',#3030,#3029,#164,.T.);
#3720=EDGE_CURVE('',#3031,#3030,#1386,.T.);
#3721=EDGE_CURVE('',#3032,#3031,#1387,.T.);
#3722=EDGE_CURVE('',#3023,#3032,#1388,.T.);
#3723=EDGE_CURVE('',#3033,#3034,#2636,.T.);
#3724=EDGE_CURVE('',#3033,#3035,#1389,.T.);
#3725=EDGE_CURVE('',#3036,#3035,#67,.T.);
#3726=EDGE_CURVE('',#3036,#3034,#1390,.T.);
#3727=EDGE_CURVE('',#3037,#3033,#1391,.T.);
#3728=EDGE_CURVE('',#3037,#3038,#1392,.T.);
#3729=EDGE_CURVE('',#3035,#3038,#1393,.T.);
#3730=EDGE_CURVE('',#3034,#3039,#1394,.T.);
#3731=EDGE_CURVE('',#3040,#3036,#1395,.T.);
#3732=EDGE_CURVE('',#3041,#3040,#165,.T.);
#3733=EDGE_CURVE('',#3042,#3041,#1396,.T.);
#3734=EDGE_CURVE('',#3043,#3042,#1397,.T.);
#3735=EDGE_CURVE('',#2835,#3043,#1398,.T.);
#3736=EDGE_CURVE('',#3039,#2834,#1399,.T.);
#3737=EDGE_CURVE('',#3023,#3037,#2637,.T.);
#3738=EDGE_CURVE('',#3038,#3032,#68,.T.);
#3739=EDGE_CURVE('',#3024,#3044,#1400,.T.);
#3740=EDGE_CURVE('',#3045,#3044,#1401,.T.);
#3741=EDGE_CURVE('',#3045,#3025,#1402,.T.);
#3742=EDGE_CURVE('',#2827,#3044,#1403,.T.);
#3743=EDGE_CURVE('',#3022,#3046,#1404,.T.);
#3744=EDGE_CURVE('',#2830,#3046,#1405,.T.);
#3745=EDGE_CURVE('',#3047,#3039,#2638,.T.);
#3746=EDGE_CURVE('',#3048,#3047,#1406,.T.);
#3747=EDGE_CURVE('',#3049,#3048,#1407,.T.);
#3748=EDGE_CURVE('',#3046,#3049,#1408,.T.);
#3749=EDGE_CURVE('',#2833,#3047,#1409,.T.);
#3750=EDGE_CURVE('',#3050,#3043,#2639,.T.);
#3751=EDGE_CURVE('',#2836,#3050,#1410,.T.);
#3752=EDGE_CURVE('',#2805,#3051,#1411,.T.);
#3753=EDGE_CURVE('',#3051,#3052,#2640,.T.);
#3754=EDGE_CURVE('',#3052,#3053,#1412,.T.);
#3755=EDGE_CURVE('',#3053,#3054,#1413,.T.);
#3756=EDGE_CURVE('',#3054,#3055,#2641,.T.);
#3757=EDGE_CURVE('',#3055,#3056,#1414,.T.);
#3758=EDGE_CURVE('',#3056,#3057,#2642,.T.);
#3759=EDGE_CURVE('',#3057,#3058,#1415,.T.);
#3760=EDGE_CURVE('',#3058,#3059,#2643,.T.);
#3761=EDGE_CURVE('',#3059,#3060,#1416,.T.);
#3762=EDGE_CURVE('',#3060,#3061,#2644,.T.);
#3763=EDGE_CURVE('',#3061,#3062,#1417,.T.);
#3764=EDGE_CURVE('',#3062,#3063,#2645,.T.);
#3765=EDGE_CURVE('',#3063,#3064,#1418,.T.);
#3766=EDGE_CURVE('',#3064,#3065,#2646,.T.);
#3767=EDGE_CURVE('',#3065,#3066,#1419,.T.);
#3768=EDGE_CURVE('',#3066,#3067,#2647,.T.);
#3769=EDGE_CURVE('',#3067,#3068,#1420,.T.);
#3770=EDGE_CURVE('',#3068,#3069,#2648,.T.);
#3771=EDGE_CURVE('',#3069,#3050,#1421,.T.);
#3772=EDGE_CURVE('',#3070,#3042,#2649,.T.);
#3773=EDGE_CURVE('',#3071,#3070,#1422,.T.);
#3774=EDGE_CURVE('',#3072,#3071,#2650,.T.);
#3775=EDGE_CURVE('',#3073,#3072,#1423,.T.);
#3776=EDGE_CURVE('',#3073,#3074,#2651,.T.);
#3777=EDGE_CURVE('',#3075,#3074,#1424,.T.);
#3778=EDGE_CURVE('',#3076,#3075,#2652,.T.);
#3779=EDGE_CURVE('',#3077,#3076,#1425,.T.);
#3780=EDGE_CURVE('',#3077,#3078,#2653,.T.);
#3781=EDGE_CURVE('',#3079,#3078,#1426,.T.);
#3782=EDGE_CURVE('',#3080,#3079,#2654,.T.);
#3783=EDGE_CURVE('',#3081,#3080,#1427,.T.);
#3784=EDGE_CURVE('',#3081,#3082,#2655,.T.);
#3785=EDGE_CURVE('',#3083,#3082,#1428,.T.);
#3786=EDGE_CURVE('',#3084,#3083,#2656,.T.);
#3787=EDGE_CURVE('',#3085,#3084,#2657,.T.);
#3788=EDGE_CURVE('',#3086,#3085,#1429,.T.);
#3789=EDGE_CURVE('',#3087,#3086,#2658,.T.);
#3790=EDGE_CURVE('',#3088,#3087,#2659,.T.);
#3791=EDGE_CURVE('',#3089,#3088,#1430,.T.);
#3792=EDGE_CURVE('',#3090,#3089,#2660,.T.);
#3793=EDGE_CURVE('',#3091,#3090,#2661,.T.);
#3794=EDGE_CURVE('',#3092,#3091,#1431,.T.);
#3795=EDGE_CURVE('',#3093,#3092,#2662,.T.);
#3796=EDGE_CURVE('',#3094,#3093,#1432,.T.);
#3797=EDGE_CURVE('',#3095,#3094,#33,.T.);
#3798=EDGE_CURVE('',#3095,#3096,#1433,.T.);
#3799=EDGE_CURVE('',#3096,#3097,#1434,.T.);
#3800=EDGE_CURVE('',#3097,#3004,#2663,.T.);
#3801=EDGE_CURVE('',#2831,#3049,#1435,.T.);
#3802=EDGE_CURVE('',#2832,#3048,#1436,.T.);
#3803=EDGE_CURVE('',#3030,#3098,#2664,.T.);
#3804=EDGE_CURVE('',#3099,#3098,#1437,.T.);
#3805=EDGE_CURVE('',#3099,#3031,#1438,.T.);
#3806=EDGE_CURVE('',#2824,#3100,#1439,.T.);
#3807=EDGE_CURVE('',#3101,#3100,#2665,.T.);
#3808=EDGE_CURVE('',#3101,#2825,#69,.T.);
#3809=EDGE_CURVE('',#3102,#3102,#2666,.T.);
#3810=EDGE_CURVE('',#3102,#3103,#1440,.T.);
#3811=EDGE_CURVE('',#3103,#3103,#2667,.T.);
#3812=EDGE_CURVE('',#2813,#3104,#1441,.T.);
#3813=EDGE_CURVE('',#3104,#3105,#1442,.F.);
#3814=EDGE_CURVE('',#3105,#2814,#1443,.T.);
#3815=EDGE_CURVE('',#2812,#3106,#1444,.T.);
#3816=EDGE_CURVE('',#3107,#3106,#1445,.T.);
#3817=EDGE_CURVE('',#3104,#3107,#1446,.T.);
#3818=EDGE_CURVE('',#3108,#3108,#2668,.T.);
#3819=EDGE_CURVE('',#3108,#3109,#1447,.T.);
#3820=EDGE_CURVE('',#3109,#3109,#2669,.T.);
#3821=EDGE_CURVE('',#3001,#3110,#1448,.T.);
#3822=EDGE_CURVE('',#3110,#3110,#2670,.F.);
#3823=EDGE_CURVE('',#3111,#3112,#1449,.T.);
#3824=EDGE_CURVE('',#3092,#3111,#1450,.T.);
#3825=EDGE_CURVE('',#3113,#3091,#1451,.T.);
#3826=EDGE_CURVE('',#3114,#3113,#1452,.T.);
#3827=EDGE_CURVE('',#3112,#3114,#1453,.T.);
#3828=EDGE_CURVE('',#3057,#2849,#1454,.T.);
#3829=EDGE_CURVE('',#3056,#2850,#1455,.T.);
#3830=EDGE_CURVE('',#3055,#2851,#1456,.T.);
#3831=EDGE_CURVE('',#3054,#2852,#1457,.T.);
#3832=EDGE_CURVE('',#3053,#2853,#1458,.F.);
#3833=EDGE_CURVE('',#3052,#2854,#1459,.T.);
#3834=EDGE_CURVE('',#3051,#2855,#1460,.T.);
#3835=EDGE_CURVE('',#3097,#3115,#1461,.T.);
#3836=EDGE_CURVE('',#3115,#3005,#2671,.F.);
#3837=EDGE_CURVE('',#3116,#3117,#1462,.T.);
#3838=EDGE_CURVE('',#3118,#3117,#1463,.T.);
#3839=EDGE_CURVE('',#3118,#3116,#70,.F.);
#3840=EDGE_CURVE('',#2965,#3119,#1464,.T.);
#3841=EDGE_CURVE('',#3120,#3119,#71,.T.);
#3842=EDGE_CURVE('',#2966,#3120,#1465,.T.);
#3843=EDGE_CURVE('',#2964,#3121,#1466,.T.);
#3844=EDGE_CURVE('',#3119,#3121,#1467,.T.);
#3845=EDGE_CURVE('',#2963,#3122,#1468,.T.);
#3846=EDGE_CURVE('',#3121,#3122,#72,.T.);
#3847=EDGE_CURVE('',#3123,#2961,#1469,.T.);
#3848=EDGE_CURVE('',#3122,#3123,#1470,.T.);
#3849=EDGE_CURVE('',#2962,#3124,#1471,.T.);
#3850=EDGE_CURVE('',#3123,#3124,#73,.T.);
#3851=EDGE_CURVE('',#2968,#3125,#1472,.T.);
#3852=EDGE_CURVE('',#3124,#3125,#1473,.T.);
#3853=EDGE_CURVE('',#2967,#3126,#1474,.T.);
#3854=EDGE_CURVE('',#3125,#3126,#74,.T.);
#3855=EDGE_CURVE('',#3126,#3120,#1475,.T.);
#3856=EDGE_CURVE('',#2956,#3127,#1476,.T.);
#3857=EDGE_CURVE('',#3128,#3127,#75,.T.);
#3858=EDGE_CURVE('',#2957,#3128,#1477,.T.);
#3859=EDGE_CURVE('',#2955,#3129,#1478,.T.);
#3860=EDGE_CURVE('',#3127,#3129,#1479,.T.);
#3861=EDGE_CURVE('',#2954,#3130,#1480,.T.);
#3862=EDGE_CURVE('',#3129,#3130,#76,.T.);
#3863=EDGE_CURVE('',#3131,#2952,#1481,.T.);
#3864=EDGE_CURVE('',#3130,#3131,#1482,.T.);
#3865=EDGE_CURVE('',#2953,#3132,#1483,.T.);
#3866=EDGE_CURVE('',#3131,#3132,#77,.T.);
#3867=EDGE_CURVE('',#2959,#3133,#1484,.T.);
#3868=EDGE_CURVE('',#3132,#3133,#1485,.T.);
#3869=EDGE_CURVE('',#2958,#3134,#1486,.T.);
#3870=EDGE_CURVE('',#3133,#3134,#78,.T.);
#3871=EDGE_CURVE('',#3134,#3128,#1487,.T.);
#3872=EDGE_CURVE('',#2948,#3135,#1488,.T.);
#3873=EDGE_CURVE('',#3136,#3135,#79,.T.);
#3874=EDGE_CURVE('',#2949,#3136,#1489,.T.);
#3875=EDGE_CURVE('',#2947,#3137,#1490,.T.);
#3876=EDGE_CURVE('',#3135,#3137,#1491,.T.);
#3877=EDGE_CURVE('',#2946,#3138,#1492,.T.);
#3878=EDGE_CURVE('',#3137,#3138,#80,.T.);
#3879=EDGE_CURVE('',#3139,#2944,#1493,.T.);
#3880=EDGE_CURVE('',#3138,#3139,#1494,.T.);
#3881=EDGE_CURVE('',#2945,#3140,#1495,.T.);
#3882=EDGE_CURVE('',#3139,#3140,#81,.T.);
#3883=EDGE_CURVE('',#2951,#3141,#1496,.T.);
#3884=EDGE_CURVE('',#3140,#3141,#1497,.T.);
#3885=EDGE_CURVE('',#2950,#3142,#1498,.T.);
#3886=EDGE_CURVE('',#3141,#3142,#82,.T.);
#3887=EDGE_CURVE('',#3142,#3136,#1499,.T.);
#3888=EDGE_CURVE('',#2940,#3143,#1500,.T.);
#3889=EDGE_CURVE('',#3144,#3143,#83,.T.);
#3890=EDGE_CURVE('',#2941,#3144,#1501,.T.);
#3891=EDGE_CURVE('',#2939,#3145,#1502,.T.);
#3892=EDGE_CURVE('',#3143,#3145,#1503,.T.);
#3893=EDGE_CURVE('',#2938,#3146,#1504,.T.);
#3894=EDGE_CURVE('',#3145,#3146,#84,.T.);
#3895=EDGE_CURVE('',#3147,#2936,#1505,.T.);
#3896=EDGE_CURVE('',#3146,#3147,#1506,.T.);
#3897=EDGE_CURVE('',#2937,#3148,#1507,.T.);
#3898=EDGE_CURVE('',#3147,#3148,#85,.T.);
#3899=EDGE_CURVE('',#2943,#3149,#1508,.T.);
#3900=EDGE_CURVE('',#3148,#3149,#1509,.T.);
#3901=EDGE_CURVE('',#2942,#3150,#1510,.T.);
#3902=EDGE_CURVE('',#3149,#3150,#86,.T.);
#3903=EDGE_CURVE('',#3150,#3144,#1511,.T.);
#3904=EDGE_CURVE('',#2885,#3151,#1512,.T.);
#3905=EDGE_CURVE('',#3152,#3151,#1513,.T.);
#3906=EDGE_CURVE('',#2886,#3152,#1514,.T.);
#3907=EDGE_CURVE('',#2884,#3153,#1515,.T.);
#3908=EDGE_CURVE('',#3151,#3153,#2672,.T.);
#3909=EDGE_CURVE('',#3154,#2883,#1516,.T.);
#3910=EDGE_CURVE('',#3155,#3154,#1517,.T.);
#3911=EDGE_CURVE('',#3153,#3155,#1518,.T.);
#3912=EDGE_CURVE('',#2882,#3156,#1519,.T.);
#3913=EDGE_CURVE('',#3154,#3156,#87,.T.);
#3914=EDGE_CURVE('',#2908,#3157,#1520,.T.);
#3915=EDGE_CURVE('',#3158,#3157,#88,.T.);
#3916=EDGE_CURVE('',#2909,#3158,#1521,.T.);
#3917=EDGE_CURVE('',#2907,#3159,#1522,.T.);
#3918=EDGE_CURVE('',#3157,#3159,#1523,.T.);
#3919=EDGE_CURVE('',#2906,#3160,#1524,.T.);
#3920=EDGE_CURVE('',#3159,#3160,#89,.T.);
#3921=EDGE_CURVE('',#3161,#2904,#1525,.T.);
#3922=EDGE_CURVE('',#3160,#3161,#1526,.T.);
#3923=EDGE_CURVE('',#2905,#3162,#1527,.T.);
#3924=EDGE_CURVE('',#3161,#3162,#90,.T.);
#3925=EDGE_CURVE('',#2911,#3163,#1528,.T.);
#3926=EDGE_CURVE('',#3162,#3163,#1529,.T.);
#3927=EDGE_CURVE('',#2910,#3164,#1530,.T.);
#3928=EDGE_CURVE('',#3163,#3164,#91,.T.);
#3929=EDGE_CURVE('',#3164,#3158,#1531,.T.);
#3930=EDGE_CURVE('',#2981,#3165,#1532,.T.);
#3931=EDGE_CURVE('',#3166,#3165,#92,.T.);
#3932=EDGE_CURVE('',#2982,#3166,#1533,.T.);
#3933=EDGE_CURVE('',#2980,#3167,#1534,.T.);
#3934=EDGE_CURVE('',#3165,#3167,#1535,.T.);
#3935=EDGE_CURVE('',#2979,#3168,#1536,.T.);
#3936=EDGE_CURVE('',#3167,#3168,#93,.T.);
#3937=EDGE_CURVE('',#3169,#2977,#1537,.T.);
#3938=EDGE_CURVE('',#3168,#3169,#1538,.T.);
#3939=EDGE_CURVE('',#2978,#3170,#1539,.T.);
#3940=EDGE_CURVE('',#3169,#3170,#94,.T.);
#3941=EDGE_CURVE('',#2984,#3171,#1540,.T.);
#3942=EDGE_CURVE('',#3170,#3171,#1541,.T.);
#3943=EDGE_CURVE('',#2983,#3172,#1542,.T.);
#3944=EDGE_CURVE('',#3171,#3172,#95,.T.);
#3945=EDGE_CURVE('',#3172,#3166,#1543,.T.);
#3946=EDGE_CURVE('',#2932,#3173,#1544,.T.);
#3947=EDGE_CURVE('',#3174,#3173,#96,.T.);
#3948=EDGE_CURVE('',#2933,#3174,#1545,.T.);
#3949=EDGE_CURVE('',#2931,#3175,#1546,.T.);
#3950=EDGE_CURVE('',#3173,#3175,#1547,.T.);
#3951=EDGE_CURVE('',#2930,#3176,#1548,.T.);
#3952=EDGE_CURVE('',#3175,#3176,#97,.T.);
#3953=EDGE_CURVE('',#3177,#2928,#1549,.T.);
#3954=EDGE_CURVE('',#3176,#3177,#1550,.T.);
#3955=EDGE_CURVE('',#2929,#3178,#1551,.T.);
#3956=EDGE_CURVE('',#3177,#3178,#98,.T.);
#3957=EDGE_CURVE('',#2935,#3179,#1552,.T.);
#3958=EDGE_CURVE('',#3178,#3179,#1553,.T.);
#3959=EDGE_CURVE('',#2934,#3180,#1554,.T.);
#3960=EDGE_CURVE('',#3179,#3180,#99,.T.);
#3961=EDGE_CURVE('',#3180,#3174,#1555,.T.);
#3962=EDGE_CURVE('',#2924,#3181,#1556,.T.);
#3963=EDGE_CURVE('',#3182,#3181,#100,.T.);
#3964=EDGE_CURVE('',#2925,#3182,#1557,.T.);
#3965=EDGE_CURVE('',#2923,#3183,#1558,.T.);
#3966=EDGE_CURVE('',#3181,#3183,#1559,.T.);
#3967=EDGE_CURVE('',#2922,#3184,#1560,.T.);
#3968=EDGE_CURVE('',#3183,#3184,#101,.T.);
#3969=EDGE_CURVE('',#3185,#2920,#1561,.T.);
#3970=EDGE_CURVE('',#3184,#3185,#1562,.T.);
#3971=EDGE_CURVE('',#2921,#3186,#1563,.T.);
#3972=EDGE_CURVE('',#3185,#3186,#102,.T.);
#3973=EDGE_CURVE('',#2927,#3187,#1564,.T.);
#3974=EDGE_CURVE('',#3186,#3187,#1565,.T.);
#3975=EDGE_CURVE('',#2926,#3188,#1566,.T.);
#3976=EDGE_CURVE('',#3187,#3188,#103,.T.);
#3977=EDGE_CURVE('',#3188,#3182,#1567,.T.);
#3978=EDGE_CURVE('',#2989,#3189,#1568,.T.);
#3979=EDGE_CURVE('',#3190,#3189,#104,.T.);
#3980=EDGE_CURVE('',#2990,#3190,#1569,.T.);
#3981=EDGE_CURVE('',#2988,#3191,#1570,.T.);
#3982=EDGE_CURVE('',#3189,#3191,#1571,.T.);
#3983=EDGE_CURVE('',#2987,#3192,#1572,.T.);
#3984=EDGE_CURVE('',#3191,#3192,#105,.T.);
#3985=EDGE_CURVE('',#3193,#2985,#1573,.T.);
#3986=EDGE_CURVE('',#3192,#3193,#1574,.T.);
#3987=EDGE_CURVE('',#2986,#3194,#1575,.T.);
#3988=EDGE_CURVE('',#3193,#3194,#106,.T.);
#3989=EDGE_CURVE('',#2992,#3195,#1576,.T.);
#3990=EDGE_CURVE('',#3194,#3195,#1577,.T.);
#3991=EDGE_CURVE('',#2991,#3196,#1578,.T.);
#3992=EDGE_CURVE('',#3195,#3196,#107,.T.);
#3993=EDGE_CURVE('',#3196,#3190,#1579,.T.);
#3994=EDGE_CURVE('',#2916,#3197,#1580,.T.);
#3995=EDGE_CURVE('',#3198,#3197,#108,.T.);
#3996=EDGE_CURVE('',#2917,#3198,#1581,.T.);
#3997=EDGE_CURVE('',#2915,#3199,#1582,.T.);
#3998=EDGE_CURVE('',#3197,#3199,#1583,.T.);
#3999=EDGE_CURVE('',#2914,#3200,#1584,.T.);
#4000=EDGE_CURVE('',#3199,#3200,#109,.T.);
#4001=EDGE_CURVE('',#3201,#2912,#1585,.T.);
#4002=EDGE_CURVE('',#3200,#3201,#1586,.T.);
#4003=EDGE_CURVE('',#2913,#3202,#1587,.T.);
#4004=EDGE_CURVE('',#3201,#3202,#110,.T.);
#4005=EDGE_CURVE('',#2919,#3203,#1588,.T.);
#4006=EDGE_CURVE('',#3202,#3203,#1589,.T.);
#4007=EDGE_CURVE('',#2918,#3204,#1590,.T.);
#4008=EDGE_CURVE('',#3203,#3204,#111,.T.);
#4009=EDGE_CURVE('',#3204,#3198,#1591,.T.);
#4010=EDGE_CURVE('',#2874,#3205,#1592,.T.);
#4011=EDGE_CURVE('',#3206,#3205,#112,.T.);
#4012=EDGE_CURVE('',#2875,#3206,#1593,.T.);
#4013=EDGE_CURVE('',#2872,#3207,#1594,.T.);
#4014=EDGE_CURVE('',#3205,#3207,#1595,.T.);
#4015=EDGE_CURVE('',#2873,#3208,#1596,.T.);
#4016=EDGE_CURVE('',#3207,#3208,#113,.T.);
#4017=EDGE_CURVE('',#2878,#3209,#1597,.T.);
#4018=EDGE_CURVE('',#3210,#3209,#114,.T.);
#4019=EDGE_CURVE('',#3210,#2879,#1598,.T.);
#4020=EDGE_CURVE('',#2877,#3211,#1599,.T.);
#4021=EDGE_CURVE('',#3209,#3211,#1600,.T.);
#4022=EDGE_CURVE('',#2876,#3212,#1601,.T.);
#4023=EDGE_CURVE('',#3211,#3212,#115,.T.);
#4024=EDGE_CURVE('',#3212,#3206,#1602,.T.);
#4025=EDGE_CURVE('',#2893,#3213,#1603,.T.);
#4026=EDGE_CURVE('',#3214,#3213,#2673,.T.);
#4027=EDGE_CURVE('',#3214,#2894,#1604,.T.);
#4028=EDGE_CURVE('',#2892,#3215,#1605,.T.);
#4029=EDGE_CURVE('',#3213,#3215,#1606,.T.);
#4030=EDGE_CURVE('',#2891,#3216,#1607,.T.);
#4031=EDGE_CURVE('',#3215,#3216,#2674,.T.);
#4032=EDGE_CURVE('',#2890,#3217,#1608,.T.);
#4033=EDGE_CURVE('',#3216,#3217,#1609,.T.);
#4034=EDGE_CURVE('',#2866,#3218,#1610,.T.);
#4035=EDGE_CURVE('',#3219,#3218,#116,.T.);
#4036=EDGE_CURVE('',#2867,#3219,#1611,.T.);
#4037=EDGE_CURVE('',#2864,#3220,#1612,.T.);
#4038=EDGE_CURVE('',#3218,#3220,#1613,.T.);
#4039=EDGE_CURVE('',#2865,#3221,#1614,.T.);
#4040=EDGE_CURVE('',#3220,#3221,#117,.T.);
#4041=EDGE_CURVE('',#2868,#3222,#1615,.T.);
#4042=EDGE_CURVE('',#3223,#3222,#118,.T.);
#4043=EDGE_CURVE('',#2869,#3223,#1616,.T.);
#4044=EDGE_CURVE('',#3222,#3219,#1617,.T.);
#4045=EDGE_CURVE('',#2900,#3224,#1618,.T.);
#4046=EDGE_CURVE('',#3225,#3224,#119,.T.);
#4047=EDGE_CURVE('',#2901,#3225,#1619,.T.);
#4048=EDGE_CURVE('',#2899,#3226,#1620,.T.);
#4049=EDGE_CURVE('',#3224,#3226,#1621,.T.);
#4050=EDGE_CURVE('',#2898,#3227,#1622,.T.);
#4051=EDGE_CURVE('',#3226,#3227,#120,.T.);
#4052=EDGE_CURVE('',#3228,#2896,#1623,.T.);
#4053=EDGE_CURVE('',#3227,#3228,#1624,.T.);
#4054=EDGE_CURVE('',#2897,#3229,#1625,.T.);
#4055=EDGE_CURVE('',#3228,#3229,#121,.T.);
#4056=EDGE_CURVE('',#2903,#3230,#1626,.T.);
#4057=EDGE_CURVE('',#3229,#3230,#1627,.T.);
#4058=EDGE_CURVE('',#2902,#3231,#1628,.T.);
#4059=EDGE_CURVE('',#3230,#3231,#122,.T.);
#4060=EDGE_CURVE('',#3231,#3225,#1629,.T.);
#4061=EDGE_CURVE('',#2997,#3232,#1630,.T.);
#4062=EDGE_CURVE('',#3233,#3232,#123,.T.);
#4063=EDGE_CURVE('',#2998,#3233,#1631,.T.);
#4064=EDGE_CURVE('',#2996,#3234,#1632,.T.);
#4065=EDGE_CURVE('',#3232,#3234,#1633,.T.);
#4066=EDGE_CURVE('',#2995,#3235,#1634,.T.);
#4067=EDGE_CURVE('',#3234,#3235,#124,.T.);
#4068=EDGE_CURVE('',#3236,#2993,#1635,.T.);
#4069=EDGE_CURVE('',#3235,#3236,#1636,.T.);
#4070=EDGE_CURVE('',#2994,#3237,#1637,.T.);
#4071=EDGE_CURVE('',#3236,#3237,#125,.T.);
#4072=EDGE_CURVE('',#3000,#3238,#1638,.T.);
#4073=EDGE_CURVE('',#3237,#3238,#1639,.T.);
#4074=EDGE_CURVE('',#2999,#3239,#1640,.T.);
#4075=EDGE_CURVE('',#3238,#3239,#126,.T.);
#4076=EDGE_CURVE('',#3239,#3233,#1641,.T.);
#4077=EDGE_CURVE('',#2973,#3240,#1642,.T.);
#4078=EDGE_CURVE('',#3241,#3240,#127,.T.);
#4079=EDGE_CURVE('',#2974,#3241,#1643,.T.);
#4080=EDGE_CURVE('',#2972,#3242,#1644,.T.);
#4081=EDGE_CURVE('',#3240,#3242,#1645,.T.);
#4082=EDGE_CURVE('',#2971,#3243,#1646,.T.);
#4083=EDGE_CURVE('',#3242,#3243,#128,.T.);
#4084=EDGE_CURVE('',#3244,#2969,#1647,.T.);
#4085=EDGE_CURVE('',#3243,#3244,#1648,.T.);
#4086=EDGE_CURVE('',#2970,#3245,#1649,.T.);
#4087=EDGE_CURVE('',#3244,#3245,#129,.T.);
#4088=EDGE_CURVE('',#2976,#3246,#1650,.T.);
#4089=EDGE_CURVE('',#3245,#3246,#1651,.T.);
#4090=EDGE_CURVE('',#2975,#3247,#1652,.T.);
#4091=EDGE_CURVE('',#3246,#3247,#130,.T.);
#4092=EDGE_CURVE('',#3247,#3241,#1653,.T.);
#4093=EDGE_CURVE('',#3248,#3249,#1654,.T.);
#4094=EDGE_CURVE('',#3248,#3250,#1655,.T.);
#4095=EDGE_CURVE('',#3251,#3250,#1656,.T.);
#4096=EDGE_CURVE('',#3249,#3251,#1657,.T.);
#4097=EDGE_CURVE('',#3249,#3095,#2675,.T.);
#4098=EDGE_CURVE('',#3096,#3251,#2676,.T.);
#4099=EDGE_CURVE('',#3250,#3252,#2677,.T.);
#4100=EDGE_CURVE('',#3252,#3253,#1658,.T.);
#4101=EDGE_CURVE('',#3253,#3254,#2678,.T.);
#4102=EDGE_CURVE('',#3254,#3255,#1659,.T.);
#4103=EDGE_CURVE('',#3255,#3256,#2679,.T.);
#4104=EDGE_CURVE('',#3257,#3256,#1660,.T.);
#4105=EDGE_CURVE('',#3257,#3258,#2680,.T.);
#4106=EDGE_CURVE('',#3258,#3259,#1661,.T.);
#4107=EDGE_CURVE('',#3260,#3259,#2681,.T.);
#4108=EDGE_CURVE('',#3260,#3115,#1662,.F.);
#4109=EDGE_CURVE('',#3261,#3261,#2682,.F.);
#4110=EDGE_CURVE('',#2960,#3261,#1663,.T.);
#4111=EDGE_CURVE('',#2808,#3262,#1664,.T.);
#4112=EDGE_CURVE('',#3262,#3262,#2683,.F.);
#4113=EDGE_CURVE('',#2807,#3116,#1665,.F.);
#4114=EDGE_CURVE('',#3118,#3263,#2684,.T.);
#4115=EDGE_CURVE('',#3264,#3263,#131,.F.);
#4116=EDGE_CURVE('',#3264,#2809,#1666,.F.);
#4117=EDGE_CURVE('',#3069,#2837,#1667,.T.);
#4118=EDGE_CURVE('',#3068,#2838,#1668,.T.);
#4119=EDGE_CURVE('',#3067,#2839,#1669,.T.);
#4120=EDGE_CURVE('',#3066,#2840,#1670,.T.);
#4121=EDGE_CURVE('',#3065,#2841,#1671,.F.);
#4122=EDGE_CURVE('',#3064,#2842,#1672,.F.);
#4123=EDGE_CURVE('',#3063,#2843,#1673,.T.);
#4124=EDGE_CURVE('',#3062,#2844,#1674,.T.);
#4125=EDGE_CURVE('',#3061,#2845,#1675,.T.);
#4126=EDGE_CURVE('',#3060,#2846,#1676,.T.);
#4127=EDGE_CURVE('',#3059,#2847,#1677,.T.);
#4128=EDGE_CURVE('',#3058,#2848,#1678,.T.);
#4129=EDGE_CURVE('',#3265,#3117,#1679,.T.);
#4130=EDGE_CURVE('',#3265,#2806,#1680,.T.);
#4131=EDGE_CURVE('',#3266,#3267,#2685,.T.);
#4132=EDGE_CURVE('',#3266,#3258,#1681,.T.);
#4133=EDGE_CURVE('',#3267,#3257,#1682,.T.);
#4134=EDGE_CURVE('',#3268,#3269,#34,.T.);
#4135=EDGE_CURVE('',#3270,#3268,#1683,.T.);
#4136=EDGE_CURVE('',#3267,#3270,#35,.T.);
#4137=EDGE_CURVE('',#3256,#3269,#1684,.T.);
#4138=EDGE_CURVE('',#3269,#3271,#2686,.T.);
#4139=EDGE_CURVE('',#3271,#3255,#1685,.T.);
#4140=EDGE_CURVE('',#3271,#3272,#1686,.T.);
#4141=EDGE_CURVE('',#3272,#3254,#1687,.T.);
#4142=EDGE_CURVE('',#3273,#3274,#132,.T.);
#4143=EDGE_CURVE('',#3275,#3273,#1688,.T.);
#4144=EDGE_CURVE('',#3276,#3275,#2687,.T.);
#4145=EDGE_CURVE('',#3276,#3277,#1689,.T.);
#4146=EDGE_CURVE('',#3274,#3277,#2688,.T.);
#4147=EDGE_CURVE('',#3278,#3279,#1690,.T.);
#4148=EDGE_CURVE('',#3077,#3278,#1691,.T.);
#4149=EDGE_CURVE('',#3076,#3279,#1692,.T.);
#4150=EDGE_CURVE('',#3280,#3278,#133,.T.);
#4151=EDGE_CURVE('',#3078,#3280,#1693,.T.);
#4152=EDGE_CURVE('',#3281,#3280,#1694,.T.);
#4153=EDGE_CURVE('',#3079,#3281,#1695,.T.);
#4154=EDGE_CURVE('',#3282,#3281,#166,.T.);
#4155=EDGE_CURVE('',#3080,#3282,#1696,.T.);
#4156=EDGE_CURVE('',#3283,#3284,#2689,.T.);
#4157=EDGE_CURVE('',#3285,#3283,#1697,.T.);
#4158=EDGE_CURVE('',#3286,#3285,#2690,.T.);
#4159=EDGE_CURVE('',#3286,#3284,#1698,.T.);
#4160=EDGE_CURVE('',#3287,#3283,#1699,.T.);
#4161=EDGE_CURVE('',#3288,#3287,#1700,.T.);
#4162=EDGE_CURVE('',#3288,#3285,#1701,.T.);
#4163=EDGE_CURVE('',#3289,#3287,#2691,.T.);
#4164=EDGE_CURVE('',#3290,#3289,#1702,.T.);
#4165=EDGE_CURVE('',#3290,#3288,#2692,.T.);
#4166=EDGE_CURVE('',#3291,#3289,#1703,.T.);
#4167=EDGE_CURVE('',#3292,#3291,#1704,.T.);
#4168=EDGE_CURVE('',#3292,#3290,#1705,.T.);
#4169=EDGE_CURVE('',#3293,#3291,#2693,.T.);
#4170=EDGE_CURVE('',#3294,#3293,#1706,.T.);
#4171=EDGE_CURVE('',#3294,#3292,#2694,.T.);
#4172=EDGE_CURVE('',#3277,#3293,#1707,.T.);
#4173=EDGE_CURVE('',#3276,#3294,#1708,.T.);
#4174=EDGE_CURVE('',#3295,#3296,#1709,.T.);
#4175=EDGE_CURVE('',#3071,#3295,#1710,.T.);
#4176=EDGE_CURVE('',#3070,#3296,#1711,.T.);
#4177=EDGE_CURVE('',#3297,#3295,#167,.T.);
#4178=EDGE_CURVE('',#3072,#3297,#1712,.T.);
#4179=EDGE_CURVE('',#3298,#3297,#1713,.T.);
#4180=EDGE_CURVE('',#3073,#3298,#1714,.T.);
#4181=EDGE_CURVE('',#3299,#3298,#2695,.T.);
#4182=EDGE_CURVE('',#3074,#3299,#1715,.T.);
#4183=EDGE_CURVE('',#3300,#3299,#1716,.T.);
#4184=EDGE_CURVE('',#3075,#3300,#1717,.T.);
#4185=EDGE_CURVE('',#3279,#3300,#134,.T.);
#4186=EDGE_CURVE('',#3301,#3266,#1718,.T.);
#4187=EDGE_CURVE('',#3259,#3301,#1719,.T.);
#4188=EDGE_CURVE('',#3302,#3303,#2696,.T.);
#4189=EDGE_CURVE('',#3302,#3304,#1720,.T.);
#4190=EDGE_CURVE('',#3305,#3304,#2697,.F.);
#4191=EDGE_CURVE('',#3305,#3306,#1721,.T.);
#4192=EDGE_CURVE('',#3307,#3306,#168,.T.);
#4193=EDGE_CURVE('',#3303,#3307,#169,.T.);
#4194=EDGE_CURVE('',#3308,#3309,#170,.T.);
#4195=EDGE_CURVE('',#3308,#3260,#1722,.T.);
#4196=EDGE_CURVE('',#3310,#3301,#2698,.T.);
#4197=EDGE_CURVE('',#3309,#3310,#171,.T.);
#4198=EDGE_CURVE('',#3272,#3311,#2699,.T.);
#4199=EDGE_CURVE('',#3312,#3253,#1723,.T.);
#4200=EDGE_CURVE('',#3313,#3312,#172,.T.);
#4201=EDGE_CURVE('',#3311,#3313,#173,.T.);
#4202=EDGE_CURVE('',#3312,#3314,#1724,.T.);
#4203=EDGE_CURVE('',#3314,#3252,#1725,.T.);
#4204=EDGE_CURVE('',#3314,#3315,#174,.T.);
#4205=EDGE_CURVE('',#3316,#3248,#2700,.T.);
#4206=EDGE_CURVE('',#3315,#3316,#175,.T.);
#4207=EDGE_CURVE('',#3113,#3317,#135,.T.);
#4208=EDGE_CURVE('',#3090,#3317,#1726,.T.);
#4209=EDGE_CURVE('',#3317,#3318,#136,.T.);
#4210=EDGE_CURVE('',#3089,#3318,#1727,.T.);
#4211=EDGE_CURVE('',#3318,#3319,#1728,.T.);
#4212=EDGE_CURVE('',#3319,#3088,#1729,.T.);
#4213=EDGE_CURVE('',#3319,#3320,#137,.T.);
#4214=EDGE_CURVE('',#3087,#3320,#1730,.T.);
#4215=EDGE_CURVE('',#3320,#3321,#138,.T.);
#4216=EDGE_CURVE('',#3086,#3321,#1731,.T.);
#4217=EDGE_CURVE('',#3321,#3322,#1732,.T.);
#4218=EDGE_CURVE('',#3085,#3322,#1733,.T.);
#4219=EDGE_CURVE('',#3322,#3323,#176,.T.);
#4220=EDGE_CURVE('',#3323,#3084,#1734,.T.);
#4221=EDGE_CURVE('',#3323,#3324,#2701,.T.);
#4222=EDGE_CURVE('',#3083,#3324,#1735,.T.);
#4223=EDGE_CURVE('',#3324,#3325,#1736,.T.);
#4224=EDGE_CURVE('',#3082,#3325,#1737,.T.);
#4225=EDGE_CURVE('',#3325,#3326,#177,.T.);
#4226=EDGE_CURVE('',#3081,#3326,#1738,.T.);
#4227=EDGE_CURVE('',#3326,#3282,#1739,.T.);
#4228=EDGE_CURVE('',#3323,#3327,#2702,.T.);
#4229=EDGE_CURVE('',#3327,#3324,#2703,.T.);
#4230=EDGE_CURVE('',#3328,#3277,#2704,.T.);
#4231=EDGE_CURVE('',#3328,#3329,#2705,.T.);
#4232=EDGE_CURVE('',#3329,#3330,#178,.T.);
#4233=EDGE_CURVE('',#3274,#3330,#179,.T.);
#4234=EDGE_CURVE('',#3331,#3293,#2706,.T.);
#4235=EDGE_CURVE('',#3331,#3328,#1740,.T.);
#4236=EDGE_CURVE('',#3332,#3291,#2707,.T.);
#4237=EDGE_CURVE('',#3332,#3331,#2708,.T.);
#4238=EDGE_CURVE('',#3333,#3289,#2709,.T.);
#4239=EDGE_CURVE('',#3333,#3332,#1741,.T.);
#4240=EDGE_CURVE('',#3334,#3287,#2710,.T.);
#4241=EDGE_CURVE('',#3334,#3333,#2711,.T.);
#4242=EDGE_CURVE('',#3335,#3334,#1742,.T.);
#4243=EDGE_CURVE('',#3335,#3283,#180,.T.);
#4244=EDGE_CURVE('',#3327,#3336,#139,.T.);
#4245=EDGE_CURVE('',#3322,#3336,#2712,.T.);
#4246=EDGE_CURVE('',#3336,#3337,#1743,.T.);
#4247=EDGE_CURVE('',#3321,#3337,#2713,.T.);
#4248=EDGE_CURVE('',#3337,#3338,#140,.T.);
#4249=EDGE_CURVE('',#3320,#3338,#2714,.T.);
#4250=EDGE_CURVE('',#3338,#3339,#141,.T.);
#4251=EDGE_CURVE('',#3319,#3339,#2715,.T.);
#4252=EDGE_CURVE('',#3339,#3340,#1744,.T.);
#4253=EDGE_CURVE('',#3318,#3340,#2716,.T.);
#4254=EDGE_CURVE('',#3340,#3341,#142,.T.);
#4255=EDGE_CURVE('',#3317,#3341,#2717,.T.);
#4256=EDGE_CURVE('',#3341,#3342,#143,.T.);
#4257=EDGE_CURVE('',#3113,#3342,#2718,.T.);
#4258=EDGE_CURVE('',#3342,#3343,#1745,.T.);
#4259=EDGE_CURVE('',#3343,#3114,#144,.T.);
#4260=EDGE_CURVE('',#3284,#3344,#181,.T.);
#4261=EDGE_CURVE('',#3344,#3335,#2719,.T.);
#4262=EDGE_CURVE('',#3330,#3345,#145,.T.);
#4263=EDGE_CURVE('',#3273,#3345,#2720,.T.);
#4264=EDGE_CURVE('',#3346,#3273,#146,.T.);
#4265=EDGE_CURVE('',#3345,#3098,#147,.T.);
#4266=EDGE_CURVE('',#3098,#3346,#182,.T.);
#4267=EDGE_CURVE('',#3296,#3347,#2721,.T.);
#4268=EDGE_CURVE('',#3347,#3348,#1746,.T.);
#4269=EDGE_CURVE('',#3295,#3348,#2722,.T.);
#4270=EDGE_CURVE('',#3348,#3349,#148,.T.);
#4271=EDGE_CURVE('',#3297,#3349,#2723,.T.);
#4272=EDGE_CURVE('',#3349,#3350,#1747,.T.);
#4273=EDGE_CURVE('',#3298,#3350,#2724,.T.);
#4274=EDGE_CURVE('',#3350,#3351,#149,.T.);
#4275=EDGE_CURVE('',#3299,#3351,#2725,.T.);
#4276=EDGE_CURVE('',#3352,#3279,#183,.T.);
#4277=EDGE_CURVE('',#3352,#3353,#1748,.T.);
#4278=EDGE_CURVE('',#3278,#3353,#2726,.T.);
#4279=EDGE_CURVE('',#3353,#3354,#150,.T.);
#4280=EDGE_CURVE('',#3280,#3354,#2727,.T.);
#4281=EDGE_CURVE('',#3354,#3355,#1749,.T.);
#4282=EDGE_CURVE('',#3281,#3355,#2728,.T.);
#4283=EDGE_CURVE('',#3355,#3356,#151,.T.);
#4284=EDGE_CURVE('',#3282,#3356,#2729,.T.);
#4285=EDGE_CURVE('',#3356,#3357,#1750,.T.);
#4286=EDGE_CURVE('',#3326,#3357,#2730,.T.);
#4287=EDGE_CURVE('',#3357,#3358,#152,.T.);
#4288=EDGE_CURVE('',#3325,#3358,#2731,.T.);
#4289=EDGE_CURVE('',#3358,#3327,#1751,.T.);
#4290=EDGE_CURVE('',#3359,#3300,#184,.T.);
#4291=EDGE_CURVE('',#3359,#3352,#153,.T.);
#4292=EDGE_CURVE('',#3351,#3359,#1752,.T.);
#4293=EDGE_CURVE('',#3360,#3361,#2732,.T.);
#4294=EDGE_CURVE('',#3362,#3360,#1753,.T.);
#4295=EDGE_CURVE('',#3363,#3362,#2733,.T.);
#4296=EDGE_CURVE('',#3284,#3363,#1754,.T.);
#4297=EDGE_CURVE('',#3286,#3361,#1755,.T.);
#4298=EDGE_CURVE('',#3364,#3365,#2734,.T.);
#4299=EDGE_CURVE('',#3364,#3366,#1756,.T.);
#4300=EDGE_CURVE('',#3367,#3366,#2735,.T.);
#4301=EDGE_CURVE('',#3365,#3367,#1757,.T.);
#4302=EDGE_CURVE('',#3365,#3302,#1758,.T.);
#4303=EDGE_CURVE('',#3304,#3367,#1759,.T.);
#4304=EDGE_CURVE('',#3368,#3310,#1760,.T.);
#4305=EDGE_CURVE('',#3368,#3369,#185,.T.);
#4306=EDGE_CURVE('',#3309,#3369,#1761,.T.);
#4307=EDGE_CURVE('',#3270,#3370,#2736,.T.);
#4308=EDGE_CURVE('',#3266,#3370,#1762,.T.);
#4309=EDGE_CURVE('',#3370,#3371,#1763,.T.);
#4310=EDGE_CURVE('',#3301,#3371,#1764,.T.);
#4311=EDGE_CURVE('',#3371,#3368,#2737,.T.);
#4312=EDGE_CURVE('',#3372,#3307,#1765,.T.);
#4313=EDGE_CURVE('',#3372,#3363,#186,.T.);
#4314=EDGE_CURVE('',#3303,#3363,#1766,.T.);
#4315=EDGE_CURVE('',#3369,#3373,#187,.T.);
#4316=EDGE_CURVE('',#3308,#3373,#1767,.T.);
#4317=EDGE_CURVE('',#3373,#3374,#1768,.T.);
#4318=EDGE_CURVE('',#3306,#3374,#1769,.T.);
#4319=EDGE_CURVE('',#3306,#3308,#1770,.T.);
#4320=EDGE_CURVE('',#3374,#3372,#188,.T.);
#4321=EDGE_CURVE('',#3302,#3362,#1771,.T.);
#4322=EDGE_CURVE('',#3365,#3360,#1772,.T.);
#4323=EDGE_CURVE('',#3361,#3364,#36,.T.);
#4324=EDGE_CURVE('',#3375,#3376,#189,.T.);
#4325=EDGE_CURVE('',#3375,#3344,#1773,.T.);
#4326=EDGE_CURVE('',#3368,#3377,#1774,.T.);
#4327=EDGE_CURVE('',#3378,#3377,#190,.T.);
#4328=EDGE_CURVE('',#3379,#3378,#191,.T.);
#4329=EDGE_CURVE('',#3380,#3379,#1775,.T.);
#4330=EDGE_CURVE('',#3381,#3380,#192,.T.);
#4331=EDGE_CURVE('',#3382,#3381,#193,.T.);
#4332=EDGE_CURVE('',#3382,#3383,#1776,.T.);
#4333=EDGE_CURVE('',#3376,#3383,#194,.T.);
#4334=EDGE_CURVE('',#3384,#3268,#2738,.T.);
#4335=EDGE_CURVE('',#3385,#3384,#1777,.T.);
#4336=EDGE_CURVE('',#3377,#3385,#2739,.T.);
#4337=EDGE_CURVE('',#3382,#3316,#1778,.T.);
#4338=EDGE_CURVE('',#3315,#3381,#1779,.T.);
#4339=EDGE_CURVE('',#3094,#3386,#2740,.T.);
#4340=EDGE_CURVE('',#3249,#3386,#1780,.T.);
#4341=EDGE_CURVE('',#3386,#3387,#1781,.T.);
#4342=EDGE_CURVE('',#3248,#3387,#1782,.T.);
#4343=EDGE_CURVE('',#3387,#3382,#2741,.T.);
#4344=EDGE_CURVE('',#3378,#3313,#1783,.T.);
#4345=EDGE_CURVE('',#3311,#3377,#1784,.T.);
#4346=EDGE_CURVE('',#3314,#3380,#1785,.T.);
#4347=EDGE_CURVE('',#3312,#3379,#1786,.T.);
#4348=EDGE_CURVE('',#3272,#3385,#1787,.T.);
#4349=EDGE_CURVE('',#3271,#3384,#1788,.T.);
#4350=EDGE_CURVE('',#3388,#2810,#1789,.T.);
#4351=EDGE_CURVE('',#3388,#3264,#1790,.T.);
#4352=EDGE_CURVE('',#3106,#3389,#1791,.T.);
#4353=EDGE_CURVE('',#3389,#3388,#1792,.T.);
#4354=EDGE_CURVE('',#3107,#3263,#1793,.T.);
#4355=EDGE_CURVE('',#3390,#3105,#1794,.T.);
#4356=EDGE_CURVE('',#2815,#3390,#1795,.T.);
#4357=EDGE_CURVE('',#2811,#3389,#1796,.T.);
#4358=EDGE_CURVE('',#2857,#3391,#1797,.T.);
#4359=EDGE_CURVE('',#3392,#3391,#154,.T.);
#4360=EDGE_CURVE('',#2856,#3392,#1798,.T.);
#4361=EDGE_CURVE('',#3393,#3392,#1799,.T.);
#4362=EDGE_CURVE('',#2858,#3393,#1800,.T.);
#4363=EDGE_CURVE('',#3394,#3393,#155,.T.);
#4364=EDGE_CURVE('',#2859,#3394,#1801,.T.);
#4365=EDGE_CURVE('',#3395,#3394,#1802,.T.);
#4366=EDGE_CURVE('',#2860,#3395,#1803,.T.);
#4367=EDGE_CURVE('',#3396,#3395,#156,.T.);
#4368=EDGE_CURVE('',#2861,#3396,#1804,.T.);
#4369=EDGE_CURVE('',#3208,#3210,#1805,.T.);
#4370=EDGE_CURVE('',#3397,#3223,#1806,.T.);
#4371=EDGE_CURVE('',#2870,#3397,#1807,.T.);
#4372=EDGE_CURVE('',#3398,#3397,#157,.T.);
#4373=EDGE_CURVE('',#2871,#3398,#1808,.T.);
#4374=EDGE_CURVE('',#3221,#3398,#1809,.T.);
#4375=EDGE_CURVE('',#3399,#3152,#2742,.T.);
#4376=EDGE_CURVE('',#2887,#3399,#1810,.T.);
#4377=EDGE_CURVE('',#3400,#3399,#1811,.T.);
#4378=EDGE_CURVE('',#3401,#3400,#1812,.T.);
#4379=EDGE_CURVE('',#2881,#3401,#1813,.T.);
#4380=EDGE_CURVE('',#3402,#3401,#158,.T.);
#4381=EDGE_CURVE('',#2880,#3402,#1814,.T.);
#4382=EDGE_CURVE('',#3156,#3402,#1815,.T.);
#4383=EDGE_CURVE('',#3403,#3214,#1816,.T.);
#4384=EDGE_CURVE('',#2895,#3403,#1817,.T.);
#4385=EDGE_CURVE('',#3404,#3403,#2743,.T.);
#4386=EDGE_CURVE('',#2889,#3404,#1818,.T.);
#4387=EDGE_CURVE('',#3405,#3404,#1819,.T.);
#4388=EDGE_CURVE('',#2888,#3405,#1820,.T.);
#4389=EDGE_CURVE('',#3217,#3405,#2744,.T.);
#4390=EDGE_CURVE('',#2816,#3406,#1821,.T.);
#4391=EDGE_CURVE('',#3406,#3305,#1822,.F.);
#4392=EDGE_CURVE('',#3407,#3366,#1823,.T.);
#4393=EDGE_CURVE('',#3407,#2817,#1824,.T.);
#4394=EDGE_CURVE('',#3408,#3407,#2745,.T.);
#4395=EDGE_CURVE('',#3408,#2818,#1825,.T.);
#4396=EDGE_CURVE('',#3409,#3408,#1826,.T.);
#4397=EDGE_CURVE('',#3409,#2819,#1827,.T.);
#4398=EDGE_CURVE('',#3410,#3409,#2746,.T.);
#4399=EDGE_CURVE('',#3410,#2820,#1828,.T.);
#4400=EDGE_CURVE('',#3411,#3410,#1829,.T.);
#4401=EDGE_CURVE('',#3411,#2821,#1830,.T.);
#4402=EDGE_CURVE('',#3412,#3411,#2747,.T.);
#4403=EDGE_CURVE('',#3412,#2822,#1831,.T.);
#4404=EDGE_CURVE('',#3413,#3412,#1832,.T.);
#4405=EDGE_CURVE('',#3413,#2823,#1833,.T.);
#4406=EDGE_CURVE('',#3100,#3413,#2748,.T.);
#4407=EDGE_CURVE('',#3406,#3390,#1834,.T.);
#4408=EDGE_CURVE('',#3414,#2862,#1835,.T.);
#4409=EDGE_CURVE('',#3414,#3396,#1836,.T.);
#4410=EDGE_CURVE('',#3415,#3414,#159,.T.);
#4411=EDGE_CURVE('',#3415,#2863,#1837,.T.);
#4412=EDGE_CURVE('',#3391,#3415,#1838,.T.);
#4413=EDGE_CURVE('',#3416,#3021,#1839,.T.);
#4414=EDGE_CURVE('',#3020,#3417,#1840,.T.);
#4415=EDGE_CURVE('',#3417,#3416,#1841,.T.);
#4416=EDGE_CURVE('',#3418,#3018,#1842,.T.);
#4417=EDGE_CURVE('',#3418,#3417,#1843,.T.);
#4418=EDGE_CURVE('',#3019,#3419,#1844,.T.);
#4419=EDGE_CURVE('',#3419,#3418,#1845,.T.);
#4420=EDGE_CURVE('',#3416,#3419,#1846,.T.);
#4421=EDGE_CURVE('',#3093,#3420,#1847,.T.);
#4422=EDGE_CURVE('',#3383,#3420,#1848,.T.);
#4423=EDGE_CURVE('',#3420,#3111,#2749,.T.);
#4424=EDGE_CURVE('',#3420,#3421,#2750,.T.);
#4425=EDGE_CURVE('',#3111,#3422,#2751,.T.);
#4426=EDGE_CURVE('',#3422,#3421,#2752,.T.);
#4427=EDGE_CURVE('',#3423,#3424,#1849,.T.);
#4428=EDGE_CURVE('',#3425,#3423,#1850,.T.);
#4429=EDGE_CURVE('',#3426,#3425,#1851,.T.);
#4430=EDGE_CURVE('',#3424,#3426,#2753,.T.);
#4431=EDGE_CURVE('',#3427,#3428,#1852,.T.);
#4432=EDGE_CURVE('',#3429,#3427,#2754,.T.);
#4433=EDGE_CURVE('',#3430,#3429,#1853,.T.);
#4434=EDGE_CURVE('',#3428,#3430,#1854,.T.);
#4435=EDGE_CURVE('',#3428,#3423,#2755,.T.);
#4436=EDGE_CURVE('',#3425,#3430,#2756,.T.);
#4437=EDGE_CURVE('',#3383,#3431,#2757,.T.);
#4438=EDGE_CURVE('',#3421,#3431,#1855,.T.);
#4439=EDGE_CURVE('',#3432,#3433,#1856,.T.);
#4440=EDGE_CURVE('',#3434,#3432,#2758,.T.);
#4441=EDGE_CURVE('',#3431,#3434,#1857,.T.);
#4442=EDGE_CURVE('',#3422,#3433,#1858,.T.);
#4443=EDGE_CURVE('',#3433,#3112,#2759,.T.);
#4444=EDGE_CURVE('',#3424,#3435,#195,.T.);
#4445=EDGE_CURVE('',#3433,#3426,#2760,.T.);
#4446=EDGE_CURVE('',#3435,#3112,#196,.T.);
#4447=EDGE_CURVE('',#3432,#3425,#2761,.T.);
#4448=EDGE_CURVE('',#3434,#3430,#2762,.T.);
#4449=EDGE_CURVE('',#3431,#3429,#2763,.T.);
#4450=EDGE_CURVE('',#3383,#3436,#197,.T.);
#4451=EDGE_CURVE('',#3437,#3427,#198,.T.);
#4452=EDGE_CURVE('',#3436,#3437,#199,.T.);
#4453=EDGE_CURVE('',#3112,#3438,#200,.T.);
#4454=EDGE_CURVE('',#3343,#3438,#1859,.T.);
#4455=EDGE_CURVE('',#3438,#3435,#2764,.T.);
#4456=EDGE_CURVE('',#3438,#3439,#160,.T.);
#4457=EDGE_CURVE('',#3424,#3439,#2765,.T.);
#4458=EDGE_CURVE('',#3440,#3427,#2766,.T.);
#4459=EDGE_CURVE('',#3440,#3375,#161,.T.);
#4460=EDGE_CURVE('',#3437,#3375,#2767,.T.);
#4461=EDGE_CURVE('',#3423,#3441,#2768,.T.);
#4462=EDGE_CURVE('',#3441,#3442,#2769,.T.);
#4463=EDGE_CURVE('',#3428,#3442,#2770,.T.);
#4464=EDGE_CURVE('',#3442,#3440,#1860,.T.);
#4465=EDGE_CURVE('',#3443,#3014,#1861,.T.);
#4466=EDGE_CURVE('',#3444,#3443,#1862,.T.);
#4467=EDGE_CURVE('',#3444,#3015,#1863,.T.);
#4468=EDGE_CURVE('',#3443,#3010,#2771,.T.);
#4469=EDGE_CURVE('',#3445,#3017,#1864,.T.);
#4470=EDGE_CURVE('',#2793,#3445,#2772,.T.);
#4471=EDGE_CURVE('',#3446,#3016,#1865,.T.);
#4472=EDGE_CURVE('',#3445,#3446,#1866,.T.);
#4473=EDGE_CURVE('',#3446,#3444,#2773,.T.);
#4474=EDGE_CURVE('',#3439,#3441,#1867,.T.);
#4475=EDGE_CURVE('',#3265,#2799,#1868,.T.);
#4476=EDGE_CURVE('',#3400,#3343,#1869,.T.);
#4477=EDGE_CURVE('',#3329,#3155,#1870,.T.);
#4478=EDGE_CURVE('',#2826,#3045,#1871,.T.);
#4479=EDGE_CURVE('',#2825,#3045,#1872,.T.);
#4480=EDGE_CURVE('',#3040,#3347,#162,.T.);
#4481=EDGE_CURVE('',#3029,#3346,#2774,.T.);
#4482=EDGE_CURVE('',#3296,#3041,#163,.T.);
#4483=EDGE_CURVE('',#3028,#3275,#2775,.T.);
#4484=EDGE_CURVE('',#3101,#3027,#1873,.T.);
#4485=EDGE_CURVE('',#2825,#3026,#1874,.T.);
#4486=ORIENTED_EDGE('',*,*,#3447,.F.);
#4487=ORIENTED_EDGE('',*,*,#3448,.T.);
#4488=ORIENTED_EDGE('',*,*,#3449,.T.);
#4489=ORIENTED_EDGE('',*,*,#3448,.F.);
#4490=ORIENTED_EDGE('',*,*,#3449,.F.);
#4491=ORIENTED_EDGE('',*,*,#3450,.F.);
#4492=ORIENTED_EDGE('',*,*,#3451,.T.);
#4493=ORIENTED_EDGE('',*,*,#3452,.T.);
#4494=ORIENTED_EDGE('',*,*,#3451,.F.);
#4495=ORIENTED_EDGE('',*,*,#3452,.F.);
#4496=ORIENTED_EDGE('',*,*,#3453,.F.);
#4497=ORIENTED_EDGE('',*,*,#3454,.T.);
#4498=ORIENTED_EDGE('',*,*,#3455,.T.);
#4499=ORIENTED_EDGE('',*,*,#3454,.F.);
#4500=ORIENTED_EDGE('',*,*,#3455,.F.);
#4501=ORIENTED_EDGE('',*,*,#3456,.F.);
#4502=ORIENTED_EDGE('',*,*,#3457,.T.);
#4503=ORIENTED_EDGE('',*,*,#3458,.T.);
#4504=ORIENTED_EDGE('',*,*,#3457,.F.);
#4505=ORIENTED_EDGE('',*,*,#3458,.F.);
#4506=ORIENTED_EDGE('',*,*,#3459,.F.);
#4507=ORIENTED_EDGE('',*,*,#3460,.T.);
#4508=ORIENTED_EDGE('',*,*,#3461,.F.);
#4509=ORIENTED_EDGE('',*,*,#3460,.F.);
#4510=ORIENTED_EDGE('',*,*,#3461,.T.);
#4511=ORIENTED_EDGE('',*,*,#3456,.T.);
#4512=ORIENTED_EDGE('',*,*,#3462,.F.);
#4513=ORIENTED_EDGE('',*,*,#3463,.T.);
#4514=ORIENTED_EDGE('',*,*,#3464,.F.);
#4515=ORIENTED_EDGE('',*,*,#3463,.F.);
#4516=ORIENTED_EDGE('',*,*,#3464,.T.);
#4517=ORIENTED_EDGE('',*,*,#3453,.T.);
#4518=ORIENTED_EDGE('',*,*,#3465,.F.);
#4519=ORIENTED_EDGE('',*,*,#3466,.F.);
#4520=ORIENTED_EDGE('',*,*,#3467,.F.);
#4521=ORIENTED_EDGE('',*,*,#3468,.F.);
#4522=ORIENTED_EDGE('',*,*,#3469,.F.);
#4523=ORIENTED_EDGE('',*,*,#3470,.F.);
#4524=ORIENTED_EDGE('',*,*,#3471,.F.);
#4525=ORIENTED_EDGE('',*,*,#3466,.T.);
#4526=ORIENTED_EDGE('',*,*,#3472,.F.);
#4527=ORIENTED_EDGE('',*,*,#3473,.T.);
#4528=ORIENTED_EDGE('',*,*,#3474,.T.);
#4529=ORIENTED_EDGE('',*,*,#3475,.T.);
#4530=ORIENTED_EDGE('',*,*,#3476,.F.);
#4531=ORIENTED_EDGE('',*,*,#3477,.F.);
#4532=ORIENTED_EDGE('',*,*,#3478,.F.);
#4533=ORIENTED_EDGE('',*,*,#3479,.T.);
#4534=ORIENTED_EDGE('',*,*,#3480,.T.);
#4535=ORIENTED_EDGE('',*,*,#3479,.F.);
#4536=ORIENTED_EDGE('',*,*,#3481,.F.);
#4537=ORIENTED_EDGE('',*,*,#3482,.F.);
#4538=ORIENTED_EDGE('',*,*,#3483,.F.);
#4539=ORIENTED_EDGE('',*,*,#3473,.F.);
#4540=ORIENTED_EDGE('',*,*,#3482,.T.);
#4541=ORIENTED_EDGE('',*,*,#3484,.T.);
#4542=ORIENTED_EDGE('',*,*,#3485,.F.);
#4543=ORIENTED_EDGE('',*,*,#3486,.F.);
#4544=ORIENTED_EDGE('',*,*,#3481,.T.);
#4545=ORIENTED_EDGE('',*,*,#3472,.T.);
#4546=ORIENTED_EDGE('',*,*,#3478,.T.);
#4547=ORIENTED_EDGE('',*,*,#3487,.F.);
#4548=ORIENTED_EDGE('',*,*,#3488,.F.);
#4549=ORIENTED_EDGE('',*,*,#3489,.F.);
#4550=ORIENTED_EDGE('',*,*,#3490,.F.);
#4551=ORIENTED_EDGE('',*,*,#3491,.T.);
#4552=ORIENTED_EDGE('',*,*,#3492,.F.);
#4553=ORIENTED_EDGE('',*,*,#3493,.F.);
#4554=ORIENTED_EDGE('',*,*,#3494,.F.);
#4555=ORIENTED_EDGE('',*,*,#3495,.F.);
#4556=ORIENTED_EDGE('',*,*,#3496,.F.);
#4557=ORIENTED_EDGE('',*,*,#3497,.F.);
#4558=ORIENTED_EDGE('',*,*,#3498,.F.);
#4559=ORIENTED_EDGE('',*,*,#3499,.F.);
#4560=ORIENTED_EDGE('',*,*,#3500,.F.);
#4561=ORIENTED_EDGE('',*,*,#3501,.F.);
#4562=ORIENTED_EDGE('',*,*,#3502,.F.);
#4563=ORIENTED_EDGE('',*,*,#3503,.F.);
#4564=ORIENTED_EDGE('',*,*,#3504,.F.);
#4565=ORIENTED_EDGE('',*,*,#3505,.F.);
#4566=ORIENTED_EDGE('',*,*,#3506,.F.);
#4567=ORIENTED_EDGE('',*,*,#3507,.T.);
#4568=ORIENTED_EDGE('',*,*,#3508,.F.);
#4569=ORIENTED_EDGE('',*,*,#3509,.T.);
#4570=ORIENTED_EDGE('',*,*,#3510,.T.);
#4571=ORIENTED_EDGE('',*,*,#3511,.T.);
#4572=ORIENTED_EDGE('',*,*,#3512,.T.);
#4573=ORIENTED_EDGE('',*,*,#3513,.T.);
#4574=ORIENTED_EDGE('',*,*,#3514,.T.);
#4575=ORIENTED_EDGE('',*,*,#3515,.T.);
#4576=ORIENTED_EDGE('',*,*,#3516,.T.);
#4577=ORIENTED_EDGE('',*,*,#3517,.T.);
#4578=ORIENTED_EDGE('',*,*,#3518,.F.);
#4579=ORIENTED_EDGE('',*,*,#3519,.F.);
#4580=ORIENTED_EDGE('',*,*,#3520,.F.);
#4581=ORIENTED_EDGE('',*,*,#3521,.F.);
#4582=ORIENTED_EDGE('',*,*,#3522,.F.);
#4583=ORIENTED_EDGE('',*,*,#3523,.F.);
#4584=ORIENTED_EDGE('',*,*,#3524,.F.);
#4585=ORIENTED_EDGE('',*,*,#3525,.F.);
#4586=ORIENTED_EDGE('',*,*,#3526,.F.);
#4587=ORIENTED_EDGE('',*,*,#3527,.F.);
#4588=ORIENTED_EDGE('',*,*,#3528,.F.);
#4589=ORIENTED_EDGE('',*,*,#3529,.F.);
#4590=ORIENTED_EDGE('',*,*,#3530,.F.);
#4591=ORIENTED_EDGE('',*,*,#3531,.F.);
#4592=ORIENTED_EDGE('',*,*,#3532,.F.);
#4593=ORIENTED_EDGE('',*,*,#3533,.F.);
#4594=ORIENTED_EDGE('',*,*,#3534,.F.);
#4595=ORIENTED_EDGE('',*,*,#3535,.F.);
#4596=ORIENTED_EDGE('',*,*,#3536,.F.);
#4597=ORIENTED_EDGE('',*,*,#3537,.F.);
#4598=ORIENTED_EDGE('',*,*,#3484,.F.);
#4599=ORIENTED_EDGE('',*,*,#3459,.T.);
#4600=ORIENTED_EDGE('',*,*,#3462,.T.);
#4601=ORIENTED_EDGE('',*,*,#3538,.F.);
#4602=ORIENTED_EDGE('',*,*,#3539,.F.);
#4603=ORIENTED_EDGE('',*,*,#3540,.F.);
#4604=ORIENTED_EDGE('',*,*,#3541,.F.);
#4605=ORIENTED_EDGE('',*,*,#3542,.F.);
#4606=ORIENTED_EDGE('',*,*,#3543,.F.);
#4607=ORIENTED_EDGE('',*,*,#3544,.F.);
#4608=ORIENTED_EDGE('',*,*,#3545,.T.);
#4609=ORIENTED_EDGE('',*,*,#3546,.F.);
#4610=ORIENTED_EDGE('',*,*,#3547,.F.);
#4611=ORIENTED_EDGE('',*,*,#3548,.F.);
#4612=ORIENTED_EDGE('',*,*,#3549,.F.);
#4613=ORIENTED_EDGE('',*,*,#3550,.F.);
#4614=ORIENTED_EDGE('',*,*,#3551,.F.);
#4615=ORIENTED_EDGE('',*,*,#3552,.F.);
#4616=ORIENTED_EDGE('',*,*,#3553,.F.);
#4617=ORIENTED_EDGE('',*,*,#3554,.F.);
#4618=ORIENTED_EDGE('',*,*,#3555,.F.);
#4619=ORIENTED_EDGE('',*,*,#3556,.F.);
#4620=ORIENTED_EDGE('',*,*,#3557,.F.);
#4621=ORIENTED_EDGE('',*,*,#3558,.F.);
#4622=ORIENTED_EDGE('',*,*,#3559,.F.);
#4623=ORIENTED_EDGE('',*,*,#3560,.F.);
#4624=ORIENTED_EDGE('',*,*,#3561,.F.);
#4625=ORIENTED_EDGE('',*,*,#3562,.F.);
#4626=ORIENTED_EDGE('',*,*,#3563,.F.);
#4627=ORIENTED_EDGE('',*,*,#3564,.F.);
#4628=ORIENTED_EDGE('',*,*,#3565,.F.);
#4629=ORIENTED_EDGE('',*,*,#3566,.F.);
#4630=ORIENTED_EDGE('',*,*,#3567,.F.);
#4631=ORIENTED_EDGE('',*,*,#3568,.F.);
#4632=ORIENTED_EDGE('',*,*,#3569,.F.);
#4633=ORIENTED_EDGE('',*,*,#3570,.F.);
#4634=ORIENTED_EDGE('',*,*,#3571,.F.);
#4635=ORIENTED_EDGE('',*,*,#3572,.F.);
#4636=ORIENTED_EDGE('',*,*,#3573,.F.);
#4637=ORIENTED_EDGE('',*,*,#3574,.F.);
#4638=ORIENTED_EDGE('',*,*,#3575,.F.);
#4639=ORIENTED_EDGE('',*,*,#3576,.F.);
#4640=ORIENTED_EDGE('',*,*,#3577,.F.);
#4641=ORIENTED_EDGE('',*,*,#3578,.F.);
#4642=ORIENTED_EDGE('',*,*,#3579,.F.);
#4643=ORIENTED_EDGE('',*,*,#3580,.F.);
#4644=ORIENTED_EDGE('',*,*,#3581,.F.);
#4645=ORIENTED_EDGE('',*,*,#3582,.F.);
#4646=ORIENTED_EDGE('',*,*,#3583,.F.);
#4647=ORIENTED_EDGE('',*,*,#3584,.F.);
#4648=ORIENTED_EDGE('',*,*,#3585,.F.);
#4649=ORIENTED_EDGE('',*,*,#3586,.F.);
#4650=ORIENTED_EDGE('',*,*,#3587,.F.);
#4651=ORIENTED_EDGE('',*,*,#3588,.F.);
#4652=ORIENTED_EDGE('',*,*,#3589,.F.);
#4653=ORIENTED_EDGE('',*,*,#3590,.F.);
#4654=ORIENTED_EDGE('',*,*,#3591,.F.);
#4655=ORIENTED_EDGE('',*,*,#3592,.F.);
#4656=ORIENTED_EDGE('',*,*,#3593,.F.);
#4657=ORIENTED_EDGE('',*,*,#3594,.F.);
#4658=ORIENTED_EDGE('',*,*,#3595,.F.);
#4659=ORIENTED_EDGE('',*,*,#3596,.F.);
#4660=ORIENTED_EDGE('',*,*,#3597,.F.);
#4661=ORIENTED_EDGE('',*,*,#3598,.F.);
#4662=ORIENTED_EDGE('',*,*,#3599,.F.);
#4663=ORIENTED_EDGE('',*,*,#3600,.F.);
#4664=ORIENTED_EDGE('',*,*,#3601,.F.);
#4665=ORIENTED_EDGE('',*,*,#3602,.F.);
#4666=ORIENTED_EDGE('',*,*,#3603,.F.);
#4667=ORIENTED_EDGE('',*,*,#3604,.F.);
#4668=ORIENTED_EDGE('',*,*,#3605,.F.);
#4669=ORIENTED_EDGE('',*,*,#3606,.F.);
#4670=ORIENTED_EDGE('',*,*,#3607,.F.);
#4671=ORIENTED_EDGE('',*,*,#3608,.F.);
#4672=ORIENTED_EDGE('',*,*,#3609,.F.);
#4673=ORIENTED_EDGE('',*,*,#3610,.F.);
#4674=ORIENTED_EDGE('',*,*,#3611,.F.);
#4675=ORIENTED_EDGE('',*,*,#3612,.F.);
#4676=ORIENTED_EDGE('',*,*,#3613,.F.);
#4677=ORIENTED_EDGE('',*,*,#3614,.F.);
#4678=ORIENTED_EDGE('',*,*,#3615,.F.);
#4679=ORIENTED_EDGE('',*,*,#3616,.F.);
#4680=ORIENTED_EDGE('',*,*,#3617,.F.);
#4681=ORIENTED_EDGE('',*,*,#3618,.F.);
#4682=ORIENTED_EDGE('',*,*,#3619,.F.);
#4683=ORIENTED_EDGE('',*,*,#3620,.F.);
#4684=ORIENTED_EDGE('',*,*,#3621,.F.);
#4685=ORIENTED_EDGE('',*,*,#3622,.F.);
#4686=ORIENTED_EDGE('',*,*,#3623,.F.);
#4687=ORIENTED_EDGE('',*,*,#3624,.F.);
#4688=ORIENTED_EDGE('',*,*,#3625,.F.);
#4689=ORIENTED_EDGE('',*,*,#3626,.F.);
#4690=ORIENTED_EDGE('',*,*,#3627,.F.);
#4691=ORIENTED_EDGE('',*,*,#3628,.F.);
#4692=ORIENTED_EDGE('',*,*,#3629,.F.);
#4693=ORIENTED_EDGE('',*,*,#3630,.F.);
#4694=ORIENTED_EDGE('',*,*,#3631,.F.);
#4695=ORIENTED_EDGE('',*,*,#3632,.F.);
#4696=ORIENTED_EDGE('',*,*,#3633,.F.);
#4697=ORIENTED_EDGE('',*,*,#3634,.F.);
#4698=ORIENTED_EDGE('',*,*,#3635,.F.);
#4699=ORIENTED_EDGE('',*,*,#3636,.F.);
#4700=ORIENTED_EDGE('',*,*,#3637,.F.);
#4701=ORIENTED_EDGE('',*,*,#3638,.F.);
#4702=ORIENTED_EDGE('',*,*,#3639,.F.);
#4703=ORIENTED_EDGE('',*,*,#3640,.F.);
#4704=ORIENTED_EDGE('',*,*,#3641,.F.);
#4705=ORIENTED_EDGE('',*,*,#3642,.F.);
#4706=ORIENTED_EDGE('',*,*,#3643,.F.);
#4707=ORIENTED_EDGE('',*,*,#3644,.F.);
#4708=ORIENTED_EDGE('',*,*,#3645,.F.);
#4709=ORIENTED_EDGE('',*,*,#3646,.F.);
#4710=ORIENTED_EDGE('',*,*,#3647,.F.);
#4711=ORIENTED_EDGE('',*,*,#3648,.F.);
#4712=ORIENTED_EDGE('',*,*,#3649,.F.);
#4713=ORIENTED_EDGE('',*,*,#3650,.F.);
#4714=ORIENTED_EDGE('',*,*,#3651,.F.);
#4715=ORIENTED_EDGE('',*,*,#3652,.F.);
#4716=ORIENTED_EDGE('',*,*,#3653,.F.);
#4717=ORIENTED_EDGE('',*,*,#3654,.F.);
#4718=ORIENTED_EDGE('',*,*,#3655,.F.);
#4719=ORIENTED_EDGE('',*,*,#3656,.F.);
#4720=ORIENTED_EDGE('',*,*,#3657,.F.);
#4721=ORIENTED_EDGE('',*,*,#3658,.F.);
#4722=ORIENTED_EDGE('',*,*,#3659,.F.);
#4723=ORIENTED_EDGE('',*,*,#3660,.F.);
#4724=ORIENTED_EDGE('',*,*,#3661,.F.);
#4725=ORIENTED_EDGE('',*,*,#3662,.F.);
#4726=ORIENTED_EDGE('',*,*,#3663,.F.);
#4727=ORIENTED_EDGE('',*,*,#3664,.F.);
#4728=ORIENTED_EDGE('',*,*,#3665,.F.);
#4729=ORIENTED_EDGE('',*,*,#3666,.F.);
#4730=ORIENTED_EDGE('',*,*,#3667,.F.);
#4731=ORIENTED_EDGE('',*,*,#3668,.F.);
#4732=ORIENTED_EDGE('',*,*,#3669,.F.);
#4733=ORIENTED_EDGE('',*,*,#3670,.F.);
#4734=ORIENTED_EDGE('',*,*,#3671,.F.);
#4735=ORIENTED_EDGE('',*,*,#3672,.F.);
#4736=ORIENTED_EDGE('',*,*,#3673,.F.);
#4737=ORIENTED_EDGE('',*,*,#3674,.F.);
#4738=ORIENTED_EDGE('',*,*,#3675,.F.);
#4739=ORIENTED_EDGE('',*,*,#3676,.F.);
#4740=ORIENTED_EDGE('',*,*,#3677,.F.);
#4741=ORIENTED_EDGE('',*,*,#3678,.F.);
#4742=ORIENTED_EDGE('',*,*,#3679,.F.);
#4743=ORIENTED_EDGE('',*,*,#3680,.F.);
#4744=ORIENTED_EDGE('',*,*,#3681,.F.);
#4745=ORIENTED_EDGE('',*,*,#3682,.F.);
#4746=ORIENTED_EDGE('',*,*,#3683,.T.);
#4747=ORIENTED_EDGE('',*,*,#3475,.F.);
#4748=ORIENTED_EDGE('',*,*,#3684,.F.);
#4749=ORIENTED_EDGE('',*,*,#3685,.F.);
#4750=ORIENTED_EDGE('',*,*,#3686,.F.);
#4751=ORIENTED_EDGE('',*,*,#3685,.T.);
#4752=ORIENTED_EDGE('',*,*,#3687,.F.);
#4753=ORIENTED_EDGE('',*,*,#3688,.T.);
#4754=ORIENTED_EDGE('',*,*,#3689,.T.);
#4755=ORIENTED_EDGE('',*,*,#3690,.F.);
#4756=ORIENTED_EDGE('',*,*,#3691,.F.);
#4757=ORIENTED_EDGE('',*,*,#3692,.F.);
#4758=ORIENTED_EDGE('',*,*,#3693,.F.);
#4759=ORIENTED_EDGE('',*,*,#3693,.T.);
#4760=ORIENTED_EDGE('',*,*,#3694,.F.);
#4761=ORIENTED_EDGE('',*,*,#3695,.T.);
#4762=ORIENTED_EDGE('',*,*,#3696,.T.);
#4763=ORIENTED_EDGE('',*,*,#3697,.F.);
#4764=ORIENTED_EDGE('',*,*,#3698,.F.);
#4765=ORIENTED_EDGE('',*,*,#3699,.F.);
#4766=ORIENTED_EDGE('',*,*,#3691,.T.);
#4767=ORIENTED_EDGE('',*,*,#3465,.T.);
#4768=ORIENTED_EDGE('',*,*,#3700,.T.);
#4769=ORIENTED_EDGE('',*,*,#3697,.T.);
#4770=ORIENTED_EDGE('',*,*,#3690,.T.);
#4771=ORIENTED_EDGE('',*,*,#3696,.F.);
#4772=ORIENTED_EDGE('',*,*,#3701,.F.);
#4773=ORIENTED_EDGE('',*,*,#3702,.F.);
#4774=ORIENTED_EDGE('',*,*,#3703,.F.);
#4775=ORIENTED_EDGE('',*,*,#3704,.F.);
#4776=ORIENTED_EDGE('',*,*,#3705,.F.);
#4777=ORIENTED_EDGE('',*,*,#3469,.T.);
#4778=ORIENTED_EDGE('',*,*,#3706,.F.);
#4779=ORIENTED_EDGE('',*,*,#3707,.F.);
#4780=ORIENTED_EDGE('',*,*,#3708,.F.);
#4781=ORIENTED_EDGE('',*,*,#3709,.F.);
#4782=ORIENTED_EDGE('',*,*,#3468,.T.);
#4783=ORIENTED_EDGE('',*,*,#3710,.F.);
#4784=ORIENTED_EDGE('',*,*,#3698,.T.);
#4785=ORIENTED_EDGE('',*,*,#3700,.F.);
#4786=ORIENTED_EDGE('',*,*,#3711,.F.);
#4787=ORIENTED_EDGE('',*,*,#3712,.F.);
#4788=ORIENTED_EDGE('',*,*,#3510,.F.);
#4789=ORIENTED_EDGE('',*,*,#3713,.F.);
#4790=ORIENTED_EDGE('',*,*,#3714,.F.);
#4791=ORIENTED_EDGE('',*,*,#3715,.F.);
#4792=ORIENTED_EDGE('',*,*,#3716,.F.);
#4793=ORIENTED_EDGE('',*,*,#3717,.F.);
#4794=ORIENTED_EDGE('',*,*,#3718,.F.);
#4795=ORIENTED_EDGE('',*,*,#3719,.F.);
#4796=ORIENTED_EDGE('',*,*,#3720,.F.);
#4797=ORIENTED_EDGE('',*,*,#3721,.F.);
#4798=ORIENTED_EDGE('',*,*,#3722,.F.);
#4799=ORIENTED_EDGE('',*,*,#3723,.F.);
#4800=ORIENTED_EDGE('',*,*,#3724,.T.);
#4801=ORIENTED_EDGE('',*,*,#3725,.F.);
#4802=ORIENTED_EDGE('',*,*,#3726,.T.);
#4803=ORIENTED_EDGE('',*,*,#3727,.F.);
#4804=ORIENTED_EDGE('',*,*,#3728,.T.);
#4805=ORIENTED_EDGE('',*,*,#3729,.F.);
#4806=ORIENTED_EDGE('',*,*,#3724,.F.);
#4807=ORIENTED_EDGE('',*,*,#3730,.F.);
#4808=ORIENTED_EDGE('',*,*,#3726,.F.);
#4809=ORIENTED_EDGE('',*,*,#3731,.F.);
#4810=ORIENTED_EDGE('',*,*,#3732,.F.);
#4811=ORIENTED_EDGE('',*,*,#3733,.F.);
#4812=ORIENTED_EDGE('',*,*,#3734,.F.);
#4813=ORIENTED_EDGE('',*,*,#3735,.F.);
#4814=ORIENTED_EDGE('',*,*,#3516,.F.);
#4815=ORIENTED_EDGE('',*,*,#3736,.F.);
#4816=ORIENTED_EDGE('',*,*,#3737,.F.);
#4817=ORIENTED_EDGE('',*,*,#3722,.T.);
#4818=ORIENTED_EDGE('',*,*,#3738,.F.);
#4819=ORIENTED_EDGE('',*,*,#3728,.F.);
#4820=ORIENTED_EDGE('',*,*,#3714,.T.);
#4821=ORIENTED_EDGE('',*,*,#3739,.T.);
#4822=ORIENTED_EDGE('',*,*,#3740,.F.);
#4823=ORIENTED_EDGE('',*,*,#3741,.T.);
#4824=ORIENTED_EDGE('',*,*,#3713,.T.);
#4825=ORIENTED_EDGE('',*,*,#3509,.F.);
#4826=ORIENTED_EDGE('',*,*,#3742,.T.);
#4827=ORIENTED_EDGE('',*,*,#3739,.F.);
#4828=ORIENTED_EDGE('',*,*,#3712,.T.);
#4829=ORIENTED_EDGE('',*,*,#3743,.T.);
#4830=ORIENTED_EDGE('',*,*,#3744,.F.);
#4831=ORIENTED_EDGE('',*,*,#3511,.F.);
#4832=ORIENTED_EDGE('',*,*,#3711,.T.);
#4833=ORIENTED_EDGE('',*,*,#3737,.T.);
#4834=ORIENTED_EDGE('',*,*,#3727,.T.);
#4835=ORIENTED_EDGE('',*,*,#3723,.T.);
#4836=ORIENTED_EDGE('',*,*,#3730,.T.);
#4837=ORIENTED_EDGE('',*,*,#3745,.F.);
#4838=ORIENTED_EDGE('',*,*,#3746,.F.);
#4839=ORIENTED_EDGE('',*,*,#3747,.F.);
#4840=ORIENTED_EDGE('',*,*,#3748,.F.);
#4841=ORIENTED_EDGE('',*,*,#3743,.F.);
#4842=ORIENTED_EDGE('',*,*,#3736,.T.);
#4843=ORIENTED_EDGE('',*,*,#3515,.F.);
#4844=ORIENTED_EDGE('',*,*,#3749,.T.);
#4845=ORIENTED_EDGE('',*,*,#3745,.T.);
#4846=ORIENTED_EDGE('',*,*,#3735,.T.);
#4847=ORIENTED_EDGE('',*,*,#3750,.F.);
#4848=ORIENTED_EDGE('',*,*,#3751,.F.);
#4849=ORIENTED_EDGE('',*,*,#3517,.F.);
#4850=ORIENTED_EDGE('',*,*,#3474,.F.);
#4851=ORIENTED_EDGE('',*,*,#3483,.T.);
#4852=ORIENTED_EDGE('',*,*,#3486,.T.);
#4853=ORIENTED_EDGE('',*,*,#3752,.T.);
#4854=ORIENTED_EDGE('',*,*,#3753,.T.);
#4855=ORIENTED_EDGE('',*,*,#3754,.T.);
#4856=ORIENTED_EDGE('',*,*,#3755,.T.);
#4857=ORIENTED_EDGE('',*,*,#3756,.T.);
#4858=ORIENTED_EDGE('',*,*,#3757,.T.);
#4859=ORIENTED_EDGE('',*,*,#3758,.T.);
#4860=ORIENTED_EDGE('',*,*,#3759,.T.);
#4861=ORIENTED_EDGE('',*,*,#3760,.T.);
#4862=ORIENTED_EDGE('',*,*,#3761,.T.);
#4863=ORIENTED_EDGE('',*,*,#3762,.T.);
#4864=ORIENTED_EDGE('',*,*,#3763,.T.);
#4865=ORIENTED_EDGE('',*,*,#3764,.T.);
#4866=ORIENTED_EDGE('',*,*,#3765,.T.);
#4867=ORIENTED_EDGE('',*,*,#3766,.T.);
#4868=ORIENTED_EDGE('',*,*,#3767,.T.);
#4869=ORIENTED_EDGE('',*,*,#3768,.T.);
#4870=ORIENTED_EDGE('',*,*,#3769,.T.);
#4871=ORIENTED_EDGE('',*,*,#3770,.T.);
#4872=ORIENTED_EDGE('',*,*,#3771,.T.);
#4873=ORIENTED_EDGE('',*,*,#3750,.T.);
#4874=ORIENTED_EDGE('',*,*,#3734,.T.);
#4875=ORIENTED_EDGE('',*,*,#3772,.F.);
#4876=ORIENTED_EDGE('',*,*,#3773,.F.);
#4877=ORIENTED_EDGE('',*,*,#3774,.F.);
#4878=ORIENTED_EDGE('',*,*,#3775,.F.);
#4879=ORIENTED_EDGE('',*,*,#3776,.T.);
#4880=ORIENTED_EDGE('',*,*,#3777,.F.);
#4881=ORIENTED_EDGE('',*,*,#3778,.F.);
#4882=ORIENTED_EDGE('',*,*,#3779,.F.);
#4883=ORIENTED_EDGE('',*,*,#3780,.T.);
#4884=ORIENTED_EDGE('',*,*,#3781,.F.);
#4885=ORIENTED_EDGE('',*,*,#3782,.F.);
#4886=ORIENTED_EDGE('',*,*,#3783,.F.);
#4887=ORIENTED_EDGE('',*,*,#3784,.T.);
#4888=ORIENTED_EDGE('',*,*,#3785,.F.);
#4889=ORIENTED_EDGE('',*,*,#3786,.F.);
#4890=ORIENTED_EDGE('',*,*,#3787,.F.);
#4891=ORIENTED_EDGE('',*,*,#3788,.F.);
#4892=ORIENTED_EDGE('',*,*,#3789,.F.);
#4893=ORIENTED_EDGE('',*,*,#3790,.F.);
#4894=ORIENTED_EDGE('',*,*,#3791,.F.);
#4895=ORIENTED_EDGE('',*,*,#3792,.F.);
#4896=ORIENTED_EDGE('',*,*,#3793,.F.);
#4897=ORIENTED_EDGE('',*,*,#3794,.F.);
#4898=ORIENTED_EDGE('',*,*,#3795,.F.);
#4899=ORIENTED_EDGE('',*,*,#3796,.F.);
#4900=ORIENTED_EDGE('',*,*,#3797,.F.);
#4901=ORIENTED_EDGE('',*,*,#3798,.T.);
#4902=ORIENTED_EDGE('',*,*,#3799,.T.);
#4903=ORIENTED_EDGE('',*,*,#3800,.T.);
#4904=ORIENTED_EDGE('',*,*,#3687,.T.);
#4905=ORIENTED_EDGE('',*,*,#3684,.T.);
#4906=ORIENTED_EDGE('',*,*,#3512,.F.);
#4907=ORIENTED_EDGE('',*,*,#3744,.T.);
#4908=ORIENTED_EDGE('',*,*,#3748,.T.);
#4909=ORIENTED_EDGE('',*,*,#3801,.F.);
#4910=ORIENTED_EDGE('',*,*,#3513,.F.);
#4911=ORIENTED_EDGE('',*,*,#3801,.T.);
#4912=ORIENTED_EDGE('',*,*,#3747,.T.);
#4913=ORIENTED_EDGE('',*,*,#3802,.F.);
#4914=ORIENTED_EDGE('',*,*,#3514,.F.);
#4915=ORIENTED_EDGE('',*,*,#3802,.T.);
#4916=ORIENTED_EDGE('',*,*,#3746,.T.);
#4917=ORIENTED_EDGE('',*,*,#3749,.F.);
#4918=ORIENTED_EDGE('',*,*,#3720,.T.);
#4919=ORIENTED_EDGE('',*,*,#3803,.T.);
#4920=ORIENTED_EDGE('',*,*,#3804,.F.);
#4921=ORIENTED_EDGE('',*,*,#3805,.T.);
#4922=ORIENTED_EDGE('',*,*,#3506,.T.);
#4923=ORIENTED_EDGE('',*,*,#3806,.T.);
#4924=ORIENTED_EDGE('',*,*,#3807,.F.);
#4925=ORIENTED_EDGE('',*,*,#3808,.T.);
#4926=ORIENTED_EDGE('',*,*,#3809,.F.);
#4927=ORIENTED_EDGE('',*,*,#3810,.T.);
#4928=ORIENTED_EDGE('',*,*,#3811,.T.);
#4929=ORIENTED_EDGE('',*,*,#3810,.F.);
#4930=ORIENTED_EDGE('',*,*,#3811,.F.);
#4931=ORIENTED_EDGE('',*,*,#3480,.F.);
#4932=ORIENTED_EDGE('',*,*,#3809,.T.);
#4933=ORIENTED_EDGE('',*,*,#3495,.T.);
#4934=ORIENTED_EDGE('',*,*,#3812,.T.);
#4935=ORIENTED_EDGE('',*,*,#3813,.T.);
#4936=ORIENTED_EDGE('',*,*,#3814,.T.);
#4937=ORIENTED_EDGE('',*,*,#3812,.F.);
#4938=ORIENTED_EDGE('',*,*,#3494,.T.);
#4939=ORIENTED_EDGE('',*,*,#3815,.T.);
#4940=ORIENTED_EDGE('',*,*,#3816,.F.);
#4941=ORIENTED_EDGE('',*,*,#3817,.F.);
#4942=ORIENTED_EDGE('',*,*,#3818,.F.);
#4943=ORIENTED_EDGE('',*,*,#3819,.T.);
#4944=ORIENTED_EDGE('',*,*,#3820,.T.);
#4945=ORIENTED_EDGE('',*,*,#3819,.F.);
#4946=ORIENTED_EDGE('',*,*,#3820,.F.);
#4947=ORIENTED_EDGE('',*,*,#3683,.F.);
#4948=ORIENTED_EDGE('',*,*,#3821,.T.);
#4949=ORIENTED_EDGE('',*,*,#3822,.F.);
#4950=ORIENTED_EDGE('',*,*,#3821,.F.);
#4951=ORIENTED_EDGE('',*,*,#3822,.T.);
#4952=ORIENTED_EDGE('',*,*,#3818,.T.);
#4953=ORIENTED_EDGE('',*,*,#3823,.F.);
#4954=ORIENTED_EDGE('',*,*,#3824,.F.);
#4955=ORIENTED_EDGE('',*,*,#3794,.T.);
#4956=ORIENTED_EDGE('',*,*,#3825,.F.);
#4957=ORIENTED_EDGE('',*,*,#3826,.F.);
#4958=ORIENTED_EDGE('',*,*,#3827,.F.);
#4959=ORIENTED_EDGE('',*,*,#3531,.T.);
#4960=ORIENTED_EDGE('',*,*,#3828,.F.);
#4961=ORIENTED_EDGE('',*,*,#3758,.F.);
#4962=ORIENTED_EDGE('',*,*,#3829,.T.);
#4963=ORIENTED_EDGE('',*,*,#3532,.T.);
#4964=ORIENTED_EDGE('',*,*,#3829,.F.);
#4965=ORIENTED_EDGE('',*,*,#3757,.F.);
#4966=ORIENTED_EDGE('',*,*,#3830,.T.);
#4967=ORIENTED_EDGE('',*,*,#3533,.T.);
#4968=ORIENTED_EDGE('',*,*,#3830,.F.);
#4969=ORIENTED_EDGE('',*,*,#3756,.F.);
#4970=ORIENTED_EDGE('',*,*,#3831,.T.);
#4971=ORIENTED_EDGE('',*,*,#3534,.T.);
#4972=ORIENTED_EDGE('',*,*,#3831,.F.);
#4973=ORIENTED_EDGE('',*,*,#3755,.F.);
#4974=ORIENTED_EDGE('',*,*,#3832,.T.);
#4975=ORIENTED_EDGE('',*,*,#3535,.T.);
#4976=ORIENTED_EDGE('',*,*,#3832,.F.);
#4977=ORIENTED_EDGE('',*,*,#3754,.F.);
#4978=ORIENTED_EDGE('',*,*,#3833,.T.);
#4979=ORIENTED_EDGE('',*,*,#3536,.T.);
#4980=ORIENTED_EDGE('',*,*,#3833,.F.);
#4981=ORIENTED_EDGE('',*,*,#3753,.F.);
#4982=ORIENTED_EDGE('',*,*,#3834,.T.);
#4983=ORIENTED_EDGE('',*,*,#3537,.T.);
#4984=ORIENTED_EDGE('',*,*,#3834,.F.);
#4985=ORIENTED_EDGE('',*,*,#3752,.F.);
#4986=ORIENTED_EDGE('',*,*,#3485,.T.);
#4987=ORIENTED_EDGE('',*,*,#3800,.F.);
#4988=ORIENTED_EDGE('',*,*,#3835,.T.);
#4989=ORIENTED_EDGE('',*,*,#3836,.T.);
#4990=ORIENTED_EDGE('',*,*,#3688,.F.);
#4991=ORIENTED_EDGE('',*,*,#3837,.T.);
#4992=ORIENTED_EDGE('',*,*,#3838,.F.);
#4993=ORIENTED_EDGE('',*,*,#3839,.T.);
#4994=ORIENTED_EDGE('',*,*,#3840,.T.);
#4995=ORIENTED_EDGE('',*,*,#3841,.F.);
#4996=ORIENTED_EDGE('',*,*,#3842,.F.);
#4997=ORIENTED_EDGE('',*,*,#3647,.T.);
#4998=ORIENTED_EDGE('',*,*,#3843,.T.);
#4999=ORIENTED_EDGE('',*,*,#3844,.F.);
#5000=ORIENTED_EDGE('',*,*,#3840,.F.);
#5001=ORIENTED_EDGE('',*,*,#3646,.T.);
#5002=ORIENTED_EDGE('',*,*,#3845,.T.);
#5003=ORIENTED_EDGE('',*,*,#3846,.F.);
#5004=ORIENTED_EDGE('',*,*,#3843,.F.);
#5005=ORIENTED_EDGE('',*,*,#3645,.T.);
#5006=ORIENTED_EDGE('',*,*,#3847,.F.);
#5007=ORIENTED_EDGE('',*,*,#3848,.F.);
#5008=ORIENTED_EDGE('',*,*,#3845,.F.);
#5009=ORIENTED_EDGE('',*,*,#3644,.T.);
#5010=ORIENTED_EDGE('',*,*,#3849,.T.);
#5011=ORIENTED_EDGE('',*,*,#3850,.F.);
#5012=ORIENTED_EDGE('',*,*,#3847,.T.);
#5013=ORIENTED_EDGE('',*,*,#3643,.T.);
#5014=ORIENTED_EDGE('',*,*,#3851,.T.);
#5015=ORIENTED_EDGE('',*,*,#3852,.F.);
#5016=ORIENTED_EDGE('',*,*,#3849,.F.);
#5017=ORIENTED_EDGE('',*,*,#3650,.T.);
#5018=ORIENTED_EDGE('',*,*,#3853,.T.);
#5019=ORIENTED_EDGE('',*,*,#3854,.F.);
#5020=ORIENTED_EDGE('',*,*,#3851,.F.);
#5021=ORIENTED_EDGE('',*,*,#3649,.T.);
#5022=ORIENTED_EDGE('',*,*,#3842,.T.);
#5023=ORIENTED_EDGE('',*,*,#3855,.F.);
#5024=ORIENTED_EDGE('',*,*,#3853,.F.);
#5025=ORIENTED_EDGE('',*,*,#3648,.T.);
#5026=ORIENTED_EDGE('',*,*,#3856,.T.);
#5027=ORIENTED_EDGE('',*,*,#3857,.F.);
#5028=ORIENTED_EDGE('',*,*,#3858,.F.);
#5029=ORIENTED_EDGE('',*,*,#3638,.T.);
#5030=ORIENTED_EDGE('',*,*,#3859,.T.);
#5031=ORIENTED_EDGE('',*,*,#3860,.F.);
#5032=ORIENTED_EDGE('',*,*,#3856,.F.);
#5033=ORIENTED_EDGE('',*,*,#3637,.T.);
#5034=ORIENTED_EDGE('',*,*,#3861,.T.);
#5035=ORIENTED_EDGE('',*,*,#3862,.F.);
#5036=ORIENTED_EDGE('',*,*,#3859,.F.);
#5037=ORIENTED_EDGE('',*,*,#3636,.T.);
#5038=ORIENTED_EDGE('',*,*,#3863,.F.);
#5039=ORIENTED_EDGE('',*,*,#3864,.F.);
#5040=ORIENTED_EDGE('',*,*,#3861,.F.);
#5041=ORIENTED_EDGE('',*,*,#3635,.T.);
#5042=ORIENTED_EDGE('',*,*,#3865,.T.);
#5043=ORIENTED_EDGE('',*,*,#3866,.F.);
#5044=ORIENTED_EDGE('',*,*,#3863,.T.);
#5045=ORIENTED_EDGE('',*,*,#3634,.T.);
#5046=ORIENTED_EDGE('',*,*,#3867,.T.);
#5047=ORIENTED_EDGE('',*,*,#3868,.F.);
#5048=ORIENTED_EDGE('',*,*,#3865,.F.);
#5049=ORIENTED_EDGE('',*,*,#3641,.T.);
#5050=ORIENTED_EDGE('',*,*,#3869,.T.);
#5051=ORIENTED_EDGE('',*,*,#3870,.F.);
#5052=ORIENTED_EDGE('',*,*,#3867,.F.);
#5053=ORIENTED_EDGE('',*,*,#3640,.T.);
#5054=ORIENTED_EDGE('',*,*,#3858,.T.);
#5055=ORIENTED_EDGE('',*,*,#3871,.F.);
#5056=ORIENTED_EDGE('',*,*,#3869,.F.);
#5057=ORIENTED_EDGE('',*,*,#3639,.T.);
#5058=ORIENTED_EDGE('',*,*,#3872,.T.);
#5059=ORIENTED_EDGE('',*,*,#3873,.F.);
#5060=ORIENTED_EDGE('',*,*,#3874,.F.);
#5061=ORIENTED_EDGE('',*,*,#3630,.T.);
#5062=ORIENTED_EDGE('',*,*,#3875,.T.);
#5063=ORIENTED_EDGE('',*,*,#3876,.F.);
#5064=ORIENTED_EDGE('',*,*,#3872,.F.);
#5065=ORIENTED_EDGE('',*,*,#3629,.T.);
#5066=ORIENTED_EDGE('',*,*,#3877,.T.);
#5067=ORIENTED_EDGE('',*,*,#3878,.F.);
#5068=ORIENTED_EDGE('',*,*,#3875,.F.);
#5069=ORIENTED_EDGE('',*,*,#3628,.T.);
#5070=ORIENTED_EDGE('',*,*,#3879,.F.);
#5071=ORIENTED_EDGE('',*,*,#3880,.F.);
#5072=ORIENTED_EDGE('',*,*,#3877,.F.);
#5073=ORIENTED_EDGE('',*,*,#3627,.T.);
#5074=ORIENTED_EDGE('',*,*,#3881,.T.);
#5075=ORIENTED_EDGE('',*,*,#3882,.F.);
#5076=ORIENTED_EDGE('',*,*,#3879,.T.);
#5077=ORIENTED_EDGE('',*,*,#3626,.T.);
#5078=ORIENTED_EDGE('',*,*,#3883,.T.);
#5079=ORIENTED_EDGE('',*,*,#3884,.F.);
#5080=ORIENTED_EDGE('',*,*,#3881,.F.);
#5081=ORIENTED_EDGE('',*,*,#3633,.T.);
#5082=ORIENTED_EDGE('',*,*,#3885,.T.);
#5083=ORIENTED_EDGE('',*,*,#3886,.F.);
#5084=ORIENTED_EDGE('',*,*,#3883,.F.);
#5085=ORIENTED_EDGE('',*,*,#3632,.T.);
#5086=ORIENTED_EDGE('',*,*,#3874,.T.);
#5087=ORIENTED_EDGE('',*,*,#3887,.F.);
#5088=ORIENTED_EDGE('',*,*,#3885,.F.);
#5089=ORIENTED_EDGE('',*,*,#3631,.T.);
#5090=ORIENTED_EDGE('',*,*,#3888,.T.);
#5091=ORIENTED_EDGE('',*,*,#3889,.F.);
#5092=ORIENTED_EDGE('',*,*,#3890,.F.);
#5093=ORIENTED_EDGE('',*,*,#3622,.T.);
#5094=ORIENTED_EDGE('',*,*,#3891,.T.);
#5095=ORIENTED_EDGE('',*,*,#3892,.F.);
#5096=ORIENTED_EDGE('',*,*,#3888,.F.);
#5097=ORIENTED_EDGE('',*,*,#3621,.T.);
#5098=ORIENTED_EDGE('',*,*,#3893,.T.);
#5099=ORIENTED_EDGE('',*,*,#3894,.F.);
#5100=ORIENTED_EDGE('',*,*,#3891,.F.);
#5101=ORIENTED_EDGE('',*,*,#3620,.T.);
#5102=ORIENTED_EDGE('',*,*,#3895,.F.);
#5103=ORIENTED_EDGE('',*,*,#3896,.F.);
#5104=ORIENTED_EDGE('',*,*,#3893,.F.);
#5105=ORIENTED_EDGE('',*,*,#3619,.T.);
#5106=ORIENTED_EDGE('',*,*,#3897,.T.);
#5107=ORIENTED_EDGE('',*,*,#3898,.F.);
#5108=ORIENTED_EDGE('',*,*,#3895,.T.);
#5109=ORIENTED_EDGE('',*,*,#3618,.T.);
#5110=ORIENTED_EDGE('',*,*,#3899,.T.);
#5111=ORIENTED_EDGE('',*,*,#3900,.F.);
#5112=ORIENTED_EDGE('',*,*,#3897,.F.);
#5113=ORIENTED_EDGE('',*,*,#3625,.T.);
#5114=ORIENTED_EDGE('',*,*,#3901,.T.);
#5115=ORIENTED_EDGE('',*,*,#3902,.F.);
#5116=ORIENTED_EDGE('',*,*,#3899,.F.);
#5117=ORIENTED_EDGE('',*,*,#3624,.T.);
#5118=ORIENTED_EDGE('',*,*,#3890,.T.);
#5119=ORIENTED_EDGE('',*,*,#3903,.F.);
#5120=ORIENTED_EDGE('',*,*,#3901,.F.);
#5121=ORIENTED_EDGE('',*,*,#3623,.T.);
#5122=ORIENTED_EDGE('',*,*,#3567,.T.);
#5123=ORIENTED_EDGE('',*,*,#3904,.T.);
#5124=ORIENTED_EDGE('',*,*,#3905,.F.);
#5125=ORIENTED_EDGE('',*,*,#3906,.F.);
#5126=ORIENTED_EDGE('',*,*,#3566,.T.);
#5127=ORIENTED_EDGE('',*,*,#3907,.T.);
#5128=ORIENTED_EDGE('',*,*,#3908,.F.);
#5129=ORIENTED_EDGE('',*,*,#3904,.F.);
#5130=ORIENTED_EDGE('',*,*,#3565,.T.);
#5131=ORIENTED_EDGE('',*,*,#3909,.F.);
#5132=ORIENTED_EDGE('',*,*,#3910,.F.);
#5133=ORIENTED_EDGE('',*,*,#3911,.F.);
#5134=ORIENTED_EDGE('',*,*,#3907,.F.);
#5135=ORIENTED_EDGE('',*,*,#3564,.T.);
#5136=ORIENTED_EDGE('',*,*,#3912,.T.);
#5137=ORIENTED_EDGE('',*,*,#3913,.F.);
#5138=ORIENTED_EDGE('',*,*,#3909,.T.);
#5139=ORIENTED_EDGE('',*,*,#3914,.T.);
#5140=ORIENTED_EDGE('',*,*,#3915,.F.);
#5141=ORIENTED_EDGE('',*,*,#3916,.F.);
#5142=ORIENTED_EDGE('',*,*,#3590,.T.);
#5143=ORIENTED_EDGE('',*,*,#3917,.T.);
#5144=ORIENTED_EDGE('',*,*,#3918,.F.);
#5145=ORIENTED_EDGE('',*,*,#3914,.F.);
#5146=ORIENTED_EDGE('',*,*,#3589,.T.);
#5147=ORIENTED_EDGE('',*,*,#3919,.T.);
#5148=ORIENTED_EDGE('',*,*,#3920,.F.);
#5149=ORIENTED_EDGE('',*,*,#3917,.F.);
#5150=ORIENTED_EDGE('',*,*,#3588,.T.);
#5151=ORIENTED_EDGE('',*,*,#3921,.F.);
#5152=ORIENTED_EDGE('',*,*,#3922,.F.);
#5153=ORIENTED_EDGE('',*,*,#3919,.F.);
#5154=ORIENTED_EDGE('',*,*,#3587,.T.);
#5155=ORIENTED_EDGE('',*,*,#3923,.T.);
#5156=ORIENTED_EDGE('',*,*,#3924,.F.);
#5157=ORIENTED_EDGE('',*,*,#3921,.T.);
#5158=ORIENTED_EDGE('',*,*,#3586,.T.);
#5159=ORIENTED_EDGE('',*,*,#3925,.T.);
#5160=ORIENTED_EDGE('',*,*,#3926,.F.);
#5161=ORIENTED_EDGE('',*,*,#3923,.F.);
#5162=ORIENTED_EDGE('',*,*,#3593,.T.);
#5163=ORIENTED_EDGE('',*,*,#3927,.T.);
#5164=ORIENTED_EDGE('',*,*,#3928,.F.);
#5165=ORIENTED_EDGE('',*,*,#3925,.F.);
#5166=ORIENTED_EDGE('',*,*,#3592,.T.);
#5167=ORIENTED_EDGE('',*,*,#3916,.T.);
#5168=ORIENTED_EDGE('',*,*,#3929,.F.);
#5169=ORIENTED_EDGE('',*,*,#3927,.F.);
#5170=ORIENTED_EDGE('',*,*,#3591,.T.);
#5171=ORIENTED_EDGE('',*,*,#3930,.T.);
#5172=ORIENTED_EDGE('',*,*,#3931,.F.);
#5173=ORIENTED_EDGE('',*,*,#3932,.F.);
#5174=ORIENTED_EDGE('',*,*,#3663,.T.);
#5175=ORIENTED_EDGE('',*,*,#3933,.T.);
#5176=ORIENTED_EDGE('',*,*,#3934,.F.);
#5177=ORIENTED_EDGE('',*,*,#3930,.F.);
#5178=ORIENTED_EDGE('',*,*,#3662,.T.);
#5179=ORIENTED_EDGE('',*,*,#3935,.T.);
#5180=ORIENTED_EDGE('',*,*,#3936,.F.);
#5181=ORIENTED_EDGE('',*,*,#3933,.F.);
#5182=ORIENTED_EDGE('',*,*,#3661,.T.);
#5183=ORIENTED_EDGE('',*,*,#3937,.F.);
#5184=ORIENTED_EDGE('',*,*,#3938,.F.);
#5185=ORIENTED_EDGE('',*,*,#3935,.F.);
#5186=ORIENTED_EDGE('',*,*,#3660,.T.);
#5187=ORIENTED_EDGE('',*,*,#3939,.T.);
#5188=ORIENTED_EDGE('',*,*,#3940,.F.);
#5189=ORIENTED_EDGE('',*,*,#3937,.T.);
#5190=ORIENTED_EDGE('',*,*,#3659,.T.);
#5191=ORIENTED_EDGE('',*,*,#3941,.T.);
#5192=ORIENTED_EDGE('',*,*,#3942,.F.);
#5193=ORIENTED_EDGE('',*,*,#3939,.F.);
#5194=ORIENTED_EDGE('',*,*,#3666,.T.);
#5195=ORIENTED_EDGE('',*,*,#3943,.T.);
#5196=ORIENTED_EDGE('',*,*,#3944,.F.);
#5197=ORIENTED_EDGE('',*,*,#3941,.F.);
#5198=ORIENTED_EDGE('',*,*,#3665,.T.);
#5199=ORIENTED_EDGE('',*,*,#3932,.T.);
#5200=ORIENTED_EDGE('',*,*,#3945,.F.);
#5201=ORIENTED_EDGE('',*,*,#3943,.F.);
#5202=ORIENTED_EDGE('',*,*,#3664,.T.);
#5203=ORIENTED_EDGE('',*,*,#3946,.T.);
#5204=ORIENTED_EDGE('',*,*,#3947,.F.);
#5205=ORIENTED_EDGE('',*,*,#3948,.F.);
#5206=ORIENTED_EDGE('',*,*,#3614,.T.);
#5207=ORIENTED_EDGE('',*,*,#3949,.T.);
#5208=ORIENTED_EDGE('',*,*,#3950,.F.);
#5209=ORIENTED_EDGE('',*,*,#3946,.F.);
#5210=ORIENTED_EDGE('',*,*,#3613,.T.);
#5211=ORIENTED_EDGE('',*,*,#3951,.T.);
#5212=ORIENTED_EDGE('',*,*,#3952,.F.);
#5213=ORIENTED_EDGE('',*,*,#3949,.F.);
#5214=ORIENTED_EDGE('',*,*,#3612,.T.);
#5215=ORIENTED_EDGE('',*,*,#3953,.F.);
#5216=ORIENTED_EDGE('',*,*,#3954,.F.);
#5217=ORIENTED_EDGE('',*,*,#3951,.F.);
#5218=ORIENTED_EDGE('',*,*,#3611,.T.);
#5219=ORIENTED_EDGE('',*,*,#3955,.T.);
#5220=ORIENTED_EDGE('',*,*,#3956,.F.);
#5221=ORIENTED_EDGE('',*,*,#3953,.T.);
#5222=ORIENTED_EDGE('',*,*,#3610,.T.);
#5223=ORIENTED_EDGE('',*,*,#3957,.T.);
#5224=ORIENTED_EDGE('',*,*,#3958,.F.);
#5225=ORIENTED_EDGE('',*,*,#3955,.F.);
#5226=ORIENTED_EDGE('',*,*,#3617,.T.);
#5227=ORIENTED_EDGE('',*,*,#3959,.T.);
#5228=ORIENTED_EDGE('',*,*,#3960,.F.);
#5229=ORIENTED_EDGE('',*,*,#3957,.F.);
#5230=ORIENTED_EDGE('',*,*,#3616,.T.);
#5231=ORIENTED_EDGE('',*,*,#3948,.T.);
#5232=ORIENTED_EDGE('',*,*,#3961,.F.);
#5233=ORIENTED_EDGE('',*,*,#3959,.F.);
#5234=ORIENTED_EDGE('',*,*,#3615,.T.);
#5235=ORIENTED_EDGE('',*,*,#3962,.T.);
#5236=ORIENTED_EDGE('',*,*,#3963,.F.);
#5237=ORIENTED_EDGE('',*,*,#3964,.F.);
#5238=ORIENTED_EDGE('',*,*,#3606,.T.);
#5239=ORIENTED_EDGE('',*,*,#3965,.T.);
#5240=ORIENTED_EDGE('',*,*,#3966,.F.);
#5241=ORIENTED_EDGE('',*,*,#3962,.F.);
#5242=ORIENTED_EDGE('',*,*,#3605,.T.);
#5243=ORIENTED_EDGE('',*,*,#3967,.T.);
#5244=ORIENTED_EDGE('',*,*,#3968,.F.);
#5245=ORIENTED_EDGE('',*,*,#3965,.F.);
#5246=ORIENTED_EDGE('',*,*,#3604,.T.);
#5247=ORIENTED_EDGE('',*,*,#3969,.F.);
#5248=ORIENTED_EDGE('',*,*,#3970,.F.);
#5249=ORIENTED_EDGE('',*,*,#3967,.F.);
#5250=ORIENTED_EDGE('',*,*,#3603,.T.);
#5251=ORIENTED_EDGE('',*,*,#3971,.T.);
#5252=ORIENTED_EDGE('',*,*,#3972,.F.);
#5253=ORIENTED_EDGE('',*,*,#3969,.T.);
#5254=ORIENTED_EDGE('',*,*,#3602,.T.);
#5255=ORIENTED_EDGE('',*,*,#3973,.T.);
#5256=ORIENTED_EDGE('',*,*,#3974,.F.);
#5257=ORIENTED_EDGE('',*,*,#3971,.F.);
#5258=ORIENTED_EDGE('',*,*,#3609,.T.);
#5259=ORIENTED_EDGE('',*,*,#3975,.T.);
#5260=ORIENTED_EDGE('',*,*,#3976,.F.);
#5261=ORIENTED_EDGE('',*,*,#3973,.F.);
#5262=ORIENTED_EDGE('',*,*,#3608,.T.);
#5263=ORIENTED_EDGE('',*,*,#3964,.T.);
#5264=ORIENTED_EDGE('',*,*,#3977,.F.);
#5265=ORIENTED_EDGE('',*,*,#3975,.F.);
#5266=ORIENTED_EDGE('',*,*,#3607,.T.);
#5267=ORIENTED_EDGE('',*,*,#3978,.T.);
#5268=ORIENTED_EDGE('',*,*,#3979,.F.);
#5269=ORIENTED_EDGE('',*,*,#3980,.F.);
#5270=ORIENTED_EDGE('',*,*,#3671,.T.);
#5271=ORIENTED_EDGE('',*,*,#3981,.T.);
#5272=ORIENTED_EDGE('',*,*,#3982,.F.);
#5273=ORIENTED_EDGE('',*,*,#3978,.F.);
#5274=ORIENTED_EDGE('',*,*,#3670,.T.);
#5275=ORIENTED_EDGE('',*,*,#3983,.T.);
#5276=ORIENTED_EDGE('',*,*,#3984,.F.);
#5277=ORIENTED_EDGE('',*,*,#3981,.F.);
#5278=ORIENTED_EDGE('',*,*,#3669,.T.);
#5279=ORIENTED_EDGE('',*,*,#3985,.F.);
#5280=ORIENTED_EDGE('',*,*,#3986,.F.);
#5281=ORIENTED_EDGE('',*,*,#3983,.F.);
#5282=ORIENTED_EDGE('',*,*,#3668,.T.);
#5283=ORIENTED_EDGE('',*,*,#3987,.T.);
#5284=ORIENTED_EDGE('',*,*,#3988,.F.);
#5285=ORIENTED_EDGE('',*,*,#3985,.T.);
#5286=ORIENTED_EDGE('',*,*,#3667,.T.);
#5287=ORIENTED_EDGE('',*,*,#3989,.T.);
#5288=ORIENTED_EDGE('',*,*,#3990,.F.);
#5289=ORIENTED_EDGE('',*,*,#3987,.F.);
#5290=ORIENTED_EDGE('',*,*,#3674,.T.);
#5291=ORIENTED_EDGE('',*,*,#3991,.T.);
#5292=ORIENTED_EDGE('',*,*,#3992,.F.);
#5293=ORIENTED_EDGE('',*,*,#3989,.F.);
#5294=ORIENTED_EDGE('',*,*,#3673,.T.);
#5295=ORIENTED_EDGE('',*,*,#3980,.T.);
#5296=ORIENTED_EDGE('',*,*,#3993,.F.);
#5297=ORIENTED_EDGE('',*,*,#3991,.F.);
#5298=ORIENTED_EDGE('',*,*,#3672,.T.);
#5299=ORIENTED_EDGE('',*,*,#3994,.T.);
#5300=ORIENTED_EDGE('',*,*,#3995,.F.);
#5301=ORIENTED_EDGE('',*,*,#3996,.F.);
#5302=ORIENTED_EDGE('',*,*,#3598,.T.);
#5303=ORIENTED_EDGE('',*,*,#3997,.T.);
#5304=ORIENTED_EDGE('',*,*,#3998,.F.);
#5305=ORIENTED_EDGE('',*,*,#3994,.F.);
#5306=ORIENTED_EDGE('',*,*,#3597,.T.);
#5307=ORIENTED_EDGE('',*,*,#3999,.T.);
#5308=ORIENTED_EDGE('',*,*,#4000,.F.);
#5309=ORIENTED_EDGE('',*,*,#3997,.F.);
#5310=ORIENTED_EDGE('',*,*,#3596,.T.);
#5311=ORIENTED_EDGE('',*,*,#4001,.F.);
#5312=ORIENTED_EDGE('',*,*,#4002,.F.);
#5313=ORIENTED_EDGE('',*,*,#3999,.F.);
#5314=ORIENTED_EDGE('',*,*,#3595,.T.);
#5315=ORIENTED_EDGE('',*,*,#4003,.T.);
#5316=ORIENTED_EDGE('',*,*,#4004,.F.);
#5317=ORIENTED_EDGE('',*,*,#4001,.T.);
#5318=ORIENTED_EDGE('',*,*,#3594,.T.);
#5319=ORIENTED_EDGE('',*,*,#4005,.T.);
#5320=ORIENTED_EDGE('',*,*,#4006,.F.);
#5321=ORIENTED_EDGE('',*,*,#4003,.F.);
#5322=ORIENTED_EDGE('',*,*,#3601,.T.);
#5323=ORIENTED_EDGE('',*,*,#4007,.T.);
#5324=ORIENTED_EDGE('',*,*,#4008,.F.);
#5325=ORIENTED_EDGE('',*,*,#4005,.F.);
#5326=ORIENTED_EDGE('',*,*,#3600,.T.);
#5327=ORIENTED_EDGE('',*,*,#3996,.T.);
#5328=ORIENTED_EDGE('',*,*,#4009,.F.);
#5329=ORIENTED_EDGE('',*,*,#4007,.F.);
#5330=ORIENTED_EDGE('',*,*,#3599,.T.);
#5331=ORIENTED_EDGE('',*,*,#4010,.T.);
#5332=ORIENTED_EDGE('',*,*,#4011,.F.);
#5333=ORIENTED_EDGE('',*,*,#4012,.F.);
#5334=ORIENTED_EDGE('',*,*,#3556,.T.);
#5335=ORIENTED_EDGE('',*,*,#4013,.T.);
#5336=ORIENTED_EDGE('',*,*,#4014,.F.);
#5337=ORIENTED_EDGE('',*,*,#4010,.F.);
#5338=ORIENTED_EDGE('',*,*,#3555,.T.);
#5339=ORIENTED_EDGE('',*,*,#4015,.T.);
#5340=ORIENTED_EDGE('',*,*,#4016,.F.);
#5341=ORIENTED_EDGE('',*,*,#4013,.F.);
#5342=ORIENTED_EDGE('',*,*,#3554,.T.);
#5343=ORIENTED_EDGE('',*,*,#4017,.T.);
#5344=ORIENTED_EDGE('',*,*,#4018,.F.);
#5345=ORIENTED_EDGE('',*,*,#4019,.T.);
#5346=ORIENTED_EDGE('',*,*,#3560,.T.);
#5347=ORIENTED_EDGE('',*,*,#4020,.T.);
#5348=ORIENTED_EDGE('',*,*,#4021,.F.);
#5349=ORIENTED_EDGE('',*,*,#4017,.F.);
#5350=ORIENTED_EDGE('',*,*,#3559,.T.);
#5351=ORIENTED_EDGE('',*,*,#4022,.T.);
#5352=ORIENTED_EDGE('',*,*,#4023,.F.);
#5353=ORIENTED_EDGE('',*,*,#4020,.F.);
#5354=ORIENTED_EDGE('',*,*,#3558,.T.);
#5355=ORIENTED_EDGE('',*,*,#4012,.T.);
#5356=ORIENTED_EDGE('',*,*,#4024,.F.);
#5357=ORIENTED_EDGE('',*,*,#4022,.F.);
#5358=ORIENTED_EDGE('',*,*,#3557,.T.);
#5359=ORIENTED_EDGE('',*,*,#3575,.T.);
#5360=ORIENTED_EDGE('',*,*,#4025,.T.);
#5361=ORIENTED_EDGE('',*,*,#4026,.F.);
#5362=ORIENTED_EDGE('',*,*,#4027,.T.);
#5363=ORIENTED_EDGE('',*,*,#3574,.T.);
#5364=ORIENTED_EDGE('',*,*,#4028,.T.);
#5365=ORIENTED_EDGE('',*,*,#4029,.F.);
#5366=ORIENTED_EDGE('',*,*,#4025,.F.);
#5367=ORIENTED_EDGE('',*,*,#3573,.T.);
#5368=ORIENTED_EDGE('',*,*,#4030,.T.);
#5369=ORIENTED_EDGE('',*,*,#4031,.F.);
#5370=ORIENTED_EDGE('',*,*,#4028,.F.);
#5371=ORIENTED_EDGE('',*,*,#3572,.T.);
#5372=ORIENTED_EDGE('',*,*,#4032,.T.);
#5373=ORIENTED_EDGE('',*,*,#4033,.F.);
#5374=ORIENTED_EDGE('',*,*,#4030,.F.);
#5375=ORIENTED_EDGE('',*,*,#4034,.T.);
#5376=ORIENTED_EDGE('',*,*,#4035,.F.);
#5377=ORIENTED_EDGE('',*,*,#4036,.F.);
#5378=ORIENTED_EDGE('',*,*,#3548,.T.);
#5379=ORIENTED_EDGE('',*,*,#4037,.T.);
#5380=ORIENTED_EDGE('',*,*,#4038,.F.);
#5381=ORIENTED_EDGE('',*,*,#4034,.F.);
#5382=ORIENTED_EDGE('',*,*,#3547,.T.);
#5383=ORIENTED_EDGE('',*,*,#4039,.T.);
#5384=ORIENTED_EDGE('',*,*,#4040,.F.);
#5385=ORIENTED_EDGE('',*,*,#4037,.F.);
#5386=ORIENTED_EDGE('',*,*,#3546,.T.);
#5387=ORIENTED_EDGE('',*,*,#4041,.T.);
#5388=ORIENTED_EDGE('',*,*,#4042,.F.);
#5389=ORIENTED_EDGE('',*,*,#4043,.F.);
#5390=ORIENTED_EDGE('',*,*,#3550,.T.);
#5391=ORIENTED_EDGE('',*,*,#4036,.T.);
#5392=ORIENTED_EDGE('',*,*,#4044,.F.);
#5393=ORIENTED_EDGE('',*,*,#4041,.F.);
#5394=ORIENTED_EDGE('',*,*,#3549,.T.);
#5395=ORIENTED_EDGE('',*,*,#4045,.T.);
#5396=ORIENTED_EDGE('',*,*,#4046,.F.);
#5397=ORIENTED_EDGE('',*,*,#4047,.F.);
#5398=ORIENTED_EDGE('',*,*,#3582,.T.);
#5399=ORIENTED_EDGE('',*,*,#4048,.T.);
#5400=ORIENTED_EDGE('',*,*,#4049,.F.);
#5401=ORIENTED_EDGE('',*,*,#4045,.F.);
#5402=ORIENTED_EDGE('',*,*,#3581,.T.);
#5403=ORIENTED_EDGE('',*,*,#4050,.T.);
#5404=ORIENTED_EDGE('',*,*,#4051,.F.);
#5405=ORIENTED_EDGE('',*,*,#4048,.F.);
#5406=ORIENTED_EDGE('',*,*,#3580,.T.);
#5407=ORIENTED_EDGE('',*,*,#4052,.F.);
#5408=ORIENTED_EDGE('',*,*,#4053,.F.);
#5409=ORIENTED_EDGE('',*,*,#4050,.F.);
#5410=ORIENTED_EDGE('',*,*,#3579,.T.);
#5411=ORIENTED_EDGE('',*,*,#4054,.T.);
#5412=ORIENTED_EDGE('',*,*,#4055,.F.);
#5413=ORIENTED_EDGE('',*,*,#4052,.T.);
#5414=ORIENTED_EDGE('',*,*,#3578,.T.);
#5415=ORIENTED_EDGE('',*,*,#4056,.T.);
#5416=ORIENTED_EDGE('',*,*,#4057,.F.);
#5417=ORIENTED_EDGE('',*,*,#4054,.F.);
#5418=ORIENTED_EDGE('',*,*,#3585,.T.);
#5419=ORIENTED_EDGE('',*,*,#4058,.T.);
#5420=ORIENTED_EDGE('',*,*,#4059,.F.);
#5421=ORIENTED_EDGE('',*,*,#4056,.F.);
#5422=ORIENTED_EDGE('',*,*,#3584,.T.);
#5423=ORIENTED_EDGE('',*,*,#4047,.T.);
#5424=ORIENTED_EDGE('',*,*,#4060,.F.);
#5425=ORIENTED_EDGE('',*,*,#4058,.F.);
#5426=ORIENTED_EDGE('',*,*,#3583,.T.);
#5427=ORIENTED_EDGE('',*,*,#4061,.T.);
#5428=ORIENTED_EDGE('',*,*,#4062,.F.);
#5429=ORIENTED_EDGE('',*,*,#4063,.F.);
#5430=ORIENTED_EDGE('',*,*,#3679,.T.);
#5431=ORIENTED_EDGE('',*,*,#4064,.T.);
#5432=ORIENTED_EDGE('',*,*,#4065,.F.);
#5433=ORIENTED_EDGE('',*,*,#4061,.F.);
#5434=ORIENTED_EDGE('',*,*,#3678,.T.);
#5435=ORIENTED_EDGE('',*,*,#4066,.T.);
#5436=ORIENTED_EDGE('',*,*,#4067,.F.);
#5437=ORIENTED_EDGE('',*,*,#4064,.F.);
#5438=ORIENTED_EDGE('',*,*,#3677,.T.);
#5439=ORIENTED_EDGE('',*,*,#4068,.F.);
#5440=ORIENTED_EDGE('',*,*,#4069,.F.);
#5441=ORIENTED_EDGE('',*,*,#4066,.F.);
#5442=ORIENTED_EDGE('',*,*,#3676,.T.);
#5443=ORIENTED_EDGE('',*,*,#4070,.T.);
#5444=ORIENTED_EDGE('',*,*,#4071,.F.);
#5445=ORIENTED_EDGE('',*,*,#4068,.T.);
#5446=ORIENTED_EDGE('',*,*,#3675,.T.);
#5447=ORIENTED_EDGE('',*,*,#4072,.T.);
#5448=ORIENTED_EDGE('',*,*,#4073,.F.);
#5449=ORIENTED_EDGE('',*,*,#4070,.F.);
#5450=ORIENTED_EDGE('',*,*,#3682,.T.);
#5451=ORIENTED_EDGE('',*,*,#4074,.T.);
#5452=ORIENTED_EDGE('',*,*,#4075,.F.);
#5453=ORIENTED_EDGE('',*,*,#4072,.F.);
#5454=ORIENTED_EDGE('',*,*,#3681,.T.);
#5455=ORIENTED_EDGE('',*,*,#4063,.T.);
#5456=ORIENTED_EDGE('',*,*,#4076,.F.);
#5457=ORIENTED_EDGE('',*,*,#4074,.F.);
#5458=ORIENTED_EDGE('',*,*,#3680,.T.);
#5459=ORIENTED_EDGE('',*,*,#4077,.T.);
#5460=ORIENTED_EDGE('',*,*,#4078,.F.);
#5461=ORIENTED_EDGE('',*,*,#4079,.F.);
#5462=ORIENTED_EDGE('',*,*,#3655,.T.);
#5463=ORIENTED_EDGE('',*,*,#4080,.T.);
#5464=ORIENTED_EDGE('',*,*,#4081,.F.);
#5465=ORIENTED_EDGE('',*,*,#4077,.F.);
#5466=ORIENTED_EDGE('',*,*,#3654,.T.);
#5467=ORIENTED_EDGE('',*,*,#4082,.T.);
#5468=ORIENTED_EDGE('',*,*,#4083,.F.);
#5469=ORIENTED_EDGE('',*,*,#4080,.F.);
#5470=ORIENTED_EDGE('',*,*,#3653,.T.);
#5471=ORIENTED_EDGE('',*,*,#4084,.F.);
#5472=ORIENTED_EDGE('',*,*,#4085,.F.);
#5473=ORIENTED_EDGE('',*,*,#4082,.F.);
#5474=ORIENTED_EDGE('',*,*,#3652,.T.);
#5475=ORIENTED_EDGE('',*,*,#4086,.T.);
#5476=ORIENTED_EDGE('',*,*,#4087,.F.);
#5477=ORIENTED_EDGE('',*,*,#4084,.T.);
#5478=ORIENTED_EDGE('',*,*,#3651,.T.);
#5479=ORIENTED_EDGE('',*,*,#4088,.T.);
#5480=ORIENTED_EDGE('',*,*,#4089,.F.);
#5481=ORIENTED_EDGE('',*,*,#4086,.F.);
#5482=ORIENTED_EDGE('',*,*,#3658,.T.);
#5483=ORIENTED_EDGE('',*,*,#4090,.T.);
#5484=ORIENTED_EDGE('',*,*,#4091,.F.);
#5485=ORIENTED_EDGE('',*,*,#4088,.F.);
#5486=ORIENTED_EDGE('',*,*,#3657,.T.);
#5487=ORIENTED_EDGE('',*,*,#4079,.T.);
#5488=ORIENTED_EDGE('',*,*,#4092,.F.);
#5489=ORIENTED_EDGE('',*,*,#4090,.F.);
#5490=ORIENTED_EDGE('',*,*,#3656,.T.);
#5491=ORIENTED_EDGE('',*,*,#4093,.F.);
#5492=ORIENTED_EDGE('',*,*,#4094,.T.);
#5493=ORIENTED_EDGE('',*,*,#4095,.F.);
#5494=ORIENTED_EDGE('',*,*,#4096,.F.);
#5495=ORIENTED_EDGE('',*,*,#4097,.F.);
#5496=ORIENTED_EDGE('',*,*,#4096,.T.);
#5497=ORIENTED_EDGE('',*,*,#4098,.F.);
#5498=ORIENTED_EDGE('',*,*,#3798,.F.);
#5499=ORIENTED_EDGE('',*,*,#4099,.T.);
#5500=ORIENTED_EDGE('',*,*,#4100,.T.);
#5501=ORIENTED_EDGE('',*,*,#4101,.T.);
#5502=ORIENTED_EDGE('',*,*,#4102,.T.);
#5503=ORIENTED_EDGE('',*,*,#4103,.T.);
#5504=ORIENTED_EDGE('',*,*,#4104,.F.);
#5505=ORIENTED_EDGE('',*,*,#4105,.T.);
#5506=ORIENTED_EDGE('',*,*,#4106,.T.);
#5507=ORIENTED_EDGE('',*,*,#4107,.F.);
#5508=ORIENTED_EDGE('',*,*,#4108,.T.);
#5509=ORIENTED_EDGE('',*,*,#3835,.F.);
#5510=ORIENTED_EDGE('',*,*,#3799,.F.);
#5511=ORIENTED_EDGE('',*,*,#4098,.T.);
#5512=ORIENTED_EDGE('',*,*,#4095,.T.);
#5513=ORIENTED_EDGE('',*,*,#4109,.F.);
#5514=ORIENTED_EDGE('',*,*,#3447,.T.);
#5515=ORIENTED_EDGE('',*,*,#3642,.T.);
#5516=ORIENTED_EDGE('',*,*,#4110,.T.);
#5517=ORIENTED_EDGE('',*,*,#4109,.T.);
#5518=ORIENTED_EDGE('',*,*,#4110,.F.);
#5519=ORIENTED_EDGE('',*,*,#3490,.T.);
#5520=ORIENTED_EDGE('',*,*,#4111,.T.);
#5521=ORIENTED_EDGE('',*,*,#4112,.T.);
#5522=ORIENTED_EDGE('',*,*,#4111,.F.);
#5523=ORIENTED_EDGE('',*,*,#3489,.T.);
#5524=ORIENTED_EDGE('',*,*,#4113,.T.);
#5525=ORIENTED_EDGE('',*,*,#3839,.F.);
#5526=ORIENTED_EDGE('',*,*,#4114,.T.);
#5527=ORIENTED_EDGE('',*,*,#4115,.F.);
#5528=ORIENTED_EDGE('',*,*,#4116,.T.);
#5529=ORIENTED_EDGE('',*,*,#4112,.F.);
#5530=ORIENTED_EDGE('',*,*,#3450,.T.);
#5531=ORIENTED_EDGE('',*,*,#3518,.T.);
#5532=ORIENTED_EDGE('',*,*,#3751,.T.);
#5533=ORIENTED_EDGE('',*,*,#3771,.F.);
#5534=ORIENTED_EDGE('',*,*,#4117,.T.);
#5535=ORIENTED_EDGE('',*,*,#3519,.T.);
#5536=ORIENTED_EDGE('',*,*,#4117,.F.);
#5537=ORIENTED_EDGE('',*,*,#3770,.F.);
#5538=ORIENTED_EDGE('',*,*,#4118,.T.);
#5539=ORIENTED_EDGE('',*,*,#3520,.T.);
#5540=ORIENTED_EDGE('',*,*,#4118,.F.);
#5541=ORIENTED_EDGE('',*,*,#3769,.F.);
#5542=ORIENTED_EDGE('',*,*,#4119,.T.);
#5543=ORIENTED_EDGE('',*,*,#3521,.T.);
#5544=ORIENTED_EDGE('',*,*,#4119,.F.);
#5545=ORIENTED_EDGE('',*,*,#3768,.F.);
#5546=ORIENTED_EDGE('',*,*,#4120,.T.);
#5547=ORIENTED_EDGE('',*,*,#3522,.T.);
#5548=ORIENTED_EDGE('',*,*,#4120,.F.);
#5549=ORIENTED_EDGE('',*,*,#3767,.F.);
#5550=ORIENTED_EDGE('',*,*,#4121,.T.);
#5551=ORIENTED_EDGE('',*,*,#3523,.T.);
#5552=ORIENTED_EDGE('',*,*,#4121,.F.);
#5553=ORIENTED_EDGE('',*,*,#3766,.F.);
#5554=ORIENTED_EDGE('',*,*,#4122,.T.);
#5555=ORIENTED_EDGE('',*,*,#3524,.T.);
#5556=ORIENTED_EDGE('',*,*,#4122,.F.);
#5557=ORIENTED_EDGE('',*,*,#3765,.F.);
#5558=ORIENTED_EDGE('',*,*,#4123,.T.);
#5559=ORIENTED_EDGE('',*,*,#3525,.T.);
#5560=ORIENTED_EDGE('',*,*,#4123,.F.);
#5561=ORIENTED_EDGE('',*,*,#3764,.F.);
#5562=ORIENTED_EDGE('',*,*,#4124,.T.);
#5563=ORIENTED_EDGE('',*,*,#3526,.T.);
#5564=ORIENTED_EDGE('',*,*,#4124,.F.);
#5565=ORIENTED_EDGE('',*,*,#3763,.F.);
#5566=ORIENTED_EDGE('',*,*,#4125,.T.);
#5567=ORIENTED_EDGE('',*,*,#3527,.T.);
#5568=ORIENTED_EDGE('',*,*,#4125,.F.);
#5569=ORIENTED_EDGE('',*,*,#3762,.F.);
#5570=ORIENTED_EDGE('',*,*,#4126,.T.);
#5571=ORIENTED_EDGE('',*,*,#3528,.T.);
#5572=ORIENTED_EDGE('',*,*,#4126,.F.);
#5573=ORIENTED_EDGE('',*,*,#3761,.F.);
#5574=ORIENTED_EDGE('',*,*,#4127,.T.);
#5575=ORIENTED_EDGE('',*,*,#3529,.T.);
#5576=ORIENTED_EDGE('',*,*,#4127,.F.);
#5577=ORIENTED_EDGE('',*,*,#3760,.F.);
#5578=ORIENTED_EDGE('',*,*,#4128,.T.);
#5579=ORIENTED_EDGE('',*,*,#3530,.T.);
#5580=ORIENTED_EDGE('',*,*,#4128,.F.);
#5581=ORIENTED_EDGE('',*,*,#3759,.F.);
#5582=ORIENTED_EDGE('',*,*,#3828,.T.);
#5583=ORIENTED_EDGE('',*,*,#4129,.T.);
#5584=ORIENTED_EDGE('',*,*,#3837,.F.);
#5585=ORIENTED_EDGE('',*,*,#4113,.F.);
#5586=ORIENTED_EDGE('',*,*,#3488,.T.);
#5587=ORIENTED_EDGE('',*,*,#4130,.F.);
#5588=ORIENTED_EDGE('',*,*,#4131,.F.);
#5589=ORIENTED_EDGE('',*,*,#4132,.T.);
#5590=ORIENTED_EDGE('',*,*,#4105,.F.);
#5591=ORIENTED_EDGE('',*,*,#4133,.F.);
#5592=ORIENTED_EDGE('',*,*,#4134,.F.);
#5593=ORIENTED_EDGE('',*,*,#4135,.F.);
#5594=ORIENTED_EDGE('',*,*,#4136,.F.);
#5595=ORIENTED_EDGE('',*,*,#4133,.T.);
#5596=ORIENTED_EDGE('',*,*,#4104,.T.);
#5597=ORIENTED_EDGE('',*,*,#4137,.T.);
#5598=ORIENTED_EDGE('',*,*,#4138,.F.);
#5599=ORIENTED_EDGE('',*,*,#4137,.F.);
#5600=ORIENTED_EDGE('',*,*,#4103,.F.);
#5601=ORIENTED_EDGE('',*,*,#4139,.F.);
#5602=ORIENTED_EDGE('',*,*,#4140,.F.);
#5603=ORIENTED_EDGE('',*,*,#4139,.T.);
#5604=ORIENTED_EDGE('',*,*,#4102,.F.);
#5605=ORIENTED_EDGE('',*,*,#4141,.F.);
#5606=ORIENTED_EDGE('',*,*,#4142,.F.);
#5607=ORIENTED_EDGE('',*,*,#4143,.F.);
#5608=ORIENTED_EDGE('',*,*,#4144,.F.);
#5609=ORIENTED_EDGE('',*,*,#4145,.T.);
#5610=ORIENTED_EDGE('',*,*,#4146,.F.);
#5611=ORIENTED_EDGE('',*,*,#4147,.F.);
#5612=ORIENTED_EDGE('',*,*,#4148,.F.);
#5613=ORIENTED_EDGE('',*,*,#3779,.T.);
#5614=ORIENTED_EDGE('',*,*,#4149,.T.);
#5615=ORIENTED_EDGE('',*,*,#4150,.F.);
#5616=ORIENTED_EDGE('',*,*,#4151,.F.);
#5617=ORIENTED_EDGE('',*,*,#3780,.F.);
#5618=ORIENTED_EDGE('',*,*,#4148,.T.);
#5619=ORIENTED_EDGE('',*,*,#4152,.F.);
#5620=ORIENTED_EDGE('',*,*,#4153,.F.);
#5621=ORIENTED_EDGE('',*,*,#3781,.T.);
#5622=ORIENTED_EDGE('',*,*,#4151,.T.);
#5623=ORIENTED_EDGE('',*,*,#4154,.F.);
#5624=ORIENTED_EDGE('',*,*,#4155,.F.);
#5625=ORIENTED_EDGE('',*,*,#3782,.T.);
#5626=ORIENTED_EDGE('',*,*,#4153,.T.);
#5627=ORIENTED_EDGE('',*,*,#4156,.F.);
#5628=ORIENTED_EDGE('',*,*,#4157,.F.);
#5629=ORIENTED_EDGE('',*,*,#4158,.F.);
#5630=ORIENTED_EDGE('',*,*,#4159,.T.);
#5631=ORIENTED_EDGE('',*,*,#4160,.F.);
#5632=ORIENTED_EDGE('',*,*,#4161,.F.);
#5633=ORIENTED_EDGE('',*,*,#4162,.T.);
#5634=ORIENTED_EDGE('',*,*,#4157,.T.);
#5635=ORIENTED_EDGE('',*,*,#4163,.F.);
#5636=ORIENTED_EDGE('',*,*,#4164,.F.);
#5637=ORIENTED_EDGE('',*,*,#4165,.T.);
#5638=ORIENTED_EDGE('',*,*,#4161,.T.);
#5639=ORIENTED_EDGE('',*,*,#4166,.F.);
#5640=ORIENTED_EDGE('',*,*,#4167,.F.);
#5641=ORIENTED_EDGE('',*,*,#4168,.T.);
#5642=ORIENTED_EDGE('',*,*,#4164,.T.);
#5643=ORIENTED_EDGE('',*,*,#4169,.F.);
#5644=ORIENTED_EDGE('',*,*,#4170,.F.);
#5645=ORIENTED_EDGE('',*,*,#4171,.T.);
#5646=ORIENTED_EDGE('',*,*,#4167,.T.);
#5647=ORIENTED_EDGE('',*,*,#4172,.F.);
#5648=ORIENTED_EDGE('',*,*,#4145,.F.);
#5649=ORIENTED_EDGE('',*,*,#4173,.T.);
#5650=ORIENTED_EDGE('',*,*,#4170,.T.);
#5651=ORIENTED_EDGE('',*,*,#4174,.F.);
#5652=ORIENTED_EDGE('',*,*,#4175,.F.);
#5653=ORIENTED_EDGE('',*,*,#3773,.T.);
#5654=ORIENTED_EDGE('',*,*,#4176,.T.);
#5655=ORIENTED_EDGE('',*,*,#4177,.F.);
#5656=ORIENTED_EDGE('',*,*,#4178,.F.);
#5657=ORIENTED_EDGE('',*,*,#3774,.T.);
#5658=ORIENTED_EDGE('',*,*,#4175,.T.);
#5659=ORIENTED_EDGE('',*,*,#4179,.F.);
#5660=ORIENTED_EDGE('',*,*,#4180,.F.);
#5661=ORIENTED_EDGE('',*,*,#3775,.T.);
#5662=ORIENTED_EDGE('',*,*,#4178,.T.);
#5663=ORIENTED_EDGE('',*,*,#4181,.F.);
#5664=ORIENTED_EDGE('',*,*,#4182,.F.);
#5665=ORIENTED_EDGE('',*,*,#3776,.F.);
#5666=ORIENTED_EDGE('',*,*,#4180,.T.);
#5667=ORIENTED_EDGE('',*,*,#4183,.F.);
#5668=ORIENTED_EDGE('',*,*,#4184,.F.);
#5669=ORIENTED_EDGE('',*,*,#3777,.T.);
#5670=ORIENTED_EDGE('',*,*,#4182,.T.);
#5671=ORIENTED_EDGE('',*,*,#4185,.F.);
#5672=ORIENTED_EDGE('',*,*,#4149,.F.);
#5673=ORIENTED_EDGE('',*,*,#3778,.T.);
#5674=ORIENTED_EDGE('',*,*,#4184,.T.);
#5675=ORIENTED_EDGE('',*,*,#4186,.F.);
#5676=ORIENTED_EDGE('',*,*,#4187,.F.);
#5677=ORIENTED_EDGE('',*,*,#4106,.F.);
#5678=ORIENTED_EDGE('',*,*,#4132,.F.);
#5679=ORIENTED_EDGE('',*,*,#4188,.F.);
#5680=ORIENTED_EDGE('',*,*,#4189,.T.);
#5681=ORIENTED_EDGE('',*,*,#4190,.F.);
#5682=ORIENTED_EDGE('',*,*,#4191,.T.);
#5683=ORIENTED_EDGE('',*,*,#4192,.F.);
#5684=ORIENTED_EDGE('',*,*,#4193,.F.);
#5685=ORIENTED_EDGE('',*,*,#4194,.F.);
#5686=ORIENTED_EDGE('',*,*,#4195,.T.);
#5687=ORIENTED_EDGE('',*,*,#4107,.T.);
#5688=ORIENTED_EDGE('',*,*,#4187,.T.);
#5689=ORIENTED_EDGE('',*,*,#4196,.F.);
#5690=ORIENTED_EDGE('',*,*,#4197,.F.);
#5691=ORIENTED_EDGE('',*,*,#4198,.F.);
#5692=ORIENTED_EDGE('',*,*,#4141,.T.);
#5693=ORIENTED_EDGE('',*,*,#4101,.F.);
#5694=ORIENTED_EDGE('',*,*,#4199,.F.);
#5695=ORIENTED_EDGE('',*,*,#4200,.F.);
#5696=ORIENTED_EDGE('',*,*,#4201,.F.);
#5697=ORIENTED_EDGE('',*,*,#4202,.F.);
#5698=ORIENTED_EDGE('',*,*,#4199,.T.);
#5699=ORIENTED_EDGE('',*,*,#4100,.F.);
#5700=ORIENTED_EDGE('',*,*,#4203,.F.);
#5701=ORIENTED_EDGE('',*,*,#4204,.F.);
#5702=ORIENTED_EDGE('',*,*,#4203,.T.);
#5703=ORIENTED_EDGE('',*,*,#4099,.F.);
#5704=ORIENTED_EDGE('',*,*,#4094,.F.);
#5705=ORIENTED_EDGE('',*,*,#4205,.F.);
#5706=ORIENTED_EDGE('',*,*,#4206,.F.);
#5707=ORIENTED_EDGE('',*,*,#4207,.F.);
#5708=ORIENTED_EDGE('',*,*,#3825,.T.);
#5709=ORIENTED_EDGE('',*,*,#3793,.T.);
#5710=ORIENTED_EDGE('',*,*,#4208,.T.);
#5711=ORIENTED_EDGE('',*,*,#4209,.F.);
#5712=ORIENTED_EDGE('',*,*,#4208,.F.);
#5713=ORIENTED_EDGE('',*,*,#3792,.T.);
#5714=ORIENTED_EDGE('',*,*,#4210,.T.);
#5715=ORIENTED_EDGE('',*,*,#4211,.F.);
#5716=ORIENTED_EDGE('',*,*,#4210,.F.);
#5717=ORIENTED_EDGE('',*,*,#3791,.T.);
#5718=ORIENTED_EDGE('',*,*,#4212,.F.);
#5719=ORIENTED_EDGE('',*,*,#4213,.F.);
#5720=ORIENTED_EDGE('',*,*,#4212,.T.);
#5721=ORIENTED_EDGE('',*,*,#3790,.T.);
#5722=ORIENTED_EDGE('',*,*,#4214,.T.);
#5723=ORIENTED_EDGE('',*,*,#4215,.F.);
#5724=ORIENTED_EDGE('',*,*,#4214,.F.);
#5725=ORIENTED_EDGE('',*,*,#3789,.T.);
#5726=ORIENTED_EDGE('',*,*,#4216,.T.);
#5727=ORIENTED_EDGE('',*,*,#4217,.F.);
#5728=ORIENTED_EDGE('',*,*,#4216,.F.);
#5729=ORIENTED_EDGE('',*,*,#3788,.T.);
#5730=ORIENTED_EDGE('',*,*,#4218,.T.);
#5731=ORIENTED_EDGE('',*,*,#4219,.F.);
#5732=ORIENTED_EDGE('',*,*,#4218,.F.);
#5733=ORIENTED_EDGE('',*,*,#3787,.T.);
#5734=ORIENTED_EDGE('',*,*,#4220,.F.);
#5735=ORIENTED_EDGE('',*,*,#4221,.F.);
#5736=ORIENTED_EDGE('',*,*,#4220,.T.);
#5737=ORIENTED_EDGE('',*,*,#3786,.T.);
#5738=ORIENTED_EDGE('',*,*,#4222,.T.);
#5739=ORIENTED_EDGE('',*,*,#4223,.F.);
#5740=ORIENTED_EDGE('',*,*,#4222,.F.);
#5741=ORIENTED_EDGE('',*,*,#3785,.T.);
#5742=ORIENTED_EDGE('',*,*,#4224,.T.);
#5743=ORIENTED_EDGE('',*,*,#4225,.F.);
#5744=ORIENTED_EDGE('',*,*,#4224,.F.);
#5745=ORIENTED_EDGE('',*,*,#3784,.F.);
#5746=ORIENTED_EDGE('',*,*,#4226,.T.);
#5747=ORIENTED_EDGE('',*,*,#4227,.F.);
#5748=ORIENTED_EDGE('',*,*,#4226,.F.);
#5749=ORIENTED_EDGE('',*,*,#3783,.T.);
#5750=ORIENTED_EDGE('',*,*,#4155,.T.);
#5751=ORIENTED_EDGE('',*,*,#4228,.F.);
#5752=ORIENTED_EDGE('',*,*,#4221,.T.);
#5753=ORIENTED_EDGE('',*,*,#4229,.F.);
#5754=ORIENTED_EDGE('',*,*,#4146,.T.);
#5755=ORIENTED_EDGE('',*,*,#4230,.F.);
#5756=ORIENTED_EDGE('',*,*,#4231,.T.);
#5757=ORIENTED_EDGE('',*,*,#4232,.T.);
#5758=ORIENTED_EDGE('',*,*,#4233,.F.);
#5759=ORIENTED_EDGE('',*,*,#4230,.T.);
#5760=ORIENTED_EDGE('',*,*,#4172,.T.);
#5761=ORIENTED_EDGE('',*,*,#4234,.F.);
#5762=ORIENTED_EDGE('',*,*,#4235,.T.);
#5763=ORIENTED_EDGE('',*,*,#4234,.T.);
#5764=ORIENTED_EDGE('',*,*,#4169,.T.);
#5765=ORIENTED_EDGE('',*,*,#4236,.F.);
#5766=ORIENTED_EDGE('',*,*,#4237,.T.);
#5767=ORIENTED_EDGE('',*,*,#4236,.T.);
#5768=ORIENTED_EDGE('',*,*,#4166,.T.);
#5769=ORIENTED_EDGE('',*,*,#4238,.F.);
#5770=ORIENTED_EDGE('',*,*,#4239,.T.);
#5771=ORIENTED_EDGE('',*,*,#4238,.T.);
#5772=ORIENTED_EDGE('',*,*,#4163,.T.);
#5773=ORIENTED_EDGE('',*,*,#4240,.F.);
#5774=ORIENTED_EDGE('',*,*,#4241,.T.);
#5775=ORIENTED_EDGE('',*,*,#4242,.T.);
#5776=ORIENTED_EDGE('',*,*,#4240,.T.);
#5777=ORIENTED_EDGE('',*,*,#4160,.T.);
#5778=ORIENTED_EDGE('',*,*,#4243,.F.);
#5779=ORIENTED_EDGE('',*,*,#4228,.T.);
#5780=ORIENTED_EDGE('',*,*,#4244,.T.);
#5781=ORIENTED_EDGE('',*,*,#4245,.F.);
#5782=ORIENTED_EDGE('',*,*,#4219,.T.);
#5783=ORIENTED_EDGE('',*,*,#4245,.T.);
#5784=ORIENTED_EDGE('',*,*,#4246,.T.);
#5785=ORIENTED_EDGE('',*,*,#4247,.F.);
#5786=ORIENTED_EDGE('',*,*,#4217,.T.);
#5787=ORIENTED_EDGE('',*,*,#4247,.T.);
#5788=ORIENTED_EDGE('',*,*,#4248,.T.);
#5789=ORIENTED_EDGE('',*,*,#4249,.F.);
#5790=ORIENTED_EDGE('',*,*,#4215,.T.);
#5791=ORIENTED_EDGE('',*,*,#4249,.T.);
#5792=ORIENTED_EDGE('',*,*,#4250,.T.);
#5793=ORIENTED_EDGE('',*,*,#4251,.F.);
#5794=ORIENTED_EDGE('',*,*,#4213,.T.);
#5795=ORIENTED_EDGE('',*,*,#4251,.T.);
#5796=ORIENTED_EDGE('',*,*,#4252,.T.);
#5797=ORIENTED_EDGE('',*,*,#4253,.F.);
#5798=ORIENTED_EDGE('',*,*,#4211,.T.);
#5799=ORIENTED_EDGE('',*,*,#4253,.T.);
#5800=ORIENTED_EDGE('',*,*,#4254,.T.);
#5801=ORIENTED_EDGE('',*,*,#4255,.F.);
#5802=ORIENTED_EDGE('',*,*,#4209,.T.);
#5803=ORIENTED_EDGE('',*,*,#4255,.T.);
#5804=ORIENTED_EDGE('',*,*,#4256,.T.);
#5805=ORIENTED_EDGE('',*,*,#4257,.F.);
#5806=ORIENTED_EDGE('',*,*,#4207,.T.);
#5807=ORIENTED_EDGE('',*,*,#3826,.T.);
#5808=ORIENTED_EDGE('',*,*,#4257,.T.);
#5809=ORIENTED_EDGE('',*,*,#4258,.T.);
#5810=ORIENTED_EDGE('',*,*,#4259,.T.);
#5811=ORIENTED_EDGE('',*,*,#4156,.T.);
#5812=ORIENTED_EDGE('',*,*,#4260,.T.);
#5813=ORIENTED_EDGE('',*,*,#4261,.T.);
#5814=ORIENTED_EDGE('',*,*,#4243,.T.);
#5815=ORIENTED_EDGE('',*,*,#4262,.T.);
#5816=ORIENTED_EDGE('',*,*,#4263,.F.);
#5817=ORIENTED_EDGE('',*,*,#4142,.T.);
#5818=ORIENTED_EDGE('',*,*,#4233,.T.);
#5819=ORIENTED_EDGE('',*,*,#4264,.T.);
#5820=ORIENTED_EDGE('',*,*,#4263,.T.);
#5821=ORIENTED_EDGE('',*,*,#4265,.T.);
#5822=ORIENTED_EDGE('',*,*,#4266,.T.);
#5823=ORIENTED_EDGE('',*,*,#4267,.T.);
#5824=ORIENTED_EDGE('',*,*,#4268,.T.);
#5825=ORIENTED_EDGE('',*,*,#4269,.F.);
#5826=ORIENTED_EDGE('',*,*,#4174,.T.);
#5827=ORIENTED_EDGE('',*,*,#4269,.T.);
#5828=ORIENTED_EDGE('',*,*,#4270,.T.);
#5829=ORIENTED_EDGE('',*,*,#4271,.F.);
#5830=ORIENTED_EDGE('',*,*,#4177,.T.);
#5831=ORIENTED_EDGE('',*,*,#4271,.T.);
#5832=ORIENTED_EDGE('',*,*,#4272,.T.);
#5833=ORIENTED_EDGE('',*,*,#4273,.F.);
#5834=ORIENTED_EDGE('',*,*,#4179,.T.);
#5835=ORIENTED_EDGE('',*,*,#4273,.T.);
#5836=ORIENTED_EDGE('',*,*,#4274,.T.);
#5837=ORIENTED_EDGE('',*,*,#4275,.F.);
#5838=ORIENTED_EDGE('',*,*,#4181,.T.);
#5839=ORIENTED_EDGE('',*,*,#4276,.F.);
#5840=ORIENTED_EDGE('',*,*,#4277,.T.);
#5841=ORIENTED_EDGE('',*,*,#4278,.F.);
#5842=ORIENTED_EDGE('',*,*,#4147,.T.);
#5843=ORIENTED_EDGE('',*,*,#4278,.T.);
#5844=ORIENTED_EDGE('',*,*,#4279,.T.);
#5845=ORIENTED_EDGE('',*,*,#4280,.F.);
#5846=ORIENTED_EDGE('',*,*,#4150,.T.);
#5847=ORIENTED_EDGE('',*,*,#4280,.T.);
#5848=ORIENTED_EDGE('',*,*,#4281,.T.);
#5849=ORIENTED_EDGE('',*,*,#4282,.F.);
#5850=ORIENTED_EDGE('',*,*,#4152,.T.);
#5851=ORIENTED_EDGE('',*,*,#4282,.T.);
#5852=ORIENTED_EDGE('',*,*,#4283,.T.);
#5853=ORIENTED_EDGE('',*,*,#4284,.F.);
#5854=ORIENTED_EDGE('',*,*,#4154,.T.);
#5855=ORIENTED_EDGE('',*,*,#4284,.T.);
#5856=ORIENTED_EDGE('',*,*,#4285,.T.);
#5857=ORIENTED_EDGE('',*,*,#4286,.F.);
#5858=ORIENTED_EDGE('',*,*,#4227,.T.);
#5859=ORIENTED_EDGE('',*,*,#4286,.T.);
#5860=ORIENTED_EDGE('',*,*,#4287,.T.);
#5861=ORIENTED_EDGE('',*,*,#4288,.F.);
#5862=ORIENTED_EDGE('',*,*,#4225,.T.);
#5863=ORIENTED_EDGE('',*,*,#4229,.T.);
#5864=ORIENTED_EDGE('',*,*,#4223,.T.);
#5865=ORIENTED_EDGE('',*,*,#4288,.T.);
#5866=ORIENTED_EDGE('',*,*,#4289,.T.);
#5867=ORIENTED_EDGE('',*,*,#4290,.F.);
#5868=ORIENTED_EDGE('',*,*,#4291,.T.);
#5869=ORIENTED_EDGE('',*,*,#4276,.T.);
#5870=ORIENTED_EDGE('',*,*,#4185,.T.);
#5871=ORIENTED_EDGE('',*,*,#4290,.T.);
#5872=ORIENTED_EDGE('',*,*,#4183,.T.);
#5873=ORIENTED_EDGE('',*,*,#4275,.T.);
#5874=ORIENTED_EDGE('',*,*,#4292,.T.);
#5875=ORIENTED_EDGE('',*,*,#4293,.F.);
#5876=ORIENTED_EDGE('',*,*,#4294,.F.);
#5877=ORIENTED_EDGE('',*,*,#4295,.F.);
#5878=ORIENTED_EDGE('',*,*,#4296,.F.);
#5879=ORIENTED_EDGE('',*,*,#4159,.F.);
#5880=ORIENTED_EDGE('',*,*,#4297,.T.);
#5881=ORIENTED_EDGE('',*,*,#4298,.F.);
#5882=ORIENTED_EDGE('',*,*,#4299,.T.);
#5883=ORIENTED_EDGE('',*,*,#4300,.F.);
#5884=ORIENTED_EDGE('',*,*,#4301,.F.);
#5885=ORIENTED_EDGE('',*,*,#4302,.F.);
#5886=ORIENTED_EDGE('',*,*,#4301,.T.);
#5887=ORIENTED_EDGE('',*,*,#4303,.F.);
#5888=ORIENTED_EDGE('',*,*,#4189,.F.);
#5889=ORIENTED_EDGE('',*,*,#4304,.F.);
#5890=ORIENTED_EDGE('',*,*,#4305,.T.);
#5891=ORIENTED_EDGE('',*,*,#4306,.F.);
#5892=ORIENTED_EDGE('',*,*,#4197,.T.);
#5893=ORIENTED_EDGE('',*,*,#4136,.T.);
#5894=ORIENTED_EDGE('',*,*,#4307,.T.);
#5895=ORIENTED_EDGE('',*,*,#4308,.F.);
#5896=ORIENTED_EDGE('',*,*,#4131,.T.);
#5897=ORIENTED_EDGE('',*,*,#4308,.T.);
#5898=ORIENTED_EDGE('',*,*,#4309,.T.);
#5899=ORIENTED_EDGE('',*,*,#4310,.F.);
#5900=ORIENTED_EDGE('',*,*,#4186,.T.);
#5901=ORIENTED_EDGE('',*,*,#4304,.T.);
#5902=ORIENTED_EDGE('',*,*,#4196,.T.);
#5903=ORIENTED_EDGE('',*,*,#4310,.T.);
#5904=ORIENTED_EDGE('',*,*,#4311,.T.);
#5905=ORIENTED_EDGE('',*,*,#4312,.F.);
#5906=ORIENTED_EDGE('',*,*,#4313,.T.);
#5907=ORIENTED_EDGE('',*,*,#4314,.F.);
#5908=ORIENTED_EDGE('',*,*,#4193,.T.);
#5909=ORIENTED_EDGE('',*,*,#4306,.T.);
#5910=ORIENTED_EDGE('',*,*,#4315,.T.);
#5911=ORIENTED_EDGE('',*,*,#4316,.F.);
#5912=ORIENTED_EDGE('',*,*,#4194,.T.);
#5913=ORIENTED_EDGE('',*,*,#4316,.T.);
#5914=ORIENTED_EDGE('',*,*,#4317,.T.);
#5915=ORIENTED_EDGE('',*,*,#4318,.F.);
#5916=ORIENTED_EDGE('',*,*,#4319,.T.);
#5917=ORIENTED_EDGE('',*,*,#4318,.T.);
#5918=ORIENTED_EDGE('',*,*,#4320,.T.);
#5919=ORIENTED_EDGE('',*,*,#4312,.T.);
#5920=ORIENTED_EDGE('',*,*,#4192,.T.);
#5921=ORIENTED_EDGE('',*,*,#4314,.T.);
#5922=ORIENTED_EDGE('',*,*,#4295,.T.);
#5923=ORIENTED_EDGE('',*,*,#4321,.F.);
#5924=ORIENTED_EDGE('',*,*,#4188,.T.);
#5925=ORIENTED_EDGE('',*,*,#4321,.T.);
#5926=ORIENTED_EDGE('',*,*,#4294,.T.);
#5927=ORIENTED_EDGE('',*,*,#4322,.F.);
#5928=ORIENTED_EDGE('',*,*,#4302,.T.);
#5929=ORIENTED_EDGE('',*,*,#4323,.T.);
#5930=ORIENTED_EDGE('',*,*,#4298,.T.);
#5931=ORIENTED_EDGE('',*,*,#4322,.T.);
#5932=ORIENTED_EDGE('',*,*,#4293,.T.);
#5933=ORIENTED_EDGE('',*,*,#4324,.F.);
#5934=ORIENTED_EDGE('',*,*,#4325,.T.);
#5935=ORIENTED_EDGE('',*,*,#4260,.F.);
#5936=ORIENTED_EDGE('',*,*,#4296,.T.);
#5937=ORIENTED_EDGE('',*,*,#4313,.F.);
#5938=ORIENTED_EDGE('',*,*,#4320,.F.);
#5939=ORIENTED_EDGE('',*,*,#4317,.F.);
#5940=ORIENTED_EDGE('',*,*,#4315,.F.);
#5941=ORIENTED_EDGE('',*,*,#4305,.F.);
#5942=ORIENTED_EDGE('',*,*,#4326,.T.);
#5943=ORIENTED_EDGE('',*,*,#4327,.F.);
#5944=ORIENTED_EDGE('',*,*,#4328,.F.);
#5945=ORIENTED_EDGE('',*,*,#4329,.F.);
#5946=ORIENTED_EDGE('',*,*,#4330,.F.);
#5947=ORIENTED_EDGE('',*,*,#4331,.F.);
#5948=ORIENTED_EDGE('',*,*,#4332,.T.);
#5949=ORIENTED_EDGE('',*,*,#4333,.F.);
#5950=ORIENTED_EDGE('',*,*,#4334,.F.);
#5951=ORIENTED_EDGE('',*,*,#4335,.F.);
#5952=ORIENTED_EDGE('',*,*,#4336,.F.);
#5953=ORIENTED_EDGE('',*,*,#4326,.F.);
#5954=ORIENTED_EDGE('',*,*,#4311,.F.);
#5955=ORIENTED_EDGE('',*,*,#4309,.F.);
#5956=ORIENTED_EDGE('',*,*,#4307,.F.);
#5957=ORIENTED_EDGE('',*,*,#4135,.T.);
#5958=ORIENTED_EDGE('',*,*,#4337,.F.);
#5959=ORIENTED_EDGE('',*,*,#4331,.T.);
#5960=ORIENTED_EDGE('',*,*,#4338,.F.);
#5961=ORIENTED_EDGE('',*,*,#4206,.T.);
#5962=ORIENTED_EDGE('',*,*,#3797,.T.);
#5963=ORIENTED_EDGE('',*,*,#4339,.T.);
#5964=ORIENTED_EDGE('',*,*,#4340,.F.);
#5965=ORIENTED_EDGE('',*,*,#4097,.T.);
#5966=ORIENTED_EDGE('',*,*,#4340,.T.);
#5967=ORIENTED_EDGE('',*,*,#4341,.T.);
#5968=ORIENTED_EDGE('',*,*,#4342,.F.);
#5969=ORIENTED_EDGE('',*,*,#4093,.T.);
#5970=ORIENTED_EDGE('',*,*,#4337,.T.);
#5971=ORIENTED_EDGE('',*,*,#4205,.T.);
#5972=ORIENTED_EDGE('',*,*,#4342,.T.);
#5973=ORIENTED_EDGE('',*,*,#4343,.T.);
#5974=ORIENTED_EDGE('',*,*,#4344,.F.);
#5975=ORIENTED_EDGE('',*,*,#4327,.T.);
#5976=ORIENTED_EDGE('',*,*,#4345,.F.);
#5977=ORIENTED_EDGE('',*,*,#4201,.T.);
#5978=ORIENTED_EDGE('',*,*,#4338,.T.);
#5979=ORIENTED_EDGE('',*,*,#4330,.T.);
#5980=ORIENTED_EDGE('',*,*,#4346,.F.);
#5981=ORIENTED_EDGE('',*,*,#4204,.T.);
#5982=ORIENTED_EDGE('',*,*,#4346,.T.);
#5983=ORIENTED_EDGE('',*,*,#4329,.T.);
#5984=ORIENTED_EDGE('',*,*,#4347,.F.);
#5985=ORIENTED_EDGE('',*,*,#4202,.T.);
#5986=ORIENTED_EDGE('',*,*,#4347,.T.);
#5987=ORIENTED_EDGE('',*,*,#4328,.T.);
#5988=ORIENTED_EDGE('',*,*,#4344,.T.);
#5989=ORIENTED_EDGE('',*,*,#4200,.T.);
#5990=ORIENTED_EDGE('',*,*,#4345,.T.);
#5991=ORIENTED_EDGE('',*,*,#4336,.T.);
#5992=ORIENTED_EDGE('',*,*,#4348,.F.);
#5993=ORIENTED_EDGE('',*,*,#4198,.T.);
#5994=ORIENTED_EDGE('',*,*,#4348,.T.);
#5995=ORIENTED_EDGE('',*,*,#4335,.T.);
#5996=ORIENTED_EDGE('',*,*,#4349,.F.);
#5997=ORIENTED_EDGE('',*,*,#4140,.T.);
#5998=ORIENTED_EDGE('',*,*,#4134,.T.);
#5999=ORIENTED_EDGE('',*,*,#4138,.T.);
#6000=ORIENTED_EDGE('',*,*,#4349,.T.);
#6001=ORIENTED_EDGE('',*,*,#4334,.T.);
#6002=ORIENTED_EDGE('',*,*,#4350,.T.);
#6003=ORIENTED_EDGE('',*,*,#3491,.F.);
#6004=ORIENTED_EDGE('',*,*,#4116,.F.);
#6005=ORIENTED_EDGE('',*,*,#4351,.F.);
#6006=ORIENTED_EDGE('',*,*,#3816,.T.);
#6007=ORIENTED_EDGE('',*,*,#4352,.T.);
#6008=ORIENTED_EDGE('',*,*,#4353,.T.);
#6009=ORIENTED_EDGE('',*,*,#4351,.T.);
#6010=ORIENTED_EDGE('',*,*,#4115,.T.);
#6011=ORIENTED_EDGE('',*,*,#4354,.F.);
#6012=ORIENTED_EDGE('',*,*,#3814,.F.);
#6013=ORIENTED_EDGE('',*,*,#4355,.F.);
#6014=ORIENTED_EDGE('',*,*,#4356,.F.);
#6015=ORIENTED_EDGE('',*,*,#3496,.T.);
#6016=ORIENTED_EDGE('',*,*,#3493,.T.);
#6017=ORIENTED_EDGE('',*,*,#4357,.T.);
#6018=ORIENTED_EDGE('',*,*,#4352,.F.);
#6019=ORIENTED_EDGE('',*,*,#3815,.F.);
#6020=ORIENTED_EDGE('',*,*,#4358,.T.);
#6021=ORIENTED_EDGE('',*,*,#4359,.F.);
#6022=ORIENTED_EDGE('',*,*,#4360,.F.);
#6023=ORIENTED_EDGE('',*,*,#3538,.T.);
#6024=ORIENTED_EDGE('',*,*,#3539,.T.);
#6025=ORIENTED_EDGE('',*,*,#4360,.T.);
#6026=ORIENTED_EDGE('',*,*,#4361,.F.);
#6027=ORIENTED_EDGE('',*,*,#4362,.F.);
#6028=ORIENTED_EDGE('',*,*,#3540,.T.);
#6029=ORIENTED_EDGE('',*,*,#4362,.T.);
#6030=ORIENTED_EDGE('',*,*,#4363,.F.);
#6031=ORIENTED_EDGE('',*,*,#4364,.F.);
#6032=ORIENTED_EDGE('',*,*,#3541,.T.);
#6033=ORIENTED_EDGE('',*,*,#4364,.T.);
#6034=ORIENTED_EDGE('',*,*,#4365,.F.);
#6035=ORIENTED_EDGE('',*,*,#4366,.F.);
#6036=ORIENTED_EDGE('',*,*,#3542,.T.);
#6037=ORIENTED_EDGE('',*,*,#4366,.T.);
#6038=ORIENTED_EDGE('',*,*,#4367,.F.);
#6039=ORIENTED_EDGE('',*,*,#4368,.F.);
#6040=ORIENTED_EDGE('',*,*,#3561,.T.);
#6041=ORIENTED_EDGE('',*,*,#4019,.F.);
#6042=ORIENTED_EDGE('',*,*,#4369,.F.);
#6043=ORIENTED_EDGE('',*,*,#4015,.F.);
#6044=ORIENTED_EDGE('',*,*,#3551,.T.);
#6045=ORIENTED_EDGE('',*,*,#4043,.T.);
#6046=ORIENTED_EDGE('',*,*,#4370,.F.);
#6047=ORIENTED_EDGE('',*,*,#4371,.F.);
#6048=ORIENTED_EDGE('',*,*,#3552,.T.);
#6049=ORIENTED_EDGE('',*,*,#4371,.T.);
#6050=ORIENTED_EDGE('',*,*,#4372,.F.);
#6051=ORIENTED_EDGE('',*,*,#4373,.F.);
#6052=ORIENTED_EDGE('',*,*,#3553,.T.);
#6053=ORIENTED_EDGE('',*,*,#4373,.T.);
#6054=ORIENTED_EDGE('',*,*,#4374,.F.);
#6055=ORIENTED_EDGE('',*,*,#4039,.F.);
#6056=ORIENTED_EDGE('',*,*,#3492,.T.);
#6057=ORIENTED_EDGE('',*,*,#4350,.F.);
#6058=ORIENTED_EDGE('',*,*,#4353,.F.);
#6059=ORIENTED_EDGE('',*,*,#4357,.F.);
#6060=ORIENTED_EDGE('',*,*,#3568,.T.);
#6061=ORIENTED_EDGE('',*,*,#3906,.T.);
#6062=ORIENTED_EDGE('',*,*,#4375,.F.);
#6063=ORIENTED_EDGE('',*,*,#4376,.F.);
#6064=ORIENTED_EDGE('',*,*,#3569,.T.);
#6065=ORIENTED_EDGE('',*,*,#4376,.T.);
#6066=ORIENTED_EDGE('',*,*,#4377,.F.);
#6067=ORIENTED_EDGE('',*,*,#4378,.F.);
#6068=ORIENTED_EDGE('',*,*,#4379,.F.);
#6069=ORIENTED_EDGE('',*,*,#3562,.T.);
#6070=ORIENTED_EDGE('',*,*,#4379,.T.);
#6071=ORIENTED_EDGE('',*,*,#4380,.F.);
#6072=ORIENTED_EDGE('',*,*,#4381,.F.);
#6073=ORIENTED_EDGE('',*,*,#3563,.T.);
#6074=ORIENTED_EDGE('',*,*,#4381,.T.);
#6075=ORIENTED_EDGE('',*,*,#4382,.F.);
#6076=ORIENTED_EDGE('',*,*,#3912,.F.);
#6077=ORIENTED_EDGE('',*,*,#3576,.T.);
#6078=ORIENTED_EDGE('',*,*,#4027,.F.);
#6079=ORIENTED_EDGE('',*,*,#4383,.F.);
#6080=ORIENTED_EDGE('',*,*,#4384,.F.);
#6081=ORIENTED_EDGE('',*,*,#3577,.T.);
#6082=ORIENTED_EDGE('',*,*,#4384,.T.);
#6083=ORIENTED_EDGE('',*,*,#4385,.F.);
#6084=ORIENTED_EDGE('',*,*,#4386,.F.);
#6085=ORIENTED_EDGE('',*,*,#3570,.T.);
#6086=ORIENTED_EDGE('',*,*,#4386,.T.);
#6087=ORIENTED_EDGE('',*,*,#4387,.F.);
#6088=ORIENTED_EDGE('',*,*,#4388,.F.);
#6089=ORIENTED_EDGE('',*,*,#3571,.T.);
#6090=ORIENTED_EDGE('',*,*,#4388,.T.);
#6091=ORIENTED_EDGE('',*,*,#4389,.F.);
#6092=ORIENTED_EDGE('',*,*,#4032,.F.);
#6093=ORIENTED_EDGE('',*,*,#4390,.T.);
#6094=ORIENTED_EDGE('',*,*,#4391,.T.);
#6095=ORIENTED_EDGE('',*,*,#4190,.T.);
#6096=ORIENTED_EDGE('',*,*,#4303,.T.);
#6097=ORIENTED_EDGE('',*,*,#4300,.T.);
#6098=ORIENTED_EDGE('',*,*,#4392,.F.);
#6099=ORIENTED_EDGE('',*,*,#4393,.T.);
#6100=ORIENTED_EDGE('',*,*,#3498,.T.);
#6101=ORIENTED_EDGE('',*,*,#4393,.F.);
#6102=ORIENTED_EDGE('',*,*,#4394,.F.);
#6103=ORIENTED_EDGE('',*,*,#4395,.T.);
#6104=ORIENTED_EDGE('',*,*,#3499,.T.);
#6105=ORIENTED_EDGE('',*,*,#4395,.F.);
#6106=ORIENTED_EDGE('',*,*,#4396,.F.);
#6107=ORIENTED_EDGE('',*,*,#4397,.T.);
#6108=ORIENTED_EDGE('',*,*,#3500,.T.);
#6109=ORIENTED_EDGE('',*,*,#4397,.F.);
#6110=ORIENTED_EDGE('',*,*,#4398,.F.);
#6111=ORIENTED_EDGE('',*,*,#4399,.T.);
#6112=ORIENTED_EDGE('',*,*,#3501,.T.);
#6113=ORIENTED_EDGE('',*,*,#4399,.F.);
#6114=ORIENTED_EDGE('',*,*,#4400,.F.);
#6115=ORIENTED_EDGE('',*,*,#4401,.T.);
#6116=ORIENTED_EDGE('',*,*,#3502,.T.);
#6117=ORIENTED_EDGE('',*,*,#4401,.F.);
#6118=ORIENTED_EDGE('',*,*,#4402,.F.);
#6119=ORIENTED_EDGE('',*,*,#4403,.T.);
#6120=ORIENTED_EDGE('',*,*,#3503,.T.);
#6121=ORIENTED_EDGE('',*,*,#4403,.F.);
#6122=ORIENTED_EDGE('',*,*,#4404,.F.);
#6123=ORIENTED_EDGE('',*,*,#4405,.T.);
#6124=ORIENTED_EDGE('',*,*,#3504,.T.);
#6125=ORIENTED_EDGE('',*,*,#4405,.F.);
#6126=ORIENTED_EDGE('',*,*,#4406,.F.);
#6127=ORIENTED_EDGE('',*,*,#3806,.F.);
#6128=ORIENTED_EDGE('',*,*,#3505,.T.);
#6129=ORIENTED_EDGE('',*,*,#3497,.T.);
#6130=ORIENTED_EDGE('',*,*,#4356,.T.);
#6131=ORIENTED_EDGE('',*,*,#4407,.F.);
#6132=ORIENTED_EDGE('',*,*,#4390,.F.);
#6133=ORIENTED_EDGE('',*,*,#4408,.T.);
#6134=ORIENTED_EDGE('',*,*,#3543,.T.);
#6135=ORIENTED_EDGE('',*,*,#4368,.T.);
#6136=ORIENTED_EDGE('',*,*,#4409,.F.);
#6137=ORIENTED_EDGE('',*,*,#4408,.F.);
#6138=ORIENTED_EDGE('',*,*,#4410,.F.);
#6139=ORIENTED_EDGE('',*,*,#4411,.T.);
#6140=ORIENTED_EDGE('',*,*,#3544,.T.);
#6141=ORIENTED_EDGE('',*,*,#4411,.F.);
#6142=ORIENTED_EDGE('',*,*,#4412,.F.);
#6143=ORIENTED_EDGE('',*,*,#4358,.F.);
#6144=ORIENTED_EDGE('',*,*,#3545,.F.);
#6145=ORIENTED_EDGE('',*,*,#4413,.T.);
#6146=ORIENTED_EDGE('',*,*,#3708,.T.);
#6147=ORIENTED_EDGE('',*,*,#4414,.T.);
#6148=ORIENTED_EDGE('',*,*,#4415,.T.);
#6149=ORIENTED_EDGE('',*,*,#4414,.F.);
#6150=ORIENTED_EDGE('',*,*,#3707,.T.);
#6151=ORIENTED_EDGE('',*,*,#4416,.F.);
#6152=ORIENTED_EDGE('',*,*,#4417,.T.);
#6153=ORIENTED_EDGE('',*,*,#4418,.T.);
#6154=ORIENTED_EDGE('',*,*,#4419,.T.);
#6155=ORIENTED_EDGE('',*,*,#4416,.T.);
#6156=ORIENTED_EDGE('',*,*,#3706,.T.);
#6157=ORIENTED_EDGE('',*,*,#4413,.F.);
#6158=ORIENTED_EDGE('',*,*,#4420,.T.);
#6159=ORIENTED_EDGE('',*,*,#4418,.F.);
#6160=ORIENTED_EDGE('',*,*,#3709,.T.);
#6161=ORIENTED_EDGE('',*,*,#4332,.F.);
#6162=ORIENTED_EDGE('',*,*,#4343,.F.);
#6163=ORIENTED_EDGE('',*,*,#4341,.F.);
#6164=ORIENTED_EDGE('',*,*,#4339,.F.);
#6165=ORIENTED_EDGE('',*,*,#3796,.T.);
#6166=ORIENTED_EDGE('',*,*,#4421,.T.);
#6167=ORIENTED_EDGE('',*,*,#4422,.F.);
#6168=ORIENTED_EDGE('',*,*,#4423,.F.);
#6169=ORIENTED_EDGE('',*,*,#4421,.F.);
#6170=ORIENTED_EDGE('',*,*,#3795,.T.);
#6171=ORIENTED_EDGE('',*,*,#3824,.T.);
#6172=ORIENTED_EDGE('',*,*,#4424,.F.);
#6173=ORIENTED_EDGE('',*,*,#4423,.T.);
#6174=ORIENTED_EDGE('',*,*,#4425,.T.);
#6175=ORIENTED_EDGE('',*,*,#4426,.T.);
#6176=ORIENTED_EDGE('',*,*,#4427,.F.);
#6177=ORIENTED_EDGE('',*,*,#4428,.F.);
#6178=ORIENTED_EDGE('',*,*,#4429,.F.);
#6179=ORIENTED_EDGE('',*,*,#4430,.F.);
#6180=ORIENTED_EDGE('',*,*,#4431,.F.);
#6181=ORIENTED_EDGE('',*,*,#4432,.F.);
#6182=ORIENTED_EDGE('',*,*,#4433,.F.);
#6183=ORIENTED_EDGE('',*,*,#4434,.F.);
#6184=ORIENTED_EDGE('',*,*,#4435,.F.);
#6185=ORIENTED_EDGE('',*,*,#4434,.T.);
#6186=ORIENTED_EDGE('',*,*,#4436,.F.);
#6187=ORIENTED_EDGE('',*,*,#4428,.T.);
#6188=ORIENTED_EDGE('',*,*,#4437,.F.);
#6189=ORIENTED_EDGE('',*,*,#4422,.T.);
#6190=ORIENTED_EDGE('',*,*,#4424,.T.);
#6191=ORIENTED_EDGE('',*,*,#4438,.T.);
#6192=ORIENTED_EDGE('',*,*,#4439,.F.);
#6193=ORIENTED_EDGE('',*,*,#4440,.F.);
#6194=ORIENTED_EDGE('',*,*,#4441,.F.);
#6195=ORIENTED_EDGE('',*,*,#4438,.F.);
#6196=ORIENTED_EDGE('',*,*,#4426,.F.);
#6197=ORIENTED_EDGE('',*,*,#4442,.T.);
#6198=ORIENTED_EDGE('',*,*,#4420,.F.);
#6199=ORIENTED_EDGE('',*,*,#4415,.F.);
#6200=ORIENTED_EDGE('',*,*,#4417,.F.);
#6201=ORIENTED_EDGE('',*,*,#4419,.F.);
#6202=ORIENTED_EDGE('',*,*,#4443,.F.);
#6203=ORIENTED_EDGE('',*,*,#4442,.F.);
#6204=ORIENTED_EDGE('',*,*,#4425,.F.);
#6205=ORIENTED_EDGE('',*,*,#3823,.T.);
#6206=ORIENTED_EDGE('',*,*,#4444,.F.);
#6207=ORIENTED_EDGE('',*,*,#4430,.T.);
#6208=ORIENTED_EDGE('',*,*,#4445,.F.);
#6209=ORIENTED_EDGE('',*,*,#4443,.T.);
#6210=ORIENTED_EDGE('',*,*,#4446,.F.);
#6211=ORIENTED_EDGE('',*,*,#4445,.T.);
#6212=ORIENTED_EDGE('',*,*,#4429,.T.);
#6213=ORIENTED_EDGE('',*,*,#4447,.F.);
#6214=ORIENTED_EDGE('',*,*,#4439,.T.);
#6215=ORIENTED_EDGE('',*,*,#4447,.T.);
#6216=ORIENTED_EDGE('',*,*,#4436,.T.);
#6217=ORIENTED_EDGE('',*,*,#4448,.F.);
#6218=ORIENTED_EDGE('',*,*,#4440,.T.);
#6219=ORIENTED_EDGE('',*,*,#4448,.T.);
#6220=ORIENTED_EDGE('',*,*,#4433,.T.);
#6221=ORIENTED_EDGE('',*,*,#4449,.F.);
#6222=ORIENTED_EDGE('',*,*,#4441,.T.);
#6223=ORIENTED_EDGE('',*,*,#4450,.F.);
#6224=ORIENTED_EDGE('',*,*,#4437,.T.);
#6225=ORIENTED_EDGE('',*,*,#4449,.T.);
#6226=ORIENTED_EDGE('',*,*,#4432,.T.);
#6227=ORIENTED_EDGE('',*,*,#4451,.F.);
#6228=ORIENTED_EDGE('',*,*,#4452,.F.);
#6229=ORIENTED_EDGE('',*,*,#4453,.F.);
#6230=ORIENTED_EDGE('',*,*,#3827,.T.);
#6231=ORIENTED_EDGE('',*,*,#4259,.F.);
#6232=ORIENTED_EDGE('',*,*,#4454,.T.);
#6233=ORIENTED_EDGE('',*,*,#4455,.F.);
#6234=ORIENTED_EDGE('',*,*,#4456,.T.);
#6235=ORIENTED_EDGE('',*,*,#4457,.F.);
#6236=ORIENTED_EDGE('',*,*,#4444,.T.);
#6237=ORIENTED_EDGE('',*,*,#4455,.T.);
#6238=ORIENTED_EDGE('',*,*,#4446,.T.);
#6239=ORIENTED_EDGE('',*,*,#4453,.T.);
#6240=ORIENTED_EDGE('',*,*,#4458,.F.);
#6241=ORIENTED_EDGE('',*,*,#4459,.T.);
#6242=ORIENTED_EDGE('',*,*,#4460,.F.);
#6243=ORIENTED_EDGE('',*,*,#4451,.T.);
#6244=ORIENTED_EDGE('',*,*,#4461,.T.);
#6245=ORIENTED_EDGE('',*,*,#4462,.T.);
#6246=ORIENTED_EDGE('',*,*,#4463,.F.);
#6247=ORIENTED_EDGE('',*,*,#4435,.T.);
#6248=ORIENTED_EDGE('',*,*,#4458,.T.);
#6249=ORIENTED_EDGE('',*,*,#4431,.T.);
#6250=ORIENTED_EDGE('',*,*,#4463,.T.);
#6251=ORIENTED_EDGE('',*,*,#4464,.T.);
#6252=ORIENTED_EDGE('',*,*,#4460,.T.);
#6253=ORIENTED_EDGE('',*,*,#4324,.T.);
#6254=ORIENTED_EDGE('',*,*,#4333,.T.);
#6255=ORIENTED_EDGE('',*,*,#4450,.T.);
#6256=ORIENTED_EDGE('',*,*,#4452,.T.);
#6257=ORIENTED_EDGE('',*,*,#3702,.T.);
#6258=ORIENTED_EDGE('',*,*,#4465,.F.);
#6259=ORIENTED_EDGE('',*,*,#4466,.F.);
#6260=ORIENTED_EDGE('',*,*,#4467,.T.);
#6261=ORIENTED_EDGE('',*,*,#3701,.T.);
#6262=ORIENTED_EDGE('',*,*,#3695,.F.);
#6263=ORIENTED_EDGE('',*,*,#4468,.F.);
#6264=ORIENTED_EDGE('',*,*,#4465,.T.);
#6265=ORIENTED_EDGE('',*,*,#3705,.T.);
#6266=ORIENTED_EDGE('',*,*,#4469,.F.);
#6267=ORIENTED_EDGE('',*,*,#4470,.F.);
#6268=ORIENTED_EDGE('',*,*,#3470,.T.);
#6269=ORIENTED_EDGE('',*,*,#3704,.T.);
#6270=ORIENTED_EDGE('',*,*,#4471,.F.);
#6271=ORIENTED_EDGE('',*,*,#4472,.F.);
#6272=ORIENTED_EDGE('',*,*,#4469,.T.);
#6273=ORIENTED_EDGE('',*,*,#3703,.T.);
#6274=ORIENTED_EDGE('',*,*,#4467,.F.);
#6275=ORIENTED_EDGE('',*,*,#4473,.F.);
#6276=ORIENTED_EDGE('',*,*,#4471,.T.);
#6277=ORIENTED_EDGE('',*,*,#4457,.T.);
#6278=ORIENTED_EDGE('',*,*,#4474,.T.);
#6279=ORIENTED_EDGE('',*,*,#4461,.F.);
#6280=ORIENTED_EDGE('',*,*,#4427,.T.);
#6281=ORIENTED_EDGE('',*,*,#3477,.T.);
#6282=ORIENTED_EDGE('',*,*,#4475,.F.);
#6283=ORIENTED_EDGE('',*,*,#4130,.T.);
#6284=ORIENTED_EDGE('',*,*,#3487,.T.);
#6285=ORIENTED_EDGE('',*,*,#4456,.F.);
#6286=ORIENTED_EDGE('',*,*,#4454,.F.);
#6287=ORIENTED_EDGE('',*,*,#4476,.F.);
#6288=ORIENTED_EDGE('',*,*,#4377,.T.);
#6289=ORIENTED_EDGE('',*,*,#4375,.T.);
#6290=ORIENTED_EDGE('',*,*,#3905,.T.);
#6291=ORIENTED_EDGE('',*,*,#3908,.T.);
#6292=ORIENTED_EDGE('',*,*,#3911,.T.);
#6293=ORIENTED_EDGE('',*,*,#4477,.F.);
#6294=ORIENTED_EDGE('',*,*,#4231,.F.);
#6295=ORIENTED_EDGE('',*,*,#4235,.F.);
#6296=ORIENTED_EDGE('',*,*,#4237,.F.);
#6297=ORIENTED_EDGE('',*,*,#4239,.F.);
#6298=ORIENTED_EDGE('',*,*,#4241,.F.);
#6299=ORIENTED_EDGE('',*,*,#4242,.F.);
#6300=ORIENTED_EDGE('',*,*,#4261,.F.);
#6301=ORIENTED_EDGE('',*,*,#4325,.F.);
#6302=ORIENTED_EDGE('',*,*,#4459,.F.);
#6303=ORIENTED_EDGE('',*,*,#4464,.F.);
#6304=ORIENTED_EDGE('',*,*,#4462,.F.);
#6305=ORIENTED_EDGE('',*,*,#4474,.F.);
#6306=ORIENTED_EDGE('',*,*,#4383,.T.);
#6307=ORIENTED_EDGE('',*,*,#4026,.T.);
#6308=ORIENTED_EDGE('',*,*,#4029,.T.);
#6309=ORIENTED_EDGE('',*,*,#4031,.T.);
#6310=ORIENTED_EDGE('',*,*,#4033,.T.);
#6311=ORIENTED_EDGE('',*,*,#4389,.T.);
#6312=ORIENTED_EDGE('',*,*,#4387,.T.);
#6313=ORIENTED_EDGE('',*,*,#4385,.T.);
#6314=ORIENTED_EDGE('',*,*,#3740,.T.);
#6315=ORIENTED_EDGE('',*,*,#3742,.F.);
#6316=ORIENTED_EDGE('',*,*,#3508,.T.);
#6317=ORIENTED_EDGE('',*,*,#4478,.T.);
#6318=ORIENTED_EDGE('',*,*,#4479,.T.);
#6319=ORIENTED_EDGE('',*,*,#4478,.F.);
#6320=ORIENTED_EDGE('',*,*,#3507,.F.);
#6321=ORIENTED_EDGE('',*,*,#3721,.T.);
#6322=ORIENTED_EDGE('',*,*,#3805,.F.);
#6323=ORIENTED_EDGE('',*,*,#3804,.T.);
#6324=ORIENTED_EDGE('',*,*,#4265,.F.);
#6325=ORIENTED_EDGE('',*,*,#4262,.F.);
#6326=ORIENTED_EDGE('',*,*,#4232,.F.);
#6327=ORIENTED_EDGE('',*,*,#4477,.T.);
#6328=ORIENTED_EDGE('',*,*,#3910,.T.);
#6329=ORIENTED_EDGE('',*,*,#3913,.T.);
#6330=ORIENTED_EDGE('',*,*,#4382,.T.);
#6331=ORIENTED_EDGE('',*,*,#4380,.T.);
#6332=ORIENTED_EDGE('',*,*,#4378,.T.);
#6333=ORIENTED_EDGE('',*,*,#4476,.T.);
#6334=ORIENTED_EDGE('',*,*,#4258,.F.);
#6335=ORIENTED_EDGE('',*,*,#4256,.F.);
#6336=ORIENTED_EDGE('',*,*,#4254,.F.);
#6337=ORIENTED_EDGE('',*,*,#4252,.F.);
#6338=ORIENTED_EDGE('',*,*,#4250,.F.);
#6339=ORIENTED_EDGE('',*,*,#4248,.F.);
#6340=ORIENTED_EDGE('',*,*,#4246,.F.);
#6341=ORIENTED_EDGE('',*,*,#4244,.F.);
#6342=ORIENTED_EDGE('',*,*,#4289,.F.);
#6343=ORIENTED_EDGE('',*,*,#4287,.F.);
#6344=ORIENTED_EDGE('',*,*,#4285,.F.);
#6345=ORIENTED_EDGE('',*,*,#4283,.F.);
#6346=ORIENTED_EDGE('',*,*,#4281,.F.);
#6347=ORIENTED_EDGE('',*,*,#4279,.F.);
#6348=ORIENTED_EDGE('',*,*,#4277,.F.);
#6349=ORIENTED_EDGE('',*,*,#4291,.F.);
#6350=ORIENTED_EDGE('',*,*,#4292,.F.);
#6351=ORIENTED_EDGE('',*,*,#4274,.F.);
#6352=ORIENTED_EDGE('',*,*,#4272,.F.);
#6353=ORIENTED_EDGE('',*,*,#4270,.F.);
#6354=ORIENTED_EDGE('',*,*,#4268,.F.);
#6355=ORIENTED_EDGE('',*,*,#4480,.F.);
#6356=ORIENTED_EDGE('',*,*,#3731,.T.);
#6357=ORIENTED_EDGE('',*,*,#3725,.T.);
#6358=ORIENTED_EDGE('',*,*,#3729,.T.);
#6359=ORIENTED_EDGE('',*,*,#3738,.T.);
#6360=ORIENTED_EDGE('',*,*,#4363,.T.);
#6361=ORIENTED_EDGE('',*,*,#4361,.T.);
#6362=ORIENTED_EDGE('',*,*,#4359,.T.);
#6363=ORIENTED_EDGE('',*,*,#4412,.T.);
#6364=ORIENTED_EDGE('',*,*,#4410,.T.);
#6365=ORIENTED_EDGE('',*,*,#4409,.T.);
#6366=ORIENTED_EDGE('',*,*,#4367,.T.);
#6367=ORIENTED_EDGE('',*,*,#4365,.T.);
#6368=ORIENTED_EDGE('',*,*,#4085,.T.);
#6369=ORIENTED_EDGE('',*,*,#4087,.T.);
#6370=ORIENTED_EDGE('',*,*,#4089,.T.);
#6371=ORIENTED_EDGE('',*,*,#4091,.T.);
#6372=ORIENTED_EDGE('',*,*,#4092,.T.);
#6373=ORIENTED_EDGE('',*,*,#4078,.T.);
#6374=ORIENTED_EDGE('',*,*,#4081,.T.);
#6375=ORIENTED_EDGE('',*,*,#4083,.T.);
#6376=ORIENTED_EDGE('',*,*,#4069,.T.);
#6377=ORIENTED_EDGE('',*,*,#4071,.T.);
#6378=ORIENTED_EDGE('',*,*,#4073,.T.);
#6379=ORIENTED_EDGE('',*,*,#4075,.T.);
#6380=ORIENTED_EDGE('',*,*,#4076,.T.);
#6381=ORIENTED_EDGE('',*,*,#4062,.T.);
#6382=ORIENTED_EDGE('',*,*,#4065,.T.);
#6383=ORIENTED_EDGE('',*,*,#4067,.T.);
#6384=ORIENTED_EDGE('',*,*,#4053,.T.);
#6385=ORIENTED_EDGE('',*,*,#4055,.T.);
#6386=ORIENTED_EDGE('',*,*,#4057,.T.);
#6387=ORIENTED_EDGE('',*,*,#4059,.T.);
#6388=ORIENTED_EDGE('',*,*,#4060,.T.);
#6389=ORIENTED_EDGE('',*,*,#4046,.T.);
#6390=ORIENTED_EDGE('',*,*,#4049,.T.);
#6391=ORIENTED_EDGE('',*,*,#4051,.T.);
#6392=ORIENTED_EDGE('',*,*,#4002,.T.);
#6393=ORIENTED_EDGE('',*,*,#4004,.T.);
#6394=ORIENTED_EDGE('',*,*,#4006,.T.);
#6395=ORIENTED_EDGE('',*,*,#4008,.T.);
#6396=ORIENTED_EDGE('',*,*,#4009,.T.);
#6397=ORIENTED_EDGE('',*,*,#3995,.T.);
#6398=ORIENTED_EDGE('',*,*,#3998,.T.);
#6399=ORIENTED_EDGE('',*,*,#4000,.T.);
#6400=ORIENTED_EDGE('',*,*,#3986,.T.);
#6401=ORIENTED_EDGE('',*,*,#3988,.T.);
#6402=ORIENTED_EDGE('',*,*,#3990,.T.);
#6403=ORIENTED_EDGE('',*,*,#3992,.T.);
#6404=ORIENTED_EDGE('',*,*,#3993,.T.);
#6405=ORIENTED_EDGE('',*,*,#3979,.T.);
#6406=ORIENTED_EDGE('',*,*,#3982,.T.);
#6407=ORIENTED_EDGE('',*,*,#3984,.T.);
#6408=ORIENTED_EDGE('',*,*,#3970,.T.);
#6409=ORIENTED_EDGE('',*,*,#3972,.T.);
#6410=ORIENTED_EDGE('',*,*,#3974,.T.);
#6411=ORIENTED_EDGE('',*,*,#3976,.T.);
#6412=ORIENTED_EDGE('',*,*,#3977,.T.);
#6413=ORIENTED_EDGE('',*,*,#3963,.T.);
#6414=ORIENTED_EDGE('',*,*,#3966,.T.);
#6415=ORIENTED_EDGE('',*,*,#3968,.T.);
#6416=ORIENTED_EDGE('',*,*,#3954,.T.);
#6417=ORIENTED_EDGE('',*,*,#3956,.T.);
#6418=ORIENTED_EDGE('',*,*,#3958,.T.);
#6419=ORIENTED_EDGE('',*,*,#3960,.T.);
#6420=ORIENTED_EDGE('',*,*,#3961,.T.);
#6421=ORIENTED_EDGE('',*,*,#3947,.T.);
#6422=ORIENTED_EDGE('',*,*,#3950,.T.);
#6423=ORIENTED_EDGE('',*,*,#3952,.T.);
#6424=ORIENTED_EDGE('',*,*,#3938,.T.);
#6425=ORIENTED_EDGE('',*,*,#3940,.T.);
#6426=ORIENTED_EDGE('',*,*,#3942,.T.);
#6427=ORIENTED_EDGE('',*,*,#3944,.T.);
#6428=ORIENTED_EDGE('',*,*,#3945,.T.);
#6429=ORIENTED_EDGE('',*,*,#3931,.T.);
#6430=ORIENTED_EDGE('',*,*,#3934,.T.);
#6431=ORIENTED_EDGE('',*,*,#3936,.T.);
#6432=ORIENTED_EDGE('',*,*,#3922,.T.);
#6433=ORIENTED_EDGE('',*,*,#3924,.T.);
#6434=ORIENTED_EDGE('',*,*,#3926,.T.);
#6435=ORIENTED_EDGE('',*,*,#3928,.T.);
#6436=ORIENTED_EDGE('',*,*,#3929,.T.);
#6437=ORIENTED_EDGE('',*,*,#3915,.T.);
#6438=ORIENTED_EDGE('',*,*,#3918,.T.);
#6439=ORIENTED_EDGE('',*,*,#3920,.T.);
#6440=ORIENTED_EDGE('',*,*,#3896,.T.);
#6441=ORIENTED_EDGE('',*,*,#3898,.T.);
#6442=ORIENTED_EDGE('',*,*,#3900,.T.);
#6443=ORIENTED_EDGE('',*,*,#3902,.T.);
#6444=ORIENTED_EDGE('',*,*,#3903,.T.);
#6445=ORIENTED_EDGE('',*,*,#3889,.T.);
#6446=ORIENTED_EDGE('',*,*,#3892,.T.);
#6447=ORIENTED_EDGE('',*,*,#3894,.T.);
#6448=ORIENTED_EDGE('',*,*,#3880,.T.);
#6449=ORIENTED_EDGE('',*,*,#3882,.T.);
#6450=ORIENTED_EDGE('',*,*,#3884,.T.);
#6451=ORIENTED_EDGE('',*,*,#3886,.T.);
#6452=ORIENTED_EDGE('',*,*,#3887,.T.);
#6453=ORIENTED_EDGE('',*,*,#3873,.T.);
#6454=ORIENTED_EDGE('',*,*,#3876,.T.);
#6455=ORIENTED_EDGE('',*,*,#3878,.T.);
#6456=ORIENTED_EDGE('',*,*,#3864,.T.);
#6457=ORIENTED_EDGE('',*,*,#3866,.T.);
#6458=ORIENTED_EDGE('',*,*,#3868,.T.);
#6459=ORIENTED_EDGE('',*,*,#3870,.T.);
#6460=ORIENTED_EDGE('',*,*,#3871,.T.);
#6461=ORIENTED_EDGE('',*,*,#3857,.T.);
#6462=ORIENTED_EDGE('',*,*,#3860,.T.);
#6463=ORIENTED_EDGE('',*,*,#3862,.T.);
#6464=ORIENTED_EDGE('',*,*,#4370,.T.);
#6465=ORIENTED_EDGE('',*,*,#4042,.T.);
#6466=ORIENTED_EDGE('',*,*,#4044,.T.);
#6467=ORIENTED_EDGE('',*,*,#4035,.T.);
#6468=ORIENTED_EDGE('',*,*,#4038,.T.);
#6469=ORIENTED_EDGE('',*,*,#4040,.T.);
#6470=ORIENTED_EDGE('',*,*,#4374,.T.);
#6471=ORIENTED_EDGE('',*,*,#4372,.T.);
#6472=ORIENTED_EDGE('',*,*,#4018,.T.);
#6473=ORIENTED_EDGE('',*,*,#4021,.T.);
#6474=ORIENTED_EDGE('',*,*,#4023,.T.);
#6475=ORIENTED_EDGE('',*,*,#4024,.T.);
#6476=ORIENTED_EDGE('',*,*,#4011,.T.);
#6477=ORIENTED_EDGE('',*,*,#4014,.T.);
#6478=ORIENTED_EDGE('',*,*,#4016,.T.);
#6479=ORIENTED_EDGE('',*,*,#4369,.T.);
#6480=ORIENTED_EDGE('',*,*,#3844,.T.);
#6481=ORIENTED_EDGE('',*,*,#3846,.T.);
#6482=ORIENTED_EDGE('',*,*,#3848,.T.);
#6483=ORIENTED_EDGE('',*,*,#3850,.T.);
#6484=ORIENTED_EDGE('',*,*,#3852,.T.);
#6485=ORIENTED_EDGE('',*,*,#3854,.T.);
#6486=ORIENTED_EDGE('',*,*,#3855,.T.);
#6487=ORIENTED_EDGE('',*,*,#3841,.T.);
#6488=ORIENTED_EDGE('',*,*,#3719,.T.);
#6489=ORIENTED_EDGE('',*,*,#4481,.T.);
#6490=ORIENTED_EDGE('',*,*,#4266,.F.);
#6491=ORIENTED_EDGE('',*,*,#3803,.F.);
#6492=ORIENTED_EDGE('',*,*,#3733,.T.);
#6493=ORIENTED_EDGE('',*,*,#4482,.F.);
#6494=ORIENTED_EDGE('',*,*,#4176,.F.);
#6495=ORIENTED_EDGE('',*,*,#3772,.T.);
#6496=ORIENTED_EDGE('',*,*,#3718,.T.);
#6497=ORIENTED_EDGE('',*,*,#4483,.T.);
#6498=ORIENTED_EDGE('',*,*,#4143,.T.);
#6499=ORIENTED_EDGE('',*,*,#4264,.F.);
#6500=ORIENTED_EDGE('',*,*,#4481,.F.);
#6501=ORIENTED_EDGE('',*,*,#3717,.T.);
#6502=ORIENTED_EDGE('',*,*,#4484,.F.);
#6503=ORIENTED_EDGE('',*,*,#3807,.T.);
#6504=ORIENTED_EDGE('',*,*,#4406,.T.);
#6505=ORIENTED_EDGE('',*,*,#4404,.T.);
#6506=ORIENTED_EDGE('',*,*,#4402,.T.);
#6507=ORIENTED_EDGE('',*,*,#4400,.T.);
#6508=ORIENTED_EDGE('',*,*,#4398,.T.);
#6509=ORIENTED_EDGE('',*,*,#4396,.T.);
#6510=ORIENTED_EDGE('',*,*,#4394,.T.);
#6511=ORIENTED_EDGE('',*,*,#4392,.T.);
#6512=ORIENTED_EDGE('',*,*,#4299,.F.);
#6513=ORIENTED_EDGE('',*,*,#4323,.F.);
#6514=ORIENTED_EDGE('',*,*,#4297,.F.);
#6515=ORIENTED_EDGE('',*,*,#4158,.T.);
#6516=ORIENTED_EDGE('',*,*,#4162,.F.);
#6517=ORIENTED_EDGE('',*,*,#4165,.F.);
#6518=ORIENTED_EDGE('',*,*,#4168,.F.);
#6519=ORIENTED_EDGE('',*,*,#4171,.F.);
#6520=ORIENTED_EDGE('',*,*,#4173,.F.);
#6521=ORIENTED_EDGE('',*,*,#4144,.T.);
#6522=ORIENTED_EDGE('',*,*,#4483,.F.);
#6523=ORIENTED_EDGE('',*,*,#3732,.T.);
#6524=ORIENTED_EDGE('',*,*,#4480,.T.);
#6525=ORIENTED_EDGE('',*,*,#4267,.F.);
#6526=ORIENTED_EDGE('',*,*,#4482,.T.);
#6527=ORIENTED_EDGE('',*,*,#3715,.T.);
#6528=ORIENTED_EDGE('',*,*,#3741,.F.);
#6529=ORIENTED_EDGE('',*,*,#4479,.F.);
#6530=ORIENTED_EDGE('',*,*,#4485,.T.);
#6531=ORIENTED_EDGE('',*,*,#3716,.T.);
#6532=ORIENTED_EDGE('',*,*,#4485,.F.);
#6533=ORIENTED_EDGE('',*,*,#3808,.F.);
#6534=ORIENTED_EDGE('',*,*,#4484,.T.);
#6535=ORIENTED_EDGE('',*,*,#4114,.F.);
#6536=ORIENTED_EDGE('',*,*,#3838,.T.);
#6537=ORIENTED_EDGE('',*,*,#4129,.F.);
#6538=ORIENTED_EDGE('',*,*,#4475,.T.);
#6539=ORIENTED_EDGE('',*,*,#3476,.T.);
#6540=ORIENTED_EDGE('',*,*,#3686,.T.);
#6541=ORIENTED_EDGE('',*,*,#3689,.F.);
#6542=ORIENTED_EDGE('',*,*,#3836,.F.);
#6543=ORIENTED_EDGE('',*,*,#4108,.F.);
#6544=ORIENTED_EDGE('',*,*,#4195,.F.);
#6545=ORIENTED_EDGE('',*,*,#4319,.F.);
#6546=ORIENTED_EDGE('',*,*,#4191,.F.);
#6547=ORIENTED_EDGE('',*,*,#4391,.F.);
#6548=ORIENTED_EDGE('',*,*,#4407,.T.);
#6549=ORIENTED_EDGE('',*,*,#4355,.T.);
#6550=ORIENTED_EDGE('',*,*,#3813,.F.);
#6551=ORIENTED_EDGE('',*,*,#3817,.T.);
#6552=ORIENTED_EDGE('',*,*,#4354,.T.);
#6553=ORIENTED_EDGE('',*,*,#3467,.T.);
#6554=ORIENTED_EDGE('',*,*,#3471,.T.);
#6555=ORIENTED_EDGE('',*,*,#4470,.T.);
#6556=ORIENTED_EDGE('',*,*,#4472,.T.);
#6557=ORIENTED_EDGE('',*,*,#4473,.T.);
#6558=ORIENTED_EDGE('',*,*,#4466,.T.);
#6559=ORIENTED_EDGE('',*,*,#4468,.T.);
#6560=ORIENTED_EDGE('',*,*,#3694,.T.);
#6561=ORIENTED_EDGE('',*,*,#3692,.T.);
#6562=ORIENTED_EDGE('',*,*,#3699,.T.);
#6563=ORIENTED_EDGE('',*,*,#3710,.T.);
#6564=CYLINDRICAL_SURFACE('',#7104,0.8115);
#6565=CYLINDRICAL_SURFACE('',#7108,0.8115);
#6566=CYLINDRICAL_SURFACE('',#7112,0.8115);
#6567=CYLINDRICAL_SURFACE('',#7116,0.8115);
#6568=CYLINDRICAL_SURFACE('',#7120,2.05);
#6569=CYLINDRICAL_SURFACE('',#7124,2.05);
#6570=CYLINDRICAL_SURFACE('',#7128,2.15);
#6571=CYLINDRICAL_SURFACE('',#7132,1.95000000000001);
#6572=CYLINDRICAL_SURFACE('',#7238,2.15000000000001);
#6573=CYLINDRICAL_SURFACE('',#7247,1.99999999999998);
#6574=CYLINDRICAL_SURFACE('',#7252,1.99999999999998);
#6575=CYLINDRICAL_SURFACE('',#7259,233.2);
#6576=CYLINDRICAL_SURFACE('',#7260,234.2);
#6577=CYLINDRICAL_SURFACE('',#7292,119.57670936989);
#6578=CYLINDRICAL_SURFACE('',#7295,0.8115);
#6579=CYLINDRICAL_SURFACE('',#7302,0.8115);
#6580=CYLINDRICAL_SURFACE('',#7306,1.95000000000001);
#6581=CYLINDRICAL_SURFACE('',#7310,2.3999771577706);
#6582=CYLINDRICAL_SURFACE('',#7312,2.40005486468514);
#6583=CYLINDRICAL_SURFACE('',#7315,2.40000442636833);
#6584=CYLINDRICAL_SURFACE('',#7317,2.40002240575253);
#6585=CYLINDRICAL_SURFACE('',#7321,1.43665563634989);
#6586=CYLINDRICAL_SURFACE('',#7324,1.43665563634899);
#6587=CYLINDRICAL_SURFACE('',#7327,1.43665563634991);
#6588=CYLINDRICAL_SURFACE('',#7330,1.43665563634932);
#6589=CYLINDRICAL_SURFACE('',#7333,1.43665563634903);
#6590=CYLINDRICAL_SURFACE('',#7336,1.43665563634989);
#6591=CYLINDRICAL_SURFACE('',#7339,1.4366556363493);
#6592=CYLINDRICAL_SURFACE('',#7342,1.43665563634988);
#6593=CYLINDRICAL_SURFACE('',#7345,1.43665563634997);
#6594=CYLINDRICAL_SURFACE('',#7348,1.43665563634899);
#6595=CYLINDRICAL_SURFACE('',#7351,1.43665563634995);
#6596=CYLINDRICAL_SURFACE('',#7354,1.43665563634931);
#6597=CYLINDRICAL_SURFACE('',#7357,1.43665563634988);
#6598=CYLINDRICAL_SURFACE('',#7360,1.43665563634901);
#6599=CYLINDRICAL_SURFACE('',#7363,1.43665563634991);
#6600=CYLINDRICAL_SURFACE('',#7366,1.43665563634932);
#6601=CYLINDRICAL_SURFACE('',#7370,1.43665563634901);
#6602=CYLINDRICAL_SURFACE('',#7373,1.43665563634994);
#6603=CYLINDRICAL_SURFACE('',#7375,1.43665563634988);
#6604=CYLINDRICAL_SURFACE('',#7378,1.43665563634901);
#6605=CYLINDRICAL_SURFACE('',#7381,1.43665563634991);
#6606=CYLINDRICAL_SURFACE('',#7384,1.4366556363493);
#6607=CYLINDRICAL_SURFACE('',#7387,1.43665563634986);
#6608=CYLINDRICAL_SURFACE('',#7390,1.43665563634903);
#6609=CYLINDRICAL_SURFACE('',#7393,1.43665563634991);
#6610=CYLINDRICAL_SURFACE('',#7396,1.43665563634933);
#6611=CYLINDRICAL_SURFACE('',#7399,1.43665563634904);
#6612=CYLINDRICAL_SURFACE('',#7402,1.43665563634993);
#6613=CYLINDRICAL_SURFACE('',#7405,1.43665563634931);
#6614=CYLINDRICAL_SURFACE('',#7408,1.43665563634988);
#6615=CYLINDRICAL_SURFACE('',#7411,1.43665563635034);
#6616=CYLINDRICAL_SURFACE('',#7414,1.43665563634856);
#6617=CYLINDRICAL_SURFACE('',#7417,1.43665563635021);
#6618=CYLINDRICAL_SURFACE('',#7420,1.43665563634901);
#6619=CYLINDRICAL_SURFACE('',#7423,1.43665563634902);
#6620=CYLINDRICAL_SURFACE('',#7426,1.43665563634989);
#6621=CYLINDRICAL_SURFACE('',#7429,1.4366556363493);
#6622=CYLINDRICAL_SURFACE('',#7432,1.43665563634984);
#6623=CYLINDRICAL_SURFACE('',#7435,1.43665563634898);
#6624=CYLINDRICAL_SURFACE('',#7438,1.43665563634996);
#6625=CYLINDRICAL_SURFACE('',#7441,1.4366556363493);
#6626=CYLINDRICAL_SURFACE('',#7444,1.43665563634995);
#6627=CYLINDRICAL_SURFACE('',#7447,1.43665563634986);
#6628=CYLINDRICAL_SURFACE('',#7450,1.43665563634901);
#6629=CYLINDRICAL_SURFACE('',#7452,1.43665563634991);
#6630=CYLINDRICAL_SURFACE('',#7455,1.43665563634933);
#6631=CYLINDRICAL_SURFACE('',#7458,1.43665563634993);
#6632=CYLINDRICAL_SURFACE('',#7461,1.43665563634933);
#6633=CYLINDRICAL_SURFACE('',#7464,1.43665563634986);
#6634=CYLINDRICAL_SURFACE('',#7467,1.43665563634903);
#6635=CYLINDRICAL_SURFACE('',#7469,1.43665563634929);
#6636=CYLINDRICAL_SURFACE('',#7472,1.43665563634897);
#6637=CYLINDRICAL_SURFACE('',#7475,1.43665563634994);
#6638=CYLINDRICAL_SURFACE('',#7478,1.43665563634931);
#6639=CYLINDRICAL_SURFACE('',#7481,1.43665563634995);
#6640=CYLINDRICAL_SURFACE('',#7484,1.43665563634984);
#6641=CYLINDRICAL_SURFACE('',#7487,1.43665563634903);
#6642=CYLINDRICAL_SURFACE('',#7490,1.43665563634991);
#6643=CYLINDRICAL_SURFACE('',#7493,1.4366556363493);
#6644=CYLINDRICAL_SURFACE('',#7496,1.43665563635033);
#6645=CYLINDRICAL_SURFACE('',#7499,1.43665563634858);
#6646=CYLINDRICAL_SURFACE('',#7502,1.43665563635022);
#6647=CYLINDRICAL_SURFACE('',#7505,1.43665563634898);
#6648=CYLINDRICAL_SURFACE('',#7509,1.53499999999999);
#6649=CYLINDRICAL_SURFACE('',#7520,1.95);
#6650=CYLINDRICAL_SURFACE('',#7521,1.95);
#6651=CYLINDRICAL_SURFACE('',#7527,2.39994900559742);
#6652=CYLINDRICAL_SURFACE('',#7529,1.59934536782406);
#6653=CYLINDRICAL_SURFACE('',#7531,2.40594381079582);
#6654=CYLINDRICAL_SURFACE('',#7533,1.600112197071);
#6655=CYLINDRICAL_SURFACE('',#7535,2.40016529247543);
#6656=CYLINDRICAL_SURFACE('',#7537,1.599907588047);
#6657=CYLINDRICAL_SURFACE('',#7540,1.2);
#6658=CYLINDRICAL_SURFACE('',#7543,1.53500000000001);
#6659=CYLINDRICAL_SURFACE('',#7546,54.5999999999997);
#6660=CYLINDRICAL_SURFACE('',#7551,0.400112197070994);
#6661=CYLINDRICAL_SURFACE('',#7554,3.60016529175154);
#6662=CYLINDRICAL_SURFACE('',#7555,1.09999999999994);
#6663=CYLINDRICAL_SURFACE('',#7559,3.60007424876083);
#6664=CYLINDRICAL_SURFACE('',#7563,3.60000901479337);
#6665=CYLINDRICAL_SURFACE('',#7568,3.5999489980277);
#6666=CYLINDRICAL_SURFACE('',#7570,0.799345367824066);
#6667=CYLINDRICAL_SURFACE('',#7573,3.60594381079585);
#6668=CYLINDRICAL_SURFACE('',#7576,0.999999999999996);
#6669=CYLINDRICAL_SURFACE('',#7579,0.999999999999996);
#6670=CYLINDRICAL_SURFACE('',#7581,1.53499999999998);
#6671=CYLINDRICAL_SURFACE('',#7584,1.53499999999999);
#6672=CYLINDRICAL_SURFACE('',#7586,0.5);
#6673=CYLINDRICAL_SURFACE('',#7588,3.60000442636831);
#6674=CYLINDRICAL_SURFACE('',#7591,0.5);
#6675=CYLINDRICAL_SURFACE('',#7593,3.60005486468514);
#6676=CYLINDRICAL_SURFACE('',#7596,3.59997715776275);
#6677=CYLINDRICAL_SURFACE('',#7597,1.);
#6678=CYLINDRICAL_SURFACE('',#7600,0.399907588046984);
#6679=CYLINDRICAL_SURFACE('',#7608,1.);
#6680=CYLINDRICAL_SURFACE('',#7613,1.);
#6681=CYLINDRICAL_SURFACE('',#7618,1.);
#6682=CYLINDRICAL_SURFACE('',#7621,1.);
#6683=CYLINDRICAL_SURFACE('',#7627,1.);
#6684=CYLINDRICAL_SURFACE('',#7633,1.);
#6685=CYLINDRICAL_SURFACE('',#7641,1.);
#6686=CYLINDRICAL_SURFACE('',#7646,1.);
#6687=CYLINDRICAL_SURFACE('',#7650,1.);
#6688=CYLINDRICAL_SURFACE('',#7654,1.);
#6689=CYLINDRICAL_SURFACE('',#7658,1.);
#6690=CYLINDRICAL_SURFACE('',#7662,1.);
#6691=CYLINDRICAL_SURFACE('',#7664,1.);
#6692=CYLINDRICAL_SURFACE('',#7668,1.19999999999999);
#6693=CYLINDRICAL_SURFACE('',#7681,1.);
#6694=CYLINDRICAL_SURFACE('',#7698,1.43665563634991);
#6695=CYLINDRICAL_SURFACE('',#7701,1.43665563634903);
#6696=CYLINDRICAL_SURFACE('',#7704,1.43665563634986);
#6697=CYLINDRICAL_SURFACE('',#7708,1.43665563634991);
#6698=CYLINDRICAL_SURFACE('',#7712,1.43665563634982);
#6699=CYLINDRICAL_SURFACE('',#7715,1.43665563634924);
#6700=CYLINDRICAL_SURFACE('',#7719,1.43665563634905);
#6701=CYLINDRICAL_SURFACE('',#7722,1.43665563634994);
#6702=CYLINDRICAL_SURFACE('',#7725,2.30000000000001);
#6703=CYLINDRICAL_SURFACE('',#7728,2.40007424892679);
#6704=CYLINDRICAL_SURFACE('',#7731,2.40000901479462);
#6705=CYLINDRICAL_SURFACE('',#7734,55.8);
#6706=CYLINDRICAL_SURFACE('',#7738,1.43665563634931);
#6707=CYLINDRICAL_SURFACE('',#7746,3.60002240573778);
#6708=CYLINDRICAL_SURFACE('',#7755,3.2);
#6709=CYLINDRICAL_SURFACE('',#7758,3.2);
#6710=CYLINDRICAL_SURFACE('',#7762,3.2);
#6711=CYLINDRICAL_SURFACE('',#7766,0.78);
#6712=CYLINDRICAL_SURFACE('',#7770,0.78);
#6713=CYLINDRICAL_SURFACE('',#7773,1.);
#6714=CYLINDRICAL_SURFACE('',#7784,0.6);
#6715=CYLINDRICAL_SURFACE('',#7786,2.33303027798235);
#6716=CYLINDRICAL_SURFACE('',#7788,2.33303027798232);
#6717=CYLINDRICAL_SURFACE('',#7791,2.33303027798238);
#6718=CYLINDRICAL_SURFACE('',#7793,0.6);
#6719=CYLINDRICAL_SURFACE('',#7796,119.57670936989);
#6720=CYLINDRICAL_SURFACE('',#7801,235.4);
#6721=CYLINDRICAL_SURFACE('',#7803,118.37670936989);
#6722=ADVANCED_FACE('',(#423),#6564,.F.);
#6723=ADVANCED_FACE('',(#424),#249,.F.);
#6724=ADVANCED_FACE('',(#425),#6565,.F.);
#6725=ADVANCED_FACE('',(#426),#250,.F.);
#6726=ADVANCED_FACE('',(#427),#6566,.F.);
#6727=ADVANCED_FACE('',(#428),#251,.F.);
#6728=ADVANCED_FACE('',(#429),#6567,.F.);
#6729=ADVANCED_FACE('',(#430),#252,.F.);
#6730=ADVANCED_FACE('',(#431),#6568,.T.);
#6731=ADVANCED_FACE('',(#432,#201),#253,.F.);
#6732=ADVANCED_FACE('',(#433),#6569,.T.);
#6733=ADVANCED_FACE('',(#434,#202),#254,.F.);
#6734=ADVANCED_FACE('',(#435),#6570,.T.);
#6735=ADVANCED_FACE('',(#436),#255,.T.);
#6736=ADVANCED_FACE('',(#437),#6571,.T.);
#6737=ADVANCED_FACE('',(#438),#256,.T.);
#6738=ADVANCED_FACE('',(#439),#257,.F.);
#6739=ADVANCED_FACE('',(#440,#203,#204,#205,#206,#207,#208,#209,#210,#211,
#212,#213,#214,#215,#216,#217,#218,#219,#220,#221,#222,#223,#224),#258,
 .T.);
#6740=ADVANCED_FACE('',(#441),#259,.T.);
#6741=ADVANCED_FACE('',(#442),#260,.F.);
#6742=ADVANCED_FACE('',(#443),#261,.T.);
#6743=ADVANCED_FACE('',(#444),#262,.F.);
#6744=ADVANCED_FACE('',(#445),#6572,.T.);
#6745=ADVANCED_FACE('',(#446,#225),#263,.F.);
#6746=ADVANCED_FACE('',(#447),#264,.T.);
#6747=ADVANCED_FACE('',(#448),#265,.F.);
#6748=ADVANCED_FACE('',(#449),#6573,.F.);
#6749=ADVANCED_FACE('',(#450),#266,.F.);
#6750=ADVANCED_FACE('',(#451),#267,.F.);
#6751=ADVANCED_FACE('',(#452),#6574,.F.);
#6752=ADVANCED_FACE('',(#453),#37,.F.);
#6753=ADVANCED_FACE('',(#454),#268,.T.);
#6754=ADVANCED_FACE('',(#455),#269,.F.);
#6755=ADVANCED_FACE('',(#456),#270,.F.);
#6756=ADVANCED_FACE('',(#457),#6575,.F.);
#6757=ADVANCED_FACE('',(#458),#6576,.F.);
#6758=ADVANCED_FACE('',(#459),#271,.T.);
#6759=ADVANCED_FACE('',(#460),#272,.F.);
#6760=ADVANCED_FACE('',(#461),#273,.F.);
#6761=ADVANCED_FACE('',(#462),#274,.F.);
#6762=ADVANCED_FACE('',(#463),#275,.F.);
#6763=ADVANCED_FACE('',(#464),#6577,.T.);
#6764=ADVANCED_FACE('',(#465),#6578,.F.);
#6765=ADVANCED_FACE('',(#466),#276,.F.);
#6766=ADVANCED_FACE('',(#467,#226),#277,.F.);
#6767=ADVANCED_FACE('',(#468),#278,.T.);
#6768=ADVANCED_FACE('',(#469),#279,.T.);
#6769=ADVANCED_FACE('',(#470),#6579,.F.);
#6770=ADVANCED_FACE('',(#471),#280,.F.);
#6771=ADVANCED_FACE('',(#472),#6580,.T.);
#6772=ADVANCED_FACE('',(#473,#227),#281,.T.);
#6773=ADVANCED_FACE('',(#474),#282,.T.);
#6774=ADVANCED_FACE('',(#475),#6581,.F.);
#6775=ADVANCED_FACE('',(#476),#283,.F.);
#6776=ADVANCED_FACE('',(#477),#6582,.F.);
#6777=ADVANCED_FACE('',(#478),#284,.F.);
#6778=ADVANCED_FACE('',(#479),#285,.F.);
#6779=ADVANCED_FACE('',(#480),#6583,.F.);
#6780=ADVANCED_FACE('',(#481),#286,.F.);
#6781=ADVANCED_FACE('',(#482),#6584,.F.);
#6782=ADVANCED_FACE('',(#483),#287,.F.);
#6783=ADVANCED_FACE('',(#484),#6585,.F.);
#6784=ADVANCED_FACE('',(#485),#288,.F.);
#6785=ADVANCED_FACE('',(#486),#6586,.F.);
#6786=ADVANCED_FACE('',(#487),#289,.F.);
#6787=ADVANCED_FACE('',(#488),#6587,.F.);
#6788=ADVANCED_FACE('',(#489),#290,.F.);
#6789=ADVANCED_FACE('',(#490),#6588,.F.);
#6790=ADVANCED_FACE('',(#491),#291,.F.);
#6791=ADVANCED_FACE('',(#492),#6589,.F.);
#6792=ADVANCED_FACE('',(#493),#292,.F.);
#6793=ADVANCED_FACE('',(#494),#6590,.F.);
#6794=ADVANCED_FACE('',(#495),#293,.F.);
#6795=ADVANCED_FACE('',(#496),#6591,.F.);
#6796=ADVANCED_FACE('',(#497),#294,.F.);
#6797=ADVANCED_FACE('',(#498),#6592,.F.);
#6798=ADVANCED_FACE('',(#499),#295,.F.);
#6799=ADVANCED_FACE('',(#500),#6593,.F.);
#6800=ADVANCED_FACE('',(#501),#296,.F.);
#6801=ADVANCED_FACE('',(#502),#6594,.F.);
#6802=ADVANCED_FACE('',(#503),#297,.F.);
#6803=ADVANCED_FACE('',(#504),#6595,.F.);
#6804=ADVANCED_FACE('',(#505),#298,.F.);
#6805=ADVANCED_FACE('',(#506),#6596,.F.);
#6806=ADVANCED_FACE('',(#507),#299,.F.);
#6807=ADVANCED_FACE('',(#508),#6597,.F.);
#6808=ADVANCED_FACE('',(#509),#300,.F.);
#6809=ADVANCED_FACE('',(#510),#6598,.F.);
#6810=ADVANCED_FACE('',(#511),#301,.F.);
#6811=ADVANCED_FACE('',(#512),#6599,.F.);
#6812=ADVANCED_FACE('',(#513),#302,.F.);
#6813=ADVANCED_FACE('',(#514),#6600,.F.);
#6814=ADVANCED_FACE('',(#515),#303,.F.);
#6815=ADVANCED_FACE('',(#516),#304,.F.);
#6816=ADVANCED_FACE('',(#517),#6601,.F.);
#6817=ADVANCED_FACE('',(#518),#305,.F.);
#6818=ADVANCED_FACE('',(#519),#6602,.F.);
#6819=ADVANCED_FACE('',(#520),#6603,.F.);
#6820=ADVANCED_FACE('',(#521),#306,.F.);
#6821=ADVANCED_FACE('',(#522),#6604,.F.);
#6822=ADVANCED_FACE('',(#523),#307,.F.);
#6823=ADVANCED_FACE('',(#524),#6605,.F.);
#6824=ADVANCED_FACE('',(#525),#308,.F.);
#6825=ADVANCED_FACE('',(#526),#6606,.F.);
#6826=ADVANCED_FACE('',(#527),#309,.F.);
#6827=ADVANCED_FACE('',(#528),#6607,.F.);
#6828=ADVANCED_FACE('',(#529),#310,.F.);
#6829=ADVANCED_FACE('',(#530),#6608,.F.);
#6830=ADVANCED_FACE('',(#531),#311,.F.);
#6831=ADVANCED_FACE('',(#532),#6609,.F.);
#6832=ADVANCED_FACE('',(#533),#312,.F.);
#6833=ADVANCED_FACE('',(#534),#6610,.F.);
#6834=ADVANCED_FACE('',(#535),#313,.F.);
#6835=ADVANCED_FACE('',(#536),#6611,.F.);
#6836=ADVANCED_FACE('',(#537),#314,.F.);
#6837=ADVANCED_FACE('',(#538),#6612,.F.);
#6838=ADVANCED_FACE('',(#539),#315,.F.);
#6839=ADVANCED_FACE('',(#540),#6613,.F.);
#6840=ADVANCED_FACE('',(#541),#316,.F.);
#6841=ADVANCED_FACE('',(#542),#6614,.F.);
#6842=ADVANCED_FACE('',(#543),#317,.F.);
#6843=ADVANCED_FACE('',(#544),#6615,.F.);
#6844=ADVANCED_FACE('',(#545),#318,.F.);
#6845=ADVANCED_FACE('',(#546),#6616,.F.);
#6846=ADVANCED_FACE('',(#547),#319,.F.);
#6847=ADVANCED_FACE('',(#548),#6617,.F.);
#6848=ADVANCED_FACE('',(#549),#320,.F.);
#6849=ADVANCED_FACE('',(#550),#6618,.F.);
#6850=ADVANCED_FACE('',(#551),#321,.F.);
#6851=ADVANCED_FACE('',(#552),#6619,.F.);
#6852=ADVANCED_FACE('',(#553),#322,.F.);
#6853=ADVANCED_FACE('',(#554),#6620,.F.);
#6854=ADVANCED_FACE('',(#555),#323,.F.);
#6855=ADVANCED_FACE('',(#556),#6621,.F.);
#6856=ADVANCED_FACE('',(#557),#324,.F.);
#6857=ADVANCED_FACE('',(#558),#6622,.F.);
#6858=ADVANCED_FACE('',(#559),#325,.F.);
#6859=ADVANCED_FACE('',(#560),#6623,.F.);
#6860=ADVANCED_FACE('',(#561),#326,.F.);
#6861=ADVANCED_FACE('',(#562),#6624,.F.);
#6862=ADVANCED_FACE('',(#563),#327,.F.);
#6863=ADVANCED_FACE('',(#564),#6625,.F.);
#6864=ADVANCED_FACE('',(#565),#328,.F.);
#6865=ADVANCED_FACE('',(#566),#6626,.F.);
#6866=ADVANCED_FACE('',(#567),#329,.F.);
#6867=ADVANCED_FACE('',(#568),#6627,.F.);
#6868=ADVANCED_FACE('',(#569),#330,.F.);
#6869=ADVANCED_FACE('',(#570),#6628,.F.);
#6870=ADVANCED_FACE('',(#571),#6629,.F.);
#6871=ADVANCED_FACE('',(#572),#331,.F.);
#6872=ADVANCED_FACE('',(#573),#6630,.F.);
#6873=ADVANCED_FACE('',(#574),#332,.F.);
#6874=ADVANCED_FACE('',(#575),#6631,.F.);
#6875=ADVANCED_FACE('',(#576),#333,.F.);
#6876=ADVANCED_FACE('',(#577),#6632,.F.);
#6877=ADVANCED_FACE('',(#578),#334,.F.);
#6878=ADVANCED_FACE('',(#579),#6633,.F.);
#6879=ADVANCED_FACE('',(#580),#335,.F.);
#6880=ADVANCED_FACE('',(#581),#6634,.F.);
#6881=ADVANCED_FACE('',(#582),#6635,.F.);
#6882=ADVANCED_FACE('',(#583),#336,.F.);
#6883=ADVANCED_FACE('',(#584),#6636,.F.);
#6884=ADVANCED_FACE('',(#585),#337,.F.);
#6885=ADVANCED_FACE('',(#586),#6637,.F.);
#6886=ADVANCED_FACE('',(#587),#338,.F.);
#6887=ADVANCED_FACE('',(#588),#6638,.F.);
#6888=ADVANCED_FACE('',(#589),#339,.F.);
#6889=ADVANCED_FACE('',(#590),#6639,.F.);
#6890=ADVANCED_FACE('',(#591),#340,.F.);
#6891=ADVANCED_FACE('',(#592),#6640,.F.);
#6892=ADVANCED_FACE('',(#593),#341,.F.);
#6893=ADVANCED_FACE('',(#594),#6641,.F.);
#6894=ADVANCED_FACE('',(#595),#342,.F.);
#6895=ADVANCED_FACE('',(#596),#6642,.F.);
#6896=ADVANCED_FACE('',(#597),#343,.F.);
#6897=ADVANCED_FACE('',(#598),#6643,.F.);
#6898=ADVANCED_FACE('',(#599),#344,.F.);
#6899=ADVANCED_FACE('',(#600),#6644,.F.);
#6900=ADVANCED_FACE('',(#601),#345,.F.);
#6901=ADVANCED_FACE('',(#602),#6645,.F.);
#6902=ADVANCED_FACE('',(#603),#346,.F.);
#6903=ADVANCED_FACE('',(#604),#6646,.F.);
#6904=ADVANCED_FACE('',(#605),#347,.F.);
#6905=ADVANCED_FACE('',(#606),#6647,.F.);
#6906=ADVANCED_FACE('',(#607),#348,.F.);
#6907=ADVANCED_FACE('',(#608),#349,.F.);
#6908=ADVANCED_FACE('',(#609),#6648,.F.);
#6909=ADVANCED_FACE('',(#610),#350,.F.);
#6910=ADVANCED_FACE('',(#611,#228),#351,.F.);
#6911=ADVANCED_FACE('',(#612),#6649,.T.);
#6912=ADVANCED_FACE('',(#613),#6650,.T.);
#6913=ADVANCED_FACE('',(#614,#229),#352,.F.);
#6914=ADVANCED_FACE('',(#615),#353,.F.);
#6915=ADVANCED_FACE('',(#616),#6651,.F.);
#6916=ADVANCED_FACE('',(#617),#354,.F.);
#6917=ADVANCED_FACE('',(#618),#6652,.T.);
#6918=ADVANCED_FACE('',(#619),#355,.F.);
#6919=ADVANCED_FACE('',(#620),#6653,.F.);
#6920=ADVANCED_FACE('',(#621),#356,.F.);
#6921=ADVANCED_FACE('',(#622),#6654,.T.);
#6922=ADVANCED_FACE('',(#623),#357,.F.);
#6923=ADVANCED_FACE('',(#624),#6655,.F.);
#6924=ADVANCED_FACE('',(#625),#358,.F.);
#6925=ADVANCED_FACE('',(#626),#6656,.T.);
#6926=ADVANCED_FACE('',(#627),#359,.F.);
#6927=ADVANCED_FACE('',(#628),#360,.T.);
#6928=ADVANCED_FACE('',(#629),#6657,.F.);
#6929=ADVANCED_FACE('',(#630),#361,.T.);
#6930=ADVANCED_FACE('',(#631),#6658,.F.);
#6931=ADVANCED_FACE('',(#632),#362,.F.);
#6932=ADVANCED_FACE('',(#633),#6659,.F.);
#6933=ADVANCED_FACE('',(#634),#363,.T.);
#6934=ADVANCED_FACE('',(#635),#6660,.F.);
#6935=ADVANCED_FACE('',(#636),#364,.T.);
#6936=ADVANCED_FACE('',(#637),#6661,.T.);
#6937=ADVANCED_FACE('',(#638),#6662,.F.);
#6938=ADVANCED_FACE('',(#639),#365,.T.);
#6939=ADVANCED_FACE('',(#640),#6663,.T.);
#6940=ADVANCED_FACE('',(#641),#366,.T.);
#6941=ADVANCED_FACE('',(#642),#6664,.T.);
#6942=ADVANCED_FACE('',(#643),#367,.T.);
#6943=ADVANCED_FACE('',(#644),#368,.T.);
#6944=ADVANCED_FACE('',(#645),#6665,.T.);
#6945=ADVANCED_FACE('',(#646),#369,.T.);
#6946=ADVANCED_FACE('',(#647),#6666,.F.);
#6947=ADVANCED_FACE('',(#648),#370,.T.);
#6948=ADVANCED_FACE('',(#649),#6667,.T.);
#6949=ADVANCED_FACE('',(#650),#371,.F.);
#6950=ADVANCED_FACE('',(#651),#6668,.F.);
#6951=ADVANCED_FACE('',(#652),#6669,.F.);
#6952=ADVANCED_FACE('',(#653),#6670,.F.);
#6953=ADVANCED_FACE('',(#654),#372,.F.);
#6954=ADVANCED_FACE('',(#655),#6671,.F.);
#6955=ADVANCED_FACE('',(#656),#6672,.F.);
#6956=ADVANCED_FACE('',(#657),#6673,.T.);
#6957=ADVANCED_FACE('',(#658),#373,.T.);
#6958=ADVANCED_FACE('',(#659),#6674,.F.);
#6959=ADVANCED_FACE('',(#660),#6675,.T.);
#6960=ADVANCED_FACE('',(#661),#374,.T.);
#6961=ADVANCED_FACE('',(#662),#6676,.T.);
#6962=ADVANCED_FACE('',(#663),#6677,.T.);
#6963=ADVANCED_FACE('',(#664),#375,.T.);
#6964=ADVANCED_FACE('',(#665),#6678,.F.);
#6965=ADVANCED_FACE('',(#666),#376,.T.);
#6966=ADVANCED_FACE('',(#667),#32,.T.);
#6967=ADVANCED_FACE('',(#668),#24,.T.);
#6968=ADVANCED_FACE('',(#669),#6679,.T.);
#6969=ADVANCED_FACE('',(#670),#25,.T.);
#6970=ADVANCED_FACE('',(#671),#6680,.T.);
#6971=ADVANCED_FACE('',(#672),#26,.T.);
#6972=ADVANCED_FACE('',(#673),#6681,.T.);
#6973=ADVANCED_FACE('',(#674),#38,.F.);
#6974=ADVANCED_FACE('',(#675),#6682,.T.);
#6975=ADVANCED_FACE('',(#676),#39,.F.);
#6976=ADVANCED_FACE('',(#677),#40,.F.);
#6977=ADVANCED_FACE('',(#678),#6683,.T.);
#6978=ADVANCED_FACE('',(#679),#41,.F.);
#6979=ADVANCED_FACE('',(#680),#42,.F.);
#6980=ADVANCED_FACE('',(#681),#6684,.T.);
#6981=ADVANCED_FACE('',(#682),#27,.T.);
#6982=ADVANCED_FACE('',(#683),#43,.F.);
#6983=ADVANCED_FACE('',(#684),#44,.F.);
#6984=ADVANCED_FACE('',(#685),#6685,.T.);
#6985=ADVANCED_FACE('',(#686),#45,.F.);
#6986=ADVANCED_FACE('',(#687),#6686,.T.);
#6987=ADVANCED_FACE('',(#688),#46,.F.);
#6988=ADVANCED_FACE('',(#689),#6687,.T.);
#6989=ADVANCED_FACE('',(#690),#47,.F.);
#6990=ADVANCED_FACE('',(#691),#6688,.T.);
#6991=ADVANCED_FACE('',(#692),#48,.F.);
#6992=ADVANCED_FACE('',(#693),#6689,.T.);
#6993=ADVANCED_FACE('',(#694),#49,.F.);
#6994=ADVANCED_FACE('',(#695),#6690,.T.);
#6995=ADVANCED_FACE('',(#696),#50,.F.);
#6996=ADVANCED_FACE('',(#697),#6691,.T.);
#6997=ADVANCED_FACE('',(#698),#377,.T.);
#6998=ADVANCED_FACE('',(#699),#6692,.F.);
#6999=ADVANCED_FACE('',(#700),#378,.F.);
#7000=ADVANCED_FACE('',(#701),#51,.T.);
#7001=ADVANCED_FACE('',(#702),#16,.F.);
#7002=ADVANCED_FACE('',(#703),#379,.T.);
#7003=ADVANCED_FACE('',(#704),#17,.F.);
#7004=ADVANCED_FACE('',(#705),#52,.T.);
#7005=ADVANCED_FACE('',(#706),#53,.T.);
#7006=ADVANCED_FACE('',(#707),#380,.T.);
#7007=ADVANCED_FACE('',(#708),#54,.T.);
#7008=ADVANCED_FACE('',(#709),#18,.F.);
#7009=ADVANCED_FACE('',(#710),#381,.T.);
#7010=ADVANCED_FACE('',(#711),#19,.F.);
#7011=ADVANCED_FACE('',(#712),#6693,.T.);
#7012=ADVANCED_FACE('',(#713),#382,.T.);
#7013=ADVANCED_FACE('',(#714),#55,.T.);
#7014=ADVANCED_FACE('',(#715),#20,.F.);
#7015=ADVANCED_FACE('',(#716),#383,.T.);
#7016=ADVANCED_FACE('',(#717),#21,.F.);
#7017=ADVANCED_FACE('',(#718),#56,.T.);
#7018=ADVANCED_FACE('',(#719),#57,.T.);
#7019=ADVANCED_FACE('',(#720),#384,.T.);
#7020=ADVANCED_FACE('',(#721),#58,.T.);
#7021=ADVANCED_FACE('',(#722),#22,.F.);
#7022=ADVANCED_FACE('',(#723),#385,.T.);
#7023=ADVANCED_FACE('',(#724),#23,.F.);
#7024=ADVANCED_FACE('',(#725),#386,.T.);
#7025=ADVANCED_FACE('',(#726),#387,.F.);
#7026=ADVANCED_FACE('',(#727),#388,.T.);
#7027=ADVANCED_FACE('',(#728),#389,.T.);
#7028=ADVANCED_FACE('',(#729),#6694,.F.);
#7029=ADVANCED_FACE('',(#730),#390,.F.);
#7030=ADVANCED_FACE('',(#731),#6695,.F.);
#7031=ADVANCED_FACE('',(#732),#391,.F.);
#7032=ADVANCED_FACE('',(#733),#6696,.F.);
#7033=ADVANCED_FACE('',(#734),#392,.F.);
#7034=ADVANCED_FACE('',(#735),#393,.F.);
#7035=ADVANCED_FACE('',(#736),#6697,.F.);
#7036=ADVANCED_FACE('',(#737),#394,.F.);
#7037=ADVANCED_FACE('',(#738),#395,.F.);
#7038=ADVANCED_FACE('',(#739),#6698,.F.);
#7039=ADVANCED_FACE('',(#740),#396,.F.);
#7040=ADVANCED_FACE('',(#741),#6699,.F.);
#7041=ADVANCED_FACE('',(#742),#397,.F.);
#7042=ADVANCED_FACE('',(#743),#398,.F.);
#7043=ADVANCED_FACE('',(#744),#6700,.F.);
#7044=ADVANCED_FACE('',(#745),#399,.F.);
#7045=ADVANCED_FACE('',(#746),#6701,.F.);
#7046=ADVANCED_FACE('',(#747),#400,.F.);
#7047=ADVANCED_FACE('',(#748),#6702,.T.);
#7048=ADVANCED_FACE('',(#749),#401,.F.);
#7049=ADVANCED_FACE('',(#750),#6703,.F.);
#7050=ADVANCED_FACE('',(#751),#402,.F.);
#7051=ADVANCED_FACE('',(#752),#6704,.F.);
#7052=ADVANCED_FACE('',(#753),#403,.F.);
#7053=ADVANCED_FACE('',(#754),#6705,.T.);
#7054=ADVANCED_FACE('',(#755),#404,.T.);
#7055=ADVANCED_FACE('',(#756),#405,.F.);
#7056=ADVANCED_FACE('',(#757),#6706,.F.);
#7057=ADVANCED_FACE('',(#758),#406,.F.);
#7058=ADVANCED_FACE('',(#759),#407,.T.);
#7059=ADVANCED_FACE('',(#760),#408,.T.);
#7060=ADVANCED_FACE('',(#761),#409,.T.);
#7061=ADVANCED_FACE('',(#762),#410,.T.);
#7062=ADVANCED_FACE('',(#763),#411,.T.);
#7063=ADVANCED_FACE('',(#764),#6707,.T.);
#7064=ADVANCED_FACE('',(#765),#15,.F.);
#7065=ADVANCED_FACE('',(#766),#412,.T.);
#7066=ADVANCED_FACE('',(#767),#413,.T.);
#7067=ADVANCED_FACE('',(#768),#6708,.T.);
#7068=ADVANCED_FACE('',(#769),#6709,.T.);
#7069=ADVANCED_FACE('',(#770,#230),#414,.T.);
#7070=ADVANCED_FACE('',(#771),#6710,.T.);
#7071=ADVANCED_FACE('',(#772),#28,.T.);
#7072=ADVANCED_FACE('',(#773),#6711,.T.);
#7073=ADVANCED_FACE('',(#774),#29,.T.);
#7074=ADVANCED_FACE('',(#775),#6712,.T.);
#7075=ADVANCED_FACE('',(#776),#30,.T.);
#7076=ADVANCED_FACE('',(#777),#6713,.T.);
#7077=ADVANCED_FACE('',(#778),#59,.T.);
#7078=ADVANCED_FACE('',(#779),#60,.T.);
#7079=ADVANCED_FACE('',(#780),#61,.T.);
#7080=ADVANCED_FACE('',(#781),#31,.F.);
#7081=ADVANCED_FACE('',(#782),#6714,.F.);
#7082=ADVANCED_FACE('',(#783),#62,.T.);
#7083=ADVANCED_FACE('',(#784),#415,.F.);
#7084=ADVANCED_FACE('',(#785),#6715,.F.);
#7085=ADVANCED_FACE('',(#786),#6716,.F.);
#7086=ADVANCED_FACE('',(#787),#416,.F.);
#7087=ADVANCED_FACE('',(#788),#6717,.F.);
#7088=ADVANCED_FACE('',(#789),#6718,.F.);
#7089=ADVANCED_FACE('',(#790),#417,.T.);
#7090=ADVANCED_FACE('',(#791,#231),#418,.F.);
#7091=ADVANCED_FACE('',(#792),#6719,.F.);
#7092=ADVANCED_FACE('',(#793),#419,.T.);
#7093=ADVANCED_FACE('',(#794,#232,#233,#234,#235,#236,#237,#238,#239,#240,
#241,#242,#243,#244,#245,#246,#247),#420,.T.);
#7094=ADVANCED_FACE('',(#795),#63,.F.);
#7095=ADVANCED_FACE('',(#796),#6720,.T.);
#7096=ADVANCED_FACE('',(#797),#6721,.F.);
#7097=ADVANCED_FACE('',(#798),#421,.T.);
#7098=ADVANCED_FACE('',(#799),#64,.F.);
#7099=ADVANCED_FACE('',(#800),#65,.F.);
#7100=ADVANCED_FACE('',(#801),#66,.F.);
#7101=ADVANCED_FACE('',(#802,#248),#422,.T.);
#7102=CLOSED_SHELL('',(#6722,#6723,#6724,#6725,#6726,#6727,#6728,#6729,
#6730,#6731,#6732,#6733,#6734,#6735,#6736,#6737,#6738,#6739,#6740,#6741,
#6742,#6743,#6744,#6745,#6746,#6747,#6748,#6749,#6750,#6751,#6752,#6753,
#6754,#6755,#6756,#6757,#6758,#6759,#6760,#6761,#6762,#6763,#6764,#6765,
#6766,#6767,#6768,#6769,#6770,#6771,#6772,#6773,#6774,#6775,#6776,#6777,
#6778,#6779,#6780,#6781,#6782,#6783,#6784,#6785,#6786,#6787,#6788,#6789,
#6790,#6791,#6792,#6793,#6794,#6795,#6796,#6797,#6798,#6799,#6800,#6801,
#6802,#6803,#6804,#6805,#6806,#6807,#6808,#6809,#6810,#6811,#6812,#6813,
#6814,#6815,#6816,#6817,#6818,#6819,#6820,#6821,#6822,#6823,#6824,#6825,
#6826,#6827,#6828,#6829,#6830,#6831,#6832,#6833,#6834,#6835,#6836,#6837,
#6838,#6839,#6840,#6841,#6842,#6843,#6844,#6845,#6846,#6847,#6848,#6849,
#6850,#6851,#6852,#6853,#6854,#6855,#6856,#6857,#6858,#6859,#6860,#6861,
#6862,#6863,#6864,#6865,#6866,#6867,#6868,#6869,#6870,#6871,#6872,#6873,
#6874,#6875,#6876,#6877,#6878,#6879,#6880,#6881,#6882,#6883,#6884,#6885,
#6886,#6887,#6888,#6889,#6890,#6891,#6892,#6893,#6894,#6895,#6896,#6897,
#6898,#6899,#6900,#6901,#6902,#6903,#6904,#6905,#6906,#6907,#6908,#6909,
#6910,#6911,#6912,#6913,#6914,#6915,#6916,#6917,#6918,#6919,#6920,#6921,
#6922,#6923,#6924,#6925,#6926,#6927,#6928,#6929,#6930,#6931,#6932,#6933,
#6934,#6935,#6936,#6937,#6938,#6939,#6940,#6941,#6942,#6943,#6944,#6945,
#6946,#6947,#6948,#6949,#6950,#6951,#6952,#6953,#6954,#6955,#6956,#6957,
#6958,#6959,#6960,#6961,#6962,#6963,#6964,#6965,#6966,#6967,#6968,#6969,
#6970,#6971,#6972,#6973,#6974,#6975,#6976,#6977,#6978,#6979,#6980,#6981,
#6982,#6983,#6984,#6985,#6986,#6987,#6988,#6989,#6990,#6991,#6992,#6993,
#6994,#6995,#6996,#6997,#6998,#6999,#7000,#7001,#7002,#7003,#7004,#7005,
#7006,#7007,#7008,#7009,#7010,#7011,#7012,#7013,#7014,#7015,#7016,#7017,
#7018,#7019,#7020,#7021,#7022,#7023,#7024,#7025,#7026,#7027,#7028,#7029,
#7030,#7031,#7032,#7033,#7034,#7035,#7036,#7037,#7038,#7039,#7040,#7041,
#7042,#7043,#7044,#7045,#7046,#7047,#7048,#7049,#7050,#7051,#7052,#7053,
#7054,#7055,#7056,#7057,#7058,#7059,#7060,#7061,#7062,#7063,#7064,#7065,
#7066,#7067,#7068,#7069,#7070,#7071,#7072,#7073,#7074,#7075,#7076,#7077,
#7078,#7079,#7080,#7081,#7082,#7083,#7084,#7085,#7086,#7087,#7088,#7089,
#7090,#7091,#7092,#7093,#7094,#7095,#7096,#7097,#7098,#7099,#7100,#7101));
#7103=AXIS2_PLACEMENT_3D('',#9859,#7807,#7808);
#7104=AXIS2_PLACEMENT_3D('',#9860,#7809,#7810);
#7105=AXIS2_PLACEMENT_3D('',#9862,#7811,#7812);
#7106=AXIS2_PLACEMENT_3D('',#9865,#7814,#7815);
#7107=AXIS2_PLACEMENT_3D('',#9866,#7816,#7817);
#7108=AXIS2_PLACEMENT_3D('',#9867,#7818,#7819);
#7109=AXIS2_PLACEMENT_3D('',#9869,#7820,#7821);
#7110=AXIS2_PLACEMENT_3D('',#9872,#7823,#7824);
#7111=AXIS2_PLACEMENT_3D('',#9873,#7825,#7826);
#7112=AXIS2_PLACEMENT_3D('',#9874,#7827,#7828);
#7113=AXIS2_PLACEMENT_3D('',#9876,#7829,#7830);
#7114=AXIS2_PLACEMENT_3D('',#9879,#7832,#7833);
#7115=AXIS2_PLACEMENT_3D('',#9880,#7834,#7835);
#7116=AXIS2_PLACEMENT_3D('',#9881,#7836,#7837);
#7117=AXIS2_PLACEMENT_3D('',#9883,#7838,#7839);
#7118=AXIS2_PLACEMENT_3D('',#9886,#7841,#7842);
#7119=AXIS2_PLACEMENT_3D('',#9887,#7843,#7844);
#7120=AXIS2_PLACEMENT_3D('',#9888,#7845,#7846);
#7121=AXIS2_PLACEMENT_3D('',#9890,#7847,#7848);
#7122=AXIS2_PLACEMENT_3D('',#9893,#7850,#7851);
#7123=AXIS2_PLACEMENT_3D('',#9894,#7852,#7853);
#7124=AXIS2_PLACEMENT_3D('',#9895,#7854,#7855);
#7125=AXIS2_PLACEMENT_3D('',#9897,#7856,#7857);
#7126=AXIS2_PLACEMENT_3D('',#9900,#7859,#7860);
#7127=AXIS2_PLACEMENT_3D('',#9901,#7861,#7862);
#7128=AXIS2_PLACEMENT_3D('',#9902,#7863,#7864);
#7129=AXIS2_PLACEMENT_3D('',#9905,#7865,#7866);
#7130=AXIS2_PLACEMENT_3D('',#9909,#7868,#7869);
#7131=AXIS2_PLACEMENT_3D('',#9911,#7871,#7872);
#7132=AXIS2_PLACEMENT_3D('',#9917,#7876,#7877);
#7133=AXIS2_PLACEMENT_3D('',#9920,#7878,#7879);
#7134=AXIS2_PLACEMENT_3D('',#9924,#7881,#7882);
#7135=AXIS2_PLACEMENT_3D('',#9928,#7884,#7885);
#7136=AXIS2_PLACEMENT_3D('',#9931,#7887,#7888);
#7137=AXIS2_PLACEMENT_3D('',#9934,#7890,#7891);
#7138=AXIS2_PLACEMENT_3D('',#9935,#7892,#7893);
#7139=AXIS2_PLACEMENT_3D('',#9941,#7897,#7898);
#7140=AXIS2_PLACEMENT_3D('',#9947,#7902,#7903);
#7141=AXIS2_PLACEMENT_3D('',#9953,#7906,#7907);
#7142=AXIS2_PLACEMENT_3D('',#9955,#7908,#7909);
#7143=AXIS2_PLACEMENT_3D('',#9973,#7918,#7919);
#7144=AXIS2_PLACEMENT_3D('',#9977,#7921,#7922);
#7145=AXIS2_PLACEMENT_3D('',#9981,#7924,#7925);
#7146=AXIS2_PLACEMENT_3D('',#9985,#7927,#7928);
#7147=AXIS2_PLACEMENT_3D('',#9987,#7929,#7930);
#7148=AXIS2_PLACEMENT_3D('',#9991,#7932,#7933);
#7149=AXIS2_PLACEMENT_3D('',#10005,#7940,#7941);
#7150=AXIS2_PLACEMENT_3D('',#10009,#7943,#7944);
#7151=AXIS2_PLACEMENT_3D('',#10013,#7946,#7947);
#7152=AXIS2_PLACEMENT_3D('',#10017,#7949,#7950);
#7153=AXIS2_PLACEMENT_3D('',#10021,#7952,#7953);
#7154=AXIS2_PLACEMENT_3D('',#10025,#7955,#7956);
#7155=AXIS2_PLACEMENT_3D('',#10029,#7958,#7959);
#7156=AXIS2_PLACEMENT_3D('',#10033,#7961,#7962);
#7157=AXIS2_PLACEMENT_3D('',#10037,#7964,#7965);
#7158=AXIS2_PLACEMENT_3D('',#10041,#7967,#7968);
#7159=AXIS2_PLACEMENT_3D('',#10047,#7971,#7972);
#7160=AXIS2_PLACEMENT_3D('',#10051,#7974,#7975);
#7161=AXIS2_PLACEMENT_3D('',#10055,#7977,#7978);
#7162=AXIS2_PLACEMENT_3D('',#10059,#7980,#7981);
#7163=AXIS2_PLACEMENT_3D('',#10063,#7983,#7984);
#7164=AXIS2_PLACEMENT_3D('',#10067,#7986,#7987);
#7165=AXIS2_PLACEMENT_3D('',#10071,#7989,#7990);
#7166=AXIS2_PLACEMENT_3D('',#10075,#7992,#7993);
#7167=AXIS2_PLACEMENT_3D('',#10079,#7995,#7996);
#7168=AXIS2_PLACEMENT_3D('',#10083,#7998,#7999);
#7169=AXIS2_PLACEMENT_3D('',#10087,#8001,#8002);
#7170=AXIS2_PLACEMENT_3D('',#10091,#8004,#8005);
#7171=AXIS2_PLACEMENT_3D('',#10095,#8007,#8008);
#7172=AXIS2_PLACEMENT_3D('',#10099,#8010,#8011);
#7173=AXIS2_PLACEMENT_3D('',#10103,#8013,#8014);
#7174=AXIS2_PLACEMENT_3D('',#10107,#8016,#8017);
#7175=AXIS2_PLACEMENT_3D('',#10111,#8019,#8020);
#7176=AXIS2_PLACEMENT_3D('',#10117,#8023,#8024);
#7177=AXIS2_PLACEMENT_3D('',#10121,#8026,#8027);
#7178=AXIS2_PLACEMENT_3D('',#10125,#8029,#8030);
#7179=AXIS2_PLACEMENT_3D('',#10128,#8032,#8033);
#7180=AXIS2_PLACEMENT_3D('',#10131,#8034,#8035);
#7181=AXIS2_PLACEMENT_3D('',#10135,#8037,#8038);
#7182=AXIS2_PLACEMENT_3D('',#10139,#8040,#8041);
#7183=AXIS2_PLACEMENT_3D('',#10143,#8043,#8044);
#7184=AXIS2_PLACEMENT_3D('',#10147,#8046,#8047);
#7185=AXIS2_PLACEMENT_3D('',#10151,#8049,#8050);
#7186=AXIS2_PLACEMENT_3D('',#10155,#8052,#8053);
#7187=AXIS2_PLACEMENT_3D('',#10159,#8055,#8056);
#7188=AXIS2_PLACEMENT_3D('',#10163,#8058,#8059);
#7189=AXIS2_PLACEMENT_3D('',#10167,#8061,#8062);
#7190=AXIS2_PLACEMENT_3D('',#10171,#8064,#8065);
#7191=AXIS2_PLACEMENT_3D('',#10175,#8067,#8068);
#7192=AXIS2_PLACEMENT_3D('',#10179,#8070,#8071);
#7193=AXIS2_PLACEMENT_3D('',#10183,#8073,#8074);
#7194=AXIS2_PLACEMENT_3D('',#10187,#8076,#8077);
#7195=AXIS2_PLACEMENT_3D('',#10191,#8079,#8080);
#7196=AXIS2_PLACEMENT_3D('',#10195,#8082,#8083);
#7197=AXIS2_PLACEMENT_3D('',#10199,#8085,#8086);
#7198=AXIS2_PLACEMENT_3D('',#10203,#8088,#8089);
#7199=AXIS2_PLACEMENT_3D('',#10207,#8091,#8092);
#7200=AXIS2_PLACEMENT_3D('',#10211,#8094,#8095);
#7201=AXIS2_PLACEMENT_3D('',#10215,#8097,#8098);
#7202=AXIS2_PLACEMENT_3D('',#10219,#8100,#8101);
#7203=AXIS2_PLACEMENT_3D('',#10223,#8103,#8104);
#7204=AXIS2_PLACEMENT_3D('',#10227,#8106,#8107);
#7205=AXIS2_PLACEMENT_3D('',#10231,#8109,#8110);
#7206=AXIS2_PLACEMENT_3D('',#10235,#8112,#8113);
#7207=AXIS2_PLACEMENT_3D('',#10239,#8115,#8116);
#7208=AXIS2_PLACEMENT_3D('',#10243,#8118,#8119);
#7209=AXIS2_PLACEMENT_3D('',#10247,#8121,#8122);
#7210=AXIS2_PLACEMENT_3D('',#10251,#8124,#8125);
#7211=AXIS2_PLACEMENT_3D('',#10255,#8127,#8128);
#7212=AXIS2_PLACEMENT_3D('',#10258,#8130,#8131);
#7213=AXIS2_PLACEMENT_3D('',#10261,#8132,#8133);
#7214=AXIS2_PLACEMENT_3D('',#10265,#8135,#8136);
#7215=AXIS2_PLACEMENT_3D('',#10269,#8138,#8139);
#7216=AXIS2_PLACEMENT_3D('',#10273,#8141,#8142);
#7217=AXIS2_PLACEMENT_3D('',#10277,#8144,#8145);
#7218=AXIS2_PLACEMENT_3D('',#10281,#8147,#8148);
#7219=AXIS2_PLACEMENT_3D('',#10285,#8150,#8151);
#7220=AXIS2_PLACEMENT_3D('',#10289,#8153,#8154);
#7221=AXIS2_PLACEMENT_3D('',#10293,#8156,#8157);
#7222=AXIS2_PLACEMENT_3D('',#10297,#8159,#8160);
#7223=AXIS2_PLACEMENT_3D('',#10301,#8162,#8163);
#7224=AXIS2_PLACEMENT_3D('',#10305,#8165,#8166);
#7225=AXIS2_PLACEMENT_3D('',#10309,#8168,#8169);
#7226=AXIS2_PLACEMENT_3D('',#10313,#8171,#8172);
#7227=AXIS2_PLACEMENT_3D('',#10317,#8174,#8175);
#7228=AXIS2_PLACEMENT_3D('',#10321,#8177,#8178);
#7229=AXIS2_PLACEMENT_3D('',#10325,#8180,#8181);
#7230=AXIS2_PLACEMENT_3D('',#10329,#8183,#8184);
#7231=AXIS2_PLACEMENT_3D('',#10333,#8186,#8187);
#7232=AXIS2_PLACEMENT_3D('',#10337,#8189,#8190);
#7233=AXIS2_PLACEMENT_3D('',#10340,#8192,#8193);
#7234=AXIS2_PLACEMENT_3D('',#10341,#8194,#8195);
#7235=AXIS2_PLACEMENT_3D('',#10347,#8199,#8200);
#7236=AXIS2_PLACEMENT_3D('',#10353,#8204,#8205);
#7237=AXIS2_PLACEMENT_3D('',#10362,#8210,#8211);
#7238=AXIS2_PLACEMENT_3D('',#10368,#8215,#8216);
#7239=AXIS2_PLACEMENT_3D('',#10370,#8217,#8218);
#7240=AXIS2_PLACEMENT_3D('',#10373,#8220,#8221);
#7241=AXIS2_PLACEMENT_3D('',#10374,#8222,#8223);
#7242=AXIS2_PLACEMENT_3D('',#10377,#8225,#8226);
#7243=AXIS2_PLACEMENT_3D('',#10381,#8228,#8229);
#7244=AXIS2_PLACEMENT_3D('',#10384,#8231,#8232);
#7245=AXIS2_PLACEMENT_3D('',#10393,#8237,#8238);
#7246=AXIS2_PLACEMENT_3D('',#10395,#8240,#8241);
#7247=AXIS2_PLACEMENT_3D('',#10430,#8253,#8254);
#7248=AXIS2_PLACEMENT_3D('',#10433,#8255,#8256);
#7249=AXIS2_PLACEMENT_3D('',#10437,#8258,#8259);
#7250=AXIS2_PLACEMENT_3D('',#10439,#8261,#8262);
#7251=AXIS2_PLACEMENT_3D('',#10445,#8266,#8267);
#7252=AXIS2_PLACEMENT_3D('',#10469,#8274,#8275);
#7253=AXIS2_PLACEMENT_3D('',#10470,#8276,#8277);
#7254=AXIS2_PLACEMENT_3D('',#10471,#8278,#8279);
#7255=AXIS2_PLACEMENT_3D('',#10493,#8283,#8284);
#7256=AXIS2_PLACEMENT_3D('',#10495,#8286,#8287);
#7257=AXIS2_PLACEMENT_3D('',#10499,#8290,#8291);
#7258=AXIS2_PLACEMENT_3D('',#10501,#8292,#8293);
#7259=AXIS2_PLACEMENT_3D('',#10507,#8297,#8298);
#7260=AXIS2_PLACEMENT_3D('',#10509,#8300,#8301);
#7261=AXIS2_PLACEMENT_3D('',#10511,#8302,#8303);
#7262=AXIS2_PLACEMENT_3D('',#10513,#8305,#8306);
#7263=AXIS2_PLACEMENT_3D('',#10517,#8308,#8309);
#7264=AXIS2_PLACEMENT_3D('',#10523,#8312,#8313);
#7265=AXIS2_PLACEMENT_3D('',#10527,#8315,#8316);
#7266=AXIS2_PLACEMENT_3D('',#10531,#8318,#8319);
#7267=AXIS2_PLACEMENT_3D('',#10535,#8321,#8322);
#7268=AXIS2_PLACEMENT_3D('',#10539,#8324,#8325);
#7269=AXIS2_PLACEMENT_3D('',#10543,#8327,#8328);
#7270=AXIS2_PLACEMENT_3D('',#10547,#8330,#8331);
#7271=AXIS2_PLACEMENT_3D('',#10551,#8333,#8334);
#7272=AXIS2_PLACEMENT_3D('',#10554,#8336,#8337);
#7273=AXIS2_PLACEMENT_3D('',#10558,#8339,#8340);
#7274=AXIS2_PLACEMENT_3D('',#10562,#8342,#8343);
#7275=AXIS2_PLACEMENT_3D('',#10566,#8345,#8346);
#7276=AXIS2_PLACEMENT_3D('',#10570,#8348,#8349);
#7277=AXIS2_PLACEMENT_3D('',#10574,#8351,#8352);
#7278=AXIS2_PLACEMENT_3D('',#10578,#8354,#8355);
#7279=AXIS2_PLACEMENT_3D('',#10582,#8357,#8358);
#7280=AXIS2_PLACEMENT_3D('',#10584,#8359,#8360);
#7281=AXIS2_PLACEMENT_3D('',#10588,#8362,#8363);
#7282=AXIS2_PLACEMENT_3D('',#10590,#8364,#8365);
#7283=AXIS2_PLACEMENT_3D('',#10594,#8367,#8368);
#7284=AXIS2_PLACEMENT_3D('',#10596,#8369,#8370);
#7285=AXIS2_PLACEMENT_3D('',#10600,#8372,#8373);
#7286=AXIS2_PLACEMENT_3D('',#10611,#8377,#8378);
#7287=AXIS2_PLACEMENT_3D('',#10612,#8379,#8380);
#7288=AXIS2_PLACEMENT_3D('',#10614,#8382,#8383);
#7289=AXIS2_PLACEMENT_3D('',#10616,#8385,#8386);
#7290=AXIS2_PLACEMENT_3D('',#10617,#8387,#8388);
#7291=AXIS2_PLACEMENT_3D('',#10619,#8389,#8390);
#7292=AXIS2_PLACEMENT_3D('',#10623,#8393,#8394);
#7293=AXIS2_PLACEMENT_3D('',#10627,#8396,#8397);
#7294=AXIS2_PLACEMENT_3D('',#10628,#8398,#8399);
#7295=AXIS2_PLACEMENT_3D('',#10629,#8400,#8401);
#7296=AXIS2_PLACEMENT_3D('',#10631,#8402,#8403);
#7297=AXIS2_PLACEMENT_3D('',#10634,#8405,#8406);
#7298=AXIS2_PLACEMENT_3D('',#10635,#8407,#8408);
#7299=AXIS2_PLACEMENT_3D('',#10636,#8409,#8410);
#7300=AXIS2_PLACEMENT_3D('',#10637,#8411,#8412);
#7301=AXIS2_PLACEMENT_3D('',#10643,#8416,#8417);
#7302=AXIS2_PLACEMENT_3D('',#10649,#8421,#8422);
#7303=AXIS2_PLACEMENT_3D('',#10651,#8423,#8424);
#7304=AXIS2_PLACEMENT_3D('',#10654,#8426,#8427);
#7305=AXIS2_PLACEMENT_3D('',#10655,#8428,#8429);
#7306=AXIS2_PLACEMENT_3D('',#10656,#8430,#8431);
#7307=AXIS2_PLACEMENT_3D('',#10659,#8433,#8434);
#7308=AXIS2_PLACEMENT_3D('',#10660,#8435,#8436);
#7309=AXIS2_PLACEMENT_3D('',#10661,#8437,#8438);
#7310=AXIS2_PLACEMENT_3D('',#10671,#8444,#8445);
#7311=AXIS2_PLACEMENT_3D('',#10674,#8448,#8449);
#7312=AXIS2_PLACEMENT_3D('',#10676,#8451,#8452);
#7313=AXIS2_PLACEMENT_3D('',#10678,#8454,#8455);
#7314=AXIS2_PLACEMENT_3D('',#10680,#8457,#8458);
#7315=AXIS2_PLACEMENT_3D('',#10682,#8460,#8461);
#7316=AXIS2_PLACEMENT_3D('',#10684,#8463,#8464);
#7317=AXIS2_PLACEMENT_3D('',#10685,#8465,#8466);
#7318=AXIS2_PLACEMENT_3D('',#10688,#8468,#8469);
#7319=AXIS2_PLACEMENT_3D('',#10689,#8470,#8471);
#7320=AXIS2_PLACEMENT_3D('',#10695,#8474,#8475);
#7321=AXIS2_PLACEMENT_3D('',#10696,#8476,#8477);
#7322=AXIS2_PLACEMENT_3D('',#10700,#8479,#8480);
#7323=AXIS2_PLACEMENT_3D('',#10702,#8482,#8483);
#7324=AXIS2_PLACEMENT_3D('',#10706,#8486,#8487);
#7325=AXIS2_PLACEMENT_3D('',#10709,#8489,#8490);
#7326=AXIS2_PLACEMENT_3D('',#10710,#8491,#8492);
#7327=AXIS2_PLACEMENT_3D('',#10714,#8495,#8496);
#7328=AXIS2_PLACEMENT_3D('',#10717,#8498,#8499);
#7329=AXIS2_PLACEMENT_3D('',#10718,#8500,#8501);
#7330=AXIS2_PLACEMENT_3D('',#10722,#8504,#8505);
#7331=AXIS2_PLACEMENT_3D('',#10725,#8507,#8508);
#7332=AXIS2_PLACEMENT_3D('',#10726,#8509,#8510);
#7333=AXIS2_PLACEMENT_3D('',#10728,#8512,#8513);
#7334=AXIS2_PLACEMENT_3D('',#10732,#8515,#8516);
#7335=AXIS2_PLACEMENT_3D('',#10734,#8518,#8519);
#7336=AXIS2_PLACEMENT_3D('',#10738,#8522,#8523);
#7337=AXIS2_PLACEMENT_3D('',#10741,#8525,#8526);
#7338=AXIS2_PLACEMENT_3D('',#10742,#8527,#8528);
#7339=AXIS2_PLACEMENT_3D('',#10746,#8531,#8532);
#7340=AXIS2_PLACEMENT_3D('',#10749,#8534,#8535);
#7341=AXIS2_PLACEMENT_3D('',#10750,#8536,#8537);
#7342=AXIS2_PLACEMENT_3D('',#10754,#8540,#8541);
#7343=AXIS2_PLACEMENT_3D('',#10757,#8543,#8544);
#7344=AXIS2_PLACEMENT_3D('',#10758,#8545,#8546);
#7345=AXIS2_PLACEMENT_3D('',#10760,#8548,#8549);
#7346=AXIS2_PLACEMENT_3D('',#10764,#8551,#8552);
#7347=AXIS2_PLACEMENT_3D('',#10766,#8554,#8555);
#7348=AXIS2_PLACEMENT_3D('',#10770,#8558,#8559);
#7349=AXIS2_PLACEMENT_3D('',#10773,#8561,#8562);
#7350=AXIS2_PLACEMENT_3D('',#10774,#8563,#8564);
#7351=AXIS2_PLACEMENT_3D('',#10778,#8567,#8568);
#7352=AXIS2_PLACEMENT_3D('',#10781,#8570,#8571);
#7353=AXIS2_PLACEMENT_3D('',#10782,#8572,#8573);
#7354=AXIS2_PLACEMENT_3D('',#10786,#8576,#8577);
#7355=AXIS2_PLACEMENT_3D('',#10789,#8579,#8580);
#7356=AXIS2_PLACEMENT_3D('',#10790,#8581,#8582);
#7357=AXIS2_PLACEMENT_3D('',#10792,#8584,#8585);
#7358=AXIS2_PLACEMENT_3D('',#10796,#8587,#8588);
#7359=AXIS2_PLACEMENT_3D('',#10798,#8590,#8591);
#7360=AXIS2_PLACEMENT_3D('',#10802,#8594,#8595);
#7361=AXIS2_PLACEMENT_3D('',#10805,#8597,#8598);
#7362=AXIS2_PLACEMENT_3D('',#10806,#8599,#8600);
#7363=AXIS2_PLACEMENT_3D('',#10810,#8603,#8604);
#7364=AXIS2_PLACEMENT_3D('',#10813,#8606,#8607);
#7365=AXIS2_PLACEMENT_3D('',#10814,#8608,#8609);
#7366=AXIS2_PLACEMENT_3D('',#10818,#8612,#8613);
#7367=AXIS2_PLACEMENT_3D('',#10821,#8615,#8616);
#7368=AXIS2_PLACEMENT_3D('',#10822,#8617,#8618);
#7369=AXIS2_PLACEMENT_3D('',#10824,#8620,#8621);
#7370=AXIS2_PLACEMENT_3D('',#10830,#8625,#8626);
#7371=AXIS2_PLACEMENT_3D('',#10833,#8628,#8629);
#7372=AXIS2_PLACEMENT_3D('',#10834,#8630,#8631);
#7373=AXIS2_PLACEMENT_3D('',#10840,#8635,#8636);
#7374=AXIS2_PLACEMENT_3D('',#10843,#8638,#8639);
#7375=AXIS2_PLACEMENT_3D('',#10844,#8640,#8641);
#7376=AXIS2_PLACEMENT_3D('',#10848,#8643,#8644);
#7377=AXIS2_PLACEMENT_3D('',#10850,#8646,#8647);
#7378=AXIS2_PLACEMENT_3D('',#10854,#8650,#8651);
#7379=AXIS2_PLACEMENT_3D('',#10857,#8653,#8654);
#7380=AXIS2_PLACEMENT_3D('',#10858,#8655,#8656);
#7381=AXIS2_PLACEMENT_3D('',#10862,#8659,#8660);
#7382=AXIS2_PLACEMENT_3D('',#10865,#8662,#8663);
#7383=AXIS2_PLACEMENT_3D('',#10866,#8664,#8665);
#7384=AXIS2_PLACEMENT_3D('',#10870,#8668,#8669);
#7385=AXIS2_PLACEMENT_3D('',#10873,#8671,#8672);
#7386=AXIS2_PLACEMENT_3D('',#10874,#8673,#8674);
#7387=AXIS2_PLACEMENT_3D('',#10876,#8676,#8677);
#7388=AXIS2_PLACEMENT_3D('',#10880,#8679,#8680);
#7389=AXIS2_PLACEMENT_3D('',#10882,#8682,#8683);
#7390=AXIS2_PLACEMENT_3D('',#10886,#8686,#8687);
#7391=AXIS2_PLACEMENT_3D('',#10889,#8689,#8690);
#7392=AXIS2_PLACEMENT_3D('',#10890,#8691,#8692);
#7393=AXIS2_PLACEMENT_3D('',#10894,#8695,#8696);
#7394=AXIS2_PLACEMENT_3D('',#10897,#8698,#8699);
#7395=AXIS2_PLACEMENT_3D('',#10898,#8700,#8701);
#7396=AXIS2_PLACEMENT_3D('',#10902,#8704,#8705);
#7397=AXIS2_PLACEMENT_3D('',#10905,#8707,#8708);
#7398=AXIS2_PLACEMENT_3D('',#10906,#8709,#8710);
#7399=AXIS2_PLACEMENT_3D('',#10908,#8712,#8713);
#7400=AXIS2_PLACEMENT_3D('',#10912,#8715,#8716);
#7401=AXIS2_PLACEMENT_3D('',#10914,#8718,#8719);
#7402=AXIS2_PLACEMENT_3D('',#10918,#8722,#8723);
#7403=AXIS2_PLACEMENT_3D('',#10921,#8725,#8726);
#7404=AXIS2_PLACEMENT_3D('',#10922,#8727,#8728);
#7405=AXIS2_PLACEMENT_3D('',#10926,#8731,#8732);
#7406=AXIS2_PLACEMENT_3D('',#10929,#8734,#8735);
#7407=AXIS2_PLACEMENT_3D('',#10930,#8736,#8737);
#7408=AXIS2_PLACEMENT_3D('',#10934,#8740,#8741);
#7409=AXIS2_PLACEMENT_3D('',#10937,#8743,#8744);
#7410=AXIS2_PLACEMENT_3D('',#10938,#8745,#8746);
#7411=AXIS2_PLACEMENT_3D('',#10940,#8748,#8749);
#7412=AXIS2_PLACEMENT_3D('',#10944,#8751,#8752);
#7413=AXIS2_PLACEMENT_3D('',#10946,#8754,#8755);
#7414=AXIS2_PLACEMENT_3D('',#10950,#8758,#8759);
#7415=AXIS2_PLACEMENT_3D('',#10953,#8761,#8762);
#7416=AXIS2_PLACEMENT_3D('',#10954,#8763,#8764);
#7417=AXIS2_PLACEMENT_3D('',#10958,#8767,#8768);
#7418=AXIS2_PLACEMENT_3D('',#10961,#8770,#8771);
#7419=AXIS2_PLACEMENT_3D('',#10962,#8772,#8773);
#7420=AXIS2_PLACEMENT_3D('',#10966,#8776,#8777);
#7421=AXIS2_PLACEMENT_3D('',#10969,#8779,#8780);
#7422=AXIS2_PLACEMENT_3D('',#10970,#8781,#8782);
#7423=AXIS2_PLACEMENT_3D('',#10972,#8784,#8785);
#7424=AXIS2_PLACEMENT_3D('',#10976,#8787,#8788);
#7425=AXIS2_PLACEMENT_3D('',#10978,#8790,#8791);
#7426=AXIS2_PLACEMENT_3D('',#10982,#8794,#8795);
#7427=AXIS2_PLACEMENT_3D('',#10985,#8797,#8798);
#7428=AXIS2_PLACEMENT_3D('',#10986,#8799,#8800);
#7429=AXIS2_PLACEMENT_3D('',#10990,#8803,#8804);
#7430=AXIS2_PLACEMENT_3D('',#10993,#8806,#8807);
#7431=AXIS2_PLACEMENT_3D('',#10994,#8808,#8809);
#7432=AXIS2_PLACEMENT_3D('',#10998,#8812,#8813);
#7433=AXIS2_PLACEMENT_3D('',#11001,#8815,#8816);
#7434=AXIS2_PLACEMENT_3D('',#11002,#8817,#8818);
#7435=AXIS2_PLACEMENT_3D('',#11004,#8820,#8821);
#7436=AXIS2_PLACEMENT_3D('',#11008,#8823,#8824);
#7437=AXIS2_PLACEMENT_3D('',#11010,#8826,#8827);
#7438=AXIS2_PLACEMENT_3D('',#11014,#8830,#8831);
#7439=AXIS2_PLACEMENT_3D('',#11017,#8833,#8834);
#7440=AXIS2_PLACEMENT_3D('',#11018,#8835,#8836);
#7441=AXIS2_PLACEMENT_3D('',#11022,#8839,#8840);
#7442=AXIS2_PLACEMENT_3D('',#11025,#8842,#8843);
#7443=AXIS2_PLACEMENT_3D('',#11026,#8844,#8845);
#7444=AXIS2_PLACEMENT_3D('',#11030,#8848,#8849);
#7445=AXIS2_PLACEMENT_3D('',#11033,#8851,#8852);
#7446=AXIS2_PLACEMENT_3D('',#11034,#8853,#8854);
#7447=AXIS2_PLACEMENT_3D('',#11036,#8856,#8857);
#7448=AXIS2_PLACEMENT_3D('',#11040,#8859,#8860);
#7449=AXIS2_PLACEMENT_3D('',#11042,#8862,#8863);
#7450=AXIS2_PLACEMENT_3D('',#11046,#8866,#8867);
#7451=AXIS2_PLACEMENT_3D('',#11049,#8869,#8870);
#7452=AXIS2_PLACEMENT_3D('',#11050,#8871,#8872);
#7453=AXIS2_PLACEMENT_3D('',#11054,#8874,#8875);
#7454=AXIS2_PLACEMENT_3D('',#11056,#8877,#8878);
#7455=AXIS2_PLACEMENT_3D('',#11060,#8881,#8882);
#7456=AXIS2_PLACEMENT_3D('',#11063,#8884,#8885);
#7457=AXIS2_PLACEMENT_3D('',#11064,#8886,#8887);
#7458=AXIS2_PLACEMENT_3D('',#11066,#8889,#8890);
#7459=AXIS2_PLACEMENT_3D('',#11070,#8892,#8893);
#7460=AXIS2_PLACEMENT_3D('',#11072,#8895,#8896);
#7461=AXIS2_PLACEMENT_3D('',#11076,#8899,#8900);
#7462=AXIS2_PLACEMENT_3D('',#11079,#8902,#8903);
#7463=AXIS2_PLACEMENT_3D('',#11080,#8904,#8905);
#7464=AXIS2_PLACEMENT_3D('',#11084,#8908,#8909);
#7465=AXIS2_PLACEMENT_3D('',#11088,#8911,#8912);
#7466=AXIS2_PLACEMENT_3D('',#11090,#8914,#8915);
#7467=AXIS2_PLACEMENT_3D('',#11094,#8918,#8919);
#7468=AXIS2_PLACEMENT_3D('',#11097,#8921,#8922);
#7469=AXIS2_PLACEMENT_3D('',#11098,#8923,#8924);
#7470=AXIS2_PLACEMENT_3D('',#11102,#8926,#8927);
#7471=AXIS2_PLACEMENT_3D('',#11104,#8929,#8930);
#7472=AXIS2_PLACEMENT_3D('',#11106,#8932,#8933);
#7473=AXIS2_PLACEMENT_3D('',#11110,#8935,#8936);
#7474=AXIS2_PLACEMENT_3D('',#11112,#8938,#8939);
#7475=AXIS2_PLACEMENT_3D('',#11116,#8942,#8943);
#7476=AXIS2_PLACEMENT_3D('',#11119,#8945,#8946);
#7477=AXIS2_PLACEMENT_3D('',#11120,#8947,#8948);
#7478=AXIS2_PLACEMENT_3D('',#11124,#8951,#8952);
#7479=AXIS2_PLACEMENT_3D('',#11127,#8954,#8955);
#7480=AXIS2_PLACEMENT_3D('',#11128,#8956,#8957);
#7481=AXIS2_PLACEMENT_3D('',#11132,#8960,#8961);
#7482=AXIS2_PLACEMENT_3D('',#11135,#8963,#8964);
#7483=AXIS2_PLACEMENT_3D('',#11136,#8965,#8966);
#7484=AXIS2_PLACEMENT_3D('',#11138,#8968,#8969);
#7485=AXIS2_PLACEMENT_3D('',#11142,#8971,#8972);
#7486=AXIS2_PLACEMENT_3D('',#11144,#8974,#8975);
#7487=AXIS2_PLACEMENT_3D('',#11148,#8978,#8979);
#7488=AXIS2_PLACEMENT_3D('',#11151,#8981,#8982);
#7489=AXIS2_PLACEMENT_3D('',#11152,#8983,#8984);
#7490=AXIS2_PLACEMENT_3D('',#11156,#8987,#8988);
#7491=AXIS2_PLACEMENT_3D('',#11159,#8990,#8991);
#7492=AXIS2_PLACEMENT_3D('',#11160,#8992,#8993);
#7493=AXIS2_PLACEMENT_3D('',#11164,#8996,#8997);
#7494=AXIS2_PLACEMENT_3D('',#11167,#8999,#9000);
#7495=AXIS2_PLACEMENT_3D('',#11168,#9001,#9002);
#7496=AXIS2_PLACEMENT_3D('',#11170,#9004,#9005);
#7497=AXIS2_PLACEMENT_3D('',#11174,#9007,#9008);
#7498=AXIS2_PLACEMENT_3D('',#11176,#9010,#9011);
#7499=AXIS2_PLACEMENT_3D('',#11180,#9014,#9015);
#7500=AXIS2_PLACEMENT_3D('',#11183,#9017,#9018);
#7501=AXIS2_PLACEMENT_3D('',#11184,#9019,#9020);
#7502=AXIS2_PLACEMENT_3D('',#11188,#9023,#9024);
#7503=AXIS2_PLACEMENT_3D('',#11191,#9026,#9027);
#7504=AXIS2_PLACEMENT_3D('',#11192,#9028,#9029);
#7505=AXIS2_PLACEMENT_3D('',#11196,#9032,#9033);
#7506=AXIS2_PLACEMENT_3D('',#11199,#9035,#9036);
#7507=AXIS2_PLACEMENT_3D('',#11200,#9037,#9038);
#7508=AXIS2_PLACEMENT_3D('',#11202,#9040,#9041);
#7509=AXIS2_PLACEMENT_3D('',#11211,#9046,#9047);
#7510=AXIS2_PLACEMENT_3D('',#11212,#9048,#9049);
#7511=AXIS2_PLACEMENT_3D('',#11213,#9050,#9051);
#7512=AXIS2_PLACEMENT_3D('',#11214,#9052,#9053);
#7513=AXIS2_PLACEMENT_3D('',#11216,#9054,#9055);
#7514=AXIS2_PLACEMENT_3D('',#11220,#9057,#9058);
#7515=AXIS2_PLACEMENT_3D('',#11224,#9060,#9061);
#7516=AXIS2_PLACEMENT_3D('',#11228,#9063,#9064);
#7517=AXIS2_PLACEMENT_3D('',#11232,#9066,#9067);
#7518=AXIS2_PLACEMENT_3D('',#11234,#9069,#9070);
#7519=AXIS2_PLACEMENT_3D('',#11236,#9071,#9072);
#7520=AXIS2_PLACEMENT_3D('',#11237,#9073,#9074);
#7521=AXIS2_PLACEMENT_3D('',#11239,#9076,#9077);
#7522=AXIS2_PLACEMENT_3D('',#11242,#9079,#9080);
#7523=AXIS2_PLACEMENT_3D('',#11245,#9082,#9083);
#7524=AXIS2_PLACEMENT_3D('',#11247,#9084,#9085);
#7525=AXIS2_PLACEMENT_3D('',#11249,#9087,#9088);
#7526=AXIS2_PLACEMENT_3D('',#11250,#9089,#9090);
#7527=AXIS2_PLACEMENT_3D('',#11252,#9092,#9093);
#7528=AXIS2_PLACEMENT_3D('',#11254,#9095,#9096);
#7529=AXIS2_PLACEMENT_3D('',#11256,#9098,#9099);
#7530=AXIS2_PLACEMENT_3D('',#11258,#9101,#9102);
#7531=AXIS2_PLACEMENT_3D('',#11260,#9104,#9105);
#7532=AXIS2_PLACEMENT_3D('',#11262,#9107,#9108);
#7533=AXIS2_PLACEMENT_3D('',#11264,#9110,#9111);
#7534=AXIS2_PLACEMENT_3D('',#11266,#9113,#9114);
#7535=AXIS2_PLACEMENT_3D('',#11268,#9116,#9117);
#7536=AXIS2_PLACEMENT_3D('',#11270,#9119,#9120);
#7537=AXIS2_PLACEMENT_3D('',#11272,#9122,#9123);
#7538=AXIS2_PLACEMENT_3D('',#11274,#9125,#9126);
#7539=AXIS2_PLACEMENT_3D('',#11275,#9127,#9128);
#7540=AXIS2_PLACEMENT_3D('',#11279,#9131,#9132);
#7541=AXIS2_PLACEMENT_3D('',#11282,#9133,#9134);
#7542=AXIS2_PLACEMENT_3D('',#11285,#9137,#9138);
#7543=AXIS2_PLACEMENT_3D('',#11297,#9141,#9142);
#7544=AXIS2_PLACEMENT_3D('',#11299,#9143,#9144);
#7545=AXIS2_PLACEMENT_3D('',#11301,#9146,#9147);
#7546=AXIS2_PLACEMENT_3D('',#11305,#9150,#9151);
#7547=AXIS2_PLACEMENT_3D('',#11308,#9152,#9153);
#7548=AXIS2_PLACEMENT_3D('',#11312,#9155,#9156);
#7549=AXIS2_PLACEMENT_3D('',#11315,#9158,#9159);
#7550=AXIS2_PLACEMENT_3D('',#11316,#9160,#9161);
#7551=AXIS2_PLACEMENT_3D('',#11322,#9165,#9166);
#7552=AXIS2_PLACEMENT_3D('',#11324,#9167,#9168);
#7553=AXIS2_PLACEMENT_3D('',#11326,#9170,#9171);
#7554=AXIS2_PLACEMENT_3D('',#11330,#9174,#9175);
#7555=AXIS2_PLACEMENT_3D('',#11388,#9177,#9178);
#7556=AXIS2_PLACEMENT_3D('',#11391,#9179,#9180);
#7557=AXIS2_PLACEMENT_3D('',#11395,#9182,#9183);
#7558=AXIS2_PLACEMENT_3D('',#11397,#9185,#9186);
#7559=AXIS2_PLACEMENT_3D('',#11403,#9190,#9191);
#7560=AXIS2_PLACEMENT_3D('',#11405,#9192,#9193);
#7561=AXIS2_PLACEMENT_3D('',#11408,#9195,#9196);
#7562=AXIS2_PLACEMENT_3D('',#11409,#9197,#9198);
#7563=AXIS2_PLACEMENT_3D('',#11415,#9202,#9203);
#7564=AXIS2_PLACEMENT_3D('',#11417,#9204,#9205);
#7565=AXIS2_PLACEMENT_3D('',#11420,#9207,#9208);
#7566=AXIS2_PLACEMENT_3D('',#11421,#9209,#9210);
#7567=AXIS2_PLACEMENT_3D('',#11424,#9213,#9214);
#7568=AXIS2_PLACEMENT_3D('',#11430,#9218,#9219);
#7569=AXIS2_PLACEMENT_3D('',#11488,#9221,#9222);
#7570=AXIS2_PLACEMENT_3D('',#11492,#9225,#9226);
#7571=AXIS2_PLACEMENT_3D('',#11494,#9227,#9228);
#7572=AXIS2_PLACEMENT_3D('',#11496,#9230,#9231);
#7573=AXIS2_PLACEMENT_3D('',#11500,#9234,#9235);
#7574=AXIS2_PLACEMENT_3D('',#11501,#9236,#9237);
#7575=AXIS2_PLACEMENT_3D('',#11502,#9238,#9239);
#7576=AXIS2_PLACEMENT_3D('',#11506,#9242,#9243);
#7577=AXIS2_PLACEMENT_3D('',#11509,#9244,#9245);
#7578=AXIS2_PLACEMENT_3D('',#11513,#9247,#9248);
#7579=AXIS2_PLACEMENT_3D('',#11551,#9250,#9251);
#7580=AXIS2_PLACEMENT_3D('',#11584,#9253,#9254);
#7581=AXIS2_PLACEMENT_3D('',#11591,#9255,#9256);
#7582=AXIS2_PLACEMENT_3D('',#11593,#9257,#9258);
#7583=AXIS2_PLACEMENT_3D('',#11609,#9260,#9261);
#7584=AXIS2_PLACEMENT_3D('',#11613,#9264,#9265);
#7585=AXIS2_PLACEMENT_3D('',#11622,#9266,#9267);
#7586=AXIS2_PLACEMENT_3D('',#11629,#9268,#9269);
#7587=AXIS2_PLACEMENT_3D('',#11631,#9270,#9271);
#7588=AXIS2_PLACEMENT_3D('',#11633,#9273,#9274);
#7589=AXIS2_PLACEMENT_3D('',#11635,#9275,#9276);
#7590=AXIS2_PLACEMENT_3D('',#11637,#9278,#9279);
#7591=AXIS2_PLACEMENT_3D('',#11641,#9282,#9283);
#7592=AXIS2_PLACEMENT_3D('',#11643,#9284,#9285);
#7593=AXIS2_PLACEMENT_3D('',#11645,#9287,#9288);
#7594=AXIS2_PLACEMENT_3D('',#11647,#9289,#9290);
#7595=AXIS2_PLACEMENT_3D('',#11649,#9292,#9293);
#7596=AXIS2_PLACEMENT_3D('',#11653,#9296,#9297);
#7597=AXIS2_PLACEMENT_3D('',#11699,#9299,#9300);
#7598=AXIS2_PLACEMENT_3D('',#11701,#9301,#9302);
#7599=AXIS2_PLACEMENT_3D('',#11703,#9304,#9305);
#7600=AXIS2_PLACEMENT_3D('',#11707,#9308,#9309);
#7601=AXIS2_PLACEMENT_3D('',#11738,#9311,#9312);
#7602=AXIS2_PLACEMENT_3D('',#11740,#9314,#9315);
#7603=AXIS2_PLACEMENT_3D('',#11742,#9316,#9317);
#7604=AXIS2_PLACEMENT_3D('',#11743,#9318,#9319);
#7605=AXIS2_PLACEMENT_3D('',#11744,#9320,#9321);
#7606=AXIS2_PLACEMENT_3D('',#11746,#9322,#9323);
#7607=AXIS2_PLACEMENT_3D('',#11748,#9324,#9325);
#7608=AXIS2_PLACEMENT_3D('',#11784,#9326,#9327);
#7609=AXIS2_PLACEMENT_3D('',#11786,#9328,#9329);
#7610=AXIS2_PLACEMENT_3D('',#11788,#9331,#9332);
#7611=AXIS2_PLACEMENT_3D('',#11790,#9333,#9334);
#7612=AXIS2_PLACEMENT_3D('',#11791,#9335,#9336);
#7613=AXIS2_PLACEMENT_3D('',#11792,#9337,#9338);
#7614=AXIS2_PLACEMENT_3D('',#11794,#9339,#9340);
#7615=AXIS2_PLACEMENT_3D('',#11796,#9342,#9343);
#7616=AXIS2_PLACEMENT_3D('',#11798,#9344,#9345);
#7617=AXIS2_PLACEMENT_3D('',#11799,#9346,#9347);
#7618=AXIS2_PLACEMENT_3D('',#11800,#9348,#9349);
#7619=AXIS2_PLACEMENT_3D('',#11843,#9351,#9352);
#7620=AXIS2_PLACEMENT_3D('',#11844,#9353,#9354);
#7621=AXIS2_PLACEMENT_3D('',#11845,#9355,#9356);
#7622=AXIS2_PLACEMENT_3D('',#11848,#9358,#9359);
#7623=AXIS2_PLACEMENT_3D('',#11875,#9360,#9361);
#7624=AXIS2_PLACEMENT_3D('',#11876,#9362,#9363);
#7625=AXIS2_PLACEMENT_3D('',#11903,#9364,#9365);
#7626=AXIS2_PLACEMENT_3D('',#11904,#9366,#9367);
#7627=AXIS2_PLACEMENT_3D('',#11905,#9368,#9369);
#7628=AXIS2_PLACEMENT_3D('',#11908,#9371,#9372);
#7629=AXIS2_PLACEMENT_3D('',#11935,#9373,#9374);
#7630=AXIS2_PLACEMENT_3D('',#11936,#9375,#9376);
#7631=AXIS2_PLACEMENT_3D('',#11963,#9377,#9378);
#7632=AXIS2_PLACEMENT_3D('',#11964,#9379,#9380);
#7633=AXIS2_PLACEMENT_3D('',#11965,#9381,#9382);
#7634=AXIS2_PLACEMENT_3D('',#11968,#9384,#9385);
#7635=AXIS2_PLACEMENT_3D('',#11969,#9386,#9387);
#7636=AXIS2_PLACEMENT_3D('',#11985,#9388,#9389);
#7637=AXIS2_PLACEMENT_3D('',#12007,#9390,#9391);
#7638=AXIS2_PLACEMENT_3D('',#12008,#9392,#9393);
#7639=AXIS2_PLACEMENT_3D('',#12030,#9394,#9395);
#7640=AXIS2_PLACEMENT_3D('',#12031,#9396,#9397);
#7641=AXIS2_PLACEMENT_3D('',#12060,#9398,#9399);
#7642=AXIS2_PLACEMENT_3D('',#12062,#9400,#9401);
#7643=AXIS2_PLACEMENT_3D('',#12065,#9403,#9404);
#7644=AXIS2_PLACEMENT_3D('',#12092,#9405,#9406);
#7645=AXIS2_PLACEMENT_3D('',#12093,#9407,#9408);
#7646=AXIS2_PLACEMENT_3D('',#12094,#9409,#9410);
#7647=AXIS2_PLACEMENT_3D('',#12097,#9412,#9413);
#7648=AXIS2_PLACEMENT_3D('',#12119,#9414,#9415);
#7649=AXIS2_PLACEMENT_3D('',#12120,#9416,#9417);
#7650=AXIS2_PLACEMENT_3D('',#12121,#9418,#9419);
#7651=AXIS2_PLACEMENT_3D('',#12133,#9421,#9422);
#7652=AXIS2_PLACEMENT_3D('',#12160,#9423,#9424);
#7653=AXIS2_PLACEMENT_3D('',#12161,#9425,#9426);
#7654=AXIS2_PLACEMENT_3D('',#12162,#9427,#9428);
#7655=AXIS2_PLACEMENT_3D('',#12165,#9430,#9431);
#7656=AXIS2_PLACEMENT_3D('',#12192,#9432,#9433);
#7657=AXIS2_PLACEMENT_3D('',#12193,#9434,#9435);
#7658=AXIS2_PLACEMENT_3D('',#12194,#9436,#9437);
#7659=AXIS2_PLACEMENT_3D('',#12197,#9439,#9440);
#7660=AXIS2_PLACEMENT_3D('',#12224,#9441,#9442);
#7661=AXIS2_PLACEMENT_3D('',#12225,#9443,#9444);
#7662=AXIS2_PLACEMENT_3D('',#12226,#9445,#9446);
#7663=AXIS2_PLACEMENT_3D('',#12280,#9448,#9449);
#7664=AXIS2_PLACEMENT_3D('',#12281,#9450,#9451);
#7665=AXIS2_PLACEMENT_3D('',#12283,#9453,#9454);
#7666=AXIS2_PLACEMENT_3D('',#12286,#9455,#9456);
#7667=AXIS2_PLACEMENT_3D('',#12290,#9458,#9459);
#7668=AXIS2_PLACEMENT_3D('',#12293,#9462,#9463);
#7669=AXIS2_PLACEMENT_3D('',#12296,#9464,#9465);
#7670=AXIS2_PLACEMENT_3D('',#12300,#9467,#9468);
#7671=AXIS2_PLACEMENT_3D('',#12302,#9470,#9471);
#7672=AXIS2_PLACEMENT_3D('',#12329,#9476,#9477);
#7673=AXIS2_PLACEMENT_3D('',#12331,#9478,#9479);
#7674=AXIS2_PLACEMENT_3D('',#12333,#9481,#9482);
#7675=AXIS2_PLACEMENT_3D('',#12337,#9485,#9486);
#7676=AXIS2_PLACEMENT_3D('',#12338,#9487,#9488);
#7677=AXIS2_PLACEMENT_3D('',#12396,#9492,#9493);
#7678=AXIS2_PLACEMENT_3D('',#12433,#9497,#9498);
#7679=AXIS2_PLACEMENT_3D('',#12435,#9500,#9501);
#7680=AXIS2_PLACEMENT_3D('',#12437,#9503,#9504);
#7681=AXIS2_PLACEMENT_3D('',#12442,#9505,#9506);
#7682=AXIS2_PLACEMENT_3D('',#12492,#9511,#9512);
#7683=AXIS2_PLACEMENT_3D('',#12494,#9513,#9514);
#7684=AXIS2_PLACEMENT_3D('',#12497,#9516,#9517);
#7685=AXIS2_PLACEMENT_3D('',#12516,#9520,#9521);
#7686=AXIS2_PLACEMENT_3D('',#12518,#9522,#9523);
#7687=AXIS2_PLACEMENT_3D('',#12520,#9525,#9526);
#7688=AXIS2_PLACEMENT_3D('',#12524,#9529,#9530);
#7689=AXIS2_PLACEMENT_3D('',#12525,#9531,#9532);
#7690=AXIS2_PLACEMENT_3D('',#12561,#9536,#9537);
#7691=AXIS2_PLACEMENT_3D('',#12579,#9539,#9540);
#7692=AXIS2_PLACEMENT_3D('',#12581,#9542,#9543);
#7693=AXIS2_PLACEMENT_3D('',#12583,#9545,#9546);
#7694=AXIS2_PLACEMENT_3D('',#12584,#9547,#9548);
#7695=AXIS2_PLACEMENT_3D('',#12588,#9551,#9552);
#7696=AXIS2_PLACEMENT_3D('',#12593,#9556,#9557);
#7697=AXIS2_PLACEMENT_3D('',#12597,#9560,#9561);
#7698=AXIS2_PLACEMENT_3D('',#12599,#9563,#9564);
#7699=AXIS2_PLACEMENT_3D('',#12603,#9566,#9567);
#7700=AXIS2_PLACEMENT_3D('',#12605,#9569,#9570);
#7701=AXIS2_PLACEMENT_3D('',#12609,#9573,#9574);
#7702=AXIS2_PLACEMENT_3D('',#12611,#9575,#9576);
#7703=AXIS2_PLACEMENT_3D('',#12613,#9578,#9579);
#7704=AXIS2_PLACEMENT_3D('',#12617,#9582,#9583);
#7705=AXIS2_PLACEMENT_3D('',#12619,#9584,#9585);
#7706=AXIS2_PLACEMENT_3D('',#12621,#9587,#9588);
#7707=AXIS2_PLACEMENT_3D('',#12623,#9590,#9591);
#7708=AXIS2_PLACEMENT_3D('',#12627,#9594,#9595);
#7709=AXIS2_PLACEMENT_3D('',#12629,#9596,#9597);
#7710=AXIS2_PLACEMENT_3D('',#12631,#9599,#9600);
#7711=AXIS2_PLACEMENT_3D('',#12633,#9602,#9603);
#7712=AXIS2_PLACEMENT_3D('',#12634,#9604,#9605);
#7713=AXIS2_PLACEMENT_3D('',#12636,#9606,#9607);
#7714=AXIS2_PLACEMENT_3D('',#12638,#9609,#9610);
#7715=AXIS2_PLACEMENT_3D('',#12644,#9614,#9615);
#7716=AXIS2_PLACEMENT_3D('',#12646,#9616,#9617);
#7717=AXIS2_PLACEMENT_3D('',#12648,#9619,#9620);
#7718=AXIS2_PLACEMENT_3D('',#12650,#9622,#9623);
#7719=AXIS2_PLACEMENT_3D('',#12654,#9626,#9627);
#7720=AXIS2_PLACEMENT_3D('',#12656,#9628,#9629);
#7721=AXIS2_PLACEMENT_3D('',#12658,#9631,#9632);
#7722=AXIS2_PLACEMENT_3D('',#12662,#9635,#9636);
#7723=AXIS2_PLACEMENT_3D('',#12663,#9637,#9638);
#7724=AXIS2_PLACEMENT_3D('',#12664,#9639,#9640);
#7725=AXIS2_PLACEMENT_3D('',#12671,#9645,#9646);
#7726=AXIS2_PLACEMENT_3D('',#12673,#9647,#9648);
#7727=AXIS2_PLACEMENT_3D('',#12675,#9650,#9651);
#7728=AXIS2_PLACEMENT_3D('',#12679,#9654,#9655);
#7729=AXIS2_PLACEMENT_3D('',#12681,#9656,#9657);
#7730=AXIS2_PLACEMENT_3D('',#12683,#9659,#9660);
#7731=AXIS2_PLACEMENT_3D('',#12687,#9663,#9664);
#7732=AXIS2_PLACEMENT_3D('',#12689,#9665,#9666);
#7733=AXIS2_PLACEMENT_3D('',#12691,#9668,#9669);
#7734=AXIS2_PLACEMENT_3D('',#12695,#9672,#9673);
#7735=AXIS2_PLACEMENT_3D('',#12696,#9674,#9675);
#7736=AXIS2_PLACEMENT_3D('',#12697,#9676,#9677);
#7737=AXIS2_PLACEMENT_3D('',#12699,#9679,#9680);
#7738=AXIS2_PLACEMENT_3D('',#12703,#9683,#9684);
#7739=AXIS2_PLACEMENT_3D('',#12705,#9685,#9686);
#7740=AXIS2_PLACEMENT_3D('',#12707,#9688,#9689);
#7741=AXIS2_PLACEMENT_3D('',#12709,#9691,#9692);
#7742=AXIS2_PLACEMENT_3D('',#12715,#9696,#9697);
#7743=AXIS2_PLACEMENT_3D('',#12719,#9700,#9701);
#7744=AXIS2_PLACEMENT_3D('',#12723,#9704,#9705);
#7745=AXIS2_PLACEMENT_3D('',#12725,#9707,#9708);
#7746=AXIS2_PLACEMENT_3D('',#12729,#9711,#9712);
#7747=AXIS2_PLACEMENT_3D('',#12730,#9713,#9714);
#7748=AXIS2_PLACEMENT_3D('',#12747,#9715,#9716);
#7749=AXIS2_PLACEMENT_3D('',#12749,#9717,#9718);
#7750=AXIS2_PLACEMENT_3D('',#12750,#9719,#9720);
#7751=AXIS2_PLACEMENT_3D('',#12751,#9721,#9722);
#7752=AXIS2_PLACEMENT_3D('',#12759,#9726,#9727);
#7753=AXIS2_PLACEMENT_3D('',#12760,#9728,#9729);
#7754=AXIS2_PLACEMENT_3D('',#12765,#9731,#9732);
#7755=AXIS2_PLACEMENT_3D('',#12769,#9735,#9736);
#7756=AXIS2_PLACEMENT_3D('',#12770,#9737,#9738);
#7757=AXIS2_PLACEMENT_3D('',#12771,#9739,#9740);
#7758=AXIS2_PLACEMENT_3D('',#12772,#9741,#9742);
#7759=AXIS2_PLACEMENT_3D('',#12774,#9743,#9744);
#7760=AXIS2_PLACEMENT_3D('',#12776,#9746,#9747);
#7761=AXIS2_PLACEMENT_3D('',#12781,#9749,#9750);
#7762=AXIS2_PLACEMENT_3D('',#12784,#9753,#9754);
#7763=AXIS2_PLACEMENT_3D('',#12785,#9755,#9756);
#7764=AXIS2_PLACEMENT_3D('',#12786,#9757,#9758);
#7765=AXIS2_PLACEMENT_3D('',#12798,#9759,#9760);
#7766=AXIS2_PLACEMENT_3D('',#12807,#9761,#9762);
#7767=AXIS2_PLACEMENT_3D('',#12808,#9763,#9764);
#7768=AXIS2_PLACEMENT_3D('',#12809,#9765,#9766);
#7769=AXIS2_PLACEMENT_3D('',#12810,#9767,#9768);
#7770=AXIS2_PLACEMENT_3D('',#12811,#9769,#9770);
#7771=AXIS2_PLACEMENT_3D('',#12812,#9771,#9772);
#7772=AXIS2_PLACEMENT_3D('',#12813,#9773,#9774);
#7773=AXIS2_PLACEMENT_3D('',#12838,#9775,#9776);
#7774=AXIS2_PLACEMENT_3D('',#12869,#9778,#9779);
#7775=AXIS2_PLACEMENT_3D('',#12871,#9780,#9781);
#7776=AXIS2_PLACEMENT_3D('',#12872,#9782,#9783);
#7777=AXIS2_PLACEMENT_3D('',#12926,#9784,#9785);
#7778=AXIS2_PLACEMENT_3D('',#12927,#9786,#9787);
#7779=AXIS2_PLACEMENT_3D('',#12928,#9788,#9789);
#7780=AXIS2_PLACEMENT_3D('',#12929,#9790,#9791);
#7781=AXIS2_PLACEMENT_3D('',#12931,#9792,#9793);
#7782=AXIS2_PLACEMENT_3D('',#12933,#9794,#9795);
#7783=AXIS2_PLACEMENT_3D('',#12934,#9796,#9797);
#7784=AXIS2_PLACEMENT_3D('',#12935,#9798,#9799);
#7785=AXIS2_PLACEMENT_3D('',#12969,#9801,#9802);
#7786=AXIS2_PLACEMENT_3D('',#12975,#9806,#9807);
#7787=AXIS2_PLACEMENT_3D('',#12976,#9808,#9809);
#7788=AXIS2_PLACEMENT_3D('',#12977,#9810,#9811);
#7789=AXIS2_PLACEMENT_3D('',#12980,#9813,#9814);
#7790=AXIS2_PLACEMENT_3D('',#12981,#9815,#9816);
#7791=AXIS2_PLACEMENT_3D('',#12985,#9819,#9820);
#7792=AXIS2_PLACEMENT_3D('',#12986,#9821,#9822);
#7793=AXIS2_PLACEMENT_3D('',#12987,#9823,#9824);
#7794=AXIS2_PLACEMENT_3D('',#12989,#9826,#9827);
#7795=AXIS2_PLACEMENT_3D('',#12991,#9829,#9830);
#7796=AXIS2_PLACEMENT_3D('',#12994,#9833,#9834);
#7797=AXIS2_PLACEMENT_3D('',#12996,#9836,#9837);
#7798=AXIS2_PLACEMENT_3D('',#12998,#9839,#9840);
#7799=AXIS2_PLACEMENT_3D('',#12999,#9841,#9842);
#7800=AXIS2_PLACEMENT_3D('',#13020,#9843,#9844);
#7801=AXIS2_PLACEMENT_3D('',#13021,#9845,#9846);
#7802=AXIS2_PLACEMENT_3D('',#13022,#9847,#9848);
#7803=AXIS2_PLACEMENT_3D('',#13023,#9849,#9850);
#7804=AXIS2_PLACEMENT_3D('',#13024,#9851,#9852);
#7805=AXIS2_PLACEMENT_3D('',#13025,#9853,#9854);
#7806=AXIS2_PLACEMENT_3D('',#13080,#9857,#9858);
#7807=DIRECTION('axis',(0.,0.,1.));
#7808=DIRECTION('refdir',(1.,0.,0.));
#7809=DIRECTION('center_axis',(0.,0.,1.));
#7810=DIRECTION('ref_axis',(-1.,0.,0.));
#7811=DIRECTION('center_axis',(0.,0.,1.));
#7812=DIRECTION('ref_axis',(-1.,0.,0.));
#7813=DIRECTION('',(0.,0.,1.));
#7814=DIRECTION('center_axis',(0.,0.,1.));
#7815=DIRECTION('ref_axis',(-1.,0.,0.));
#7816=DIRECTION('center_axis',(0.,0.,1.));
#7817=DIRECTION('ref_axis',(-1.,0.,0.));
#7818=DIRECTION('center_axis',(0.,0.,1.));
#7819=DIRECTION('ref_axis',(-1.,0.,0.));
#7820=DIRECTION('center_axis',(0.,0.,1.));
#7821=DIRECTION('ref_axis',(-1.,0.,0.));
#7822=DIRECTION('',(0.,0.,1.));
#7823=DIRECTION('center_axis',(0.,0.,1.));
#7824=DIRECTION('ref_axis',(-1.,0.,0.));
#7825=DIRECTION('center_axis',(0.,0.,1.));
#7826=DIRECTION('ref_axis',(-1.,0.,0.));
#7827=DIRECTION('center_axis',(0.,0.,1.));
#7828=DIRECTION('ref_axis',(-1.,0.,0.));
#7829=DIRECTION('center_axis',(0.,0.,1.));
#7830=DIRECTION('ref_axis',(-1.,0.,0.));
#7831=DIRECTION('',(0.,0.,1.));
#7832=DIRECTION('center_axis',(0.,0.,1.));
#7833=DIRECTION('ref_axis',(-1.,0.,0.));
#7834=DIRECTION('center_axis',(0.,0.,1.));
#7835=DIRECTION('ref_axis',(-1.,0.,0.));
#7836=DIRECTION('center_axis',(0.,0.,1.));
#7837=DIRECTION('ref_axis',(-1.,0.,0.));
#7838=DIRECTION('center_axis',(0.,0.,1.));
#7839=DIRECTION('ref_axis',(-1.,0.,0.));
#7840=DIRECTION('',(0.,0.,1.));
#7841=DIRECTION('center_axis',(0.,0.,1.));
#7842=DIRECTION('ref_axis',(-1.,0.,0.));
#7843=DIRECTION('center_axis',(0.,0.,1.));
#7844=DIRECTION('ref_axis',(-1.,0.,0.));
#7845=DIRECTION('center_axis',(0.,0.,1.));
#7846=DIRECTION('ref_axis',(-1.,0.,0.));
#7847=DIRECTION('center_axis',(0.,0.,1.));
#7848=DIRECTION('ref_axis',(-1.,0.,0.));
#7849=DIRECTION('',(0.,0.,-1.));
#7850=DIRECTION('center_axis',(0.,0.,-1.));
#7851=DIRECTION('ref_axis',(-1.,0.,0.));
#7852=DIRECTION('center_axis',(0.,0.,1.));
#7853=DIRECTION('ref_axis',(1.,0.,0.));
#7854=DIRECTION('center_axis',(0.,0.,1.));
#7855=DIRECTION('ref_axis',(-1.,0.,0.));
#7856=DIRECTION('center_axis',(0.,0.,1.));
#7857=DIRECTION('ref_axis',(-1.,0.,0.));
#7858=DIRECTION('',(0.,0.,-1.));
#7859=DIRECTION('center_axis',(0.,0.,-1.));
#7860=DIRECTION('ref_axis',(-1.,0.,0.));
#7861=DIRECTION('center_axis',(0.,0.,1.));
#7862=DIRECTION('ref_axis',(1.,0.,0.));
#7863=DIRECTION('center_axis',(0.,0.,1.));
#7864=DIRECTION('ref_axis',(1.,0.,0.));
#7865=DIRECTION('center_axis',(0.,0.,-1.));
#7866=DIRECTION('ref_axis',(1.,0.,0.));
#7867=DIRECTION('',(0.,0.,1.));
#7868=DIRECTION('center_axis',(0.,0.,-1.));
#7869=DIRECTION('ref_axis',(1.,0.,0.));
#7870=DIRECTION('',(0.,0.,-1.));
#7871=DIRECTION('center_axis',(1.,0.,0.));
#7872=DIRECTION('ref_axis',(0.,1.,0.));
#7873=DIRECTION('',(0.,1.,0.));
#7874=DIRECTION('',(0.,0.,1.));
#7875=DIRECTION('',(-4.0752773549769E-11,-1.,0.));
#7876=DIRECTION('center_axis',(0.,0.,1.));
#7877=DIRECTION('ref_axis',(1.,0.,0.));
#7878=DIRECTION('center_axis',(0.,0.,1.));
#7879=DIRECTION('ref_axis',(1.,0.,0.));
#7880=DIRECTION('',(0.,0.,-1.));
#7881=DIRECTION('center_axis',(0.,0.,-1.));
#7882=DIRECTION('ref_axis',(1.,0.,0.));
#7883=DIRECTION('',(0.,0.,1.));
#7884=DIRECTION('center_axis',(0.,0.,1.));
#7885=DIRECTION('ref_axis',(1.,0.,0.));
#7886=DIRECTION('',(0.,0.,1.));
#7887=DIRECTION('center_axis',(0.,0.,1.));
#7888=DIRECTION('ref_axis',(1.,0.,0.));
#7889=DIRECTION('',(0.,0.,-1.));
#7890=DIRECTION('center_axis',(0.,0.,-1.));
#7891=DIRECTION('ref_axis',(1.,0.,0.));
#7892=DIRECTION('center_axis',(-0.999999999999999,4.27509741759549E-8,0.));
#7893=DIRECTION('ref_axis',(4.27509741759549E-8,0.999999999999999,0.));
#7894=DIRECTION('',(-4.27509741759549E-8,-0.999999999999999,0.));
#7895=DIRECTION('',(0.,0.,1.));
#7896=DIRECTION('',(4.27509741759549E-8,0.999999999999999,0.));
#7897=DIRECTION('center_axis',(-3.13722250862034E-13,1.,0.));
#7898=DIRECTION('ref_axis',(-1.,-3.13722250862034E-13,0.));
#7899=DIRECTION('',(-1.,-3.13722250862034E-13,0.));
#7900=DIRECTION('',(0.,0.,-1.));
#7901=DIRECTION('',(-1.,-3.13722250862034E-13,0.));
#7902=DIRECTION('center_axis',(0.,0.,-1.));
#7903=DIRECTION('ref_axis',(-1.,0.,0.));
#7904=DIRECTION('',(2.5414573137261E-14,1.,0.));
#7905=DIRECTION('',(0.00967520327453463,0.999953194125403,0.));
#7906=DIRECTION('center_axis',(0.,0.,1.));
#7907=DIRECTION('ref_axis',(1.,0.,0.));
#7908=DIRECTION('center_axis',(0.,0.,1.));
#7909=DIRECTION('ref_axis',(1.,0.,0.));
#7910=DIRECTION('',(0.,-1.,0.));
#7911=DIRECTION('',(-1.,9.59762949049091E-13,0.));
#7912=DIRECTION('',(-3.14228265440589E-13,1.,0.));
#7913=DIRECTION('',(-1.,-3.14709141271191E-13,0.));
#7914=DIRECTION('',(-0.707106781186522,0.707106781186573,0.));
#7915=DIRECTION('',(3.72781087265289E-13,1.,0.));
#7916=DIRECTION('',(-1.,3.78172928191482E-13,0.));
#7917=DIRECTION('',(3.39013107356773E-12,1.,0.));
#7918=DIRECTION('center_axis',(0.,0.,-1.));
#7919=DIRECTION('ref_axis',(-0.608565579276113,-0.793503582676429,0.));
#7920=DIRECTION('',(-0.909084058657549,0.416612738997162,0.));
#7921=DIRECTION('center_axis',(0.,0.,1.));
#7922=DIRECTION('ref_axis',(0.416649717081991,0.9090671115245,0.));
#7923=DIRECTION('',(0.422618231013493,0.906307801364981,0.));
#7924=DIRECTION('center_axis',(0.,0.,1.));
#7925=DIRECTION('ref_axis',(0.906305342849842,-0.422623503276653,0.));
#7926=DIRECTION('',(0.911040253068281,-0.412317422975653,0.));
#7927=DIRECTION('center_axis',(0.,0.,-1.));
#7928=DIRECTION('ref_axis',(0.262780283281473,0.964855700464328,0.));
#7929=DIRECTION('center_axis',(0.,0.,-1.));
#7930=DIRECTION('ref_axis',(-0.0648737170497157,0.99789348170842,0.));
#7931=DIRECTION('',(-0.99789250457523,-0.0648887456541984,0.));
#7932=DIRECTION('center_axis',(0.,0.,-1.));
#7933=DIRECTION('ref_axis',(-0.0651036755506762,0.997878505345111,0.));
#7934=DIRECTION('',(-0.995221395983724,-0.0976441138840836,0.));
#7935=DIRECTION('',(-1.20456247826723E-15,1.,0.));
#7936=DIRECTION('',(0.995234226312891,0.0975132543574551,0.));
#7937=DIRECTION('',(0.,1.,0.));
#7938=DIRECTION('',(-1.,0.,0.));
#7939=DIRECTION('',(0.,-1.,0.));
#7940=DIRECTION('center_axis',(0.,0.,1.));
#7941=DIRECTION('ref_axis',(8.77881339187684E-11,-1.,0.));
#7942=DIRECTION('',(0.,-1.,0.));
#7943=DIRECTION('center_axis',(0.,0.,-1.));
#7944=DIRECTION('ref_axis',(0.0584285336176736,-0.99829159390395,0.));
#7945=DIRECTION('',(1.,8.7788324927087E-11,0.));
#7946=DIRECTION('center_axis',(0.,0.,1.));
#7947=DIRECTION('ref_axis',(2.07186658756551E-5,-0.999999999785368,0.));
#7948=DIRECTION('',(-0.00027946828101685,-0.999999960948739,0.));
#7949=DIRECTION('center_axis',(0.,0.,-1.));
#7950=DIRECTION('ref_axis',(0.965906511621251,0.258891117668539,0.));
#7951=DIRECTION('',(0.258819068444375,-0.965925820034637,0.));
#7952=DIRECTION('center_axis',(0.,0.,1.));
#7953=DIRECTION('ref_axis',(-0.961722420232893,-0.274025521478177,0.));
#7954=DIRECTION('',(-0.965925795002573,-0.258819161865284,0.));
#7955=DIRECTION('center_axis',(0.,0.,-1.));
#7956=DIRECTION('ref_axis',(0.999999702286611,0.000771638963697421,0.));
#7957=DIRECTION('',(0.000847413404341212,-0.999999640945197,0.));
#7958=DIRECTION('center_axis',(0.,0.,1.));
#7959=DIRECTION('ref_axis',(-0.999995507652012,-0.00299744487771072,0.));
#7960=DIRECTION('',(-1.,2.9998935045963E-11,0.));
#7961=DIRECTION('center_axis',(0.,0.,-1.));
#7962=DIRECTION('ref_axis',(0.984819477640742,-0.173581670862495,0.));
#7963=DIRECTION('',(-0.173648502928254,-0.984807695659806,0.));
#7964=DIRECTION('center_axis',(0.,0.,1.));
#7965=DIRECTION('ref_axis',(-0.954304255371959,0.298836724950217,0.));
#7966=DIRECTION('',(-1.,-2.4672236036754E-13,0.));
#7967=DIRECTION('center_axis',(0.,0.,1.));
#7968=DIRECTION('ref_axis',(1.87232016606567E-5,0.999999999824721,0.));
#7969=DIRECTION('',(-0.173784383576496,0.984783726523208,0.));
#7970=DIRECTION('',(-1.,-1.73103191376008E-13,0.));
#7971=DIRECTION('center_axis',(0.,0.,1.));
#7972=DIRECTION('ref_axis',(1.88632334730793E-6,0.999999999998221,0.));
#7973=DIRECTION('',(-0.173784383576532,0.984783726523202,0.));
#7974=DIRECTION('center_axis',(0.,0.,-1.));
#7975=DIRECTION('ref_axis',(-0.948595540049374,-0.316490918350648,0.));
#7976=DIRECTION('',(-1.,9.59762949049091E-13,0.));
#7977=DIRECTION('center_axis',(0.,0.,-1.));
#7978=DIRECTION('ref_axis',(-1.00152674274174E-12,-1.,0.));
#7979=DIRECTION('',(-9.63739867346254E-13,-1.,0.));
#7980=DIRECTION('center_axis',(0.,0.,-1.));
#7981=DIRECTION('ref_axis',(1.,-9.27339576612184E-13,0.));
#7982=DIRECTION('',(1.,-9.66391146211021E-13,0.));
#7983=DIRECTION('center_axis',(0.,0.,-1.));
#7984=DIRECTION('ref_axis',(-1.,9.76797687365196E-13,0.));
#7985=DIRECTION('',(-1.00881160804745E-12,-1.,0.));
#7986=DIRECTION('center_axis',(0.,0.,-1.));
#7987=DIRECTION('ref_axis',(-1.00152674274175E-12,-1.,0.));
#7988=DIRECTION('',(-1.02737056010089E-12,-1.,0.));
#7989=DIRECTION('center_axis',(0.,0.,-1.));
#7990=DIRECTION('ref_axis',(1.,-9.27339576612184E-13,0.));
#7991=DIRECTION('',(1.,-9.66391146211022E-13,0.));
#7992=DIRECTION('center_axis',(0.,0.,-1.));
#7993=DIRECTION('ref_axis',(8.28423355107212E-13,1.,0.));
#7994=DIRECTION('',(1.01013724747984E-12,1.,0.));
#7995=DIRECTION('center_axis',(0.,0.,-1.));
#7996=DIRECTION('ref_axis',(-1.,9.52068631988473E-13,0.));
#7997=DIRECTION('',(-1.,9.59762949049091E-13,0.));
#7998=DIRECTION('center_axis',(0.,0.,-1.));
#7999=DIRECTION('ref_axis',(-1.03862032580626E-12,-1.,0.));
#8000=DIRECTION('',(-1.02737056010089E-12,-1.,0.));
#8001=DIRECTION('center_axis',(0.,0.,-1.));
#8002=DIRECTION('ref_axis',(1.,-9.27339576612184E-13,0.));
#8003=DIRECTION('',(1.,-9.66391146211021E-13,0.));
#8004=DIRECTION('center_axis',(0.,0.,-1.));
#8005=DIRECTION('ref_axis',(7.85147508198597E-13,1.,0.));
#8006=DIRECTION('',(1.00814878833126E-12,1.,0.));
#8007=DIRECTION('center_axis',(0.,0.,-1.));
#8008=DIRECTION('ref_axis',(-1.,9.27339576612161E-13,0.));
#8009=DIRECTION('',(-1.,9.59762949049093E-13,0.));
#8010=DIRECTION('center_axis',(0.,0.,-1.));
#8011=DIRECTION('ref_axis',(0.2079116908188,0.978147600733584,0.));
#8012=DIRECTION('',(0.207911690818893,0.978147600733565,0.));
#8013=DIRECTION('center_axis',(0.,0.,-1.));
#8014=DIRECTION('ref_axis',(-0.978147600733554,0.207911690818946,0.));
#8015=DIRECTION('',(-0.978147600733565,0.20791169081889,0.));
#8016=DIRECTION('center_axis',(0.,0.,-1.));
#8017=DIRECTION('ref_axis',(-0.207911690819006,-0.978147600733541,0.));
#8018=DIRECTION('',(-0.207911690818893,-0.978147600733565,0.));
#8019=DIRECTION('center_axis',(0.,0.,-1.));
#8020=DIRECTION('ref_axis',(0.978147600733537,-0.207911690819025,0.));
#8021=DIRECTION('',(0.978147600733564,-0.207911690818896,0.));
#8022=DIRECTION('',(-0.422618261741686,-0.90630778703619,0.));
#8023=DIRECTION('center_axis',(0.,0.,-1.));
#8024=DIRECTION('ref_axis',(0.906307787036182,-0.422618261741702,0.));
#8025=DIRECTION('',(0.906307787036189,-0.422618261741689,0.));
#8026=DIRECTION('center_axis',(0.,0.,-1.));
#8027=DIRECTION('ref_axis',(0.422618261741647,0.906307787036208,0.));
#8028=DIRECTION('',(0.422618261741684,0.906307787036191,0.));
#8029=DIRECTION('center_axis',(0.,0.,-1.));
#8030=DIRECTION('ref_axis',(-0.906307787036187,0.422618261741692,0.));
#8031=DIRECTION('',(-0.906307787036191,0.422618261741684,0.));
#8032=DIRECTION('center_axis',(0.,0.,-1.));
#8033=DIRECTION('ref_axis',(-0.422618261741642,-0.90630778703621,0.));
#8034=DIRECTION('center_axis',(0.,0.,-1.));
#8035=DIRECTION('ref_axis',(-0.0871557427466565,0.996194698091833,0.));
#8036=DIRECTION('',(-0.08715574274663,0.996194698091835,0.));
#8037=DIRECTION('center_axis',(0.,0.,-1.));
#8038=DIRECTION('ref_axis',(-0.99619469809183,-0.0871557427466981,0.));
#8039=DIRECTION('',(-0.996194698091825,-0.0871557427467495,0.));
#8040=DIRECTION('center_axis',(0.,0.,-1.));
#8041=DIRECTION('ref_axis',(0.0871557427464979,-0.996194698091847,0.));
#8042=DIRECTION('',(0.0871557427466779,-0.996194698091831,0.));
#8043=DIRECTION('center_axis',(0.,0.,-1.));
#8044=DIRECTION('ref_axis',(0.996194698091833,0.0871557427466608,0.));
#8045=DIRECTION('',(0.996194698091827,0.0871557427467262,0.));
#8046=DIRECTION('center_axis',(0.,0.,-1.));
#8047=DIRECTION('ref_axis',(-1.,9.27339576612161E-13,0.));
#8048=DIRECTION('',(-1.,8.97457895726844E-13,0.));
#8049=DIRECTION('center_axis',(0.,0.,-1.));
#8050=DIRECTION('ref_axis',(-1.02625579811809E-12,-1.,0.));
#8051=DIRECTION('',(-1.02737056010089E-12,-1.,0.));
#8052=DIRECTION('center_axis',(0.,0.,-1.));
#8053=DIRECTION('ref_axis',(1.,-9.27339576612172E-13,0.));
#8054=DIRECTION('',(1.,-9.67053965927216E-13,0.));
#8055=DIRECTION('center_axis',(0.,0.,-1.));
#8056=DIRECTION('ref_axis',(8.22241091263123E-13,1.,0.));
#8057=DIRECTION('',(1.00814878833126E-12,1.,0.));
#8058=DIRECTION('center_axis',(0.,0.,-1.));
#8059=DIRECTION('ref_axis',(-0.0871557427466575,0.996194698091833,0.));
#8060=DIRECTION('',(-0.0871557427466296,0.996194698091836,0.));
#8061=DIRECTION('center_axis',(0.,0.,-1.));
#8062=DIRECTION('ref_axis',(-0.996194698091827,-0.0871557427467283,0.));
#8063=DIRECTION('',(-0.996194698091825,-0.0871557427467467,0.));
#8064=DIRECTION('center_axis',(0.,0.,-1.));
#8065=DIRECTION('ref_axis',(0.0871557427465085,-0.996194698091846,0.));
#8066=DIRECTION('',(0.0871557427466779,-0.996194698091831,0.));
#8067=DIRECTION('center_axis',(0.,0.,-1.));
#8068=DIRECTION('ref_axis',(0.996194698091835,0.0871557427466362,0.));
#8069=DIRECTION('',(0.996194698091827,0.0871557427467281,0.));
#8070=DIRECTION('center_axis',(0.,0.,-1.));
#8071=DIRECTION('ref_axis',(-0.965925826289188,-0.258819045102074,0.));
#8072=DIRECTION('',(-0.965925826289161,-0.258819045102173,0.));
#8073=DIRECTION('center_axis',(0.,0.,-1.));
#8074=DIRECTION('ref_axis',(0.258819045102038,-0.965925826289198,0.));
#8075=DIRECTION('',(0.258819045101926,-0.965925826289228,0.));
#8076=DIRECTION('center_axis',(0.,0.,-1.));
#8077=DIRECTION('ref_axis',(0.965925826289191,0.258819045102064,0.));
#8078=DIRECTION('',(0.965925826289182,0.258819045102096,0.));
#8079=DIRECTION('center_axis',(0.,0.,-1.));
#8080=DIRECTION('ref_axis',(-0.25881904510207,0.965925826289189,0.));
#8081=DIRECTION('',(-0.258819045101968,0.965925826289216,0.));
#8082=DIRECTION('center_axis',(0.,0.,-1.));
#8083=DIRECTION('ref_axis',(8.03694299730867E-13,1.,0.));
#8084=DIRECTION('',(1.01146288691223E-12,1.,0.));
#8085=DIRECTION('center_axis',(0.,0.,-1.));
#8086=DIRECTION('ref_axis',(-1.,9.27339576612126E-13,0.));
#8087=DIRECTION('',(-1.,8.96795076010649E-13,0.));
#8088=DIRECTION('center_axis',(0.,0.,-1.));
#8089=DIRECTION('ref_axis',(-1.00152674274173E-12,-1.,0.));
#8090=DIRECTION('',(-9.63739867346253E-13,-1.,0.));
#8091=DIRECTION('center_axis',(0.,0.,-1.));
#8092=DIRECTION('ref_axis',(1.,-9.1497504892401E-13,0.));
#8093=DIRECTION('',(1.,-9.21982225226015E-13,0.));
#8094=DIRECTION('center_axis',(0.,0.,-1.));
#8095=DIRECTION('ref_axis',(-1.,9.27339576612149E-13,0.));
#8096=DIRECTION('',(-1.,8.97457895726844E-13,0.));
#8097=DIRECTION('center_axis',(0.,0.,-1.));
#8098=DIRECTION('ref_axis',(-1.02625579811809E-12,-1.,0.));
#8099=DIRECTION('',(-1.02737056010089E-12,-1.,0.));
#8100=DIRECTION('center_axis',(0.,0.,-1.));
#8101=DIRECTION('ref_axis',(1.,-9.27339576612172E-13,0.));
#8102=DIRECTION('',(1.,-9.67053965927215E-13,0.));
#8103=DIRECTION('center_axis',(0.,0.,-1.));
#8104=DIRECTION('ref_axis',(8.03694299730867E-13,1.,0.));
#8105=DIRECTION('',(1.01013724747984E-12,1.,0.));
#8106=DIRECTION('center_axis',(0.,0.,-1.));
#8107=DIRECTION('ref_axis',(-0.996194698091827,-0.0871557427467283,0.));
#8108=DIRECTION('',(-0.996194698091825,-0.0871557427467466,0.));
#8109=DIRECTION('center_axis',(0.,0.,-1.));
#8110=DIRECTION('ref_axis',(0.0871557427465024,-0.996194698091847,0.));
#8111=DIRECTION('',(0.0871557427466169,-0.996194698091837,0.));
#8112=DIRECTION('center_axis',(0.,0.,-1.));
#8113=DIRECTION('ref_axis',(0.996194698091835,0.0871557427466407,0.));
#8114=DIRECTION('',(0.996194698091832,0.0871557427466745,0.));
#8115=DIRECTION('center_axis',(0.,0.,-1.));
#8116=DIRECTION('ref_axis',(-0.0871557427466559,0.996194698091833,0.));
#8117=DIRECTION('',(-0.0871557427466313,0.996194698091835,0.));
#8118=DIRECTION('center_axis',(0.,0.,-1.));
#8119=DIRECTION('ref_axis',(8.22241091263128E-13,1.,0.));
#8120=DIRECTION('',(1.00881160804746E-12,1.,0.));
#8121=DIRECTION('center_axis',(0.,0.,-1.));
#8122=DIRECTION('ref_axis',(-1.,9.52068631988491E-13,0.));
#8123=DIRECTION('',(-1.,8.98783535159231E-13,0.));
#8124=DIRECTION('center_axis',(0.,0.,-1.));
#8125=DIRECTION('ref_axis',(-1.00152674274173E-12,-1.,0.));
#8126=DIRECTION('',(-9.63739867346254E-13,-1.,0.));
#8127=DIRECTION('center_axis',(0.,0.,-1.));
#8128=DIRECTION('ref_axis',(1.,-9.27339576612172E-13,0.));
#8129=DIRECTION('',(1.,-9.20656585793628E-13,0.));
#8130=DIRECTION('center_axis',(0.,0.,1.));
#8131=DIRECTION('ref_axis',(1.,0.,0.));
#8132=DIRECTION('center_axis',(0.,0.,-1.));
#8133=DIRECTION('ref_axis',(-0.96592582628918,-0.258819045102104,0.));
#8134=DIRECTION('',(-0.965925826289176,-0.258819045102118,0.));
#8135=DIRECTION('center_axis',(0.,0.,-1.));
#8136=DIRECTION('ref_axis',(0.25881904510201,-0.965925826289205,0.));
#8137=DIRECTION('',(0.258819045101991,-0.96592582628921,0.));
#8138=DIRECTION('center_axis',(0.,0.,-1.));
#8139=DIRECTION('ref_axis',(0.965925826289189,0.258819045102072,0.));
#8140=DIRECTION('',(0.965925826289194,0.258819045102052,0.));
#8141=DIRECTION('center_axis',(0.,0.,-1.));
#8142=DIRECTION('ref_axis',(-0.258819045102105,0.96592582628918,0.));
#8143=DIRECTION('',(-0.258819045102012,0.965925826289205,0.));
#8144=DIRECTION('center_axis',(0.,0.,-1.));
#8145=DIRECTION('ref_axis',(-0.965925826289189,-0.258819045102071,0.));
#8146=DIRECTION('',(-0.965925826289161,-0.258819045102173,0.));
#8147=DIRECTION('center_axis',(0.,0.,-1.));
#8148=DIRECTION('ref_axis',(0.258819045102038,-0.965925826289198,0.));
#8149=DIRECTION('',(0.258819045101928,-0.965925826289227,0.));
#8150=DIRECTION('center_axis',(0.,0.,-1.));
#8151=DIRECTION('ref_axis',(0.965925826289193,0.258819045102053,0.));
#8152=DIRECTION('',(0.965925826289182,0.258819045102097,0.));
#8153=DIRECTION('center_axis',(0.,0.,-1.));
#8154=DIRECTION('ref_axis',(-0.258819045102071,0.965925826289189,0.));
#8155=DIRECTION('',(-0.258819045101964,0.965925826289218,0.));
#8156=DIRECTION('center_axis',(0.,0.,-1.));
#8157=DIRECTION('ref_axis',(-1.,9.27339576612161E-13,0.));
#8158=DIRECTION('',(-1.,8.97457895726843E-13,0.));
#8159=DIRECTION('center_axis',(0.,0.,-1.));
#8160=DIRECTION('ref_axis',(-1.00152674274174E-12,-1.,0.));
#8161=DIRECTION('',(-1.02670774038469E-12,-1.,0.));
#8162=DIRECTION('center_axis',(0.,0.,-1.));
#8163=DIRECTION('ref_axis',(1.,-9.02610521235859E-13,0.));
#8164=DIRECTION('',(1.,-9.6639114621102E-13,0.));
#8165=DIRECTION('center_axis',(0.,0.,-1.));
#8166=DIRECTION('ref_axis',(7.85147508198616E-13,1.,0.));
#8167=DIRECTION('',(1.00814878833126E-12,1.,0.));
#8168=DIRECTION('center_axis',(0.,0.,-1.));
#8169=DIRECTION('ref_axis',(8.22241091263123E-13,1.,0.));
#8170=DIRECTION('',(1.00881160804746E-12,1.,0.));
#8171=DIRECTION('center_axis',(0.,0.,-1.));
#8172=DIRECTION('ref_axis',(-1.,9.52068631988491E-13,0.));
#8173=DIRECTION('',(-1.,8.98120715443037E-13,0.));
#8174=DIRECTION('center_axis',(0.,0.,-1.));
#8175=DIRECTION('ref_axis',(-1.01389127042992E-12,-1.,0.));
#8176=DIRECTION('',(-9.63077047630061E-13,-1.,0.));
#8177=DIRECTION('center_axis',(0.,0.,-1.));
#8178=DIRECTION('ref_axis',(1.,-9.5206863198852E-13,0.));
#8179=DIRECTION('',(1.,-9.2264504494221E-13,0.));
#8180=DIRECTION('center_axis',(0.,0.,-1.));
#8181=DIRECTION('ref_axis',(-1.,9.27339576612155E-13,0.));
#8182=DIRECTION('',(-1.,8.97457895726843E-13,0.));
#8183=DIRECTION('center_axis',(0.,0.,-1.));
#8184=DIRECTION('ref_axis',(-1.00152674274174E-12,-1.,0.));
#8185=DIRECTION('',(-1.0267077403847E-12,-1.,0.));
#8186=DIRECTION('center_axis',(0.,0.,-1.));
#8187=DIRECTION('ref_axis',(1.,-9.5206863198852E-13,0.));
#8188=DIRECTION('',(1.,-9.67053965927216E-13,0.));
#8189=DIRECTION('center_axis',(0.,0.,-1.));
#8190=DIRECTION('ref_axis',(8.22241091263133E-13,1.,0.));
#8191=DIRECTION('',(1.00881160804745E-12,1.,0.));
#8192=DIRECTION('center_axis',(0.,0.,1.));
#8193=DIRECTION('ref_axis',(-1.,0.,0.));
#8194=DIRECTION('center_axis',(0.999999999999999,-4.27509699991169E-8,0.));
#8195=DIRECTION('ref_axis',(-4.27509699991169E-8,-0.999999999999999,0.));
#8196=DIRECTION('',(-4.27509699991169E-8,-0.999999999999999,0.));
#8197=DIRECTION('',(0.,0.,-1.));
#8198=DIRECTION('',(4.27509699991169E-8,0.999999999999999,0.));
#8199=DIRECTION('center_axis',(-3.13722250862034E-13,1.,0.));
#8200=DIRECTION('ref_axis',(-1.,-3.13722250862034E-13,0.));
#8201=DIRECTION('',(-1.,-3.13722250862034E-13,0.));
#8202=DIRECTION('',(0.,0.,1.));
#8203=DIRECTION('',(1.,3.13722250862034E-13,0.));
#8204=DIRECTION('center_axis',(1.,-4.07492943448843E-11,0.));
#8205=DIRECTION('ref_axis',(-4.07492943448843E-11,-1.,0.));
#8206=DIRECTION('',(-4.07492943448843E-11,-1.,0.));
#8207=DIRECTION('',(0.,0.,1.));
#8208=DIRECTION('',(4.07492943448843E-11,1.,0.));
#8209=DIRECTION('',(0.,0.,-1.));
#8210=DIRECTION('center_axis',(-6.4013196939936E-16,1.,0.));
#8211=DIRECTION('ref_axis',(-1.,-6.4013196939936E-16,0.));
#8212=DIRECTION('',(-1.,0.,0.));
#8213=DIRECTION('',(0.,0.,1.));
#8214=DIRECTION('',(-1.,-6.4013196939936E-16,0.));
#8215=DIRECTION('center_axis',(0.,0.,1.));
#8216=DIRECTION('ref_axis',(1.,0.,0.));
#8217=DIRECTION('center_axis',(0.,0.,-1.));
#8218=DIRECTION('ref_axis',(1.,0.,0.));
#8219=DIRECTION('',(0.,0.,1.));
#8220=DIRECTION('center_axis',(0.,0.,-1.));
#8221=DIRECTION('ref_axis',(1.,0.,0.));
#8222=DIRECTION('center_axis',(0.,0.,1.));
#8223=DIRECTION('ref_axis',(1.,0.,0.));
#8224=DIRECTION('',(0.,1.,0.));
#8225=DIRECTION('center_axis',(0.,0.,1.));
#8226=DIRECTION('ref_axis',(7.61394678913673E-15,1.,0.));
#8227=DIRECTION('',(0.,1.,0.));
#8228=DIRECTION('center_axis',(0.,0.,1.));
#8229=DIRECTION('ref_axis',(1.,-7.61394678913665E-15,0.));
#8230=DIRECTION('',(1.,0.,0.));
#8231=DIRECTION('center_axis',(0.,0.,1.));
#8232=DIRECTION('ref_axis',(0.,-1.,0.));
#8233=DIRECTION('',(-1.110223024625E-16,-1.,0.));
#8234=DIRECTION('',(1.,-1.110223024625E-16,0.));
#8235=DIRECTION('',(1.110223024625E-16,1.,0.));
#8236=DIRECTION('',(-1.,1.110223024625E-16,0.));
#8237=DIRECTION('center_axis',(1.,0.,0.));
#8238=DIRECTION('ref_axis',(0.,1.,0.));
#8239=DIRECTION('',(-4.0752773549769E-11,-1.,0.));
#8240=DIRECTION('center_axis',(1.,1.20456247826723E-15,0.));
#8241=DIRECTION('ref_axis',(-1.20456247826723E-15,1.,0.));
#8242=DIRECTION('',(-1.20456247826723E-15,1.,0.));
#8243=DIRECTION('',(0.,0.,1.));
#8244=DIRECTION('',(0.,0.,-1.));
#8245=DIRECTION('',(0.,0.000539380368046762,0.999999854534399));
#8246=DIRECTION('',(0.,0.000539445138200337,0.999999854499461));
#8247=DIRECTION('',(0.,0.000539470368915311,0.99999985448585));
#8248=DIRECTION('',(-1.20456247826723E-15,1.,0.));
#8249=DIRECTION('',(0.,0.,-1.));
#8250=DIRECTION('',(-9.36273095160712E-10,-1.,-3.59609851289762E-11));
#8251=DIRECTION('',(1.20456247826723E-15,-1.,-6.00537658630734E-15));
#8252=DIRECTION('',(0.,0.,1.));
#8253=DIRECTION('center_axis',(0.,0.,1.));
#8254=DIRECTION('ref_axis',(0.,1.,0.));
#8255=DIRECTION('center_axis',(0.,0.,1.));
#8256=DIRECTION('ref_axis',(0.,1.,0.));
#8257=DIRECTION('',(0.,0.,1.));
#8258=DIRECTION('center_axis',(0.0191974423996897,6.02739438699088E-15,
-0.999815712121644));
#8259=DIRECTION('ref_axis',(-0.999815712121644,0.,-0.0191974423996897));
#8260=DIRECTION('',(0.,0.,-1.));
#8261=DIRECTION('center_axis',(0.,1.,0.));
#8262=DIRECTION('ref_axis',(-1.,0.,0.));
#8263=DIRECTION('',(-1.,0.,0.));
#8264=DIRECTION('',(0.,0.,1.));
#8265=DIRECTION('',(0.999815712121644,0.,0.0191974423996897));
#8266=DIRECTION('center_axis',(-1.,0.,0.));
#8267=DIRECTION('ref_axis',(0.,-1.,0.));
#8268=DIRECTION('',(0.,-1.,0.));
#8269=DIRECTION('',(0.,1.,6.02850536745471E-15));
#8270=DIRECTION('',(0.,0.,1.));
#8271=DIRECTION('',(0.,-1.,0.));
#8272=DIRECTION('',(0.,0.,-1.));
#8273=DIRECTION('',(0.,0.,-1.));
#8274=DIRECTION('center_axis',(0.,0.,1.));
#8275=DIRECTION('ref_axis',(1.,-8.88178419700136E-15,0.));
#8276=DIRECTION('center_axis',(0.,0.,1.));
#8277=DIRECTION('ref_axis',(1.,-8.88178419700136E-15,0.));
#8278=DIRECTION('center_axis',(0.0191974423996897,6.02739438699088E-15,
-0.999815712121644));
#8279=DIRECTION('ref_axis',(0.999815712121644,-8.88014739183568E-15,0.0191974423996897));
#8280=DIRECTION('',(0.99503973693844,0.0976262907780116,0.0191057389913818));
#8281=DIRECTION('',(-0.0190629327594869,-0.00124178799788885,0.999817514628132));
#8282=DIRECTION('',(-0.995206838869647,-0.0975575810211631,-0.00677246280043382));
#8283=DIRECTION('center_axis',(0.0976441138840836,-0.995221395983724,0.));
#8284=DIRECTION('ref_axis',(0.995221395983724,0.0976441138840836,0.));
#8285=DIRECTION('',(0.,0.,1.));
#8286=DIRECTION('center_axis',(0.0975132543574551,-0.995234226312891,0.));
#8287=DIRECTION('ref_axis',(0.995234226312891,0.097513254357455,0.));
#8288=DIRECTION('',(0.995234226312891,0.0975132543574551,0.));
#8289=DIRECTION('',(0.,0.,1.));
#8290=DIRECTION('center_axis',(0.,0.,1.));
#8291=DIRECTION('ref_axis',(1.,0.,0.));
#8292=DIRECTION('center_axis',(0.,0.,1.));
#8293=DIRECTION('ref_axis',(8.77881339187684E-11,-1.,0.));
#8294=DIRECTION('',(0.,-1.,0.));
#8295=DIRECTION('',(-1.,0.,0.));
#8296=DIRECTION('',(0.,1.,0.));
#8297=DIRECTION('center_axis',(0.,0.,1.));
#8298=DIRECTION('ref_axis',(8.77881339187684E-11,-1.,0.));
#8299=DIRECTION('',(0.,0.,1.));
#8300=DIRECTION('center_axis',(0.,0.,1.));
#8301=DIRECTION('ref_axis',(0.0584285336176736,-0.99829159390395,0.));
#8302=DIRECTION('center_axis',(0.,0.,1.));
#8303=DIRECTION('ref_axis',(0.0584285336176736,-0.99829159390395,0.));
#8304=DIRECTION('',(0.,0.,-1.));
#8305=DIRECTION('center_axis',(0.,0.,-1.));
#8306=DIRECTION('ref_axis',(1.,0.,0.));
#8307=DIRECTION('',(-0.173784383576532,0.984783726523202,0.));
#8308=DIRECTION('center_axis',(0.,0.,1.));
#8309=DIRECTION('ref_axis',(1.88632334730793E-6,0.999999999998221,0.));
#8310=DIRECTION('',(-1.,-1.73103191376008E-13,0.));
#8311=DIRECTION('',(-0.173784383576496,0.984783726523208,0.));
#8312=DIRECTION('center_axis',(0.,0.,1.));
#8313=DIRECTION('ref_axis',(1.87232016606567E-5,0.999999999824721,0.));
#8314=DIRECTION('',(-1.,-2.4672236036754E-13,0.));
#8315=DIRECTION('center_axis',(0.,0.,1.));
#8316=DIRECTION('ref_axis',(-0.954304255371959,0.298836724950217,0.));
#8317=DIRECTION('',(-0.173648502928254,-0.984807695659806,0.));
#8318=DIRECTION('center_axis',(0.,0.,-1.));
#8319=DIRECTION('ref_axis',(0.984819477640742,-0.173581670862495,0.));
#8320=DIRECTION('',(-1.,2.9998935045963E-11,0.));
#8321=DIRECTION('center_axis',(0.,0.,1.));
#8322=DIRECTION('ref_axis',(-0.999995507652012,-0.00299744487771072,0.));
#8323=DIRECTION('',(0.000847413404341212,-0.999999640945197,0.));
#8324=DIRECTION('center_axis',(0.,0.,-1.));
#8325=DIRECTION('ref_axis',(0.999999702286611,0.000771638963697421,0.));
#8326=DIRECTION('',(-0.965925795002573,-0.258819161865284,0.));
#8327=DIRECTION('center_axis',(0.,0.,1.));
#8328=DIRECTION('ref_axis',(-0.961722420232893,-0.274025521478177,0.));
#8329=DIRECTION('',(0.258819068444375,-0.965925820034637,0.));
#8330=DIRECTION('center_axis',(0.,0.,-1.));
#8331=DIRECTION('ref_axis',(0.965906511621251,0.258891117668539,0.));
#8332=DIRECTION('',(-0.00027946828101685,-0.999999960948739,0.));
#8333=DIRECTION('center_axis',(0.,0.,1.));
#8334=DIRECTION('ref_axis',(2.07186658756551E-5,-0.999999999785368,0.));
#8335=DIRECTION('',(1.,8.7788324927087E-11,0.));
#8336=DIRECTION('center_axis',(0.,0.,1.));
#8337=DIRECTION('ref_axis',(8.77883247074833E-11,-1.,0.));
#8338=DIRECTION('',(1.,8.39810400732568E-11,0.));
#8339=DIRECTION('center_axis',(0.,0.,1.));
#8340=DIRECTION('ref_axis',(-0.99999999538742,9.60477003210789E-5,0.));
#8341=DIRECTION('',(-0.000279468281016693,-0.999999960948739,0.));
#8342=DIRECTION('center_axis',(0.,0.,1.));
#8343=DIRECTION('ref_axis',(0.999999960948739,-0.000279468281008118,0.));
#8344=DIRECTION('',(0.258819068444375,-0.965925820034637,0.));
#8345=DIRECTION('center_axis',(0.,0.,1.));
#8346=DIRECTION('ref_axis',(-0.255766724143002,0.966738528673166,0.));
#8347=DIRECTION('',(-0.965925794963204,-0.258819162012211,0.));
#8348=DIRECTION('center_axis',(0.,0.,1.));
#8349=DIRECTION('ref_axis',(0.258895083280445,-0.96590544871287,0.));
#8350=DIRECTION('',(0.000847754092139765,-0.999999640656435,0.));
#8351=DIRECTION('center_axis',(0.,0.,1.));
#8352=DIRECTION('ref_axis',(-5.67218332896204E-5,0.999999998391317,0.));
#8353=DIRECTION('',(-1.,1.49783606367735E-11,0.));
#8354=DIRECTION('center_axis',(0.,0.,1.));
#8355=DIRECTION('ref_axis',(-7.0443443437177E-5,-0.999999997518861,0.));
#8356=DIRECTION('',(-0.173648502928277,-0.984807695659802,0.));
#8357=DIRECTION('center_axis',(0.,0.,1.));
#8358=DIRECTION('ref_axis',(-0.969877741058439,0.243592215391583,0.));
#8359=DIRECTION('center_axis',(0.,0.,1.));
#8360=DIRECTION('ref_axis',(5.90600252925529E-6,0.99999999998256,0.));
#8361=DIRECTION('',(-1.,-3.86102466245319E-12,0.));
#8362=DIRECTION('center_axis',(0.,0.,1.));
#8363=DIRECTION('ref_axis',(0.977057638094605,0.212975049808636,0.));
#8364=DIRECTION('center_axis',(0.,0.,-1.));
#8365=DIRECTION('ref_axis',(-0.58781271765012,-0.808997038912245,0.));
#8366=DIRECTION('',(-1.,-2.17874698381811E-13,0.));
#8367=DIRECTION('center_axis',(0.,0.,1.));
#8368=DIRECTION('ref_axis',(0.977060041553651,0.212964023250825,0.));
#8369=DIRECTION('center_axis',(0.,0.,-1.));
#8370=DIRECTION('ref_axis',(-0.58781633322169,-0.808994411845847,0.));
#8371=DIRECTION('',(-1.,-3.13651910387461E-13,0.));
#8372=DIRECTION('center_axis',(0.,0.,1.));
#8373=DIRECTION('ref_axis',(0.999999999967269,8.09084305612064E-6,0.));
#8374=DIRECTION('',(3.38006267395436E-12,1.,0.));
#8375=DIRECTION('',(-1.,0.,0.));
#8376=DIRECTION('',(3.38622690664397E-12,1.,0.));
#8377=DIRECTION('center_axis',(0.,0.,1.));
#8378=DIRECTION('ref_axis',(9.10219582545865E-6,0.999999999958575,0.));
#8379=DIRECTION('center_axis',(1.,0.,0.));
#8380=DIRECTION('ref_axis',(0.,1.,0.));
#8381=DIRECTION('',(0.,0.,1.));
#8382=DIRECTION('center_axis',(0.,1.,0.));
#8383=DIRECTION('ref_axis',(-1.,0.,0.));
#8384=DIRECTION('',(0.,0.,1.));
#8385=DIRECTION('center_axis',(-1.,0.,0.));
#8386=DIRECTION('ref_axis',(0.,-1.,0.));
#8387=DIRECTION('center_axis',(0.0191974423996903,5.65347255968274E-15,
-0.999815712121644));
#8388=DIRECTION('ref_axis',(-0.999815712121644,0.,-0.0191974423996903));
#8389=DIRECTION('center_axis',(0.0191974423996738,-3.57534417174171E-13,
-0.999815712121645));
#8390=DIRECTION('ref_axis',(-0.0649763644830252,0.997886023315299,-0.00124760993424673));
#8391=DIRECTION('',(0.107677324855043,-0.994183745146435,0.00206751025873043));
#8392=DIRECTION('',(-0.99400052913321,-0.107697172139655,-0.0190857851821539));
#8393=DIRECTION('center_axis',(0.,0.,1.));
#8394=DIRECTION('ref_axis',(-0.200647908847991,0.979663420096376,0.));
#8395=DIRECTION('',(0.,0.,-1.));
#8396=DIRECTION('center_axis',(0.,0.,-1.));
#8397=DIRECTION('ref_axis',(-0.200647908847991,0.979663420096376,0.));
#8398=DIRECTION('center_axis',(0.994000529133346,0.107697172138402,0.0190857851821571));
#8399=DIRECTION('ref_axis',(-0.0189747368218567,-0.00205585956736469,0.999817849812645));
#8400=DIRECTION('center_axis',(0.,0.,1.));
#8401=DIRECTION('ref_axis',(-1.,0.,0.));
#8402=DIRECTION('center_axis',(0.,0.,1.));
#8403=DIRECTION('ref_axis',(-1.,0.,0.));
#8404=DIRECTION('',(0.,0.,1.));
#8405=DIRECTION('center_axis',(0.,0.,1.));
#8406=DIRECTION('ref_axis',(-1.,0.,0.));
#8407=DIRECTION('center_axis',(0.,0.,1.));
#8408=DIRECTION('ref_axis',(-1.,0.,0.));
#8409=DIRECTION('center_axis',(0.,0.,1.));
#8410=DIRECTION('ref_axis',(1.,0.,0.));
#8411=DIRECTION('center_axis',(0.707106781186573,0.707106781186522,0.));
#8412=DIRECTION('ref_axis',(0.,0.,-1.));
#8413=DIRECTION('',(0.,0.,1.));
#8414=DIRECTION('',(-0.707106781186522,0.707106781186573,0.));
#8415=DIRECTION('',(0.,0.,-1.));
#8416=DIRECTION('center_axis',(-3.14709141271191E-13,1.,0.));
#8417=DIRECTION('ref_axis',(-1.,-3.14709141271191E-13,0.));
#8418=DIRECTION('',(0.,0.,1.));
#8419=DIRECTION('',(-0.999815712121644,-3.14651144191247E-13,-0.0191974423996897));
#8420=DIRECTION('',(-1.,-3.14709141271191E-13,0.));
#8421=DIRECTION('center_axis',(0.,0.,1.));
#8422=DIRECTION('ref_axis',(-1.,0.,0.));
#8423=DIRECTION('center_axis',(0.,0.,1.));
#8424=DIRECTION('ref_axis',(-1.,0.,0.));
#8425=DIRECTION('',(0.,0.,1.));
#8426=DIRECTION('center_axis',(0.,0.,1.));
#8427=DIRECTION('ref_axis',(-1.,0.,0.));
#8428=DIRECTION('center_axis',(0.,0.,1.));
#8429=DIRECTION('ref_axis',(-1.,0.,0.));
#8430=DIRECTION('center_axis',(0.,0.,1.));
#8431=DIRECTION('ref_axis',(-1.,0.,0.));
#8432=DIRECTION('',(0.,0.,-1.));
#8433=DIRECTION('center_axis',(0.,0.,1.));
#8434=DIRECTION('ref_axis',(-1.,0.,0.));
#8435=DIRECTION('center_axis',(0.,0.,-1.));
#8436=DIRECTION('ref_axis',(-1.,0.,0.));
#8437=DIRECTION('center_axis',(0.,1.,0.));
#8438=DIRECTION('ref_axis',(1.,0.,0.));
#8439=DIRECTION('',(-1.,-3.13651910387461E-13,0.));
#8440=DIRECTION('',(0.,0.,1.));
#8441=DIRECTION('',(0.,0.,-1.));
#8442=DIRECTION('',(-0.999815712121644,-3.13594108142353E-13,-0.0191974423996897));
#8443=DIRECTION('',(-1.,-3.13651910387461E-13,0.));
#8444=DIRECTION('center_axis',(0.,0.,1.));
#8445=DIRECTION('ref_axis',(-0.954304255371959,0.298836724950217,0.));
#8446=DIRECTION('',(0.,0.,1.));
#8447=DIRECTION('',(0.,0.,1.));
#8448=DIRECTION('center_axis',(-2.4672236036754E-13,1.,0.));
#8449=DIRECTION('ref_axis',(-1.,-2.4672236036754E-13,0.));
#8450=DIRECTION('',(0.,0.,1.));
#8451=DIRECTION('center_axis',(0.,0.,1.));
#8452=DIRECTION('ref_axis',(1.87232016606567E-5,0.999999999824721,0.));
#8453=DIRECTION('',(0.,0.,1.));
#8454=DIRECTION('center_axis',(0.984783726523209,0.173784383576496,0.));
#8455=DIRECTION('ref_axis',(-0.173784383576496,0.984783726523208,0.));
#8456=DIRECTION('',(0.,0.,-1.));
#8457=DIRECTION('center_axis',(-1.73103191376008E-13,1.,0.));
#8458=DIRECTION('ref_axis',(-1.,-1.73103191376008E-13,0.));
#8459=DIRECTION('',(0.,0.,1.));
#8460=DIRECTION('center_axis',(0.,0.,1.));
#8461=DIRECTION('ref_axis',(1.88632334730793E-6,0.999999999998221,0.));
#8462=DIRECTION('',(0.,0.,1.));
#8463=DIRECTION('center_axis',(0.984783726523202,0.173784383576532,0.));
#8464=DIRECTION('ref_axis',(-0.173784383576532,0.984783726523202,0.));
#8465=DIRECTION('center_axis',(0.,0.,1.));
#8466=DIRECTION('ref_axis',(9.10219582545865E-6,0.999999999958575,0.));
#8467=DIRECTION('',(0.,0.,1.));
#8468=DIRECTION('center_axis',(0.,0.,-1.));
#8469=DIRECTION('ref_axis',(9.10219582545865E-6,0.999999999958575,0.));
#8470=DIRECTION('center_axis',(-0.0191974423996897,-6.02739438699089E-15,
0.999815712121644));
#8471=DIRECTION('ref_axis',(0.999815712121644,0.,0.0191974423996897));
#8472=DIRECTION('',(0.00967520310758051,0.999953176870335,0.000185773390153029));
#8473=DIRECTION('',(-3.13968614230004E-13,1.,0.));
#8474=DIRECTION('center_axis',(0.0191974423996897,6.02739438699089E-15,
-0.999815712121644));
#8475=DIRECTION('ref_axis',(0.999815712121644,0.,0.0191974423996897));
#8476=DIRECTION('center_axis',(0.,0.,-1.));
#8477=DIRECTION('ref_axis',(0.965925826289189,0.258819045102071,0.));
#8478=DIRECTION('',(0.,0.,1.));
#8479=DIRECTION('center_axis',(0.0191974423996897,6.02739438699089E-15,
-0.999815712121644));
#8480=DIRECTION('ref_axis',(0.999815712121644,3.31849123085933E-13,0.0191974423996897));
#8481=DIRECTION('',(0.,0.,1.));
#8482=DIRECTION('center_axis',(0.965925826289193,0.258819045102055,0.));
#8483=DIRECTION('ref_axis',(0.258819045102055,-0.965925826289193,0.));
#8484=DIRECTION('',(0.,0.,1.));
#8485=DIRECTION('',(0.258815849170399,-0.965913898909876,0.00496951817853126));
#8486=DIRECTION('center_axis',(0.,0.,-1.));
#8487=DIRECTION('ref_axis',(0.25881904510201,-0.965925826289205,0.));
#8488=DIRECTION('',(0.,0.,1.));
#8489=DIRECTION('center_axis',(0.0191974423996897,6.02739438699089E-15,
-0.999815712121644));
#8490=DIRECTION('ref_axis',(0.999815712121644,3.58601802683015E-13,0.0191974423996897));
#8491=DIRECTION('center_axis',(0.258819045102057,-0.965925826289193,0.));
#8492=DIRECTION('ref_axis',(-0.965925826289193,-0.258819045102057,0.));
#8493=DIRECTION('',(0.,0.,-1.));
#8494=DIRECTION('',(-0.965759739095868,-0.258774542172733,-0.0185435343118294));
#8495=DIRECTION('center_axis',(0.,0.,-1.));
#8496=DIRECTION('ref_axis',(-0.96592582628918,-0.258819045102103,0.));
#8497=DIRECTION('',(0.,0.,1.));
#8498=DIRECTION('center_axis',(0.0191974423996897,6.02739438699089E-15,
-0.999815712121644));
#8499=DIRECTION('ref_axis',(-0.999815712121644,-3.32138863298167E-13,-0.0191974423996897));
#8500=DIRECTION('center_axis',(-0.965925826289193,-0.258819045102055,0.));
#8501=DIRECTION('ref_axis',(-0.258819045102055,0.965925826289193,0.));
#8502=DIRECTION('',(0.,0.,1.));
#8503=DIRECTION('',(-0.258815849170399,0.965913898909876,-0.00496951817853126));
#8504=DIRECTION('center_axis',(0.,0.,-1.));
#8505=DIRECTION('ref_axis',(-0.25881904510211,0.965925826289178,0.));
#8506=DIRECTION('',(0.,0.,1.));
#8507=DIRECTION('center_axis',(0.0191974423996897,6.02739438699089E-15,
-0.999815712121644));
#8508=DIRECTION('ref_axis',(-0.999815712121644,-2.83897117960268E-13,-0.0191974423996897));
#8509=DIRECTION('center_axis',(-0.258819045102051,0.965925826289194,0.));
#8510=DIRECTION('ref_axis',(0.965925826289194,0.258819045102051,0.));
#8511=DIRECTION('',(0.965759739095869,0.258774542172727,0.0185435343118294));
#8512=DIRECTION('center_axis',(0.,0.,-1.));
#8513=DIRECTION('ref_axis',(-1.00152674274174E-12,-1.,0.));
#8514=DIRECTION('',(0.,0.,1.));
#8515=DIRECTION('center_axis',(0.0191974423996897,6.02739438699089E-15,
-0.999815712121644));
#8516=DIRECTION('ref_axis',(-0.999815712121644,1.0013421735032E-12,-0.0191974423996897));
#8517=DIRECTION('',(0.,0.,1.));
#8518=DIRECTION('center_axis',(-9.60425768765284E-13,-1.,0.));
#8519=DIRECTION('ref_axis',(-1.,9.60425768765284E-13,0.));
#8520=DIRECTION('',(0.,0.,1.));
#8521=DIRECTION('',(-0.999815712121644,9.6024877393804E-13,-0.0191974423996897));
#8522=DIRECTION('center_axis',(0.,0.,-1.));
#8523=DIRECTION('ref_axis',(-1.,9.52068631988491E-13,0.));
#8524=DIRECTION('',(0.,0.,1.));
#8525=DIRECTION('center_axis',(0.0191974423996897,6.02739438699089E-15,
-0.999815712121644));
#8526=DIRECTION('ref_axis',(-0.999815712121644,9.51893177280253E-13,-0.0191974423996897));
#8527=DIRECTION('center_axis',(-1.,9.63077047630061E-13,0.));
#8528=DIRECTION('ref_axis',(9.63077047630061E-13,1.,0.));
#8529=DIRECTION('',(0.,0.,-1.));
#8530=DIRECTION('',(9.63077047630061E-13,1.,2.45205293716662E-14));
#8531=DIRECTION('center_axis',(0.,0.,-1.));
#8532=DIRECTION('ref_axis',(8.22241091263123E-13,1.,0.));
#8533=DIRECTION('',(0.,0.,1.));
#8534=DIRECTION('center_axis',(0.0191974423996897,6.02739438699089E-15,
-0.999815712121644));
#8535=DIRECTION('ref_axis',(0.999815712121644,-8.22089562196917E-13,0.0191974423996897));
#8536=DIRECTION('center_axis',(9.67053965927216E-13,1.,0.));
#8537=DIRECTION('ref_axis',(1.,-9.67053965927216E-13,0.));
#8538=DIRECTION('',(0.,0.,1.));
#8539=DIRECTION('',(0.999815712121644,-9.66875749603579E-13,0.0191974423996897));
#8540=DIRECTION('center_axis',(0.,0.,-1.));
#8541=DIRECTION('ref_axis',(1.,-9.27339576612172E-13,0.));
#8542=DIRECTION('',(0.,0.,1.));
#8543=DIRECTION('center_axis',(0.0191974423996897,6.02739438699089E-15,
-0.999815712121644));
#8544=DIRECTION('ref_axis',(0.999815712121644,-9.27168679169083E-13,0.0191974423996897));
#8545=DIRECTION('center_axis',(1.,-9.63739867346254E-13,0.));
#8546=DIRECTION('ref_axis',(-9.63739867346254E-13,-1.,0.));
#8547=DIRECTION('',(-9.63739867346254E-13,-1.,-2.45332561603821E-14));
#8548=DIRECTION('center_axis',(0.,0.,-1.));
#8549=DIRECTION('ref_axis',(0.996194698091835,0.0871557427466407,0.));
#8550=DIRECTION('',(0.,0.,1.));
#8551=DIRECTION('center_axis',(0.0191974423996897,6.02739438699089E-15,
-0.999815712121644));
#8552=DIRECTION('ref_axis',(0.999815712121644,3.01112515570752E-13,0.0191974423996897));
#8553=DIRECTION('',(0.,0.,1.));
#8554=DIRECTION('center_axis',(0.996194698091831,0.0871557427466779,0.));
#8555=DIRECTION('ref_axis',(0.0871557427466779,-0.996194698091831,0.));
#8556=DIRECTION('',(0.,0.,1.));
#8557=DIRECTION('',(0.0871556207061862,-0.996193303162628,0.00167347340917427));
#8558=DIRECTION('center_axis',(0.,0.,-1.));
#8559=DIRECTION('ref_axis',(0.0871557427465024,-0.996194698091847,0.));
#8560=DIRECTION('',(0.,0.,1.));
#8561=DIRECTION('center_axis',(0.0191974423996897,6.02739438699089E-15,
-0.999815712121644));
#8562=DIRECTION('ref_axis',(0.999815712121644,3.343722774344E-13,0.0191974423996897));
#8563=DIRECTION('center_axis',(0.0871557427466818,-0.996194698091831,0.));
#8564=DIRECTION('ref_axis',(-0.996194698091831,-0.0871557427466818,0.));
#8565=DIRECTION('',(0.,0.,-1.));
#8566=DIRECTION('',(-0.996012505648485,-0.0871398029733092,-0.0191244171048109));
#8567=DIRECTION('center_axis',(0.,0.,-1.));
#8568=DIRECTION('ref_axis',(-0.996194698091827,-0.0871557427467288,0.));
#8569=DIRECTION('',(0.,0.,1.));
#8570=DIRECTION('center_axis',(0.0191974423996897,6.02739438699089E-15,
-0.999815712121644));
#8571=DIRECTION('ref_axis',(-0.999815712121644,-3.0671415967407E-13,-0.0191974423996897));
#8572=DIRECTION('center_axis',(-0.996194698091831,-0.0871557427466783,0.));
#8573=DIRECTION('ref_axis',(-0.0871557427466783,0.996194698091831,0.));
#8574=DIRECTION('',(0.,0.,1.));
#8575=DIRECTION('',(-0.0871556207061866,0.996193303162628,-0.00167347340917427));
#8576=DIRECTION('center_axis',(0.,0.,-1.));
#8577=DIRECTION('ref_axis',(-0.0871557427466559,0.996194698091833,0.));
#8578=DIRECTION('',(0.,0.,1.));
#8579=DIRECTION('center_axis',(0.0191974423996897,6.02739438699089E-15,
-0.999815712121644));
#8580=DIRECTION('ref_axis',(-0.999815712121644,-3.00641687725999E-13,-0.0191974423996897));
#8581=DIRECTION('center_axis',(-0.0871557427466745,0.996194698091832,0.));
#8582=DIRECTION('ref_axis',(0.996194698091832,0.0871557427466745,0.));
#8583=DIRECTION('',(0.996012505648486,0.0871398029733018,0.019124417104811));
#8584=DIRECTION('center_axis',(0.,0.,-1.));
#8585=DIRECTION('ref_axis',(1.,-9.27339576612172E-13,0.));
#8586=DIRECTION('',(0.,0.,1.));
#8587=DIRECTION('center_axis',(0.0191974423996897,6.02739438699089E-15,
-0.999815712121644));
#8588=DIRECTION('ref_axis',(0.999815712121644,-9.27168679169083E-13,0.0191974423996897));
#8589=DIRECTION('',(0.,0.,1.));
#8590=DIRECTION('center_axis',(1.,-9.63739867346254E-13,0.));
#8591=DIRECTION('ref_axis',(-9.63739867346254E-13,-1.,0.));
#8592=DIRECTION('',(0.,0.,1.));
#8593=DIRECTION('',(-9.63739867346254E-13,-1.,-2.45332561603821E-14));
#8594=DIRECTION('center_axis',(0.,0.,-1.));
#8595=DIRECTION('ref_axis',(-1.02625579811809E-12,-1.,0.));
#8596=DIRECTION('',(0.,0.,1.));
#8597=DIRECTION('center_axis',(0.0191974423996897,6.02739438699089E-15,
-0.999815712121644));
#8598=DIRECTION('ref_axis',(-0.999815712121644,1.02606667161441E-12,-0.0191974423996897));
#8599=DIRECTION('center_axis',(-9.59762949049092E-13,-1.,0.));
#8600=DIRECTION('ref_axis',(-1.,9.59762949049092E-13,0.));
#8601=DIRECTION('',(0.,0.,-1.));
#8602=DIRECTION('',(-0.999815712121644,9.59586076371487E-13,-0.0191974423996897));
#8603=DIRECTION('center_axis',(0.,0.,-1.));
#8604=DIRECTION('ref_axis',(-1.,9.27339576612149E-13,0.));
#8605=DIRECTION('',(0.,0.,1.));
#8606=DIRECTION('center_axis',(0.0191974423996897,6.02739438699089E-15,
-0.999815712121644));
#8607=DIRECTION('ref_axis',(-0.999815712121644,9.2716867916906E-13,-0.0191974423996897));
#8608=DIRECTION('center_axis',(-1.,9.63739867346254E-13,0.));
#8609=DIRECTION('ref_axis',(9.63739867346254E-13,1.,0.));
#8610=DIRECTION('',(0.,0.,1.));
#8611=DIRECTION('',(9.63739867346254E-13,1.,2.45332561603821E-14));
#8612=DIRECTION('center_axis',(0.,0.,-1.));
#8613=DIRECTION('ref_axis',(8.03694299730862E-13,1.,0.));
#8614=DIRECTION('',(0.,0.,1.));
#8615=DIRECTION('center_axis',(0.0191974423996897,6.02739438699089E-15,
-0.999815712121644));
#8616=DIRECTION('ref_axis',(0.999815712121644,-8.03546188613518E-13,0.0191974423996897));
#8617=DIRECTION('center_axis',(9.67053965927215E-13,1.,0.));
#8618=DIRECTION('ref_axis',(1.,-9.67053965927215E-13,0.));
#8619=DIRECTION('',(0.999815712121644,-9.66875749603578E-13,0.0191974423996897));
#8620=DIRECTION('center_axis',(0.978147600733565,-0.207911690818893,0.));
#8621=DIRECTION('ref_axis',(-0.207911690818893,-0.978147600733565,0.));
#8622=DIRECTION('',(0.,0.,1.));
#8623=DIRECTION('',(-0.207911690818893,-0.978147600733565,0.));
#8624=DIRECTION('',(0.,0.,1.));
#8625=DIRECTION('center_axis',(0.,0.,-1.));
#8626=DIRECTION('ref_axis',(-0.207911690819006,-0.978147600733541,0.));
#8627=DIRECTION('',(0.,0.,1.));
#8628=DIRECTION('center_axis',(0.,0.,-1.));
#8629=DIRECTION('ref_axis',(-0.207911690819006,-0.978147600733541,0.));
#8630=DIRECTION('center_axis',(-0.20791169081889,-0.978147600733565,0.));
#8631=DIRECTION('ref_axis',(-0.978147600733565,0.20791169081889,0.));
#8632=DIRECTION('',(0.,0.,-1.));
#8633=DIRECTION('',(-0.977975130106865,0.207875031055489,-0.0187780818014091));
#8634=DIRECTION('',(-0.978147600733565,0.20791169081889,0.));
#8635=DIRECTION('center_axis',(0.,0.,-1.));
#8636=DIRECTION('ref_axis',(-0.978147600733554,0.207911690818946,0.));
#8637=DIRECTION('',(0.,0.,1.));
#8638=DIRECTION('center_axis',(0.0191974423996897,6.02739438699089E-15,
-0.999815712121644));
#8639=DIRECTION('ref_axis',(-0.999815712121644,-3.03671887445549E-13,-0.0191974423996897));
#8640=DIRECTION('center_axis',(0.,0.,-1.));
#8641=DIRECTION('ref_axis',(1.,-9.27339576612172E-13,0.));
#8642=DIRECTION('',(0.,0.,1.));
#8643=DIRECTION('center_axis',(0.0191974423996897,6.02739438699089E-15,
-0.999815712121644));
#8644=DIRECTION('ref_axis',(0.999815712121644,-9.27168679169083E-13,0.0191974423996897));
#8645=DIRECTION('',(0.,0.,1.));
#8646=DIRECTION('center_axis',(1.,-9.63739867346254E-13,0.));
#8647=DIRECTION('ref_axis',(-9.63739867346254E-13,-1.,0.));
#8648=DIRECTION('',(0.,0.,1.));
#8649=DIRECTION('',(-9.63739867346254E-13,-1.,-2.45332561603821E-14));
#8650=DIRECTION('center_axis',(0.,0.,-1.));
#8651=DIRECTION('ref_axis',(-1.02625579811809E-12,-1.,0.));
#8652=DIRECTION('',(0.,0.,1.));
#8653=DIRECTION('center_axis',(0.0191974423996897,6.02739438699089E-15,
-0.999815712121644));
#8654=DIRECTION('ref_axis',(-0.999815712121644,1.02606667161441E-12,-0.0191974423996897));
#8655=DIRECTION('center_axis',(-9.59762949049092E-13,-1.,0.));
#8656=DIRECTION('ref_axis',(-1.,9.59762949049092E-13,0.));
#8657=DIRECTION('',(0.,0.,-1.));
#8658=DIRECTION('',(-0.999815712121644,9.59586076371487E-13,-0.0191974423996897));
#8659=DIRECTION('center_axis',(0.,0.,-1.));
#8660=DIRECTION('ref_axis',(-1.,9.27339576612155E-13,0.));
#8661=DIRECTION('',(0.,0.,1.));
#8662=DIRECTION('center_axis',(0.0191974423996897,6.02739438699089E-15,
-0.999815712121644));
#8663=DIRECTION('ref_axis',(-0.999815712121644,9.27168679169066E-13,-0.0191974423996897));
#8664=DIRECTION('center_axis',(-1.,9.6307704763006E-13,0.));
#8665=DIRECTION('ref_axis',(9.6307704763006E-13,1.,0.));
#8666=DIRECTION('',(0.,0.,1.));
#8667=DIRECTION('',(9.6307704763006E-13,1.,2.45205293716662E-14));
#8668=DIRECTION('center_axis',(0.,0.,-1.));
#8669=DIRECTION('ref_axis',(8.22241091263123E-13,1.,0.));
#8670=DIRECTION('',(0.,0.,1.));
#8671=DIRECTION('center_axis',(0.0191974423996897,6.02739438699089E-15,
-0.999815712121644));
#8672=DIRECTION('ref_axis',(0.999815712121644,-8.22089562196917E-13,0.0191974423996897));
#8673=DIRECTION('center_axis',(9.67053965927216E-13,1.,0.));
#8674=DIRECTION('ref_axis',(1.,-9.67053965927216E-13,0.));
#8675=DIRECTION('',(0.999815712121644,-9.66875749603579E-13,0.0191974423996897));
#8676=DIRECTION('center_axis',(0.,0.,-1.));
#8677=DIRECTION('ref_axis',(1.,-9.02610521235859E-13,0.));
#8678=DIRECTION('',(0.,0.,1.));
#8679=DIRECTION('center_axis',(0.0191974423996897,6.02739438699089E-15,
-0.999815712121644));
#8680=DIRECTION('ref_axis',(0.999815712121644,-9.02444181057919E-13,0.0191974423996897));
#8681=DIRECTION('',(0.,0.,1.));
#8682=DIRECTION('center_axis',(1.,-9.63077047630059E-13,0.));
#8683=DIRECTION('ref_axis',(-9.63077047630059E-13,-1.,0.));
#8684=DIRECTION('',(0.,0.,1.));
#8685=DIRECTION('',(-9.63077047630059E-13,-1.,-2.45205293716662E-14));
#8686=DIRECTION('center_axis',(0.,0.,-1.));
#8687=DIRECTION('ref_axis',(-1.00152674274174E-12,-1.,0.));
#8688=DIRECTION('',(0.,0.,1.));
#8689=DIRECTION('center_axis',(0.0191974423996897,6.02739438699089E-15,
-0.999815712121644));
#8690=DIRECTION('ref_axis',(-0.999815712121644,1.0013421735032E-12,-0.0191974423996897));
#8691=DIRECTION('center_axis',(-9.59762949049091E-13,-1.,0.));
#8692=DIRECTION('ref_axis',(-1.,9.59762949049091E-13,0.));
#8693=DIRECTION('',(0.,0.,-1.));
#8694=DIRECTION('',(-0.999815712121644,9.59586076371486E-13,-0.0191974423996897));
#8695=DIRECTION('center_axis',(0.,0.,-1.));
#8696=DIRECTION('ref_axis',(-1.,9.27339576612155E-13,0.));
#8697=DIRECTION('',(0.,0.,1.));
#8698=DIRECTION('center_axis',(0.0191974423996897,6.02739438699089E-15,
-0.999815712121644));
#8699=DIRECTION('ref_axis',(-0.999815712121644,9.27168679169066E-13,-0.0191974423996897));
#8700=DIRECTION('center_axis',(-1.,9.6307704763006E-13,0.));
#8701=DIRECTION('ref_axis',(9.6307704763006E-13,1.,0.));
#8702=DIRECTION('',(0.,0.,1.));
#8703=DIRECTION('',(9.6307704763006E-13,1.,2.45205293716662E-14));
#8704=DIRECTION('center_axis',(0.,0.,-1.));
#8705=DIRECTION('ref_axis',(7.85147508198607E-13,1.,0.));
#8706=DIRECTION('',(0.,0.,1.));
#8707=DIRECTION('center_axis',(0.0191974423996897,6.02739438699089E-15,
-0.999815712121644));
#8708=DIRECTION('ref_axis',(0.999815712121644,-7.85002815030124E-13,0.0191974423996897));
#8709=DIRECTION('center_axis',(9.6639114621102E-13,1.,0.));
#8710=DIRECTION('ref_axis',(1.,-9.6639114621102E-13,0.));
#8711=DIRECTION('',(0.999815712121644,-9.66213052037023E-13,0.0191974423996897));
#8712=DIRECTION('center_axis',(0.,0.,-1.));
#8713=DIRECTION('ref_axis',(-1.00152674274173E-12,-1.,0.));
#8714=DIRECTION('',(0.,0.,1.));
#8715=DIRECTION('center_axis',(0.0191974423996897,6.02739438699089E-15,
-0.999815712121644));
#8716=DIRECTION('ref_axis',(-0.999815712121644,1.0013421735032E-12,-0.0191974423996897));
#8717=DIRECTION('',(0.,0.,1.));
#8718=DIRECTION('center_axis',(-9.60425768765285E-13,-1.,0.));
#8719=DIRECTION('ref_axis',(-1.,9.60425768765285E-13,0.));
#8720=DIRECTION('',(0.,0.,1.));
#8721=DIRECTION('',(-0.999815712121644,9.60248773938041E-13,-0.0191974423996897));
#8722=DIRECTION('center_axis',(0.,0.,-1.));
#8723=DIRECTION('ref_axis',(-1.,9.27339576612138E-13,0.));
#8724=DIRECTION('',(0.,0.,1.));
#8725=DIRECTION('center_axis',(0.0191974423996897,6.02739438699089E-15,
-0.999815712121644));
#8726=DIRECTION('ref_axis',(-0.999815712121644,9.27168679169048E-13,-0.0191974423996897));
#8727=DIRECTION('center_axis',(-1.,9.63739867346254E-13,0.));
#8728=DIRECTION('ref_axis',(9.63739867346254E-13,1.,0.));
#8729=DIRECTION('',(0.,0.,-1.));
#8730=DIRECTION('',(9.63739867346254E-13,1.,2.45332561603821E-14));
#8731=DIRECTION('center_axis',(0.,0.,-1.));
#8732=DIRECTION('ref_axis',(8.03694299730867E-13,1.,0.));
#8733=DIRECTION('',(0.,0.,1.));
#8734=DIRECTION('center_axis',(0.0191974423996897,6.02739438699089E-15,
-0.999815712121644));
#8735=DIRECTION('ref_axis',(0.999815712121644,-8.03546188613523E-13,0.0191974423996897));
#8736=DIRECTION('center_axis',(9.67053965927215E-13,1.,0.));
#8737=DIRECTION('ref_axis',(1.,-9.67053965927215E-13,0.));
#8738=DIRECTION('',(0.,0.,1.));
#8739=DIRECTION('',(0.999815712121644,-9.66875749603578E-13,0.0191974423996897));
#8740=DIRECTION('center_axis',(0.,0.,-1.));
#8741=DIRECTION('ref_axis',(1.,-9.1497504892401E-13,0.));
#8742=DIRECTION('',(0.,0.,1.));
#8743=DIRECTION('center_axis',(0.0191974423996897,6.02739438699089E-15,
-0.999815712121644));
#8744=DIRECTION('ref_axis',(0.999815712121644,-9.14806430113495E-13,0.0191974423996897));
#8745=DIRECTION('center_axis',(1.,-9.63739867346253E-13,0.));
#8746=DIRECTION('ref_axis',(-9.63739867346253E-13,-1.,0.));
#8747=DIRECTION('',(-9.63739867346253E-13,-1.,-2.45332561603821E-14));
#8748=DIRECTION('center_axis',(0.,0.,-1.));
#8749=DIRECTION('ref_axis',(0.965925826289191,0.258819045102063,0.));
#8750=DIRECTION('',(0.,0.,1.));
#8751=DIRECTION('center_axis',(0.0191974423996897,6.02739438699089E-15,
-0.999815712121644));
#8752=DIRECTION('ref_axis',(0.999815712121644,3.07655815363768E-13,0.0191974423996897));
#8753=DIRECTION('',(0.,0.,1.));
#8754=DIRECTION('center_axis',(0.965925826289211,0.25881904510199,0.));
#8755=DIRECTION('ref_axis',(0.25881904510199,-0.965925826289211,0.));
#8756=DIRECTION('',(0.,0.,1.));
#8757=DIRECTION('',(0.258815849170334,-0.965913898909894,0.00496951817853001));
#8758=DIRECTION('center_axis',(0.,0.,-1.));
#8759=DIRECTION('ref_axis',(0.258819045102038,-0.965925826289198,0.));
#8760=DIRECTION('',(0.,0.,1.));
#8761=DIRECTION('center_axis',(0.0191974423996897,6.02739438699089E-15,
-0.999815712121644));
#8762=DIRECTION('ref_axis',(0.999815712121644,2.67526795968825E-13,0.0191974423996897));
#8763=DIRECTION('center_axis',(0.25881904510212,-0.965925826289176,0.));
#8764=DIRECTION('ref_axis',(-0.965925826289176,-0.25881904510212,0.));
#8765=DIRECTION('',(0.,0.,-1.));
#8766=DIRECTION('',(-0.965759739095851,-0.258774542172796,-0.018543534311829));
#8767=DIRECTION('center_axis',(0.,0.,-1.));
#8768=DIRECTION('ref_axis',(-0.965925826289188,-0.258819045102074,0.));
#8769=DIRECTION('',(0.,0.,1.));
#8770=DIRECTION('center_axis',(0.0191974423996897,6.02739438699089E-15,
-0.999815712121644));
#8771=DIRECTION('ref_axis',(-0.999815712121644,-3.49330115891021E-13,-0.0191974423996897));
#8772=DIRECTION('center_axis',(-0.965925826289205,-0.25881904510201,0.));
#8773=DIRECTION('ref_axis',(-0.25881904510201,0.965925826289205,0.));
#8774=DIRECTION('',(0.,0.,1.));
#8775=DIRECTION('',(-0.258815849170355,0.965913898909888,-0.0049695181785304));
#8776=DIRECTION('center_axis',(0.,0.,-1.));
#8777=DIRECTION('ref_axis',(-0.258819045102068,0.96592582628919,0.));
#8778=DIRECTION('',(0.,0.,1.));
#8779=DIRECTION('center_axis',(0.0191974423996897,6.02739438699089E-15,
-0.999815712121644));
#8780=DIRECTION('ref_axis',(-0.999815712121644,-3.6681110869649E-13,-0.0191974423996897));
#8781=DIRECTION('center_axis',(-0.258819045102096,0.965925826289182,0.));
#8782=DIRECTION('ref_axis',(0.965925826289182,0.258819045102096,0.));
#8783=DIRECTION('',(0.965759739095857,0.258774542172772,0.0185435343118291));
#8784=DIRECTION('center_axis',(0.,0.,-1.));
#8785=DIRECTION('ref_axis',(-1.01389127042992E-12,-1.,0.));
#8786=DIRECTION('',(0.,0.,1.));
#8787=DIRECTION('center_axis',(0.0191974423996897,6.02739438699089E-15,
-0.999815712121644));
#8788=DIRECTION('ref_axis',(-0.999815712121644,1.01370442255881E-12,-0.0191974423996897));
#8789=DIRECTION('',(0.,0.,1.));
#8790=DIRECTION('center_axis',(-9.60425768765285E-13,-1.,0.));
#8791=DIRECTION('ref_axis',(-1.,9.60425768765285E-13,0.));
#8792=DIRECTION('',(0.,0.,1.));
#8793=DIRECTION('',(-0.999815712121644,9.60248773938041E-13,-0.0191974423996897));
#8794=DIRECTION('center_axis',(0.,0.,-1.));
#8795=DIRECTION('ref_axis',(-1.,9.52068631988491E-13,0.));
#8796=DIRECTION('',(0.,0.,1.));
#8797=DIRECTION('center_axis',(0.0191974423996897,6.02739438699089E-15,
-0.999815712121644));
#8798=DIRECTION('ref_axis',(-0.999815712121644,9.51893177280253E-13,-0.0191974423996897));
#8799=DIRECTION('center_axis',(-1.,9.63077047630061E-13,0.));
#8800=DIRECTION('ref_axis',(9.63077047630061E-13,1.,0.));
#8801=DIRECTION('',(0.,0.,-1.));
#8802=DIRECTION('',(9.63077047630061E-13,1.,2.45205293716662E-14));
#8803=DIRECTION('center_axis',(0.,0.,-1.));
#8804=DIRECTION('ref_axis',(8.22241091263123E-13,1.,0.));
#8805=DIRECTION('',(0.,0.,1.));
#8806=DIRECTION('center_axis',(0.0191974423996897,6.02739438699089E-15,
-0.999815712121644));
#8807=DIRECTION('ref_axis',(0.999815712121644,-8.22089562196917E-13,0.0191974423996897));
#8808=DIRECTION('center_axis',(9.67053965927216E-13,1.,0.));
#8809=DIRECTION('ref_axis',(1.,-9.67053965927216E-13,0.));
#8810=DIRECTION('',(0.,0.,1.));
#8811=DIRECTION('',(0.999815712121644,-9.6687574960358E-13,0.0191974423996897));
#8812=DIRECTION('center_axis',(0.,0.,-1.));
#8813=DIRECTION('ref_axis',(1.,-9.5206863198852E-13,0.));
#8814=DIRECTION('',(0.,0.,1.));
#8815=DIRECTION('center_axis',(0.0191974423996897,6.02739438699089E-15,
-0.999815712121644));
#8816=DIRECTION('ref_axis',(0.999815712121644,-9.51893177280282E-13,0.0191974423996897));
#8817=DIRECTION('center_axis',(1.,-9.63077047630061E-13,0.));
#8818=DIRECTION('ref_axis',(-9.63077047630061E-13,-1.,0.));
#8819=DIRECTION('',(-9.63077047630061E-13,-1.,-2.45205293716662E-14));
#8820=DIRECTION('center_axis',(0.,0.,-1.));
#8821=DIRECTION('ref_axis',(0.0871557427465096,-0.996194698091846,0.));
#8822=DIRECTION('',(0.,0.,1.));
#8823=DIRECTION('center_axis',(0.0191974423996897,6.02739438699089E-15,
-0.999815712121644));
#8824=DIRECTION('ref_axis',(0.999815712121644,3.36714344150015E-13,0.0191974423996897));
#8825=DIRECTION('',(0.,0.,1.));
#8826=DIRECTION('center_axis',(0.0871557427466817,-0.996194698091831,0.));
#8827=DIRECTION('ref_axis',(-0.996194698091831,-0.0871557427466817,0.));
#8828=DIRECTION('',(0.,0.,1.));
#8829=DIRECTION('',(-0.996012505648485,-0.0871398029733091,-0.0191244171048109));
#8830=DIRECTION('center_axis',(0.,0.,-1.));
#8831=DIRECTION('ref_axis',(-0.996194698091827,-0.087155742746728,0.));
#8832=DIRECTION('',(0.,0.,1.));
#8833=DIRECTION('center_axis',(0.0191974423996897,6.02739438699089E-15,
-0.999815712121644));
#8834=DIRECTION('ref_axis',(-0.999815712121644,-3.05096443489059E-13,-0.0191974423996897));
#8835=DIRECTION('center_axis',(-0.996194698091831,-0.0871557427466776,0.));
#8836=DIRECTION('ref_axis',(-0.0871557427466776,0.996194698091831,0.));
#8837=DIRECTION('',(0.,0.,-1.));
#8838=DIRECTION('',(-0.087155620706186,0.996193303162628,-0.00167347340917426));
#8839=DIRECTION('center_axis',(0.,0.,-1.));
#8840=DIRECTION('ref_axis',(-0.0871557427466601,0.996194698091833,0.));
#8841=DIRECTION('',(0.,0.,1.));
#8842=DIRECTION('center_axis',(0.0191974423996897,6.02739438699089E-15,
-0.999815712121644));
#8843=DIRECTION('ref_axis',(-0.999815712121644,-3.03032044476987E-13,-0.0191974423996897));
#8844=DIRECTION('center_axis',(-0.0871557427466744,0.996194698091832,0.));
#8845=DIRECTION('ref_axis',(0.996194698091832,0.0871557427466744,0.));
#8846=DIRECTION('',(0.,0.,1.));
#8847=DIRECTION('',(0.996012505648486,0.0871398029733018,0.019124417104811));
#8848=DIRECTION('center_axis',(0.,0.,-1.));
#8849=DIRECTION('ref_axis',(0.996194698091835,0.0871557427466357,0.));
#8850=DIRECTION('',(0.,0.,1.));
#8851=DIRECTION('center_axis',(0.0191974423996897,6.02739438699089E-15,
-0.999815712121644));
#8852=DIRECTION('ref_axis',(0.999815712121644,3.03188987091812E-13,0.0191974423996897));
#8853=DIRECTION('center_axis',(0.996194698091831,0.0871557427466779,0.));
#8854=DIRECTION('ref_axis',(0.0871557427466779,-0.996194698091831,0.));
#8855=DIRECTION('',(0.0871556207061862,-0.996193303162628,0.00167347340917427));
#8856=DIRECTION('center_axis',(0.,0.,-1.));
#8857=DIRECTION('ref_axis',(1.,-9.27339576612184E-13,0.));
#8858=DIRECTION('',(0.,0.,1.));
#8859=DIRECTION('center_axis',(0.0191974423996897,6.02739438699089E-15,
-0.999815712121644));
#8860=DIRECTION('ref_axis',(0.999815712121644,-9.27168679169095E-13,0.0191974423996897));
#8861=DIRECTION('',(0.,0.,1.));
#8862=DIRECTION('center_axis',(1.,-9.63739867346254E-13,0.));
#8863=DIRECTION('ref_axis',(-9.63739867346254E-13,-1.,0.));
#8864=DIRECTION('',(0.,0.,1.));
#8865=DIRECTION('',(-9.63739867346254E-13,-1.,-2.45332561603821E-14));
#8866=DIRECTION('center_axis',(0.,0.,-1.));
#8867=DIRECTION('ref_axis',(-1.03862032580626E-12,-1.,0.));
#8868=DIRECTION('',(0.,0.,1.));
#8869=DIRECTION('center_axis',(0.0191974423996897,6.02739438699089E-15,
-0.999815712121644));
#8870=DIRECTION('ref_axis',(-0.999815712121644,1.03842892067E-12,-0.0191974423996897));
#8871=DIRECTION('center_axis',(0.,0.,-1.));
#8872=DIRECTION('ref_axis',(-1.,9.27339576612155E-13,0.));
#8873=DIRECTION('',(0.,0.,1.));
#8874=DIRECTION('center_axis',(0.0191974423996897,6.02739438699089E-15,
-0.999815712121644));
#8875=DIRECTION('ref_axis',(-0.999815712121644,9.27168679169066E-13,-0.0191974423996897));
#8876=DIRECTION('',(0.,0.,-1.));
#8877=DIRECTION('center_axis',(-1.,9.6307704763006E-13,0.));
#8878=DIRECTION('ref_axis',(9.6307704763006E-13,1.,0.));
#8879=DIRECTION('',(0.,0.,1.));
#8880=DIRECTION('',(9.6307704763006E-13,1.,2.45205293716662E-14));
#8881=DIRECTION('center_axis',(0.,0.,-1.));
#8882=DIRECTION('ref_axis',(7.85147508198607E-13,1.,0.));
#8883=DIRECTION('',(0.,0.,1.));
#8884=DIRECTION('center_axis',(0.0191974423996897,6.02739438699089E-15,
-0.999815712121644));
#8885=DIRECTION('ref_axis',(0.999815712121644,-7.85002815030124E-13,0.0191974423996897));
#8886=DIRECTION('center_axis',(9.66391146211021E-13,1.,0.));
#8887=DIRECTION('ref_axis',(1.,-9.66391146211021E-13,0.));
#8888=DIRECTION('',(0.999815712121644,-9.66213052037024E-13,0.0191974423996897));
#8889=DIRECTION('center_axis',(0.,0.,-1.));
#8890=DIRECTION('ref_axis',(-0.906307787036187,0.422618261741692,0.));
#8891=DIRECTION('',(0.,0.,1.));
#8892=DIRECTION('center_axis',(0.,0.,-1.));
#8893=DIRECTION('ref_axis',(-0.906307787036187,0.422618261741692,0.));
#8894=DIRECTION('',(0.,0.,-1.));
#8895=DIRECTION('center_axis',(-0.906307787036191,0.422618261741684,0.));
#8896=DIRECTION('ref_axis',(0.422618261741684,0.906307787036191,0.));
#8897=DIRECTION('',(0.,0.,1.));
#8898=DIRECTION('',(0.422618261741684,0.906307787036191,0.));
#8899=DIRECTION('center_axis',(0.,0.,-1.));
#8900=DIRECTION('ref_axis',(0.422618261741647,0.906307787036208,0.));
#8901=DIRECTION('',(0.,0.,1.));
#8902=DIRECTION('center_axis',(0.,0.,-1.));
#8903=DIRECTION('ref_axis',(0.422618261741647,0.906307787036208,0.));
#8904=DIRECTION('center_axis',(0.422618261741689,0.906307787036189,0.));
#8905=DIRECTION('ref_axis',(0.906307787036189,-0.422618261741689,0.));
#8906=DIRECTION('',(0.,0.,1.));
#8907=DIRECTION('',(0.906307787036189,-0.422618261741689,0.));
#8908=DIRECTION('center_axis',(0.,0.,-1.));
#8909=DIRECTION('ref_axis',(1.,-9.27339576612184E-13,0.));
#8910=DIRECTION('',(0.,0.,1.));
#8911=DIRECTION('center_axis',(0.0191974423996897,6.02739438699089E-15,
-0.999815712121644));
#8912=DIRECTION('ref_axis',(0.999815712121644,-9.27168679169095E-13,0.0191974423996897));
#8913=DIRECTION('',(0.,0.,1.));
#8914=DIRECTION('center_axis',(1.,-9.63739867346254E-13,0.));
#8915=DIRECTION('ref_axis',(-9.63739867346254E-13,-1.,0.));
#8916=DIRECTION('',(0.,0.,1.));
#8917=DIRECTION('',(-9.63739867346254E-13,-1.,-2.45332561603821E-14));
#8918=DIRECTION('center_axis',(0.,0.,-1.));
#8919=DIRECTION('ref_axis',(-1.00152674274174E-12,-1.,0.));
#8920=DIRECTION('',(0.,0.,1.));
#8921=DIRECTION('center_axis',(0.0191974423996897,6.02739438699089E-15,
-0.999815712121644));
#8922=DIRECTION('ref_axis',(-0.999815712121644,1.0013421735032E-12,-0.0191974423996897));
#8923=DIRECTION('center_axis',(0.,0.,-1.));
#8924=DIRECTION('ref_axis',(8.28423355107212E-13,1.,0.));
#8925=DIRECTION('',(0.,0.,1.));
#8926=DIRECTION('center_axis',(0.0191974423996897,6.02739438699089E-15,
-0.999815712121644));
#8927=DIRECTION('ref_axis',(0.999815712121644,-8.28270686724719E-13,0.0191974423996897));
#8928=DIRECTION('',(0.,0.,1.));
#8929=DIRECTION('center_axis',(9.66391146211022E-13,1.,0.));
#8930=DIRECTION('ref_axis',(1.,-9.66391146211022E-13,0.));
#8931=DIRECTION('',(0.999815712121644,-9.66213052037025E-13,0.0191974423996897));
#8932=DIRECTION('center_axis',(0.,0.,-1.));
#8933=DIRECTION('ref_axis',(0.0871557427464973,-0.996194698091847,0.));
#8934=DIRECTION('',(0.,0.,1.));
#8935=DIRECTION('center_axis',(0.0191974423996897,6.02739438699089E-15,
-0.999815712121644));
#8936=DIRECTION('ref_axis',(0.999815712121644,3.36605691570425E-13,0.0191974423996897));
#8937=DIRECTION('',(0.,0.,1.));
#8938=DIRECTION('center_axis',(0.0871557427466819,-0.996194698091831,0.));
#8939=DIRECTION('ref_axis',(-0.996194698091831,-0.0871557427466819,0.));
#8940=DIRECTION('',(0.,0.,1.));
#8941=DIRECTION('',(-0.996012505648485,-0.0871398029733092,-0.0191244171048109));
#8942=DIRECTION('center_axis',(0.,0.,-1.));
#8943=DIRECTION('ref_axis',(-0.996194698091829,-0.0871557427466984,0.));
#8944=DIRECTION('',(0.,0.,1.));
#8945=DIRECTION('center_axis',(0.0191974423996897,6.02739438699089E-15,
-0.999815712121644));
#8946=DIRECTION('ref_axis',(-0.999815712121644,-3.06774522218289E-13,-0.0191974423996897));
#8947=DIRECTION('center_axis',(-0.996194698091831,-0.0871557427466779,0.));
#8948=DIRECTION('ref_axis',(-0.0871557427466779,0.996194698091831,0.));
#8949=DIRECTION('',(0.,0.,-1.));
#8950=DIRECTION('',(-0.0871556207061862,0.996193303162628,-0.00167347340917427));
#8951=DIRECTION('center_axis',(0.,0.,-1.));
#8952=DIRECTION('ref_axis',(-0.0871557427466595,0.996194698091833,0.));
#8953=DIRECTION('',(0.,0.,1.));
#8954=DIRECTION('center_axis',(0.0191974423996897,6.02739438699089E-15,
-0.999815712121644));
#8955=DIRECTION('ref_axis',(-0.999815712121644,-3.0182479359265E-13,-0.0191974423996897));
#8956=DIRECTION('center_axis',(-0.0871557427466744,0.996194698091832,0.));
#8957=DIRECTION('ref_axis',(0.996194698091832,0.0871557427466744,0.));
#8958=DIRECTION('',(0.,0.,1.));
#8959=DIRECTION('',(0.996012505648486,0.0871398029733018,0.019124417104811));
#8960=DIRECTION('center_axis',(0.,0.,-1.));
#8961=DIRECTION('ref_axis',(0.996194698091832,0.0871557427466669,0.));
#8962=DIRECTION('',(0.,0.,1.));
#8963=DIRECTION('center_axis',(0.0191974423996897,6.02739438699089E-15,
-0.999815712121644));
#8964=DIRECTION('ref_axis',(0.999815712121644,3.04710123206075E-13,0.0191974423996897));
#8965=DIRECTION('center_axis',(0.996194698091831,0.0871557427466779,0.));
#8966=DIRECTION('ref_axis',(0.0871557427466779,-0.996194698091831,0.));
#8967=DIRECTION('',(0.0871556207061862,-0.996193303162628,0.00167347340917427));
#8968=DIRECTION('center_axis',(0.,0.,-1.));
#8969=DIRECTION('ref_axis',(1.,-9.5206863198852E-13,0.));
#8970=DIRECTION('',(0.,0.,1.));
#8971=DIRECTION('center_axis',(0.0191974423996897,6.02739438699089E-15,
-0.999815712121644));
#8972=DIRECTION('ref_axis',(0.999815712121644,-9.51893177280282E-13,0.0191974423996897));
#8973=DIRECTION('',(0.,0.,1.));
#8974=DIRECTION('center_axis',(1.,-9.63077047630061E-13,0.));
#8975=DIRECTION('ref_axis',(-9.63077047630061E-13,-1.,0.));
#8976=DIRECTION('',(0.,0.,1.));
#8977=DIRECTION('',(-9.63077047630061E-13,-1.,-2.45205293716662E-14));
#8978=DIRECTION('center_axis',(0.,0.,-1.));
#8979=DIRECTION('ref_axis',(-1.00152674274174E-12,-1.,0.));
#8980=DIRECTION('',(0.,0.,1.));
#8981=DIRECTION('center_axis',(0.0191974423996897,6.02739438699089E-15,
-0.999815712121644));
#8982=DIRECTION('ref_axis',(-0.999815712121644,1.0013421735032E-12,-0.0191974423996897));
#8983=DIRECTION('center_axis',(-9.59762949049091E-13,-1.,0.));
#8984=DIRECTION('ref_axis',(-1.,9.59762949049091E-13,0.));
#8985=DIRECTION('',(0.,0.,-1.));
#8986=DIRECTION('',(-0.999815712121644,9.59586076371486E-13,-0.0191974423996897));
#8987=DIRECTION('center_axis',(0.,0.,-1.));
#8988=DIRECTION('ref_axis',(-1.,9.27339576612155E-13,0.));
#8989=DIRECTION('',(0.,0.,1.));
#8990=DIRECTION('center_axis',(0.0191974423996897,6.02739438699089E-15,
-0.999815712121644));
#8991=DIRECTION('ref_axis',(-0.999815712121644,9.27168679169066E-13,-0.0191974423996897));
#8992=DIRECTION('center_axis',(-1.,9.6307704763006E-13,0.));
#8993=DIRECTION('ref_axis',(9.6307704763006E-13,1.,0.));
#8994=DIRECTION('',(0.,0.,1.));
#8995=DIRECTION('',(9.6307704763006E-13,1.,2.45205293716662E-14));
#8996=DIRECTION('center_axis',(0.,0.,-1.));
#8997=DIRECTION('ref_axis',(8.22241091263123E-13,1.,0.));
#8998=DIRECTION('',(0.,0.,1.));
#8999=DIRECTION('center_axis',(0.0191974423996897,6.02739438699089E-15,
-0.999815712121644));
#9000=DIRECTION('ref_axis',(0.999815712121644,-8.22089562196917E-13,0.0191974423996897));
#9001=DIRECTION('center_axis',(9.67053965927216E-13,1.,0.));
#9002=DIRECTION('ref_axis',(1.,-9.67053965927216E-13,0.));
#9003=DIRECTION('',(0.999815712121644,-9.6687574960358E-13,0.0191974423996897));
#9004=DIRECTION('center_axis',(0.,0.,-1.));
#9005=DIRECTION('ref_axis',(0.965925826289194,0.258819045102052,0.));
#9006=DIRECTION('',(0.,0.,1.));
#9007=DIRECTION('center_axis',(0.0191974423996897,6.02739438699089E-15,
-0.999815712121644));
#9008=DIRECTION('ref_axis',(0.999815712121644,3.06013954161074E-13,0.0191974423996897));
#9009=DIRECTION('',(0.,0.,1.));
#9010=DIRECTION('center_axis',(0.965925826289211,0.25881904510199,0.));
#9011=DIRECTION('ref_axis',(0.25881904510199,-0.965925826289211,0.));
#9012=DIRECTION('',(0.,0.,1.));
#9013=DIRECTION('',(0.258815849170334,-0.965913898909894,0.00496951817853001));
#9014=DIRECTION('center_axis',(0.,0.,-1.));
#9015=DIRECTION('ref_axis',(0.258819045102038,-0.965925826289198,0.));
#9016=DIRECTION('',(0.,0.,1.));
#9017=DIRECTION('center_axis',(0.0191974423996897,6.02739438699089E-15,
-0.999815712121644));
#9018=DIRECTION('ref_axis',(0.999815712121644,2.6202173193625E-13,0.0191974423996897));
#9019=DIRECTION('center_axis',(0.25881904510212,-0.965925826289176,0.));
#9020=DIRECTION('ref_axis',(-0.965925826289176,-0.25881904510212,0.));
#9021=DIRECTION('',(0.,0.,-1.));
#9022=DIRECTION('',(-0.965759739095851,-0.258774542172796,-0.018543534311829));
#9023=DIRECTION('center_axis',(0.,0.,-1.));
#9024=DIRECTION('ref_axis',(-0.965925826289189,-0.258819045102072,0.));
#9025=DIRECTION('',(0.,0.,1.));
#9026=DIRECTION('center_axis',(0.0191974423996897,6.02739438699089E-15,
-0.999815712121644));
#9027=DIRECTION('ref_axis',(-0.999815712121644,-3.44790852565921E-13,-0.0191974423996897));
#9028=DIRECTION('center_axis',(-0.965925826289205,-0.25881904510201,0.));
#9029=DIRECTION('ref_axis',(-0.25881904510201,0.965925826289205,0.));
#9030=DIRECTION('',(0.,0.,1.));
#9031=DIRECTION('',(-0.258815849170354,0.965913898909888,-0.0049695181785304));
#9032=DIRECTION('center_axis',(0.,0.,-1.));
#9033=DIRECTION('ref_axis',(-0.258819045102071,0.965925826289189,0.));
#9034=DIRECTION('',(0.,0.,1.));
#9035=DIRECTION('center_axis',(0.0191974423996897,6.02739438699089E-15,
-0.999815712121644));
#9036=DIRECTION('ref_axis',(-0.999815712121644,-3.78207557044626E-13,-0.0191974423996897));
#9037=DIRECTION('center_axis',(-0.258819045102097,0.965925826289182,0.));
#9038=DIRECTION('ref_axis',(0.965925826289182,0.258819045102097,0.));
#9039=DIRECTION('',(0.965759739095857,0.258774542172772,0.0185435343118291));
#9040=DIRECTION('center_axis',(0.,1.,0.));
#9041=DIRECTION('ref_axis',(0.,0.,-1.));
#9042=DIRECTION('',(0.,0.,-1.));
#9043=DIRECTION('',(-1.,0.,0.));
#9044=DIRECTION('',(0.,0.,1.));
#9045=DIRECTION('',(-1.,0.,0.));
#9046=DIRECTION('center_axis',(-1.,0.,0.));
#9047=DIRECTION('ref_axis',(0.,0.,-1.));
#9048=DIRECTION('center_axis',(-1.,3.38006267395436E-12,0.));
#9049=DIRECTION('ref_axis',(0.,0.,-1.));
#9050=DIRECTION('center_axis',(1.,-3.38622690664397E-12,0.));
#9051=DIRECTION('ref_axis',(0.,0.,-1.));
#9052=DIRECTION('center_axis',(1.,-3.38622690664397E-12,0.));
#9053=DIRECTION('ref_axis',(3.38622690664397E-12,1.,0.));
#9054=DIRECTION('center_axis',(1.,-3.38622690664397E-12,0.));
#9055=DIRECTION('ref_axis',(3.38622690664397E-12,1.,3.97799780810318E-15));
#9056=DIRECTION('',(-3.38622690664397E-12,-1.,-8.75570208694918E-16));
#9057=DIRECTION('center_axis',(1.,-3.38622690664397E-12,0.));
#9058=DIRECTION('ref_axis',(0.,0.,1.));
#9059=DIRECTION('',(-1.07413345096038E-25,-3.17206578464328E-14,-1.));
#9060=DIRECTION('center_axis',(1.,-3.38622690664397E-12,0.));
#9061=DIRECTION('ref_axis',(-3.38622690664397E-12,-1.,-3.61636164373013E-15));
#9062=DIRECTION('',(3.38622690664397E-12,1.,0.));
#9063=DIRECTION('center_axis',(1.,-3.38622690664397E-12,0.));
#9064=DIRECTION('ref_axis',(0.,0.,-1.));
#9065=DIRECTION('',(0.,0.,1.));
#9066=DIRECTION('center_axis',(-1.,3.38622690664397E-12,0.));
#9067=DIRECTION('ref_axis',(3.38622690664397E-12,1.,0.));
#9068=DIRECTION('',(-3.38622690664397E-12,-1.,0.));
#9069=DIRECTION('center_axis',(0.,0.,1.));
#9070=DIRECTION('ref_axis',(1.,0.,0.));
#9071=DIRECTION('center_axis',(0.,0.,-1.));
#9072=DIRECTION('ref_axis',(1.,0.,0.));
#9073=DIRECTION('center_axis',(0.,0.,1.));
#9074=DIRECTION('ref_axis',(1.,0.,0.));
#9075=DIRECTION('',(0.,0.,-1.));
#9076=DIRECTION('center_axis',(0.,0.,1.));
#9077=DIRECTION('ref_axis',(1.,0.,0.));
#9078=DIRECTION('',(0.,0.,-1.));
#9079=DIRECTION('center_axis',(0.,0.,-1.));
#9080=DIRECTION('ref_axis',(1.,0.,0.));
#9081=DIRECTION('',(0.,0.,-1.));
#9082=DIRECTION('center_axis',(0.,0.,-1.));
#9083=DIRECTION('ref_axis',(1.,0.,0.));
#9084=DIRECTION('center_axis',(0.0191974423996897,6.02739438699089E-15,
-0.999815712121644));
#9085=DIRECTION('ref_axis',(0.999815712121644,0.,0.0191974423996897));
#9086=DIRECTION('',(0.,0.,1.));
#9087=DIRECTION('center_axis',(0.,0.,1.));
#9088=DIRECTION('ref_axis',(1.,0.,0.));
#9089=DIRECTION('center_axis',(8.7788324927087E-11,-1.,0.));
#9090=DIRECTION('ref_axis',(1.,8.7788324927087E-11,0.));
#9091=DIRECTION('',(0.,0.,1.));
#9092=DIRECTION('center_axis',(0.,0.,1.));
#9093=DIRECTION('ref_axis',(2.07186658756551E-5,-0.999999999785368,0.));
#9094=DIRECTION('',(0.,0.,1.));
#9095=DIRECTION('center_axis',(-0.999999960948739,0.00027946828101685,0.));
#9096=DIRECTION('ref_axis',(-0.00027946828101685,-0.999999960948739,0.));
#9097=DIRECTION('',(0.,0.,1.));
#9098=DIRECTION('center_axis',(0.,0.,1.));
#9099=DIRECTION('ref_axis',(0.965906511621251,0.258891117668539,0.));
#9100=DIRECTION('',(0.,0.,1.));
#9101=DIRECTION('center_axis',(-0.965925820034637,-0.258819068444375,0.));
#9102=DIRECTION('ref_axis',(0.258819068444375,-0.965925820034637,0.));
#9103=DIRECTION('',(0.,0.,-1.));
#9104=DIRECTION('center_axis',(0.,0.,1.));
#9105=DIRECTION('ref_axis',(-0.961722420232893,-0.274025521478177,0.));
#9106=DIRECTION('',(0.,0.,-1.));
#9107=DIRECTION('center_axis',(-0.258819161865284,0.965925795002573,0.));
#9108=DIRECTION('ref_axis',(-0.965925795002573,-0.258819161865284,0.));
#9109=DIRECTION('',(0.,0.,1.));
#9110=DIRECTION('center_axis',(0.,0.,1.));
#9111=DIRECTION('ref_axis',(0.999999702286611,0.000771638963697421,0.));
#9112=DIRECTION('',(0.,0.,1.));
#9113=DIRECTION('center_axis',(-0.999999640945197,-0.000847413404341212,
0.));
#9114=DIRECTION('ref_axis',(0.000847413404341212,-0.999999640945197,0.));
#9115=DIRECTION('',(0.,0.,1.));
#9116=DIRECTION('center_axis',(0.,0.,1.));
#9117=DIRECTION('ref_axis',(-0.999995507652012,-0.00299744487771072,0.));
#9118=DIRECTION('',(0.,0.,1.));
#9119=DIRECTION('center_axis',(2.9998935045963E-11,1.,0.));
#9120=DIRECTION('ref_axis',(-1.,2.9998935045963E-11,0.));
#9121=DIRECTION('',(0.,0.,1.));
#9122=DIRECTION('center_axis',(0.,0.,1.));
#9123=DIRECTION('ref_axis',(0.984819477640742,-0.173581670862495,0.));
#9124=DIRECTION('',(0.,0.,1.));
#9125=DIRECTION('center_axis',(-0.984807695659806,0.173648502928254,0.));
#9126=DIRECTION('ref_axis',(-0.173648502928254,-0.984807695659806,0.));
#9127=DIRECTION('center_axis',(0.999953194125403,-0.00967520327453463,0.));
#9128=DIRECTION('ref_axis',(0.00967520327453463,0.999953194125403,0.));
#9129=DIRECTION('',(-0.00967520327453463,-0.999953194125403,0.));
#9130=DIRECTION('',(0.,0.,-1.));
#9131=DIRECTION('center_axis',(1.,0.,0.));
#9132=DIRECTION('ref_axis',(0.,0.,-1.));
#9133=DIRECTION('center_axis',(-1.,3.38006267395436E-12,0.));
#9134=DIRECTION('ref_axis',(0.,0.,-1.));
#9135=DIRECTION('',(-1.,0.,0.));
#9136=DIRECTION('',(-1.,0.,0.));
#9137=DIRECTION('center_axis',(0.,0.,-1.));
#9138=DIRECTION('ref_axis',(1.,0.,0.));
#9139=DIRECTION('',(3.38006267395436E-12,1.,0.));
#9140=DIRECTION('',(1.,0.,0.));
#9141=DIRECTION('center_axis',(-1.,0.,0.));
#9142=DIRECTION('ref_axis',(0.,-1.,-3.61636164373013E-15));
#9143=DIRECTION('center_axis',(-1.,3.38006267395436E-12,0.));
#9144=DIRECTION('ref_axis',(-3.38006267395436E-12,-1.,-3.61636164373013E-15));
#9145=DIRECTION('',(-1.,0.,0.));
#9146=DIRECTION('center_axis',(0.,-1.,3.17206578464328E-14));
#9147=DIRECTION('ref_axis',(0.,3.17206578464328E-14,1.));
#9148=DIRECTION('',(1.07217811580005E-25,3.17206578464328E-14,1.));
#9149=DIRECTION('',(-1.,0.,0.));
#9150=DIRECTION('center_axis',(0.,0.,1.));
#9151=DIRECTION('ref_axis',(0.412317422975979,0.911040253068133,0.));
#9152=DIRECTION('center_axis',(0.0195489107487317,6.13494317595398E-15,
-0.999808901785005));
#9153=DIRECTION('ref_axis',(0.999808901785005,3.161701271277E-13,0.0195489107487317));
#9154=DIRECTION('',(0.,0.,1.));
#9155=DIRECTION('center_axis',(0.,0.,1.));
#9156=DIRECTION('ref_axis',(0.412317422975979,0.911040253068133,0.));
#9157=DIRECTION('',(0.,0.,1.));
#9158=DIRECTION('center_axis',(0.,0.,-1.));
#9159=DIRECTION('ref_axis',(0.341367870760908,0.939929772276718,0.));
#9160=DIRECTION('center_axis',(-0.258819162012211,0.965925794963204,0.));
#9161=DIRECTION('ref_axis',(-0.965925794963204,-0.258819162012211,0.));
#9162=DIRECTION('',(-0.965759707786035,-0.258774659065671,-0.0185435337106499));
#9163=DIRECTION('',(0.,0.,1.));
#9164=DIRECTION('',(0.,0.,1.));
#9165=DIRECTION('center_axis',(0.,0.,1.));
#9166=DIRECTION('ref_axis',(0.258895083280445,-0.96590544871287,0.));
#9167=DIRECTION('center_axis',(0.0670388198964665,2.09982938517125E-14,
-0.997750367891132));
#9168=DIRECTION('ref_axis',(0.997750367891132,2.65779554283827E-13,0.0670388198964665));
#9169=DIRECTION('',(0.,0.,1.));
#9170=DIRECTION('center_axis',(-0.999999640656435,-0.000847754092139765,
0.));
#9171=DIRECTION('ref_axis',(0.000847754092139765,-0.999999640656435,0.));
#9172=DIRECTION('',(0.000847754092027453,-0.999999640523953,1.62777101294351E-5));
#9173=DIRECTION('',(0.,0.,1.));
#9174=DIRECTION('center_axis',(0.,0.,1.));
#9175=DIRECTION('ref_axis',(-5.67218332896204E-5,0.999999998391317,0.));
#9176=DIRECTION('',(0.,0.,1.));
#9177=DIRECTION('center_axis',(0.,0.,1.));
#9178=DIRECTION('ref_axis',(-0.947518439887857,-0.319701119911208,0.));
#9179=DIRECTION('center_axis',(0.,0.,-1.));
#9180=DIRECTION('ref_axis',(-0.84161379546762,-0.54007982676507,0.));
#9181=DIRECTION('',(0.,0.,1.));
#9182=DIRECTION('center_axis',(0.,0.,1.));
#9183=DIRECTION('ref_axis',(-0.947518439887857,-0.319701119911208,0.));
#9184=DIRECTION('',(0.,0.,1.));
#9185=DIRECTION('center_axis',(0.416612738975808,0.909084058667335,0.));
#9186=DIRECTION('ref_axis',(-0.909084058667335,0.416612738975808,0.));
#9187=DIRECTION('',(-0.909084058667335,0.416612738975808,0.));
#9188=DIRECTION('',(0.,0.,1.));
#9189=DIRECTION('',(-0.909084058667335,0.416612738975808,0.));
#9190=DIRECTION('center_axis',(0.,0.,1.));
#9191=DIRECTION('ref_axis',(0.906319279414875,-0.422593615381139,0.));
#9192=DIRECTION('center_axis',(0.,0.,1.));
#9193=DIRECTION('ref_axis',(0.938556030530839,0.345126900652781,0.));
#9194=DIRECTION('',(0.,0.,1.));
#9195=DIRECTION('center_axis',(0.,0.,1.));
#9196=DIRECTION('ref_axis',(0.906319279414875,-0.422593615381139,0.));
#9197=DIRECTION('center_axis',(0.906307801352059,-0.422618231041204,0.));
#9198=DIRECTION('ref_axis',(0.422618231041204,0.906307801352059,0.));
#9199=DIRECTION('',(0.422618231041204,0.906307801352059,0.));
#9200=DIRECTION('',(0.,0.,1.));
#9201=DIRECTION('',(0.422618231041204,0.906307801352059,0.));
#9202=DIRECTION('center_axis',(0.,0.,1.));
#9203=DIRECTION('ref_axis',(-0.412315298528987,-0.911041214544629,0.));
#9204=DIRECTION('center_axis',(0.,0.,1.));
#9205=DIRECTION('ref_axis',(0.347339862141951,-0.93773931354466,0.));
#9206=DIRECTION('',(0.,0.,1.));
#9207=DIRECTION('center_axis',(0.,0.,1.));
#9208=DIRECTION('ref_axis',(-0.412315298528987,-0.911041214544629,0.));
#9209=DIRECTION('center_axis',(-0.412317422975987,-0.911040253068129,0.));
#9210=DIRECTION('ref_axis',(0.911040253068129,-0.412317422975987,0.));
#9211=DIRECTION('',(0.911040253068129,-0.412317422975988,0.));
#9212=DIRECTION('',(0.911040253068129,-0.412317422975988,0.));
#9213=DIRECTION('center_axis',(8.39810400732568E-11,-1.,0.));
#9214=DIRECTION('ref_axis',(1.,8.39810400732568E-11,0.));
#9215=DIRECTION('',(0.999815712121644,8.39655633855596E-11,0.0191974423996897));
#9216=DIRECTION('',(0.,0.,1.));
#9217=DIRECTION('',(0.,0.,1.));
#9218=DIRECTION('center_axis',(0.,0.,1.));
#9219=DIRECTION('ref_axis',(-0.99999999538742,9.60477003210789E-5,0.));
#9220=DIRECTION('',(0.,0.,1.));
#9221=DIRECTION('center_axis',(-0.999999960948739,0.000279468281016693,
0.));
#9222=DIRECTION('ref_axis',(-0.000279468281016693,-0.999999960948739,0.));
#9223=DIRECTION('',(-0.000279468281012669,-0.999999960934342,-5.36606513406707E-6));
#9224=DIRECTION('',(0.,0.,1.));
#9225=DIRECTION('center_axis',(0.,0.,1.));
#9226=DIRECTION('ref_axis',(0.999999960948739,-0.000279468281008118,0.));
#9227=DIRECTION('center_axis',(0.0431815442412813,-4.5856927482617E-9,-0.999067242099819));
#9228=DIRECTION('ref_axis',(0.999067238117332,-8.9288159457307E-5,0.0431815440695607));
#9229=DIRECTION('',(0.,0.,1.));
#9230=DIRECTION('center_axis',(-0.965925820034637,-0.258819068444375,0.));
#9231=DIRECTION('ref_axis',(0.258819068444375,-0.965925820034637,0.));
#9232=DIRECTION('',(0.258815872511855,-0.965913892653246,0.0049695186267101));
#9233=DIRECTION('',(0.,0.,1.));
#9234=DIRECTION('center_axis',(0.,0.,1.));
#9235=DIRECTION('ref_axis',(-0.255766724143002,0.966738528673166,0.));
#9236=DIRECTION('center_axis',(-0.0138748309589104,-4.37440442337997E-15,
0.999903739899927));
#9237=DIRECTION('ref_axis',(-0.999903739899927,-3.15245883407571E-13,-0.0138748309589104));
#9238=DIRECTION('center_axis',(0.,1.,0.));
#9239=DIRECTION('ref_axis',(0.,0.,1.));
#9240=DIRECTION('',(0.,0.,-1.));
#9241=DIRECTION('',(1.,0.,0.));
#9242=DIRECTION('center_axis',(-1.,0.,0.));
#9243=DIRECTION('ref_axis',(0.,-1.,0.));
#9244=DIRECTION('center_axis',(-1.,3.38006267395436E-12,0.));
#9245=DIRECTION('ref_axis',(-3.38006267395436E-12,-1.,0.));
#9246=DIRECTION('',(-1.,0.,0.));
#9247=DIRECTION('center_axis',(-1.,3.38622690664397E-12,0.));
#9248=DIRECTION('ref_axis',(-3.38622690664397E-12,-1.,0.));
#9249=DIRECTION('',(1.,0.,0.));
#9250=DIRECTION('center_axis',(1.,0.,0.));
#9251=DIRECTION('ref_axis',(0.,1.,0.));
#9252=DIRECTION('',(-1.,0.,0.));
#9253=DIRECTION('center_axis',(-1.,3.38006267395436E-12,0.));
#9254=DIRECTION('ref_axis',(3.38006267395436E-12,1.,0.));
#9255=DIRECTION('center_axis',(-1.,0.,0.));
#9256=DIRECTION('ref_axis',(0.,0.,1.));
#9257=DIRECTION('center_axis',(-1.,3.38006267395436E-12,0.));
#9258=DIRECTION('ref_axis',(0.,0.,1.));
#9259=DIRECTION('',(-1.,0.,0.));
#9260=DIRECTION('center_axis',(0.,-8.75570208694918E-16,1.));
#9261=DIRECTION('ref_axis',(0.,1.,8.75570208694918E-16));
#9262=DIRECTION('',(3.38006267395436E-12,1.,8.75570208694918E-16));
#9263=DIRECTION('',(-1.,0.,0.));
#9264=DIRECTION('center_axis',(-1.,0.,0.));
#9265=DIRECTION('ref_axis',(0.,1.,3.97799780810318E-15));
#9266=DIRECTION('center_axis',(-1.,3.38006267395436E-12,0.));
#9267=DIRECTION('ref_axis',(3.38006267395436E-12,1.,3.97799780810318E-15));
#9268=DIRECTION('center_axis',(0.,0.,1.));
#9269=DIRECTION('ref_axis',(-0.58781633322169,-0.808994411845847,0.));
#9270=DIRECTION('center_axis',(0.0575076137572699,1.89750419198259E-14,
-0.998345067779645));
#9271=DIRECTION('ref_axis',(-0.998345067779645,-4.07885930523326E-13,-0.0575076137572699));
#9272=DIRECTION('',(0.,0.,1.));
#9273=DIRECTION('center_axis',(0.,0.,1.));
#9274=DIRECTION('ref_axis',(0.977060041553651,0.212964023250825,0.));
#9275=DIRECTION('center_axis',(-0.0138660484718307,-4.29117478718972E-15,
0.999903861728605));
#9276=DIRECTION('ref_axis',(0.999903861728605,4.0950906113535E-13,0.0138660484718307));
#9277=DIRECTION('',(0.,0.,1.));
#9278=DIRECTION('center_axis',(-2.17874698381811E-13,1.,0.));
#9279=DIRECTION('ref_axis',(-1.,-2.17874698381811E-13,0.));
#9280=DIRECTION('',(-0.999815712121644,-2.17834546715899E-13,-0.0191974423996897));
#9281=DIRECTION('',(0.,0.,-1.));
#9282=DIRECTION('center_axis',(0.,0.,1.));
#9283=DIRECTION('ref_axis',(-0.58781271765012,-0.808997038912245,0.));
#9284=DIRECTION('center_axis',(0.057507613757271,1.79535014896732E-14,-0.998345067779645));
#9285=DIRECTION('ref_axis',(-0.998345067779645,-4.07885930523334E-13,-0.057507613757271));
#9286=DIRECTION('',(0.,0.,1.));
#9287=DIRECTION('center_axis',(0.,0.,1.));
#9288=DIRECTION('ref_axis',(0.977057638094605,0.212975049808636,0.));
#9289=DIRECTION('center_axis',(-0.0138661231762998,-4.34364905460899E-15,
0.999903860692647));
#9290=DIRECTION('ref_axis',(0.999903860692647,3.57698686026441E-13,0.0138661231762998));
#9291=DIRECTION('',(0.,0.,1.));
#9292=DIRECTION('center_axis',(-3.86102466245319E-12,1.,0.));
#9293=DIRECTION('ref_axis',(-1.,-3.86102466245319E-12,0.));
#9294=DIRECTION('',(-0.999815712121644,-3.86031312240987E-12,-0.0191974423996897));
#9295=DIRECTION('',(0.,0.,1.));
#9296=DIRECTION('center_axis',(0.,0.,1.));
#9297=DIRECTION('ref_axis',(5.90600252925529E-6,0.99999999998256,0.));
#9298=DIRECTION('',(0.,0.,-1.));
#9299=DIRECTION('center_axis',(0.,0.,1.));
#9300=DIRECTION('ref_axis',(-0.969877741058439,0.243592215391583,0.));
#9301=DIRECTION('center_axis',(0.,0.,1.));
#9302=DIRECTION('ref_axis',(-0.969877741058439,0.243592215391582,0.));
#9303=DIRECTION('',(0.,0.,1.));
#9304=DIRECTION('center_axis',(-0.984807695659802,0.173648502928277,0.));
#9305=DIRECTION('ref_axis',(-0.173648502928277,-0.984807695659802,0.));
#9306=DIRECTION('',(-0.173647537708203,-0.984802221635318,-0.00333420305621434));
#9307=DIRECTION('',(0.,0.,1.));
#9308=DIRECTION('center_axis',(0.,0.,1.));
#9309=DIRECTION('ref_axis',(-7.0443443437177E-5,-0.999999997518861,0.));
#9310=DIRECTION('',(0.,0.,1.));
#9311=DIRECTION('center_axis',(1.49783606367735E-11,1.,0.));
#9312=DIRECTION('ref_axis',(-1.,1.49783606367735E-11,0.));
#9313=DIRECTION('',(-0.999815712121644,1.49756003064705E-11,-0.0191974423996897));
#9314=DIRECTION('center_axis',(0.,0.,1.));
#9315=DIRECTION('ref_axis',(-0.98305916931655,0.183288487425302,0.));
#9316=DIRECTION('center_axis',(0.312284336240258,0.949969757064583,0.00599616557793951));
#9317=DIRECTION('ref_axis',(-0.949986835132299,0.312289950327124,5.08559845711215E-11));
#9318=DIRECTION('center_axis',(-0.173647537708206,-0.984802221635317,-0.00333420305621764));
#9319=DIRECTION('ref_axis',(-0.0191974423996921,-8.88915677177416E-15,0.999815712121644));
#9320=DIRECTION('center_axis',(0.,0.,1.));
#9321=DIRECTION('ref_axis',(1.,0.,0.));
#9322=DIRECTION('center_axis',(0.911040253068127,-0.412317422975993,0.));
#9323=DIRECTION('ref_axis',(0.,0.,1.));
#9324=DIRECTION('center_axis',(0.,0.,1.));
#9325=DIRECTION('ref_axis',(0.341367870760908,0.939929772276719,0.));
#9326=DIRECTION('center_axis',(-0.911040253068129,0.412317422975987,0.));
#9327=DIRECTION('ref_axis',(-0.291552445787683,-0.644202740878383,0.707106781186547));
#9328=DIRECTION('center_axis',(0.911041214544629,-0.412315298528987,0.));
#9329=DIRECTION('ref_axis',(0.,0.,1.));
#9330=DIRECTION('',(-0.911040253068129,0.412317422975988,0.));
#9331=DIRECTION('center_axis',(0.,0.,-1.));
#9332=DIRECTION('ref_axis',(-1.,0.,0.));
#9333=DIRECTION('center_axis',(0.42261823104121,0.906307801352056,0.));
#9334=DIRECTION('ref_axis',(0.,0.,1.));
#9335=DIRECTION('center_axis',(0.,0.,-1.));
#9336=DIRECTION('ref_axis',(0.347339862141952,-0.93773931354466,0.));
#9337=DIRECTION('center_axis',(-0.422618231041204,-0.906307801352059,0.));
#9338=DIRECTION('ref_axis',(0.640856392178314,-0.2988362170223,0.707106781186545));
#9339=DIRECTION('center_axis',(0.422593615381145,0.906319279414872,0.));
#9340=DIRECTION('ref_axis',(0.,0.,1.));
#9341=DIRECTION('',(-0.422618231041204,-0.906307801352059,0.));
#9342=DIRECTION('center_axis',(0.,0.,-1.));
#9343=DIRECTION('ref_axis',(0.938556030530838,0.345126900652785,0.));
#9344=DIRECTION('center_axis',(-0.909084058667339,0.416612738975801,0.));
#9345=DIRECTION('ref_axis',(0.,0.,1.));
#9346=DIRECTION('center_axis',(0.,0.,-1.));
#9347=DIRECTION('ref_axis',(0.938556030530839,0.345126900652781,0.));
#9348=DIRECTION('center_axis',(0.909084058667335,-0.416612738975808,0.));
#9349=DIRECTION('ref_axis',(0.294589692858492,0.642819502552255,0.707106781186555));
#9350=DIRECTION('',(0.909084058667335,-0.416612738975808,0.));
#9351=DIRECTION('center_axis',(0.0191974423996897,6.02739438699089E-15,
-0.999815712121644));
#9352=DIRECTION('ref_axis',(-0.999815712104213,5.90491412457964E-6,-0.019197442399355));
#9353=DIRECTION('center_axis',(0.999815712121644,3.85398396805665E-12,0.0191974423996832));
#9354=DIRECTION('ref_axis',(-3.85469434149856E-12,1.,7.57306469012171E-29));
#9355=DIRECTION('center_axis',(-0.999815712121644,-3.86031312240987E-12,
-0.0191974423996897));
#9356=DIRECTION('ref_axis',(-0.0135746417049886,0.707106781186513,0.706976469978054));
#9357=DIRECTION('',(0.999815712121644,3.86031312240987E-12,0.0191974423996897));
#9358=DIRECTION('center_axis',(0.999815711983228,-1.66398105199016E-5,0.0191974423970344));
#9359=DIRECTION('ref_axis',(1.66428776005035E-5,0.999999999861507,-4.2351647362715E-22));
#9360=DIRECTION('center_axis',(0.0191974423996897,6.02739438699089E-15,
-0.999815712121644));
#9361=DIRECTION('ref_axis',(0.999815712121644,3.59974580760438E-13,0.0191974423996897));
#9362=DIRECTION('center_axis',(0.308946981928331,-0.951060761846331,0.00593208510149699));
#9363=DIRECTION('ref_axis',(0.95107749602788,0.308952417937356,-5.59882001871514E-16));
#9364=DIRECTION('center_axis',(-0.0191974423996897,-6.02739438699089E-15,
0.999815712121644));
#9365=DIRECTION('ref_axis',(-0.999815712121644,-4.1551689670964E-13,-0.0191974423996897));
#9366=DIRECTION('center_axis',(0.999815712121644,2.13112880682773E-13,0.0191974423996832));
#9367=DIRECTION('ref_axis',(-2.13162820728032E-13,1.,5.55111512312597E-16));
#9368=DIRECTION('center_axis',(-0.999815712121644,-2.17834546715899E-13,
-0.0191974423996897));
#9369=DIRECTION('ref_axis',(-0.0135746417024129,0.707106781186539,0.706976469978077));
#9370=DIRECTION('',(0.999815712121644,2.17834546715899E-13,0.0191974423996897));
#9371=DIRECTION('center_axis',(0.999815712120239,-1.67642310285938E-6,0.0191974423996563));
#9372=DIRECTION('ref_axis',(1.6767321042721E-6,0.999999999998594,-5.55111638044032E-16));
#9373=DIRECTION('center_axis',(0.0191974423996897,6.02739438699089E-15,
-0.999815712121644));
#9374=DIRECTION('ref_axis',(0.999815712121644,4.09185181549415E-13,0.0191974423996897));
#9375=DIRECTION('center_axis',(0.308938481234997,-0.95106352422697,0.00593192187984383));
#9376=DIRECTION('ref_axis',(0.951080257536225,0.30894391679531,1.0842021724855E-18));
#9377=DIRECTION('center_axis',(-0.0191974423996897,-6.02739438699089E-15,
0.999815712121644));
#9378=DIRECTION('ref_axis',(-0.999815712121644,-4.15146890568313E-13,-0.0191974423996897));
#9379=DIRECTION('center_axis',(0.999815712121644,3.19695962827368E-13,0.0191974423996832));
#9380=DIRECTION('ref_axis',(-3.19744231092049E-13,1.,-5.55111512312595E-16));
#9381=DIRECTION('center_axis',(-0.999815712121644,-3.13594108142353E-13,
-0.0191974423996897));
#9382=DIRECTION('ref_axis',(-0.0135746417024806,0.707106781186538,0.706976469978077));
#9383=DIRECTION('',(0.999815712121644,3.13594108142353E-13,0.0191974423996897));
#9384=DIRECTION('center_axis',(-0.999953926969049,-3.19729499506194E-13,
-0.00959916346238586));
#9385=DIRECTION('ref_axis',(-0.00959916346238586,-6.37624359735016E-13,
0.999953926969049));
#9386=DIRECTION('center_axis',(0.,0.,1.));
#9387=DIRECTION('ref_axis',(1.,0.,0.));
#9388=DIRECTION('center_axis',(0.,0.,1.));
#9389=DIRECTION('ref_axis',(-0.84161379546762,-0.54007982676507,0.));
#9390=DIRECTION('center_axis',(-0.0191974423996897,-6.02739438699089E-15,
0.999815712121644));
#9391=DIRECTION('ref_axis',(0.999815712121644,3.16075749792135E-13,0.0191974423996897));
#9392=DIRECTION('center_axis',(-0.982528788241112,0.185152025547867,-0.0188655165043033));
#9393=DIRECTION('ref_axis',(-0.185184982862432,-0.982703679713392,5.65519853168439E-16));
#9394=DIRECTION('center_axis',(0.019359554335155,6.07988169945178E-15,-0.999812586266018));
#9395=DIRECTION('ref_axis',(0.999812586266018,3.37570950752719E-13,0.019359554335155));
#9396=DIRECTION('center_axis',(-0.0191974423996897,-6.02739438699089E-15,
0.999815712121644));
#9397=DIRECTION('ref_axis',(0.999815712121644,3.37533753469477E-13,0.0191974423996897));
#9398=DIRECTION('center_axis',(0.999815712121644,8.39655633855596E-11,0.0191974423996897));
#9399=DIRECTION('ref_axis',(-0.013574641642886,-0.707106781187123,0.706976469978636));
#9400=DIRECTION('center_axis',(-0.999815712121644,-8.39617935898071E-11,
-0.0191974423996921));
#9401=DIRECTION('ref_axis',(8.39772695826486E-11,-1.,2.01948391736579E-28));
#9402=DIRECTION('',(-0.999815712121644,-8.39655633855596E-11,-0.0191974423996897));
#9403=DIRECTION('center_axis',(-0.999815711907131,-2.07148470330927E-5,
-0.0191974423955644));
#9404=DIRECTION('ref_axis',(2.07186652325672E-5,-0.999999999785368,-3.21964673435526E-14));
#9405=DIRECTION('center_axis',(0.0191974423996897,6.02739438699089E-15,
-0.999815712121644));
#9406=DIRECTION('ref_axis',(-0.999815707511614,9.60299998943291E-5,-0.0191974423111726));
#9407=DIRECTION('center_axis',(0.000279468281010748,0.999999960934342,5.36606512800174E-6));
#9408=DIRECTION('ref_axis',(-0.999999960948739,0.000279468281014772,-2.77555759051421E-16));
#9409=DIRECTION('center_axis',(-0.000279468281012669,-0.999999960934342,
-5.36606513406707E-6));
#9410=DIRECTION('ref_axis',(-0.713861809122344,0.000195743956979433,0.700286569313504));
#9411=DIRECTION('',(0.000279468281012669,0.999999960934342,5.36606513406707E-6));
#9412=DIRECTION('center_axis',(0.000279468282058799,0.999999960934342,5.36606514812535E-6));
#9413=DIRECTION('ref_axis',(-0.999999960948739,0.000279468282062823,-2.48154183765908E-24));
#9414=DIRECTION('center_axis',(-0.0191974423996897,-6.02739438699089E-15,
0.999815712121644));
#9415=DIRECTION('ref_axis',(0.999815673091969,-0.000279416778395565,0.0191974416502817));
#9416=DIRECTION('center_axis',(-0.25881587251186,0.965913892653245,-0.00496951862671608));
#9417=DIRECTION('ref_axis',(-0.965925820034636,-0.25881906844438,1.95156391047391E-18));
#9418=DIRECTION('center_axis',(-0.965759707786035,-0.258774659065671,-0.0185435337106499));
#9419=DIRECTION('ref_axis',(-0.196100850112964,0.681322145988396,0.705226623129572));
#9420=DIRECTION('',(0.965759707786035,0.258774659065671,0.0185435337106499));
#9421=DIRECTION('center_axis',(0.965739372029049,0.258850569154414,0.0185431432441692));
#9422=DIRECTION('ref_axis',(-0.258895083280456,0.965905448712868,-2.8796409701215E-16));
#9423=DIRECTION('center_axis',(-0.0191974423996897,-6.02739438699089E-15,
0.999815712121644));
#9424=DIRECTION('ref_axis',(0.999815712121644,2.73468784089162E-13,0.0191974423996897));
#9425=DIRECTION('center_axis',(-0.000847754092029694,0.999999640523953,
-1.62777101266234E-5));
#9426=DIRECTION('ref_axis',(-0.999999640656435,-0.000847754092142006,1.65436122510606E-24));
#9427=DIRECTION('center_axis',(0.000847754092027453,-0.999999640523953,
1.62777101294351E-5));
#9428=DIRECTION('ref_axis',(-0.713861586937959,-0.00059378023310043,0.700286571425908));
#9429=DIRECTION('',(-0.000847754092027453,0.999999640523953,-1.62777101294351E-5));
#9430=DIRECTION('center_axis',(-0.000847413431679118,0.999999640812798,
-1.62711691137341E-5));
#9431=DIRECTION('ref_axis',(-0.999999640945173,-0.000847413431791295,1.11022301469899E-15));
#9432=DIRECTION('center_axis',(0.0191974423996897,6.02739438699089E-15,
-0.999815712121644));
#9433=DIRECTION('ref_axis',(-0.99981571051385,-5.67113801433407E-5,-0.0191974423688185));
#9434=DIRECTION('center_axis',(0.999815712121644,-1.49719285026347E-11,
0.0191974423996921));
#9435=DIRECTION('ref_axis',(1.4974688156144E-11,1.,7.06819371078027E-28));
#9436=DIRECTION('center_axis',(-0.999815712121644,1.49756003064705E-11,
-0.0191974423996897));
#9437=DIRECTION('ref_axis',(-0.0135746416916694,0.707106781186648,0.706976469978175));
#9438=DIRECTION('',(0.999815712121644,-1.49756003064705E-11,0.0191974423996897));
#9439=DIRECTION('center_axis',(0.999815709642926,-7.04155608354223E-5,0.0191974423520983));
#9440=DIRECTION('ref_axis',(7.04285323482879E-5,0.999999997519911,3.9650449590121E-10));
#9441=DIRECTION('center_axis',(-0.0191974423996897,-6.02739438699089E-15,
0.999815712121644));
#9442=DIRECTION('ref_axis',(0.999815709641876,-7.04304615645063E-5,0.0191974423520757));
#9443=DIRECTION('center_axis',(0.173647537708205,0.984802221635318,0.00333420305621762));
#9444=DIRECTION('ref_axis',(-0.984807695659801,0.173648502928279,-1.40946282423116E-18));
#9445=DIRECTION('center_axis',(-0.173647537708203,-0.984802221635318,-0.00333420305621434));
#9446=DIRECTION('ref_axis',(-0.703321546929933,0.121643534551654,0.700386787515204));
#9447=DIRECTION('',(0.173647537708203,0.984802221635318,0.00333420305621434));
#9448=DIRECTION('center_axis',(0.0191974423996897,6.02739438699089E-15,
-0.999815712121644));
#9449=DIRECTION('ref_axis',(-0.999815712121644,-3.15047996597082E-13,-0.0191974423996897));
#9450=DIRECTION('center_axis',(0.258815872511855,-0.965913892653246,0.0049695186267101));
#9451=DIRECTION('ref_axis',(-0.690217279157554,-0.181339127830902,0.700511404810707));
#9452=DIRECTION('',(-0.258815872511855,0.965913892653246,-0.0049695186267101));
#9453=DIRECTION('center_axis',(1.,-3.38006267395436E-12,0.));
#9454=DIRECTION('ref_axis',(3.38006267395436E-12,1.,0.));
#9455=DIRECTION('center_axis',(1.,-3.38006267395436E-12,0.));
#9456=DIRECTION('ref_axis',(-3.38006267395436E-12,-1.,0.));
#9457=DIRECTION('',(0.,0.,-1.));
#9458=DIRECTION('center_axis',(1.,-3.38006267395436E-12,0.));
#9459=DIRECTION('ref_axis',(-3.38006267395436E-12,-1.,0.));
#9460=DIRECTION('',(3.38006267395436E-12,1.,0.));
#9461=DIRECTION('',(3.38006267395436E-12,1.,0.));
#9462=DIRECTION('center_axis',(1.,0.,0.));
#9463=DIRECTION('ref_axis',(0.,-1.,0.));
#9464=DIRECTION('center_axis',(-1.,3.38006267395436E-12,0.));
#9465=DIRECTION('ref_axis',(-3.38006267395436E-12,-1.,0.));
#9466=DIRECTION('',(-1.,-1.48029736616691E-14,0.));
#9467=DIRECTION('center_axis',(1.,-3.38622690664397E-12,0.));
#9468=DIRECTION('ref_axis',(-3.38622690664397E-12,-1.,0.));
#9469=DIRECTION('',(-1.,0.,0.));
#9470=DIRECTION('center_axis',(0.,-1.,0.));
#9471=DIRECTION('ref_axis',(0.,0.,-1.));
#9472=DIRECTION('',(0.,0.,1.));
#9473=DIRECTION('',(0.,0.,-1.));
#9474=DIRECTION('',(-0.707106781221604,-0.598145281467448,-0.37712361661483));
#9475=DIRECTION('',(0.647158077806559,0.457413502246489,0.609884669664947));
#9476=DIRECTION('center_axis',(1.,-3.3750779945832E-12,0.));
#9477=DIRECTION('ref_axis',(0.,0.,-1.));
#9478=DIRECTION('center_axis',(1.,-3.38006267395436E-12,0.));
#9479=DIRECTION('ref_axis',(0.,0.,-1.));
#9480=DIRECTION('',(0.707106781187766,0.707106781185329,0.));
#9481=DIRECTION('center_axis',(0.707106781185329,-0.707106781187766,0.));
#9482=DIRECTION('ref_axis',(0.,0.,-1.));
#9483=DIRECTION('',(0.,0.,1.));
#9484=DIRECTION('',(0.707106781219934,0.707106781153161,0.));
#9485=DIRECTION('center_axis',(1.,-3.37507799455431E-12,0.));
#9486=DIRECTION('ref_axis',(3.37507799455431E-12,1.,0.));
#9487=DIRECTION('center_axis',(1.,-3.38006267395436E-12,0.));
#9488=DIRECTION('ref_axis',(3.38006267395436E-12,1.,0.));
#9489=DIRECTION('',(-0.647158077804998,0.457413502250104,-0.609884669663892));
#9490=DIRECTION('',(0.707106781196815,-0.598145281489296,0.377123616626658));
#9491=DIRECTION('',(0.529812164078628,-1.81051466597474E-12,0.848115010357865));
#9492=DIRECTION('center_axis',(0.848115010357865,-2.86668188973104E-12,
-0.529812164078628));
#9493=DIRECTION('ref_axis',(-0.529812164078628,0.,-0.848115010357865));
#9494=DIRECTION('',(-3.38006267395436E-12,-1.,0.));
#9495=DIRECTION('',(0.529812164078604,-2.88341224581168E-12,0.84811501035788));
#9496=DIRECTION('',(3.38006267395436E-12,1.,0.));
#9497=DIRECTION('center_axis',(1.,-3.37507799473417E-12,0.));
#9498=DIRECTION('ref_axis',(-3.37507799473417E-12,-1.,0.));
#9499=DIRECTION('',(0.707106781185354,-0.707106781187741,0.));
#9500=DIRECTION('center_axis',(0.707106781187741,0.707106781185354,0.));
#9501=DIRECTION('ref_axis',(0.,0.,-1.));
#9502=DIRECTION('',(0.707106781198832,-0.707106781174263,-1.96261557332025E-15));
#9503=DIRECTION('center_axis',(1.,-3.37507799473117E-12,0.));
#9504=DIRECTION('ref_axis',(-3.37507799473117E-12,-1.,0.));
#9505=DIRECTION('center_axis',(-3.38006267395436E-12,-1.,0.));
#9506=DIRECTION('ref_axis',(0.70710678118654,-2.39006523758864E-12,0.707106781186555));
#9507=DIRECTION('',(-3.38006267395436E-12,-1.,0.));
#9508=DIRECTION('',(3.38006267395436E-12,1.,0.));
#9509=DIRECTION('',(-3.38006267395436E-12,-1.,0.));
#9510=DIRECTION('',(3.38006267395436E-12,1.,0.));
#9511=DIRECTION('center_axis',(1.,-3.38006267395436E-12,0.));
#9512=DIRECTION('ref_axis',(3.38006267395436E-12,1.,0.));
#9513=DIRECTION('center_axis',(1.,-3.38006267395436E-12,0.));
#9514=DIRECTION('ref_axis',(-3.38006267395436E-12,-1.,-3.61636164373013E-15));
#9515=DIRECTION('',(-1.07217811580005E-25,-3.17206578464328E-14,-1.));
#9516=DIRECTION('center_axis',(1.,-3.38006267395436E-12,0.));
#9517=DIRECTION('ref_axis',(0.,0.,1.));
#9518=DIRECTION('',(-0.707106781289662,-0.475948710328287,-0.52294629264487));
#9519=DIRECTION('',(0.616082385324146,0.154967207438557,0.7722872905286));
#9520=DIRECTION('center_axis',(1.,-3.37507799393055E-12,0.));
#9521=DIRECTION('ref_axis',(0.,0.,-1.));
#9522=DIRECTION('center_axis',(1.,-3.38006267395436E-12,0.));
#9523=DIRECTION('ref_axis',(0.,0.,-1.));
#9524=DIRECTION('',(0.707106781187753,0.707106781185342,0.));
#9525=DIRECTION('center_axis',(0.707106781185342,-0.707106781187753,0.));
#9526=DIRECTION('ref_axis',(0.,0.,-1.));
#9527=DIRECTION('',(0.,0.,1.));
#9528=DIRECTION('',(0.707106781287976,0.707106781085119,2.74766180230449E-15));
#9529=DIRECTION('center_axis',(1.,-3.37507799390609E-12,0.));
#9530=DIRECTION('ref_axis',(3.37507799390609E-12,1.,3.97799780810318E-15));
#9531=DIRECTION('center_axis',(1.,-3.38006267395436E-12,0.));
#9532=DIRECTION('ref_axis',(3.38006267395436E-12,1.,3.97799780810318E-15));
#9533=DIRECTION('',(-0.61608238532363,0.154967207442638,-0.772287290528192));
#9534=DIRECTION('',(0.707106781250862,-0.475948710356274,0.522946292671863));
#9535=DIRECTION('',(0.600443648574689,-2.04130099817974E-12,0.799667071277988));
#9536=DIRECTION('center_axis',(0.799667071277993,-2.70239908864646E-12,
-0.600443648574683));
#9537=DIRECTION('ref_axis',(-0.600443648574683,2.01948391736579E-28,-0.799667071277993));
#9538=DIRECTION('',(0.600443648574685,-2.86965502642657E-12,0.799667071277992));
#9539=DIRECTION('center_axis',(1.,-3.37507799424015E-12,0.));
#9540=DIRECTION('ref_axis',(0.,0.,1.));
#9541=DIRECTION('',(0.707106781185354,-0.707106781187741,2.2373817536282E-14));
#9542=DIRECTION('center_axis',(0.707106781187741,0.707106781185354,-2.24298922669489E-14));
#9543=DIRECTION('ref_axis',(-3.1720657846433E-14,-3.15544362088405E-30,
-1.));
#9544=DIRECTION('',(0.707106781246412,-0.707106781126683,-2.74766180246395E-15));
#9545=DIRECTION('center_axis',(1.,-3.37507799427756E-12,0.));
#9546=DIRECTION('ref_axis',(-3.37507799427756E-12,-1.,-3.61636164373013E-15));
#9547=DIRECTION('center_axis',(1.,0.,0.));
#9548=DIRECTION('ref_axis',(0.,1.,0.));
#9549=DIRECTION('',(0.,0.,-1.));
#9550=DIRECTION('',(0.,1.,6.02850536745471E-15));
#9551=DIRECTION('center_axis',(-0.0191974423996897,-6.02739438699089E-15,
0.999815712121644));
#9552=DIRECTION('ref_axis',(0.999815712121644,0.,0.0191974423996897));
#9553=DIRECTION('',(-3.14228265440589E-13,1.,-4.98555793711594E-18));
#9554=DIRECTION('',(-0.999815712121644,1.00110092907976E-12,-0.0191974423996897));
#9555=DIRECTION('',(-3.13968614230004E-13,1.,0.));
#9556=DIRECTION('center_axis',(1.,-3.72781087265289E-13,0.));
#9557=DIRECTION('ref_axis',(3.72781087265289E-13,1.,0.));
#9558=DIRECTION('',(3.72781087265289E-13,1.,0.));
#9559=DIRECTION('',(0.,0.,1.));
#9560=DIRECTION('center_axis',(1.,3.14228265440589E-13,0.));
#9561=DIRECTION('ref_axis',(-3.14228265440589E-13,1.,0.));
#9562=DIRECTION('',(0.,0.,1.));
#9563=DIRECTION('center_axis',(0.,0.,-1.));
#9564=DIRECTION('ref_axis',(-1.,9.27339576612155E-13,0.));
#9565=DIRECTION('',(0.,0.,1.));
#9566=DIRECTION('center_axis',(0.0191974423996897,6.02739438699089E-15,
-0.999815712121644));
#9567=DIRECTION('ref_axis',(-0.999815712121644,9.27168679169066E-13,-0.0191974423996897));
#9568=DIRECTION('',(0.,0.,1.));
#9569=DIRECTION('center_axis',(-9.59762949049091E-13,-1.,0.));
#9570=DIRECTION('ref_axis',(-1.,9.59762949049091E-13,0.));
#9571=DIRECTION('',(-0.999815712121644,9.59586076371486E-13,-0.0191974423996897));
#9572=DIRECTION('',(0.,0.,1.));
#9573=DIRECTION('center_axis',(0.,0.,-1.));
#9574=DIRECTION('ref_axis',(-1.00152674274174E-12,-1.,0.));
#9575=DIRECTION('center_axis',(0.0191974423996897,6.02739438699089E-15,
-0.999815712121644));
#9576=DIRECTION('ref_axis',(-0.999815712121644,1.0013421735032E-12,-0.0191974423996897));
#9577=DIRECTION('',(0.,0.,1.));
#9578=DIRECTION('center_axis',(1.,-9.63739867346254E-13,0.));
#9579=DIRECTION('ref_axis',(-9.63739867346254E-13,-1.,0.));
#9580=DIRECTION('',(-9.63739867346254E-13,-1.,-2.45332561603821E-14));
#9581=DIRECTION('',(0.,0.,1.));
#9582=DIRECTION('center_axis',(0.,0.,-1.));
#9583=DIRECTION('ref_axis',(1.,-9.27339576612184E-13,0.));
#9584=DIRECTION('center_axis',(0.0191974423996897,6.02739438699089E-15,
-0.999815712121644));
#9585=DIRECTION('ref_axis',(0.999815712121644,-9.27168679169095E-13,0.0191974423996897));
#9586=DIRECTION('',(0.,0.,1.));
#9587=DIRECTION('center_axis',(-9.59762949049093E-13,-1.,0.));
#9588=DIRECTION('ref_axis',(-1.,9.59762949049093E-13,0.));
#9589=DIRECTION('',(-0.999815712121644,9.59586076371488E-13,-0.0191974423996897));
#9590=DIRECTION('center_axis',(-1.,9.63739867346255E-13,0.));
#9591=DIRECTION('ref_axis',(9.63739867346255E-13,1.,0.));
#9592=DIRECTION('',(9.63739867346255E-13,1.,2.45332561603821E-14));
#9593=DIRECTION('',(0.,0.,1.));
#9594=DIRECTION('center_axis',(0.,0.,-1.));
#9595=DIRECTION('ref_axis',(-1.,9.52068631988473E-13,0.));
#9596=DIRECTION('center_axis',(0.0191974423996897,6.02739438699089E-15,
-0.999815712121644));
#9597=DIRECTION('ref_axis',(-0.999815712121644,9.51893177280235E-13,-0.0191974423996897));
#9598=DIRECTION('',(0.,0.,1.));
#9599=DIRECTION('center_axis',(-9.59762949049091E-13,-1.,0.));
#9600=DIRECTION('ref_axis',(-1.,9.59762949049091E-13,0.));
#9601=DIRECTION('',(-0.999815712121644,9.59586076371486E-13,-0.0191974423996897));
#9602=DIRECTION('center_axis',(-9.59762949049091E-13,-1.,0.));
#9603=DIRECTION('ref_axis',(-1.,9.59762949049091E-13,0.));
#9604=DIRECTION('center_axis',(0.,0.,-1.));
#9605=DIRECTION('ref_axis',(0.978147600733537,-0.207911690819025,0.));
#9606=DIRECTION('center_axis',(0.,0.,-1.));
#9607=DIRECTION('ref_axis',(0.978147600733537,-0.207911690819025,0.));
#9608=DIRECTION('',(0.,0.,1.));
#9609=DIRECTION('center_axis',(0.207911690818896,0.978147600733564,0.));
#9610=DIRECTION('ref_axis',(0.978147600733564,-0.207911690818896,0.));
#9611=DIRECTION('',(0.978147600733564,-0.207911690818896,0.));
#9612=DIRECTION('',(0.977975130106863,-0.207875031055496,0.018778081801409));
#9613=DIRECTION('',(0.,0.,1.));
#9614=DIRECTION('center_axis',(0.,0.,-1.));
#9615=DIRECTION('ref_axis',(0.2079116908188,0.978147600733584,0.));
#9616=DIRECTION('center_axis',(0.0191974423996897,6.02739438699089E-15,
-0.999815712121644));
#9617=DIRECTION('ref_axis',(0.999815712121644,3.32935648881984E-13,0.0191974423996897));
#9618=DIRECTION('',(0.,0.,1.));
#9619=DIRECTION('center_axis',(-0.978147600733565,0.207911690818893,0.));
#9620=DIRECTION('ref_axis',(0.207911690818893,0.978147600733565,0.));
#9621=DIRECTION('',(0.207910034101713,0.978139806492038,0.00399207659531704));
#9622=DIRECTION('center_axis',(-0.422618261741684,-0.906307787036191,0.));
#9623=DIRECTION('ref_axis',(-0.906307787036191,0.422618261741684,0.));
#9624=DIRECTION('',(-0.906307787036191,0.422618261741684,0.));
#9625=DIRECTION('',(0.,0.,1.));
#9626=DIRECTION('center_axis',(0.,0.,-1.));
#9627=DIRECTION('ref_axis',(-0.422618261741642,-0.90630778703621,0.));
#9628=DIRECTION('center_axis',(0.,0.,-1.));
#9629=DIRECTION('ref_axis',(-0.422618261741642,-0.90630778703621,0.));
#9630=DIRECTION('',(0.,0.,1.));
#9631=DIRECTION('center_axis',(0.90630778703619,-0.422618261741686,0.));
#9632=DIRECTION('ref_axis',(-0.422618261741686,-0.90630778703619,0.));
#9633=DIRECTION('',(-0.422618261741686,-0.90630778703619,0.));
#9634=DIRECTION('',(0.,0.,1.));
#9635=DIRECTION('center_axis',(0.,0.,-1.));
#9636=DIRECTION('ref_axis',(0.906307787036182,-0.422618261741702,0.));
#9637=DIRECTION('center_axis',(0.,0.,-1.));
#9638=DIRECTION('ref_axis',(0.906307787036182,-0.422618261741702,0.));
#9639=DIRECTION('center_axis',(1.,-3.38622690664397E-12,0.));
#9640=DIRECTION('ref_axis',(3.38622690664397E-12,1.,0.));
#9641=DIRECTION('',(0.,0.,1.));
#9642=DIRECTION('',(-3.38622690664397E-12,-1.,0.));
#9643=DIRECTION('',(3.38622690664397E-12,1.,0.));
#9644=DIRECTION('',(0.,0.,1.));
#9645=DIRECTION('center_axis',(0.,0.,1.));
#9646=DIRECTION('ref_axis',(-0.961513522584575,-0.274757612973694,0.));
#9647=DIRECTION('center_axis',(0.,0.,-1.));
#9648=DIRECTION('ref_axis',(-0.961513522584575,-0.274757612973694,0.));
#9649=DIRECTION('',(0.,0.,1.));
#9650=DIRECTION('center_axis',(0.416612738997161,0.90908405865755,0.));
#9651=DIRECTION('ref_axis',(-0.90908405865755,0.416612738997161,0.));
#9652=DIRECTION('',(-0.90908405865755,0.416612738997161,0.));
#9653=DIRECTION('',(0.,0.,1.));
#9654=DIRECTION('center_axis',(0.,0.,1.));
#9655=DIRECTION('ref_axis',(0.416640472839898,0.909071348350473,0.));
#9656=DIRECTION('center_axis',(0.,0.,1.));
#9657=DIRECTION('ref_axis',(0.416640472839898,0.909071348350473,0.));
#9658=DIRECTION('',(0.,0.,1.));
#9659=DIRECTION('center_axis',(0.906307801352158,-0.422618231040992,0.));
#9660=DIRECTION('ref_axis',(0.422618231040992,0.906307801352158,0.));
#9661=DIRECTION('',(0.422618231040992,0.906307801352158,0.));
#9662=DIRECTION('',(0.,0.,1.));
#9663=DIRECTION('center_axis',(0.,0.,1.));
#9664=DIRECTION('ref_axis',(0.906305957476563,-0.422622185222794,0.));
#9665=DIRECTION('center_axis',(0.,0.,1.));
#9666=DIRECTION('ref_axis',(0.906305957476563,-0.422622185222794,0.));
#9667=DIRECTION('',(0.,0.,1.));
#9668=DIRECTION('center_axis',(-0.412317422975979,-0.911040253068133,0.));
#9669=DIRECTION('ref_axis',(0.911040253068133,-0.412317422975979,0.));
#9670=DIRECTION('',(0.911040253068133,-0.412317422975979,0.));
#9671=DIRECTION('',(0.,0.,1.));
#9672=DIRECTION('center_axis',(0.,0.,1.));
#9673=DIRECTION('ref_axis',(0.300892327794018,0.953658118549146,0.));
#9674=DIRECTION('center_axis',(0.,0.,-1.));
#9675=DIRECTION('ref_axis',(0.300892327794018,0.953658118549146,0.));
#9676=DIRECTION('center_axis',(3.78172928191482E-13,1.,0.));
#9677=DIRECTION('ref_axis',(-1.,3.78172928191482E-13,0.));
#9678=DIRECTION('',(-1.,3.37341658889676E-12,0.));
#9679=DIRECTION('center_axis',(9.66391146211021E-13,1.,0.));
#9680=DIRECTION('ref_axis',(1.,-9.66391146211021E-13,0.));
#9681=DIRECTION('',(0.,0.,-1.));
#9682=DIRECTION('',(0.999815712121644,-9.66213052037024E-13,0.0191974423996897));
#9683=DIRECTION('center_axis',(0.,0.,-1.));
#9684=DIRECTION('ref_axis',(8.09876563574951E-13,1.,0.));
#9685=DIRECTION('center_axis',(0.0191974423996897,6.02739438699089E-15,
-0.999815712121644));
#9686=DIRECTION('ref_axis',(0.999815712121644,-8.09727313141319E-13,0.0191974423996897));
#9687=DIRECTION('',(0.,0.,-1.));
#9688=DIRECTION('center_axis',(-1.,9.6307704763006E-13,0.));
#9689=DIRECTION('ref_axis',(9.6307704763006E-13,1.,0.));
#9690=DIRECTION('',(9.6307704763006E-13,1.,2.45205293716662E-14));
#9691=DIRECTION('center_axis',(1.,0.,0.));
#9692=DIRECTION('ref_axis',(0.,0.,-1.));
#9693=DIRECTION('',(0.,0.,-1.));
#9694=DIRECTION('',(0.,0.,1.));
#9695=DIRECTION('',(0.,-1.,0.));
#9696=DIRECTION('center_axis',(0.,-1.,0.));
#9697=DIRECTION('ref_axis',(0.,0.,-1.));
#9698=DIRECTION('',(0.,0.,-1.));
#9699=DIRECTION('',(-1.,0.,0.));
#9700=DIRECTION('center_axis',(-1.,0.,0.));
#9701=DIRECTION('ref_axis',(0.,0.,1.));
#9702=DIRECTION('',(0.,0.,1.));
#9703=DIRECTION('',(0.,1.,0.));
#9704=DIRECTION('center_axis',(0.,1.,0.));
#9705=DIRECTION('ref_axis',(0.,0.,1.));
#9706=DIRECTION('',(1.,0.,0.));
#9707=DIRECTION('center_axis',(1.,0.,0.));
#9708=DIRECTION('ref_axis',(0.,-1.,0.));
#9709=DIRECTION('',(0.,0.,1.));
#9710=DIRECTION('',(3.38006267395436E-12,1.,0.));
#9711=DIRECTION('center_axis',(0.,0.,1.));
#9712=DIRECTION('ref_axis',(0.999999999967269,8.09084305612064E-6,0.));
#9713=DIRECTION('center_axis',(0.,0.,1.));
#9714=DIRECTION('ref_axis',(0.707106781187938,0.707106781185157,0.));
#9715=DIRECTION('center_axis',(0.,-1.,0.));
#9716=DIRECTION('ref_axis',(1.,0.,0.));
#9717=DIRECTION('center_axis',(0.999999999967269,-8.09084699238127E-6,0.));
#9718=DIRECTION('ref_axis',(8.09084699238127E-6,0.999999999967269,0.));
#9719=DIRECTION('center_axis',(0.,0.,-1.));
#9720=DIRECTION('ref_axis',(0.707106781187938,0.707106781185157,0.));
#9721=DIRECTION('center_axis',(-1.,0.,0.));
#9722=DIRECTION('ref_axis',(0.,1.,0.));
#9723=DIRECTION('',(0.,1.,0.));
#9724=DIRECTION('',(0.,0.,-1.));
#9725=DIRECTION('',(0.,-1.,0.));
#9726=DIRECTION('center_axis',(1.,0.,0.));
#9727=DIRECTION('ref_axis',(0.,0.707106781186548,0.707106781186548));
#9728=DIRECTION('center_axis',(0.,-1.,0.));
#9729=DIRECTION('ref_axis',(-1.,0.,0.));
#9730=DIRECTION('',(-1.,0.,0.));
#9731=DIRECTION('center_axis',(0.,1.,0.));
#9732=DIRECTION('ref_axis',(0.707106781186549,0.,0.707106781186546));
#9733=DIRECTION('',(1.,0.,0.));
#9734=DIRECTION('',(0.,0.,1.));
#9735=DIRECTION('center_axis',(0.,0.,1.));
#9736=DIRECTION('ref_axis',(-0.707106781186548,-0.707106781186548,0.));
#9737=DIRECTION('center_axis',(0.,0.,-1.));
#9738=DIRECTION('ref_axis',(-0.707106781186548,-0.707106781186548,0.));
#9739=DIRECTION('center_axis',(0.,0.,1.));
#9740=DIRECTION('ref_axis',(-0.707106781186548,-0.707106781186548,0.));
#9741=DIRECTION('center_axis',(0.,1.,0.));
#9742=DIRECTION('ref_axis',(0.707106781186548,0.,0.707106781186547));
#9743=DIRECTION('center_axis',(0.,-1.,0.));
#9744=DIRECTION('ref_axis',(0.707106781186549,0.,0.707106781186546));
#9745=DIRECTION('',(0.,-1.,0.));
#9746=DIRECTION('center_axis',(0.,0.,1.));
#9747=DIRECTION('ref_axis',(1.,0.,0.));
#9748=DIRECTION('',(0.,1.,0.));
#9749=DIRECTION('center_axis',(0.,0.,-1.));
#9750=DIRECTION('ref_axis',(-0.707106781186548,-0.707106781186548,0.));
#9751=DIRECTION('',(-1.,0.,0.));
#9752=DIRECTION('',(-1.,0.,0.));
#9753=DIRECTION('center_axis',(-1.,0.,0.));
#9754=DIRECTION('ref_axis',(0.,0.707106781186548,0.707106781186547));
#9755=DIRECTION('center_axis',(-1.,0.,0.));
#9756=DIRECTION('ref_axis',(0.,0.707106781186548,0.707106781186548));
#9757=DIRECTION('center_axis',(-1.,0.,0.));
#9758=DIRECTION('ref_axis',(0.,0.,1.));
#9759=DIRECTION('center_axis',(0.,-1.,0.));
#9760=DIRECTION('ref_axis',(0.,0.,1.));
#9761=DIRECTION('center_axis',(0.,1.,0.));
#9762=DIRECTION('ref_axis',(-0.707106781186545,0.,0.70710678118655));
#9763=DIRECTION('center_axis',(0.,-1.,0.));
#9764=DIRECTION('ref_axis',(0.,0.,1.));
#9765=DIRECTION('center_axis',(0.,0.,-1.));
#9766=DIRECTION('ref_axis',(-1.,0.,0.));
#9767=DIRECTION('center_axis',(1.,0.,0.));
#9768=DIRECTION('ref_axis',(0.,0.,1.));
#9769=DIRECTION('center_axis',(-1.,0.,0.));
#9770=DIRECTION('ref_axis',(0.,-0.707106781186545,0.70710678118655));
#9771=DIRECTION('center_axis',(1.,0.,0.));
#9772=DIRECTION('ref_axis',(0.,0.,1.));
#9773=DIRECTION('center_axis',(0.,-1.,0.));
#9774=DIRECTION('ref_axis',(0.,0.,-1.));
#9775=DIRECTION('center_axis',(1.,3.13651910387461E-13,0.));
#9776=DIRECTION('ref_axis',(-2.21785392767089E-13,0.707106781186546,0.707106781186549));
#9777=DIRECTION('',(1.,3.13651910387461E-13,0.));
#9778=DIRECTION('center_axis',(-0.17744391431741,-0.984130914701756,-8.78630023306002E-13));
#9779=DIRECTION('ref_axis',(-3.84877315203388E-13,9.62193288008471E-13,
-1.));
#9780=DIRECTION('center_axis',(0.,0.,1.));
#9781=DIRECTION('ref_axis',(0.843595044670939,-0.536979888456389,0.));
#9782=DIRECTION('center_axis',(0.,1.,0.));
#9783=DIRECTION('ref_axis',(1.,0.,0.));
#9784=DIRECTION('center_axis',(1.,0.,0.));
#9785=DIRECTION('ref_axis',(0.,0.,-1.));
#9786=DIRECTION('center_axis',(0.,0.,1.));
#9787=DIRECTION('ref_axis',(0.699083542807048,-0.715039999004494,0.));
#9788=DIRECTION('center_axis',(-0.98413091471463,-0.177443914246011,-1.17405257720309E-12));
#9789=DIRECTION('ref_axis',(-0.175984547742096,0.976037046303567,-0.127988762002833));
#9790=DIRECTION('center_axis',(0.,0.,1.));
#9791=DIRECTION('ref_axis',(1.,0.,0.));
#9792=DIRECTION('center_axis',(0.,1.,0.));
#9793=DIRECTION('ref_axis',(1.,0.,0.));
#9794=DIRECTION('center_axis',(0.,0.,1.));
#9795=DIRECTION('ref_axis',(-0.707106781186548,-0.707106781186548,0.));
#9796=DIRECTION('center_axis',(-1.,0.,0.));
#9797=DIRECTION('ref_axis',(0.,1.,0.));
#9798=DIRECTION('center_axis',(-1.,0.,0.));
#9799=DIRECTION('ref_axis',(0.,0.707106781186561,-0.707106781186534));
#9800=DIRECTION('',(1.,0.,0.));
#9801=DIRECTION('center_axis',(1.,0.,0.));
#9802=DIRECTION('ref_axis',(0.,1.,0.));
#9803=DIRECTION('',(0.,0.,1.));
#9804=DIRECTION('',(0.,1.,0.));
#9805=DIRECTION('',(0.,0.,1.));
#9806=DIRECTION('center_axis',(0.,0.,1.));
#9807=DIRECTION('ref_axis',(7.61394678913673E-15,1.,0.));
#9808=DIRECTION('center_axis',(0.,0.,1.));
#9809=DIRECTION('ref_axis',(-1.,0.,0.));
#9810=DIRECTION('center_axis',(0.,0.,1.));
#9811=DIRECTION('ref_axis',(0.,-1.,0.));
#9812=DIRECTION('',(0.,0.,1.));
#9813=DIRECTION('center_axis',(0.,0.,1.));
#9814=DIRECTION('ref_axis',(0.,1.,0.));
#9815=DIRECTION('center_axis',(0.,-1.,0.));
#9816=DIRECTION('ref_axis',(1.,0.,0.));
#9817=DIRECTION('',(0.,0.,1.));
#9818=DIRECTION('',(1.,0.,0.));
#9819=DIRECTION('center_axis',(0.,0.,1.));
#9820=DIRECTION('ref_axis',(1.,-7.61394678913665E-15,0.));
#9821=DIRECTION('center_axis',(0.,0.,1.));
#9822=DIRECTION('ref_axis',(0.,1.,0.));
#9823=DIRECTION('center_axis',(0.,1.,0.));
#9824=DIRECTION('ref_axis',(0.70710678118654,0.,-0.707106781186555));
#9825=DIRECTION('',(0.,-1.,0.));
#9826=DIRECTION('center_axis',(1.,3.16673018856778E-13,0.));
#9827=DIRECTION('ref_axis',(-3.16673018856778E-13,1.,0.));
#9828=DIRECTION('',(-5.26824497156635E-13,1.,0.));
#9829=DIRECTION('center_axis',(0.,0.,-1.));
#9830=DIRECTION('ref_axis',(1.,0.,0.));
#9831=DIRECTION('',(-3.13968614230004E-13,1.,0.));
#9832=DIRECTION('',(-3.13968614230004E-13,1.,0.));
#9833=DIRECTION('center_axis',(0.,0.,1.));
#9834=DIRECTION('ref_axis',(-0.0651036755506762,0.997878505345111,0.));
#9835=DIRECTION('',(0.,0.,1.));
#9836=DIRECTION('center_axis',(0.0648887456541984,-0.99789250457523,0.));
#9837=DIRECTION('ref_axis',(0.99789250457523,0.0648887456541984,0.));
#9838=DIRECTION('',(-0.019063170044329,-0.00123959763870911,0.999817512821992));
#9839=DIRECTION('center_axis',(-0.0191974423996897,-6.02739438699088E-15,
0.999815712121644));
#9840=DIRECTION('ref_axis',(0.999815712121644,0.,0.0191974423996897));
#9841=DIRECTION('center_axis',(0.0191974423996897,6.02739438699089E-15,
-0.999815712121644));
#9842=DIRECTION('ref_axis',(0.999815712121644,8.77721463833785E-11,0.0191974423996897));
#9843=DIRECTION('center_axis',(0.0193595543350268,1.75726895709864E-12,
-0.999812586266021));
#9844=DIRECTION('ref_axis',(-0.0646145284613975,0.997909513609836,-0.00125114295419948));
#9845=DIRECTION('center_axis',(0.,0.,1.));
#9846=DIRECTION('ref_axis',(8.77883247074833E-11,-1.,0.));
#9847=DIRECTION('center_axis',(-0.0191159198323884,-6.00150586869061E-15,
0.999817274110105));
#9848=DIRECTION('ref_axis',(0.999817274110105,8.77722835077287E-11,0.0191159198323884));
#9849=DIRECTION('center_axis',(0.,0.,1.));
#9850=DIRECTION('ref_axis',(-0.116657427822126,0.993172212928818,0.));
#9851=DIRECTION('center_axis',(0.,0.,-1.));
#9852=DIRECTION('ref_axis',(-0.116657427822126,0.993172212928818,0.));
#9853=DIRECTION('center_axis',(0.,0.,-1.));
#9854=DIRECTION('ref_axis',(1.,0.,0.));
#9855=DIRECTION('',(-0.995234226312889,-0.0975132543574712,-1.26091728526121E-13));
#9856=DIRECTION('',(-0.995218874497966,-0.0975459090883501,-0.00491807514467705));
#9857=DIRECTION('center_axis',(0.,0.,-1.));
#9858=DIRECTION('ref_axis',(-1.,0.,0.));
#9859=CARTESIAN_POINT('',(0.,0.,0.));
#9860=CARTESIAN_POINT('Origin',(59.595000834465,-65.8890009685755,1.5));
#9861=CARTESIAN_POINT('',(60.406500834465,-65.8890009685755,0.));
#9862=CARTESIAN_POINT('Origin',(59.595000834465,-65.8890009685755,0.));
#9863=CARTESIAN_POINT('',(60.406500834465,-65.8890009685755,3.));
#9864=CARTESIAN_POINT('',(60.406500834465,-65.8890009685755,1.5));
#9865=CARTESIAN_POINT('Origin',(59.595000834465,-65.8890009685755,3.));
#9866=CARTESIAN_POINT('Origin',(59.595000834465,-65.8890009685755,3.));
#9867=CARTESIAN_POINT('Origin',(114.702678,-90.23301,1.5));
#9868=CARTESIAN_POINT('',(115.514178,-90.23301,0.));
#9869=CARTESIAN_POINT('Origin',(114.702678,-90.23301,0.));
#9870=CARTESIAN_POINT('',(115.514178,-90.23301,3.));
#9871=CARTESIAN_POINT('',(115.514178,-90.23301,1.5));
#9872=CARTESIAN_POINT('Origin',(114.702678,-90.23301,3.));
#9873=CARTESIAN_POINT('Origin',(114.702678,-90.23301,3.));
#9874=CARTESIAN_POINT('Origin',(63.958361,-105.013870999999,1.35));
#9875=CARTESIAN_POINT('',(64.769861,-105.013870999999,0.));
#9876=CARTESIAN_POINT('Origin',(63.958361,-105.013870999999,0.));
#9877=CARTESIAN_POINT('',(64.769861,-105.013870999999,2.7));
#9878=CARTESIAN_POINT('',(64.769861,-105.013870999999,1.35));
#9879=CARTESIAN_POINT('Origin',(63.958361,-105.013870999999,2.7));
#9880=CARTESIAN_POINT('Origin',(63.958361,-105.013870999999,2.7));
#9881=CARTESIAN_POINT('Origin',(49.597005,-129.879859999999,1.25));
#9882=CARTESIAN_POINT('',(50.408505,-129.879859999999,0.));
#9883=CARTESIAN_POINT('Origin',(49.597005,-129.879859999999,0.));
#9884=CARTESIAN_POINT('',(50.408505,-129.879859999999,2.5));
#9885=CARTESIAN_POINT('',(50.408505,-129.879859999999,1.25));
#9886=CARTESIAN_POINT('Origin',(49.597005,-129.879859999999,2.5));
#9887=CARTESIAN_POINT('Origin',(49.597005,-129.879859999999,2.5));
#9888=CARTESIAN_POINT('Origin',(49.597005,-129.879859999999,0.));
#9889=CARTESIAN_POINT('',(51.647005,-129.879859999999,1.7));
#9890=CARTESIAN_POINT('Origin',(49.597005,-129.879859999999,1.7));
#9891=CARTESIAN_POINT('',(51.647005,-129.879859999999,0.));
#9892=CARTESIAN_POINT('',(51.647005,-129.879859999999,0.));
#9893=CARTESIAN_POINT('Origin',(49.597005,-129.879859999999,0.));
#9894=CARTESIAN_POINT('Origin',(56.777683,-117.446865499999,0.));
#9895=CARTESIAN_POINT('Origin',(63.958361,-105.013870999999,0.));
#9896=CARTESIAN_POINT('',(66.008361,-105.013870999999,1.7));
#9897=CARTESIAN_POINT('Origin',(63.958361,-105.013870999999,1.7));
#9898=CARTESIAN_POINT('',(66.008361,-105.013870999999,0.));
#9899=CARTESIAN_POINT('',(66.008361,-105.013870999999,0.));
#9900=CARTESIAN_POINT('Origin',(63.958361,-105.013870999999,0.));
#9901=CARTESIAN_POINT('Origin',(56.777683,-117.446865499999,0.));
#9902=CARTESIAN_POINT('Origin',(114.702678,-90.23301,0.));
#9903=CARTESIAN_POINT('',(116.389488734923,-91.5661152263601,6.1));
#9904=CARTESIAN_POINT('',(116.389488734923,-88.8999047736399,6.1));
#9905=CARTESIAN_POINT('Origin',(114.702678,-90.23301,6.1));
#9906=CARTESIAN_POINT('',(116.389488734492,-91.5661152263601,3.8));
#9907=CARTESIAN_POINT('',(116.389488734923,-91.5661152263601,0.));
#9908=CARTESIAN_POINT('',(116.389488734528,-88.8999047736399,3.8));
#9909=CARTESIAN_POINT('Origin',(114.702678,-90.23301,3.8));
#9910=CARTESIAN_POINT('',(116.389488734923,-88.8999047736399,0.));
#9911=CARTESIAN_POINT('Origin',(116.389488734923,-59.8156876578151,3.8));
#9912=CARTESIAN_POINT('',(116.38948873501,-92.9674627202591,6.1));
#9913=CARTESIAN_POINT('',(116.389488734923,-60.3406067896772,6.1));
#9914=CARTESIAN_POINT('',(116.389488734531,-92.9674627202591,3.8));
#9915=CARTESIAN_POINT('',(116.38948873501,-92.9674627202591,3.8));
#9916=CARTESIAN_POINT('',(116.389488734923,-59.815687657815,3.8));
#9917=CARTESIAN_POINT('Origin',(114.699003834465,-55.2329389685755,0.));
#9918=CARTESIAN_POINT('',(113.38653444417,-53.7907447723808,1.7));
#9919=CARTESIAN_POINT('',(112.749003834465,-55.2329389685755,1.7));
#9920=CARTESIAN_POINT('Origin',(114.699003834465,-55.2329389685755,1.7));
#9921=CARTESIAN_POINT('',(113.38653444417,-53.7907447723808,1.2));
#9922=CARTESIAN_POINT('',(113.38653444417,-53.7907447723808,0.));
#9923=CARTESIAN_POINT('',(116.649003834465,-55.2329390519399,1.2));
#9924=CARTESIAN_POINT('Origin',(114.699003834465,-55.2329389685755,1.2));
#9925=CARTESIAN_POINT('',(116.649003834465,-55.2329390519399,3.8));
#9926=CARTESIAN_POINT('',(116.649003834465,-55.2329390519399,0.));
#9927=CARTESIAN_POINT('',(114.658744144432,-57.1825233236006,3.8));
#9928=CARTESIAN_POINT('Origin',(114.699003834465,-55.2329389685755,3.8));
#9929=CARTESIAN_POINT('',(114.658744144433,-57.1825233236006,1.7));
#9930=CARTESIAN_POINT('',(114.658744144431,-57.1825233236005,0.));
#9931=CARTESIAN_POINT('Origin',(114.699003834465,-55.2329389685755,1.7));
#9932=CARTESIAN_POINT('',(112.749003834465,-55.2329389685755,0.));
#9933=CARTESIAN_POINT('',(112.749003834465,-55.2329389685755,0.));
#9934=CARTESIAN_POINT('Origin',(114.699003834465,-55.2329389685755,0.));
#9935=CARTESIAN_POINT('Origin',(113.38653444417,-53.7907447723808,1.7));
#9936=CARTESIAN_POINT('',(113.386534463738,-53.3330099994581,1.7));
#9937=CARTESIAN_POINT('',(113.386533028719,-86.899938533214,1.7));
#9938=CARTESIAN_POINT('',(113.386534463738,-53.3330099994581,1.2));
#9939=CARTESIAN_POINT('',(113.386534463738,-53.3330099999956,1.45));
#9940=CARTESIAN_POINT('',(113.38653444417,-53.7907447723808,1.2));
#9941=CARTESIAN_POINT('Origin',(131.202684721611,-53.33300999999,1.2));
#9942=CARTESIAN_POINT('',(98.7382693655788,-53.3330100000002,1.7));
#9943=CARTESIAN_POINT('',(97.7746122042394,-53.3330100000005,1.7));
#9944=CARTESIAN_POINT('',(98.7382693655788,-53.3330100000002,1.2));
#9945=CARTESIAN_POINT('',(98.7382693655788,-53.3330100000002,1.2));
#9946=CARTESIAN_POINT('',(104.908485060115,-53.3330099999982,1.2));
#9947=CARTESIAN_POINT('Origin',(64.891320114251,-120.00913022083,1.7));
#9948=CARTESIAN_POINT('',(114.658744144432,-62.1309141314651,1.7));
#9949=CARTESIAN_POINT('',(114.658744144433,-60.0340579342673,1.7));
#9950=CARTESIAN_POINT('',(114.405485044245,-88.3057901508261,1.7));
#9951=CARTESIAN_POINT('',(114.40105496537,-88.7636483886257,1.7));
#9952=CARTESIAN_POINT('',(112.752678,-90.23301,1.7));
#9953=CARTESIAN_POINT('Origin',(114.702678,-90.23301,1.7));
#9954=CARTESIAN_POINT('',(114.40105496537,-92.1595414804022,1.7));
#9955=CARTESIAN_POINT('Origin',(114.702678,-90.23301,1.7));
#9956=CARTESIAN_POINT('',(114.40105496537,-107.052771209583,1.7));
#9957=CARTESIAN_POINT('',(114.40105496537,-91.7023716113744,1.7));
#9958=CARTESIAN_POINT('',(114.402677999923,-107.052771209583,1.7));
#9959=CARTESIAN_POINT('',(111.40241976656,-107.05277120958,1.7));
#9960=CARTESIAN_POINT('',(114.402677999925,-113.000001683836,1.7));
#9961=CARTESIAN_POINT('',(114.402677999927,-117.834186339585,1.7));
#9962=CARTESIAN_POINT('',(126.40088899538,-113.000001683832,1.7));
#9963=CARTESIAN_POINT('',(119.6522490883,-113.000001683834,1.7));
#9964=CARTESIAN_POINT('',(128.40088899538,-115.000001683831,1.7));
#9965=CARTESIAN_POINT('',(105.775137247814,-92.374249936264,1.7));
#9966=CARTESIAN_POINT('',(128.400888995379,-116.764468152398,1.7));
#9967=CARTESIAN_POINT('',(128.400888995378,-119.71641957387,1.7));
#9968=CARTESIAN_POINT('',(133.602677999793,-116.764468152402,1.7));
#9969=CARTESIAN_POINT('',(122.05304509061,-116.764468152396,1.7));
#9970=CARTESIAN_POINT('',(133.60267799979,-117.749468426892,1.7));
#9971=CARTESIAN_POINT('',(133.602677999771,-123.445176460209,1.7));
#9972=CARTESIAN_POINT('',(134.445247451332,-119.062448573353,1.7));
#9973=CARTESIAN_POINT('Origin',(135.844948283667,-117.237390333198,1.7));
#9974=CARTESIAN_POINT('',(140.994151576008,-122.063663762233,1.7));
#9975=CARTESIAN_POINT('',(130.360224900833,-117.190374789394,1.7));
#9976=CARTESIAN_POINT('',(142.169408655913,-125.259718842565,1.7));
#9977=CARTESIAN_POINT('Origin',(139.99416131901,-124.2454923276,1.7));
#9978=CARTESIAN_POINT('',(135.234540907885,-140.131592037432,1.7));
#9979=CARTESIAN_POINT('',(135.265925580659,-140.064287383514,1.7));
#9980=CARTESIAN_POINT('',(132.069842030811,-141.303800101224,1.7));
#9981=CARTESIAN_POINT('Origin',(133.05939991488,-139.1172918197,1.7));
#9982=CARTESIAN_POINT('',(122.754530079482,-137.087888230095,1.7));
#9983=CARTESIAN_POINT('',(116.805610206786,-134.395533745058,1.7));
#9984=CARTESIAN_POINT('',(110.080539921145,-133.08906902329,1.7));
#9985=CARTESIAN_POINT('Origin',(99.7472178774215,-187.923934351299,1.7));
#9986=CARTESIAN_POINT('',(80.1793434363397,-131.272722484745,1.7));
#9987=CARTESIAN_POINT('Origin',(87.936729045738,-250.5975413291,1.7));
#9988=CARTESIAN_POINT('',(80.1757492919023,-131.272956196816,1.7));
#9989=CARTESIAN_POINT('',(80.1793434363397,-131.272722484745,1.7));
#9990=CARTESIAN_POINT('',(80.1518457555032,-131.274513308987,1.7));
#9991=CARTESIAN_POINT('Origin',(87.936729045738,-250.5975413291,1.7));
#9992=CARTESIAN_POINT('',(78.7591744264895,-131.411152411002,1.7));
#9993=CARTESIAN_POINT('',(80.1518457555032,-131.274513308987,1.7));
#9994=CARTESIAN_POINT('',(78.7591744264895,-130.40739703528,1.7));
#9995=CARTESIAN_POINT('',(78.7591744264895,-127.941292294701,1.7));
#9996=CARTESIAN_POINT('',(79.5325721122222,-130.331619370832,1.7));
#9997=CARTESIAN_POINT('',(68.08372329963,-131.45337993417,1.7));
#9998=CARTESIAN_POINT('',(79.5325721122222,-121.000001788139,1.7));
#9999=CARTESIAN_POINT('',(79.5325721122222,-125.170374795831,1.7));
#10000=CARTESIAN_POINT('',(55.9531150437637,-121.000001788139,1.7));
#10001=CARTESIAN_POINT('',(72.2119461132366,-121.000001788139,1.7));
#10002=CARTESIAN_POINT('',(55.9531150437637,-132.251344350687,1.7));
#10003=CARTESIAN_POINT('',(55.9531150437637,-120.504566004484,1.7));
#10004=CARTESIAN_POINT('',(56.7591744264896,-132.217821379249,1.7));
#10005=CARTESIAN_POINT('Origin',(46.6660481072705,100.763655998469,1.7));
#10006=CARTESIAN_POINT('',(56.7591744264896,-133.218755308672,1.7));
#10007=CARTESIAN_POINT('',(56.7591744264895,-124.254566052913,1.7));
#10008=CARTESIAN_POINT('',(46.6660481278306,-133.436344001531,1.7));
#10009=CARTESIAN_POINT('Origin',(46.6660481072705,100.763655998469,1.7));
#10010=CARTESIAN_POINT('',(24.1181362999231,-133.436344003511,1.7));
#10011=CARTESIAN_POINT('',(44.2323379952838,-133.436344001745,1.7));
#10012=CARTESIAN_POINT('',(21.7181209839689,-131.036384593713,1.7));
#10013=CARTESIAN_POINT('Origin',(24.118070001319,-131.0363949986,1.7));
#10014=CARTESIAN_POINT('',(21.724388032373,-108.611445811335,1.7));
#10015=CARTESIAN_POINT('',(21.726913309527,-99.5754398424733,1.7));
#10016=CARTESIAN_POINT('',(21.6698762887433,-108.196968321569,1.7));
#10017=CARTESIAN_POINT('Origin',(20.1250427365419,-108.6109669921,1.7));
#10018=CARTESIAN_POINT('',(14.9280412498466,-83.0360998536674,1.7));
#10019=CARTESIAN_POINT('',(17.523528191735,-92.7225880548706,1.7));
#10020=CARTESIAN_POINT('',(16.6265663411208,-80.044823412006,1.7));
#10021=CARTESIAN_POINT('Origin',(17.240279040123,-82.3711772853,1.7));
#10022=CARTESIAN_POINT('',(20.5522735245525,-78.9929328338673,1.7));
#10023=CARTESIAN_POINT('',(39.5377734997907,-73.9057809878278,1.7));
#10024=CARTESIAN_POINT('',(21.7382151215778,-77.4460559995496,1.7));
#10025=CARTESIAN_POINT('Origin',(20.138103449572,-77.44735132802,1.7));
#10026=CARTESIAN_POINT('',(21.7198133538779,-55.7352092150673,1.7));
#10027=CARTESIAN_POINT('',(21.7345870969851,-73.1647655588707,1.7));
#10028=CARTESIAN_POINT('',(24.1197698780516,-53.3330100007239,1.7));
#10029=CARTESIAN_POINT('Origin',(24.119974086063,-55.73317528596,1.7));
#10030=CARTESIAN_POINT('',(57.1525939808184,-53.3330100009909,1.7));
#10031=CARTESIAN_POINT('',(60.7495668344073,-53.3330100010988,1.7));
#10032=CARTESIAN_POINT('',(58.7282328812712,-52.0108705114514,1.7));
#10033=CARTESIAN_POINT('Origin',(57.152622151722,-51.73310241344,1.7));
#10034=CARTESIAN_POINT('',(59.2056159737092,-49.3035016871713,1.7));
#10035=CARTESIAN_POINT('',(55.761028314933,-68.8386913233247,1.7));
#10036=CARTESIAN_POINT('',(61.4811584531034,-47.666344,1.7));
#10037=CARTESIAN_POINT('Origin',(61.481137191629,-50.0663211577,1.7));
#10038=CARTESIAN_POINT('',(78.7247298263098,-47.6663439999957,1.7));
#10039=CARTESIAN_POINT('',(71.5356347565894,-47.6663439999975,1.7));
#10040=CARTESIAN_POINT('',(81.0881939726806,-49.6492449782262,1.7));
#10041=CARTESIAN_POINT('Origin',(78.724669911037,-50.06639886412,1.7));
#10042=CARTESIAN_POINT('',(81.2382693655787,-50.499677,1.7));
#10043=CARTESIAN_POINT('',(84.3520967305623,-68.1447982308651,1.7));
#10044=CARTESIAN_POINT('',(96.2247182635882,-50.4996769999974,1.7));
#10045=CARTESIAN_POINT('',(80.2856289752305,-50.4996770000002,1.7));
#10046=CARTESIAN_POINT('',(98.5881964906093,-52.4825922465694,1.7));
#10047=CARTESIAN_POINT('Origin',(96.224712227345,-52.8996814263601,1.7));
#10048=CARTESIAN_POINT('',(101.345389524405,-68.106774205183,1.7));
#10049=CARTESIAN_POINT('',(83.001230351883,-128.219438209569,1.7));
#10050=CARTESIAN_POINT('',(81.5645747155346,-126.782782573218,1.7));
#10051=CARTESIAN_POINT('Origin',(83.0012303518851,-126.782782573219,1.7));
#10052=CARTESIAN_POINT('',(96.401230351883,-128.219438209581,1.7));
#10053=CARTESIAN_POINT('',(103.65241976655,-128.219438209588,1.7));
#10054=CARTESIAN_POINT('',(97.8378859882343,-126.782782573233,1.7));
#10055=CARTESIAN_POINT('Origin',(96.4012303518845,-126.782782573232,1.7));
#10056=CARTESIAN_POINT('',(97.8378859882473,-113.382782573233,1.7));
#10057=CARTESIAN_POINT('',(97.8378859882428,-118.025576784278,1.7));
#10058=CARTESIAN_POINT('',(96.4012303518987,-111.946126936883,1.7));
#10059=CARTESIAN_POINT('Origin',(96.4012303518974,-113.382782573232,1.7));
#10060=CARTESIAN_POINT('',(83.0012303518986,-111.94612693687,1.7));
#10061=CARTESIAN_POINT('',(96.9524197665654,-111.946126936883,1.7));
#10062=CARTESIAN_POINT('',(81.5645747155481,-113.382782573218,1.7));
#10063=CARTESIAN_POINT('Origin',(83.0012303518974,-113.382782573219,1.7));
#10064=CARTESIAN_POINT('',(81.5645747155481,-113.382782573218,1.7));
#10065=CARTESIAN_POINT('',(113.337885988234,-105.616115573233,1.7));
#10066=CARTESIAN_POINT('',(111.901230351883,-107.052771209581,1.7));
#10067=CARTESIAN_POINT('Origin',(111.901230351885,-105.616115573232,1.7));
#10068=CARTESIAN_POINT('',(113.337885988247,-92.2161155732332,1.7));
#10069=CARTESIAN_POINT('',(113.337885988234,-105.616115573233,1.7));
#10070=CARTESIAN_POINT('',(111.901230351899,-90.7794599368826,1.7));
#10071=CARTESIAN_POINT('Origin',(111.901230351897,-92.2161155732319,1.7));
#10072=CARTESIAN_POINT('',(98.5012303518986,-90.7794599368696,1.7));
#10073=CARTESIAN_POINT('',(111.901230351899,-90.7794599368826,1.7));
#10074=CARTESIAN_POINT('',(97.0645747155481,-92.2161155732175,1.7));
#10075=CARTESIAN_POINT('Origin',(98.5012303518974,-92.2161155732189,1.7));
#10076=CARTESIAN_POINT('',(97.0645747155354,-105.616115573218,1.7));
#10077=CARTESIAN_POINT('',(97.0645747155481,-92.2161155732175,1.7));
#10078=CARTESIAN_POINT('',(98.5012303518831,-107.052771209568,1.7));
#10079=CARTESIAN_POINT('Origin',(98.5012303518845,-105.616115573219,1.7));
#10080=CARTESIAN_POINT('',(111.40241976656,-107.05277120958,1.7));
#10081=CARTESIAN_POINT('',(95.8378859882335,-102.782782573233,1.7));
#10082=CARTESIAN_POINT('',(94.401230351883,-104.219438209581,1.7));
#10083=CARTESIAN_POINT('Origin',(94.4012303518845,-102.782782573232,1.7));
#10084=CARTESIAN_POINT('',(95.8378859882473,-89.3827825732332,1.7));
#10085=CARTESIAN_POINT('',(95.8378859882335,-102.782782573233,1.7));
#10086=CARTESIAN_POINT('',(94.4012303518987,-87.9461269368826,1.7));
#10087=CARTESIAN_POINT('Origin',(94.4012303518974,-89.3827825732319,1.7));
#10088=CARTESIAN_POINT('',(81.0012303518986,-87.9461269368696,1.7));
#10089=CARTESIAN_POINT('',(94.4012303518987,-87.9461269368826,1.7));
#10090=CARTESIAN_POINT('',(79.5645747155481,-89.3827825732175,1.7));
#10091=CARTESIAN_POINT('Origin',(81.0012303518975,-89.382782573219,1.7));
#10092=CARTESIAN_POINT('',(79.5645747155346,-102.782782573218,1.7));
#10093=CARTESIAN_POINT('',(79.5645747155481,-89.3827825732175,1.7));
#10094=CARTESIAN_POINT('',(81.0012303518831,-104.219438209569,1.7));
#10095=CARTESIAN_POINT('Origin',(81.0012303518845,-102.782782573219,1.7));
#10096=CARTESIAN_POINT('',(102.652419766561,-104.219438209589,1.7));
#10097=CARTESIAN_POINT('',(103.138762813266,-113.939152145576,1.7));
#10098=CARTESIAN_POINT('',(104.84272157952,-112.832588384279,1.7));
#10099=CARTESIAN_POINT('Origin',(104.544024077042,-114.237849648054,1.7));
#10100=CARTESIAN_POINT('',(100.352746156293,-127.046329995406,1.7));
#10101=CARTESIAN_POINT('',(101.025957751675,-123.879118453741,1.7));
#10102=CARTESIAN_POINT('',(101.459309917591,-128.750288761659,1.7));
#10103=CARTESIAN_POINT('Origin',(101.758007420069,-127.345027497884,1.7));
#10104=CARTESIAN_POINT('',(114.566487767421,-131.536305418633,1.7));
#10105=CARTESIAN_POINT('',(111.912488127701,-130.972180380537,1.7));
#10106=CARTESIAN_POINT('',(116.270446533675,-130.429741657335,1.7));
#10107=CARTESIAN_POINT('Origin',(114.865185269899,-130.131044154857,1.7));
#10108=CARTESIAN_POINT('',(119.056463190648,-117.322563807506,1.7));
#10109=CARTESIAN_POINT('',(118.336666457543,-120.708941190755,1.7));
#10110=CARTESIAN_POINT('',(117.94989942935,-115.618605041252,1.7));
#10111=CARTESIAN_POINT('Origin',(117.651201926872,-117.023866305028,1.7));
#10112=CARTESIAN_POINT('',(108.742310864715,-113.66147167467,1.7));
#10113=CARTESIAN_POINT('',(139.313639000848,-125.553434661293,1.7));
#10114=CARTESIAN_POINT('',(133.650554293509,-137.697959007578,1.7));
#10115=CARTESIAN_POINT('',(137.329057082988,-129.809384318448,1.7));
#10116=CARTESIAN_POINT('',(138.61874371809,-123.644225563025,1.7));
#10117=CARTESIAN_POINT('Origin',(138.011586810334,-124.946277753538,1.7));
#10118=CARTESIAN_POINT('',(126.474219371805,-117.981140855686,1.7));
#10119=CARTESIAN_POINT('',(120.97707464825,-115.417780173099,1.7));
#10120=CARTESIAN_POINT('',(124.565010273536,-118.676036138443,1.7));
#10121=CARTESIAN_POINT('Origin',(125.867062464049,-119.283193046199,1.7));
#10122=CARTESIAN_POINT('',(118.901925566197,-130.820560484728,1.7));
#10123=CARTESIAN_POINT('',(119.748886002007,-129.004247968741,1.7));
#10124=CARTESIAN_POINT('',(119.596820848956,-132.729769582997,1.7));
#10125=CARTESIAN_POINT('Origin',(120.203977756711,-131.427717392484,1.7));
#10126=CARTESIAN_POINT('',(131.74134519524,-138.392854290336,1.7));
#10127=CARTESIAN_POINT('',(120.171938298544,-132.997951254079,1.7));
#10128=CARTESIAN_POINT('Origin',(132.348502102996,-137.090802099823,1.7));
#10129=CARTESIAN_POINT('',(40.0384753872317,-59.6518266008602,1.7));
#10130=CARTESIAN_POINT('',(41.3444513260894,-58.095425083888,1.7));
#10131=CARTESIAN_POINT('Origin',(41.4696641151466,-59.5266138118029,1.7));
#10132=CARTESIAN_POINT('',(41.2063623400366,-73.0008355552908,1.7));
#10133=CARTESIAN_POINT('',(40.0384753872317,-59.6518266008602,1.7));
#10134=CARTESIAN_POINT('',(42.7627638570094,-74.306811494149,1.7));
#10135=CARTESIAN_POINT('Origin',(42.6375510679521,-72.8756227662335,1.7));
#10136=CARTESIAN_POINT('',(56.1117728114398,-73.1389245413426,1.7));
#10137=CARTESIAN_POINT('',(42.7627638570094,-74.306811494149,1.7));
#10138=CARTESIAN_POINT('',(57.4177487502983,-71.5825230243707,1.7));
#10139=CARTESIAN_POINT('Origin',(55.9865600223828,-71.707735813428,1.7));
#10140=CARTESIAN_POINT('',(56.2498617974928,-58.2335140699402,1.7));
#10141=CARTESIAN_POINT('',(57.4177487502983,-71.5825230243707,1.7));
#10142=CARTESIAN_POINT('',(54.6934602805199,-56.9275381310819,1.7));
#10143=CARTESIAN_POINT('Origin',(54.8186730695772,-58.3587268589974,1.7));
#10144=CARTESIAN_POINT('',(54.6934602805199,-56.9275381310819,1.7));
#10145=CARTESIAN_POINT('',(81.0012303518831,-86.7194382095688,1.7));
#10146=CARTESIAN_POINT('',(79.5645747155346,-85.2827825732176,1.7));
#10147=CARTESIAN_POINT('Origin',(81.0012303518845,-85.2827825732189,1.7));
#10148=CARTESIAN_POINT('',(94.4012303518831,-86.7194382095808,1.7));
#10149=CARTESIAN_POINT('',(81.0012303518831,-86.7194382095688,1.7));
#10150=CARTESIAN_POINT('',(95.8378859882335,-85.2827825732332,1.7));
#10151=CARTESIAN_POINT('Origin',(94.4012303518845,-85.2827825732318,1.7));
#10152=CARTESIAN_POINT('',(95.8378859882473,-71.8827825732332,1.7));
#10153=CARTESIAN_POINT('',(95.8378859882335,-85.2827825732332,1.7));
#10154=CARTESIAN_POINT('',(94.4012303518988,-70.4461269368826,1.7));
#10155=CARTESIAN_POINT('Origin',(94.4012303518974,-71.8827825732319,1.7));
#10156=CARTESIAN_POINT('',(81.0012303518986,-70.4461269368696,1.7));
#10157=CARTESIAN_POINT('',(94.4012303518988,-70.4461269368826,1.7));
#10158=CARTESIAN_POINT('',(79.5645747155481,-71.8827825732175,1.7));
#10159=CARTESIAN_POINT('Origin',(81.0012303518974,-71.8827825732189,1.7));
#10160=CARTESIAN_POINT('',(79.5645747155481,-71.8827825732175,1.7));
#10161=CARTESIAN_POINT('',(41.5637003872318,-77.0852346008602,1.7));
#10162=CARTESIAN_POINT('',(42.8696763260895,-75.528833083888,1.7));
#10163=CARTESIAN_POINT('Origin',(42.9948891151467,-76.9600218118029,1.7));
#10164=CARTESIAN_POINT('',(42.7315873400366,-90.4342435552908,1.7));
#10165=CARTESIAN_POINT('',(41.5637003872318,-77.0852346008602,1.7));
#10166=CARTESIAN_POINT('',(44.2879888570094,-91.740219494149,1.7));
#10167=CARTESIAN_POINT('Origin',(44.1627760679522,-90.3090307662335,1.7));
#10168=CARTESIAN_POINT('',(57.6369978114398,-90.5723325413426,1.7));
#10169=CARTESIAN_POINT('',(44.2879888570094,-91.740219494149,1.7));
#10170=CARTESIAN_POINT('',(58.9429737502983,-89.0159310243708,1.7));
#10171=CARTESIAN_POINT('Origin',(57.5117850223829,-89.141143813428,1.7));
#10172=CARTESIAN_POINT('',(57.7750867974928,-75.6669220699402,1.7));
#10173=CARTESIAN_POINT('',(58.9429737502983,-89.0159310243708,1.7));
#10174=CARTESIAN_POINT('',(56.21868528052,-74.3609461310819,1.7));
#10175=CARTESIAN_POINT('Origin',(56.3438980695772,-75.7921348589974,1.7));
#10176=CARTESIAN_POINT('',(56.21868528052,-74.3609461310819,1.7));
#10177=CARTESIAN_POINT('',(27.458306452567,-114.6378657833,1.7));
#10178=CARTESIAN_POINT('',(25.6987698299918,-113.621996840606,1.7));
#10179=CARTESIAN_POINT('Origin',(27.0864726126264,-113.250163000665,1.7));
#10180=CARTESIAN_POINT('',(40.4017125248418,-111.169690578931,1.7));
#10181=CARTESIAN_POINT('',(27.458306452567,-114.6378657833,1.7));
#10182=CARTESIAN_POINT('',(41.4175814675346,-109.410153956358,1.7));
#10183=CARTESIAN_POINT('Origin',(40.0298786849016,-109.781987796298,1.7));
#10184=CARTESIAN_POINT('',(37.9494062631688,-96.4667478840821,1.7));
#10185=CARTESIAN_POINT('',(41.4175814675346,-109.410153956358,1.7));
#10186=CARTESIAN_POINT('',(36.1898696405935,-95.4508789413888,1.7));
#10187=CARTESIAN_POINT('Origin',(36.5617034805341,-96.8385817240228,1.7));
#10188=CARTESIAN_POINT('',(23.2464635683185,-98.9190541457569,1.7));
#10189=CARTESIAN_POINT('',(36.1898696405935,-95.4508789413888,1.7));
#10190=CARTESIAN_POINT('',(22.2305946256254,-100.678590768331,1.7));
#10191=CARTESIAN_POINT('Origin',(23.6182974082589,-100.30675692839,1.7));
#10192=CARTESIAN_POINT('',(22.2305946256254,-100.678590768331,1.7));
#10193=CARTESIAN_POINT('',(97.0645747155481,-57.2161165732175,1.7));
#10194=CARTESIAN_POINT('',(98.5012303518986,-55.7794609368696,1.7));
#10195=CARTESIAN_POINT('Origin',(98.5012303518974,-57.2161165732189,1.7));
#10196=CARTESIAN_POINT('',(97.0645747155346,-70.6161165732175,1.7));
#10197=CARTESIAN_POINT('',(97.0645747155481,-57.2161165732175,1.7));
#10198=CARTESIAN_POINT('',(98.5012303518831,-72.0527722095688,1.7));
#10199=CARTESIAN_POINT('Origin',(98.5012303518845,-70.6161165732189,1.7));
#10200=CARTESIAN_POINT('',(111.901230351883,-72.0527722095808,1.7));
#10201=CARTESIAN_POINT('',(98.5012303518831,-72.0527722095688,1.7));
#10202=CARTESIAN_POINT('',(113.337885988234,-70.6161165732332,1.7));
#10203=CARTESIAN_POINT('Origin',(111.901230351885,-70.6161165732318,1.7));
#10204=CARTESIAN_POINT('',(113.337885988247,-57.2161165732332,1.7));
#10205=CARTESIAN_POINT('',(113.337885988234,-70.6161165732332,1.7));
#10206=CARTESIAN_POINT('',(111.901230351899,-55.779460936882,1.7));
#10207=CARTESIAN_POINT('Origin',(111.901230351897,-57.2161165732318,1.7));
#10208=CARTESIAN_POINT('',(111.901230351899,-55.779460936882,1.7));
#10209=CARTESIAN_POINT('',(98.5012303518831,-89.5527722095688,1.7));
#10210=CARTESIAN_POINT('',(97.0645747155346,-88.1161165732176,1.7));
#10211=CARTESIAN_POINT('Origin',(98.5012303518845,-88.1161165732189,1.7));
#10212=CARTESIAN_POINT('',(111.901230351883,-89.5527722095808,1.7));
#10213=CARTESIAN_POINT('',(98.5012303518831,-89.5527722095688,1.7));
#10214=CARTESIAN_POINT('',(113.337885988234,-88.1161165732332,1.7));
#10215=CARTESIAN_POINT('Origin',(111.901230351885,-88.1161165732318,1.7));
#10216=CARTESIAN_POINT('',(113.337885988247,-74.7161165732332,1.7));
#10217=CARTESIAN_POINT('',(113.337885988234,-88.1161165732332,1.7));
#10218=CARTESIAN_POINT('',(111.901230351899,-73.2794609368826,1.7));
#10219=CARTESIAN_POINT('Origin',(111.901230351897,-74.7161165732318,1.7));
#10220=CARTESIAN_POINT('',(98.5012303518986,-73.2794609368696,1.7));
#10221=CARTESIAN_POINT('',(111.901230351899,-73.2794609368826,1.7));
#10222=CARTESIAN_POINT('',(97.0645747155481,-74.7161165732175,1.7));
#10223=CARTESIAN_POINT('Origin',(98.5012303518974,-74.7161165732189,1.7));
#10224=CARTESIAN_POINT('',(97.0645747155481,-74.7161165732175,1.7));
#10225=CARTESIAN_POINT('',(45.8132148570094,-109.173626494129,1.7));
#10226=CARTESIAN_POINT('',(44.2568133400366,-107.867650555271,1.7));
#10227=CARTESIAN_POINT('Origin',(45.6880020679521,-107.742437766213,1.7));
#10228=CARTESIAN_POINT('',(59.1622238114398,-108.005739541323,1.7));
#10229=CARTESIAN_POINT('',(45.8132148570094,-109.173626494129,1.7));
#10230=CARTESIAN_POINT('',(60.4681997502975,-106.449338024351,1.7));
#10231=CARTESIAN_POINT('Origin',(59.0370110223828,-106.574550813408,1.7));
#10232=CARTESIAN_POINT('',(59.3003127974928,-93.1003290699202,1.7));
#10233=CARTESIAN_POINT('',(60.4681997502975,-106.449338024351,1.7));
#10234=CARTESIAN_POINT('',(57.74391128052,-91.7943531310626,1.7));
#10235=CARTESIAN_POINT('Origin',(57.8691240695772,-93.2255418589775,1.7));
#10236=CARTESIAN_POINT('',(44.3949023260895,-92.962240083868,1.7));
#10237=CARTESIAN_POINT('',(57.74391128052,-91.7943531310626,1.7));
#10238=CARTESIAN_POINT('',(43.0889263872317,-94.5186416008402,1.7));
#10239=CARTESIAN_POINT('Origin',(44.5201151151467,-94.393428811783,1.7));
#10240=CARTESIAN_POINT('',(43.0889263872317,-94.5186416008402,1.7));
#10241=CARTESIAN_POINT('',(79.5645747155481,-54.3827825732175,1.7));
#10242=CARTESIAN_POINT('',(81.0012303518986,-52.9461269368696,1.7));
#10243=CARTESIAN_POINT('Origin',(81.0012303518974,-54.3827825732189,1.7));
#10244=CARTESIAN_POINT('',(79.5645747155346,-67.7827825732175,1.7));
#10245=CARTESIAN_POINT('',(79.5645747155481,-54.3827825732175,1.7));
#10246=CARTESIAN_POINT('',(81.0012303518831,-69.2194382095688,1.7));
#10247=CARTESIAN_POINT('Origin',(81.0012303518845,-67.7827825732189,1.7));
#10248=CARTESIAN_POINT('',(94.4012303518831,-69.2194382095808,1.7));
#10249=CARTESIAN_POINT('',(81.0012303518831,-69.2194382095688,1.7));
#10250=CARTESIAN_POINT('',(95.8378859882344,-67.7827825732332,1.7));
#10251=CARTESIAN_POINT('Origin',(94.4012303518845,-67.7827825732318,1.7));
#10252=CARTESIAN_POINT('',(95.8378859882473,-54.3827825732332,1.7));
#10253=CARTESIAN_POINT('',(95.8378859882344,-67.7827825732332,1.7));
#10254=CARTESIAN_POINT('',(94.4012303518988,-52.946126936882,1.7));
#10255=CARTESIAN_POINT('Origin',(94.4012303518974,-54.3827825732318,1.7));
#10256=CARTESIAN_POINT('',(94.4012303518988,-52.946126936882,1.7));
#10257=CARTESIAN_POINT('',(57.645000834465,-65.8890009685755,1.7));
#10258=CARTESIAN_POINT('Origin',(59.595000834465,-65.8890009685755,1.7));
#10259=CARTESIAN_POINT('',(31.9876394525669,-131.5415677833,1.7));
#10260=CARTESIAN_POINT('',(30.2281028299921,-130.525698840606,1.7));
#10261=CARTESIAN_POINT('Origin',(31.6158056126264,-130.153865000666,1.7));
#10262=CARTESIAN_POINT('',(44.9310455248419,-128.073392578931,1.7));
#10263=CARTESIAN_POINT('',(31.9876394525669,-131.5415677833,1.7));
#10264=CARTESIAN_POINT('',(45.946914467535,-126.313855956358,1.7));
#10265=CARTESIAN_POINT('Origin',(44.5592116849016,-126.685689796298,1.7));
#10266=CARTESIAN_POINT('',(42.4787392631684,-113.370449884082,1.7));
#10267=CARTESIAN_POINT('',(45.946914467535,-126.313855956358,1.7));
#10268=CARTESIAN_POINT('',(40.7192026405936,-112.354580941389,1.7));
#10269=CARTESIAN_POINT('Origin',(41.0910364805341,-113.742283724023,1.7));
#10270=CARTESIAN_POINT('',(27.7757965683183,-115.822756145757,1.7));
#10271=CARTESIAN_POINT('',(40.7192026405936,-112.354580941389,1.7));
#10272=CARTESIAN_POINT('',(26.7599276256251,-117.582292768331,1.7));
#10273=CARTESIAN_POINT('Origin',(28.1476304082588,-117.21045892839,1.7));
#10274=CARTESIAN_POINT('',(26.7599276256251,-117.582292768331,1.7));
#10275=CARTESIAN_POINT('',(22.928973452567,-97.7341637833401,1.7));
#10276=CARTESIAN_POINT('',(21.1694368299918,-96.7182948406462,1.7));
#10277=CARTESIAN_POINT('Origin',(22.5571396126264,-96.3464610007055,1.7));
#10278=CARTESIAN_POINT('',(35.8723795248418,-94.265988578971,1.7));
#10279=CARTESIAN_POINT('',(22.928973452567,-97.7341637833401,1.7));
#10280=CARTESIAN_POINT('',(36.8882484675347,-92.5064519563978,1.7));
#10281=CARTESIAN_POINT('Origin',(35.5005456849016,-92.878285796338,1.7));
#10282=CARTESIAN_POINT('',(33.4200732631688,-79.5630458841221,1.7));
#10283=CARTESIAN_POINT('',(36.8882484675347,-92.5064519563978,1.7));
#10284=CARTESIAN_POINT('',(31.6605366405935,-78.5471769414289,1.7));
#10285=CARTESIAN_POINT('Origin',(32.0323704805341,-79.9348797240628,1.7));
#10286=CARTESIAN_POINT('',(18.7171305683185,-82.015352145797,1.7));
#10287=CARTESIAN_POINT('',(31.6605366405935,-78.5471769414289,1.7));
#10288=CARTESIAN_POINT('',(17.7012616256255,-83.7748887683707,1.7));
#10289=CARTESIAN_POINT('Origin',(19.0889644082589,-83.4030549284304,1.7));
#10290=CARTESIAN_POINT('',(17.7012616256255,-83.7748887683707,1.7));
#10291=CARTESIAN_POINT('',(63.5012303518831,-101.386105209569,1.7));
#10292=CARTESIAN_POINT('',(62.0645747155346,-99.9494495732176,1.7));
#10293=CARTESIAN_POINT('Origin',(63.5012303518845,-99.9494495732189,1.7));
#10294=CARTESIAN_POINT('',(76.9012303518831,-101.386105209581,1.7));
#10295=CARTESIAN_POINT('',(63.5012303518831,-101.386105209569,1.7));
#10296=CARTESIAN_POINT('',(78.3378859882335,-99.9494495732332,1.7));
#10297=CARTESIAN_POINT('Origin',(76.9012303518845,-99.9494495732318,1.7));
#10298=CARTESIAN_POINT('',(78.3378859882473,-86.5494495732332,1.7));
#10299=CARTESIAN_POINT('',(78.3378859882335,-99.9494495732332,1.7));
#10300=CARTESIAN_POINT('',(76.9012303518987,-85.1127939368826,1.7));
#10301=CARTESIAN_POINT('Origin',(76.9012303518974,-86.5494495732319,1.7));
#10302=CARTESIAN_POINT('',(63.5012303518986,-85.1127939368697,1.7));
#10303=CARTESIAN_POINT('',(76.9012303518987,-85.1127939368826,1.7));
#10304=CARTESIAN_POINT('',(62.0645747155481,-86.5494495732175,1.7));
#10305=CARTESIAN_POINT('Origin',(63.5012303518975,-86.549449573219,1.7));
#10306=CARTESIAN_POINT('',(62.0645747155481,-86.5494495732175,1.7));
#10307=CARTESIAN_POINT('',(62.0645747155481,-51.5494495732175,1.7));
#10308=CARTESIAN_POINT('',(63.5012303518986,-50.1127939368696,1.7));
#10309=CARTESIAN_POINT('Origin',(63.5012303518974,-51.5494495732189,1.7));
#10310=CARTESIAN_POINT('',(62.0645747155346,-64.9494495732175,1.7));
#10311=CARTESIAN_POINT('',(62.0645747155481,-51.5494495732175,1.7));
#10312=CARTESIAN_POINT('',(63.5012303518831,-66.3861052095688,1.7));
#10313=CARTESIAN_POINT('Origin',(63.5012303518845,-64.9494495732189,1.7));
#10314=CARTESIAN_POINT('',(76.9012303518831,-66.3861052095808,1.7));
#10315=CARTESIAN_POINT('',(63.5012303518831,-66.3861052095688,1.7));
#10316=CARTESIAN_POINT('',(78.3378859882344,-64.9494495732332,1.7));
#10317=CARTESIAN_POINT('Origin',(76.9012303518845,-64.9494495732318,1.7));
#10318=CARTESIAN_POINT('',(78.3378859882473,-51.5494495732332,1.7));
#10319=CARTESIAN_POINT('',(78.3378859882344,-64.9494495732332,1.7));
#10320=CARTESIAN_POINT('',(76.9012303518987,-50.112793936882,1.7));
#10321=CARTESIAN_POINT('Origin',(76.9012303518974,-51.5494495732318,1.7));
#10322=CARTESIAN_POINT('',(76.9012303518987,-50.112793936882,1.7));
#10323=CARTESIAN_POINT('',(63.5012303518831,-83.8861052095688,1.7));
#10324=CARTESIAN_POINT('',(62.0645747155346,-82.4494495732176,1.7));
#10325=CARTESIAN_POINT('Origin',(63.5012303518845,-82.4494495732189,1.7));
#10326=CARTESIAN_POINT('',(76.9012303518831,-83.8861052095808,1.7));
#10327=CARTESIAN_POINT('',(63.5012303518831,-83.8861052095688,1.7));
#10328=CARTESIAN_POINT('',(78.3378859882335,-82.4494495732332,1.7));
#10329=CARTESIAN_POINT('Origin',(76.9012303518845,-82.4494495732318,1.7));
#10330=CARTESIAN_POINT('',(78.3378859882473,-69.0494495732332,1.7));
#10331=CARTESIAN_POINT('',(78.3378859882335,-82.4494495732332,1.7));
#10332=CARTESIAN_POINT('',(76.9012303518987,-67.6127939368826,1.7));
#10333=CARTESIAN_POINT('Origin',(76.9012303518974,-69.0494495732318,1.7));
#10334=CARTESIAN_POINT('',(63.5012303518986,-67.6127939368697,1.7));
#10335=CARTESIAN_POINT('',(76.9012303518987,-67.6127939368826,1.7));
#10336=CARTESIAN_POINT('',(62.0645747155481,-69.0494495732176,1.7));
#10337=CARTESIAN_POINT('Origin',(63.5012303518974,-69.0494495732189,1.7));
#10338=CARTESIAN_POINT('',(62.0645747155481,-69.0494495732176,1.7));
#10339=CARTESIAN_POINT('',(124.152678,-117.533009999999,1.7));
#10340=CARTESIAN_POINT('Origin',(122.202678,-117.533009999999,1.7));
#10341=CARTESIAN_POINT('Origin',(116.649003915689,-53.3330099999946,1.7));
#10342=CARTESIAN_POINT('',(116.649003915689,-53.3330099999946,1.2));
#10343=CARTESIAN_POINT('',(116.649003915689,-53.3330099999946,1.2));
#10344=CARTESIAN_POINT('',(116.649003915689,-53.3330099999946,3.8));
#10345=CARTESIAN_POINT('',(116.649003915689,-53.3330099999946,1.45));
#10346=CARTESIAN_POINT('',(116.649003823713,-55.4844480681399,3.8));
#10347=CARTESIAN_POINT('Origin',(131.202684721611,-53.33300999999,1.2));
#10348=CARTESIAN_POINT('',(131.202684721611,-53.33300999999,1.2));
#10349=CARTESIAN_POINT('',(104.908485060115,-53.3330099999982,1.2));
#10350=CARTESIAN_POINT('',(131.202684721611,-53.33300999999,3.8));
#10351=CARTESIAN_POINT('',(131.202684721611,-53.33300999999,1.2));
#10352=CARTESIAN_POINT('',(104.908485060115,-53.3330099999982,3.8));
#10353=CARTESIAN_POINT('Origin',(116.849003834519,-53.9068601758082,6.1));
#10354=CARTESIAN_POINT('',(116.849003834465,-55.2329389686631,6.1));
#10355=CARTESIAN_POINT('',(116.849003834519,-53.9000021276277,6.1));
#10356=CARTESIAN_POINT('',(116.849003834121,-63.6806800627927,6.1));
#10357=CARTESIAN_POINT('',(116.849003834465,-55.2329389686631,3.8));
#10358=CARTESIAN_POINT('',(116.849003834465,-55.2329389686631,0.));
#10359=CARTESIAN_POINT('',(116.849003834519,-53.9000021276277,3.8));
#10360=CARTESIAN_POINT('',(116.849003834458,-55.3931256653761,3.8));
#10361=CARTESIAN_POINT('',(116.849003834519,-53.9000021276277,4.95));
#10362=CARTESIAN_POINT('Origin',(130.702684721611,-53.9000021276276,3.8));
#10363=CARTESIAN_POINT('',(130.702684721611,-53.9000021276276,3.8));
#10364=CARTESIAN_POINT('',(116.327757954033,-53.9000021276277,3.8));
#10365=CARTESIAN_POINT('',(130.702684721611,-53.9000021276276,6.1));
#10366=CARTESIAN_POINT('',(130.702684721611,-53.9000021276276,3.8));
#10367=CARTESIAN_POINT('',(127.707643294434,-53.9000021276276,6.1));
#10368=CARTESIAN_POINT('Origin',(114.699003834465,-55.2329389685755,0.));
#10369=CARTESIAN_POINT('',(116.389488734923,-56.5613819674745,6.1));
#10370=CARTESIAN_POINT('Origin',(114.699003834465,-55.2329389685755,6.1));
#10371=CARTESIAN_POINT('',(116.389488734923,-56.5613819674745,3.8));
#10372=CARTESIAN_POINT('',(116.389488734923,-56.5613819674745,0.));
#10373=CARTESIAN_POINT('Origin',(114.699003834465,-55.2329389685755,3.8));
#10374=CARTESIAN_POINT('Origin',(123.765221337822,-73.4544999500591,6.1));
#10375=CARTESIAN_POINT('',(116.389488734923,-60.3406067896772,6.1));
#10376=CARTESIAN_POINT('',(133.035714999593,-56.23303240561,6.1));
#10377=CARTESIAN_POINT('Origin',(130.702684721611,-56.23303240561,6.1));
#10378=CARTESIAN_POINT('',(133.035714999593,-90.6759674945083,6.1));
#10379=CARTESIAN_POINT('',(133.035714999593,-82.0652337222837,6.1));
#10380=CARTESIAN_POINT('',(130.702684721611,-93.0089977724906,6.1));
#10381=CARTESIAN_POINT('Origin',(130.702684721611,-90.6759674945083,6.1));
#10382=CARTESIAN_POINT('',(116.827757954033,-93.0089977724906,6.1));
#10383=CARTESIAN_POINT('',(120.770179910646,-93.0089977724906,6.1));
#10384=CARTESIAN_POINT('Origin',(116.827757954033,-90.6759674945083,6.1));
#10385=CARTESIAN_POINT('',(128.958879642372,-61.721399672174,6.1));
#10386=CARTESIAN_POINT('',(128.958879642372,-86.321399672174,6.1));
#10387=CARTESIAN_POINT('',(128.958879642372,-80.6379498111166,6.1));
#10388=CARTESIAN_POINT('',(118.558879642372,-61.721399672174,6.1));
#10389=CARTESIAN_POINT('',(127.112050490097,-61.721399672174,6.1));
#10390=CARTESIAN_POINT('',(118.558879642372,-86.321399672174,6.1));
#10391=CARTESIAN_POINT('',(118.558879642372,-66.0879498111166,6.1));
#10392=CARTESIAN_POINT('',(120.412050490097,-86.321399672174,6.1));
#10393=CARTESIAN_POINT('Origin',(116.389488734923,-59.8156876578151,3.8));
#10394=CARTESIAN_POINT('',(116.389488734923,-59.815687657815,3.8));
#10395=CARTESIAN_POINT('Origin',(78.7591744264895,-135.873454368572,0.));
#10396=CARTESIAN_POINT('',(78.7591744264895,-130.40739703528,2.7));
#10397=CARTESIAN_POINT('',(78.7591744264895,-128.500001884997,2.7));
#10398=CARTESIAN_POINT('',(78.7591744264895,-131.249563718993,2.7));
#10399=CARTESIAN_POINT('',(78.7591744264895,-130.40739703528,0.));
#10400=CARTESIAN_POINT('',(78.7591744264895,-131.411152411002,3.11546231092466));
#10401=CARTESIAN_POINT('',(78.7591744264895,-131.411152411002,0.85));
#10402=CARTESIAN_POINT('',(78.7591744264895,-131.411819407769,1.87886433762201));
#10403=CARTESIAN_POINT('',(78.7591744264895,-131.411819407769,1.87886433762201));
#10404=CARTESIAN_POINT('',(78.7591744264895,-131.411919681135,1.69298194790356));
#10405=CARTESIAN_POINT('',(78.7591744264895,-131.411919681135,1.69298194790356));
#10406=CARTESIAN_POINT('',(78.7591744264895,-131.412185630327,1.1999999999999));
#10407=CARTESIAN_POINT('',(78.7591744264895,-131.412185630327,1.1999999999999));
#10408=CARTESIAN_POINT('',(78.7591744264895,-132.577128635134,1.2));
#10409=CARTESIAN_POINT('',(78.7591744264895,-115.232638392892,1.2));
#10410=CARTESIAN_POINT('',(78.7591744259111,-132.577128635179,2.91393682555408));
#10411=CARTESIAN_POINT('',(78.7591744264895,-132.577128635134,-1.9));
#10412=CARTESIAN_POINT('',(78.7591744252789,-131.572656394545,3.91560976836469));
#10413=CARTESIAN_POINT('Ctrl Pts',(78.7591744264895,-131.572656394545,3.915609768402));
#10414=CARTESIAN_POINT('Ctrl Pts',(78.7591744264895,-131.70697500045,3.91560974872801));
#10415=CARTESIAN_POINT('Ctrl Pts',(78.7591744264895,-131.841379192907,3.88766752235177));
#10416=CARTESIAN_POINT('Ctrl Pts',(78.7591744264895,-132.066873098293,3.79253060834684));
#10417=CARTESIAN_POINT('Ctrl Pts',(78.7591744264895,-132.178668353484,3.72645429866215));
#10418=CARTESIAN_POINT('Ctrl Pts',(78.7591744264895,-132.372485724494,3.53083266309943));
#10419=CARTESIAN_POINT('Ctrl Pts',(78.7591744264895,-132.44498946222,3.42213072734918));
#10420=CARTESIAN_POINT('Ctrl Pts',(78.7591744264895,-132.521875218329,3.24273351496764));
#10421=CARTESIAN_POINT('Ctrl Pts',(78.7591744264895,-132.542284120185,3.17865242438957));
#10422=CARTESIAN_POINT('Ctrl Pts',(78.7591744264895,-132.569921162879,3.04768318055275));
#10423=CARTESIAN_POINT('Ctrl Pts',(78.7591744264895,-132.577128635134,2.98087371303629));
#10424=CARTESIAN_POINT('Ctrl Pts',(78.7591744264895,-132.577128635134,2.91393682559297));
#10425=CARTESIAN_POINT('',(78.7591744264895,-129.233178625711,3.91560976840277));
#10426=CARTESIAN_POINT('',(78.7591744264895,-129.233178625711,3.91560976840199));
#10427=CARTESIAN_POINT('',(78.7591744264895,-128.500001884997,3.91560976840199));
#10428=CARTESIAN_POINT('',(78.7591744264895,-127.941292294701,3.91560976840199));
#10429=CARTESIAN_POINT('',(78.7591744264895,-128.500001884997,0.));
#10430=CARTESIAN_POINT('Origin',(58.7591744264895,-128.500001884997,0.));
#10431=CARTESIAN_POINT('',(58.7591744264895,-126.500001884997,2.7));
#10432=CARTESIAN_POINT('',(56.7591744264896,-128.500001884997,2.7));
#10433=CARTESIAN_POINT('Origin',(58.7591744264895,-128.500001884997,2.7));
#10434=CARTESIAN_POINT('',(58.7591744264895,-126.500001884997,3.53159015024753));
#10435=CARTESIAN_POINT('',(58.7591744264895,-126.500001884997,0.));
#10436=CARTESIAN_POINT('',(56.7591744264896,-128.500001884997,3.49318818843207));
#10437=CARTESIAN_POINT('Origin',(58.7591744264895,-128.500001884997,3.53159015024752));
#10438=CARTESIAN_POINT('',(56.7591744264896,-128.500001884997,0.));
#10439=CARTESIAN_POINT('Origin',(76.7591744264895,-126.500001884997,0.));
#10440=CARTESIAN_POINT('',(76.7591744264895,-126.500001884997,2.7));
#10441=CARTESIAN_POINT('',(72.2510090022412,-126.500001884997,2.7));
#10442=CARTESIAN_POINT('',(76.7591744264895,-126.500001884997,3.87720780658656));
#10443=CARTESIAN_POINT('',(76.7591744264895,-126.500001884997,0.));
#10444=CARTESIAN_POINT('',(70.7789271851321,-126.500001884997,3.76238119348179));
#10445=CARTESIAN_POINT('Origin',(56.7591744264896,-128.500001884997,0.));
#10446=CARTESIAN_POINT('',(56.7591744264896,-132.217821379249,2.7));
#10447=CARTESIAN_POINT('',(56.7591744264896,-127.562837477205,2.7));
#10448=CARTESIAN_POINT('',(56.7591744264896,-133.418112950653,3.49318818843205));
#10449=CARTESIAN_POINT('',(56.7591744264896,-124.254566052913,3.4931881884321));
#10450=CARTESIAN_POINT('',(56.7591744264715,-134.419865535047,2.49218059587277));
#10451=CARTESIAN_POINT('Ctrl Pts',(56.7591744264896,-134.419865534201,2.49218059587277));
#10452=CARTESIAN_POINT('Ctrl Pts',(56.7591744264896,-134.419865524111,2.55919408670241));
#10453=CARTESIAN_POINT('Ctrl Pts',(56.7591744264896,-134.412657116549,2.62608243422581));
#10454=CARTESIAN_POINT('Ctrl Pts',(56.7591744264896,-134.385004457912,2.75722535985691));
#10455=CARTESIAN_POINT('Ctrl Pts',(56.7591744264896,-134.364576045324,2.8214040441301));
#10456=CARTESIAN_POINT('Ctrl Pts',(56.7591744264896,-134.28778200478,3.00062060758448));
#10457=CARTESIAN_POINT('Ctrl Pts',(56.7591744224801,-134.21551313459,3.10910274769496));
#10458=CARTESIAN_POINT('Ctrl Pts',(56.7591744224801,-134.022199327814,3.30445412339168));
#10459=CARTESIAN_POINT('Ctrl Pts',(56.7591744264896,-133.910659563522,3.37043289183312));
#10460=CARTESIAN_POINT('Ctrl Pts',(56.7591744264896,-133.685871287756,3.46533114966139));
#10461=CARTESIAN_POINT('Ctrl Pts',(56.7591744264896,-133.551961038192,3.49318818843238));
#10462=CARTESIAN_POINT('Ctrl Pts',(56.7591744264896,-133.418112950653,3.49318818843238));
#10463=CARTESIAN_POINT('',(56.7591744264896,-134.419865535469,1.2));
#10464=CARTESIAN_POINT('',(56.7591744264896,-134.419865535469,1.2));
#10465=CARTESIAN_POINT('',(56.7591744264896,-133.218755308672,1.2));
#10466=CARTESIAN_POINT('',(56.7591744264896,-111.545912151104,1.2));
#10467=CARTESIAN_POINT('',(56.7591744264896,-133.218755308672,1.2));
#10468=CARTESIAN_POINT('',(56.7591744264896,-132.217821379249,0.));
#10469=CARTESIAN_POINT('Origin',(76.7591744264896,-128.500001884997,0.));
#10470=CARTESIAN_POINT('Origin',(76.7591744264896,-128.500001884997,2.7));
#10471=CARTESIAN_POINT('Origin',(76.7591744264896,-128.500001884997,3.87720780658654));
#10472=CARTESIAN_POINT('Ctrl Pts',(80.1757492920004,-131.27295619681,1.88850424382643));
#10473=CARTESIAN_POINT('Ctrl Pts',(79.7035576701634,-131.319243933796,1.88529094175829));
#10474=CARTESIAN_POINT('Ctrl Pts',(79.2313660483265,-131.365531670783,1.88207763969015));
#10475=CARTESIAN_POINT('Ctrl Pts',(78.7591744264895,-131.411819407769,1.87886433762201));
#10476=CARTESIAN_POINT('Ctrl Pts',(80.1745512458364,-131.273034118824,1.95133899178361));
#10477=CARTESIAN_POINT('Ctrl Pts',(79.7023654145791,-131.319323333616,1.94783245138507));
#10478=CARTESIAN_POINT('Ctrl Pts',(79.2301795801623,-131.365612506603,1.94432583964132));
#10479=CARTESIAN_POINT('Ctrl Pts',(78.7579937489051,-131.411901721396,1.94081929924277));
#10480=CARTESIAN_POINT('Ctrl Pts',(80.1598135489876,-131.273993473517,2.7243015978662));
#10481=CARTESIAN_POINT('Ctrl Pts',(79.6876989278364,-131.320300649753,2.71718773999003));
#10482=CARTESIAN_POINT('Ctrl Pts',(79.2155843020399,-131.366607764565,2.71007377744569));
#10483=CARTESIAN_POINT('Ctrl Pts',(78.7434696808887,-131.412914940801,2.70295991956952));
#10484=CARTESIAN_POINT('Ctrl Pts',(80.1518457555032,-131.274513308987,3.1422029665254));
#10485=CARTESIAN_POINT('Ctrl Pts',(79.6797696263006,-131.320830093884,3.13313864178135));
#10486=CARTESIAN_POINT('Ctrl Pts',(79.2076934970979,-131.36714687878,3.1240743170373));
#10487=CARTESIAN_POINT('Ctrl Pts',(78.7356173678953,-131.413463663676,3.11500999229326));
#10488=CARTESIAN_POINT('',(80.1518457555032,-131.274513308987,3.14220296652379));
#10489=CARTESIAN_POINT('',(76.1827404617894,-131.663933965418,3.06599225155844));
#10490=CARTESIAN_POINT('',(80.1757492920003,-131.27295619681,1.88850424382699));
#10491=CARTESIAN_POINT('',(80.1757492920004,-131.27295619681,1.88850424382643));
#10492=CARTESIAN_POINT('',(80.1757492920004,-131.27295619681,1.88850424382643));
#10493=CARTESIAN_POINT('Origin',(70.2009383871499,-132.250826254274,1.7));
#10494=CARTESIAN_POINT('',(80.1518457555032,-131.274513308987,1.7));
#10495=CARTESIAN_POINT('Origin',(70.1351228589124,-131.252383383083,0.));
#10496=CARTESIAN_POINT('',(79.5325721122222,-130.331619370832,2.7));
#10497=CARTESIAN_POINT('',(80.0913635633727,-130.276868869424,2.7));
#10498=CARTESIAN_POINT('',(79.5325721122222,-130.331619370832,0.));
#10499=CARTESIAN_POINT('Origin',(67.7428435779929,-126.625673069413,2.7));
#10500=CARTESIAN_POINT('',(55.9531150437637,-132.251344350687,2.7));
#10501=CARTESIAN_POINT('Origin',(46.6660481072705,100.763655998469,2.7));
#10502=CARTESIAN_POINT('',(55.9531150437637,-121.000001788139,2.7));
#10503=CARTESIAN_POINT('',(55.9531150437637,-133.289680917692,2.7));
#10504=CARTESIAN_POINT('',(79.5325721122222,-121.000001788139,2.7));
#10505=CARTESIAN_POINT('',(55.9531150437637,-121.000001788139,2.7));
#10506=CARTESIAN_POINT('',(79.5325721122222,-121.000001788139,2.7));
#10507=CARTESIAN_POINT('Origin',(46.6660481072705,100.763655998469,0.));
#10508=CARTESIAN_POINT('',(55.9531150437637,-132.251344350687,0.));
#10509=CARTESIAN_POINT('Origin',(46.6660481072705,100.763655998469,1.2));
#10510=CARTESIAN_POINT('',(46.6660481278306,-133.436344001531,1.2));
#10511=CARTESIAN_POINT('Origin',(46.6660481072705,100.763655998469,1.2));
#10512=CARTESIAN_POINT('',(46.6660481278306,-133.436344001531,1.2));
#10513=CARTESIAN_POINT('Origin',(78.614285398632,-94.591822417212,1.2));
#10514=CARTESIAN_POINT('',(98.5881964906093,-52.4825922465694,1.2));
#10515=CARTESIAN_POINT('',(101.906583508344,-71.2868913793021,1.2));
#10516=CARTESIAN_POINT('',(96.2247182635882,-50.4996769999974,1.2));
#10517=CARTESIAN_POINT('Origin',(96.224712227345,-52.8996814263601,1.2));
#10518=CARTESIAN_POINT('',(81.2382693655787,-50.499677,1.2));
#10519=CARTESIAN_POINT('',(87.4195018311063,-50.4996769999989,1.2));
#10520=CARTESIAN_POINT('',(81.0881939726806,-49.6492449782262,1.2));
#10521=CARTESIAN_POINT('',(84.9132907145007,-71.324915404984,1.2));
#10522=CARTESIAN_POINT('',(78.7247298263098,-47.6663439999957,1.2));
#10523=CARTESIAN_POINT('Origin',(78.724669911037,-50.06639886412,1.2));
#10524=CARTESIAN_POINT('',(61.4811584531034,-47.666344,1.2));
#10525=CARTESIAN_POINT('',(78.6695076124651,-47.6663439999958,1.2));
#10526=CARTESIAN_POINT('',(59.2056159737092,-49.3035016871713,1.2));
#10527=CARTESIAN_POINT('Origin',(61.481137191629,-50.0663211577,1.2));
#10528=CARTESIAN_POINT('',(58.7282328812712,-52.0108705114514,1.2));
#10529=CARTESIAN_POINT('',(55.6306598299168,-69.5780463143004,1.2));
#10530=CARTESIAN_POINT('',(57.1525939808184,-53.3330100009909,1.2));
#10531=CARTESIAN_POINT('Origin',(57.152622151722,-51.73310241344,1.2));
#10532=CARTESIAN_POINT('',(24.1197698780516,-53.3330100007239,1.2));
#10533=CARTESIAN_POINT('',(67.8834396903441,-53.3330100013129,1.2));
#10534=CARTESIAN_POINT('',(21.7198133538779,-55.7352092150673,1.2));
#10535=CARTESIAN_POINT('Origin',(24.119974086063,-55.73317528596,1.2));
#10536=CARTESIAN_POINT('',(21.7382151215778,-77.4460559995496,1.2));
#10537=CARTESIAN_POINT('',(21.7363041970566,-75.1910486530044,1.2));
#10538=CARTESIAN_POINT('',(20.5522735245525,-78.9929328338673,1.2));
#10539=CARTESIAN_POINT('Origin',(20.138103449572,-77.44735132802,1.2));
#10540=CARTESIAN_POINT('',(16.6265663411208,-80.044823412006,1.2));
#10541=CARTESIAN_POINT('',(45.6887070434442,-72.2576425151895,1.2));
#10542=CARTESIAN_POINT('',(14.9280412498466,-83.0360998536674,1.2));
#10543=CARTESIAN_POINT('Origin',(17.240279040123,-82.3711772853,1.2));
#10544=CARTESIAN_POINT('',(21.6698762887433,-108.196968321569,1.2));
#10545=CARTESIAN_POINT('',(18.5064669897632,-96.3909652352531,1.2));
#10546=CARTESIAN_POINT('',(21.724388032373,-108.611445811335,1.2));
#10547=CARTESIAN_POINT('Origin',(20.1250427365419,-108.6109669921,1.2));
#10548=CARTESIAN_POINT('',(21.718120983969,-131.036384593713,1.2));
#10549=CARTESIAN_POINT('',(21.7263492739439,-101.593685201156,1.2));
#10550=CARTESIAN_POINT('',(24.1181362999231,-133.436344003511,1.2));
#10551=CARTESIAN_POINT('Origin',(24.118070001319,-131.0363949986,1.2));
#10552=CARTESIAN_POINT('',(51.3662108509826,-133.436344001119,1.2));
#10553=CARTESIAN_POINT('',(46.6660481279359,-134.636344001531,1.2));
#10554=CARTESIAN_POINT('Origin',(46.6660481072705,100.763655998469,1.2));
#10555=CARTESIAN_POINT('',(24.1181445874595,-134.636344000061,1.2));
#10556=CARTESIAN_POINT('',(24.1181445874596,-134.636344003425,1.2));
#10557=CARTESIAN_POINT('',(20.5181210198964,-131.036049231777,1.2));
#10558=CARTESIAN_POINT('Origin',(24.118070001319,-131.0363949986,1.2));
#10559=CARTESIAN_POINT('',(20.5243733551629,-108.663796468047,1.2));
#10560=CARTESIAN_POINT('',(20.5243733551629,-108.663796468047,1.2));
#10561=CARTESIAN_POINT('',(20.4971363484606,-108.456687252906,1.2));
#10562=CARTESIAN_POINT('Origin',(19.7250280185543,-108.663573076371,1.2));
#10563=CARTESIAN_POINT('',(13.7714733592406,-83.3561736887933,1.2));
#10564=CARTESIAN_POINT('',(13.7714733592406,-83.3561736887933,1.2));
#10565=CARTESIAN_POINT('',(16.317998604192,-78.8851724711731,1.2));
#10566=CARTESIAN_POINT('Origin',(17.240279040123,-82.3711772853,1.2));
#10567=CARTESIAN_POINT('',(20.2416905301542,-77.8338218792673,1.2));
#10568=CARTESIAN_POINT('',(20.2416905301542,-77.8338218792673,1.2));
#10569=CARTESIAN_POINT('',(20.5382155505299,-77.4470728956362,1.2));
#10570=CARTESIAN_POINT('Origin',(20.138103449572,-77.44735132802,1.2));
#10571=CARTESIAN_POINT('',(20.5198100862442,-55.7362261142867,1.2));
#10572=CARTESIAN_POINT('',(20.5198100862442,-55.7362261142867,1.2));
#10573=CARTESIAN_POINT('',(24.1197698780875,-52.13301,1.2));
#10574=CARTESIAN_POINT('Origin',(24.119974086063,-55.73317528596,1.2));
#10575=CARTESIAN_POINT('',(57.1525939808545,-52.1330100004948,1.2));
#10576=CARTESIAN_POINT('',(57.1525939808545,-52.1330100004948,1.2));
#10577=CARTESIAN_POINT('',(57.5464636452698,-51.8024923077245,1.2));
#10578=CARTESIAN_POINT('Origin',(57.152622151722,-51.73310241344,1.2));
#10579=CARTESIAN_POINT('',(58.0263854218013,-49.0807259253791,1.2));
#10580=CARTESIAN_POINT('',(58.037814039229,-49.0159111403181,1.2));
#10581=CARTESIAN_POINT('',(58.0612062813102,-48.9420844810791,1.2));
#10582=CARTESIAN_POINT('Origin',(59.0111931174611,-49.2543744283074,1.2));
#10583=CARTESIAN_POINT('',(61.4811584531032,-46.466344,1.2));
#10584=CARTESIAN_POINT('Origin',(61.481137191629,-50.0663211577,1.2));
#10585=CARTESIAN_POINT('',(78.7247298263095,-46.4663439999334,1.2));
#10586=CARTESIAN_POINT('',(78.7247298263095,-46.4663439999334,1.2));
#10587=CARTESIAN_POINT('',(82.1486010773048,-48.9541532089684,1.2));
#10588=CARTESIAN_POINT('Origin',(78.724669911037,-50.06639886412,1.2));
#10589=CARTESIAN_POINT('',(82.6241398253188,-49.2996769999997,1.2));
#10590=CARTESIAN_POINT('Origin',(82.6241398253187,-48.7996769999997,1.2));
#10591=CARTESIAN_POINT('',(96.224718263588,-49.2996769999968,1.2));
#10592=CARTESIAN_POINT('',(96.224718263588,-49.2996769999968,1.2));
#10593=CARTESIAN_POINT('',(99.6486053643069,-51.7874819583974,1.2));
#10594=CARTESIAN_POINT('Origin',(96.224712227345,-52.89968142636,1.2));
#10595=CARTESIAN_POINT('',(100.124145493075,-52.1330099999997,1.2));
#10596=CARTESIAN_POINT('Origin',(100.124145493075,-51.6330099999997,1.2));
#10597=CARTESIAN_POINT('',(131.20268472161,-52.13300999999,1.2));
#10598=CARTESIAN_POINT('',(131.20268472161,-52.13300999999,1.2));
#10599=CARTESIAN_POINT('',(134.802678,-55.7330032783937,1.2));
#10600=CARTESIAN_POINT('Origin',(131.20265559438,-55.73303240561,1.2));
#10601=CARTESIAN_POINT('',(134.802677999865,-95.455097093205,1.2));
#10602=CARTESIAN_POINT('',(134.802677999791,-117.5890615651,1.2));
#10603=CARTESIAN_POINT('',(134.302677999726,-95.9643353351141,1.2));
#10604=CARTESIAN_POINT('Ctrl Pts',(134.302677999726,-95.9643353351141,1.2));
#10605=CARTESIAN_POINT('Ctrl Pts',(134.51635816967,-95.7453771554697,1.2));
#10606=CARTESIAN_POINT('Ctrl Pts',(134.802677999865,-95.455097093205,1.2));
#10607=CARTESIAN_POINT('',(133.602677999864,-95.9643353351141,1.2));
#10608=CARTESIAN_POINT('',(134.402678000186,-95.9643353351141,1.2));
#10609=CARTESIAN_POINT('',(133.602678,-55.7330032783896,1.2));
#10610=CARTESIAN_POINT('',(133.602677999829,-106.120674585027,1.2));
#10611=CARTESIAN_POINT('Origin',(131.20265559438,-55.73303240561,1.2));
#10612=CARTESIAN_POINT('Origin',(79.5325721122222,-130.331619370832,0.));
#10613=CARTESIAN_POINT('',(79.5325721122222,-121.000001788139,0.));
#10614=CARTESIAN_POINT('Origin',(79.5325721122222,-121.000001788139,0.));
#10615=CARTESIAN_POINT('',(55.9531150437637,-121.000001788139,0.));
#10616=CARTESIAN_POINT('Origin',(55.9531150437637,-121.000001788139,0.));
#10617=CARTESIAN_POINT('Origin',(80.0300009466107,-130.291321161261,3.94001088415185));
#10618=CARTESIAN_POINT('',(80.1580161232247,-131.473284103719,3.94246890111471));
#10619=CARTESIAN_POINT('Origin',(87.9175503331344,-250.6417047612,4.09145956937356));
#10620=CARTESIAN_POINT('',(79.9019857699967,-129.109358218803,3.93755286719058));
#10621=CARTESIAN_POINT('',(78.0468360592496,-111.980778086256,3.90193217301288));
#10622=CARTESIAN_POINT('',(79.9019857699967,-129.109358218803,3.93755286719058));
#10623=CARTESIAN_POINT('Origin',(87.936729045738,-250.5975413291,1.2));
#10624=CARTESIAN_POINT('',(110.080539921145,-133.08906902329,1.2));
#10625=CARTESIAN_POINT('',(110.080539921145,-133.08906902329,1.2));
#10626=CARTESIAN_POINT('',(80.1888768177301,-131.272103095737,1.2));
#10627=CARTESIAN_POINT('Origin',(87.936729045738,-250.5975413291,1.2));
#10628=CARTESIAN_POINT('Origin',(87.936729045738,-250.5975413291,271.015624480367));
#10629=CARTESIAN_POINT('Origin',(114.699003834465,-55.2329389685755,1.5));
#10630=CARTESIAN_POINT('',(115.510503834465,-55.2329389685755,0.));
#10631=CARTESIAN_POINT('Origin',(114.699003834465,-55.2329389685755,0.));
#10632=CARTESIAN_POINT('',(115.510503834465,-55.2329389685755,3.));
#10633=CARTESIAN_POINT('',(115.510503834465,-55.2329389685755,1.5));
#10634=CARTESIAN_POINT('Origin',(114.699003834465,-55.2329389685755,3.));
#10635=CARTESIAN_POINT('Origin',(114.699003834465,-55.2329389685755,3.));
#10636=CARTESIAN_POINT('Origin',(114.699003834465,-55.2329389685755,0.));
#10637=CARTESIAN_POINT('Origin',(127.40088899538,-114.000001683832,1.5));
#10638=CARTESIAN_POINT('',(126.40088899538,-113.000001683832,3.8));
#10639=CARTESIAN_POINT('',(126.40088899538,-113.000001683832,1.5));
#10640=CARTESIAN_POINT('',(128.40088899538,-115.000001683831,3.8));
#10641=CARTESIAN_POINT('',(110.151543224219,-96.7506559126696,3.8));
#10642=CARTESIAN_POINT('',(128.40088899538,-115.000001683831,1.5));
#10643=CARTESIAN_POINT('Origin',(128.40088899538,-113.000001683831,1.5));
#10644=CARTESIAN_POINT('',(114.402677999925,-113.000001683836,3.79985254252269));
#10645=CARTESIAN_POINT('',(114.402677999925,-113.000001683836,1.5));
#10646=CARTESIAN_POINT('',(114.410357684522,-113.000001683836,3.8));
#10647=CARTESIAN_POINT('',(103.480895076342,-113.000001683839,3.59014359712866));
#10648=CARTESIAN_POINT('',(103.507587197009,-113.000001683839,3.8));
#10649=CARTESIAN_POINT('Origin',(122.202678,-117.533009999999,1.5));
#10650=CARTESIAN_POINT('',(123.014178,-117.533009999999,0.));
#10651=CARTESIAN_POINT('Origin',(122.202678,-117.533009999999,0.));
#10652=CARTESIAN_POINT('',(123.014178,-117.533009999999,3.));
#10653=CARTESIAN_POINT('',(123.014178,-117.533009999999,1.5));
#10654=CARTESIAN_POINT('Origin',(122.202678,-117.533009999999,3.));
#10655=CARTESIAN_POINT('Origin',(122.202678,-117.533009999999,3.));
#10656=CARTESIAN_POINT('Origin',(122.202678,-117.533009999999,0.));
#10657=CARTESIAN_POINT('',(124.152678,-117.533009999999,0.));
#10658=CARTESIAN_POINT('',(124.152678,-117.533009999999,0.));
#10659=CARTESIAN_POINT('Origin',(122.202678,-117.533009999999,0.));
#10660=CARTESIAN_POINT('Origin',(122.202678,-117.533009999999,0.));
#10661=CARTESIAN_POINT('Origin',(115.889488734797,-52.1330099999883,6.8));
#10662=CARTESIAN_POINT('',(131.20268472161,-52.13300999999,3.6));
#10663=CARTESIAN_POINT('',(115.869488734797,-52.1330099999948,3.6));
#10664=CARTESIAN_POINT('',(104.908485060115,-52.1330099999982,3.6));
#10665=CARTESIAN_POINT('',(131.20268472161,-52.13300999999,1.2));
#10666=CARTESIAN_POINT('',(100.124145493075,-52.1330099999997,3.32565384809939));
#10667=CARTESIAN_POINT('',(100.124145493075,-52.1330099999997,1.2));
#10668=CARTESIAN_POINT('',(114.41227760865,-52.1330099999952,3.60000000285939));
#10669=CARTESIAN_POINT('',(104.882237052833,-52.1330099999982,3.4170138732955));
#10670=CARTESIAN_POINT('',(104.908485060115,-52.1330099999982,3.6));
#10671=CARTESIAN_POINT('Origin',(61.481137191629,-50.0663211577,1.2));
#10672=CARTESIAN_POINT('',(59.2056159737092,-49.3035016871713,1.2));
#10673=CARTESIAN_POINT('',(61.4811584531034,-47.666344,1.2));
#10674=CARTESIAN_POINT('Origin',(78.7247298263098,-47.6663439999957,1.2));
#10675=CARTESIAN_POINT('',(78.7247298263098,-47.6663439999957,1.2));
#10676=CARTESIAN_POINT('Origin',(78.724669911037,-50.06639886412,1.2));
#10677=CARTESIAN_POINT('',(81.0881939726806,-49.6492449782262,1.2));
#10678=CARTESIAN_POINT('Origin',(81.1216278186203,-49.8387045068611,1.2));
#10679=CARTESIAN_POINT('',(81.2382693655787,-50.499677,1.2));
#10680=CARTESIAN_POINT('Origin',(96.2247182635882,-50.4996769999974,1.2));
#10681=CARTESIAN_POINT('',(96.2247182635882,-50.4996769999974,1.2));
#10682=CARTESIAN_POINT('Origin',(96.224712227345,-52.8996814263601,1.2));
#10683=CARTESIAN_POINT('',(98.5881964906093,-52.4825922465694,1.2));
#10684=CARTESIAN_POINT('Origin',(98.6216278186203,-52.6720375068612,1.2));
#10685=CARTESIAN_POINT('Origin',(131.20265559438,-55.73303240561,1.2));
#10686=CARTESIAN_POINT('',(133.602678,-55.7330032783896,3.8));
#10687=CARTESIAN_POINT('',(133.602678,-55.7330032783896,1.2));
#10688=CARTESIAN_POINT('Origin',(131.20265559438,-55.73303240561,3.8));
#10689=CARTESIAN_POINT('Origin',(78.6102032332657,-94.591822417212,3.11260191788799));
#10690=CARTESIAN_POINT('',(114.405485044245,-88.3057901508261,3.79990644052724));
#10691=CARTESIAN_POINT('',(114.410357684514,-87.8021922354329,3.8));
#10692=CARTESIAN_POINT('',(114.371184214221,-91.8508551557566,3.7992478309448));
#10693=CARTESIAN_POINT('',(114.410357684514,-88.3050450539613,3.8));
#10694=CARTESIAN_POINT('',(114.410357684516,-94.5918224172008,3.8));
#10695=CARTESIAN_POINT('Origin',(114.702678,-90.23301,3.80561283679658));
#10696=CARTESIAN_POINT('Origin',(41.0910364805341,-113.742283724023,4.6));
#10697=CARTESIAN_POINT('',(42.4787392631684,-113.370449884082,3.21898982550725));
#10698=CARTESIAN_POINT('',(42.4787392631684,-113.370449884082,1.7));
#10699=CARTESIAN_POINT('',(40.7192026405935,-112.354580941389,3.18520499641076));
#10700=CARTESIAN_POINT('Origin',(41.0910364805341,-113.742283724023,3.19234457087229));
#10701=CARTESIAN_POINT('',(40.7192026405936,-112.354580941389,1.7));
#10702=CARTESIAN_POINT('Origin',(42.4787392631684,-113.370449884082,4.6));
#10703=CARTESIAN_POINT('',(45.946914467535,-126.313855956358,3.28558219139086));
#10704=CARTESIAN_POINT('',(45.946914467535,-126.313855956358,1.7));
#10705=CARTESIAN_POINT('',(41.3424331903544,-109.129697887383,3.19717163429785));
#10706=CARTESIAN_POINT('Origin',(44.5592116849016,-126.685689796298,4.6));
#10707=CARTESIAN_POINT('',(44.9310455248419,-128.073392578931,3.26607651121745));
#10708=CARTESIAN_POINT('',(44.9310455248419,-128.073392578931,1.7));
#10709=CARTESIAN_POINT('Origin',(44.5592116849016,-126.685689796298,3.25893693675592));
#10710=CARTESIAN_POINT('Origin',(44.9310455248419,-128.073392578931,4.6));
#10711=CARTESIAN_POINT('',(31.9876394525669,-131.5415677833,3.01755041834276));
#10712=CARTESIAN_POINT('',(31.9876394525669,-131.5415677833,4.6));
#10713=CARTESIAN_POINT('',(64.8315111083341,-122.741078896842,3.64818497094092));
#10714=CARTESIAN_POINT('Origin',(31.6158056126264,-130.153865000666,4.6));
#10715=CARTESIAN_POINT('',(30.2281028299921,-130.525698840606,2.98376558924627));
#10716=CARTESIAN_POINT('',(30.2281028299921,-130.525698840606,1.7));
#10717=CARTESIAN_POINT('Origin',(31.6158056126264,-130.153865000666,3.01041084388123));
#10718=CARTESIAN_POINT('Origin',(30.2281028299921,-130.525698840606,4.6));
#10719=CARTESIAN_POINT('',(26.7599276256251,-117.582292768331,2.91717322336266));
#10720=CARTESIAN_POINT('',(26.7599276256251,-117.582292768331,1.7));
#10721=CARTESIAN_POINT('',(27.3580545232903,-119.814532739798,2.92865784650511));
#10722=CARTESIAN_POINT('Origin',(28.1476304082588,-117.21045892839,4.6));
#10723=CARTESIAN_POINT('',(27.7757965683183,-115.822756145757,2.93667890353607));
#10724=CARTESIAN_POINT('',(27.7757965683183,-115.822756145757,1.7));
#10725=CARTESIAN_POINT('Origin',(28.1476304082588,-117.21045892839,2.9438184779976));
#10726=CARTESIAN_POINT('Origin',(27.7757965683183,-115.822756145757,4.6));
#10727=CARTESIAN_POINT('',(54.1516388605176,-108.755370503885,3.44312094781376));
#10728=CARTESIAN_POINT('Origin',(94.4012303518845,-67.7827825732318,4.6));
#10729=CARTESIAN_POINT('',(94.4012303518831,-69.2194382095808,4.21595258558337));
#10730=CARTESIAN_POINT('',(94.4012303518831,-69.2194382095808,1.7));
#10731=CARTESIAN_POINT('',(95.8378859882335,-67.7827825732332,4.24353778302792));
#10732=CARTESIAN_POINT('Origin',(94.4012303518845,-67.7827825732318,4.21595258558341));
#10733=CARTESIAN_POINT('',(95.8378859882344,-67.7827825732332,1.7));
#10734=CARTESIAN_POINT('Origin',(94.4012303518831,-69.2194382095808,4.6));
#10735=CARTESIAN_POINT('',(81.0012303518831,-69.2194382095688,3.95865944141988));
#10736=CARTESIAN_POINT('',(81.0012303518831,-69.2194382095688,1.7));
#10737=CARTESIAN_POINT('',(86.501723500333,-69.2194382095732,4.06427430534633));
#10738=CARTESIAN_POINT('Origin',(81.0012303518845,-67.7827825732189,4.6));
#10739=CARTESIAN_POINT('',(79.5645747155346,-67.7827825732175,3.93107424397539));
#10740=CARTESIAN_POINT('',(79.5645747155346,-67.7827825732175,1.7));
#10741=CARTESIAN_POINT('Origin',(81.0012303518845,-67.7827825732189,3.95865944141991));
#10742=CARTESIAN_POINT('Origin',(79.5645747155346,-67.7827825732175,4.6));
#10743=CARTESIAN_POINT('',(79.5645747155481,-54.3827825732175,3.93107424397573));
#10744=CARTESIAN_POINT('',(79.5645747155481,-54.3827825732175,4.6));
#10745=CARTESIAN_POINT('',(79.5645747155217,-81.1873024952152,3.93107424397506));
#10746=CARTESIAN_POINT('Origin',(81.0012303518974,-54.3827825732189,4.6));
#10747=CARTESIAN_POINT('',(81.0012303518986,-52.9461269368696,3.95865944142028));
#10748=CARTESIAN_POINT('',(81.0012303518986,-52.9461269368696,1.7));
#10749=CARTESIAN_POINT('Origin',(81.0012303518974,-54.3827825732189,3.95865944142024));
#10750=CARTESIAN_POINT('Origin',(81.0012303518986,-52.9461269368696,4.6));
#10751=CARTESIAN_POINT('',(94.4012303518988,-52.946126936882,4.21595258558377));
#10752=CARTESIAN_POINT('',(94.4012303518988,-52.946126936882,1.7));
#10753=CARTESIAN_POINT('',(79.8041927303731,-52.9461269368685,3.93567514490354));
#10754=CARTESIAN_POINT('Origin',(94.4012303518974,-54.3827825732318,4.6));
#10755=CARTESIAN_POINT('',(95.8378859882473,-54.3827825732332,4.24353778302827));
#10756=CARTESIAN_POINT('',(95.8378859882473,-54.3827825732332,1.7));
#10757=CARTESIAN_POINT('Origin',(94.4012303518974,-54.3827825732318,4.21595258558374));
#10758=CARTESIAN_POINT('Origin',(95.8378859882473,-54.3827825732332,4.6));
#10759=CARTESIAN_POINT('',(95.8378859882279,-74.4873024952309,4.24353778302777));
#10760=CARTESIAN_POINT('Origin',(57.8691240695772,-93.2255418589775,4.6));
#10761=CARTESIAN_POINT('',(59.3003127974928,-93.1003290699202,3.5419805377778));
#10762=CARTESIAN_POINT('',(59.3003127974928,-93.1003290699202,1.7));
#10763=CARTESIAN_POINT('',(57.74391128052,-91.7943531310619,3.51209610196567));
#10764=CARTESIAN_POINT('Origin',(57.8691240695772,-93.2255418589775,3.51450031033775));
#10765=CARTESIAN_POINT('',(57.74391128052,-91.7943531310626,1.7));
#10766=CARTESIAN_POINT('Origin',(59.3003127974928,-93.1003290699202,4.6));
#10767=CARTESIAN_POINT('',(60.4681997502975,-106.449338024351,3.56440511286091));
#10768=CARTESIAN_POINT('',(60.4681997502975,-106.449338024351,1.7));
#10769=CARTESIAN_POINT('',(59.4384471868673,-94.6792123652983,3.54463285355087));
#10770=CARTESIAN_POINT('Origin',(59.0370110223828,-106.574550813408,4.6));
#10771=CARTESIAN_POINT('',(59.1622238114398,-108.005739541323,3.53932909379294));
#10772=CARTESIAN_POINT('',(59.1622238114398,-108.005739541323,1.7));
#10773=CARTESIAN_POINT('Origin',(59.0370110223828,-106.574550813408,3.53692488542087));
#10774=CARTESIAN_POINT('Origin',(59.1622238114398,-108.005739541323,4.6));
#10775=CARTESIAN_POINT('',(45.8132148570094,-109.173626494129,3.28301502772189));
#10776=CARTESIAN_POINT('',(45.8132148570094,-109.173626494129,4.6));
#10777=CARTESIAN_POINT('',(69.396969741433,-107.11031529839,3.73584625499015));
#10778=CARTESIAN_POINT('Origin',(45.6880020679521,-107.742437766213,4.6));
#10779=CARTESIAN_POINT('',(44.2568133400366,-107.867650555271,3.25313059190975));
#10780=CARTESIAN_POINT('',(44.2568133400366,-107.867650555271,1.7));
#10781=CARTESIAN_POINT('Origin',(45.6880020679521,-107.742437766213,3.28061081934981));
#10782=CARTESIAN_POINT('Origin',(44.2568133400366,-107.867650555271,4.6));
#10783=CARTESIAN_POINT('',(43.0889263872317,-94.5186416008402,3.23070601682665));
#10784=CARTESIAN_POINT('',(43.0889263872317,-94.5186416008402,1.7));
#10785=CARTESIAN_POINT('',(43.8110480178693,-102.772529608084,3.24457146046952));
#10786=CARTESIAN_POINT('Origin',(44.5201151151467,-94.393428811783,4.6));
#10787=CARTESIAN_POINT('',(44.3949023260895,-92.962240083868,3.25578203589461));
#10788=CARTESIAN_POINT('',(44.3949023260895,-92.962240083868,1.7));
#10789=CARTESIAN_POINT('Origin',(44.5201151151467,-94.393428811783,3.25818624426669));
#10790=CARTESIAN_POINT('Origin',(44.3949023260895,-92.962240083868,4.6));
#10791=CARTESIAN_POINT('',(61.3071126271362,-91.4826134073769,3.58051306299242));
#10792=CARTESIAN_POINT('Origin',(111.901230351897,-74.7161165732318,4.6));
#10793=CARTESIAN_POINT('',(113.337885988247,-74.7161165732332,4.57955494891331));
#10794=CARTESIAN_POINT('',(113.337885988247,-74.7161165732332,1.7));
#10795=CARTESIAN_POINT('',(111.901230351899,-73.279460936882,4.55196975146881));
#10796=CARTESIAN_POINT('Origin',(111.901230351897,-74.7161165732318,4.55196975146878));
#10797=CARTESIAN_POINT('',(111.901230351899,-73.2794609368826,1.7));
#10798=CARTESIAN_POINT('Origin',(113.337885988247,-74.7161165732332,4.6));
#10799=CARTESIAN_POINT('',(113.337885988234,-88.1161165732332,4.57955494891296));
#10800=CARTESIAN_POINT('',(113.337885988234,-88.1161165732332,1.7));
#10801=CARTESIAN_POINT('',(113.337885988238,-84.6539694952393,4.57955494891306));
#10802=CARTESIAN_POINT('Origin',(111.901230351885,-88.1161165732318,4.6));
#10803=CARTESIAN_POINT('',(111.901230351883,-89.5527722095808,4.55196975146841));
#10804=CARTESIAN_POINT('',(111.901230351883,-89.5527722095808,1.7));
#10805=CARTESIAN_POINT('Origin',(111.901230351885,-88.1161165732318,4.55196975146845));
#10806=CARTESIAN_POINT('Origin',(111.901230351883,-89.5527722095808,4.6));
#10807=CARTESIAN_POINT('',(98.5012303518831,-89.5527722095688,4.29467660730492));
#10808=CARTESIAN_POINT('',(98.5012303518831,-89.5527722095688,4.6));
#10809=CARTESIAN_POINT('',(95.2484987596197,-89.5527722095649,4.23222097010392));
#10810=CARTESIAN_POINT('Origin',(98.5012303518845,-88.1161165732189,4.6));
#10811=CARTESIAN_POINT('',(97.0645747155346,-88.1161165732176,4.26709140986043));
#10812=CARTESIAN_POINT('',(97.0645747155346,-88.1161165732176,1.7));
#10813=CARTESIAN_POINT('Origin',(98.5012303518845,-88.1161165732189,4.29467660730495));
#10814=CARTESIAN_POINT('Origin',(97.0645747155346,-88.1161165732176,4.6));
#10815=CARTESIAN_POINT('',(97.0645747155481,-74.7161165732175,4.26709140986077));
#10816=CARTESIAN_POINT('',(97.0645747155481,-74.7161165732175,1.7));
#10817=CARTESIAN_POINT('',(97.0645747155315,-91.3539694952237,4.26709140986035));
#10818=CARTESIAN_POINT('Origin',(98.5012303518974,-74.7161165732189,4.6));
#10819=CARTESIAN_POINT('',(98.5012303518986,-73.2794609368696,4.29467660730531));
#10820=CARTESIAN_POINT('',(98.5012303518986,-73.2794609368696,1.7));
#10821=CARTESIAN_POINT('Origin',(98.5012303518974,-74.7161165732189,4.29467660730528));
#10822=CARTESIAN_POINT('Origin',(98.5012303518986,-73.2794609368696,4.6));
#10823=CARTESIAN_POINT('',(88.5509679896597,-73.27946093686,4.10362180966113));
#10824=CARTESIAN_POINT('Origin',(119.056463190648,-117.322563807506,4.6));
#10825=CARTESIAN_POINT('',(116.270446533674,-130.429741657335,4.6));
#10826=CARTESIAN_POINT('',(116.270446533674,-130.429741657335,1.5));
#10827=CARTESIAN_POINT('',(119.056463190648,-117.322563807506,4.6));
#10828=CARTESIAN_POINT('',(120.493717059342,-110.560815981921,4.6));
#10829=CARTESIAN_POINT('',(119.056463190648,-117.322563807506,1.5));
#10830=CARTESIAN_POINT('Origin',(114.865185269899,-130.131044154857,4.6));
#10831=CARTESIAN_POINT('',(114.566487767421,-131.536305418633,4.6));
#10832=CARTESIAN_POINT('',(114.566487767421,-131.536305418633,1.5));
#10833=CARTESIAN_POINT('Origin',(114.865185269899,-130.131044154857,4.6));
#10834=CARTESIAN_POINT('Origin',(114.566487767421,-131.536305418633,4.6));
#10835=CARTESIAN_POINT('',(101.459309917591,-128.75028876166,4.35147463656937));
#10836=CARTESIAN_POINT('',(101.459309917591,-128.75028876166,4.6));
#10837=CARTESIAN_POINT('',(114.402677999931,-131.501486577687,4.6));
#10838=CARTESIAN_POINT('',(93.6024973770122,-127.080271702339,4.20061612898216));
#10839=CARTESIAN_POINT('',(93.6107756346069,-127.082031300309,4.6));
#10840=CARTESIAN_POINT('Origin',(101.758007420069,-127.345027497884,4.6));
#10841=CARTESIAN_POINT('',(100.352746156293,-127.046329995406,4.33022752691552));
#10842=CARTESIAN_POINT('',(100.352746156293,-127.046329995406,1.5));
#10843=CARTESIAN_POINT('Origin',(101.758007420069,-127.345027497884,4.35720992161164));
#10844=CARTESIAN_POINT('Origin',(94.4012303518974,-71.8827825732319,4.6));
#10845=CARTESIAN_POINT('',(95.8378859882473,-71.8827825732332,4.24353778302816));
#10846=CARTESIAN_POINT('',(95.8378859882473,-71.8827825732332,1.7));
#10847=CARTESIAN_POINT('',(94.4012303518988,-70.446126936882,4.21595258558367));
#10848=CARTESIAN_POINT('Origin',(94.4012303518974,-71.8827825732319,4.21595258558363));
#10849=CARTESIAN_POINT('',(94.4012303518988,-70.4461269368826,1.7));
#10850=CARTESIAN_POINT('Origin',(95.8378859882473,-71.8827825732332,4.6));
#10851=CARTESIAN_POINT('',(95.8378859882335,-85.2827825732332,4.24353778302781));
#10852=CARTESIAN_POINT('',(95.8378859882335,-85.2827825732332,1.7));
#10853=CARTESIAN_POINT('',(95.8378859882364,-83.2373024952309,4.24353778302788));
#10854=CARTESIAN_POINT('Origin',(94.4012303518845,-85.2827825732318,4.6));
#10855=CARTESIAN_POINT('',(94.4012303518831,-86.7194382095808,4.21595258558327));
#10856=CARTESIAN_POINT('',(94.4012303518831,-86.7194382095808,1.7));
#10857=CARTESIAN_POINT('Origin',(94.4012303518845,-85.2827825732318,4.2159525855833));
#10858=CARTESIAN_POINT('Origin',(94.4012303518831,-86.7194382095808,4.6));
#10859=CARTESIAN_POINT('',(81.0012303518831,-86.7194382095688,3.95865944141977));
#10860=CARTESIAN_POINT('',(81.0012303518831,-86.7194382095688,4.6));
#10861=CARTESIAN_POINT('',(86.5017235003246,-86.7194382095733,4.06427430534606));
#10862=CARTESIAN_POINT('Origin',(81.0012303518845,-85.2827825732189,4.6));
#10863=CARTESIAN_POINT('',(79.5645747155346,-85.2827825732176,3.93107424397528));
#10864=CARTESIAN_POINT('',(79.5645747155346,-85.2827825732176,1.7));
#10865=CARTESIAN_POINT('Origin',(81.0012303518845,-85.2827825732189,3.95865944141981));
#10866=CARTESIAN_POINT('Origin',(79.5645747155346,-85.2827825732176,4.6));
#10867=CARTESIAN_POINT('',(79.5645747155481,-71.8827825732175,3.93107424397562));
#10868=CARTESIAN_POINT('',(79.5645747155481,-71.8827825732175,1.7));
#10869=CARTESIAN_POINT('',(79.5645747155301,-89.9373024952152,3.93107424397517));
#10870=CARTESIAN_POINT('Origin',(81.0012303518974,-71.8827825732189,4.6));
#10871=CARTESIAN_POINT('',(81.0012303518986,-70.4461269368696,3.95865944142017));
#10872=CARTESIAN_POINT('',(81.0012303518986,-70.4461269368696,1.7));
#10873=CARTESIAN_POINT('Origin',(81.0012303518974,-71.8827825732189,3.95865944142014));
#10874=CARTESIAN_POINT('Origin',(81.0012303518986,-70.4461269368696,4.6));
#10875=CARTESIAN_POINT('',(79.8041927303646,-70.4461269368685,3.93567514490327));
#10876=CARTESIAN_POINT('Origin',(76.9012303518974,-86.5494495732319,4.6));
#10877=CARTESIAN_POINT('',(78.3378859882473,-86.5494495732332,3.90752061714291));
#10878=CARTESIAN_POINT('',(78.3378859882473,-86.5494495732332,1.7));
#10879=CARTESIAN_POINT('',(76.9012303518987,-85.112793936882,3.87993541969842));
#10880=CARTESIAN_POINT('Origin',(76.9012303518974,-86.5494495732319,3.87993541969838));
#10881=CARTESIAN_POINT('',(76.9012303518987,-85.1127939368826,1.7));
#10882=CARTESIAN_POINT('Origin',(78.3378859882473,-86.5494495732332,4.6));
#10883=CARTESIAN_POINT('',(78.3378859882335,-99.9494495732332,3.90752061714257));
#10884=CARTESIAN_POINT('',(78.3378859882335,-99.9494495732332,1.7));
#10885=CARTESIAN_POINT('',(78.3378859882434,-90.5706359952225,3.90752061714281));
#10886=CARTESIAN_POINT('Origin',(76.9012303518845,-99.9494495732318,4.6));
#10887=CARTESIAN_POINT('',(76.9012303518831,-101.386105209581,3.87993541969802));
#10888=CARTESIAN_POINT('',(76.9012303518831,-101.386105209581,1.7));
#10889=CARTESIAN_POINT('Origin',(76.9012303518845,-99.9494495732318,3.87993541969805));
#10890=CARTESIAN_POINT('Origin',(76.9012303518831,-101.386105209581,4.6));
#10891=CARTESIAN_POINT('',(63.5012303518831,-101.386105209569,3.62264227553452));
#10892=CARTESIAN_POINT('',(63.5012303518831,-101.386105209569,4.6));
#10893=CARTESIAN_POINT('',(77.7549482410211,-101.386105209582,3.89632764058794));
#10894=CARTESIAN_POINT('Origin',(63.5012303518845,-99.9494495732189,4.6));
#10895=CARTESIAN_POINT('',(62.0645747155346,-99.9494495732176,3.59505707809003));
#10896=CARTESIAN_POINT('',(62.0645747155346,-99.9494495732176,1.7));
#10897=CARTESIAN_POINT('Origin',(63.5012303518845,-99.9494495732189,3.62264227553456));
#10898=CARTESIAN_POINT('Origin',(62.0645747155346,-99.9494495732176,4.6));
#10899=CARTESIAN_POINT('',(62.0645747155481,-86.5494495732175,3.59505707809037));
#10900=CARTESIAN_POINT('',(62.0645747155481,-86.5494495732175,1.7));
#10901=CARTESIAN_POINT('',(62.0645747155372,-97.2706359952068,3.5950570780901));
#10902=CARTESIAN_POINT('Origin',(63.5012303518975,-86.549449573219,4.6));
#10903=CARTESIAN_POINT('',(63.5012303518986,-85.1127939368696,3.62264227553492));
#10904=CARTESIAN_POINT('',(63.5012303518986,-85.1127939368697,1.7));
#10905=CARTESIAN_POINT('Origin',(63.5012303518975,-86.549449573219,3.62264227553489));
#10906=CARTESIAN_POINT('Origin',(63.5012303518986,-85.1127939368696,4.6));
#10907=CARTESIAN_POINT('',(71.0574174710611,-85.112793936877,3.76772848014514));
#10908=CARTESIAN_POINT('Origin',(111.901230351885,-70.6161165732318,4.6));
#10909=CARTESIAN_POINT('',(111.901230351883,-72.0527722095808,4.55196975146852));
#10910=CARTESIAN_POINT('',(111.901230351883,-72.0527722095808,1.7));
#10911=CARTESIAN_POINT('',(113.337885988234,-70.6161165732332,4.57955494891307));
#10912=CARTESIAN_POINT('Origin',(111.901230351885,-70.6161165732318,4.55196975146855));
#10913=CARTESIAN_POINT('',(113.337885988234,-70.6161165732332,1.7));
#10914=CARTESIAN_POINT('Origin',(111.901230351883,-72.0527722095808,4.6));
#10915=CARTESIAN_POINT('',(98.5012303518831,-72.0527722095688,4.29467660730502));
#10916=CARTESIAN_POINT('',(98.5012303518831,-72.0527722095688,1.7));
#10917=CARTESIAN_POINT('',(95.2484987596281,-72.0527722095648,4.23222097010419));
#10918=CARTESIAN_POINT('Origin',(98.5012303518845,-70.6161165732189,4.6));
#10919=CARTESIAN_POINT('',(97.0645747155346,-70.6161165732175,4.26709140986053));
#10920=CARTESIAN_POINT('',(97.0645747155346,-70.6161165732175,1.7));
#10921=CARTESIAN_POINT('Origin',(98.5012303518845,-70.6161165732189,4.29467660730506));
#10922=CARTESIAN_POINT('Origin',(97.0645747155346,-70.6161165732175,4.6));
#10923=CARTESIAN_POINT('',(97.0645747155481,-57.2161165732175,4.26709140986087));
#10924=CARTESIAN_POINT('',(97.0645747155481,-57.2161165732175,4.6));
#10925=CARTESIAN_POINT('',(97.0645747155231,-82.6039694952237,4.26709140986024));
#10926=CARTESIAN_POINT('Origin',(98.5012303518974,-57.2161165732189,4.6));
#10927=CARTESIAN_POINT('',(98.5012303518986,-55.7794609368696,4.29467660730542));
#10928=CARTESIAN_POINT('',(98.5012303518986,-55.7794609368696,1.7));
#10929=CARTESIAN_POINT('Origin',(98.5012303518974,-57.2161165732189,4.29467660730539));
#10930=CARTESIAN_POINT('Origin',(98.5012303518986,-55.7794609368696,4.6));
#10931=CARTESIAN_POINT('',(111.901230351899,-55.779460936882,4.55196975146892));
#10932=CARTESIAN_POINT('',(111.901230351899,-55.779460936882,1.7));
#10933=CARTESIAN_POINT('',(88.5509679896682,-55.77946093686,4.10362180966139));
#10934=CARTESIAN_POINT('Origin',(111.901230351897,-57.2161165732318,4.6));
#10935=CARTESIAN_POINT('',(113.337885988247,-57.2161165732332,4.57955494891341));
#10936=CARTESIAN_POINT('',(113.337885988247,-57.2161165732332,1.7));
#10937=CARTESIAN_POINT('Origin',(111.901230351897,-57.2161165732318,4.55196975146888));
#10938=CARTESIAN_POINT('Origin',(113.337885988247,-57.2161165732332,4.6));
#10939=CARTESIAN_POINT('',(113.337885988229,-75.9039694952393,4.57955494891295));
#10940=CARTESIAN_POINT('Origin',(36.5617034805341,-96.8385817240228,4.6));
#10941=CARTESIAN_POINT('',(37.9494062631688,-96.4667478840821,3.13202218904964));
#10942=CARTESIAN_POINT('',(37.9494062631688,-96.4667478840821,1.7));
#10943=CARTESIAN_POINT('',(36.1898696405935,-95.4508789413888,3.09823735995314));
#10944=CARTESIAN_POINT('Origin',(36.5617034805341,-96.8385817240228,3.10537693441467));
#10945=CARTESIAN_POINT('',(36.1898696405935,-95.4508789413888,1.7));
#10946=CARTESIAN_POINT('Origin',(37.9494062631688,-96.4667478840821,4.6));
#10947=CARTESIAN_POINT('',(41.4175814675355,-109.410153956358,3.19861455493325));
#10948=CARTESIAN_POINT('',(41.4175814675346,-109.410153956358,1.7));
#10949=CARTESIAN_POINT('',(39.077822758752,-100.678055577706,3.15368889263727));
#10950=CARTESIAN_POINT('Origin',(40.0298786849016,-109.781987796298,4.6));
#10951=CARTESIAN_POINT('',(40.4017125248418,-111.169690578931,3.17910887475983));
#10952=CARTESIAN_POINT('',(40.4017125248418,-111.169690578931,1.7));
#10953=CARTESIAN_POINT('Origin',(40.0298786849016,-109.781987796298,3.1719693002983));
#10954=CARTESIAN_POINT('Origin',(40.4017125248418,-111.169690578931,4.6));
#10955=CARTESIAN_POINT('',(27.4583064525668,-114.637865783299,2.93058278188514));
#10956=CARTESIAN_POINT('',(27.4583064525668,-114.637865783299,4.6));
#10957=CARTESIAN_POINT('',(60.3037354369508,-105.836959611894,3.56124723672034));
#10958=CARTESIAN_POINT('Origin',(27.0864726126264,-113.250163000665,4.6));
#10959=CARTESIAN_POINT('',(25.6987698299918,-113.621996840606,2.89679795278864));
#10960=CARTESIAN_POINT('',(25.6987698299918,-113.621996840606,1.7));
#10961=CARTESIAN_POINT('Origin',(27.0864726126264,-113.250163000665,2.92344320742361));
#10962=CARTESIAN_POINT('Origin',(25.6987698299918,-113.621996840606,4.6));
#10963=CARTESIAN_POINT('',(22.2305946256248,-100.678590768331,2.83020558690503));
#10964=CARTESIAN_POINT('',(22.2305946256254,-100.678590768331,1.7));
#10965=CARTESIAN_POINT('',(25.0934440916876,-111.362890430121,2.88517510484453));
#10966=CARTESIAN_POINT('Origin',(23.6182974082589,-100.30675692839,4.6));
#10967=CARTESIAN_POINT('',(23.2464635683185,-98.9190541457569,2.84971126707845));
#10968=CARTESIAN_POINT('',(23.2464635683185,-98.9190541457569,1.7));
#10969=CARTESIAN_POINT('Origin',(23.6182974082589,-100.30675692839,2.85685084153998));
#10970=CARTESIAN_POINT('Origin',(23.2464635683185,-98.9190541457569,4.6));
#10971=CARTESIAN_POINT('',(49.6238631891342,-91.8512512189387,3.35618321359317));
#10972=CARTESIAN_POINT('Origin',(76.9012303518845,-64.9494495732318,4.6));
#10973=CARTESIAN_POINT('',(76.9012303518831,-66.3861052095808,3.87993541969823));
#10974=CARTESIAN_POINT('',(76.9012303518831,-66.3861052095808,1.7));
#10975=CARTESIAN_POINT('',(78.3378859882335,-64.9494495732332,3.90752061714278));
#10976=CARTESIAN_POINT('Origin',(76.9012303518845,-64.9494495732318,3.87993541969827));
#10977=CARTESIAN_POINT('',(78.3378859882344,-64.9494495732332,1.7));
#10978=CARTESIAN_POINT('Origin',(76.9012303518831,-66.3861052095808,4.6));
#10979=CARTESIAN_POINT('',(63.5012303518831,-66.3861052095688,3.62264227553473));
#10980=CARTESIAN_POINT('',(63.5012303518831,-66.3861052095688,1.7));
#10981=CARTESIAN_POINT('',(77.7549482410379,-66.3861052095816,3.89632764058847));
#10982=CARTESIAN_POINT('Origin',(63.5012303518845,-64.9494495732189,4.6));
#10983=CARTESIAN_POINT('',(62.0645747155346,-64.9494495732175,3.59505707809024));
#10984=CARTESIAN_POINT('',(62.0645747155346,-64.9494495732175,1.7));
#10985=CARTESIAN_POINT('Origin',(63.5012303518845,-64.9494495732189,3.62264227553477));
#10986=CARTESIAN_POINT('Origin',(62.0645747155346,-64.9494495732175,4.6));
#10987=CARTESIAN_POINT('',(62.0645747155481,-51.5494495732175,3.59505707809058));
#10988=CARTESIAN_POINT('',(62.0645747155481,-51.5494495732175,4.6));
#10989=CARTESIAN_POINT('',(62.0645747155203,-79.7706359952068,3.59505707808988));
#10990=CARTESIAN_POINT('Origin',(63.5012303518974,-51.5494495732189,4.6));
#10991=CARTESIAN_POINT('',(63.5012303518986,-50.1127939368696,3.62264227553513));
#10992=CARTESIAN_POINT('',(63.5012303518986,-50.1127939368696,1.7));
#10993=CARTESIAN_POINT('Origin',(63.5012303518974,-51.5494495732189,3.6226422755351));
#10994=CARTESIAN_POINT('Origin',(63.5012303518986,-50.1127939368696,4.6));
#10995=CARTESIAN_POINT('',(76.9012303518987,-50.112793936882,3.87993541969863));
#10996=CARTESIAN_POINT('',(76.9012303518987,-50.112793936882,1.7));
#10997=CARTESIAN_POINT('',(71.057417471078,-50.1127939368769,3.76772848014568));
#10998=CARTESIAN_POINT('Origin',(76.9012303518974,-51.5494495732318,4.6));
#10999=CARTESIAN_POINT('',(78.3378859882473,-51.5494495732332,3.90752061714312));
#11000=CARTESIAN_POINT('',(78.3378859882473,-51.5494495732332,1.7));
#11001=CARTESIAN_POINT('Origin',(76.9012303518974,-51.5494495732318,3.87993541969859));
#11002=CARTESIAN_POINT('Origin',(78.3378859882473,-51.5494495732332,4.6));
#11003=CARTESIAN_POINT('',(78.3378859882266,-73.0706359952225,3.90752061714259));
#11004=CARTESIAN_POINT('Origin',(57.5117850223829,-89.141143813428,4.6));
#11005=CARTESIAN_POINT('',(57.6369978114398,-90.5723325413426,3.51004325848709));
#11006=CARTESIAN_POINT('',(57.6369978114398,-90.5723325413426,1.7));
#11007=CARTESIAN_POINT('',(58.9429737502975,-89.0159310243708,3.53511927755505));
#11008=CARTESIAN_POINT('Origin',(57.5117850223829,-89.141143813428,3.50763905011501));
#11009=CARTESIAN_POINT('',(58.9429737502983,-89.0159310243708,1.7));
#11010=CARTESIAN_POINT('Origin',(57.6369978114398,-90.5723325413426,4.6));
#11011=CARTESIAN_POINT('',(44.2879888570094,-91.740219494149,3.25372919241603));
#11012=CARTESIAN_POINT('',(44.2879888570094,-91.740219494149,1.7));
#11013=CARTESIAN_POINT('',(67.8723018410384,-89.6768594710217,3.70657113574416));
#11014=CARTESIAN_POINT('Origin',(44.1627760679522,-90.3090307662335,4.6));
#11015=CARTESIAN_POINT('',(42.7315873400366,-90.4342435552908,3.22384475660389));
#11016=CARTESIAN_POINT('',(42.7315873400366,-90.4342435552908,1.7));
#11017=CARTESIAN_POINT('Origin',(44.1627760679522,-90.3090307662335,3.25132498404395));
#11018=CARTESIAN_POINT('Origin',(42.7315873400366,-90.4342435552908,4.6));
#11019=CARTESIAN_POINT('',(41.5637003872318,-77.0852346008602,3.20142018152079));
#11020=CARTESIAN_POINT('',(41.5637003872318,-77.0852346008602,4.6));
#11021=CARTESIAN_POINT('',(43.0484368951135,-94.0558505419671,3.22992857886152));
#11022=CARTESIAN_POINT('Origin',(42.9948891151467,-76.9600218118029,4.6));
#11023=CARTESIAN_POINT('',(42.8696763260895,-75.528833083888,3.22649620058875));
#11024=CARTESIAN_POINT('',(42.8696763260895,-75.528833083888,1.7));
#11025=CARTESIAN_POINT('Origin',(42.9948891151467,-76.9600218118029,3.22890040896083));
#11026=CARTESIAN_POINT('Origin',(42.8696763260895,-75.528833083888,4.6));
#11027=CARTESIAN_POINT('',(56.21868528052,-74.3609461310819,3.48281026665981));
#11028=CARTESIAN_POINT('',(56.21868528052,-74.3609461310819,1.7));
#11029=CARTESIAN_POINT('',(59.7824447267418,-74.0491575800083,3.55123794374643));
#11030=CARTESIAN_POINT('Origin',(56.3438980695772,-75.7921348589974,4.6));
#11031=CARTESIAN_POINT('',(57.7750867974928,-75.6669220699402,3.51269470247195));
#11032=CARTESIAN_POINT('',(57.7750867974928,-75.6669220699402,1.7));
#11033=CARTESIAN_POINT('Origin',(56.3438980695772,-75.7921348589974,3.48521447503189));
#11034=CARTESIAN_POINT('Origin',(57.7750867974928,-75.6669220699402,4.6));
#11035=CARTESIAN_POINT('',(58.6758360641114,-85.9625332991813,3.52998997194287));
#11036=CARTESIAN_POINT('Origin',(94.4012303518974,-89.3827825732319,4.6));
#11037=CARTESIAN_POINT('',(95.8378859882473,-89.3827825732332,4.24353778302805));
#11038=CARTESIAN_POINT('',(95.8378859882473,-89.3827825732332,1.7));
#11039=CARTESIAN_POINT('',(94.4012303518987,-87.946126936882,4.21595258558356));
#11040=CARTESIAN_POINT('Origin',(94.4012303518974,-89.3827825732319,4.21595258558353));
#11041=CARTESIAN_POINT('',(94.4012303518987,-87.9461269368826,1.7));
#11042=CARTESIAN_POINT('Origin',(95.8378859882473,-89.3827825732332,4.6));
#11043=CARTESIAN_POINT('',(95.8378859882335,-102.782782573233,4.24353778302771));
#11044=CARTESIAN_POINT('',(95.8378859882335,-102.782782573233,1.7));
#11045=CARTESIAN_POINT('',(95.8378859882448,-91.9873024952309,4.24353778302799));
#11046=CARTESIAN_POINT('Origin',(94.4012303518845,-102.782782573232,4.6));
#11047=CARTESIAN_POINT('',(94.401230351883,-104.219438209581,4.21595258558316));
#11048=CARTESIAN_POINT('',(94.401230351883,-104.219438209581,1.7));
#11049=CARTESIAN_POINT('Origin',(94.4012303518845,-102.782782573232,4.2159525855832));
#11050=CARTESIAN_POINT('Origin',(81.0012303518845,-102.782782573219,4.6));
#11051=CARTESIAN_POINT('',(79.5645747155346,-102.782782573218,3.93107424397518));
#11052=CARTESIAN_POINT('',(79.5645747155346,-102.782782573218,1.7));
#11053=CARTESIAN_POINT('',(81.0012303518831,-104.219438209569,3.95865944141967));
#11054=CARTESIAN_POINT('Origin',(81.0012303518845,-102.782782573219,3.9586594414197));
#11055=CARTESIAN_POINT('',(81.0012303518831,-104.219438209569,4.6));
#11056=CARTESIAN_POINT('Origin',(79.5645747155346,-102.782782573218,4.6));
#11057=CARTESIAN_POINT('',(79.5645747155481,-89.3827825732175,3.93107424397552));
#11058=CARTESIAN_POINT('',(79.5645747155481,-89.3827825732175,1.7));
#11059=CARTESIAN_POINT('',(79.5645747155386,-98.6873024952152,3.93107424397528));
#11060=CARTESIAN_POINT('Origin',(81.0012303518975,-89.382782573219,4.6));
#11061=CARTESIAN_POINT('',(81.0012303518986,-87.9461269368696,3.95865944142006));
#11062=CARTESIAN_POINT('',(81.0012303518986,-87.9461269368696,1.7));
#11063=CARTESIAN_POINT('Origin',(81.0012303518975,-89.382782573219,3.95865944142003));
#11064=CARTESIAN_POINT('Origin',(81.0012303518986,-87.9461269368696,4.6));
#11065=CARTESIAN_POINT('',(79.8041927303562,-87.9461269368685,3.935675144903));
#11066=CARTESIAN_POINT('Origin',(120.203977756711,-131.427717392484,4.6));
#11067=CARTESIAN_POINT('',(118.901925566197,-130.820560484728,4.6));
#11068=CARTESIAN_POINT('',(118.901925566197,-130.820560484728,1.5));
#11069=CARTESIAN_POINT('',(119.596820848955,-132.729769582997,4.6));
#11070=CARTESIAN_POINT('Origin',(120.203977756711,-131.427717392484,4.6));
#11071=CARTESIAN_POINT('',(119.596820848955,-132.729769582997,4.6));
#11072=CARTESIAN_POINT('Origin',(118.901925566197,-130.820560484728,4.6));
#11073=CARTESIAN_POINT('',(124.565010273537,-118.676036138444,4.6));
#11074=CARTESIAN_POINT('',(124.565010273537,-118.676036138444,1.5));
#11075=CARTESIAN_POINT('',(122.242320374566,-123.657060700969,4.6));
#11076=CARTESIAN_POINT('Origin',(125.867062464049,-119.283193046199,4.6));
#11077=CARTESIAN_POINT('',(126.474219371805,-117.981140855686,4.6));
#11078=CARTESIAN_POINT('',(126.474219371805,-117.981140855686,1.5));
#11079=CARTESIAN_POINT('Origin',(125.867062464049,-119.283193046199,4.6));
#11080=CARTESIAN_POINT('Origin',(126.474219371805,-117.981140855686,4.6));
#11081=CARTESIAN_POINT('',(138.61874371809,-123.644225563024,4.6));
#11082=CARTESIAN_POINT('',(138.61874371809,-123.644225563024,1.5));
#11083=CARTESIAN_POINT('',(102.338978384397,-106.72669315181,4.6));
#11084=CARTESIAN_POINT('Origin',(111.901230351897,-92.2161155732319,4.6));
#11085=CARTESIAN_POINT('',(113.337885988247,-92.2161155732332,4.5795549489132));
#11086=CARTESIAN_POINT('',(113.337885988247,-92.2161155732332,1.7));
#11087=CARTESIAN_POINT('',(111.901230351899,-90.779459936882,4.55196975146871));
#11088=CARTESIAN_POINT('Origin',(111.901230351897,-92.2161155732319,4.55196975146867));
#11089=CARTESIAN_POINT('',(111.901230351899,-90.7794599368826,1.7));
#11090=CARTESIAN_POINT('Origin',(113.337885988247,-92.2161155732332,4.6));
#11091=CARTESIAN_POINT('',(113.337885988234,-105.616115573233,4.57955494891285));
#11092=CARTESIAN_POINT('',(113.337885988234,-105.616115573233,1.7));
#11093=CARTESIAN_POINT('',(113.337885988246,-93.4039689952393,4.57955494891317));
#11094=CARTESIAN_POINT('Origin',(111.901230351885,-105.616115573232,4.6));
#11095=CARTESIAN_POINT('',(111.901230351883,-107.052771209581,4.55196975146831));
#11096=CARTESIAN_POINT('',(111.901230351883,-107.052771209581,1.7));
#11097=CARTESIAN_POINT('Origin',(111.901230351885,-105.616115573232,4.55196975146834));
#11098=CARTESIAN_POINT('Origin',(98.5012303518974,-92.2161155732189,4.6));
#11099=CARTESIAN_POINT('',(98.5012303518986,-90.7794599368696,4.29467660730521));
#11100=CARTESIAN_POINT('',(98.5012303518986,-90.7794599368696,1.7));
#11101=CARTESIAN_POINT('',(97.0645747155481,-92.2161155732175,4.26709140986066));
#11102=CARTESIAN_POINT('Origin',(98.5012303518974,-92.2161155732189,4.29467660730518));
#11103=CARTESIAN_POINT('',(97.0645747155481,-92.2161155732175,1.7));
#11104=CARTESIAN_POINT('Origin',(98.5012303518986,-90.7794599368696,4.6));
#11105=CARTESIAN_POINT('',(88.5509679896513,-90.77945993686,4.10362180966086));
#11106=CARTESIAN_POINT('Origin',(55.9865600223828,-71.707735813428,4.6));
#11107=CARTESIAN_POINT('',(56.1117728114398,-73.1389245413426,3.48075744238221));
#11108=CARTESIAN_POINT('',(56.1117728114398,-73.1389245413426,1.7));
#11109=CARTESIAN_POINT('',(57.4177487502974,-71.5825230243708,3.50583346145017));
#11110=CARTESIAN_POINT('Origin',(55.9865600223828,-71.707735813428,3.47835323401013));
#11111=CARTESIAN_POINT('',(57.4177487502983,-71.5825230243707,1.7));
#11112=CARTESIAN_POINT('Origin',(56.1117728114398,-73.1389245413426,4.6));
#11113=CARTESIAN_POINT('',(42.7627638570094,-74.306811494149,3.22444337631115));
#11114=CARTESIAN_POINT('',(42.7627638570094,-74.306811494149,1.7));
#11115=CARTESIAN_POINT('',(66.3476344008607,-72.2434026908579,3.67729602533478));
#11116=CARTESIAN_POINT('Origin',(42.6375510679521,-72.8756227662335,4.6));
#11117=CARTESIAN_POINT('',(41.2063623400366,-73.0008355552908,3.19455894049901));
#11118=CARTESIAN_POINT('',(41.2063623400366,-73.0008355552908,1.7));
#11119=CARTESIAN_POINT('Origin',(42.6375510679521,-72.8756227662335,3.22203916793907));
#11120=CARTESIAN_POINT('Origin',(41.2063623400366,-73.0008355552908,4.6));
#11121=CARTESIAN_POINT('',(40.0384753872317,-59.6518266008602,3.17213436541591));
#11122=CARTESIAN_POINT('',(40.0384753872317,-59.6518266008602,4.6));
#11123=CARTESIAN_POINT('',(42.2858268119695,-85.3391709285966,3.21528571721509));
#11124=CARTESIAN_POINT('Origin',(41.4696641151466,-59.5266138118029,4.6));
#11125=CARTESIAN_POINT('',(41.3444513260894,-58.095425083888,3.19721038448387));
#11126=CARTESIAN_POINT('',(41.3444513260894,-58.095425083888,1.7));
#11127=CARTESIAN_POINT('Origin',(41.4696641151466,-59.5266138118029,3.19961459285595));
#11128=CARTESIAN_POINT('Origin',(41.3444513260894,-58.095425083888,4.6));
#11129=CARTESIAN_POINT('',(54.6934602805199,-56.9275381310819,3.45352445055493));
#11130=CARTESIAN_POINT('',(54.6934602805199,-56.9275381310819,1.7));
#11131=CARTESIAN_POINT('',(58.2577772865641,-56.6157007998446,3.52196283333706));
#11132=CARTESIAN_POINT('Origin',(54.8186730695772,-58.3587268589974,4.6));
#11133=CARTESIAN_POINT('',(56.2498617974928,-58.2335140699402,3.48340888636707));
#11134=CARTESIAN_POINT('',(56.2498617974928,-58.2335140699402,1.7));
#11135=CARTESIAN_POINT('Origin',(54.8186730695772,-58.3587268589974,3.45592865892701));
#11136=CARTESIAN_POINT('Origin',(56.2498617974928,-58.2335140699402,4.6));
#11137=CARTESIAN_POINT('',(57.9132259809674,-77.2458536858108,3.51534711029644));
#11138=CARTESIAN_POINT('Origin',(76.9012303518974,-69.0494495732318,4.6));
#11139=CARTESIAN_POINT('',(78.3378859882473,-69.0494495732332,3.90752061714302));
#11140=CARTESIAN_POINT('',(78.3378859882473,-69.0494495732332,1.7));
#11141=CARTESIAN_POINT('',(76.9012303518987,-67.612793936882,3.87993541969852));
#11142=CARTESIAN_POINT('Origin',(76.9012303518974,-69.0494495732318,3.87993541969849));
#11143=CARTESIAN_POINT('',(76.9012303518987,-67.6127939368826,1.7));
#11144=CARTESIAN_POINT('Origin',(78.3378859882473,-69.0494495732332,4.6));
#11145=CARTESIAN_POINT('',(78.3378859882335,-82.4494495732332,3.90752061714267));
#11146=CARTESIAN_POINT('',(78.3378859882335,-82.4494495732332,1.7));
#11147=CARTESIAN_POINT('',(78.337885988235,-81.8206359952225,3.9075206171427));
#11148=CARTESIAN_POINT('Origin',(76.9012303518845,-82.4494495732318,4.6));
#11149=CARTESIAN_POINT('',(76.9012303518831,-83.8861052095808,3.87993541969812));
#11150=CARTESIAN_POINT('',(76.9012303518831,-83.8861052095808,1.7));
#11151=CARTESIAN_POINT('Origin',(76.9012303518845,-82.4494495732318,3.87993541969816));
#11152=CARTESIAN_POINT('Origin',(76.9012303518831,-83.8861052095808,4.6));
#11153=CARTESIAN_POINT('',(63.5012303518831,-83.8861052095688,3.62264227553463));
#11154=CARTESIAN_POINT('',(63.5012303518831,-83.8861052095688,4.6));
#11155=CARTESIAN_POINT('',(77.7549482410295,-83.8861052095817,3.89632764058821));
#11156=CARTESIAN_POINT('Origin',(63.5012303518845,-82.4494495732189,4.6));
#11157=CARTESIAN_POINT('',(62.0645747155346,-82.4494495732176,3.59505707809014));
#11158=CARTESIAN_POINT('',(62.0645747155346,-82.4494495732176,1.7));
#11159=CARTESIAN_POINT('Origin',(63.5012303518845,-82.4494495732189,3.62264227553467));
#11160=CARTESIAN_POINT('Origin',(62.0645747155346,-82.4494495732176,4.6));
#11161=CARTESIAN_POINT('',(62.0645747155481,-69.0494495732176,3.59505707809048));
#11162=CARTESIAN_POINT('',(62.0645747155481,-69.0494495732176,1.7));
#11163=CARTESIAN_POINT('',(62.0645747155287,-88.5206359952068,3.59505707808999));
#11164=CARTESIAN_POINT('Origin',(63.5012303518974,-69.0494495732189,4.6));
#11165=CARTESIAN_POINT('',(63.5012303518986,-67.6127939368696,3.62264227553502));
#11166=CARTESIAN_POINT('',(63.5012303518986,-67.6127939368697,1.7));
#11167=CARTESIAN_POINT('Origin',(63.5012303518974,-69.0494495732189,3.62264227553499));
#11168=CARTESIAN_POINT('Origin',(63.5012303518986,-67.6127939368696,4.6));
#11169=CARTESIAN_POINT('',(71.0574174710695,-67.612793936877,3.76772848014541));
#11170=CARTESIAN_POINT('Origin',(32.0323704805341,-79.9348797240628,4.6));
#11171=CARTESIAN_POINT('',(33.4200732631688,-79.5630458841221,3.04505455259202));
#11172=CARTESIAN_POINT('',(33.4200732631688,-79.5630458841221,1.7));
#11173=CARTESIAN_POINT('',(31.6605366405935,-78.5471769414288,3.01126972349552));
#11174=CARTESIAN_POINT('Origin',(32.0323704805341,-79.9348797240628,3.01840929795706));
#11175=CARTESIAN_POINT('',(31.6605366405935,-78.5471769414289,1.7));
#11176=CARTESIAN_POINT('Origin',(33.4200732631688,-79.5630458841221,4.6));
#11177=CARTESIAN_POINT('',(36.8882484675355,-92.5064519563975,3.11164691847563));
#11178=CARTESIAN_POINT('',(36.8882484675347,-92.5064519563978,1.7));
#11179=CARTESIAN_POINT('',(36.8132123271442,-92.2264132680526,3.11020615097659));
#11180=CARTESIAN_POINT('Origin',(35.5005456849016,-92.878285796338,4.6));
#11181=CARTESIAN_POINT('',(35.8723795248418,-94.265988578971,3.09214123830221));
#11182=CARTESIAN_POINT('',(35.8723795248418,-94.265988578971,1.7));
#11183=CARTESIAN_POINT('Origin',(35.5005456849016,-92.878285796338,3.08500166384068));
#11184=CARTESIAN_POINT('Origin',(35.8723795248418,-94.265988578971,4.6));
#11185=CARTESIAN_POINT('',(22.9289734525669,-97.7341637833394,2.84361514542752));
#11186=CARTESIAN_POINT('',(22.9289734525669,-97.7341637833394,4.6));
#11187=CARTESIAN_POINT('',(55.7759597655723,-88.9328403269881,3.47430950249985));
#11188=CARTESIAN_POINT('Origin',(22.5571396126264,-96.3464610007055,4.6));
#11189=CARTESIAN_POINT('',(21.1694368299918,-96.7182948406462,2.80983031633102));
#11190=CARTESIAN_POINT('',(21.1694368299918,-96.7182948406462,1.7));
#11191=CARTESIAN_POINT('Origin',(22.5571396126264,-96.3464610007055,2.83647557096599));
#11192=CARTESIAN_POINT('Origin',(21.1694368299918,-96.7182948406462,4.6));
#11193=CARTESIAN_POINT('',(17.7012616256248,-83.7748887683708,2.74323795044741));
#11194=CARTESIAN_POINT('',(17.7012616256255,-83.7748887683707,1.7));
#11195=CARTESIAN_POINT('',(22.82883366008,-102.911248120467,2.84169236318385));
#11196=CARTESIAN_POINT('Origin',(19.0889644082589,-83.4030549284304,4.6));
#11197=CARTESIAN_POINT('',(18.7171305683185,-82.0153521457969,2.76274363062083));
#11198=CARTESIAN_POINT('',(18.7171305683185,-82.015352145797,1.7));
#11199=CARTESIAN_POINT('Origin',(19.0889644082589,-83.4030549284304,2.76988320508236));
#11200=CARTESIAN_POINT('Origin',(18.7171305683185,-82.0153521457969,4.6));
#11201=CARTESIAN_POINT('',(45.0960875177559,-74.9471319340323,3.26924547937268));
#11202=CARTESIAN_POINT('Origin',(134.402678000186,-95.927334,2.095));
#11203=CARTESIAN_POINT('',(134.302677999722,-95.927334,2.095));
#11204=CARTESIAN_POINT('',(134.302677999864,-95.927334,1.535));
#11205=CARTESIAN_POINT('',(134.302677999864,-95.927334,1.6475));
#11206=CARTESIAN_POINT('',(133.602677999864,-95.927334,2.095));
#11207=CARTESIAN_POINT('',(134.402678000186,-95.927334,2.095));
#11208=CARTESIAN_POINT('',(133.602677999864,-95.927334,1.535));
#11209=CARTESIAN_POINT('',(133.602677999864,-95.927334,1.6475));
#11210=CARTESIAN_POINT('',(134.402678000186,-95.927334,1.535));
#11211=CARTESIAN_POINT('Origin',(134.402678000186,-97.462334,1.535));
#11212=CARTESIAN_POINT('Origin',(134.302677999721,-97.462334,1.535));
#11213=CARTESIAN_POINT('Origin',(133.60267799979,-97.462334,1.535));
#11214=CARTESIAN_POINT('Origin',(133.60267799979,-117.649526752655,1.2));
#11215=CARTESIAN_POINT('',(133.602677999859,-97.462334,3.62999999999999));
#11216=CARTESIAN_POINT('Origin',(133.60267799979,-97.462334,2.095));
#11217=CARTESIAN_POINT('',(133.602677999837,-103.802334,3.62999999999998));
#11218=CARTESIAN_POINT('',(133.602677999814,-110.725930376326,3.62999999999998));
#11219=CARTESIAN_POINT('',(133.602677999832,-105.337334,2.095));
#11220=CARTESIAN_POINT('Origin',(133.60267799979,-103.802334,2.095));
#11221=CARTESIAN_POINT('',(133.602677999832,-105.337334,1.535));
#11222=CARTESIAN_POINT('',(133.602677999832,-105.337334,1.3674999999998));
#11223=CARTESIAN_POINT('',(133.602677999832,-105.300332664886,1.2));
#11224=CARTESIAN_POINT('Origin',(133.60267799979,-103.802334,1.535));
#11225=CARTESIAN_POINT('',(133.602677999814,-110.801169268327,1.2));
#11226=CARTESIAN_POINT('',(133.602677999829,-106.120674585027,1.2));
#11227=CARTESIAN_POINT('',(133.602677999814,-110.549733985099,1.93499998509868));
#11228=CARTESIAN_POINT('Origin',(133.60267799979,-111.749733985099,1.93499998509883));
#11229=CARTESIAN_POINT('',(133.602677999814,-110.549733985099,2.8));
#11230=CARTESIAN_POINT('',(133.602677999814,-110.549733985099,1.56749999254934));
#11231=CARTESIAN_POINT('',(133.602677999811,-111.549733985099,3.8));
#11232=CARTESIAN_POINT('Origin',(133.60267799979,-111.549733985099,2.8));
#11233=CARTESIAN_POINT('',(133.602677999829,-106.120674585027,3.8));
#11234=CARTESIAN_POINT('Origin',(59.595000834465,-65.8890009685755,0.));
#11235=CARTESIAN_POINT('',(57.645000834465,-65.8890009685755,0.));
#11236=CARTESIAN_POINT('Origin',(59.595000834465,-65.8890009685755,0.));
#11237=CARTESIAN_POINT('Origin',(59.595000834465,-65.8890009685755,0.));
#11238=CARTESIAN_POINT('',(57.645000834465,-65.8890009685755,0.));
#11239=CARTESIAN_POINT('Origin',(114.702678,-90.23301,0.));
#11240=CARTESIAN_POINT('',(112.752678,-90.23301,0.));
#11241=CARTESIAN_POINT('',(112.752678,-90.23301,0.));
#11242=CARTESIAN_POINT('Origin',(114.702678,-90.23301,0.));
#11243=CARTESIAN_POINT('',(114.405485044245,-88.3057901508261,0.));
#11244=CARTESIAN_POINT('',(114.410357684515,-92.1609749460389,3.8));
#11245=CARTESIAN_POINT('Origin',(114.702678,-90.23301,3.8));
#11246=CARTESIAN_POINT('',(114.40105496537,-92.1595414804022,3.79982137866731));
#11247=CARTESIAN_POINT('Origin',(114.702678,-90.23301,3.80561283679658));
#11248=CARTESIAN_POINT('',(114.40105496537,-92.1595414804022,0.));
#11249=CARTESIAN_POINT('Origin',(114.702678,-90.23301,0.));
#11250=CARTESIAN_POINT('Origin',(24.1181362999231,-133.436344003511,1.2));
#11251=CARTESIAN_POINT('',(24.1181362999231,-133.436344003511,1.2));
#11252=CARTESIAN_POINT('Origin',(24.118070001319,-131.0363949986,1.2));
#11253=CARTESIAN_POINT('',(21.7181209730349,-131.036384593715,1.2));
#11254=CARTESIAN_POINT('Origin',(21.724388032373,-108.611445811335,1.2));
#11255=CARTESIAN_POINT('',(21.724388032373,-108.611445811335,1.2));
#11256=CARTESIAN_POINT('Origin',(20.1250427365419,-108.6109669921,1.2));
#11257=CARTESIAN_POINT('',(21.6698762883852,-108.196968321665,1.2));
#11258=CARTESIAN_POINT('Origin',(14.9297916553015,-83.0426324551276,1.2));
#11259=CARTESIAN_POINT('',(14.9280412498466,-83.0360998536674,1.2));
#11260=CARTESIAN_POINT('Origin',(17.240279040123,-82.3711772853,1.2));
#11261=CARTESIAN_POINT('',(16.6265663411208,-80.044823412006,1.2));
#11262=CARTESIAN_POINT('Origin',(20.5522735245525,-78.9929328338673,1.2));
#11263=CARTESIAN_POINT('',(20.5522735245525,-78.9929328338673,1.2));
#11264=CARTESIAN_POINT('Origin',(20.138103449572,-77.44735132802,1.2));
#11265=CARTESIAN_POINT('',(21.738215121195,-77.4460559995499,1.2));
#11266=CARTESIAN_POINT('Origin',(21.7198228825998,-55.7420896743003,1.2));
#11267=CARTESIAN_POINT('',(21.7198170520017,-55.7352092119335,1.2));
#11268=CARTESIAN_POINT('Origin',(24.119974086063,-55.73317528596,1.2));
#11269=CARTESIAN_POINT('',(24.1197698780515,-53.33301,1.2));
#11270=CARTESIAN_POINT('Origin',(57.1525939808184,-53.3330100009909,1.2));
#11271=CARTESIAN_POINT('',(57.1525939808184,-53.3330100009909,1.2));
#11272=CARTESIAN_POINT('Origin',(57.152622151722,-51.73310241344,1.2));
#11273=CARTESIAN_POINT('',(58.7282328812712,-52.0108705114514,1.2));
#11274=CARTESIAN_POINT('Origin',(59.2152315294033,-49.2489692662989,1.2));
#11275=CARTESIAN_POINT('Origin',(114.40105496537,-88.7636483886257,1.7));
#11276=CARTESIAN_POINT('',(114.658744144433,-62.1309141314653,3.8));
#11277=CARTESIAN_POINT('',(114.456518385046,-83.0313839504923,3.8));
#11278=CARTESIAN_POINT('',(114.658744144432,-62.1309141314651,0.));
#11279=CARTESIAN_POINT('Origin',(132.402678000186,-111.749733985099,1.93499998509883));
#11280=CARTESIAN_POINT('',(134.302677999814,-110.549733985099,1.93499998509868));
#11281=CARTESIAN_POINT('',(134.302677999772,-110.801169268327,1.2));
#11282=CARTESIAN_POINT('Origin',(134.302677999769,-111.749733985099,1.93499998509883));
#11283=CARTESIAN_POINT('',(134.802678000185,-110.549733985099,1.93499998509868));
#11284=CARTESIAN_POINT('',(132.402678000186,-110.801169268327,1.2));
#11285=CARTESIAN_POINT('Origin',(78.614285398632,-94.591822417212,1.2));
#11286=CARTESIAN_POINT('',(134.80267799983,-105.809570906795,1.2));
#11287=CARTESIAN_POINT('',(134.302677999746,-105.300332664886,1.2));
#11288=CARTESIAN_POINT('Ctrl Pts',(134.802678000204,-105.809570907174,1.2));
#11289=CARTESIAN_POINT('Ctrl Pts',(134.516358169803,-105.51929084467,1.2));
#11290=CARTESIAN_POINT('Ctrl Pts',(134.302677999746,-105.300332664886,1.2));
#11291=CARTESIAN_POINT('',(134.802677999815,-110.216836394943,1.2));
#11292=CARTESIAN_POINT('',(134.802677999791,-117.5890615651,1.2));
#11293=CARTESIAN_POINT('Ctrl Pts',(134.302677999772,-110.801169268327,1.2));
#11294=CARTESIAN_POINT('Ctrl Pts',(134.493808188362,-110.559376355063,1.2));
#11295=CARTESIAN_POINT('Ctrl Pts',(134.802678000187,-110.216836394531,1.2));
#11296=CARTESIAN_POINT('',(134.802678000185,-105.300332664886,1.2));
#11297=CARTESIAN_POINT('Origin',(134.402678000186,-103.802334,1.535));
#11298=CARTESIAN_POINT('',(134.302677999746,-105.337334,1.535));
#11299=CARTESIAN_POINT('Origin',(134.302677999751,-103.802334,1.535));
#11300=CARTESIAN_POINT('',(134.402678000186,-105.337334,1.535));
#11301=CARTESIAN_POINT('Origin',(134.402678000186,-105.337334,1.535));
#11302=CARTESIAN_POINT('',(134.302677999832,-105.337334,2.095));
#11303=CARTESIAN_POINT('',(134.302677999832,-105.337334,1.3674999999998));
#11304=CARTESIAN_POINT('',(134.402678000186,-105.337334,2.095));
#11305=CARTESIAN_POINT('Origin',(99.7472178774225,-187.923934351297,1.2));
#11306=CARTESIAN_POINT('',(109.85831794171,-134.268313438946,3.51611524075797));
#11307=CARTESIAN_POINT('',(114.148518567498,-135.257412362286,3.6000000134393));
#11308=CARTESIAN_POINT('Origin',(99.7472178774225,-187.923934351297,3.31841646814683));
#11309=CARTESIAN_POINT('',(109.85831794171,-134.268313438946,1.2));
#11310=CARTESIAN_POINT('',(109.85831794171,-134.268313438946,1.2));
#11311=CARTESIAN_POINT('',(122.259749171911,-138.181136533777,1.2));
#11312=CARTESIAN_POINT('Origin',(99.7472178774225,-187.923934351297,1.2));
#11313=CARTESIAN_POINT('',(122.259749171911,-138.181136533777,3.6));
#11314=CARTESIAN_POINT('',(122.259749171911,-138.181136533777,1.2));
#11315=CARTESIAN_POINT('Origin',(99.7472178774225,-187.923934351297,3.6));
#11316=CARTESIAN_POINT('Origin',(20.2416905301542,-77.8338218792673,1.2));
#11317=CARTESIAN_POINT('',(20.2416905206629,-77.8338218818115,1.79680266532273));
#11318=CARTESIAN_POINT('',(16.3179987106378,-78.8851724430111,1.72140459520007));
#11319=CARTESIAN_POINT('',(45.3740149875143,-71.0996325767436,2.27936721935497));
#11320=CARTESIAN_POINT('',(20.2416905301542,-77.8338218792673,1.2));
#11321=CARTESIAN_POINT('',(16.317998604192,-78.8851724711731,1.2));
#11322=CARTESIAN_POINT('Origin',(20.138103449572,-77.44735132802,1.2));
#11323=CARTESIAN_POINT('',(20.5382155503385,-77.4470728956363,1.81672690161334));
#11324=CARTESIAN_POINT('Origin',(20.138103449572,-77.44735132802,1.78984338193756));
#11325=CARTESIAN_POINT('',(20.5382155497644,-77.4470728956368,1.2));
#11326=CARTESIAN_POINT('Origin',(20.5198100862442,-55.7362261142867,1.2));
#11327=CARTESIAN_POINT('',(20.5198100869682,-55.7362261143849,1.81637349780738));
#11328=CARTESIAN_POINT('',(20.5363009548017,-75.1886390067319,1.81669013864097));
#11329=CARTESIAN_POINT('',(20.5198100862442,-55.7362261142867,1.2));
#11330=CARTESIAN_POINT('Origin',(24.119974086063,-55.73317528596,1.2));
#11331=CARTESIAN_POINT('',(24.119769873054,-52.1330100000002,1.86629582799333));
#11332=CARTESIAN_POINT('Ctrl Pts',(24.119769862987,-52.1330100000008,1.86629637191799));
#11333=CARTESIAN_POINT('Ctrl Pts',(24.0092887406125,-52.1330162671561,1.86476426169816));
#11334=CARTESIAN_POINT('Ctrl Pts',(23.8987433546287,-52.1381125130535,1.86323179963454));
#11335=CARTESIAN_POINT('Ctrl Pts',(23.7886267855353,-52.148290476881,1.86170544563831));
#11336=CARTESIAN_POINT('Ctrl Pts',(23.6785529460541,-52.1584644912534,1.86017968392818));
#11337=CARTESIAN_POINT('Ctrl Pts',(23.5689079922604,-52.1737162621772,1.85866002554601));
#11338=CARTESIAN_POINT('Ctrl Pts',(23.4601816822868,-52.1939855323792,1.85715292288577));
#11339=CARTESIAN_POINT('Ctrl Pts',(23.3514739029461,-52.2142513480133,1.8556460770867));
#11340=CARTESIAN_POINT('Ctrl Pts',(23.2436848508174,-52.2395328863674,1.8541517827301));
#11341=CARTESIAN_POINT('Ctrl Pts',(23.1372952955278,-52.2697185556738,1.85267648891139));
#11342=CARTESIAN_POINT('Ctrl Pts',(23.0309007254348,-52.2999056478191,1.85120112555289));
#11343=CARTESIAN_POINT('Ctrl Pts',(22.9259061698264,-52.3349972197299,1.84974476452355));
#11344=CARTESIAN_POINT('Ctrl Pts',(22.822777853479,-52.3748316373585,1.84831385583081));
#11345=CARTESIAN_POINT('Ctrl Pts',(22.7195804963226,-52.4146927227395,1.84688198919464));
#11346=CARTESIAN_POINT('Ctrl Pts',(22.6182522492251,-52.4593028503115,1.84547560898537));
#11347=CARTESIAN_POINT('Ctrl Pts',(22.5192399534537,-52.5084519854841,1.84410117817329));
#11348=CARTESIAN_POINT('Ctrl Pts',(22.4201895851522,-52.5576200196421,1.8427262188606));
#11349=CARTESIAN_POINT('Ctrl Pts',(22.3234572972846,-52.6113303495117,1.84138323352039));
#11350=CARTESIAN_POINT('Ctrl Pts',(22.2294647180797,-52.6693273038467,1.84007869258127));
#11351=CARTESIAN_POINT('Ctrl Pts',(22.1353745872788,-52.7273844511831,1.83877279770495));
#11352=CARTESIAN_POINT('Ctrl Pts',(22.0440301782751,-52.7897368847499,1.83750542707133));
#11353=CARTESIAN_POINT('Ctrl Pts',(21.9558236090656,-52.8560859858436,1.83628307127623));
#11354=CARTESIAN_POINT('Ctrl Pts',(21.928065276605,-52.8769658412005,1.83589839971663));
#11355=CARTESIAN_POINT('Ctrl Pts',(21.9006174491205,-52.8982412048522,1.83551818616233));
#11356=CARTESIAN_POINT('Ctrl Pts',(21.8734916406057,-52.9199019700192,1.83514263289752));
#11357=CARTESIAN_POINT('Ctrl Pts',(21.7847248734514,-52.9907848746492,1.83391366863664));
#11358=CARTESIAN_POINT('Ctrl Pts',(21.6992639628793,-53.0659137104721,1.83273460986502));
#11359=CARTESIAN_POINT('Ctrl Pts',(21.617510572395,-53.1449584305376,1.83160865826855));
#11360=CARTESIAN_POINT('Ctrl Pts',(21.5358202394474,-53.2239421823018,1.83048357513433));
#11361=CARTESIAN_POINT('Ctrl Pts',(21.4578319888624,-53.3068355454167,1.82941151728222));
#11362=CARTESIAN_POINT('Ctrl Pts',(21.3839126071999,-53.3932697938911,1.82839567899532));
#11363=CARTESIAN_POINT('Ctrl Pts',(21.3100462081927,-53.4796420895206,1.82738056882341));
#11364=CARTESIAN_POINT('Ctrl Pts',(21.2402430994558,-53.5695499329426,1.8264215976534));
#11365=CARTESIAN_POINT('Ctrl Pts',(21.1748313806911,-53.6625897231476,1.82552195290467));
#11366=CARTESIAN_POINT('Ctrl Pts',(21.1094506383418,-53.75558545337,1.82462273419229));
#11367=CARTESIAN_POINT('Ctrl Pts',(21.0484573509427,-53.8517098764124,1.82378278572517));
#11368=CARTESIAN_POINT('Ctrl Pts',(20.992137708779,-53.9505284547364,1.82300529039654));
#11369=CARTESIAN_POINT('Ctrl Pts',(20.9358380540663,-54.0493119630313,1.82222807099561));
#11370=CARTESIAN_POINT('Ctrl Pts',(20.8842089188158,-54.1507874040106,1.82151326041265));
#11371=CARTESIAN_POINT('Ctrl Pts',(20.8374916568725,-54.2544937009026,1.82086403815332));
#11372=CARTESIAN_POINT('Ctrl Pts',(20.7907854375102,-54.3581754846888,1.82021496935096));
#11373=CARTESIAN_POINT('Ctrl Pts',(20.7489889261501,-54.4640867405144,1.8196314578696));
#11374=CARTESIAN_POINT('Ctrl Pts',(20.7122961788815,-54.5717445265775,1.8191166809608));
#11375=CARTESIAN_POINT('Ctrl Pts',(20.6756017421068,-54.6794072697102,1.81860188034926));
#11376=CARTESIAN_POINT('Ctrl Pts',(20.6440116610364,-54.7888163599203,1.81815582064015));
#11377=CARTESIAN_POINT('Ctrl Pts',(20.6176707915867,-54.8994716447105,1.81778167952395));
#11378=CARTESIAN_POINT('Ctrl Pts',(20.5913310935328,-55.0101220085872,1.81740755504604));
#11379=CARTESIAN_POINT('Ctrl Pts',(20.5702402224269,-55.1220181007232,1.81710534276465));
#11380=CARTESIAN_POINT('Ctrl Pts',(20.5544922648618,-55.2346479440654,1.8168782199463));
#11381=CARTESIAN_POINT('Ctrl Pts',(20.5387397332248,-55.3473105013013,1.81665103115902));
#11382=CARTESIAN_POINT('Ctrl Pts',(20.5283332647513,-55.4607068738798,1.81649897546133));
#11383=CARTESIAN_POINT('Ctrl Pts',(20.5233152850384,-55.5743181270249,1.81642523288915));
#11384=CARTESIAN_POINT('Ctrl Pts',(20.5209328854961,-55.628257643121,1.8163902219325));
#11385=CARTESIAN_POINT('Ctrl Pts',(20.5197643430832,-55.6822455344126,1.81637286346481));
#11386=CARTESIAN_POINT('Ctrl Pts',(20.5198100869682,-55.7362261143849,1.81637349780738));
#11387=CARTESIAN_POINT('',(24.1197698780875,-52.13301,1.2));
#11388=CARTESIAN_POINT('Origin',(135.844948283667,-117.237390333198,1.2));
#11389=CARTESIAN_POINT('',(135.091013435002,-118.038378625227,3.6));
#11390=CARTESIAN_POINT('',(134.802677999791,-117.5890615651,3.6));
#11391=CARTESIAN_POINT('Origin',(135.844948283667,-117.237390333198,3.6));
#11392=CARTESIAN_POINT('',(135.091013435002,-118.038378625227,1.2));
#11393=CARTESIAN_POINT('',(135.091013435002,-118.038378625227,1.2));
#11394=CARTESIAN_POINT('',(134.802677999791,-117.5890615651,1.2));
#11395=CARTESIAN_POINT('Origin',(135.844948283667,-117.237390333198,1.2));
#11396=CARTESIAN_POINT('',(134.802677999791,-117.5890615651,1.2));
#11397=CARTESIAN_POINT('Origin',(141.494086862873,-120.972762891693,1.2));
#11398=CARTESIAN_POINT('',(141.494086862873,-120.972762891693,3.6));
#11399=CARTESIAN_POINT('',(110.515383489442,-106.775921203319,3.6));
#11400=CARTESIAN_POINT('',(141.494086862873,-120.972762891693,1.2));
#11401=CARTESIAN_POINT('',(141.494086862873,-120.972762891693,1.2));
#11402=CARTESIAN_POINT('',(141.494086862873,-120.972762891693,1.2));
#11403=CARTESIAN_POINT('Origin',(139.99416131901,-124.2454923276,1.2));
#11404=CARTESIAN_POINT('',(143.256978017987,-125.766860720024,3.6));
#11405=CARTESIAN_POINT('Origin',(139.99416131901,-124.2454923276,3.6));
#11406=CARTESIAN_POINT('',(143.256978017987,-125.766860720024,1.2));
#11407=CARTESIAN_POINT('',(143.256978017987,-125.766860720024,1.2));
#11408=CARTESIAN_POINT('Origin',(139.99416131901,-124.2454923276,1.2));
#11409=CARTESIAN_POINT('Origin',(136.322109531958,-140.638735496354,1.2));
#11410=CARTESIAN_POINT('',(136.322109531958,-140.638735496354,3.6));
#11411=CARTESIAN_POINT('',(139.987117801525,-132.779099203464,3.6));
#11412=CARTESIAN_POINT('',(136.322109531958,-140.638735496354,1.2));
#11413=CARTESIAN_POINT('',(136.322109531958,-140.638735496354,1.2));
#11414=CARTESIAN_POINT('',(136.322109531958,-140.638735496354,1.2));
#11415=CARTESIAN_POINT('Origin',(133.05939991488,-139.1172918197,1.2));
#11416=CARTESIAN_POINT('',(131.575061123238,-142.397048404909,3.6));
#11417=CARTESIAN_POINT('Origin',(133.05939991488,-139.1172918197,3.6));
#11418=CARTESIAN_POINT('',(131.575061123238,-142.397048404909,1.2));
#11419=CARTESIAN_POINT('',(131.575061123238,-142.397048404909,1.2));
#11420=CARTESIAN_POINT('Origin',(133.05939991488,-139.1172918197,1.2));
#11421=CARTESIAN_POINT('Origin',(122.259749171911,-138.181136533777,1.2));
#11422=CARTESIAN_POINT('',(95.9601088019027,-126.278479207673,3.6));
#11423=CARTESIAN_POINT('',(122.259749171911,-138.181136533777,1.2));
#11424=CARTESIAN_POINT('Origin',(24.1181445874596,-134.636344003425,1.2));
#11425=CARTESIAN_POINT('',(24.1181445849126,-134.63634399964,1.86626387607741));
#11426=CARTESIAN_POINT('',(46.6660481279359,-134.636344001531,2.29920594122602));
#11427=CARTESIAN_POINT('',(51.3596995517472,-134.636344001137,2.38932865260213));
#11428=CARTESIAN_POINT('',(24.1181445874596,-134.636344003425,1.2));
#11429=CARTESIAN_POINT('',(46.6660481279359,-134.636344001531,1.2));
#11430=CARTESIAN_POINT('Origin',(24.118070001319,-131.0363949986,1.2));
#11431=CARTESIAN_POINT('',(20.5181210198964,-131.036049231777,1.81634107220754));
#11432=CARTESIAN_POINT('Ctrl Pts',(20.5181210198964,-131.036049231777,1.8163410728688));
#11433=CARTESIAN_POINT('Ctrl Pts',(20.5181103986456,-131.146632313587,1.81634092563616));
#11434=CARTESIAN_POINT('Ctrl Pts',(20.5231994436886,-131.257279177958,1.81641410818126));
#11435=CARTESIAN_POINT('Ctrl Pts',(20.5333796391156,-131.367495882813,1.81655846206174));
#11436=CARTESIAN_POINT('Ctrl Pts',(20.5435559224143,-131.477670232697,1.81670276046872));
#11437=CARTESIAN_POINT('Ctrl Pts',(20.5588194253548,-131.587414353214,1.81691817552099));
#11438=CARTESIAN_POINT('Ctrl Pts',(20.5791096370485,-131.696237652968,1.81720255126357));
#11439=CARTESIAN_POINT('Ctrl Pts',(20.5993964195749,-131.805042560932,1.81748687894495));
#11440=CARTESIAN_POINT('Ctrl Pts',(20.624708145559,-131.912926563984,1.81784014400908));
#11441=CARTESIAN_POINT('Ctrl Pts',(20.6549329721038,-132.019408073426,1.81826019159393));
#11442=CARTESIAN_POINT('Ctrl Pts',(20.6851591962011,-132.12589450642,1.81868025860117));
#11443=CARTESIAN_POINT('Ctrl Pts',(20.7202988620215,-132.230977931471,1.81916711430514));
#11444=CARTESIAN_POINT('Ctrl Pts',(20.7601900846057,-132.334191305165,1.81971860354486));
#11445=CARTESIAN_POINT('Ctrl Pts',(20.8001076648419,-132.437472875871,1.82027045717456));
#11446=CARTESIAN_POINT('Ctrl Pts',(20.8447829275392,-132.538881552979,1.82088702977992));
#11447=CARTESIAN_POINT('Ctrl Pts',(20.8940055852751,-132.637969670478,1.82156616192517));
#11448=CARTESIAN_POINT('Ctrl Pts',(20.9432469328838,-132.737095411794,1.8222455519373));
#11449=CARTESIAN_POINT('Ctrl Pts',(20.9970389270507,-132.833898484067,1.82298754900613));
#11450=CARTESIAN_POINT('Ctrl Pts',(21.0551256305873,-132.927956409235,1.82378999123513));
#11451=CARTESIAN_POINT('Ctrl Pts',(21.1132716971256,-133.022110458996,1.82459325353786));
#11452=CARTESIAN_POINT('Ctrl Pts',(21.175721015933,-133.113513425258,1.82545708461046));
#11453=CARTESIAN_POINT('Ctrl Pts',(21.2421746855277,-133.201772314684,1.82637931592142));
#11454=CARTESIAN_POINT('Ctrl Pts',(21.2624050153617,-133.228640754828,1.82666006856786));
#11455=CARTESIAN_POINT('Ctrl Pts',(21.2830061718717,-133.255218047787,1.82694623352364));
#11456=CARTESIAN_POINT('Ctrl Pts',(21.3039690024379,-133.281493739524,1.8272377496076));
#11457=CARTESIAN_POINT('Ctrl Pts',(21.3748500995054,-133.37033908179,1.82822344568424));
#11458=CARTESIAN_POINT('Ctrl Pts',(21.4499821587274,-133.455875248302,1.82927032132347));
#11459=CARTESIAN_POINT('Ctrl Pts',(21.5290345687027,-133.537700321238,1.83037209420667));
#11460=CARTESIAN_POINT('Ctrl Pts',(21.6080273627247,-133.619463687267,1.83147303620766));
#11461=CARTESIAN_POINT('Ctrl Pts',(21.6909343624402,-133.697521276454,1.8326287926843));
#11462=CARTESIAN_POINT('Ctrl Pts',(21.7773862997149,-133.771506074488,1.83383309552034));
#11463=CARTESIAN_POINT('Ctrl Pts',(21.8637779197444,-133.845439253561,1.83503655811807));
#11464=CARTESIAN_POINT('Ctrl Pts',(21.9537092693327,-133.915305071366,1.83628849935753));
#11465=CARTESIAN_POINT('Ctrl Pts',(22.0467762192727,-133.980775214682,1.83758266423307));
#11466=CARTESIAN_POINT('Ctrl Pts',(22.1397999870061,-134.046214980456,1.83887622862804));
#11467=CARTESIAN_POINT('Ctrl Pts',(22.2359561580584,-134.10726292746,1.84021197748541));
#11468=CARTESIAN_POINT('Ctrl Pts',(22.3348096842515,-134.163632666251,1.84158366450227));
#11469=CARTESIAN_POINT('Ctrl Pts',(22.43362882016,-134.219982794498,1.84295487432111));
#11470=CARTESIAN_POINT('Ctrl Pts',(22.535143124635,-134.271657778654,1.84436199729864));
#11471=CARTESIAN_POINT('Ctrl Pts',(22.6388910227748,-134.318416073766,1.84579879364878));
#11472=CARTESIAN_POINT('Ctrl Pts',(22.7426148583867,-134.365163524101,1.8472352567589));
#11473=CARTESIAN_POINT('Ctrl Pts',(22.848570922956,-134.406996409792,1.84870137947876));
#11474=CARTESIAN_POINT('Ctrl Pts',(22.9562757829162,-134.443720486793,1.85019092636294));
#11475=CARTESIAN_POINT('Ctrl Pts',(23.0639856012047,-134.480446254432,1.85168054182026));
#11476=CARTESIAN_POINT('Ctrl Pts',(23.173444032619,-134.512062621686,1.85319358359867));
#11477=CARTESIAN_POINT('Ctrl Pts',(23.2841504348758,-134.538424545178,1.85472381539148));
#11478=CARTESIAN_POINT('Ctrl Pts',(23.3948518116232,-134.564785271972,1.85625397771952));
#11479=CARTESIAN_POINT('Ctrl Pts',(23.5068006911989,-134.585891949957,1.85780132850133));
#11480=CARTESIAN_POINT('Ctrl Pts',(23.6194845990907,-134.601650302935,1.85935963227949));
#11481=CARTESIAN_POINT('Ctrl Pts',(23.7322003134252,-134.617413103904,1.86091837590839));
#11482=CARTESIAN_POINT('Ctrl Pts',(23.8456511097002,-134.627824514715,1.86248807871775));
#11483=CARTESIAN_POINT('Ctrl Pts',(23.9593175471183,-134.632841918365,1.86406249996856));
#11484=CARTESIAN_POINT('Ctrl Pts',(24.0122307377327,-134.635177584387,1.86479541333898));
#11485=CARTESIAN_POINT('Ctrl Pts',(24.0651905994916,-134.636345092991,1.86552934920624));
#11486=CARTESIAN_POINT('Ctrl Pts',(24.1181445874582,-134.636343995855,1.86626367801903));
#11487=CARTESIAN_POINT('',(20.5181210198964,-131.036049231777,1.2));
#11488=CARTESIAN_POINT('Origin',(20.5243733551629,-108.663796468047,1.2));
#11489=CARTESIAN_POINT('',(20.5243733551629,-108.663796468048,1.81646112317775));
#11490=CARTESIAN_POINT('',(20.5263419591198,-101.619691595561,1.81649892230479));
#11491=CARTESIAN_POINT('',(20.5243733551629,-108.663796468047,1.2));
#11492=CARTESIAN_POINT('Origin',(19.7250280185543,-108.663573076371,1.2));
#11493=CARTESIAN_POINT('',(20.4971363484606,-108.456687252906,1.81528388900295));
#11494=CARTESIAN_POINT('Origin',(19.7253404019458,-108.663724954261,1.78192543291992));
#11495=CARTESIAN_POINT('',(20.4971363484606,-108.456687252906,1.2));
#11496=CARTESIAN_POINT('Origin',(13.7714733592406,-83.3561736887933,1.2));
#11497=CARTESIAN_POINT('',(13.7714734208162,-83.3561739056405,1.68606858582338));
#11498=CARTESIAN_POINT('',(17.3481320168477,-96.7044442300559,1.75481991695338));
#11499=CARTESIAN_POINT('',(13.7714733592406,-83.3561736887933,1.2));
#11500=CARTESIAN_POINT('Origin',(17.240279040123,-82.3711772853,1.2));
#11501=CARTESIAN_POINT('Origin',(17.240279040123,-82.3711772853,1.73420231077777));
#11502=CARTESIAN_POINT('Origin',(132.402678000186,-110.549733985099,1.93499998509868));
#11503=CARTESIAN_POINT('',(134.302677999769,-110.549733985099,2.8));
#11504=CARTESIAN_POINT('',(134.302677999814,-110.549733985099,1.56749999254934));
#11505=CARTESIAN_POINT('',(132.402678000186,-110.549733985099,2.8));
#11506=CARTESIAN_POINT('Origin',(132.402678000186,-114.149734014901,2.8));
#11507=CARTESIAN_POINT('',(134.302677999799,-115.149734014901,2.8));
#11508=CARTESIAN_POINT('',(134.302677999783,-114.995639184264,3.33333333333387));
#11509=CARTESIAN_POINT('Origin',(134.302677999783,-114.149734014901,2.8));
#11510=CARTESIAN_POINT('',(133.602677999799,-115.149734014901,2.8));
#11511=CARTESIAN_POINT('',(132.402678000186,-115.149734014901,2.8));
#11512=CARTESIAN_POINT('',(133.602677999802,-114.149734014901,3.8));
#11513=CARTESIAN_POINT('Origin',(133.60267799979,-114.149734014901,2.8));
#11514=CARTESIAN_POINT('',(134.282473896915,-114.149734014901,3.8));
#11515=CARTESIAN_POINT('',(132.402678000186,-114.149734014901,3.8));
#11516=CARTESIAN_POINT('',(134.3026779998,-114.7497340149,3.60000000000081));
#11517=CARTESIAN_POINT('Ctrl Pts',(134.3026779998,-114.7497340149,3.60000000000078));
#11518=CARTESIAN_POINT('Ctrl Pts',(134.3026779998,-114.72959938321,3.61510097376801));
#11519=CARTESIAN_POINT('Ctrl Pts',(134.302270772739,-114.708002521705,3.6301075655448));
#11520=CARTESIAN_POINT('Ctrl Pts',(134.301531158965,-114.684988831535,3.64469064234787));
#11521=CARTESIAN_POINT('Ctrl Pts',(134.301105019853,-114.671729162987,3.65309289176526));
#11522=CARTESIAN_POINT('Ctrl Pts',(134.300568539854,-114.658000062514,3.66135457911125));
#11523=CARTESIAN_POINT('Ctrl Pts',(134.299936033431,-114.643818051831,3.66941415013297));
#11524=CARTESIAN_POINT('Ctrl Pts',(134.298972895478,-114.62222264625,3.68168671915755));
#11525=CARTESIAN_POINT('Ctrl Pts',(134.297863673805,-114.59945847063,3.69355485290273));
#11526=CARTESIAN_POINT('Ctrl Pts',(134.296680954123,-114.575651689255,3.70476192154244));
#11527=CARTESIAN_POINT('Ctrl Pts',(134.295521132997,-114.55230582936,3.71575201088586));
#11528=CARTESIAN_POINT('Ctrl Pts',(134.294290632291,-114.527957621866,3.7261057718728));
#11529=CARTESIAN_POINT('Ctrl Pts',(134.293057902833,-114.502765555738,3.73561142103665));
#11530=CARTESIAN_POINT('Ctrl Pts',(134.291841927981,-114.477915886845,3.74498787444582));
#11531=CARTESIAN_POINT('Ctrl Pts',(134.29062378455,-114.452245560639,3.75353860791626));
#11532=CARTESIAN_POINT('Ctrl Pts',(134.289469170086,-114.425940383171,3.76109835195311));
#11533=CARTESIAN_POINT('Ctrl Pts',(134.288327768389,-114.399936227543,3.76857158647839));
#11534=CARTESIAN_POINT('Ctrl Pts',(134.287248449999,-114.373312200896,3.77507601764688));
#11535=CARTESIAN_POINT('Ctrl Pts',(134.286294682755,-114.346273875883,3.78049583530238));
#11536=CARTESIAN_POINT('Ctrl Pts',(134.285344707473,-114.319343049107,3.78589410499413));
#11537=CARTESIAN_POINT('Ctrl Pts',(134.284519286997,-114.29200180762,3.79021610659589));
#11538=CARTESIAN_POINT('Ctrl Pts',(134.283881135172,-114.264470890309,3.79339591775973));
#11539=CARTESIAN_POINT('Ctrl Pts',(134.283243631378,-114.236967930138,3.79657249988379));
#11540=CARTESIAN_POINT('Ctrl Pts',(134.282793016092,-114.209276323979,3.79860909235225));
#11541=CARTESIAN_POINT('Ctrl Pts',(134.282591812299,-114.181624425628,3.79949137150035));
#11542=CARTESIAN_POINT('Ctrl Pts',(134.282514389496,-114.170984032496,3.7998308706866));
#11543=CARTESIAN_POINT('Ctrl Pts',(134.282473896915,-114.160349554459,3.8));
#11544=CARTESIAN_POINT('Ctrl Pts',(134.282473896915,-114.149734014901,3.8));
#11545=CARTESIAN_POINT('Ctrl Pts',(134.302677999791,-114.995639184264,3.33333333333385));
#11546=CARTESIAN_POINT('Ctrl Pts',(134.302677999791,-114.963194151944,3.38479349688279));
#11547=CARTESIAN_POINT('Ctrl Pts',(134.302723143026,-114.926120754259,3.43318616428875));
#11548=CARTESIAN_POINT('Ctrl Pts',(134.302720552408,-114.843637708727,3.5226331607279));
#11549=CARTESIAN_POINT('Ctrl Pts',(134.302677999791,-114.798401879918,3.56349910123719));
#11550=CARTESIAN_POINT('Ctrl Pts',(134.302677999791,-114.7497340149,3.60000000000077));
#11551=CARTESIAN_POINT('Origin',(132.402678000186,-111.549733985099,2.8));
#11552=CARTESIAN_POINT('',(134.282473896924,-111.549733985099,3.8));
#11553=CARTESIAN_POINT('',(134.302677999813,-110.949733985098,3.59999999999919));
#11554=CARTESIAN_POINT('Ctrl Pts',(134.282473896924,-111.549733985099,3.8));
#11555=CARTESIAN_POINT('Ctrl Pts',(134.282473896924,-111.522142999138,3.8));
#11556=CARTESIAN_POINT('Ctrl Pts',(134.28274744,-111.494424010402,3.79885376312413));
#11557=CARTESIAN_POINT('Ctrl Pts',(134.283231978178,-111.466806052291,3.79655554685137));
#11558=CARTESIAN_POINT('Ctrl Pts',(134.283716866909,-111.439168113141,3.79425566786519));
#11559=CARTESIAN_POINT('Ctrl Pts',(134.284413056154,-111.411632006328,3.79080219529238));
#11560=CARTESIAN_POINT('Ctrl Pts',(134.285257862084,-111.384422701754,3.78624144082405));
#11561=CARTESIAN_POINT('Ctrl Pts',(134.286105835066,-111.357111393504,3.78166358875896));
#11562=CARTESIAN_POINT('Ctrl Pts',(134.287103541106,-111.330129970753,3.77597033961087));
#11563=CARTESIAN_POINT('Ctrl Pts',(134.288187588751,-111.303691629693,3.76925907751555));
#11564=CARTESIAN_POINT('Ctrl Pts',(134.289285564367,-111.276913605723,3.76246158833684));
#11565=CARTESIAN_POINT('Ctrl Pts',(134.290472114494,-111.250693307292,3.75462006541468));
#11566=CARTESIAN_POINT('Ctrl Pts',(134.291681372771,-111.225228187624,3.74588370712545));
#11567=CARTESIAN_POINT('Ctrl Pts',(134.292903592258,-111.199490124814,3.7370537098067));
#11568=CARTESIAN_POINT('Ctrl Pts',(134.294149009289,-111.174523993355,3.72731008321075));
#11569=CARTESIAN_POINT('Ctrl Pts',(134.295349616791,-111.150500990846,3.71684950580782));
#11570=CARTESIAN_POINT('Ctrl Pts',(134.296579147484,-111.125899263073,3.7061369282469));
#11571=CARTESIAN_POINT('Ctrl Pts',(134.297761683679,-111.102287056132,3.69467302074604));
#11572=CARTESIAN_POINT('Ctrl Pts',(134.298824183982,-111.079807194347,3.68270539328446));
#11573=CARTESIAN_POINT('Ctrl Pts',(134.299211974046,-111.071602521817,3.6783374632133));
#11574=CARTESIAN_POINT('Ctrl Pts',(134.299583774188,-111.063548272443,3.67390273125836));
#11575=CARTESIAN_POINT('Ctrl Pts',(134.299936033234,-111.055649947962,3.66941415001494));
#11576=CARTESIAN_POINT('Ctrl Pts',(134.301033821423,-111.031035427958,3.65542583223179));
#11577=CARTESIAN_POINT('Ctrl Pts',(134.301842343209,-111.007788193566,3.64082799165209));
#11578=CARTESIAN_POINT('Ctrl Pts',(134.302286758298,-110.985983361329,3.6259450551936));
#11579=CARTESIAN_POINT('Ctrl Pts',(134.302542814489,-110.973420191419,3.61737003579145));
#11580=CARTESIAN_POINT('Ctrl Pts',(134.302677999813,-110.961334844015,3.60870064418663));
#11581=CARTESIAN_POINT('Ctrl Pts',(134.302677999813,-110.949733985098,3.59999999999923));
#11582=CARTESIAN_POINT('',(132.402678000186,-111.549733985099,3.8));
#11583=CARTESIAN_POINT('',(134.302677999766,-110.703828815735,3.3333333333328));
#11584=CARTESIAN_POINT('Origin',(134.302677999766,-111.549733985099,2.8));
#11585=CARTESIAN_POINT('Ctrl Pts',(134.302677999791,-110.949733985098,3.59999999999923));
#11586=CARTESIAN_POINT('Ctrl Pts',(134.302677999791,-110.90106612008,3.56349910123581));
#11587=CARTESIAN_POINT('Ctrl Pts',(134.302720552408,-110.855830291272,3.52263316072681));
#11588=CARTESIAN_POINT('Ctrl Pts',(134.302723143025,-110.773347245742,3.43318616428959));
#11589=CARTESIAN_POINT('Ctrl Pts',(134.302677999791,-110.736273848056,3.38479349688277));
#11590=CARTESIAN_POINT('Ctrl Pts',(134.302677999791,-110.703828815735,3.33333333333263));
#11591=CARTESIAN_POINT('Origin',(134.402678000186,-103.802334,2.095));
#11592=CARTESIAN_POINT('',(134.302677999742,-104.835531941102,3.23022113022186));
#11593=CARTESIAN_POINT('Origin',(134.302677999745,-103.802334,2.095));
#11594=CARTESIAN_POINT('',(134.302227898542,-103.802334,3.62999999999998));
#11595=CARTESIAN_POINT('',(134.402678000186,-103.802334,3.62999999999998));
#11596=CARTESIAN_POINT('',(134.302677999836,-104.104327377409,3.60000000000031));
#11597=CARTESIAN_POINT('Ctrl Pts',(134.302677999836,-104.104327377409,3.60000000000035));
#11598=CARTESIAN_POINT('Ctrl Pts',(134.302677999836,-104.054420837843,3.61001424879652));
#11599=CARTESIAN_POINT('Ctrl Pts',(134.302621376585,-104.004051356542,3.61753933556265));
#11600=CARTESIAN_POINT('Ctrl Pts',(134.30239645011,-103.903179636045,3.62751480920026));
#11601=CARTESIAN_POINT('Ctrl Pts',(134.302227898542,-103.852766870032,3.62999999999998));
#11602=CARTESIAN_POINT('Ctrl Pts',(134.302227898542,-103.802334,3.62999999999998));
#11603=CARTESIAN_POINT('Ctrl Pts',(134.302677999787,-104.835531941102,3.23022113022195));
#11604=CARTESIAN_POINT('Ctrl Pts',(134.302677999787,-104.733146665792,3.32340496272242));
#11605=CARTESIAN_POINT('Ctrl Pts',(134.303003778549,-104.618621948227,3.40231458082642));
#11606=CARTESIAN_POINT('Ctrl Pts',(134.302971661335,-104.371503608001,3.52728527314339));
#11607=CARTESIAN_POINT('Ctrl Pts',(134.30267799979,-104.240068429153,3.57276219357556));
#11608=CARTESIAN_POINT('Ctrl Pts',(134.30267799979,-104.104327377409,3.60000000000035));
#11609=CARTESIAN_POINT('Origin',(134.402678000186,-103.802334,3.62999999999998));
#11610=CARTESIAN_POINT('',(134.302227898563,-97.462334,3.62999999999999));
#11611=CARTESIAN_POINT('',(134.302227898534,-106.090441991249,3.62999999999998));
#11612=CARTESIAN_POINT('',(134.402678000186,-97.462334,3.62999999999999));
#11613=CARTESIAN_POINT('Origin',(134.402678000186,-97.462334,2.095));
#11614=CARTESIAN_POINT('',(134.30267799986,-97.1603406225876,3.59999999999967));
#11615=CARTESIAN_POINT('Ctrl Pts',(134.302227898563,-97.462334,3.62999999999999));
#11616=CARTESIAN_POINT('Ctrl Pts',(134.302227898563,-97.4119011299677,3.62999999999999));
#11617=CARTESIAN_POINT('Ctrl Pts',(134.302396450132,-97.3614883639542,3.62751480920023));
#11618=CARTESIAN_POINT('Ctrl Pts',(134.302621376608,-97.2606166434562,3.61753933556247));
#11619=CARTESIAN_POINT('Ctrl Pts',(134.302677999859,-97.2102471621543,3.61001424879616));
#11620=CARTESIAN_POINT('Ctrl Pts',(134.30267799986,-97.1603406225876,3.59999999999967));
#11621=CARTESIAN_POINT('',(134.302677999717,-96.4291360588962,3.23022113022039));
#11622=CARTESIAN_POINT('Origin',(134.302677999717,-97.462334,2.095));
#11623=CARTESIAN_POINT('Ctrl Pts',(134.302677999791,-97.1603406225876,3.59999999999967));
#11624=CARTESIAN_POINT('Ctrl Pts',(134.302677999791,-97.0245995708434,3.5727621935746));
#11625=CARTESIAN_POINT('Ctrl Pts',(134.302971661337,-96.8931643919957,3.52728527314216));
#11626=CARTESIAN_POINT('Ctrl Pts',(134.303003778552,-96.6460460517709,3.40231458082516));
#11627=CARTESIAN_POINT('Ctrl Pts',(134.302677999791,-96.5315213342062,3.32340496272102));
#11628=CARTESIAN_POINT('Ctrl Pts',(134.302677999791,-96.4291360588962,3.23022113022039));
#11629=CARTESIAN_POINT('Origin',(100.124145493075,-51.6330099999997,1.2));
#11630=CARTESIAN_POINT('',(99.6486053643069,-51.7874819583974,3.29826133729939));
#11631=CARTESIAN_POINT('Origin',(100.124145493075,-51.6330099999997,3.32565384809939));
#11632=CARTESIAN_POINT('',(99.6486053643069,-51.7874819583974,1.2));
#11633=CARTESIAN_POINT('Origin',(96.224712227345,-52.89968142636,1.2));
#11634=CARTESIAN_POINT('',(96.2247182633822,-49.2996769999968,3.25078100370872));
#11635=CARTESIAN_POINT('Origin',(96.224712227345,-52.89968142636,3.25078090441316));
#11636=CARTESIAN_POINT('',(96.224718263588,-49.2996769999968,1.2));
#11637=CARTESIAN_POINT('Origin',(96.224718263588,-49.2996769999968,1.2));
#11638=CARTESIAN_POINT('',(82.6241398253188,-49.2996769999997,2.98963657338776));
#11639=CARTESIAN_POINT('',(87.3996992450898,-49.2996769999987,3.08133199863048));
#11640=CARTESIAN_POINT('',(82.6241398253188,-49.2996769999997,1.2));
#11641=CARTESIAN_POINT('Origin',(82.6241398253187,-48.7996769999997,1.2));
#11642=CARTESIAN_POINT('',(82.1486010773048,-48.9541532089684,2.96224414212327));
#11643=CARTESIAN_POINT('Origin',(82.6241398253187,-48.7996769999997,2.98963657338776));
#11644=CARTESIAN_POINT('',(82.1486010773048,-48.9541532089684,1.2));
#11645=CARTESIAN_POINT('Origin',(78.724669911037,-50.06639886412,1.2));
#11646=CARTESIAN_POINT('',(78.724729824265,-46.4663439999334,2.91476391598286));
#11647=CARTESIAN_POINT('Origin',(78.724669911037,-50.06639886412,2.91476292601339));
#11648=CARTESIAN_POINT('',(78.7247298263095,-46.4663439999334,1.2));
#11649=CARTESIAN_POINT('Origin',(78.7247298263095,-46.4663439999334,1.2));
#11650=CARTESIAN_POINT('',(61.4811584529019,-46.466344,2.58367053590885));
#11651=CARTESIAN_POINT('',(78.6529297649355,-46.4663439999337,2.91338544483787));
#11652=CARTESIAN_POINT('',(61.4811584531032,-46.466344,1.2));
#11653=CARTESIAN_POINT('Origin',(61.481137191629,-50.0663211577,1.2));
#11654=CARTESIAN_POINT('',(58.0612062840025,-48.942084472889,2.53624483451464));
#11655=CARTESIAN_POINT('Ctrl Pts',(61.4811584524993,-46.466344,2.58367047831809));
#11656=CARTESIAN_POINT('Ctrl Pts',(61.3688054137457,-46.4663433364615,2.58211244038835));
#11657=CARTESIAN_POINT('Ctrl Pts',(61.2564189268229,-46.4716067187959,2.58055418820841));
#11658=CARTESIAN_POINT('Ctrl Pts',(61.1445074300799,-46.4821174888144,2.57900254560313));
#11659=CARTESIAN_POINT('Ctrl Pts',(61.0326209095369,-46.4926259130588,2.57745124929056));
#11660=CARTESIAN_POINT('Ctrl Pts',(60.9212095474883,-46.5083793553069,2.57590655960275));
#11661=CARTESIAN_POINT('Ctrl Pts',(60.8107774870367,-46.5293092262991,2.57437529579678));
#11662=CARTESIAN_POINT('Ctrl Pts',(60.7003217549522,-46.5502435837078,2.5728437037572));
#11663=CARTESIAN_POINT('Ctrl Pts',(60.5908461198561,-46.5763565208935,2.57132554335587));
#11664=CARTESIAN_POINT('Ctrl Pts',(60.4828454172678,-46.6075281500662,2.56982763823605));
#11665=CARTESIAN_POINT('Ctrl Pts',(60.3748384698325,-46.6387015816536,2.56832964650394));
#11666=CARTESIAN_POINT('Ctrl Pts',(60.2683069900584,-46.6749341770701,2.56685191239581));
#11667=CARTESIAN_POINT('Ctrl Pts',(60.1637307110444,-46.716056138134,2.56540126073866));
#11668=CARTESIAN_POINT('Ctrl Pts',(60.0590889737097,-46.7572038390172,2.56394970106276));
#11669=CARTESIAN_POINT('Ctrl Pts',(59.9564052367134,-46.8032468776372,2.56252525775235));
#11670=CARTESIAN_POINT('Ctrl Pts',(59.856139549705,-46.8539671609937,2.5611347684582));
#11671=CARTESIAN_POINT('Ctrl Pts',(59.7824087652172,-46.8912645295442,2.56011226644841));
#11672=CARTESIAN_POINT('Ctrl Pts',(59.709985124021,-46.9310900864915,2.55910812492552));
#11673=CARTESIAN_POINT('Ctrl Pts',(59.6390428347682,-46.973341378129,2.55812506280984));
#11674=CARTESIAN_POINT('Ctrl Pts',(59.5407085544019,-47.0319065922132,2.55676242415356));
#11675=CARTESIAN_POINT('Ctrl Pts',(59.4451408578174,-47.0951820209465,2.55544028576405));
#11676=CARTESIAN_POINT('Ctrl Pts',(59.3527840751947,-47.1628837899964,2.55416325289858));
#11677=CARTESIAN_POINT('Ctrl Pts',(59.2604633920213,-47.2305590964896,2.5528867191863));
#11678=CARTESIAN_POINT('Ctrl Pts',(59.17135140616,-47.3026570843351,2.5516552557442));
#11679=CARTESIAN_POINT('Ctrl Pts',(59.085862337068,-47.3788513611216,2.55047346243146));
#11680=CARTESIAN_POINT('Ctrl Pts',(59.0003995865044,-47.4550221808597,2.54929203294374));
#11681=CARTESIAN_POINT('Ctrl Pts',(58.9185577930912,-47.535286539079,2.54816024300736));
#11682=CARTESIAN_POINT('Ctrl Pts',(58.840716986772,-47.619278722801,2.54708268823451));
#11683=CARTESIAN_POINT('Ctrl Pts',(58.7628936906452,-47.7032520125859,2.54600537585627));
#11684=CARTESIAN_POINT('Ctrl Pts',(58.6890698273575,-47.790951195405,2.54498227424405));
#11685=CARTESIAN_POINT('Ctrl Pts',(58.6195874987541,-47.881974827188,2.54401797590941));
#11686=CARTESIAN_POINT('Ctrl Pts',(58.5501060770245,-47.9729972709432,2.54305369016065));
#11687=CARTESIAN_POINT('Ctrl Pts',(58.4849662954073,-48.0673437978648,2.54214820615449));
#11688=CARTESIAN_POINT('Ctrl Pts',(58.4244690806632,-48.1645810083057,2.54130611622267));
#11689=CARTESIAN_POINT('Ctrl Pts',(58.3639781057797,-48.2618081894148,2.54046411314648));
#11690=CARTESIAN_POINT('Ctrl Pts',(58.308128927514,-48.3619251567998,2.539685491068));
#11691=CARTESIAN_POINT('Ctrl Pts',(58.257178178867,-48.464471033486,2.53897484089812));
#11692=CARTESIAN_POINT('Ctrl Pts',(58.2062199500925,-48.5670319650292,2.53826408639701));
#11693=CARTESIAN_POINT('Ctrl Pts',(58.1601617458716,-48.6720222009008,2.537621323764));
#11694=CARTESIAN_POINT('Ctrl Pts',(58.1192135119184,-48.7789576860206,2.53705114593226));
#11695=CARTESIAN_POINT('Ctrl Pts',(58.0985727485715,-48.8328606222074,2.53676373657283));
#11696=CARTESIAN_POINT('Ctrl Pts',(58.0792296042385,-48.8872574862905,2.53649477001308));
#11697=CARTESIAN_POINT('Ctrl Pts',(58.0612062855248,-48.9420844682583,2.53624483450292));
#11698=CARTESIAN_POINT('',(58.0612062813102,-48.9420844810791,1.2));
#11699=CARTESIAN_POINT('Origin',(59.0111931174611,-49.2543744283074,1.2));
#11700=CARTESIAN_POINT('',(58.0263854218013,-49.0807259253791,2.5362448344751));
#11701=CARTESIAN_POINT('Origin',(59.0111931174611,-49.2543744283074,2.53624483449533));
#11702=CARTESIAN_POINT('',(58.0263854218013,-49.0807259253791,1.2));
#11703=CARTESIAN_POINT('Origin',(58.037814039229,-49.0159111403181,1.2));
#11704=CARTESIAN_POINT('',(57.5464636448133,-51.80249230943,2.52703009272247));
#11705=CARTESIAN_POINT('',(54.4508246897698,-69.3586993361722,2.46759056112483));
#11706=CARTESIAN_POINT('',(57.546463644665,-51.8024923076178,1.2));
#11707=CARTESIAN_POINT('Origin',(57.152622151722,-51.73310241344,1.2));
#11708=CARTESIAN_POINT('',(57.1525939932686,-52.1330100004957,2.50055723268949));
#11709=CARTESIAN_POINT('Ctrl Pts',(57.5464636437494,-51.8024923128144,2.52703031806728));
#11710=CARTESIAN_POINT('Ctrl Pts',(57.542736958141,-51.8236441437518,2.52677983069016));
#11711=CARTESIAN_POINT('Ctrl Pts',(57.537299387199,-51.8445098558535,2.52641147094488));
#11712=CARTESIAN_POINT('Ctrl Pts',(57.530219642134,-51.864807440725,2.52593381539571));
#11713=CARTESIAN_POINT('Ctrl Pts',(57.5231429975742,-51.8850961364671,2.52545636903113));
#11714=CARTESIAN_POINT('Ctrl Pts',(57.5144258323651,-51.9048165610854,2.52486972257175));
#11715=CARTESIAN_POINT('Ctrl Pts',(57.5041861571057,-51.9237036440135,2.5241824413187));
#11716=CARTESIAN_POINT('Ctrl Pts',(57.4939358232045,-51.9426103868083,2.5234944446636));
#11717=CARTESIAN_POINT('Ctrl Pts',(57.482160141705,-51.9606814615591,2.52270560360106));
#11718=CARTESIAN_POINT('Ctrl Pts',(57.469022881165,-51.9776768548387,2.52182451020733));
#11719=CARTESIAN_POINT('Ctrl Pts',(57.4596433957825,-51.989810894683,2.52119544430869));
#11720=CARTESIAN_POINT('Ctrl Pts',(57.4495708360154,-52.0013971499313,2.52051935374127));
#11721=CARTESIAN_POINT('Ctrl Pts',(57.4388772854076,-52.0123587068627,2.51979936545348));
#11722=CARTESIAN_POINT('Ctrl Pts',(57.4235460908584,-52.0280741383449,2.51876712827444));
#11723=CARTESIAN_POINT('Ctrl Pts',(57.4069070202305,-52.0425348784483,2.51764466127372));
#11724=CARTESIAN_POINT('Ctrl Pts',(57.3891842812082,-52.0555375819166,2.51645019594186));
#11725=CARTESIAN_POINT('Ctrl Pts',(57.3714711521836,-52.0685332347845,2.51525637829822));
#11726=CARTESIAN_POINT('Ctrl Pts',(57.3526760137255,-52.0800720420771,2.51399064038318));
#11727=CARTESIAN_POINT('Ctrl Pts',(57.3330548933432,-52.0899918987553,2.51267118404579));
#11728=CARTESIAN_POINT('Ctrl Pts',(57.3134461077565,-52.0999055193265,2.51135255718316));
#11729=CARTESIAN_POINT('Ctrl Pts',(57.2930129267865,-52.1082019317233,2.509980279417));
#11730=CARTESIAN_POINT('Ctrl Pts',(57.2720352915538,-52.1147653288681,2.5085725182902));
#11731=CARTESIAN_POINT('Ctrl Pts',(57.2510524310316,-52.1213303608802,2.50716440650617));
#11732=CARTESIAN_POINT('Ctrl Pts',(57.2295254366103,-52.1261613211147,2.5057207936823));
#11733=CARTESIAN_POINT('Ctrl Pts',(57.2077503108291,-52.1291920056424,2.50425986094084));
#11734=CARTESIAN_POINT('Ctrl Pts',(57.1894795257632,-52.1317349524048,2.50303404078334));
#11735=CARTESIAN_POINT('Ctrl Pts',(57.1710345108679,-52.1330112968495,2.50179602683071));
#11736=CARTESIAN_POINT('Ctrl Pts',(57.1525940385348,-52.1330100004988,2.50055655923171));
#11737=CARTESIAN_POINT('',(57.1525939808545,-52.1330100004948,1.2));
#11738=CARTESIAN_POINT('Origin',(57.1525939808545,-52.1330100004948,1.2));
#11739=CARTESIAN_POINT('',(67.8708369594486,-52.1330100006553,2.70635868673402));
#11740=CARTESIAN_POINT('Origin',(59.0111931174611,-49.2543744283074,2.53624483449533));
#11741=CARTESIAN_POINT('',(58.9919956751996,-49.2543744255597,3.5360605461796));
#11742=CARTESIAN_POINT('Origin',(59.0111931185149,-49.2543744197257,2.53624483449533));
#11743=CARTESIAN_POINT('Origin',(59.0111931174611,-49.2543744283074,2.5362448344751));
#11744=CARTESIAN_POINT('Origin',(99.7472178774225,-187.923934351297,3.6));
#11745=CARTESIAN_POINT('',(122.672066594887,-137.270096280709,4.6));
#11746=CARTESIAN_POINT('Origin',(122.672066594887,-137.270096280709,3.6));
#11747=CARTESIAN_POINT('',(114.402677999932,-134.29019973774,4.6));
#11748=CARTESIAN_POINT('Origin',(99.7472178774225,-187.923934351297,4.6));
#11749=CARTESIAN_POINT('',(114.402010341777,-134.295266456071,4.5999871803085));
#11750=CARTESIAN_POINT('Ctrl Pts',(114.402677999932,-134.29019973774,4.6));
#11751=CARTESIAN_POINT('Ctrl Pts',(114.402677999932,-134.29180138536,4.6));
#11752=CARTESIAN_POINT('Ctrl Pts',(114.402466893697,-134.293596507082,4.59999594655321));
#11753=CARTESIAN_POINT('Ctrl Pts',(114.40201034177,-134.295266456069,4.59998718030838));
#11754=CARTESIAN_POINT('Ctrl Pts',(114.148518576148,-135.257412364935,3.60000002028638));
#11755=CARTESIAN_POINT('Ctrl Pts',(114.14849659695,-135.257406355107,3.60242251845952));
#11756=CARTESIAN_POINT('Ctrl Pts',(114.148476757852,-135.257391174445,3.60484478596416));
#11757=CARTESIAN_POINT('Ctrl Pts',(114.148160367085,-135.256934868379,3.650817488749));
#11758=CARTESIAN_POINT('Ctrl Pts',(114.148661800581,-135.253582813529,3.6941422946535));
#11759=CARTESIAN_POINT('Ctrl Pts',(114.151204042202,-135.241238150298,3.78115581308315));
#11760=CARTESIAN_POINT('Ctrl Pts',(114.153290304171,-135.23208026352,3.8248179628943));
#11761=CARTESIAN_POINT('Ctrl Pts',(114.158799432456,-135.209020379897,3.90800363372871));
#11762=CARTESIAN_POINT('Ctrl Pts',(114.162131572778,-135.195447077109,3.94761656026267));
#11763=CARTESIAN_POINT('Ctrl Pts',(114.17034177972,-135.162617117881,4.02762306394335));
#11764=CARTESIAN_POINT('Ctrl Pts',(114.175278769549,-135.143158191761,4.06763005056367));
#11765=CARTESIAN_POINT('Ctrl Pts',(114.186425465576,-135.0997001091,4.14430541430177));
#11766=CARTESIAN_POINT('Ctrl Pts',(114.192624364054,-135.075739553591,4.18099982099086));
#11767=CARTESIAN_POINT('Ctrl Pts',(114.205724356841,-135.025468340173,4.24814183287467));
#11768=CARTESIAN_POINT('Ctrl Pts',(114.212531813346,-134.99949093981,4.27885422017902));
#11769=CARTESIAN_POINT('Ctrl Pts',(114.226285927151,-134.947271982238,4.33334954336198));
#11770=CARTESIAN_POINT('Ctrl Pts',(114.233083110011,-134.921567947976,4.35738760445355));
#11771=CARTESIAN_POINT('Ctrl Pts',(114.248982092983,-134.86166966165,4.40735603775354));
#11772=CARTESIAN_POINT('Ctrl Pts',(114.258257260334,-134.826870520697,4.43248673213005));
#11773=CARTESIAN_POINT('Ctrl Pts',(114.277794268715,-134.753827729615,4.47808584019113));
#11774=CARTESIAN_POINT('Ctrl Pts',(114.288066463156,-134.715548170843,4.49849810942052));
#11775=CARTESIAN_POINT('Ctrl Pts',(114.300000843878,-134.671205091337,4.51842992866028));
#11776=CARTESIAN_POINT('Ctrl Pts',(114.30129626718,-134.66639350557,4.5205455433847));
#11777=CARTESIAN_POINT('Ctrl Pts',(114.313314460663,-134.621769610329,4.53973192677869));
#11778=CARTESIAN_POINT('Ctrl Pts',(114.32432467655,-134.580999565445,4.5540863952507));
#11779=CARTESIAN_POINT('Ctrl Pts',(114.346665840344,-134.498485211965,4.57704646675228));
#11780=CARTESIAN_POINT('Ctrl Pts',(114.357993254802,-134.456752036775,4.58570349903853));
#11781=CARTESIAN_POINT('Ctrl Pts',(114.38020827083,-134.37510989319,4.59689639327696));
#11782=CARTESIAN_POINT('Ctrl Pts',(114.391080034603,-134.335246695502,4.59977730769158));
#11783=CARTESIAN_POINT('Ctrl Pts',(114.402010341777,-134.295266456071,4.59998718030848));
#11784=CARTESIAN_POINT('Origin',(96.3724262248787,-125.367438954605,3.6));
#11785=CARTESIAN_POINT('',(131.987376421767,-141.486007190364,4.6));
#11786=CARTESIAN_POINT('Origin',(131.987376421767,-141.486007190364,3.6));
#11787=CARTESIAN_POINT('',(96.3724262248787,-125.367438954605,4.6));
#11788=CARTESIAN_POINT('Origin',(133.05939991488,-139.1172918197,3.6));
#11789=CARTESIAN_POINT('',(135.415801730606,-140.216117265313,4.6));
#11790=CARTESIAN_POINT('Origin',(135.415801730606,-140.216117265313,3.6));
#11791=CARTESIAN_POINT('Origin',(133.05939991488,-139.1172918197,4.6));
#11792=CARTESIAN_POINT('Origin',(139.080810000173,-132.356480972423,3.6));
#11793=CARTESIAN_POINT('',(142.350658738572,-125.344267104643,4.6));
#11794=CARTESIAN_POINT('Origin',(142.350658738572,-125.344267104643,3.6));
#11795=CARTESIAN_POINT('',(139.080810000173,-132.356480972423,4.6));
#11796=CARTESIAN_POINT('Origin',(139.99416131901,-124.2454923276,3.6));
#11797=CARTESIAN_POINT('',(141.077474123898,-121.88184695036,4.6));
#11798=CARTESIAN_POINT('Origin',(141.077474123898,-121.88184695036,3.6));
#11799=CARTESIAN_POINT('Origin',(139.99416131901,-124.2454923276,4.6));
#11800=CARTESIAN_POINT('Origin',(110.098770750466,-107.685005261987,3.6));
#11801=CARTESIAN_POINT('',(134.549540675307,-118.890242149968,4.6));
#11802=CARTESIAN_POINT('',(110.098770750466,-107.685005261987,4.6));
#11803=CARTESIAN_POINT('Ctrl Pts',(134.549540675307,-118.890242149969,4.6));
#11804=CARTESIAN_POINT('Ctrl Pts',(134.550765677286,-118.888231653446,4.6));
#11805=CARTESIAN_POINT('Ctrl Pts',(134.551990873851,-118.886221283621,4.59999180020083));
#11806=CARTESIAN_POINT('Ctrl Pts',(134.621895116743,-118.771544130616,4.59905628544401));
#11807=CARTESIAN_POINT('Ctrl Pts',(134.690499755776,-118.660459806565,4.5723897537638));
#11808=CARTESIAN_POINT('Ctrl Pts',(134.819829718573,-118.454152560423,4.47064899795825));
#11809=CARTESIAN_POINT('Ctrl Pts',(134.879383872521,-118.360812192068,4.3965032222528));
#11810=CARTESIAN_POINT('Ctrl Pts',(134.980387827879,-118.20474212137,4.21050082743446));
#11811=CARTESIAN_POINT('Ctrl Pts',(135.020997465857,-118.143246537844,4.10061302844943));
#11812=CARTESIAN_POINT('Ctrl Pts',(135.076365088998,-118.060035682961,3.86003825512821));
#11813=CARTESIAN_POINT('Ctrl Pts',(135.090826594404,-118.038656214761,3.73200237424977));
#11814=CARTESIAN_POINT('Ctrl Pts',(135.091012833534,-118.038379518828,3.60168365434008));
#11815=CARTESIAN_POINT('Ctrl Pts',(135.091013435002,-118.038378625227,3.60084179867409));
#11816=CARTESIAN_POINT('Ctrl Pts',(135.091013435002,-118.038378625227,3.6));
#11817=CARTESIAN_POINT('Ctrl Pts',(61.4885133300797,-46.4663517244363,2.58377247091541));
#11818=CARTESIAN_POINT('Ctrl Pts',(60.8415714459168,-46.464996461538,2.57480110703391));
#11819=CARTESIAN_POINT('Ctrl Pts',(59.3308281376778,-46.8777995690215,2.55385111399278));
#11820=CARTESIAN_POINT('Ctrl Pts',(58.3263054945271,-48.1297901040519,2.53992105568382));
#11821=CARTESIAN_POINT('Ctrl Pts',(58.058919388529,-48.9490663051921,2.536213121322));
#11822=CARTESIAN_POINT('Ctrl Pts',(61.4827758858192,-46.4663395912839,2.88292428568918));
#11823=CARTESIAN_POINT('Ctrl Pts',(60.8352638987946,-46.46604923027,2.87328153175738));
#11824=CARTESIAN_POINT('Ctrl Pts',(59.325861201977,-46.8809878390625,2.85080794315235));
#11825=CARTESIAN_POINT('Ctrl Pts',(58.3251735342898,-48.131871968863,2.83590843689362));
#11826=CARTESIAN_POINT('Ctrl Pts',(58.0583706411505,-48.9507474169784,2.83193083166831));
#11827=CARTESIAN_POINT('Ctrl Pts',(61.4722902635713,-46.7181143651817,3.40173037521935));
#11828=CARTESIAN_POINT('Ctrl Pts',(60.8707654246821,-46.7184952518708,3.39101698381654));
#11829=CARTESIAN_POINT('Ctrl Pts',(59.4680998133203,-47.106296276697,3.36602647668207));
#11830=CARTESIAN_POINT('Ctrl Pts',(58.5382644533746,-48.2698263308271,3.34945030470235));
#11831=CARTESIAN_POINT('Ctrl Pts',(58.2909157945748,-49.0298749621104,3.34504200040697));
#11832=CARTESIAN_POINT('Ctrl Pts',(61.4677069379451,-47.244086281061,3.58434230601857));
#11833=CARTESIAN_POINT('Ctrl Pts',(60.9606263607492,-47.2435075729532,3.57459343943255));
#11834=CARTESIAN_POINT('Ctrl Pts',(59.7770008373968,-47.5682912878053,3.55185671014791));
#11835=CARTESIAN_POINT('Ctrl Pts',(58.9907504837547,-48.5495681518986,3.5367691768587));
#11836=CARTESIAN_POINT('Ctrl Pts',(58.7815436483956,-49.1912280625986,3.5327471935523));
#11837=CARTESIAN_POINT('Ctrl Pts',(61.4672604973913,-47.4695552591258,3.58358272055542));
#11838=CARTESIAN_POINT('Ctrl Pts',(61.0006005303305,-47.4685706886839,3.57462254379058));
#11839=CARTESIAN_POINT('Ctrl Pts',(59.9108454380179,-47.7663211841037,3.55369826030196));
#11840=CARTESIAN_POINT('Ctrl Pts',(59.1862350123983,-48.6694228876389,3.53978486005308));
#11841=CARTESIAN_POINT('Ctrl Pts',(58.9933554367442,-49.2604003233751,3.5360814458233));
#11842=CARTESIAN_POINT('',(61.4619610107073,-47.466344,3.58348630384923));
#11843=CARTESIAN_POINT('Origin',(61.4619397492293,-50.0663211577,3.58348589560798));
#11844=CARTESIAN_POINT('Origin',(61.481158453107,-47.466344,2.58367059172758));
#11845=CARTESIAN_POINT('Origin',(78.6529297649393,-47.4663439999337,2.91338544483787));
#11846=CARTESIAN_POINT('',(78.7055157410322,-47.4663439997949,3.91457946900748));
#11847=CARTESIAN_POINT('',(78.6337323225397,-47.4663439999337,3.91320115695951));
#11848=CARTESIAN_POINT('Origin',(78.7247131834319,-47.4663439997949,2.91476375688584));
#11849=CARTESIAN_POINT('Ctrl Pts',(82.1508631219401,-48.9611414823701,2.96223296040618));
#11850=CARTESIAN_POINT('Ctrl Pts',(81.9517179141046,-48.3437120437198,2.95947135126816));
#11851=CARTESIAN_POINT('Ctrl Pts',(81.0887627992234,-47.0311608371831,2.94750448013338));
#11852=CARTESIAN_POINT('Ctrl Pts',(79.5815964981577,-46.4645226496687,2.92660413013476));
#11853=CARTESIAN_POINT('Ctrl Pts',(78.7173855146415,-46.4663517108751,2.91461984661436));
#11854=CARTESIAN_POINT('Ctrl Pts',(82.1503306816714,-48.9594456143044,3.26492181974152));
#11855=CARTESIAN_POINT('Ctrl Pts',(81.9503741052897,-48.340587308485,3.26194731775323));
#11856=CARTESIAN_POINT('Ctrl Pts',(81.0850201794216,-47.0266599664681,3.24908442491471));
#11857=CARTESIAN_POINT('Ctrl Pts',(79.576599542997,-46.4631019784988,3.22665186916043));
#11858=CARTESIAN_POINT('Ctrl Pts',(78.7116349731853,-46.4663502277356,3.21377077431375));
#11859=CARTESIAN_POINT('Ctrl Pts',(81.9037896594496,-49.0357187139309,3.78956928169036));
#11860=CARTESIAN_POINT('Ctrl Pts',(81.7176446567676,-48.4602526040437,3.78625620379726));
#11861=CARTESIAN_POINT('Ctrl Pts',(80.9107992483152,-47.2378123455006,3.77189324980784));
#11862=CARTESIAN_POINT('Ctrl Pts',(79.5057164690084,-46.7142549945929,3.74687083142459));
#11863=CARTESIAN_POINT('Ctrl Pts',(78.7021914287611,-46.7181502818273,3.73255969444325));
#11864=CARTESIAN_POINT('Ctrl Pts',(81.3938870419112,-49.1991104497771,3.96696251667296));
#11865=CARTESIAN_POINT('Ctrl Pts',(81.2375052250429,-48.7147477694199,3.96395582718671));
#11866=CARTESIAN_POINT('Ctrl Pts',(80.5597134819442,-47.6852745990842,3.95094062671979));
#11867=CARTESIAN_POINT('Ctrl Pts',(79.3771245356236,-47.2420156798045,3.92823689798311));
#11868=CARTESIAN_POINT('Ctrl Pts',(78.699747941504,-47.2440966446105,3.91521399051878));
#11869=CARTESIAN_POINT('Ctrl Pts',(81.1768750216448,-49.269148104512,3.96202652571819));
#11870=CARTESIAN_POINT('Ctrl Pts',(81.0332280192768,-48.8237783441156,3.95926841206598));
#11871=CARTESIAN_POINT('Ctrl Pts',(80.4107652214406,-47.8769943667389,3.94731649601841));
#11872=CARTESIAN_POINT('Ctrl Pts',(79.323606180676,-47.4682440989104,3.92644187368236));
#11873=CARTESIAN_POINT('Ctrl Pts',(78.7002174726865,-47.469554282861,3.91447240412358));
#11874=CARTESIAN_POINT('',(81.1783261388772,-49.2631056269058,3.96205985424491));
#11875=CARTESIAN_POINT('Origin',(78.7054724686373,-50.06639886412,3.91457863813504));
#11876=CARTESIAN_POINT('Origin',(81.1975235812769,-49.2631056269058,2.96224414212327));
#11877=CARTESIAN_POINT('Ctrl Pts',(81.1783261388772,-49.2631056269057,3.96205985424491));
#11878=CARTESIAN_POINT('Ctrl Pts',(81.2753916479124,-49.5619115786448,3.96392360723069));
#11879=CARTESIAN_POINT('Ctrl Pts',(81.6634996303684,-50.0953692779135,3.97137566119196));
#11880=CARTESIAN_POINT('Ctrl Pts',(82.2907661428264,-50.2996769999998,3.98341979352172));
#11881=CARTESIAN_POINT('Ctrl Pts',(82.6049423829193,-50.2996769999998,3.98945228550941));
#11882=CARTESIAN_POINT('Ctrl Pts',(81.4661375511447,-49.1695771658377,3.96758611567688));
#11883=CARTESIAN_POINT('Ctrl Pts',(81.5432952893603,-49.4078818200224,3.96905754873807));
#11884=CARTESIAN_POINT('Ctrl Pts',(81.8524532527966,-49.8344312770781,3.97502027096201));
#11885=CARTESIAN_POINT('Ctrl Pts',(82.3536814069447,-49.9996952102205,3.98465939463775));
#11886=CARTESIAN_POINT('Ctrl Pts',(82.6049423829193,-50.0004776996579,3.98945228550941));
#11887=CARTESIAN_POINT('Ctrl Pts',(81.9689268891176,-49.0077950880504,3.71966951741581));
#11888=CARTESIAN_POINT('Ctrl Pts',(82.0119405920059,-49.1422580801086,3.72092546591453));
#11889=CARTESIAN_POINT('Ctrl Pts',(82.1838831081157,-49.3836909114901,3.72593010957853));
#11890=CARTESIAN_POINT('Ctrl Pts',(82.4666032871278,-49.480633685516,3.73409441929706));
#11891=CARTESIAN_POINT('Ctrl Pts',(82.6097663759618,-49.482661765493,3.73821548329459));
#11892=CARTESIAN_POINT('Ctrl Pts',(82.1481850325764,-48.9528724590681,3.18924809033));
#11893=CARTESIAN_POINT('Ctrl Pts',(82.1799462574783,-49.0515679128,3.1909307974318));
#11894=CARTESIAN_POINT('Ctrl Pts',(82.3073684726892,-49.2287722636091,3.19764889571927));
#11895=CARTESIAN_POINT('Ctrl Pts',(82.5152658141726,-49.2987661851364,3.2085315378057));
#11896=CARTESIAN_POINT('Ctrl Pts',(82.6198319293181,-49.2996769999998,3.21399469454098));
#11897=CARTESIAN_POINT('Ctrl Pts',(82.1486010773048,-48.9541532089684,2.96224414212327));
#11898=CARTESIAN_POINT('Ctrl Pts',(82.1809562469832,-49.0537551928814,2.96410789510905));
#11899=CARTESIAN_POINT('Ctrl Pts',(82.3103255744685,-49.231574425971,2.97155994907032));
#11900=CARTESIAN_POINT('Ctrl Pts',(82.5194144119545,-49.2996769999998,2.98360408140008));
#11901=CARTESIAN_POINT('Ctrl Pts',(82.6241398253188,-49.2996769999998,2.98963657338776));
#11902=CARTESIAN_POINT('',(82.6049423829193,-50.2996769999997,3.98945228550941));
#11903=CARTESIAN_POINT('Origin',(82.604942382919,-48.7996769999997,3.98945228550941));
#11904=CARTESIAN_POINT('Origin',(82.624139825319,-50.2996769999997,2.98963657338776));
#11905=CARTESIAN_POINT('Origin',(87.39969924509,-50.2996769999987,3.08133199863048));
#11906=CARTESIAN_POINT('',(96.2055191444562,-50.2996769999954,4.2505967002417));
#11907=CARTESIAN_POINT('',(87.3805018026903,-50.2996769999987,4.08114771075213));
#11908=CARTESIAN_POINT('Origin',(96.2247165868558,-50.2996769999954,3.25078098812006));
#11909=CARTESIAN_POINT('Ctrl Pts',(99.6508720871531,-51.7944849525674,3.29824998049475));
#11910=CARTESIAN_POINT('Ctrl Pts',(99.4517326217728,-51.1770448022973,3.29548846603024));
#11911=CARTESIAN_POINT('Ctrl Pts',(98.5887531320078,-49.8644943287004,3.28352132204337));
#11912=CARTESIAN_POINT('Ctrl Pts',(97.0815790403352,-49.2978388551674,3.26262097784826));
#11913=CARTESIAN_POINT('Ctrl Pts',(96.2173585115134,-49.2996848542643,3.25063662724383));
#11914=CARTESIAN_POINT('Ctrl Pts',(99.650339771053,-51.7927891361441,3.60093893764455));
#11915=CARTESIAN_POINT('Ctrl Pts',(99.4503889159397,-51.1739201044983,3.59796453272278));
#11916=CARTESIAN_POINT('Ctrl Pts',(98.5850162436318,-49.8599734857273,3.58510148025488));
#11917=CARTESIAN_POINT('Ctrl Pts',(97.076582048205,-49.2964182404779,3.56266874940075));
#11918=CARTESIAN_POINT('Ctrl Pts',(96.2116079560658,-49.2996834061288,3.5497875654097));
#11919=CARTESIAN_POINT('Ctrl Pts',(99.4037878999782,-51.8690623312175,4.12557747229327));
#11920=CARTESIAN_POINT('Ctrl Pts',(99.2176484941612,-51.2935869519819,4.12226449506034));
#11921=CARTESIAN_POINT('Ctrl Pts',(98.410783103296,-50.0711569452114,4.10790131605817));
#11922=CARTESIAN_POINT('Ctrl Pts',(97.0057022028065,-49.5475824682453,4.08287923854634));
#11923=CARTESIAN_POINT('Ctrl Pts',(96.202169450668,-49.551493570742,4.06856796917784));
#11924=CARTESIAN_POINT('Ctrl Pts',(98.8938885027577,-52.0324455298632,4.30298136989549));
#11925=CARTESIAN_POINT('Ctrl Pts',(98.7375120530817,-51.5480770799759,4.29997478081678));
#11926=CARTESIAN_POINT('Ctrl Pts',(98.0597040812935,-50.5186131158726,4.28695935346205));
#11927=CARTESIAN_POINT('Ctrl Pts',(96.8771162602866,-50.0753400578718,4.26425553330758));
#11928=CARTESIAN_POINT('Ctrl Pts',(96.1997359145255,-50.0774343061967,4.25123254372328));
#11929=CARTESIAN_POINT('Ctrl Pts',(98.6768733737395,-52.1024810227453,4.2980436364667));
#11930=CARTESIAN_POINT('Ctrl Pts',(98.5332316737002,-51.657107119104,4.29528562475179));
#11931=CARTESIAN_POINT('Ctrl Pts',(97.9107563387158,-50.710331236823,4.28333346664571));
#11932=CARTESIAN_POINT('Ctrl Pts',(96.8236004216689,-50.3015717975471,4.26245890556169));
#11933=CARTESIAN_POINT('Ctrl Pts',(96.2002098260092,-50.3028941694264,4.2504894002676));
#11934=CARTESIAN_POINT('',(98.678327664371,-52.0964258751927,4.29807704942103));
#11935=CARTESIAN_POINT('Origin',(96.2055147849453,-52.89968142636,4.2505966165348));
#11936=CARTESIAN_POINT('Origin',(98.6975251067707,-52.0964258751927,3.29826133729939));
#11937=CARTESIAN_POINT('Ctrl Pts',(98.678327664371,-52.0964258751927,4.29807704942103));
#11938=CARTESIAN_POINT('Ctrl Pts',(98.7753911929169,-52.3952348198207,4.29994076437948));
#11939=CARTESIAN_POINT('Ctrl Pts',(99.1635094052901,-52.9286844482379,4.30739301476519));
#11940=CARTESIAN_POINT('Ctrl Pts',(99.7907695759779,-53.1330099999998,4.31943702532674));
#11941=CARTESIAN_POINT('Ctrl Pts',(100.104948050676,-53.1330099999998,4.32546956022103));
#11942=CARTESIAN_POINT('Ctrl Pts',(98.9661399221978,-52.0028999844447,4.30360332708857));
#11943=CARTESIAN_POINT('Ctrl Pts',(99.0432960847201,-52.2412070189611,4.30507473009945));
#11944=CARTESIAN_POINT('Ctrl Pts',(99.3524678481279,-52.6677410950271,4.31103839174708));
#11945=CARTESIAN_POINT('Ctrl Pts',(99.8536852875863,-52.833028204655,4.32067663525954));
#11946=CARTESIAN_POINT('Ctrl Pts',(100.104948050676,-52.8338106996579,4.32546956022103));
#11947=CARTESIAN_POINT('Ctrl Pts',(99.4689204399698,-51.8411257502386,4.05567756684535));
#11948=CARTESIAN_POINT('Ctrl Pts',(99.5119332616138,-51.9755900721039,4.05693348966684));
#11949=CARTESIAN_POINT('Ctrl Pts',(99.6838840114417,-52.2170264954366,4.06193830377901));
#11950=CARTESIAN_POINT('Ctrl Pts',(99.9666081035646,-52.3139771049986,4.07010297035496));
#11951=CARTESIAN_POINT('Ctrl Pts',(100.109772210658,-52.3160051994004,4.0742240636639));
#11952=CARTESIAN_POINT('Ctrl Pts',(99.6481893424597,-51.7862012399756,3.52526529330046));
#11953=CARTESIAN_POINT('Ctrl Pts',(99.6799499177073,-51.8848976746569,3.52694796605362));
#11954=CARTESIAN_POINT('Ctrl Pts',(99.8073791613682,-52.062094000779,3.53366613711457));
#11955=CARTESIAN_POINT('Ctrl Pts',(100.015270738194,-52.1320991786581,3.54454877366016));
#11956=CARTESIAN_POINT('Ctrl Pts',(100.119837597074,-52.1330099999998,3.5500119692526));
#11957=CARTESIAN_POINT('Ctrl Pts',(99.6486053643069,-51.7874819583974,3.29826133729939));
#11958=CARTESIAN_POINT('Ctrl Pts',(99.6809598738222,-51.8870849399401,3.30012505225783));
#11959=CARTESIAN_POINT('Ctrl Pts',(99.81033261128,-52.0649014827458,3.30757730264355));
#11960=CARTESIAN_POINT('Ctrl Pts',(100.019419334843,-52.1330099999998,3.3196213132051));
#11961=CARTESIAN_POINT('Ctrl Pts',(100.124145493075,-52.1330099999998,3.32565384809939));
#11962=CARTESIAN_POINT('',(100.104948050676,-53.1330099999997,4.32546956022103));
#11963=CARTESIAN_POINT('Origin',(100.104948050675,-51.6330099999998,4.32546956022103));
#11964=CARTESIAN_POINT('Origin',(100.124145493076,-53.1330099999997,3.32565384809939));
#11965=CARTESIAN_POINT('Origin',(104.882237052833,-53.1330099999982,3.4170138732955));
#11966=CARTESIAN_POINT('',(114.402677999907,-53.1330099999953,4.6));
#11967=CARTESIAN_POINT('',(104.863039610433,-53.1330099999983,4.41682958541714));
#11968=CARTESIAN_POINT('Origin',(114.412277605652,-53.1330099999953,3.6));
#11969=CARTESIAN_POINT('Origin',(135.844948283667,-117.237390333198,3.6));
#11970=CARTESIAN_POINT('',(133.80267799979,-117.726401670073,4.6));
#11971=CARTESIAN_POINT('Ctrl Pts',(134.802677999791,-117.5890615651,3.6));
#11972=CARTESIAN_POINT('Ctrl Pts',(134.802677999791,-117.5890615651,3.72856703514408));
#11973=CARTESIAN_POINT('Ctrl Pts',(134.777892960408,-117.593189000398,3.8557863889271));
#11974=CARTESIAN_POINT('Ctrl Pts',(134.681322536592,-117.608528543423,4.09468410606779));
#11975=CARTESIAN_POINT('Ctrl Pts',(134.610130489777,-117.619589195688,4.20385480161792));
#11976=CARTESIAN_POINT('Ctrl Pts',(134.429398597065,-117.645982694252,4.3901145034147));
#11977=CARTESIAN_POINT('Ctrl Pts',(134.321046838213,-117.661098007387,4.46503663758739));
#11978=CARTESIAN_POINT('Ctrl Pts',(134.139831058541,-117.684905951822,4.54384859586117));
#11979=CARTESIAN_POINT('Ctrl Pts',(134.075618453577,-117.693115628594,4.56437781886751));
#11980=CARTESIAN_POINT('Ctrl Pts',(133.944035162679,-117.709490029481,4.59224107232171));
#11981=CARTESIAN_POINT('Ctrl Pts',(133.876980372791,-117.717615794392,4.59950341717381));
#11982=CARTESIAN_POINT('Ctrl Pts',(133.807354183182,-117.725849394484,4.59999179987127));
#11983=CARTESIAN_POINT('Ctrl Pts',(133.805016108539,-117.726125647118,4.6));
#11984=CARTESIAN_POINT('Ctrl Pts',(133.80267799979,-117.726401670073,4.6));
#11985=CARTESIAN_POINT('Origin',(135.844948283667,-117.237390333198,4.6));
#11986=CARTESIAN_POINT('Ctrl Pts',(109.85831794171,-134.268313438946,3.51611524075797));
#11987=CARTESIAN_POINT('Ctrl Pts',(111.303888727701,-134.540723125362,3.5443799763748));
#11988=CARTESIAN_POINT('Ctrl Pts',(112.738443748378,-134.871583486285,3.57242932461853));
#11989=CARTESIAN_POINT('Ctrl Pts',(114.157301852804,-135.259814878715,3.6001717565963));
#11990=CARTESIAN_POINT('Ctrl Pts',(109.852783576302,-134.267270518904,3.81458425405736));
#11991=CARTESIAN_POINT('Ctrl Pts',(111.298329481478,-134.539516419668,3.84275065653742));
#11992=CARTESIAN_POINT('Ctrl Pts',(112.733117545333,-134.870285052855,3.87070870325006));
#11993=CARTESIAN_POINT('Ctrl Pts',(114.151975244001,-135.258357399108,3.89835485108456));
#11994=CARTESIAN_POINT('Ctrl Pts',(109.889521640867,-134.019682067973,4.33115092904602));
#11995=CARTESIAN_POINT('Ctrl Pts',(111.341859842178,-134.293121562476,4.35916073303625));
#11996=CARTESIAN_POINT('Ctrl Pts',(112.783092713269,-134.625272656117,4.38695590441027));
#11997=CARTESIAN_POINT('Ctrl Pts',(114.208630143301,-135.015086374449,4.4144486882329));
#11998=CARTESIAN_POINT('Ctrl Pts',(109.982859137305,-133.50563025458,4.5151351424031));
#11999=CARTESIAN_POINT('Ctrl Pts',(111.449005357164,-133.781844010031,4.54328528921926));
#12000=CARTESIAN_POINT('Ctrl Pts',(112.903949330291,-134.117331421076,4.5712242091795));
#12001=CARTESIAN_POINT('Ctrl Pts',(114.343013664869,-134.511018431692,4.59885438624157));
#12002=CARTESIAN_POINT('Ctrl Pts',(110.024305482173,-133.285609759233,4.5159309528796));
#12003=CARTESIAN_POINT('Ctrl Pts',(111.496351923585,-133.563008634044,4.54419568849643));
#12004=CARTESIAN_POINT('Ctrl Pts',(112.957180845739,-133.899928708537,4.57224503674016));
#12005=CARTESIAN_POINT('Ctrl Pts',(114.402025362334,-134.29527056603,4.59998746871793));
#12006=CARTESIAN_POINT('',(110.024305482173,-133.285609759233,4.51593095287961));
#12007=CARTESIAN_POINT('Origin',(99.7280204350228,-187.923934351297,4.31823218026847));
#12008=CARTESIAN_POINT('Origin',(110.043502924573,-133.285609759233,3.51611524075797));
#12009=CARTESIAN_POINT('Ctrl Pts',(80.2422138116617,-132.471169351645,2.94265318899228));
#12010=CARTESIAN_POINT('Ctrl Pts',(90.1375104570478,-131.826609550908,3.1342576313651));
#12011=CARTESIAN_POINT('Ctrl Pts',(100.113565781528,-132.431969687482,3.32742581884119));
#12012=CARTESIAN_POINT('Ctrl Pts',(109.85831794171,-134.268313438946,3.51611524075797));
#12013=CARTESIAN_POINT('Ctrl Pts',(80.2364896702303,-132.471542210751,3.24203522339334));
#12014=CARTESIAN_POINT('Ctrl Pts',(90.1314607722651,-131.826507333341,3.43332680902785));
#12015=CARTESIAN_POINT('Ctrl Pts',(100.108108777181,-132.431436020524,3.62620057597494));
#12016=CARTESIAN_POINT('Ctrl Pts',(109.852783576302,-134.267270518904,3.81458425405736));
#12017=CARTESIAN_POINT('Ctrl Pts',(80.2102211229309,-132.220982519283,3.76011244967872));
#12018=CARTESIAN_POINT('Ctrl Pts',(90.1265038923806,-131.574290637506,3.95090609735651));
#12019=CARTESIAN_POINT('Ctrl Pts',(100.123727618707,-132.180137175201,4.14325514074909));
#12020=CARTESIAN_POINT('Ctrl Pts',(109.889521470191,-134.019682873473,4.33115191254224));
#12021=CARTESIAN_POINT('Ctrl Pts',(80.1726083629779,-131.697387089906,3.94274908643082));
#12022=CARTESIAN_POINT('Ctrl Pts',(90.1327544572644,-131.048375391021,4.13398950927394));
#12023=CARTESIAN_POINT('Ctrl Pts',(100.17413248947,-131.657458642324,4.32680200749639));
#12024=CARTESIAN_POINT('Ctrl Pts',(109.982859137305,-133.50563025458,4.5151351424031));
#12025=CARTESIAN_POINT('Ctrl Pts',(80.1580161232252,-131.473284103726,3.94246890111393));
#12026=CARTESIAN_POINT('Ctrl Pts',(90.1369043526151,-130.823279314661,4.13407334348675));
#12027=CARTESIAN_POINT('Ctrl Pts',(100.197233478737,-131.433753296179,4.32724153096282));
#12028=CARTESIAN_POINT('Ctrl Pts',(110.024305482173,-133.285609759233,4.5159309528796));
#12029=CARTESIAN_POINT('',(80.2850144996941,-132.468389200798,2.94348194655836));
#12030=CARTESIAN_POINT('Origin',(87.936729045738,-250.5975413291,3.0916434975784));
#12031=CARTESIAN_POINT('Origin',(87.9175316033384,-250.5975413291,4.09145920970004));
#12032=CARTESIAN_POINT('Ctrl Pts',(80.1580161232255,-131.473284103726,3.94246890111393));
#12033=CARTESIAN_POINT('Ctrl Pts',(80.1627875063741,-131.517338240236,3.94256051635067));
#12034=CARTESIAN_POINT('Ctrl Pts',(80.1676102298911,-131.561330522107,3.93960386687897));
#12035=CARTESIAN_POINT('Ctrl Pts',(80.1749855377387,-131.627831407007,3.93065636719489));
#12036=CARTESIAN_POINT('Ctrl Pts',(80.1775254130921,-131.65059337705,3.92678032316381));
#12037=CARTESIAN_POINT('Ctrl Pts',(80.184946150785,-131.716693203545,3.91315619488896));
#12038=CARTESIAN_POINT('Ctrl Pts',(80.189810740578,-131.759515120797,3.90132177467909));
#12039=CARTESIAN_POINT('Ctrl Pts',(80.197099705264,-131.822907610143,3.87922906163442));
#12040=CARTESIAN_POINT('Ctrl Pts',(80.1995607773488,-131.844175630756,3.87100029590918));
#12041=CARTESIAN_POINT('Ctrl Pts',(80.2068097658278,-131.906407397263,3.8444539750684));
#12042=CARTESIAN_POINT('Ctrl Pts',(80.2115229497919,-131.946329526619,3.82416456687572));
#12043=CARTESIAN_POINT('Ctrl Pts',(80.2206992788895,-132.022914990464,3.77845022648288));
#12044=CARTESIAN_POINT('Ctrl Pts',(80.225162511575,-132.059579532737,3.75302487061253));
#12045=CARTESIAN_POINT('Ctrl Pts',(80.2333018107498,-132.125214100824,3.70024117310943));
#12046=CARTESIAN_POINT('Ctrl Pts',(80.2370105928882,-132.154586973468,3.67339743536554));
#12047=CARTESIAN_POINT('Ctrl Pts',(80.2445066593964,-132.212880470646,3.61319171234383));
#12048=CARTESIAN_POINT('Ctrl Pts',(80.2482378935928,-132.241252768988,3.57964760526747));
#12049=CARTESIAN_POINT('Ctrl Pts',(80.2553192709679,-132.293837698104,3.50865467626443));
#12050=CARTESIAN_POINT('Ctrl Pts',(80.2586629185258,-132.317982177649,3.47115387627144));
#12051=CARTESIAN_POINT('Ctrl Pts',(80.2645933147887,-132.359448698832,3.39658606121779));
#12052=CARTESIAN_POINT('Ctrl Pts',(80.2672205629912,-132.377180612314,3.35976231271897));
#12053=CARTESIAN_POINT('Ctrl Pts',(80.2722605550138,-132.409729806492,3.2804422118074));
#12054=CARTESIAN_POINT('Ctrl Pts',(80.2746119997615,-132.42400021931,3.23801096001867));
#12055=CARTESIAN_POINT('Ctrl Pts',(80.2786715551218,-132.446563424784,3.15274652612591));
#12056=CARTESIAN_POINT('Ctrl Pts',(80.2803934187698,-132.454988051256,3.10994469478765));
#12057=CARTESIAN_POINT('Ctrl Pts',(80.2831539898306,-132.465766036448,3.0259542094491));
#12058=CARTESIAN_POINT('Ctrl Pts',(80.2842262669143,-132.468440276324,2.98481330386422));
#12059=CARTESIAN_POINT('Ctrl Pts',(80.2850144987293,-132.468389227931,2.94348194653969));
#12060=CARTESIAN_POINT('Origin',(51.3596995516633,-133.636344001137,2.38932865260213));
#12061=CARTESIAN_POINT('',(46.6468506854522,-133.636344001531,3.29902165334767));
#12062=CARTESIAN_POINT('Origin',(46.6660481278519,-133.636344001531,2.29920594122602));
#12063=CARTESIAN_POINT('',(24.0989264263923,-133.636343999345,2.86607939013708));
#12064=CARTESIAN_POINT('',(51.3405021092636,-133.636344001137,3.38914436472378));
#12065=CARTESIAN_POINT('Origin',(24.1181238687919,-133.63634399608,1.86626367801902));
#12066=CARTESIAN_POINT('Ctrl Pts',(20.5181472506341,-131.022891012254,1.81632464248833));
#12067=CARTESIAN_POINT('Ctrl Pts',(20.5149862096611,-131.835144940739,1.81628080797002));
#12068=CARTESIAN_POINT('Ctrl Pts',(21.1736290045094,-133.734274439033,1.82541436721342));
#12069=CARTESIAN_POINT('Ctrl Pts',(23.0498137075904,-134.640651105521,1.85143187263987));
#12070=CARTESIAN_POINT('Ctrl Pts',(24.131557818693,-134.636316991969,1.86643267921413));
#12071=CARTESIAN_POINT('Ctrl Pts',(20.5181418417807,-131.022901175528,2.11187280381629));
#12072=CARTESIAN_POINT('Ctrl Pts',(20.5149940607748,-131.834564359301,2.11182591657069));
#12073=CARTESIAN_POINT('Ctrl Pts',(21.1708382812296,-133.731000930937,2.12159614038443));
#12074=CARTESIAN_POINT('Ctrl Pts',(23.0431147025797,-134.638892511378,2.14947299692345));
#12075=CARTESIAN_POINT('Ctrl Pts',(24.1258256699151,-134.636344653012,2.16559662783938));
#12076=CARTESIAN_POINT('Ctrl Pts',(20.7638776603733,-131.0238737895,2.62553703384278));
#12077=CARTESIAN_POINT('Ctrl Pts',(20.7609561158229,-131.777009135791,2.62548494918269));
#12078=CARTESIAN_POINT('Ctrl Pts',(21.3696835777193,-133.538341402847,2.63634091534219));
#12079=CARTESIAN_POINT('Ctrl Pts',(23.1092015258651,-134.385410799812,2.6673487398174));
#12080=CARTESIAN_POINT('Ctrl Pts',(24.1148876846407,-134.384129531827,2.68526563051751));
#12081=CARTESIAN_POINT('Ctrl Pts',(21.2811645633254,-131.025826633913,2.81330031567949));
#12082=CARTESIAN_POINT('Ctrl Pts',(21.2786931993315,-131.661502199664,2.81325288027927));
#12083=CARTESIAN_POINT('Ctrl Pts',(21.7936338710754,-133.147997711196,2.8231406727195));
#12084=CARTESIAN_POINT('Ctrl Pts',(23.2620578961212,-133.859414239104,2.85134462076278));
#12085=CARTESIAN_POINT('Ctrl Pts',(24.1094114877478,-133.85682171241,2.86764021474573));
#12086=CARTESIAN_POINT('Ctrl Pts',(21.5047224309368,-131.026663818719,2.81625078411345));
#12087=CARTESIAN_POINT('Ctrl Pts',(21.502444491238,-131.611986510021,2.81620706591191));
#12088=CARTESIAN_POINT('Ctrl Pts',(21.9770863364528,-132.980522470668,2.82532077431943));
#12089=CARTESIAN_POINT('Ctrl Pts',(23.3290909237237,-133.633616405283,2.85128055259316));
#12090=CARTESIAN_POINT('Ctrl Pts',(24.1085919399324,-133.630472060411,2.86624717509371));
#12091=CARTESIAN_POINT('',(21.498923549663,-131.036328700058,2.81615678454457));
#12092=CARTESIAN_POINT('Origin',(24.0988725589193,-131.0363949986,2.86607835583236));
#12093=CARTESIAN_POINT('Origin',(21.5181209808451,-131.036328700058,1.81634107220754));
#12094=CARTESIAN_POINT('Origin',(21.5263419200685,-101.619971063842,1.81649892230479));
#12095=CARTESIAN_POINT('',(21.5051758737121,-108.664075935671,2.8162768352994));
#12096=CARTESIAN_POINT('',(21.5071444776688,-101.619971063842,2.81631463442643));
#12097=CARTESIAN_POINT('Origin',(21.5243733161116,-108.66407593633,1.81646112317775));
#12098=CARTESIAN_POINT('Ctrl Pts',(20.4971363023081,-108.456687080662,1.81528388614802));
#12099=CARTESIAN_POINT('Ctrl Pts',(20.5152098015121,-108.524138231253,1.81606505669609));
#12100=CARTESIAN_POINT('Ctrl Pts',(20.5243928705925,-108.5939659002,1.81646196636012));
#12101=CARTESIAN_POINT('Ctrl Pts',(20.5243733551629,-108.663796468048,1.81646112317775));
#12102=CARTESIAN_POINT('Ctrl Pts',(20.4967560127915,-108.455267822268,2.11094726144353));
#12103=CARTESIAN_POINT('Ctrl Pts',(20.515012777028,-108.522892195095,2.11164642589217));
#12104=CARTESIAN_POINT('Ctrl Pts',(20.5243930775269,-108.593735945384,2.11200429323523));
#12105=CARTESIAN_POINT('Ctrl Pts',(20.5243733547198,-108.663798053363,2.1120035433207));
#12106=CARTESIAN_POINT('Ctrl Pts',(20.7327813324764,-108.389390974097,2.62290955969495));
#12107=CARTESIAN_POINT('Ctrl Pts',(20.7569482343208,-108.478792936732,2.62347788673655));
#12108=CARTESIAN_POINT('Ctrl Pts',(20.7692138023954,-108.571233375195,2.62376612734866));
#12109=CARTESIAN_POINT('Ctrl Pts',(20.7691876970103,-108.663869216346,2.62376552684588));
#12110=CARTESIAN_POINT('Ctrl Pts',(21.2297123974228,-108.255270923156,2.81098761996573));
#12111=CARTESIAN_POINT('Ctrl Pts',(21.2654509690847,-108.388411262816,2.81167278301378));
#12112=CARTESIAN_POINT('Ctrl Pts',(21.2835984976185,-108.526153088167,2.8120223149764));
#12113=CARTESIAN_POINT('Ctrl Pts',(21.2835599159239,-108.664013976894,2.81202159152506));
#12114=CARTESIAN_POINT('Ctrl Pts',(21.4438645778716,-108.197867807143,2.81509955189388));
#12115=CARTESIAN_POINT('Ctrl Pts',(21.4845484652763,-108.34970193796,2.81588073645813));
#12116=CARTESIAN_POINT('Ctrl Pts',(21.5052197873552,-108.506885671105,2.81627766229151));
#12117=CARTESIAN_POINT('Ctrl Pts',(21.5051758737125,-108.664075934353,2.81627683529941));
#12118=CARTESIAN_POINT('',(21.4438647034939,-108.197868190517,2.81509960069061));
#12119=CARTESIAN_POINT('Origin',(19.7058305761546,-108.663573076371,2.7817276405946));
#12120=CARTESIAN_POINT('Origin',(21.4630621684952,-108.197868184461,1.81528388900295));
#12121=CARTESIAN_POINT('Origin',(45.6328341495265,-72.0655583717068,2.27936721935497));
#12122=CARTESIAN_POINT('',(16.5560948020821,-79.8515072767249,2.72124962413242));
#12123=CARTESIAN_POINT('Ctrl Pts',(16.5560948024056,-79.8515072766391,2.72124962413862));
#12124=CARTESIAN_POINT('Ctrl Pts',(16.4988131741944,-79.6352686349562,2.7201497052001));
#12125=CARTESIAN_POINT('Ctrl Pts',(16.4428867955909,-79.418742471279,2.64116103894878));
#12126=CARTESIAN_POINT('Ctrl Pts',(16.3510569933207,-79.0513677616351,2.33596334245043));
#12127=CARTESIAN_POINT('Ctrl Pts',(16.3206004536943,-78.9194604779119,2.08572790294701));
#12128=CARTESIAN_POINT('Ctrl Pts',(16.3173442339687,-78.8872805138864,1.78964718030552));
#12129=CARTESIAN_POINT('Ctrl Pts',(16.3174318840968,-78.8853246767147,1.75557639926872));
#12130=CARTESIAN_POINT('Ctrl Pts',(16.3179976597895,-78.8851727712114,1.72146318659402));
#12131=CARTESIAN_POINT('',(20.4813881713902,-78.7997273293064,2.79661910717374));
#12132=CARTESIAN_POINT('',(45.6136367071268,-72.0655583717068,3.27918293147662));
#12133=CARTESIAN_POINT('Origin',(20.5005856134347,-78.7997273279802,1.79680339504527));
#12134=CARTESIAN_POINT('Ctrl Pts',(20.5382153356905,-77.446852916266,1.81669830867104));
#12135=CARTESIAN_POINT('Ctrl Pts',(20.5383094766114,-77.5217738433504,1.81670463409464));
#12136=CARTESIAN_POINT('Ctrl Pts',(20.4882228176568,-77.696793190103,1.813339258697));
#12137=CARTESIAN_POINT('Ctrl Pts',(20.3380030731788,-77.8080545679071,1.80324584654848));
#12138=CARTESIAN_POINT('Ctrl Pts',(20.2415204756758,-77.8338674179742,1.79676309718608));
#12139=CARTESIAN_POINT('Ctrl Pts',(20.5382063091011,-77.4468471942632,2.11225045747192));
#12140=CARTESIAN_POINT('Ctrl Pts',(20.5383029767506,-77.5222618470826,2.11225594234925));
#12141=CARTESIAN_POINT('Ctrl Pts',(20.486367640259,-77.699668146329,2.10932633970031));
#12142=CARTESIAN_POINT('Ctrl Pts',(20.3326359314701,-77.8109549030251,2.10056490026148));
#12143=CARTESIAN_POINT('Ctrl Pts',(20.236175977721,-77.8352877987743,2.09497582308285));
#12144=CARTESIAN_POINT('Ctrl Pts',(20.7831090116207,-77.446528207235,2.62427602823619));
#12145=CARTESIAN_POINT('Ctrl Pts',(20.7832667772115,-77.570350606128,2.62428013939407));
#12146=CARTESIAN_POINT('Ctrl Pts',(20.6992806686616,-77.8592893851262,2.62209352449596));
#12147=CARTESIAN_POINT('Ctrl Pts',(20.4499223090824,-78.0388484805173,2.61557334554088));
#12148=CARTESIAN_POINT('Ctrl Pts',(20.2914580357733,-78.0789704297801,2.61140828686556));
#12149=CARTESIAN_POINT('Ctrl Pts',(21.2978554006405,-77.4458826370668,2.8124534424607));
#12150=CARTESIAN_POINT('Ctrl Pts',(21.2981334999771,-77.6667079426536,2.81245877714159));
#12151=CARTESIAN_POINT('Ctrl Pts',(21.1501877500217,-78.1823876816956,2.80961418092671));
#12152=CARTESIAN_POINT('Ctrl Pts',(20.7071993523148,-78.5089137328069,2.80110251067041));
#12153=CARTESIAN_POINT('Ctrl Pts',(20.423110791268,-78.5842407596718,2.79566053630541));
#12154=CARTESIAN_POINT('Ctrl Pts',(21.5197017542168,-77.4456063817899,2.81655550326628));
#12155=CARTESIAN_POINT('Ctrl Pts',(21.5200313411964,-77.707905264333,2.81656183167386));
#12156=CARTESIAN_POINT('Ctrl Pts',(21.3446779384148,-78.320650647816,2.81319488715142));
#12157=CARTESIAN_POINT('Ctrl Pts',(20.818757013549,-78.7101819223765,2.80309670998851));
#12158=CARTESIAN_POINT('Ctrl Pts',(20.4809698466808,-78.8005547343923,2.79661082699843));
#12159=CARTESIAN_POINT('',(21.5190177506359,-77.4462251415424,2.81654261367973));
#12160=CARTESIAN_POINT('Origin',(20.1189060071723,-77.44735132802,2.78965909405921));
#12161=CARTESIAN_POINT('Origin',(21.5382151927172,-77.4462251415427,1.81672690078637));
#12162=CARTESIAN_POINT('Origin',(21.5363005954581,-75.1877912526397,1.81669013864097));
#12163=CARTESIAN_POINT('',(21.5006122854707,-55.7353787009532,2.81618920992903));
#12164=CARTESIAN_POINT('',(21.5171031530584,-75.1877912526397,2.81650585076261));
#12165=CARTESIAN_POINT('Origin',(21.5198097278704,-55.7353787009531,1.81637349780738));
#12166=CARTESIAN_POINT('Ctrl Pts',(24.1330763749197,-52.1330347600838,1.86646953024915));
#12167=CARTESIAN_POINT('Ctrl Pts',(23.3203795830249,-52.1299635636627,1.85519939165036));
#12168=CARTESIAN_POINT('Ctrl Pts',(21.4199785601717,-52.7890558739237,1.82884542681491));
#12169=CARTESIAN_POINT('Ctrl Pts',(20.5146278740885,-54.6673557732202,1.81629040244832));
#12170=CARTESIAN_POINT('Ctrl Pts',(20.5198480345142,-55.7496116198081,1.8163627931311));
#12171=CARTESIAN_POINT('Ctrl Pts',(24.1273441576451,-52.1330095534311,2.16563116458832));
#12172=CARTESIAN_POINT('Ctrl Pts',(23.3139223239707,-52.1312765935132,2.15351753715025));
#12173=CARTESIAN_POINT('Ctrl Pts',(21.4159152916772,-52.7930937099489,2.12525480463864));
#12174=CARTESIAN_POINT('Ctrl Pts',(20.5146456893123,-54.6681279343298,2.111831637027));
#12175=CARTESIAN_POINT('Ctrl Pts',(20.5198443406132,-55.7495970281881,2.11190907291015));
#12176=CARTESIAN_POINT('Ctrl Pts',(24.1164322529641,-52.3851689522105,2.68535759790682));
#12177=CARTESIAN_POINT('Ctrl Pts',(23.3608737505866,-52.3843765626834,2.67189682261889));
#12178=CARTESIAN_POINT('Ctrl Pts',(21.5976173829762,-53.0020292933128,2.64046927472441));
#12179=CARTESIAN_POINT('Ctrl Pts',(20.7606989786167,-54.7449291534814,2.62554192817801));
#12180=CARTESIAN_POINT('Ctrl Pts',(20.7655248710329,-55.7484160721117,2.62562798279963));
#12181=CARTESIAN_POINT('Ctrl Pts',(24.1110138932245,-52.9125230005274,2.86766764797459));
#12182=CARTESIAN_POINT('Ctrl Pts',(23.4743985850608,-52.9107198086469,2.85542481366686));
#12183=CARTESIAN_POINT('Ctrl Pts',(21.9866736147883,-53.4285065964308,2.82683939968185));
#12184=CARTESIAN_POINT('Ctrl Pts',(21.2787731875949,-54.8990427214447,2.81325117622077));
#12185=CARTESIAN_POINT('Ctrl Pts',(21.2828548428668,-55.7460390996753,2.81332953288753));
#12186=CARTESIAN_POINT('Ctrl Pts',(24.11021855586,-53.1388680167277,2.86627848897282));
#12187=CARTESIAN_POINT('Ctrl Pts',(23.5245756927349,-53.1366389503064,2.85503398365004));
#12188=CARTESIAN_POINT('Ctrl Pts',(22.1550905195849,-53.6115523517843,2.8287388294262));
#12189=CARTESIAN_POINT('Ctrl Pts',(21.5026455278741,-54.9651078021977,2.81621100023522));
#12190=CARTESIAN_POINT('Ctrl Pts',(21.5064074439235,-55.7450198831654,2.81628321696318));
#12191=CARTESIAN_POINT('',(24.1005724356729,-53.1330100007428,2.86611099513392));
#12192=CARTESIAN_POINT('Origin',(24.1007766436633,-55.73317528596,2.86611491612763));
#12193=CARTESIAN_POINT('Origin',(24.1197698780725,-53.13301,1.86629528301227));
#12194=CARTESIAN_POINT('Origin',(67.8708369594336,-53.1330100006553,2.70635868673402));
#12195=CARTESIAN_POINT('',(57.1333261158482,-53.1330099988416,3.5003722678765));
#12196=CARTESIAN_POINT('',(67.8516395170339,-53.1330100006553,3.70617439885566));
#12197=CARTESIAN_POINT('Origin',(57.1525235582479,-53.1330099980151,2.50055655575485));
#12198=CARTESIAN_POINT('Ctrl Pts',(57.5464959744357,-51.802308553089,2.52703249115873));
#12199=CARTESIAN_POINT('Ctrl Pts',(57.532679962959,-51.8809459516079,2.52610385462465));
#12200=CARTESIAN_POINT('Ctrl Pts',(57.4438865508064,-52.0546989630724,2.52013564763774));
#12201=CARTESIAN_POINT('Ctrl Pts',(57.2588178292867,-52.1330807188474,2.5076963409492));
#12202=CARTESIAN_POINT('Ctrl Pts',(57.1523686318073,-52.1330099176186,2.50054140862543));
#12203=CARTESIAN_POINT('Ctrl Pts',(57.5463257647143,-51.8032773428149,2.82262845630974));
#12204=CARTESIAN_POINT('Ctrl Pts',(57.5322229807263,-51.8823835381181,2.82182507647487));
#12205=CARTESIAN_POINT('Ctrl Pts',(57.4405242354574,-52.0578158665618,2.81663680484391));
#12206=CARTESIAN_POINT('Ctrl Pts',(57.2522401497837,-52.1346535460193,2.80584854503449));
#12207=CARTESIAN_POINT('Ctrl Pts',(57.1466265300937,-52.1330061765054,2.79968793256659));
#12208=CARTESIAN_POINT('Ctrl Pts',(57.7873731939609,-51.8473569853726,3.33477986220165));
#12209=CARTESIAN_POINT('Ctrl Pts',(57.7642301281951,-51.9772766509149,3.33417640134385));
#12210=CARTESIAN_POINT('Ctrl Pts',(57.6155099788029,-52.2632619928427,3.33030136375543));
#12211=CARTESIAN_POINT('Ctrl Pts',(57.3101458220558,-52.3869616908131,3.32229631176684));
#12212=CARTESIAN_POINT('Ctrl Pts',(57.1365181929058,-52.3844160376876,3.31771925533533));
#12213=CARTESIAN_POINT('Ctrl Pts',(58.2944699824356,-51.9370918299513,3.5228683704506));
#12214=CARTESIAN_POINT('Ctrl Pts',(58.2536388960937,-52.1689507808618,3.5220861998395));
#12215=CARTESIAN_POINT('Ctrl Pts',(57.9912943208101,-52.6808522471434,3.51704570911665));
#12216=CARTESIAN_POINT('Ctrl Pts',(57.4458776624578,-52.9101295947047,3.50656512552156));
#12217=CARTESIAN_POINT('Ctrl Pts',(57.1326748587829,-52.9091995814571,3.50056593812926));
#12218=CARTESIAN_POINT('Ctrl Pts',(58.513071798687,-51.9755152502856,3.52686434792526));
#12219=CARTESIAN_POINT('Ctrl Pts',(58.4646779904607,-52.2509632937024,3.52593513933274));
#12220=CARTESIAN_POINT('Ctrl Pts',(58.1536580026204,-52.859580234021,3.51996327729508));
#12221=CARTESIAN_POINT('Ctrl Pts',(57.5054054289463,-53.1341400369918,3.5075162133351));
#12222=CARTESIAN_POINT('Ctrl Pts',(57.1325366910477,-53.1338948800908,3.50035670318248));
#12223=CARTESIAN_POINT('',(58.5120739027919,-51.9761408114062,3.52684557842441));
#12224=CARTESIAN_POINT('Origin',(57.1334247093223,-51.73310241344,3.50037416096792));
#12225=CARTESIAN_POINT('Origin',(58.5312713421391,-51.976140810866,2.52702986562992));
#12226=CARTESIAN_POINT('Origin',(55.4356323854296,-69.5323478391004,2.46759056112483));
#12227=CARTESIAN_POINT('',(55.41643494303,-69.5323478391005,3.46740627324648));
#12228=CARTESIAN_POINT('Ctrl Pts',(16.3386378134581,-78.8797810375198,1.72164732382804));
#12229=CARTESIAN_POINT('Ctrl Pts',(15.2732905144391,-79.1544718068214,1.70686454733492));
#12230=CARTESIAN_POINT('Ctrl Pts',(13.6660326882901,-80.5456587714143,1.68456221040386));
#12231=CARTESIAN_POINT('Ctrl Pts',(13.5471867510063,-82.5912072895782,1.68291310182703));
#12232=CARTESIAN_POINT('Ctrl Pts',(13.7796318289063,-83.3844577365076,1.68613851319526));
#12233=CARTESIAN_POINT('Ctrl Pts',(16.3332817929101,-78.8811487249432,2.01989603486115));
#12234=CARTESIAN_POINT('Ctrl Pts',(15.2678640571263,-79.1576744815812,2.00401775408305));
#12235=CARTESIAN_POINT('Ctrl Pts',(13.6652399345049,-80.5483523962623,1.98013613514732));
#12236=CARTESIAN_POINT('Ctrl Pts',(13.547251594343,-82.5901075914732,1.97837964854404));
#12237=CARTESIAN_POINT('Ctrl Pts',(13.7791745640327,-83.3829460705479,1.98183883404314));
#12238=CARTESIAN_POINT('Ctrl Pts',(16.3866698370615,-79.1265547046647,2.53890146413225));
#12239=CARTESIAN_POINT('Ctrl Pts',(15.3975850489127,-79.3843690035513,2.52126984184259));
#12240=CARTESIAN_POINT('Ctrl Pts',(13.9095596056655,-80.6791490204331,2.49472811068776));
#12241=CARTESIAN_POINT('Ctrl Pts',(13.7998267171926,-82.5752718068956,2.49276911190547));
#12242=CARTESIAN_POINT('Ctrl Pts',(14.0148151610129,-83.3110350694283,2.49660346471032));
#12243=CARTESIAN_POINT('Ctrl Pts',(16.5149148241789,-79.6367875240126,2.72238043778006));
#12244=CARTESIAN_POINT('Ctrl Pts',(15.6809085065007,-79.8526382390929,2.70633734488217));
#12245=CARTESIAN_POINT('Ctrl Pts',(14.4237589119678,-80.9428157181688,2.68218362524719));
#12246=CARTESIAN_POINT('Ctrl Pts',(14.3308681030649,-82.5434340169076,2.68040348436567));
#12247=CARTESIAN_POINT('Ctrl Pts',(14.5126010685696,-83.1642318887491,2.68389911084956));
#12248=CARTESIAN_POINT('Ctrl Pts',(16.5715616988128,-79.8560645919659,2.72151068748486));
#12249=CARTESIAN_POINT('Ctrl Pts',(15.8040993000586,-80.0539176203681,2.70677548213893));
#12250=CARTESIAN_POINT('Ctrl Pts',(14.6462104292205,-81.0560692812171,2.68454304181044));
#12251=CARTESIAN_POINT('Ctrl Pts',(14.5605898031347,-82.5296837261978,2.6828988828232));
#12252=CARTESIAN_POINT('Ctrl Pts',(14.7280491822711,-83.1011385622184,2.68611409501734));
#12253=CARTESIAN_POINT('',(14.7162869017333,-83.09016732415,2.68592350776393));
#12254=CARTESIAN_POINT('Ctrl Pts',(14.7162766973299,-83.0901702756531,2.68592331182938));
#12255=CARTESIAN_POINT('Ctrl Pts',(14.6735117768771,-83.1018532831052,2.68510218340824));
#12256=CARTESIAN_POINT('Ctrl Pts',(14.6308037750964,-83.1135362307196,2.68132832279554));
#12257=CARTESIAN_POINT('Ctrl Pts',(14.54625787122,-83.1366990138202,2.66794201082538));
#12258=CARTESIAN_POINT('Ctrl Pts',(14.5044203768356,-83.1481787385399,2.65832985501312));
#12259=CARTESIAN_POINT('Ctrl Pts',(14.4223553249094,-83.1707359611377,2.63343735222451));
#12260=CARTESIAN_POINT('Ctrl Pts',(14.3821281390447,-83.1818133577309,2.61815733453464));
#12261=CARTESIAN_POINT('Ctrl Pts',(14.3039949903893,-83.2033739450005,2.5821995213367));
#12262=CARTESIAN_POINT('Ctrl Pts',(14.26608936172,-83.2138570443037,2.56152208455292));
#12263=CARTESIAN_POINT('Ctrl Pts',(14.193258421018,-83.2340506564916,2.51512799284458));
#12264=CARTESIAN_POINT('Ctrl Pts',(14.1583343185516,-83.2437608512084,2.48941018446055));
#12265=CARTESIAN_POINT('Ctrl Pts',(14.0920996931689,-83.2622365179349,2.43339625153197));
#12266=CARTESIAN_POINT('Ctrl Pts',(14.0607891577602,-83.2710019894482,2.4031008740373));
#12267=CARTESIAN_POINT('Ctrl Pts',(14.0023344320422,-83.2874373411018,2.33846798902742));
#12268=CARTESIAN_POINT('Ctrl Pts',(13.9751901913333,-83.295107231235,2.30413116405305));
#12269=CARTESIAN_POINT('Ctrl Pts',(13.9255472017064,-83.3092199126127,2.23202250709291));
#12270=CARTESIAN_POINT('Ctrl Pts',(13.9030483797339,-83.3156627202328,2.19425129698422));
#12271=CARTESIAN_POINT('Ctrl Pts',(13.8630878142555,-83.3272129984339,2.11593030408783));
#12272=CARTESIAN_POINT('Ctrl Pts',(13.8456273990532,-83.3323201141598,2.07538031477834));
#12273=CARTESIAN_POINT('Ctrl Pts',(13.8160624997521,-83.3411097222318,1.99223311165541));
#12274=CARTESIAN_POINT('Ctrl Pts',(13.8039572305317,-83.3447924208646,1.94963669202811));
#12275=CARTESIAN_POINT('Ctrl Pts',(13.7853119972061,-83.3506733431068,1.86313776779507));
#12276=CARTESIAN_POINT('Ctrl Pts',(13.7787727511432,-83.3528713727426,1.81923556923294));
#12277=CARTESIAN_POINT('Ctrl Pts',(13.772600749101,-83.3552717000191,1.74550689273679));
#12278=CARTESIAN_POINT('Ctrl Pts',(13.7713983710215,-83.3558938289768,1.71582574309212));
#12279=CARTESIAN_POINT('Ctrl Pts',(13.7714733592406,-83.3561736887933,1.68614456235544));
#12280=CARTESIAN_POINT('Origin',(17.2210815977233,-82.3711772853,2.73401802289941));
#12281=CARTESIAN_POINT('Origin',(18.3140578368823,-96.4456251616116,1.75481991695338));
#12282=CARTESIAN_POINT('',(18.2948603944826,-96.4456251616116,2.75463562907502));
#12283=CARTESIAN_POINT('Origin',(134.802677999791,-117.5890615651,1.2));
#12284=CARTESIAN_POINT('',(134.802677999797,-115.649734014901,1.93499998509883));
#12285=CARTESIAN_POINT('',(134.802677999798,-115.482631605057,1.2));
#12286=CARTESIAN_POINT('Origin',(134.802677999803,-113.949734014903,1.93499998509883));
#12287=CARTESIAN_POINT('',(134.802677999797,-115.649734014901,2.8));
#12288=CARTESIAN_POINT('',(134.802677999797,-115.649734014901,2.06750000745058));
#12289=CARTESIAN_POINT('',(134.802677999798,-115.418591768946,3.6));
#12290=CARTESIAN_POINT('Origin',(134.802677999802,-114.149734014903,2.8));
#12291=CARTESIAN_POINT('',(134.802677999829,-106.090441991251,3.6));
#12292=CARTESIAN_POINT('',(134.802677999791,-117.5890615651,1.2));
#12293=CARTESIAN_POINT('Origin',(132.402678000186,-113.949734014901,1.93499998509883));
#12294=CARTESIAN_POINT('',(134.30267799978,-114.898298731673,1.2));
#12295=CARTESIAN_POINT('',(134.30267799978,-115.149734014901,1.93499998509883));
#12296=CARTESIAN_POINT('Origin',(134.302677999784,-113.949734014901,1.93499998509883));
#12297=CARTESIAN_POINT('',(133.6026779998,-114.898298731673,1.2));
#12298=CARTESIAN_POINT('',(134.8026779998,-114.898298731673,1.2));
#12299=CARTESIAN_POINT('',(133.602677999799,-115.149734014901,1.93499998509883));
#12300=CARTESIAN_POINT('Origin',(133.60267799979,-113.949734014901,1.93499998509883));
#12301=CARTESIAN_POINT('',(134.802678000185,-115.149734014901,1.93499998509883));
#12302=CARTESIAN_POINT('Origin',(132.402678000186,-115.149734014901,2.93500001490116));
#12303=CARTESIAN_POINT('',(134.302677999799,-115.149734014901,2.06750000745058));
#12304=CARTESIAN_POINT('',(133.602677999799,-115.149734014901,2.06750000745058));
#12305=CARTESIAN_POINT('Ctrl Pts',(134.721491577482,-110.653715142218,3.99469179050501));
#12306=CARTESIAN_POINT('Ctrl Pts',(134.76578531497,-110.504083662496,3.89157921409093));
#12307=CARTESIAN_POINT('Ctrl Pts',(134.802677999815,-110.378145290642,3.75427575060873));
#12308=CARTESIAN_POINT('Ctrl Pts',(134.802677999815,-110.280876231053,3.59999999999918));
#12309=CARTESIAN_POINT('Ctrl Pts',(134.581887051585,-110.752388089844,3.8631278603364));
#12310=CARTESIAN_POINT('Ctrl Pts',(134.61141620991,-110.620210750167,3.77006887782984));
#12311=CARTESIAN_POINT('Ctrl Pts',(134.63601133314,-110.508321812248,3.6482451116522));
#12312=CARTESIAN_POINT('Ctrl Pts',(134.63601133314,-110.421860425947,3.51111111111038));
#12313=CARTESIAN_POINT('Ctrl Pts',(134.442282525688,-110.851061037471,3.7315639301678));
#12314=CARTESIAN_POINT('Ctrl Pts',(134.45704710485,-110.736337837838,3.64855854156874));
#12315=CARTESIAN_POINT('Ctrl Pts',(134.469344666465,-110.638498333854,3.54221447269568));
#12316=CARTESIAN_POINT('Ctrl Pts',(134.469344666465,-110.562844620841,3.42222222222158));
#12317=CARTESIAN_POINT('Ctrl Pts',(134.302677999791,-110.949733985098,3.59999999999919));
#12318=CARTESIAN_POINT('Ctrl Pts',(134.302677999791,-110.852464925509,3.52704820530765));
#12319=CARTESIAN_POINT('Ctrl Pts',(134.302677999791,-110.768674855461,3.43618383373915));
#12320=CARTESIAN_POINT('Ctrl Pts',(134.302677999791,-110.703828815735,3.33333333333279));
#12321=CARTESIAN_POINT('',(134.802677999815,-110.280876231054,3.6));
#12322=CARTESIAN_POINT('',(134.802677999815,-110.280876231054,3.6));
#12323=CARTESIAN_POINT('',(134.721491577483,-110.653715142221,3.99469179050324));
#12324=CARTESIAN_POINT('Ctrl Pts',(134.802677999815,-110.280876231053,3.59999999999918));
#12325=CARTESIAN_POINT('Ctrl Pts',(134.802677999815,-110.378145290642,3.75427575060873));
#12326=CARTESIAN_POINT('Ctrl Pts',(134.76578531497,-110.504083662496,3.89157921409093));
#12327=CARTESIAN_POINT('Ctrl Pts',(134.721491577482,-110.653715142218,3.99469179050501));
#12328=CARTESIAN_POINT('',(134.302677999813,-110.949733985098,3.59999999999919));
#12329=CARTESIAN_POINT('Origin',(134.55267799979,-111.7497339851,1.93499998509883));
#12330=CARTESIAN_POINT('',(134.802677999816,-110.049733985099,1.93499998509868));
#12331=CARTESIAN_POINT('Origin',(134.80267799981,-111.749733985101,1.93499998509883));
#12332=CARTESIAN_POINT('',(134.302677999814,-110.549733985099,1.93499998509868));
#12333=CARTESIAN_POINT('Origin',(134.552677999815,-110.299733985099,1.56749999254934));
#12334=CARTESIAN_POINT('',(134.802677999816,-110.049733985099,2.8));
#12335=CARTESIAN_POINT('',(134.802677999816,-110.049733985099,1.56749999254934));
#12336=CARTESIAN_POINT('',(134.302677999769,-110.549733985099,2.8));
#12337=CARTESIAN_POINT('Origin',(134.552677999788,-111.5497339851,2.8));
#12338=CARTESIAN_POINT('Origin',(134.802677999811,-111.549733985101,2.8));
#12339=CARTESIAN_POINT('Ctrl Pts',(134.802677999798,-115.418591768946,3.60000000000079));
#12340=CARTESIAN_POINT('Ctrl Pts',(134.802677999798,-115.321322709357,3.75427575061082));
#12341=CARTESIAN_POINT('Ctrl Pts',(134.765785314953,-115.195384337501,3.89157921409244));
#12342=CARTESIAN_POINT('Ctrl Pts',(134.721491577467,-115.045752857778,3.99469179050544));
#12343=CARTESIAN_POINT('Ctrl Pts',(134.636011333129,-115.277607574052,3.51111111111181));
#12344=CARTESIAN_POINT('Ctrl Pts',(134.636011333129,-115.19114618775,3.64824511165406));
#12345=CARTESIAN_POINT('Ctrl Pts',(134.611416209899,-115.07925724983,3.77006887783137));
#12346=CARTESIAN_POINT('Ctrl Pts',(134.581887051575,-114.947079910152,3.86312786033723));
#12347=CARTESIAN_POINT('Ctrl Pts',(134.46934466646,-115.136623379158,3.42222222222284));
#12348=CARTESIAN_POINT('Ctrl Pts',(134.46934466646,-115.060969666144,3.5422144726973));
#12349=CARTESIAN_POINT('Ctrl Pts',(134.457047104845,-114.96313016216,3.64855854157031));
#12350=CARTESIAN_POINT('Ctrl Pts',(134.442282525683,-114.848406962526,3.73156393016902));
#12351=CARTESIAN_POINT('Ctrl Pts',(134.302677999791,-114.995639184264,3.33333333333386));
#12352=CARTESIAN_POINT('Ctrl Pts',(134.302677999791,-114.930793144538,3.43618383374054));
#12353=CARTESIAN_POINT('Ctrl Pts',(134.302677999791,-114.847003074489,3.52704820530924));
#12354=CARTESIAN_POINT('Ctrl Pts',(134.302677999791,-114.7497340149,3.6000000000008));
#12355=CARTESIAN_POINT('',(134.721491577468,-115.045752857778,3.99469179050323));
#12356=CARTESIAN_POINT('',(134.721491577468,-115.045752857778,3.99469179050323));
#12357=CARTESIAN_POINT('Ctrl Pts',(134.721491577467,-115.045752857778,3.99469179050544));
#12358=CARTESIAN_POINT('Ctrl Pts',(134.765785314953,-115.195384337501,3.89157921409244));
#12359=CARTESIAN_POINT('Ctrl Pts',(134.802677999798,-115.321322709357,3.75427575061082));
#12360=CARTESIAN_POINT('Ctrl Pts',(134.802677999798,-115.418591768946,3.60000000000079));
#12361=CARTESIAN_POINT('',(134.302677999783,-114.995639184264,3.33333333333387));
#12362=CARTESIAN_POINT('Ctrl Pts',(134.56348048014,-111.574132291303,4.24943133483168));
#12363=CARTESIAN_POINT('Ctrl Pts',(134.560313816163,-111.323855831561,4.25258442548662));
#12364=CARTESIAN_POINT('Ctrl Pts',(134.60646245578,-111.063615410324,4.20736599868668));
#12365=CARTESIAN_POINT('Ctrl Pts',(134.68837521045,-110.766083452239,4.06676890628271));
#12366=CARTESIAN_POINT('Ctrl Pts',(134.708605341244,-110.697792065814,4.02697849361543));
#12367=CARTESIAN_POINT('Ctrl Pts',(134.727664030922,-110.633487545453,3.98078640905619));
#12368=CARTESIAN_POINT('Ctrl Pts',(134.469641491375,-111.57202243153,4.09926052555261));
#12369=CARTESIAN_POINT('Ctrl Pts',(134.467585104072,-111.343349214952,4.10321547842673));
#12370=CARTESIAN_POINT('Ctrl Pts',(134.502218581903,-111.106706298754,4.05424913959272));
#12371=CARTESIAN_POINT('Ctrl Pts',(134.559288377966,-110.848384703115,3.92580168444728));
#12372=CARTESIAN_POINT('Ctrl Pts',(134.573217844021,-110.789725218045,3.89062446607966));
#12373=CARTESIAN_POINT('Ctrl Pts',(134.585735028584,-110.735481520034,3.85087569653627));
#12374=CARTESIAN_POINT('Ctrl Pts',(134.375893418451,-111.569835969268,3.94925205257904));
#12375=CARTESIAN_POINT('Ctrl Pts',(134.373968107713,-111.363588796717,3.95224807084713));
#12376=CARTESIAN_POINT('Ctrl Pts',(134.397522718537,-111.150244744467,3.90069381743346));
#12377=CARTESIAN_POINT('Ctrl Pts',(134.430321234788,-110.930565589293,3.78495191987974));
#12378=CARTESIAN_POINT('Ctrl Pts',(134.437626267113,-110.881854599485,3.75406890585364));
#12379=CARTESIAN_POINT('Ctrl Pts',(134.443871860707,-110.837412404566,3.7210300242447));
#12380=CARTESIAN_POINT('Ctrl Pts',(134.282054231156,-111.56772627677,3.79908088880961));
#12381=CARTESIAN_POINT('Ctrl Pts',(134.281241335349,-111.383080550651,3.80288261431166));
#12382=CARTESIAN_POINT('Ctrl Pts',(134.293279831659,-111.193334655575,3.74757791580203));
#12383=CARTESIAN_POINT('Ctrl Pts',(134.301234140942,-111.012867103006,3.64398444155537));
#12384=CARTESIAN_POINT('Ctrl Pts',(134.302239215534,-110.973787323215,3.61771531840053));
#12385=CARTESIAN_POINT('Ctrl Pts',(134.301942714608,-110.939406516915,3.59111916969779));
#12386=CARTESIAN_POINT('',(134.56317482613,-111.5497339851,4.24934164902525));
#12387=CARTESIAN_POINT('Ctrl Pts',(134.721491577483,-110.653715142221,3.9946917905031));
#12388=CARTESIAN_POINT('Ctrl Pts',(134.697376596785,-110.735179485718,4.05082969917867));
#12389=CARTESIAN_POINT('Ctrl Pts',(134.666293638484,-110.835789036748,4.10721529301669));
#12390=CARTESIAN_POINT('Ctrl Pts',(134.626801926953,-111.004583026616,4.16662617276519));
#12391=CARTESIAN_POINT('Ctrl Pts',(134.618648818736,-111.042337584565,4.17823189981471));
#12392=CARTESIAN_POINT('Ctrl Pts',(134.581964522073,-111.230326538348,4.22863304105681));
#12393=CARTESIAN_POINT('Ctrl Pts',(134.56317482613,-111.391500228868,4.24934164902534));
#12394=CARTESIAN_POINT('Ctrl Pts',(134.56317482613,-111.5497339851,4.24934164902488));
#12395=CARTESIAN_POINT('',(134.282473896924,-111.549733985099,3.8));
#12396=CARTESIAN_POINT('Origin',(134.422824361546,-106.09044199125,4.02467082451263));
#12397=CARTESIAN_POINT('',(134.563174826121,-114.149734014903,4.24934164902525));
#12398=CARTESIAN_POINT('',(134.563174826148,-106.09044199125,4.24934164902525));
#12399=CARTESIAN_POINT('',(134.282473896915,-114.149734014901,3.8));
#12400=CARTESIAN_POINT('',(134.282473896943,-106.090441991249,3.8));
#12401=CARTESIAN_POINT('Ctrl Pts',(134.72766403479,-115.065980469575,3.98078639721814));
#12402=CARTESIAN_POINT('Ctrl Pts',(134.708605343791,-115.001675944729,4.02697848650089));
#12403=CARTESIAN_POINT('Ctrl Pts',(134.688375211349,-114.933384553073,4.06676890284829));
#12404=CARTESIAN_POINT('Ctrl Pts',(134.606462456226,-114.635852582792,4.20736600068037));
#12405=CARTESIAN_POINT('Ctrl Pts',(134.56031381317,-114.375612155231,4.25258442700511));
#12406=CARTESIAN_POINT('Ctrl Pts',(134.5634804799,-114.125335689701,4.2494313338229));
#12407=CARTESIAN_POINT('Ctrl Pts',(134.585735030934,-114.963986492606,3.85087568631404));
#12408=CARTESIAN_POINT('Ctrl Pts',(134.573217845611,-114.909742790984,3.89062445976831));
#12409=CARTESIAN_POINT('Ctrl Pts',(134.559288378445,-114.851083301477,3.92580168130932));
#12410=CARTESIAN_POINT('Ctrl Pts',(134.502218582872,-114.592761695136,4.05424914142071));
#12411=CARTESIAN_POINT('Ctrl Pts',(134.467585101697,-114.356118773039,4.10321548019462));
#12412=CARTESIAN_POINT('Ctrl Pts',(134.469641491092,-114.127445551113,4.09926052454896));
#12413=CARTESIAN_POINT('Ctrl Pts',(134.443871861601,-114.862055605745,3.72103001570122));
#12414=CARTESIAN_POINT('Ctrl Pts',(134.4376262677,-114.817613407984,3.75406890029973));
#12415=CARTESIAN_POINT('Ctrl Pts',(134.430321234853,-114.768902414589,3.78495191706033));
#12416=CARTESIAN_POINT('Ctrl Pts',(134.397522718338,-114.549223248665,3.9006938166753));
#12417=CARTESIAN_POINT('Ctrl Pts',(134.373968106054,-114.335879192562,3.95224807297507));
#12418=CARTESIAN_POINT('Ctrl Pts',(134.375893418193,-114.129632015071,3.94925205170539));
#12419=CARTESIAN_POINT('Ctrl Pts',(134.301942713982,-114.760061491007,3.59111916276963));
#12420=CARTESIAN_POINT('Ctrl Pts',(134.302239215165,-114.725680682741,3.61771531365115));
#12421=CARTESIAN_POINT('Ctrl Pts',(134.301234140585,-114.686600900156,3.64398443903166));
#12422=CARTESIAN_POINT('Ctrl Pts',(134.293279831991,-114.506133338336,3.74757791488606));
#12423=CARTESIAN_POINT('Ctrl Pts',(134.281241334315,-114.316387439832,3.80288261669832));
#12424=CARTESIAN_POINT('Ctrl Pts',(134.282054230853,-114.131741709207,3.79908088793986));
#12425=CARTESIAN_POINT('Ctrl Pts',(134.563174826121,-114.149734014903,4.24934164902506));
#12426=CARTESIAN_POINT('Ctrl Pts',(134.563174826121,-114.307967771057,4.24934164902459));
#12427=CARTESIAN_POINT('Ctrl Pts',(134.581964522634,-114.469141461143,4.22863304036434));
#12428=CARTESIAN_POINT('Ctrl Pts',(134.618648819393,-114.657130414762,4.17823189887136));
#12429=CARTESIAN_POINT('Ctrl Pts',(134.626801927593,-114.694884972668,4.16662617181413));
#12430=CARTESIAN_POINT('Ctrl Pts',(134.666293636985,-114.863678954477,4.10721529514369));
#12431=CARTESIAN_POINT('Ctrl Pts',(134.697376594468,-114.964288506504,4.05082970453798));
#12432=CARTESIAN_POINT('Ctrl Pts',(134.721491577468,-115.045752857778,3.99469179050322));
#12433=CARTESIAN_POINT('Origin',(134.552677999793,-114.149734014902,2.8));
#12434=CARTESIAN_POINT('',(134.302677999799,-115.149734014901,2.8));
#12435=CARTESIAN_POINT('Origin',(134.552677999798,-115.399734014901,2.06750000745058));
#12436=CARTESIAN_POINT('',(134.30267799978,-115.149734014901,1.93499998509883));
#12437=CARTESIAN_POINT('Origin',(134.552677999793,-113.949734014902,1.93499998509883));
#12438=CARTESIAN_POINT('Ctrl Pts',(134.802677999798,-115.482631605057,1.2));
#12439=CARTESIAN_POINT('Ctrl Pts',(134.746662012575,-115.420509269627,1.2));
#12440=CARTESIAN_POINT('Ctrl Pts',(134.460305845278,-115.097708862838,1.2));
#12441=CARTESIAN_POINT('Ctrl Pts',(134.30267799978,-114.898298731673,1.2));
#12442=CARTESIAN_POINT('Origin',(133.802677999829,-106.090441991248,3.6));
#12443=CARTESIAN_POINT('',(133.802677999865,-95.1811678374371,4.6));
#12444=CARTESIAN_POINT('',(134.802658536049,-93.8417957516838,3.60668726557744));
#12445=CARTESIAN_POINT('Ctrl Pts',(133.802677999865,-95.1811678374369,4.6));
#12446=CARTESIAN_POINT('Ctrl Pts',(133.920442908638,-95.1471940381203,4.60000000000012));
#12447=CARTESIAN_POINT('Ctrl Pts',(134.148775515121,-95.0337666194997,4.55814975014279));
#12448=CARTESIAN_POINT('Ctrl Pts',(134.624489333656,-94.6158823317328,4.28899840738357));
#12449=CARTESIAN_POINT('Ctrl Pts',(134.801003111724,-94.1696917631773,3.89685893387117));
#12450=CARTESIAN_POINT('Ctrl Pts',(134.802658536049,-93.8417957516838,3.60668726557744));
#12451=CARTESIAN_POINT('',(133.802677999829,-106.090441991248,4.6));
#12452=CARTESIAN_POINT('',(134.802677999832,-105.172078501723,3.6));
#12453=CARTESIAN_POINT('',(134.802677999829,-106.090441991251,3.6));
#12454=CARTESIAN_POINT('',(134.682235505342,-104.199799944217,4.07579259610404));
#12455=CARTESIAN_POINT('Ctrl Pts',(134.682235505337,-104.199799944219,4.07579259611356));
#12456=CARTESIAN_POINT('Ctrl Pts',(134.699388283223,-104.379461793268,4.04408370729519));
#12457=CARTESIAN_POINT('Ctrl Pts',(134.729094527919,-104.55534680341,3.98567849847808));
#12458=CARTESIAN_POINT('Ctrl Pts',(134.781350061764,-104.888377079457,3.82313136550395));
#12459=CARTESIAN_POINT('Ctrl Pts',(134.802677999833,-105.041725716575,3.71863788089052));
#12460=CARTESIAN_POINT('Ctrl Pts',(134.802677999832,-105.172078501723,3.59999999999998));
#12461=CARTESIAN_POINT('',(134.662760473655,-103.802334000002,4.11015501392317));
#12462=CARTESIAN_POINT('Ctrl Pts',(134.662760473655,-103.802334000002,4.11015501392305));
#12463=CARTESIAN_POINT('Ctrl Pts',(134.662760473655,-103.868096442721,4.11015501392285));
#12464=CARTESIAN_POINT('Ctrl Pts',(134.664458685773,-103.934167275931,4.10732175512461));
#12465=CARTESIAN_POINT('Ctrl Pts',(134.670988794678,-104.066704494668,4.09606425904347));
#12466=CARTESIAN_POINT('Ctrl Pts',(134.675927222887,-104.133725650147,4.08745418400031));
#12467=CARTESIAN_POINT('Ctrl Pts',(134.682235505342,-104.199799944217,4.07579259610386));
#12468=CARTESIAN_POINT('',(134.662760473677,-97.4623340000012,4.11015501392317));
#12469=CARTESIAN_POINT('',(134.662760473647,-106.09044199125,4.11015501392317));
#12470=CARTESIAN_POINT('',(134.682235505366,-97.0648680557818,4.07579259610405));
#12471=CARTESIAN_POINT('Ctrl Pts',(134.682235505366,-97.0648680557818,4.07579259610395));
#12472=CARTESIAN_POINT('Ctrl Pts',(134.675927222911,-97.1309423498532,4.0874541840006));
#12473=CARTESIAN_POINT('Ctrl Pts',(134.670988794701,-97.1979635053334,4.0960642590438));
#12474=CARTESIAN_POINT('Ctrl Pts',(134.664458685795,-97.3305007240704,4.10732175512468));
#12475=CARTESIAN_POINT('Ctrl Pts',(134.662760473677,-97.3965715572816,4.11015501392282));
#12476=CARTESIAN_POINT('Ctrl Pts',(134.662760473677,-97.4623340000012,4.11015501392264));
#12477=CARTESIAN_POINT('',(134.802677999863,-96.0925894982769,3.6));
#12478=CARTESIAN_POINT('Ctrl Pts',(134.802677999863,-96.0925894982772,3.59999999999971));
#12479=CARTESIAN_POINT('Ctrl Pts',(134.802677999862,-96.2229422834343,3.7186378808985));
#12480=CARTESIAN_POINT('Ctrl Pts',(134.781350061791,-96.3762909205545,3.82313136551023));
#12481=CARTESIAN_POINT('Ctrl Pts',(134.729094527944,-96.7093211965901,3.98567849848231));
#12482=CARTESIAN_POINT('Ctrl Pts',(134.699388283246,-96.8852062067291,4.04408370729959));
#12483=CARTESIAN_POINT('Ctrl Pts',(134.682235505358,-97.0648680557771,4.0757925961186));
#12484=CARTESIAN_POINT('',(134.802677999871,-93.8342367135379,3.6));
#12485=CARTESIAN_POINT('',(134.802677999829,-106.090441991251,3.6));
#12486=CARTESIAN_POINT('Ctrl Pts',(134.802658536049,-93.8417957516838,3.60668726557744));
#12487=CARTESIAN_POINT('Ctrl Pts',(134.802663050675,-93.8409015230147,3.60589591766329));
#12488=CARTESIAN_POINT('Ctrl Pts',(134.802666593673,-93.8400073428297,3.60510459750988));
#12489=CARTESIAN_POINT('Ctrl Pts',(134.802673835338,-93.8374889128844,3.60287582927812));
#12490=CARTESIAN_POINT('Ctrl Pts',(134.802677999871,-93.8358623795648,3.60143777484607));
#12491=CARTESIAN_POINT('Ctrl Pts',(134.802677999871,-93.8342367135405,3.59999999999998));
#12492=CARTESIAN_POINT('Origin',(134.802677999791,-117.5890615651,1.2));
#12493=CARTESIAN_POINT('',(134.80267799983,-105.837334,1.53499999999999));
#12494=CARTESIAN_POINT('Origin',(134.802677999837,-103.802334000002,1.535));
#12495=CARTESIAN_POINT('',(134.80267799983,-105.837334,2.09500000000002));
#12496=CARTESIAN_POINT('',(134.80267799983,-105.837334,1.36749999999982));
#12497=CARTESIAN_POINT('Origin',(134.802677999837,-103.802334000002,2.095));
#12498=CARTESIAN_POINT('Ctrl Pts',(134.682235505358,-97.0648680557771,4.07579259611859));
#12499=CARTESIAN_POINT('Ctrl Pts',(134.716457345478,-96.7064212132988,4.01252957652991));
#12500=CARTESIAN_POINT('Ctrl Pts',(134.802677999863,-96.363666646125,3.84671523774607));
#12501=CARTESIAN_POINT('Ctrl Pts',(134.802677999863,-96.0925894982761,3.59999999999902));
#12502=CARTESIAN_POINT('Ctrl Pts',(134.555716336836,-97.0966922447139,3.91719506407895));
#12503=CARTESIAN_POINT('Ctrl Pts',(134.578530896916,-96.7673686337787,3.85688826620958));
#12504=CARTESIAN_POINT('Ctrl Pts',(134.636011333172,-96.4536475923883,3.70324961630905));
#12505=CARTESIAN_POINT('Ctrl Pts',(134.636011333172,-96.2047716851495,3.47674037673947));
#12506=CARTESIAN_POINT('Ctrl Pts',(134.429197168313,-97.1285164336507,3.75859753203931));
#12507=CARTESIAN_POINT('Ctrl Pts',(134.440604448353,-96.8283160542586,3.70124695588925));
#12508=CARTESIAN_POINT('Ctrl Pts',(134.469344666481,-96.5436285386516,3.55978399487202));
#12509=CARTESIAN_POINT('Ctrl Pts',(134.469344666481,-96.3169538720228,3.35348075347993));
#12510=CARTESIAN_POINT('Ctrl Pts',(134.302677999791,-97.1603406225876,3.59999999999967));
#12511=CARTESIAN_POINT('Ctrl Pts',(134.302677999791,-96.8892634747385,3.54560564556891));
#12512=CARTESIAN_POINT('Ctrl Pts',(134.302677999791,-96.6336094849149,3.416318373435));
#12513=CARTESIAN_POINT('Ctrl Pts',(134.302677999791,-96.4291360588962,3.23022113022039));
#12514=CARTESIAN_POINT('',(134.802677999863,-96.0925894982769,3.6));
#12515=CARTESIAN_POINT('',(134.30267799986,-97.1603406225876,3.59999999999967));
#12516=CARTESIAN_POINT('Origin',(134.55267799979,-97.4623340000009,1.535));
#12517=CARTESIAN_POINT('',(134.802677999865,-95.427334,1.535));
#12518=CARTESIAN_POINT('Origin',(134.802677999859,-97.4623340000017,1.535));
#12519=CARTESIAN_POINT('',(134.302677999864,-95.927334,1.535));
#12520=CARTESIAN_POINT('Origin',(134.552677999865,-95.677334,1.6475));
#12521=CARTESIAN_POINT('',(134.802677999865,-95.4273340000004,2.09500000000001));
#12522=CARTESIAN_POINT('',(134.802677999865,-95.427334,1.6475));
#12523=CARTESIAN_POINT('',(134.302677999722,-95.927334,2.095));
#12524=CARTESIAN_POINT('Origin',(134.552677999788,-97.4623340000009,2.095));
#12525=CARTESIAN_POINT('Origin',(134.802677999859,-97.4623340000017,2.095));
#12526=CARTESIAN_POINT('Ctrl Pts',(134.802677999832,-105.172078501723,3.59999999999985));
#12527=CARTESIAN_POINT('Ctrl Pts',(134.802677999833,-104.901001353874,3.84671523774696));
#12528=CARTESIAN_POINT('Ctrl Pts',(134.716457345453,-104.558246786697,4.0125295765268));
#12529=CARTESIAN_POINT('Ctrl Pts',(134.682235505337,-104.199799944219,4.07579259611406));
#12530=CARTESIAN_POINT('Ctrl Pts',(134.636011333151,-105.059896314849,3.47674037674052));
#12531=CARTESIAN_POINT('Ctrl Pts',(134.636011333152,-104.81102040761,3.70324961631013));
#12532=CARTESIAN_POINT('Ctrl Pts',(134.578530896898,-104.497299366218,3.8568882662079));
#12533=CARTESIAN_POINT('Ctrl Pts',(134.555716336821,-104.167975755283,3.91719506407615));
#12534=CARTESIAN_POINT('Ctrl Pts',(134.469344666469,-104.947714127976,3.35348075348119));
#12535=CARTESIAN_POINT('Ctrl Pts',(134.46934466647,-104.721039461346,3.5597839948733));
#12536=CARTESIAN_POINT('Ctrl Pts',(134.440604448343,-104.436351945738,3.70124695588899));
#12537=CARTESIAN_POINT('Ctrl Pts',(134.429197168305,-104.136151566346,3.75859753203823));
#12538=CARTESIAN_POINT('Ctrl Pts',(134.302677999787,-104.835531941102,3.23022113022186));
#12539=CARTESIAN_POINT('Ctrl Pts',(134.302677999788,-104.631058515083,3.41631837343648));
#12540=CARTESIAN_POINT('Ctrl Pts',(134.302677999789,-104.375404525259,3.54560564557009));
#12541=CARTESIAN_POINT('Ctrl Pts',(134.30267799979,-104.104327377409,3.60000000000031));
#12542=CARTESIAN_POINT('',(134.682235505342,-104.199799944217,4.07579259610404));
#12543=CARTESIAN_POINT('',(134.302677999742,-104.835531941102,3.23022113022186));
#12544=CARTESIAN_POINT('Ctrl Pts',(134.662760473677,-97.4623340000018,4.11015501392318));
#12545=CARTESIAN_POINT('Ctrl Pts',(134.662760473677,-97.3326885592525,4.1101550139233));
#12546=CARTESIAN_POINT('Ctrl Pts',(134.669491512042,-97.1983513562746,4.09935133802218));
#12547=CARTESIAN_POINT('Ctrl Pts',(134.682235505366,-97.0648680557818,4.07579259610405));
#12548=CARTESIAN_POINT('Ctrl Pts',(134.542582948639,-97.4623340000012,3.95010334261545));
#12549=CARTESIAN_POINT('Ctrl Pts',(134.542582948639,-97.3427326012146,3.95010334261553));
#12550=CARTESIAN_POINT('Ctrl Pts',(134.547220341314,-97.2187963255861,3.93954579253396));
#12551=CARTESIAN_POINT('Ctrl Pts',(134.555716336864,-97.096692244717,3.91719506406925));
#12552=CARTESIAN_POINT('Ctrl Pts',(134.422405423601,-97.4623340000006,3.79005167130772));
#12553=CARTESIAN_POINT('Ctrl Pts',(134.422405423601,-97.3527766431767,3.79005167130776));
#12554=CARTESIAN_POINT('Ctrl Pts',(134.424949170587,-97.2392412948977,3.77974024704574));
#12555=CARTESIAN_POINT('Ctrl Pts',(134.429197168362,-97.1285164336523,3.75859753203446));
#12556=CARTESIAN_POINT('Ctrl Pts',(134.302227898563,-97.4623340000001,3.62999999999999));
#12557=CARTESIAN_POINT('Ctrl Pts',(134.302227898563,-97.3628206851387,3.62999999999999));
#12558=CARTESIAN_POINT('Ctrl Pts',(134.302677999859,-97.2596862642093,3.61993470155752));
#12559=CARTESIAN_POINT('Ctrl Pts',(134.30267799986,-97.1603406225876,3.59999999999967));
#12560=CARTESIAN_POINT('',(134.302227898563,-97.462334,3.62999999999999));
#12561=CARTESIAN_POINT('Origin',(134.482494186091,-106.09044199125,3.87007750696157));
#12562=CARTESIAN_POINT('',(134.302227898542,-103.802334,3.62999999999998));
#12563=CARTESIAN_POINT('Ctrl Pts',(134.682235505342,-104.199799944217,4.07579259610404));
#12564=CARTESIAN_POINT('Ctrl Pts',(134.669491512019,-104.066316643726,4.09935133802185));
#12565=CARTESIAN_POINT('Ctrl Pts',(134.662760473655,-103.93197944075,4.11015501392305));
#12566=CARTESIAN_POINT('Ctrl Pts',(134.662760473655,-103.802334000002,4.11015501392317));
#12567=CARTESIAN_POINT('Ctrl Pts',(134.55571633684,-104.167975755281,3.91719506406946));
#12568=CARTESIAN_POINT('Ctrl Pts',(134.547220341291,-104.045871674414,3.93954579253379));
#12569=CARTESIAN_POINT('Ctrl Pts',(134.542582948617,-103.921935398787,3.95010334261536));
#12570=CARTESIAN_POINT('Ctrl Pts',(134.542582948617,-103.802334000001,3.95010334261544));
#12571=CARTESIAN_POINT('Ctrl Pts',(134.429197168338,-104.136151566345,3.75859753203489));
#12572=CARTESIAN_POINT('Ctrl Pts',(134.424949170564,-104.025426705101,3.77974024704574));
#12573=CARTESIAN_POINT('Ctrl Pts',(134.422405423579,-103.911891356823,3.79005167130767));
#12574=CARTESIAN_POINT('Ctrl Pts',(134.422405423579,-103.802334000001,3.79005167130771));
#12575=CARTESIAN_POINT('Ctrl Pts',(134.302677999836,-104.104327377409,3.60000000000031));
#12576=CARTESIAN_POINT('Ctrl Pts',(134.302677999836,-104.004981735789,3.61993470155768));
#12577=CARTESIAN_POINT('Ctrl Pts',(134.302227898541,-103.90184731486,3.62999999999998));
#12578=CARTESIAN_POINT('Ctrl Pts',(134.302227898542,-103.802334,3.62999999999998));
#12579=CARTESIAN_POINT('Origin',(134.552677999791,-103.802334000001,2.095));
#12580=CARTESIAN_POINT('',(134.302677999832,-105.337334,2.095));
#12581=CARTESIAN_POINT('Origin',(134.552677999831,-105.587334,1.36749999999981));
#12582=CARTESIAN_POINT('',(134.302677999746,-105.337334,1.535));
#12583=CARTESIAN_POINT('Origin',(134.552677999794,-103.802334000001,1.535));
#12584=CARTESIAN_POINT('Origin',(114.40105496537,-107.232928425257,1.7));
#12585=CARTESIAN_POINT('',(114.40105496537,-107.052771209583,3.79982137866722));
#12586=CARTESIAN_POINT('',(114.40105496537,-107.052771209583,1.6));
#12587=CARTESIAN_POINT('',(114.40105496537,-100.912375421234,3.79982137866726));
#12588=CARTESIAN_POINT('Origin',(78.6102032332657,-94.591822417212,3.11260191788799));
#12589=CARTESIAN_POINT('',(114.402677999923,-107.052771209583,3.79985254252269));
#12590=CARTESIAN_POINT('',(114.402677999922,-103.795912050518,3.79985254252269));
#12591=CARTESIAN_POINT('',(96.4843690415054,-107.052771209565,3.45580343431341));
#12592=CARTESIAN_POINT('',(114.410357684516,-94.5918224172008,3.8));
#12593=CARTESIAN_POINT('Origin',(128.400888995379,-116.764468152398,1.5));
#12594=CARTESIAN_POINT('',(128.400888995379,-116.764468152398,3.8));
#12595=CARTESIAN_POINT('',(128.400888995383,-105.678145284814,3.8));
#12596=CARTESIAN_POINT('',(128.400888995379,-116.764468152398,1.5));
#12597=CARTESIAN_POINT('Origin',(114.402677999925,-113.000001683836,1.5));
#12598=CARTESIAN_POINT('',(114.402677999923,-107.052771209583,1.5));
#12599=CARTESIAN_POINT('Origin',(83.0012303518845,-126.782782573219,4.6));
#12600=CARTESIAN_POINT('',(81.5645747155346,-126.782782573218,3.96947620579048));
#12601=CARTESIAN_POINT('',(81.5645747155346,-126.782782573218,1.7));
#12602=CARTESIAN_POINT('',(83.001230351883,-128.219438209569,3.99706140323497));
#12603=CARTESIAN_POINT('Origin',(83.0012303518845,-126.782782573219,3.99706140323501));
#12604=CARTESIAN_POINT('',(83.001230351883,-128.219438209569,1.5));
#12605=CARTESIAN_POINT('Origin',(96.401230351883,-128.219438209581,4.6));
#12606=CARTESIAN_POINT('',(96.401230351883,-128.219438209581,4.25435454739846));
#12607=CARTESIAN_POINT('',(87.50135495851,-128.219438209572,4.08346820988919));
#12608=CARTESIAN_POINT('',(96.401230351883,-128.219438209581,1.5));
#12609=CARTESIAN_POINT('Origin',(96.4012303518845,-126.782782573232,4.6));
#12610=CARTESIAN_POINT('',(97.8378859882335,-126.782782573233,4.28193974484301));
#12611=CARTESIAN_POINT('Origin',(96.4012303518845,-126.782782573232,4.2543545473985));
#12612=CARTESIAN_POINT('',(97.8378859882335,-126.782782573233,1.5));
#12613=CARTESIAN_POINT('Origin',(97.8378859882473,-113.382782573233,4.6));
#12614=CARTESIAN_POINT('',(97.8378859882473,-113.382782573233,4.28193974484336));
#12615=CARTESIAN_POINT('',(97.8378859882563,-103.987302495232,4.28193974484359));
#12616=CARTESIAN_POINT('',(97.8378859882473,-113.382782573233,1.5));
#12617=CARTESIAN_POINT('Origin',(96.4012303518974,-113.382782573232,4.6));
#12618=CARTESIAN_POINT('',(96.4012303518987,-111.946126936882,4.25435454739886));
#12619=CARTESIAN_POINT('Origin',(96.4012303518974,-113.382782573232,4.25435454739883));
#12620=CARTESIAN_POINT('',(96.4012303518987,-111.946126936882,1.5));
#12621=CARTESIAN_POINT('Origin',(94.401230351883,-104.219438209581,4.6));
#12622=CARTESIAN_POINT('',(86.5017235003162,-104.219438209573,4.0642743053458));
#12623=CARTESIAN_POINT('Origin',(97.0645747155346,-105.616115573218,4.6));
#12624=CARTESIAN_POINT('',(97.0645747155346,-105.616115573218,4.26709140986032));
#12625=CARTESIAN_POINT('',(97.0645747155399,-100.103968995224,4.26709140986046));
#12626=CARTESIAN_POINT('',(97.0645747155346,-105.616115573218,1.7));
#12627=CARTESIAN_POINT('Origin',(98.5012303518845,-105.616115573219,4.6));
#12628=CARTESIAN_POINT('',(98.5012303518831,-107.052771209569,4.29467660730481));
#12629=CARTESIAN_POINT('Origin',(98.5012303518845,-105.616115573219,4.29467660730485));
#12630=CARTESIAN_POINT('',(98.5012303518831,-107.052771209569,1.5));
#12631=CARTESIAN_POINT('Origin',(111.901230351883,-107.052771209581,4.6));
#12632=CARTESIAN_POINT('',(95.2484987596113,-107.052771209565,4.23222097010365));
#12633=CARTESIAN_POINT('Origin',(111.901230351883,-107.052771209581,4.6));
#12634=CARTESIAN_POINT('Origin',(117.651201926872,-117.023866305028,4.6));
#12635=CARTESIAN_POINT('',(117.94989942935,-115.618605041252,4.6));
#12636=CARTESIAN_POINT('Origin',(117.651201926872,-117.023866305028,4.6));
#12637=CARTESIAN_POINT('',(117.94989942935,-115.618605041252,1.5));
#12638=CARTESIAN_POINT('Origin',(104.84272157952,-112.832588384279,4.6));
#12639=CARTESIAN_POINT('',(114.402677999926,-114.864619850727,4.6));
#12640=CARTESIAN_POINT('',(90.4405983716208,-109.771322594442,4.6));
#12641=CARTESIAN_POINT('',(104.84272157952,-112.832588384279,4.41643945929313));
#12642=CARTESIAN_POINT('',(90.4334379703809,-109.769800604175,4.13976707982009));
#12643=CARTESIAN_POINT('',(104.84272157952,-112.832588384279,1.5));
#12644=CARTESIAN_POINT('Origin',(104.544024077042,-114.237849648054,4.6));
#12645=CARTESIAN_POINT('',(103.138762813267,-113.939152145577,4.38372177955475));
#12646=CARTESIAN_POINT('Origin',(104.544024077042,-114.237849648054,4.41070417425086));
#12647=CARTESIAN_POINT('',(103.138762813267,-113.939152145577,1.5));
#12648=CARTESIAN_POINT('Origin',(100.352746156293,-127.046329995406,4.6));
#12649=CARTESIAN_POINT('',(103.182481663845,-113.733471124794,4.38456122437001));
#12650=CARTESIAN_POINT('Origin',(131.741345195241,-138.392854290335,4.6));
#12651=CARTESIAN_POINT('',(131.741345195241,-138.392854290335,4.6));
#12652=CARTESIAN_POINT('',(101.53384203469,-124.306864232789,4.6));
#12653=CARTESIAN_POINT('',(131.741345195241,-138.392854290335,1.5));
#12654=CARTESIAN_POINT('Origin',(132.348502102996,-137.090802099823,4.6));
#12655=CARTESIAN_POINT('',(133.650554293508,-137.697959007578,4.6));
#12656=CARTESIAN_POINT('Origin',(132.348502102996,-137.090802099823,4.6));
#12657=CARTESIAN_POINT('',(133.650554293508,-137.697959007578,1.5));
#12658=CARTESIAN_POINT('Origin',(139.313639000848,-125.553434661293,4.6));
#12659=CARTESIAN_POINT('',(139.313639000848,-125.553434661293,4.6));
#12660=CARTESIAN_POINT('',(139.822491455547,-124.462197050676,4.6));
#12661=CARTESIAN_POINT('',(139.313639000848,-125.553434661293,1.5));
#12662=CARTESIAN_POINT('Origin',(138.011586810334,-124.946277753538,4.6));
#12663=CARTESIAN_POINT('Origin',(138.011586810334,-124.946277753538,4.6));
#12664=CARTESIAN_POINT('Origin',(133.60267799979,-117.649526752655,1.2));
#12665=CARTESIAN_POINT('',(133.602677999793,-116.764468152402,3.8));
#12666=CARTESIAN_POINT('',(133.602677999793,-116.764468152402,1.35));
#12667=CARTESIAN_POINT('',(133.602677999829,-106.120674585027,3.8));
#12668=CARTESIAN_POINT('',(133.60267799979,-117.749468426892,1.2));
#12669=CARTESIAN_POINT('',(133.602677999829,-106.120674585027,1.2));
#12670=CARTESIAN_POINT('',(133.60267799979,-117.749468426892,1.5));
#12671=CARTESIAN_POINT('Origin',(135.844948283667,-117.237390333198,1.2));
#12672=CARTESIAN_POINT('',(134.445247451332,-119.062448573353,1.2));
#12673=CARTESIAN_POINT('Origin',(135.844948283667,-117.237390333198,1.2));
#12674=CARTESIAN_POINT('',(134.445247451332,-119.062448573353,1.5));
#12675=CARTESIAN_POINT('Origin',(140.994151576008,-122.063663762233,1.2));
#12676=CARTESIAN_POINT('',(140.994151576008,-122.063663762233,1.2));
#12677=CARTESIAN_POINT('',(110.015448202933,-107.866822073142,1.2));
#12678=CARTESIAN_POINT('',(140.994151576008,-122.063663762233,1.5));
#12679=CARTESIAN_POINT('Origin',(139.99416131901,-124.2454923276,1.2));
#12680=CARTESIAN_POINT('',(142.169408656364,-125.259718842775,1.2));
#12681=CARTESIAN_POINT('Origin',(139.99416131901,-124.2454923276,1.2));
#12682=CARTESIAN_POINT('',(142.169408655913,-125.259718842565,1.5));
#12683=CARTESIAN_POINT('Origin',(135.234540907885,-140.131592037432,1.2));
#12684=CARTESIAN_POINT('',(135.234540907885,-140.131592037432,1.2));
#12685=CARTESIAN_POINT('',(138.899548808681,-132.271956535371,1.2));
#12686=CARTESIAN_POINT('',(135.234540907885,-140.131592037432,1.5));
#12687=CARTESIAN_POINT('Origin',(133.05939991488,-139.1172918197,1.2));
#12688=CARTESIAN_POINT('',(132.06984203081,-141.303800101227,1.2));
#12689=CARTESIAN_POINT('Origin',(133.05939991488,-139.1172918197,1.2));
#12690=CARTESIAN_POINT('',(132.069842030811,-141.303800101224,1.5));
#12691=CARTESIAN_POINT('Origin',(117.681341137885,-134.791870920624,1.2));
#12692=CARTESIAN_POINT('',(122.754530079482,-137.087888230096,1.2));
#12693=CARTESIAN_POINT('',(93.9182952386755,-124.037222249256,1.2));
#12694=CARTESIAN_POINT('',(122.754530079482,-137.087888230095,1.5));
#12695=CARTESIAN_POINT('Origin',(99.7472178774223,-187.923934351297,1.2));
#12696=CARTESIAN_POINT('Origin',(99.7472178774223,-187.923934351297,1.2));
#12697=CARTESIAN_POINT('Origin',(133.202480999996,-116.7644681524,1.5));
#12698=CARTESIAN_POINT('',(106.108481699175,-116.764468152309,3.8));
#12699=CARTESIAN_POINT('Origin',(83.0012303518986,-111.94612693687,4.6));
#12700=CARTESIAN_POINT('',(83.0012303518986,-111.94612693687,3.99706140323537));
#12701=CARTESIAN_POINT('',(83.0012303518988,-111.94612693687,1.7));
#12702=CARTESIAN_POINT('',(80.8038241885499,-111.946126936868,3.95486904944639));
#12703=CARTESIAN_POINT('Origin',(83.0012303518974,-113.382782573219,4.6));
#12704=CARTESIAN_POINT('',(81.5645747155481,-113.382782573218,3.96947620579082));
#12705=CARTESIAN_POINT('Origin',(83.0012303518974,-113.382782573219,3.99706140323533));
#12706=CARTESIAN_POINT('',(81.5645747155481,-113.382782573218,4.6));
#12707=CARTESIAN_POINT('Origin',(81.5645747155346,-126.782782573218,4.6));
#12708=CARTESIAN_POINT('',(81.5645747155501,-110.687302495216,3.96947620579087));
#12709=CARTESIAN_POINT('Origin',(118.558879642372,-58.721399672174,5.665));
#12710=CARTESIAN_POINT('',(118.558879642372,-86.321399672174,6.8));
#12711=CARTESIAN_POINT('',(118.558879642372,-86.321399672174,5.665));
#12712=CARTESIAN_POINT('',(118.558879642372,-61.721399672174,6.8));
#12713=CARTESIAN_POINT('',(118.558879642372,-61.721399672174,5.665));
#12714=CARTESIAN_POINT('',(118.558879642372,-87.821399672174,6.8));
#12715=CARTESIAN_POINT('Origin',(130.458879642372,-61.721399672174,5.665));
#12716=CARTESIAN_POINT('',(128.958879642372,-61.721399672174,6.8));
#12717=CARTESIAN_POINT('',(128.958879642372,-61.721399672174,5.665));
#12718=CARTESIAN_POINT('',(117.058879642372,-61.721399672174,6.8));
#12719=CARTESIAN_POINT('Origin',(128.958879642372,-87.821399672174,5.665));
#12720=CARTESIAN_POINT('',(128.958879642372,-86.321399672174,6.8));
#12721=CARTESIAN_POINT('',(128.958879642372,-86.321399672174,5.665));
#12722=CARTESIAN_POINT('',(128.958879642372,-58.721399672174,6.8));
#12723=CARTESIAN_POINT('Origin',(117.058879642372,-86.321399672174,5.665));
#12724=CARTESIAN_POINT('',(130.458879642372,-86.321399672174,6.8));
#12725=CARTESIAN_POINT('Origin',(134.802678000012,-52.1330099999883,6.8));
#12726=CARTESIAN_POINT('',(134.802678,-55.7330032783937,3.6));
#12727=CARTESIAN_POINT('',(134.802678,-55.7330032783937,1.2));
#12728=CARTESIAN_POINT('',(134.802677999829,-106.090441991251,3.6));
#12729=CARTESIAN_POINT('Origin',(131.20265559438,-55.73303240561,2.8));
#12730=CARTESIAN_POINT('Origin',(131.20265559438,-55.73303240561,3.6));
#12731=CARTESIAN_POINT('Ctrl Pts',(134.802677903091,-55.7338682276627,3.59999999999931));
#12732=CARTESIAN_POINT('Ctrl Pts',(134.803024166778,-54.2424538816202,3.59999999999839));
#12733=CARTESIAN_POINT('Ctrl Pts',(133.748561637278,-53.187737974203,3.59999999999859));
#12734=CARTESIAN_POINT('Ctrl Pts',(132.694099107777,-52.1330220667859,3.59999999999879));
#12735=CARTESIAN_POINT('Ctrl Pts',(131.202684721587,-52.13300999999,3.6));
#12736=CARTESIAN_POINT('Ctrl Pts',(134.802677903092,-55.7338682276607,6.80000000000073));
#12737=CARTESIAN_POINT('Ctrl Pts',(134.803024166779,-54.242453881619,6.79999999999981));
#12738=CARTESIAN_POINT('Ctrl Pts',(133.748561637279,-53.1877379742024,6.80000000000001));
#12739=CARTESIAN_POINT('Ctrl Pts',(132.694099107779,-52.1330220667858,6.80000000000021));
#12740=CARTESIAN_POINT('Ctrl Pts',(131.202684721589,-52.13300999999,6.80000000000142));
#12741=CARTESIAN_POINT('Ctrl Pts',(131.602677989336,-55.7331252793491,6.80000000000009));
#12742=CARTESIAN_POINT('Ctrl Pts',(131.602716464995,-55.5674043233628,6.79999999999998));
#12743=CARTESIAN_POINT('Ctrl Pts',(131.485548128171,-55.4502078320356,6.80000000000001));
#12744=CARTESIAN_POINT('Ctrl Pts',(131.368379791347,-55.3330113407085,6.80000000000003));
#12745=CARTESIAN_POINT('Ctrl Pts',(131.2026588309,-55.3330099998866,6.80000000000016));
#12746=CARTESIAN_POINT('',(131.602678000012,-55.7330032783937,6.8));
#12747=CARTESIAN_POINT('Origin',(131.602678000012,-55.7330032783937,3.6));
#12748=CARTESIAN_POINT('',(131.2026588309,-55.3330099998853,6.8));
#12749=CARTESIAN_POINT('Origin',(131.2026588309,-55.3330099998853,3.6));
#12750=CARTESIAN_POINT('Origin',(131.20265559438,-55.73303240561,6.8));
#12751=CARTESIAN_POINT('Origin',(115.089488734797,-92.6142367135379,6.8));
#12752=CARTESIAN_POINT('',(115.089488734797,-91.4142367135379,5.2));
#12753=CARTESIAN_POINT('',(115.089488734797,-53.5174109253025,5.2));
#12754=CARTESIAN_POINT('',(115.089488734797,-93.603029565375,5.2));
#12755=CARTESIAN_POINT('',(115.089488734797,-91.4142367135379,6.02));
#12756=CARTESIAN_POINT('',(115.089488734797,-91.4142367135379,6.8));
#12757=CARTESIAN_POINT('',(115.089488734797,-55.3330099999883,6.02));
#12758=CARTESIAN_POINT('',(115.089488734797,-82.4939300351505,6.02));
#12759=CARTESIAN_POINT('Origin',(115.089488734797,-55.3330099999883,3.6));
#12760=CARTESIAN_POINT('Origin',(134.802678000012,-94.6142367135379,6.8));
#12761=CARTESIAN_POINT('',(133.418277074698,-94.6142367135379,5.2));
#12762=CARTESIAN_POINT('',(118.289488734797,-94.6142367135379,5.2));
#12763=CARTESIAN_POINT('',(106.708481699322,-94.6142367135379,5.2));
#12764=CARTESIAN_POINT('',(131.602678000012,-94.6142367135379,6.02));
#12765=CARTESIAN_POINT('Origin',(131.602678000012,-94.6142367135379,3.6));
#12766=CARTESIAN_POINT('',(118.289488734797,-94.6142367135379,6.02));
#12767=CARTESIAN_POINT('',(130.074380683708,-94.6142367135379,6.02));
#12768=CARTESIAN_POINT('',(118.289488734797,-94.6142367135379,6.8));
#12769=CARTESIAN_POINT('Origin',(118.289488734797,-91.4142367135379,6.8));
#12770=CARTESIAN_POINT('Origin',(118.289488734797,-91.4142367135379,5.2));
#12771=CARTESIAN_POINT('Origin',(118.289488734797,-91.4142367135379,6.02));
#12772=CARTESIAN_POINT('Origin',(131.602678000012,-62.2533166783757,3.6));
#12773=CARTESIAN_POINT('',(131.602678000012,-93.8342367135379,6.8));
#12774=CARTESIAN_POINT('Origin',(131.602678000012,-93.8342367135379,3.6));
#12775=CARTESIAN_POINT('',(131.602678000012,-62.2533166783757,6.8));
#12776=CARTESIAN_POINT('Origin',(125.346083367405,-72.3736233567631,6.8));
#12777=CARTESIAN_POINT('',(115.869488734797,-91.4142367135379,6.8));
#12778=CARTESIAN_POINT('',(115.869488734797,-55.3330099999883,6.8));
#12779=CARTESIAN_POINT('',(115.869488734797,-82.4939300351505,6.8));
#12780=CARTESIAN_POINT('',(118.289488734797,-93.8342367135379,6.8));
#12781=CARTESIAN_POINT('Origin',(118.289488734797,-91.4142367135379,6.8));
#12782=CARTESIAN_POINT('',(130.074380683708,-93.8342367135379,6.8));
#12783=CARTESIAN_POINT('',(115.889488734797,-55.3330099999883,6.8));
#12784=CARTESIAN_POINT('Origin',(120.617786051101,-55.3330099999883,3.6));
#12785=CARTESIAN_POINT('Origin',(115.869488734797,-55.3330099999883,3.6));
#12786=CARTESIAN_POINT('Origin',(115.869488734797,-55.3330099999883,3.6));
#12787=CARTESIAN_POINT('',(115.108179838695,-53.2386007286838,5.12320674277266));
#12788=CARTESIAN_POINT('Ctrl Pts',(115.089488734797,-53.5174109253025,5.2));
#12789=CARTESIAN_POINT('Ctrl Pts',(115.089488734797,-53.4745502568199,5.18776127517268));
#12790=CARTESIAN_POINT('Ctrl Pts',(115.090603328796,-53.4325572735606,5.17591856817372));
#12791=CARTESIAN_POINT('Ctrl Pts',(115.092960083055,-53.3913940593155,5.16451392296906));
#12792=CARTESIAN_POINT('Ctrl Pts',(115.095336255983,-53.3498916774243,5.15301530826419));
#12793=CARTESIAN_POINT('Ctrl Pts',(115.098975480491,-53.3092327842112,5.14196178059654));
#12794=CARTESIAN_POINT('Ctrl Pts',(115.103993939331,-53.269417508068,5.13136378710113));
#12795=CARTESIAN_POINT('Ctrl Pts',(115.105295891379,-53.2590881256817,5.1286143216209));
#12796=CARTESIAN_POINT('Ctrl Pts',(115.106690582434,-53.2488157251489,5.12589535579267));
#12797=CARTESIAN_POINT('Ctrl Pts',(115.108179838694,-53.2386007286837,5.1232067427727));
#12798=CARTESIAN_POINT('Origin',(115.869488734797,-55.3330099999883,6.02));
#12799=CARTESIAN_POINT('Ctrl Pts',(115.108179838695,-53.2386007286839,5.12320674277269));
#12800=CARTESIAN_POINT('Ctrl Pts',(115.146583965754,-52.9751819789829,5.05387425865856));
#12801=CARTESIAN_POINT('Ctrl Pts',(115.27750322825,-52.6141818479303,4.81807688075582));
#12802=CARTESIAN_POINT('Ctrl Pts',(115.554528492876,-52.2301652837399,4.26215703044724));
#12803=CARTESIAN_POINT('Ctrl Pts',(115.742688793413,-52.133974915886,3.86725934307581));
#12804=CARTESIAN_POINT('Ctrl Pts',(115.867651417509,-52.1330131766241,3.60387420530814));
#12805=CARTESIAN_POINT('Ctrl Pts',(115.868569905955,-52.1330099999883,3.60193724885978));
#12806=CARTESIAN_POINT('Ctrl Pts',(115.869488734797,-52.1330099999883,3.60000000000008));
#12807=CARTESIAN_POINT('Origin',(115.869488734797,-82.4939300351505,6.02));
#12808=CARTESIAN_POINT('Origin',(115.869488734797,-91.4142367135379,6.02));
#12809=CARTESIAN_POINT('Origin',(118.289488734797,-91.4142367135379,6.02));
#12810=CARTESIAN_POINT('Origin',(118.289488734797,-93.8342367135379,6.02));
#12811=CARTESIAN_POINT('Origin',(130.074380683708,-93.8342367135379,6.02));
#12812=CARTESIAN_POINT('Origin',(131.602678000012,-93.8342367135379,6.02));
#12813=CARTESIAN_POINT('Origin',(131.602678000012,-93.8342367135379,3.6));
#12814=CARTESIAN_POINT('',(134.802656382041,-93.8384921910996,3.60897472631994));
#12815=CARTESIAN_POINT('Ctrl Pts',(134.802677999871,-93.8342367135405,3.59999999999998));
#12816=CARTESIAN_POINT('Ctrl Pts',(134.802677999871,-93.8351555914173,3.60193724520861));
#12817=CARTESIAN_POINT('Ctrl Pts',(134.802673661611,-93.8360749131693,3.60387464775297));
#12818=CARTESIAN_POINT('Ctrl Pts',(134.802665339832,-93.8374927001072,3.60686599596208));
#12819=CARTESIAN_POINT('Ctrl Pts',(134.802661376134,-93.8379924322029,3.60792034417736));
#12820=CARTESIAN_POINT('Ctrl Pts',(134.802656382041,-93.8384921910996,3.60897472631994));
#12821=CARTESIAN_POINT('',(133.697087271219,-94.5955456096547,5.1232067427983));
#12822=CARTESIAN_POINT('Ctrl Pts',(133.697087271219,-94.5955456096547,5.1232067427983));
#12823=CARTESIAN_POINT('Ctrl Pts',(133.657345381415,-94.6013396261651,5.13366690915606));
#12824=CARTESIAN_POINT('Ctrl Pts',(133.616688500198,-94.6057062981888,5.14460637512745));
#12825=CARTESIAN_POINT('Ctrl Pts',(133.575168792781,-94.6087512379274,5.15600386144995));
#12826=CARTESIAN_POINT('Ctrl Pts',(133.534028328532,-94.611768365028,5.16729724253935));
#12827=CARTESIAN_POINT('Ctrl Pts',(133.492040934748,-94.6134882042701,5.17904053858588));
#12828=CARTESIAN_POINT('Ctrl Pts',(133.449218621533,-94.6140394647747,5.19119182547058));
#12829=CARTESIAN_POINT('Ctrl Pts',(133.438952999092,-94.6141716162579,5.1941048050356));
#12830=CARTESIAN_POINT('Ctrl Pts',(133.428639211843,-94.6142367135379,5.19704112535737));
#12831=CARTESIAN_POINT('Ctrl Pts',(133.418277074698,-94.6142367135379,5.2));
#12832=CARTESIAN_POINT('Ctrl Pts',(134.802656382041,-93.8384921910996,3.60897472631994));
#12833=CARTESIAN_POINT('Ctrl Pts',(134.800804298681,-94.0238301678062,3.99999738599266));
#12834=CARTESIAN_POINT('Ctrl Pts',(134.609254217617,-94.2760320767273,4.52793809495137));
#12835=CARTESIAN_POINT('Ctrl Pts',(134.083571009432,-94.5122318777846,4.97509343387057));
#12836=CARTESIAN_POINT('Ctrl Pts',(133.828800203906,-94.5763430274325,5.08853956430842));
#12837=CARTESIAN_POINT('Ctrl Pts',(133.697087271219,-94.5955456096547,5.1232067427983));
#12838=CARTESIAN_POINT('Origin',(104.908485060115,-53.1330099999982,3.6));
#12839=CARTESIAN_POINT('',(114.522557610923,-53.1330099999961,4.6));
#12840=CARTESIAN_POINT('Ctrl Pts',(115.869488734797,-52.1330099999883,3.60000000000005));
#12841=CARTESIAN_POINT('Ctrl Pts',(115.867863115597,-52.1330099999883,3.6014378003899));
#12842=CARTESIAN_POINT('Ctrl Pts',(115.866238096518,-52.1330130006949,3.60287546602801));
#12843=CARTESIAN_POINT('Ctrl Pts',(115.645150376962,-52.1338768916128,3.79834026785796));
#12844=CARTESIAN_POINT('Ctrl Pts',(115.312251383705,-52.222153081403,4.09126062165747));
#12845=CARTESIAN_POINT('Ctrl Pts',(114.822129761675,-52.572119558073,4.47305901309493));
#12846=CARTESIAN_POINT('Ctrl Pts',(114.590503374182,-52.8974865445885,4.60000000000022));
#12847=CARTESIAN_POINT('Ctrl Pts',(114.522557610923,-53.1330099999962,4.59999999999998));
#12848=CARTESIAN_POINT('',(104.908485060115,-53.1330099999982,4.6));
#12849=CARTESIAN_POINT('Ctrl Pts',(114.489488742705,-53.5176073328544,4.6));
#12850=CARTESIAN_POINT('Ctrl Pts',(114.489478359326,-53.3886679433003,4.6));
#12851=CARTESIAN_POINT('Ctrl Pts',(114.49969221113,-53.2597515782507,4.6));
#12852=CARTESIAN_POINT('Ctrl Pts',(114.522592484067,-53.1328166441901,4.6));
#12853=CARTESIAN_POINT('Ctrl Pts',(114.646575504293,-53.5175947262429,4.59999976952273));
#12854=CARTESIAN_POINT('Ctrl Pts',(114.641885170828,-53.3969312503422,4.60015127912094));
#12855=CARTESIAN_POINT('Ctrl Pts',(114.647224783721,-53.2766587844391,4.59990123529619));
#12856=CARTESIAN_POINT('Ctrl Pts',(114.664540485929,-53.1584253943671,4.60000015040313));
#12857=CARTESIAN_POINT('Ctrl Pts',(114.959308475097,-53.5175697337723,4.73022210211825));
#12858=CARTESIAN_POINT('Ctrl Pts',(114.9456796782,-53.4133130633884,4.72208761752121));
#12859=CARTESIAN_POINT('Ctrl Pts',(114.941118831969,-53.3103811771377,4.71509763934388));
#12860=CARTESIAN_POINT('Ctrl Pts',(114.947531632829,-53.2094795627416,4.70887539756807));
#12861=CARTESIAN_POINT('Ctrl Pts',(115.08950519484,-53.5175591675256,5.04296797233029));
#12862=CARTESIAN_POINT('Ctrl Pts',(115.082053315342,-53.420238234645,5.01977891384834));
#12863=CARTESIAN_POINT('Ctrl Pts',(115.082013145844,-53.3259873765367,4.99886035269125));
#12864=CARTESIAN_POINT('Ctrl Pts',(115.090028801976,-53.2351874880718,4.98012964266839));
#12865=CARTESIAN_POINT('Ctrl Pts',(115.089488737629,-53.5175592700947,5.20006087182808));
#12866=CARTESIAN_POINT('Ctrl Pts',(115.089483746283,-53.4201703203972,5.17225037676805));
#12867=CARTESIAN_POINT('Ctrl Pts',(115.095257478048,-53.3271934609033,5.14654068337791));
#12868=CARTESIAN_POINT('Ctrl Pts',(115.108201691339,-53.2384659567888,5.12318802767968));
#12869=CARTESIAN_POINT('Origin',(114.522557610923,-53.1330099999966,5.2));
#12870=CARTESIAN_POINT('',(114.489488734797,-53.5174109253025,4.6));
#12871=CARTESIAN_POINT('Origin',(123.78645078673,-58.2634759536079,4.6));
#12872=CARTESIAN_POINT('Origin',(114.489488734797,-53.5174109253025,5.2));
#12873=CARTESIAN_POINT('Ctrl Pts',(115.869488734797,-52.1330099999883,3.60000000000007));
#12874=CARTESIAN_POINT('Ctrl Pts',(115.868569905955,-52.1330099999883,3.60193724885978));
#12875=CARTESIAN_POINT('Ctrl Pts',(115.867651417509,-52.1330131766241,3.60387420530814));
#12876=CARTESIAN_POINT('Ctrl Pts',(115.742688793413,-52.133974915886,3.86725934307581));
#12877=CARTESIAN_POINT('Ctrl Pts',(115.554528492876,-52.2301652837399,4.26215703044724));
#12878=CARTESIAN_POINT('Ctrl Pts',(115.27750322825,-52.6141818479303,4.81807688075582));
#12879=CARTESIAN_POINT('Ctrl Pts',(115.146583965754,-52.9751819789829,5.05387425865856));
#12880=CARTESIAN_POINT('Ctrl Pts',(115.108179838695,-53.2386007286839,5.12320674277269));
#12881=CARTESIAN_POINT('Ctrl Pts',(115.869488734797,-52.1330099999883,3.60000000000007));
#12882=CARTESIAN_POINT('Ctrl Pts',(115.868332305043,-52.1330099999883,3.60177566514464));
#12883=CARTESIAN_POINT('Ctrl Pts',(115.867182738914,-52.1330199772134,3.60353584443509));
#12884=CARTESIAN_POINT('Ctrl Pts',(115.709895547643,-52.1332852971189,3.84469134655043));
#12885=CARTESIAN_POINT('Ctrl Pts',(115.474223106465,-52.2478437176893,4.20404291004046));
#12886=CARTESIAN_POINT('Ctrl Pts',(115.167482761586,-52.6676958033121,4.6602462262563));
#12887=CARTESIAN_POINT('Ctrl Pts',(115.067439187754,-53.0233543302351,4.80753572696625));
#12888=CARTESIAN_POINT('Ctrl Pts',(115.071842163239,-53.2320488571046,4.83708829774019));
#12889=CARTESIAN_POINT('Ctrl Pts',(115.869488734797,-52.1330099999883,3.60000000000007));
#12890=CARTESIAN_POINT('Ctrl Pts',(115.8680968851,-52.1330099999883,3.60160928151161));
#12891=CARTESIAN_POINT('Ctrl Pts',(115.866710851788,-52.1330203877853,3.6032023853205));
#12892=CARTESIAN_POINT('Ctrl Pts',(115.677698816813,-52.133207126829,3.82194528735965));
#12893=CARTESIAN_POINT('Ctrl Pts',(115.39295881243,-52.2452235699493,4.14697362727464));
#12894=CARTESIAN_POINT('Ctrl Pts',(114.995465848539,-52.6520508113499,4.53019505920492));
#12895=CARTESIAN_POINT('Ctrl Pts',(114.832109866019,-52.9908937358689,4.61672655853066));
#12896=CARTESIAN_POINT('Ctrl Pts',(114.806470626998,-53.1842009910984,4.59999999999993));
#12897=CARTESIAN_POINT('Ctrl Pts',(115.869488734797,-52.1330099999883,3.60000000000007));
#12898=CARTESIAN_POINT('Ctrl Pts',(115.867863115597,-52.1330099999883,3.6014378003899));
#12899=CARTESIAN_POINT('Ctrl Pts',(115.866238096518,-52.1330130006949,3.60287546602801));
#12900=CARTESIAN_POINT('Ctrl Pts',(115.645150376962,-52.1338768916128,3.79834026785796));
#12901=CARTESIAN_POINT('Ctrl Pts',(115.312251383705,-52.222153081403,4.09126062165747));
#12902=CARTESIAN_POINT('Ctrl Pts',(114.822129761675,-52.572119558073,4.47305901309493));
#12903=CARTESIAN_POINT('Ctrl Pts',(114.590503374182,-52.8974865445885,4.60000000000022));
#12904=CARTESIAN_POINT('Ctrl Pts',(114.522557610923,-53.1330099999962,4.59999999999998));
#12905=CARTESIAN_POINT('Ctrl Pts',(133.802827737044,-95.1811408329769,4.6));
#12906=CARTESIAN_POINT('Ctrl Pts',(133.676037620308,-95.2040120277043,4.6));
#12907=CARTESIAN_POINT('Ctrl Pts',(133.546935081861,-95.2142447719145,4.6));
#12908=CARTESIAN_POINT('Ctrl Pts',(133.418124952872,-95.2142367087767,4.6));
#12909=CARTESIAN_POINT('Ctrl Pts',(133.777221976978,-95.039190912117,4.60000011642703));
#12910=CARTESIAN_POINT('Ctrl Pts',(133.659123433175,-95.0564840881588,4.59990139389011));
#12911=CARTESIAN_POINT('Ctrl Pts',(133.538677145212,-95.0618349198963,4.60015108794313));
#12912=CARTESIAN_POINT('Ctrl Pts',(133.41813471701,-95.0571515545808,4.59999982154435));
#12913=CARTESIAN_POINT('Ctrl Pts',(133.726175673044,-94.7562066041739,4.70888784004801));
#12914=CARTESIAN_POINT('Ctrl Pts',(133.625388997387,-94.7626096275658,4.71510310387804));
#12915=CARTESIAN_POINT('Ctrl Pts',(133.522306003549,-94.7580501331207,4.72210674553018));
#12916=CARTESIAN_POINT('Ctrl Pts',(133.41815407425,-94.7444370831698,4.73023277739464));
#12917=CARTESIAN_POINT('Ctrl Pts',(133.700469537651,-94.6137006613762,4.98013367802311));
#12918=CARTESIAN_POINT('Ctrl Pts',(133.609772692186,-94.6217053077202,4.99884333647033));
#12919=CARTESIAN_POINT('Ctrl Pts',(133.515384998186,-94.6216667532109,5.01979207359993));
#12920=CARTESIAN_POINT('Ctrl Pts',(133.418162258279,-94.6142239645632,5.04295723945022));
#12921=CARTESIAN_POINT('Ctrl Pts',(133.697191640613,-94.5955286872175,5.12319225395619));
#12922=CARTESIAN_POINT('Ctrl Pts',(133.608564661926,-94.6084563336411,5.14651859511075));
#12923=CARTESIAN_POINT('Ctrl Pts',(133.515452500709,-94.6142405901776,5.17226513027357));
#12924=CARTESIAN_POINT('Ctrl Pts',(133.418162179091,-94.6142367118296,5.20004714901888));
#12925=CARTESIAN_POINT('',(133.418277074698,-95.2142367135379,4.6));
#12926=CARTESIAN_POINT('Origin',(133.418277074698,-95.2142367135379,5.2));
#12927=CARTESIAN_POINT('Origin',(131.911234639339,-92.0069697984106,4.6));
#12928=CARTESIAN_POINT('Origin',(133.802677999865,-95.1811678374369,5.2));
#12929=CARTESIAN_POINT('Origin',(118.289488734797,-91.4142367135379,5.2));
#12930=CARTESIAN_POINT('',(114.489488734797,-91.4142367135379,4.6));
#12931=CARTESIAN_POINT('Origin',(114.489488734797,-91.4142367135379,5.2));
#12932=CARTESIAN_POINT('',(118.289488734797,-95.2142367135379,4.6));
#12933=CARTESIAN_POINT('Origin',(118.289488734797,-91.4142367135379,4.6));
#12934=CARTESIAN_POINT('Origin',(118.289488734797,-95.2142367135379,5.2));
#12935=CARTESIAN_POINT('Origin',(106.708481699322,-95.2142367135379,5.2));
#12936=CARTESIAN_POINT('',(106.708481699322,-95.2142367135379,4.6));
#12937=CARTESIAN_POINT('Ctrl Pts',(134.802677999871,-93.8342367135405,3.59999999999998));
#12938=CARTESIAN_POINT('Ctrl Pts',(134.802677999871,-93.8358623878907,3.60143776814146));
#12939=CARTESIAN_POINT('Ctrl Pts',(134.802673836955,-93.8374889296277,3.60287581828242));
#12940=CARTESIAN_POINT('Ctrl Pts',(134.801723732381,-94.1678690054201,3.89525386806425));
#12941=CARTESIAN_POINT('Ctrl Pts',(134.625268763389,-94.6152032861671,4.28855582839922));
#12942=CARTESIAN_POINT('Ctrl Pts',(134.148758932498,-95.0337917371152,4.55815984903665));
#12943=CARTESIAN_POINT('Ctrl Pts',(133.920398078314,-95.1472269371298,4.60000845314288));
#12944=CARTESIAN_POINT('Ctrl Pts',(133.802606514809,-95.1811990565827,4.59999999753997));
#12945=CARTESIAN_POINT('Ctrl Pts',(134.802677999871,-93.8342367135405,3.59999999999998));
#12946=CARTESIAN_POINT('Ctrl Pts',(134.802677999871,-93.8356277649584,3.60162670418975));
#12947=CARTESIAN_POINT('Ctrl Pts',(134.802628266195,-93.837017104006,3.60318567689014));
#12948=CARTESIAN_POINT('Ctrl Pts',(134.804838305882,-94.1192874013047,3.93110589489109));
#12949=CARTESIAN_POINT('Ctrl Pts',(134.572683146911,-94.5026352638696,4.36311343100631));
#12950=CARTESIAN_POINT('Ctrl Pts',(134.058874182813,-94.8154264711791,4.58881630124296));
#12951=CARTESIAN_POINT('Ctrl Pts',(133.848708025521,-94.8832946809,4.6064631053024));
#12952=CARTESIAN_POINT('Ctrl Pts',(133.751426995871,-94.8972664383851,4.59999036486866));
#12953=CARTESIAN_POINT('Ctrl Pts',(134.802677999871,-93.8342367135405,3.59999999999998));
#12954=CARTESIAN_POINT('Ctrl Pts',(134.802677999871,-93.8353894899898,3.601795767222));
#12955=CARTESIAN_POINT('Ctrl Pts',(134.802630370109,-93.8365475963132,3.60351641686318));
#12956=CARTESIAN_POINT('Ctrl Pts',(134.804636677777,-94.0712453091752,3.96518967904294));
#12957=CARTESIAN_POINT('Ctrl Pts',(134.568484941046,-94.3884698019445,4.44233170598941));
#12958=CARTESIAN_POINT('Ctrl Pts',(134.032620175319,-94.6023783591694,4.75860567308379));
#12959=CARTESIAN_POINT('Ctrl Pts',(133.808620105483,-94.632595085955,4.82065093923074));
#12960=CARTESIAN_POINT('Ctrl Pts',(133.703572716012,-94.6318769918871,4.83710076098334));
#12961=CARTESIAN_POINT('Ctrl Pts',(134.802677999871,-93.8342367135405,3.59999999999998));
#12962=CARTESIAN_POINT('Ctrl Pts',(134.802677999871,-93.8351555831169,3.60193725022931));
#12963=CARTESIAN_POINT('Ctrl Pts',(134.802673663147,-93.836074896395,3.60387466046565));
#12964=CARTESIAN_POINT('Ctrl Pts',(134.801577498076,-94.0228087940034,3.99786392117263));
#12965=CARTESIAN_POINT('Ctrl Pts',(134.610105272624,-94.2756463409198,4.52721844126699));
#12966=CARTESIAN_POINT('Ctrl Pts',(134.083550967982,-94.5122384960905,4.97511970203732));
#12967=CARTESIAN_POINT('Ctrl Pts',(133.828748058425,-94.5763543328836,5.08857260862613));
#12968=CARTESIAN_POINT('Ctrl Pts',(133.697005055118,-94.5955562713347,5.12323847185191));
#12969=CARTESIAN_POINT('Origin',(133.035714999593,-90.6759674945083,3.8));
#12970=CARTESIAN_POINT('',(133.035714999593,-56.23303240561,3.8));
#12971=CARTESIAN_POINT('',(133.035714999593,-56.23303240561,3.8));
#12972=CARTESIAN_POINT('',(133.035714999593,-90.6759674945083,3.8));
#12973=CARTESIAN_POINT('',(133.035714999593,-55.73303240561,3.8));
#12974=CARTESIAN_POINT('',(133.035714999593,-90.6759674945083,3.8));
#12975=CARTESIAN_POINT('Origin',(130.702684721611,-56.23303240561,3.8));
#12976=CARTESIAN_POINT('Origin',(130.702684721611,-56.23303240561,3.8));
#12977=CARTESIAN_POINT('Origin',(116.827757954033,-90.6759674945083,3.8));
#12978=CARTESIAN_POINT('',(116.827757954033,-93.0089977724906,3.8));
#12979=CARTESIAN_POINT('',(116.827757954033,-93.0089977724906,3.8));
#12980=CARTESIAN_POINT('Origin',(116.827757954033,-90.6759674945083,3.8));
#12981=CARTESIAN_POINT('Origin',(116.827757954033,-93.0089977724906,3.8));
#12982=CARTESIAN_POINT('',(130.702684721611,-93.0089977724906,3.8));
#12983=CARTESIAN_POINT('',(130.702684721611,-93.0089977724906,3.8));
#12984=CARTESIAN_POINT('',(131.202684721611,-93.0089977724906,3.8));
#12985=CARTESIAN_POINT('Origin',(130.702684721611,-90.6759674945083,3.8));
#12986=CARTESIAN_POINT('Origin',(130.702684721611,-90.6759674945083,3.8));
#12987=CARTESIAN_POINT('Origin',(114.489488734797,-93.603029565375,5.2));
#12988=CARTESIAN_POINT('',(114.489488734797,-93.603029565375,4.6));
#12989=CARTESIAN_POINT('Origin',(114.658744144432,-59.3351058685349,1.7));
#12990=CARTESIAN_POINT('',(114.658744144433,-59.3351058685347,3.8));
#12991=CARTESIAN_POINT('Origin',(78.614285398632,-94.591822417212,4.6));
#12992=CARTESIAN_POINT('',(114.40267799992,-94.5918224172022,4.6));
#12993=CARTESIAN_POINT('',(114.40267799992,-94.5918224172008,4.6));
#12994=CARTESIAN_POINT('Origin',(87.936729045738,-250.5975413291,1.7));
#12995=CARTESIAN_POINT('',(80.1757492919023,-131.272956196816,1.7));
#12996=CARTESIAN_POINT('Origin',(80.1757492920003,-131.27295619681,1.7));
#12997=CARTESIAN_POINT('',(80.1793434363397,-131.272722484745,1.7));
#12998=CARTESIAN_POINT('Origin',(64.8730987003106,-120.00913022083,3.64898349350048));
#12999=CARTESIAN_POINT('Origin',(46.6468506648708,100.763655998469,3.2990216529539));
#13000=CARTESIAN_POINT('Ctrl Pts',(78.7591744239031,-132.577128635335,2.91393682554289));
#13001=CARTESIAN_POINT('Ctrl Pts',(79.2675488282758,-132.53759620397,2.92378057230028));
#13002=CARTESIAN_POINT('Ctrl Pts',(79.7761786656307,-132.501348561995,2.93362926505332));
#13003=CARTESIAN_POINT('Ctrl Pts',(80.2850214684809,-132.468388735866,2.94348208149627));
#13004=CARTESIAN_POINT('Ctrl Pts',(78.7534596709175,-132.57757302844,3.21336476117928));
#13005=CARTESIAN_POINT('Ctrl Pts',(79.2618167118281,-132.538016423593,3.22319242862254));
#13006=CARTESIAN_POINT('Ctrl Pts',(79.7704710019115,-132.501743790112,3.23302606253888));
#13007=CARTESIAN_POINT('Ctrl Pts',(80.2792970828901,-132.468759527695,3.24286279122449));
#13008=CARTESIAN_POINT('Ctrl Pts',(78.7240476167052,-132.327286700147,3.73152474626679));
#13009=CARTESIAN_POINT('Ctrl Pts',(79.2334992056639,-132.287631157611,3.74132682288424));
#13010=CARTESIAN_POINT('Ctrl Pts',(79.7431975415484,-132.251267490991,3.75113358011214));
#13011=CARTESIAN_POINT('Ctrl Pts',(80.2531195358674,-132.218198419456,3.7609447037494));
#13012=CARTESIAN_POINT('Ctrl Pts',(78.6798560142682,-131.804074784448,3.91408677708331));
#13013=CARTESIAN_POINT('Ctrl Pts',(79.1915617888912,-131.764271587248,3.92391181644046));
#13014=CARTESIAN_POINT('Ctrl Pts',(79.7035188507973,-131.727774809642,3.93374232117434));
#13015=CARTESIAN_POINT('Ctrl Pts',(80.2156963954318,-131.6945872682,3.94357641891928));
#13016=CARTESIAN_POINT('Ctrl Pts',(78.6624486005349,-131.580138489875,3.91375253766456));
#13017=CARTESIAN_POINT('Ctrl Pts',(79.1751175524336,-131.540272104039,3.92359628442195));
#13018=CARTESIAN_POINT('Ctrl Pts',(79.6880440951123,-131.503718256205,3.93344497717493));
#13019=CARTESIAN_POINT('Ctrl Pts',(80.2011854023352,-131.470479998395,3.94329779361788));
#13020=CARTESIAN_POINT('Origin',(87.9367424181446,-250.641999158806,3.09164375630276));
#13021=CARTESIAN_POINT('Origin',(46.6660481072705,100.763655998469,1.2));
#13022=CARTESIAN_POINT('Origin',(46.6660481072705,100.763655998469,2.29920594083225));
#13023=CARTESIAN_POINT('Origin',(87.936729045738,-250.5975413291,-1.9));
#13024=CARTESIAN_POINT('Origin',(87.936729045738,-250.5975413291,1.2));
#13025=CARTESIAN_POINT('Origin',(78.614285398632,-94.591822417212,1.2));
#13026=CARTESIAN_POINT('',(80.1888768177301,-131.272103095737,1.20000000000008));
#13027=CARTESIAN_POINT('Ctrl Pts',(46.6660481279378,-134.636344001531,2.29920594122599));
#13028=CARTESIAN_POINT('Ctrl Pts',(50.0522540861343,-134.636344001234,2.36394821294804));
#13029=CARTESIAN_POINT('Ctrl Pts',(53.4384598486039,-134.563267301856,2.42869048092791));
#13030=CARTESIAN_POINT('Ctrl Pts',(56.8215131818654,-134.417181930812,2.4933724763104));
#13031=CARTESIAN_POINT('Ctrl Pts',(46.6603042666034,-134.636344001532,2.59835010276392));
#13032=CARTESIAN_POINT('Ctrl Pts',(50.0465551650038,-134.636429151662,2.66314610528187));
#13033=CARTESIAN_POINT('Ctrl Pts',(53.4326714096793,-134.563432057289,2.72793871709062));
#13034=CARTESIAN_POINT('Ctrl Pts',(56.8157769860662,-134.417429628442,2.79267446437061));
#13035=CARTESIAN_POINT('Ctrl Pts',(46.6503639807931,-134.385041103744,3.11604687232507));
#13036=CARTESIAN_POINT('Ctrl Pts',(50.0329414417625,-134.38517240287,3.18092840516183));
#13037=CARTESIAN_POINT('Ctrl Pts',(53.4155569925298,-134.312306411148,3.24581087853971));
#13038=CARTESIAN_POINT('Ctrl Pts',(56.7949965327146,-134.166508443357,3.31063218095648));
#13039=CARTESIAN_POINT('Ctrl Pts',(46.64685068547,-133.860743476788,3.29902165334798));
#13040=CARTESIAN_POINT('Ctrl Pts',(50.0218919021354,-133.860782585153,3.3638264675214));
#13041=CARTESIAN_POINT('Ctrl Pts',(53.3969544927713,-133.787986534561,3.42862955459627));
#13042=CARTESIAN_POINT('Ctrl Pts',(56.7688568523629,-133.642421787031,3.49337410050671));
#13043=CARTESIAN_POINT('Ctrl Pts',(46.6468506854503,-133.636344001531,3.29902165334761));
#13044=CARTESIAN_POINT('Ctrl Pts',(50.0186717415304,-133.636344001235,3.36376392506977));
#13045=CARTESIAN_POINT('Ctrl Pts',(53.3904926027151,-133.563577738134,3.42850619304978));
#13046=CARTESIAN_POINT('Ctrl Pts',(56.7591744264895,-133.418112950653,3.49318818843238));
#13047=CARTESIAN_POINT('Ctrl Pts',(80.1793434363397,-131.272722484745,1.7));
#13048=CARTESIAN_POINT('Ctrl Pts',(79.7059537663896,-131.319121550208,1.69766064930119));
#13049=CARTESIAN_POINT('Ctrl Pts',(79.2325640964396,-131.365520615672,1.69532129860237));
#13050=CARTESIAN_POINT('Ctrl Pts',(78.7591744264895,-131.411919681135,1.69298194790356));
#13051=CARTESIAN_POINT('Ctrl Pts',(80.1781453882266,-131.272800388766,1.76283474794233));
#13052=CARTESIAN_POINT('Ctrl Pts',(79.7047615224431,-131.319200923325,1.76020140214697));
#13053=CARTESIAN_POINT('Ctrl Pts',(79.2313776566597,-131.365601457884,1.75756805635173));
#13054=CARTESIAN_POINT('Ctrl Pts',(78.7579937908763,-131.412001992443,1.75493471055637));
#13055=CARTESIAN_POINT('Ctrl Pts',(80.1769473401135,-131.272878292788,1.82566949588466));
#13056=CARTESIAN_POINT('Ctrl Pts',(79.7035692784608,-131.319280296088,1.82274215485939));
#13057=CARTESIAN_POINT('Ctrl Pts',(79.2301912168082,-131.365682299388,1.8198148138341));
#13058=CARTESIAN_POINT('Ctrl Pts',(78.7568131551555,-131.412084302688,1.81688747280883));
#13059=CARTESIAN_POINT('Ctrl Pts',(80.1757492920003,-131.27295619681,1.88850424382699));
#13060=CARTESIAN_POINT('Ctrl Pts',(79.7023770344426,-131.319359668496,1.88528290743804));
#13061=CARTESIAN_POINT('Ctrl Pts',(79.2290047768849,-131.365763140183,1.8820615710491));
#13062=CARTESIAN_POINT('Ctrl Pts',(78.7556325193272,-131.41216661187,1.87884023466015));
#13063=CARTESIAN_POINT('',(80.1793434363397,-131.272722484745,1.7));
#13064=CARTESIAN_POINT('Ctrl Pts',(80.1888768177301,-131.272103095737,1.20000000000008));
#13065=CARTESIAN_POINT('Ctrl Pts',(79.7123093539833,-131.318797273934,1.20000000000002));
#13066=CARTESIAN_POINT('Ctrl Pts',(79.2357418902364,-131.36549145213,1.19999999999996));
#13067=CARTESIAN_POINT('Ctrl Pts',(78.7591744264895,-131.412185630327,1.1999999999999));
#13068=CARTESIAN_POINT('Ctrl Pts',(80.1856990156874,-131.272309431796,1.36666637980185));
#13069=CARTESIAN_POINT('Ctrl Pts',(79.7091470505893,-131.319007554357,1.36588145699262));
#13070=CARTESIAN_POINT('Ctrl Pts',(79.232595084952,-131.365705669781,1.36509652198809));
#13071=CARTESIAN_POINT('Ctrl Pts',(78.7560431198539,-131.412403792343,1.36431159917886));
#13072=CARTESIAN_POINT('Ctrl Pts',(80.180541486402,-131.272644598715,1.63716525207209));
#13073=CARTESIAN_POINT('Ctrl Pts',(79.704014673601,-131.319349099247,1.63510637028511));
#13074=CARTESIAN_POINT('Ctrl Pts',(79.2274878603886,-131.366053594333,1.63304747920164));
#13075=CARTESIAN_POINT('Ctrl Pts',(78.7509610475876,-131.412758094864,1.63098859741466));
#13076=CARTESIAN_POINT('Ctrl Pts',(80.1793434363397,-131.272722484745,1.69999999999771));
#13077=CARTESIAN_POINT('Ctrl Pts',(79.702822466054,-131.319428463135,1.69764517534548));
#13078=CARTESIAN_POINT('Ctrl Pts',(79.2263014957683,-131.366134441526,1.69529035069325));
#13079=CARTESIAN_POINT('Ctrl Pts',(78.7497805254825,-131.412840419916,1.69293552604102));
#13080=CARTESIAN_POINT('Origin',(116.652678,-90.2330100000795,3.8));
#13081=UNCERTAINTY_MEASURE_WITH_UNIT(LENGTH_MEASURE(0.01),#13085,
'DISTANCE_ACCURACY_VALUE',
'Maximum model space distance between geometric entities at asserted c
onnectivities');
#13082=UNCERTAINTY_MEASURE_WITH_UNIT(LENGTH_MEASURE(0.01),#13085,
'DISTANCE_ACCURACY_VALUE',
'Maximum model space distance between geometric entities at asserted c
onnectivities');
#13083=(
GEOMETRIC_REPRESENTATION_CONTEXT(3)
GLOBAL_UNCERTAINTY_ASSIGNED_CONTEXT((#13081))
GLOBAL_UNIT_ASSIGNED_CONTEXT((#13085,#13086,#13087))
REPRESENTATION_CONTEXT('','3D')
);
#13084=(
GEOMETRIC_REPRESENTATION_CONTEXT(3)
GLOBAL_UNCERTAINTY_ASSIGNED_CONTEXT((#13082))
GLOBAL_UNIT_ASSIGNED_CONTEXT((#13085,#13086,#13087))
REPRESENTATION_CONTEXT('','3D')
);
#13085=(
LENGTH_UNIT()
NAMED_UNIT(*)
SI_UNIT(.MILLI.,.METRE.)
);
#13086=(
NAMED_UNIT(*)
PLANE_ANGLE_UNIT()
SI_UNIT($,.RADIAN.)
);
#13087=(
NAMED_UNIT(*)
SI_UNIT($,.STERADIAN.)
SOLID_ANGLE_UNIT()
);
#13088=SHAPE_DEFINITION_REPRESENTATION(#13089,#13090);
#13089=PRODUCT_DEFINITION_SHAPE('',$,#13092);
#13090=SHAPE_REPRESENTATION('',(#7103),#13083);
#13091=PRODUCT_DEFINITION_CONTEXT('part definition',#13096,'design');
#13092=PRODUCT_DEFINITION('duad_r2g_pg1316 1','(Unsaved)',#13093,#13091);
#13093=PRODUCT_DEFINITION_FORMATION('',$,#13098);
#13094=PRODUCT_RELATED_PRODUCT_CATEGORY('(Unsaved)','(Unsaved)',(#13098));
#13095=APPLICATION_PROTOCOL_DEFINITION('international standard',
'automotive_design',2009,#13096);
#13096=APPLICATION_CONTEXT(
'Core Data for Automotive Mechanical Design Process');
#13097=PRODUCT_CONTEXT('part definition',#13096,'mechanical');
#13098=PRODUCT('duad_r2g_pg1316 1','(Unsaved)',
'KiCad electronic assembly',(#13097));
#13099=PRESENTATION_STYLE_ASSIGNMENT((#13101));
#13100=PRESENTATION_STYLE_ASSIGNMENT((#13102));
#13101=SURFACE_STYLE_USAGE(.BOTH.,#13103);
#13102=SURFACE_STYLE_USAGE(.BOTH.,#13104);
#13103=SURFACE_SIDE_STYLE('',(#13105));
#13104=SURFACE_SIDE_STYLE('',(#13106));
#13105=SURFACE_STYLE_FILL_AREA(#13107);
#13106=SURFACE_STYLE_FILL_AREA(#13108);
#13107=FILL_AREA_STYLE('Steel - Satin',(#13109));
#13108=FILL_AREA_STYLE('Opaque(160,160,160)',(#13110));
#13109=FILL_AREA_STYLE_COLOUR('Steel - Satin',#13111);
#13110=FILL_AREA_STYLE_COLOUR('Opaque(160,160,160)',#13112);
#13111=COLOUR_RGB('Steel - Satin',0.627450980392157,0.627450980392157,0.627450980392157);
#13112=COLOUR_RGB('Opaque(160,160,160)',0.627450980392157,0.627450980392157,
0.627450980392157);
ENDSEC;
END-ISO-10303-21;
