ISO-10303-21;
HEADER;
/* Generated by software containing ST-Developer
 * from STEP Tools, Inc. (www.steptools.com) 
 */

FILE_DESCRIPTION(
/* description */ ('KiCad electronic assembly'),
/* implementation_level */ '2;1');

FILE_NAME(
/* name */ 'wafer bottom left.step',
/* time_stamp */ '2025-10-20T21:17:50+02:00',
/* author */ (''),
/* organization */ (''),
/* preprocessor_version */ 'ST-DEVELOPER v20.1',
/* originating_system */ 'Autodesk Translation Framework v14.17.0.0',
/* authorisation */ '');

FILE_SCHEMA (('AUTOMOTIVE_DESIGN { 1 0 10303 214 3 1 1 }'));
ENDSEC;

DATA;
#10=MECHANICAL_DESIGN_GEOMETRIC_PRESENTATION_REPRESENTATION('',(#21),#3758);
#11=ITEM_DEFINED_TRANSFORMATION($,$,#2197,#2431);
#12=ITEM_DEFINED_TRANSFORMATION($,$,#2196,#2432);
#13=(
REPRESENTATION_RELATIONSHIP($,$,#3773,#3772)
REPRESENTATION_RELATIONSHIP_WITH_TRANSFORMATION(#11)
SHAPE_REPRESENTATION_RELATIONSHIP()
);
#14=(
REPRESENTATION_RELATIONSHIP($,$,#3772,#3771)
REPRESENTATION_RELATIONSHIP_WITH_TRANSFORMATION(#12)
SHAPE_REPRESENTATION_RELATIONSHIP()
);
#15=CONTEXT_DEPENDENT_SHAPE_REPRESENTATION(#13,#3769);
#16=CONTEXT_DEPENDENT_SHAPE_REPRESENTATION(#14,#3770);
#17=NEXT_ASSEMBLY_USAGE_OCCURRENCE('bottom actual:1','bottom actual:1',
'bottom actual:1',#3776,#3777,'bottom actual:1');
#18=NEXT_ASSEMBLY_USAGE_OCCURRENCE('duad_r2g_pg1316 v1 v27:1',
'duad_r2g_pg1316 v1 v27:1','duad_r2g_pg1316 v1 v27:1',#3775,#3776,
'duad_r2g_pg1316 v1 v27:1');
#19=SHAPE_REPRESENTATION_RELATIONSHIP('SRR','None',#3773,#20);
#20=ADVANCED_BREP_SHAPE_REPRESENTATION('',(#22),#3757);
#21=STYLED_ITEM('',(#3791),#22);
#22=MANIFOLD_SOLID_BREP('Body1',#2182);
#23=(
BOUNDED_CURVE()
B_SPLINE_CURVE(2,(#3482,#3483,#3484),.UNSPECIFIED.,.F.,.F.)
B_SPLINE_CURVE_WITH_KNOTS((3,3),(0.190574548634664,0.261879408800723),
 .UNSPECIFIED.)
CURVE()
GEOMETRIC_REPRESENTATION_ITEM()
RATIONAL_B_SPLINE_CURVE((4.70951796337386,5.35665585079506,5.96874736534814))
REPRESENTATION_ITEM('')
);
#24=(
BOUNDED_CURVE()
B_SPLINE_CURVE(2,(#3491,#3492,#3493),.UNSPECIFIED.,.F.,.F.)
B_SPLINE_CURVE_WITH_KNOTS((3,3),(0.119702564386848,0.172734312621715),
 .UNSPECIFIED.)
CURVE()
GEOMETRIC_REPRESENTATION_ITEM()
RATIONAL_B_SPLINE_CURVE((1.04651945112036,1.03356446645055,1.))
REPRESENTATION_ITEM('')
);
#25=(
BOUNDED_CURVE()
B_SPLINE_CURVE(2,(#3534,#3535,#3536,#3537),.UNSPECIFIED.,.F.,.F.)
B_SPLINE_CURVE_WITH_KNOTS((3,1,3),(2.18320655512082,2.21203968346362,2.39702643545046),
 .UNSPECIFIED.)
CURVE()
GEOMETRIC_REPRESENTATION_ITEM()
RATIONAL_B_SPLINE_CURVE((5.80183857713215,5.7315072582664,5.18995906772807,
4.61049594620009))
REPRESENTATION_ITEM('')
);
#26=(
BOUNDED_CURVE()
B_SPLINE_CURVE(2,(#3607,#3608,#3609),.UNSPECIFIED.,.F.,.F.)
B_SPLINE_CURVE_WITH_KNOTS((3,3),(0.,0.0400847091288539),.UNSPECIFIED.)
CURVE()
GEOMETRIC_REPRESENTATION_ITEM()
RATIONAL_B_SPLINE_CURVE((1.,1.14527323650782,1.25839793481647))
REPRESENTATION_ITEM('')
);
#27=CONICAL_SURFACE('',#2328,1.78500000000052,0.785398163680054);
#28=CONICAL_SURFACE('',#2331,1.78499999999949,0.785398163721038);
#29=CONICAL_SURFACE('',#2362,1.45000000000037,0.78539816377682);
#30=CONICAL_SURFACE('',#2365,1.44999999999962,0.785398163789427);
#31=CYLINDRICAL_SURFACE('',#2246,54.6);
#32=CYLINDRICAL_SURFACE('',#2249,3.60000901479462);
#33=CYLINDRICAL_SURFACE('',#2252,3.60007424892679);
#34=CYLINDRICAL_SURFACE('',#2255,1.10000000000001);
#35=CYLINDRICAL_SURFACE('',#2262,3.60002240575253);
#36=CYLINDRICAL_SURFACE('',#2265,0.5);
#37=CYLINDRICAL_SURFACE('',#2267,3.60000442636833);
#38=CYLINDRICAL_SURFACE('',#2270,0.5);
#39=CYLINDRICAL_SURFACE('',#2272,3.60005486468514);
#40=CYLINDRICAL_SURFACE('',#2282,2.25);
#41=CYLINDRICAL_SURFACE('',#2285,2.25);
#42=CYLINDRICAL_SURFACE('',#2288,1.99999999999999);
#43=CYLINDRICAL_SURFACE('',#2315,1.1);
#44=CYLINDRICAL_SURFACE('',#2317,1.1);
#45=CYLINDRICAL_SURFACE('',#2318,2.);
#46=CYLINDRICAL_SURFACE('',#2319,2.);
#47=CYLINDRICAL_SURFACE('',#2320,1.99999999999999);
#48=CYLINDRICAL_SURFACE('',#2321,1.09999999999999);
#49=CYLINDRICAL_SURFACE('',#2322,22.65);
#50=CYLINDRICAL_SURFACE('',#2324,27.4);
#51=CYLINDRICAL_SURFACE('',#2333,1.53499999999999);
#52=CYLINDRICAL_SURFACE('',#2367,1.);
#53=CYLINDRICAL_SURFACE('',#2368,3.59997715777061);
#54=CYLINDRICAL_SURFACE('',#2369,0.799345367824064);
#55=CYLINDRICAL_SURFACE('',#2372,1.19999999999999);
#56=CYLINDRICAL_SURFACE('',#2374,1.2);
#57=CYLINDRICAL_SURFACE('',#2380,1.53500000000001);
#58=CYLINDRICAL_SURFACE('',#2381,1.99999999999999);
#59=CYLINDRICAL_SURFACE('',#2382,2.00000000000001);
#60=CYLINDRICAL_SURFACE('',#2383,2.);
#61=CYLINDRICAL_SURFACE('',#2384,1.09999999999999);
#62=CYLINDRICAL_SURFACE('',#2385,1.09999999999999);
#63=CYLINDRICAL_SURFACE('',#2386,1.1);
#64=CYLINDRICAL_SURFACE('',#2387,118.37670936989);
#65=CYLINDRICAL_SURFACE('',#2389,55.8);
#66=CYLINDRICAL_SURFACE('',#2390,119.57670936989);
#67=CYLINDRICAL_SURFACE('',#2391,234.2);
#68=CYLINDRICAL_SURFACE('',#2393,2.39994900559742);
#69=CYLINDRICAL_SURFACE('',#2395,1.59934536782406);
#70=CYLINDRICAL_SURFACE('',#2397,2.40594381079582);
#71=CYLINDRICAL_SURFACE('',#2399,1.600112197071);
#72=CYLINDRICAL_SURFACE('',#2401,2.40016529247543);
#73=CYLINDRICAL_SURFACE('',#2403,1.599907588047);
#74=CYLINDRICAL_SURFACE('',#2405,2.40007424892679);
#75=CYLINDRICAL_SURFACE('',#2407,2.40000901479462);
#76=CYLINDRICAL_SURFACE('',#2409,0.399907588046995);
#77=CYLINDRICAL_SURFACE('',#2411,3.60016529247543);
#78=CYLINDRICAL_SURFACE('',#2413,0.400112197070999);
#79=CYLINDRICAL_SURFACE('',#2415,3.60594381079582);
#80=CYLINDRICAL_SURFACE('',#2416,3.59994900559742);
#81=CYLINDRICAL_SURFACE('',#2418,235.4);
#82=CYLINDRICAL_SURFACE('',#2420,2.3999771577706);
#83=CYLINDRICAL_SURFACE('',#2422,2.40005486468514);
#84=CYLINDRICAL_SURFACE('',#2425,2.40000442636833);
#85=CYLINDRICAL_SURFACE('',#2428,2.40002240575253);
#86=CYLINDRICAL_SURFACE('',#2430,2.30000000000001);
#87=FACE_BOUND('',#227,.T.);
#88=FACE_BOUND('',#228,.T.);
#89=FACE_BOUND('',#229,.T.);
#90=FACE_BOUND('',#230,.T.);
#91=FACE_BOUND('',#231,.T.);
#92=FACE_BOUND('',#232,.T.);
#93=FACE_BOUND('',#235,.T.);
#94=FACE_BOUND('',#237,.T.);
#95=FACE_BOUND('',#239,.T.);
#96=FACE_BOUND('',#241,.T.);
#97=FACE_BOUND('',#243,.T.);
#98=FACE_BOUND('',#245,.T.);
#99=FACE_BOUND('',#263,.T.);
#100=FACE_BOUND('',#275,.T.);
#101=FACE_BOUND('',#276,.T.);
#102=FACE_BOUND('',#277,.T.);
#103=FACE_BOUND('',#278,.T.);
#104=FACE_BOUND('',#279,.T.);
#105=FACE_BOUND('',#280,.T.);
#106=FACE_BOUND('',#281,.T.);
#107=FACE_BOUND('',#282,.T.);
#108=FACE_BOUND('',#295,.T.);
#109=FACE_OUTER_BOUND('',#226,.T.);
#110=FACE_OUTER_BOUND('',#233,.T.);
#111=FACE_OUTER_BOUND('',#234,.T.);
#112=FACE_OUTER_BOUND('',#236,.T.);
#113=FACE_OUTER_BOUND('',#238,.T.);
#114=FACE_OUTER_BOUND('',#240,.T.);
#115=FACE_OUTER_BOUND('',#242,.T.);
#116=FACE_OUTER_BOUND('',#244,.T.);
#117=FACE_OUTER_BOUND('',#246,.T.);
#118=FACE_OUTER_BOUND('',#247,.T.);
#119=FACE_OUTER_BOUND('',#248,.T.);
#120=FACE_OUTER_BOUND('',#249,.T.);
#121=FACE_OUTER_BOUND('',#250,.T.);
#122=FACE_OUTER_BOUND('',#251,.T.);
#123=FACE_OUTER_BOUND('',#252,.T.);
#124=FACE_OUTER_BOUND('',#253,.T.);
#125=FACE_OUTER_BOUND('',#254,.T.);
#126=FACE_OUTER_BOUND('',#255,.T.);
#127=FACE_OUTER_BOUND('',#256,.T.);
#128=FACE_OUTER_BOUND('',#257,.T.);
#129=FACE_OUTER_BOUND('',#258,.T.);
#130=FACE_OUTER_BOUND('',#259,.T.);
#131=FACE_OUTER_BOUND('',#260,.T.);
#132=FACE_OUTER_BOUND('',#261,.T.);
#133=FACE_OUTER_BOUND('',#262,.T.);
#134=FACE_OUTER_BOUND('',#264,.T.);
#135=FACE_OUTER_BOUND('',#265,.T.);
#136=FACE_OUTER_BOUND('',#266,.T.);
#137=FACE_OUTER_BOUND('',#267,.T.);
#138=FACE_OUTER_BOUND('',#268,.T.);
#139=FACE_OUTER_BOUND('',#269,.T.);
#140=FACE_OUTER_BOUND('',#270,.T.);
#141=FACE_OUTER_BOUND('',#271,.T.);
#142=FACE_OUTER_BOUND('',#272,.T.);
#143=FACE_OUTER_BOUND('',#273,.T.);
#144=FACE_OUTER_BOUND('',#274,.T.);
#145=FACE_OUTER_BOUND('',#283,.T.);
#146=FACE_OUTER_BOUND('',#284,.T.);
#147=FACE_OUTER_BOUND('',#285,.T.);
#148=FACE_OUTER_BOUND('',#286,.T.);
#149=FACE_OUTER_BOUND('',#287,.T.);
#150=FACE_OUTER_BOUND('',#288,.T.);
#151=FACE_OUTER_BOUND('',#289,.T.);
#152=FACE_OUTER_BOUND('',#290,.T.);
#153=FACE_OUTER_BOUND('',#291,.T.);
#154=FACE_OUTER_BOUND('',#292,.T.);
#155=FACE_OUTER_BOUND('',#293,.T.);
#156=FACE_OUTER_BOUND('',#294,.T.);
#157=FACE_OUTER_BOUND('',#296,.T.);
#158=FACE_OUTER_BOUND('',#297,.T.);
#159=FACE_OUTER_BOUND('',#298,.T.);
#160=FACE_OUTER_BOUND('',#299,.T.);
#161=FACE_OUTER_BOUND('',#300,.T.);
#162=FACE_OUTER_BOUND('',#301,.T.);
#163=FACE_OUTER_BOUND('',#302,.T.);
#164=FACE_OUTER_BOUND('',#303,.T.);
#165=FACE_OUTER_BOUND('',#304,.T.);
#166=FACE_OUTER_BOUND('',#305,.T.);
#167=FACE_OUTER_BOUND('',#306,.T.);
#168=FACE_OUTER_BOUND('',#307,.T.);
#169=FACE_OUTER_BOUND('',#308,.T.);
#170=FACE_OUTER_BOUND('',#309,.T.);
#171=FACE_OUTER_BOUND('',#310,.T.);
#172=FACE_OUTER_BOUND('',#311,.T.);
#173=FACE_OUTER_BOUND('',#312,.T.);
#174=FACE_OUTER_BOUND('',#313,.T.);
#175=FACE_OUTER_BOUND('',#314,.T.);
#176=FACE_OUTER_BOUND('',#315,.T.);
#177=FACE_OUTER_BOUND('',#316,.T.);
#178=FACE_OUTER_BOUND('',#317,.T.);
#179=FACE_OUTER_BOUND('',#318,.T.);
#180=FACE_OUTER_BOUND('',#319,.T.);
#181=FACE_OUTER_BOUND('',#320,.T.);
#182=FACE_OUTER_BOUND('',#321,.T.);
#183=FACE_OUTER_BOUND('',#322,.T.);
#184=FACE_OUTER_BOUND('',#323,.T.);
#185=FACE_OUTER_BOUND('',#324,.T.);
#186=FACE_OUTER_BOUND('',#325,.T.);
#187=FACE_OUTER_BOUND('',#326,.T.);
#188=FACE_OUTER_BOUND('',#327,.T.);
#189=FACE_OUTER_BOUND('',#328,.T.);
#190=FACE_OUTER_BOUND('',#329,.T.);
#191=FACE_OUTER_BOUND('',#330,.T.);
#192=FACE_OUTER_BOUND('',#331,.T.);
#193=FACE_OUTER_BOUND('',#332,.T.);
#194=FACE_OUTER_BOUND('',#333,.T.);
#195=FACE_OUTER_BOUND('',#334,.T.);
#196=FACE_OUTER_BOUND('',#335,.T.);
#197=FACE_OUTER_BOUND('',#336,.T.);
#198=FACE_OUTER_BOUND('',#337,.T.);
#199=FACE_OUTER_BOUND('',#338,.T.);
#200=FACE_OUTER_BOUND('',#339,.T.);
#201=FACE_OUTER_BOUND('',#340,.T.);
#202=FACE_OUTER_BOUND('',#341,.T.);
#203=FACE_OUTER_BOUND('',#342,.T.);
#204=FACE_OUTER_BOUND('',#343,.T.);
#205=FACE_OUTER_BOUND('',#344,.T.);
#206=FACE_OUTER_BOUND('',#345,.T.);
#207=FACE_OUTER_BOUND('',#346,.T.);
#208=FACE_OUTER_BOUND('',#347,.T.);
#209=FACE_OUTER_BOUND('',#348,.T.);
#210=FACE_OUTER_BOUND('',#349,.T.);
#211=FACE_OUTER_BOUND('',#350,.T.);
#212=FACE_OUTER_BOUND('',#351,.T.);
#213=FACE_OUTER_BOUND('',#352,.T.);
#214=FACE_OUTER_BOUND('',#353,.T.);
#215=FACE_OUTER_BOUND('',#354,.T.);
#216=FACE_OUTER_BOUND('',#355,.T.);
#217=FACE_OUTER_BOUND('',#356,.T.);
#218=FACE_OUTER_BOUND('',#357,.T.);
#219=FACE_OUTER_BOUND('',#358,.T.);
#220=FACE_OUTER_BOUND('',#359,.T.);
#221=FACE_OUTER_BOUND('',#360,.T.);
#222=FACE_OUTER_BOUND('',#361,.T.);
#223=FACE_OUTER_BOUND('',#362,.T.);
#224=FACE_OUTER_BOUND('',#363,.T.);
#225=FACE_OUTER_BOUND('',#364,.T.);
#226=EDGE_LOOP('',(#1384,#1385,#1386,#1387,#1388,#1389,#1390,#1391,#1392,
#1393,#1394,#1395,#1396,#1397,#1398,#1399,#1400,#1401,#1402,#1403,#1404,
#1405,#1406,#1407,#1408,#1409,#1410,#1411,#1412,#1413,#1414,#1415,#1416));
#227=EDGE_LOOP('',(#1417));
#228=EDGE_LOOP('',(#1418));
#229=EDGE_LOOP('',(#1419));
#230=EDGE_LOOP('',(#1420));
#231=EDGE_LOOP('',(#1421));
#232=EDGE_LOOP('',(#1422));
#233=EDGE_LOOP('',(#1423,#1424,#1425,#1426,#1427,#1428,#1429,#1430));
#234=EDGE_LOOP('',(#1431));
#235=EDGE_LOOP('',(#1432));
#236=EDGE_LOOP('',(#1433));
#237=EDGE_LOOP('',(#1434));
#238=EDGE_LOOP('',(#1435));
#239=EDGE_LOOP('',(#1436));
#240=EDGE_LOOP('',(#1437));
#241=EDGE_LOOP('',(#1438));
#242=EDGE_LOOP('',(#1439));
#243=EDGE_LOOP('',(#1440));
#244=EDGE_LOOP('',(#1441));
#245=EDGE_LOOP('',(#1442));
#246=EDGE_LOOP('',(#1443,#1444,#1445,#1446));
#247=EDGE_LOOP('',(#1447,#1448,#1449,#1450));
#248=EDGE_LOOP('',(#1451,#1452,#1453,#1454));
#249=EDGE_LOOP('',(#1455,#1456,#1457,#1458));
#250=EDGE_LOOP('',(#1459,#1460,#1461,#1462));
#251=EDGE_LOOP('',(#1463,#1464,#1465,#1466));
#252=EDGE_LOOP('',(#1467,#1468,#1469,#1470));
#253=EDGE_LOOP('',(#1471,#1472,#1473,#1474,#1475,#1476,#1477,#1478,#1479,
#1480,#1481,#1482));
#254=EDGE_LOOP('',(#1483,#1484,#1485,#1486));
#255=EDGE_LOOP('',(#1487,#1488,#1489,#1490));
#256=EDGE_LOOP('',(#1491,#1492,#1493,#1494));
#257=EDGE_LOOP('',(#1495,#1496,#1497,#1498));
#258=EDGE_LOOP('',(#1499,#1500,#1501,#1502));
#259=EDGE_LOOP('',(#1503,#1504,#1505,#1506));
#260=EDGE_LOOP('',(#1507,#1508,#1509,#1510));
#261=EDGE_LOOP('',(#1511,#1512,#1513,#1514));
#262=EDGE_LOOP('',(#1515));
#263=EDGE_LOOP('',(#1516));
#264=EDGE_LOOP('',(#1517,#1518,#1519,#1520));
#265=EDGE_LOOP('',(#1521,#1522,#1523,#1524));
#266=EDGE_LOOP('',(#1525,#1526,#1527,#1528));
#267=EDGE_LOOP('',(#1529,#1530,#1531,#1532));
#268=EDGE_LOOP('',(#1533,#1534,#1535,#1536));
#269=EDGE_LOOP('',(#1537,#1538,#1539,#1540));
#270=EDGE_LOOP('',(#1541,#1542,#1543,#1544));
#271=EDGE_LOOP('',(#1545,#1546,#1547,#1548));
#272=EDGE_LOOP('',(#1549,#1550,#1551,#1552));
#273=EDGE_LOOP('',(#1553,#1554,#1555,#1556));
#274=EDGE_LOOP('',(#1557,#1558,#1559,#1560,#1561,#1562,#1563,#1564,#1565,
#1566,#1567,#1568,#1569,#1570,#1571,#1572,#1573,#1574,#1575,#1576,#1577,
#1578,#1579,#1580,#1581,#1582,#1583,#1584,#1585,#1586,#1587,#1588,#1589,
#1590,#1591,#1592));
#275=EDGE_LOOP('',(#1593));
#276=EDGE_LOOP('',(#1594,#1595,#1596,#1597));
#277=EDGE_LOOP('',(#1598));
#278=EDGE_LOOP('',(#1599));
#279=EDGE_LOOP('',(#1600));
#280=EDGE_LOOP('',(#1601));
#281=EDGE_LOOP('',(#1602));
#282=EDGE_LOOP('',(#1603,#1604,#1605,#1606,#1607,#1608,#1609,#1610));
#283=EDGE_LOOP('',(#1611,#1612,#1613,#1614));
#284=EDGE_LOOP('',(#1615,#1616,#1617,#1618));
#285=EDGE_LOOP('',(#1619,#1620,#1621,#1622));
#286=EDGE_LOOP('',(#1623,#1624,#1625,#1626));
#287=EDGE_LOOP('',(#1627,#1628,#1629,#1630));
#288=EDGE_LOOP('',(#1631,#1632,#1633,#1634));
#289=EDGE_LOOP('',(#1635,#1636,#1637,#1638));
#290=EDGE_LOOP('',(#1639,#1640,#1641,#1642));
#291=EDGE_LOOP('',(#1643,#1644,#1645,#1646));
#292=EDGE_LOOP('',(#1647,#1648,#1649,#1650));
#293=EDGE_LOOP('',(#1651,#1652,#1653,#1654));
#294=EDGE_LOOP('',(#1655));
#295=EDGE_LOOP('',(#1656));
#296=EDGE_LOOP('',(#1657,#1658,#1659,#1660));
#297=EDGE_LOOP('',(#1661,#1662,#1663,#1664));
#298=EDGE_LOOP('',(#1665,#1666,#1667,#1668));
#299=EDGE_LOOP('',(#1669,#1670,#1671,#1672));
#300=EDGE_LOOP('',(#1673,#1674,#1675,#1676,#1677,#1678,#1679,#1680,#1681,
#1682,#1683,#1684,#1685,#1686,#1687,#1688,#1689,#1690,#1691,#1692,#1693,
#1694,#1695,#1696,#1697,#1698,#1699,#1700,#1701,#1702,#1703,#1704,#1705,
#1706,#1707,#1708,#1709,#1710,#1711,#1712,#1713,#1714,#1715,#1716,#1717,
#1718,#1719,#1720,#1721,#1722,#1723,#1724,#1725,#1726,#1727,#1728,#1729,
#1730,#1731,#1732,#1733,#1734,#1735,#1736,#1737,#1738,#1739,#1740,#1741,
#1742,#1743));
#301=EDGE_LOOP('',(#1744,#1745,#1746,#1747));
#302=EDGE_LOOP('',(#1748,#1749,#1750,#1751));
#303=EDGE_LOOP('',(#1752,#1753,#1754,#1755));
#304=EDGE_LOOP('',(#1756,#1757,#1758,#1759));
#305=EDGE_LOOP('',(#1760,#1761,#1762,#1763));
#306=EDGE_LOOP('',(#1764,#1765,#1766,#1767));
#307=EDGE_LOOP('',(#1768,#1769,#1770,#1771));
#308=EDGE_LOOP('',(#1772,#1773,#1774,#1775));
#309=EDGE_LOOP('',(#1776,#1777,#1778,#1779));
#310=EDGE_LOOP('',(#1780,#1781,#1782,#1783));
#311=EDGE_LOOP('',(#1784,#1785,#1786,#1787));
#312=EDGE_LOOP('',(#1788,#1789,#1790,#1791,#1792,#1793,#1794,#1795));
#313=EDGE_LOOP('',(#1796,#1797,#1798,#1799,#1800,#1801));
#314=EDGE_LOOP('',(#1802,#1803,#1804,#1805));
#315=EDGE_LOOP('',(#1806,#1807,#1808,#1809));
#316=EDGE_LOOP('',(#1810,#1811,#1812,#1813));
#317=EDGE_LOOP('',(#1814,#1815,#1816,#1817));
#318=EDGE_LOOP('',(#1818,#1819,#1820,#1821));
#319=EDGE_LOOP('',(#1822,#1823,#1824,#1825));
#320=EDGE_LOOP('',(#1826,#1827,#1828,#1829));
#321=EDGE_LOOP('',(#1830,#1831,#1832,#1833));
#322=EDGE_LOOP('',(#1834,#1835,#1836,#1837));
#323=EDGE_LOOP('',(#1838,#1839,#1840,#1841));
#324=EDGE_LOOP('',(#1842,#1843,#1844,#1845));
#325=EDGE_LOOP('',(#1846,#1847,#1848,#1849));
#326=EDGE_LOOP('',(#1850,#1851,#1852,#1853));
#327=EDGE_LOOP('',(#1854,#1855,#1856,#1857));
#328=EDGE_LOOP('',(#1858,#1859,#1860,#1861));
#329=EDGE_LOOP('',(#1862,#1863,#1864,#1865));
#330=EDGE_LOOP('',(#1866,#1867,#1868,#1869));
#331=EDGE_LOOP('',(#1870,#1871,#1872,#1873));
#332=EDGE_LOOP('',(#1874,#1875,#1876,#1877));
#333=EDGE_LOOP('',(#1878,#1879,#1880,#1881));
#334=EDGE_LOOP('',(#1882,#1883,#1884,#1885));
#335=EDGE_LOOP('',(#1886,#1887,#1888,#1889));
#336=EDGE_LOOP('',(#1890,#1891,#1892,#1893));
#337=EDGE_LOOP('',(#1894,#1895,#1896,#1897));
#338=EDGE_LOOP('',(#1898,#1899,#1900,#1901));
#339=EDGE_LOOP('',(#1902,#1903,#1904,#1905));
#340=EDGE_LOOP('',(#1906,#1907,#1908,#1909));
#341=EDGE_LOOP('',(#1910,#1911,#1912,#1913));
#342=EDGE_LOOP('',(#1914,#1915,#1916,#1917));
#343=EDGE_LOOP('',(#1918,#1919,#1920,#1921));
#344=EDGE_LOOP('',(#1922,#1923,#1924,#1925));
#345=EDGE_LOOP('',(#1926,#1927,#1928,#1929,#1930));
#346=EDGE_LOOP('',(#1931,#1932,#1933,#1934,#1935));
#347=EDGE_LOOP('',(#1936,#1937,#1938,#1939));
#348=EDGE_LOOP('',(#1940,#1941,#1942,#1943));
#349=EDGE_LOOP('',(#1944,#1945,#1946,#1947));
#350=EDGE_LOOP('',(#1948,#1949,#1950,#1951));
#351=EDGE_LOOP('',(#1952,#1953,#1954,#1955));
#352=EDGE_LOOP('',(#1956,#1957,#1958,#1959));
#353=EDGE_LOOP('',(#1960,#1961,#1962,#1963));
#354=EDGE_LOOP('',(#1964,#1965,#1966,#1967));
#355=EDGE_LOOP('',(#1968,#1969,#1970,#1971));
#356=EDGE_LOOP('',(#1972,#1973,#1974,#1975));
#357=EDGE_LOOP('',(#1976,#1977,#1978,#1979));
#358=EDGE_LOOP('',(#1980,#1981,#1982,#1983));
#359=EDGE_LOOP('',(#1984,#1985,#1986,#1987));
#360=EDGE_LOOP('',(#1988,#1989,#1990,#1991));
#361=EDGE_LOOP('',(#1992,#1993,#1994,#1995));
#362=EDGE_LOOP('',(#1996,#1997,#1998,#1999));
#363=EDGE_LOOP('',(#2000,#2001,#2002,#2003));
#364=EDGE_LOOP('',(#2004,#2005,#2006,#2007));
#365=LINE('',#3111,#557);
#366=LINE('',#3117,#558);
#367=LINE('',#3123,#559);
#368=LINE('',#3127,#560);
#369=LINE('',#3131,#561);
#370=LINE('',#3135,#562);
#371=LINE('',#3139,#563);
#372=LINE('',#3147,#564);
#373=LINE('',#3151,#565);
#374=LINE('',#3155,#566);
#375=LINE('',#3159,#567);
#376=LINE('',#3163,#568);
#377=LINE('',#3167,#569);
#378=LINE('',#3170,#570);
#379=LINE('',#3186,#571);
#380=LINE('',#3188,#572);
#381=LINE('',#3192,#573);
#382=LINE('',#3194,#574);
#383=LINE('',#3198,#575);
#384=LINE('',#3232,#576);
#385=LINE('',#3235,#577);
#386=LINE('',#3238,#578);
#387=LINE('',#3239,#579);
#388=LINE('',#3242,#580);
#389=LINE('',#3246,#581);
#390=LINE('',#3247,#582);
#391=LINE('',#3250,#583);
#392=LINE('',#3254,#584);
#393=LINE('',#3255,#585);
#394=LINE('',#3258,#586);
#395=LINE('',#3262,#587);
#396=LINE('',#3264,#588);
#397=LINE('',#3268,#589);
#398=LINE('',#3272,#590);
#399=LINE('',#3276,#591);
#400=LINE('',#3279,#592);
#401=LINE('',#3282,#593);
#402=LINE('',#3286,#594);
#403=LINE('',#3287,#595);
#404=LINE('',#3290,#596);
#405=LINE('',#3294,#597);
#406=LINE('',#3298,#598);
#407=LINE('',#3299,#599);
#408=LINE('',#3302,#600);
#409=LINE('',#3306,#601);
#410=LINE('',#3310,#602);
#411=LINE('',#3311,#603);
#412=LINE('',#3320,#604);
#413=LINE('',#3322,#605);
#414=LINE('',#3324,#606);
#415=LINE('',#3325,#607);
#416=LINE('',#3328,#608);
#417=LINE('',#3330,#609);
#418=LINE('',#3331,#610);
#419=LINE('',#3334,#611);
#420=LINE('',#3335,#612);
#421=LINE('',#3338,#613);
#422=LINE('',#3340,#614);
#423=LINE('',#3341,#615);
#424=LINE('',#3345,#616);
#425=LINE('',#3348,#617);
#426=LINE('',#3349,#618);
#427=LINE('',#3353,#619);
#428=LINE('',#3356,#620);
#429=LINE('',#3358,#621);
#430=LINE('',#3359,#622);
#431=LINE('',#3363,#623);
#432=LINE('',#3365,#624);
#433=LINE('',#3369,#625);
#434=LINE('',#3371,#626);
#435=LINE('',#3373,#627);
#436=LINE('',#3377,#628);
#437=LINE('',#3379,#629);
#438=LINE('',#3383,#630);
#439=LINE('',#3385,#631);
#440=LINE('',#3389,#632);
#441=LINE('',#3393,#633);
#442=LINE('',#3397,#634);
#443=LINE('',#3401,#635);
#444=LINE('',#3405,#636);
#445=LINE('',#3409,#637);
#446=LINE('',#3413,#638);
#447=LINE('',#3417,#639);
#448=LINE('',#3425,#640);
#449=LINE('',#3429,#641);
#450=LINE('',#3433,#642);
#451=LINE('',#3437,#643);
#452=LINE('',#3438,#644);
#453=LINE('',#3442,#645);
#454=LINE('',#3443,#646);
#455=LINE('',#3454,#647);
#456=LINE('',#3458,#648);
#457=LINE('',#3461,#649);
#458=LINE('',#3463,#650);
#459=LINE('',#3465,#651);
#460=LINE('',#3467,#652);
#461=LINE('',#3469,#653);
#462=LINE('',#3472,#654);
#463=LINE('',#3475,#655);
#464=LINE('',#3477,#656);
#465=LINE('',#3486,#657);
#466=LINE('',#3488,#658);
#467=LINE('',#3497,#659);
#468=LINE('',#3505,#660);
#469=LINE('',#3509,#661);
#470=LINE('',#3513,#662);
#471=LINE('',#3517,#663);
#472=LINE('',#3521,#664);
#473=LINE('',#3525,#665);
#474=LINE('',#3529,#666);
#475=LINE('',#3539,#667);
#476=LINE('',#3541,#668);
#477=LINE('',#3545,#669);
#478=LINE('',#3549,#670);
#479=LINE('',#3553,#671);
#480=LINE('',#3561,#672);
#481=LINE('',#3565,#673);
#482=LINE('',#3569,#674);
#483=LINE('',#3573,#675);
#484=LINE('',#3577,#676);
#485=LINE('',#3581,#677);
#486=LINE('',#3585,#678);
#487=LINE('',#3589,#679);
#488=LINE('',#3593,#680);
#489=LINE('',#3595,#681);
#490=LINE('',#3599,#682);
#491=LINE('',#3601,#683);
#492=LINE('',#3604,#684);
#493=LINE('',#3612,#685);
#494=LINE('',#3615,#686);
#495=LINE('',#3616,#687);
#496=LINE('',#3620,#688);
#497=LINE('',#3621,#689);
#498=LINE('',#3624,#690);
#499=LINE('',#3625,#691);
#500=LINE('',#3627,#692);
#501=LINE('',#3629,#693);
#502=LINE('',#3632,#694);
#503=LINE('',#3636,#695);
#504=LINE('',#3639,#696);
#505=LINE('',#3641,#697);
#506=LINE('',#3644,#698);
#507=LINE('',#3646,#699);
#508=LINE('',#3648,#700);
#509=LINE('',#3651,#701);
#510=LINE('',#3653,#702);
#511=LINE('',#3655,#703);
#512=LINE('',#3657,#704);
#513=LINE('',#3659,#705);
#514=LINE('',#3661,#706);
#515=LINE('',#3663,#707);
#516=LINE('',#3665,#708);
#517=LINE('',#3666,#709);
#518=LINE('',#3668,#710);
#519=LINE('',#3670,#711);
#520=LINE('',#3672,#712);
#521=LINE('',#3674,#713);
#522=LINE('',#3676,#714);
#523=LINE('',#3678,#715);
#524=LINE('',#3680,#716);
#525=LINE('',#3682,#717);
#526=LINE('',#3684,#718);
#527=LINE('',#3686,#719);
#528=LINE('',#3688,#720);
#529=LINE('',#3690,#721);
#530=LINE('',#3692,#722);
#531=LINE('',#3694,#723);
#532=LINE('',#3696,#724);
#533=LINE('',#3698,#725);
#534=LINE('',#3699,#726);
#535=LINE('',#3701,#727);
#536=LINE('',#3703,#728);
#537=LINE('',#3706,#729);
#538=LINE('',#3708,#730);
#539=LINE('',#3710,#731);
#540=LINE('',#3713,#732);
#541=LINE('',#3714,#733);
#542=LINE('',#3716,#734);
#543=LINE('',#3718,#735);
#544=LINE('',#3720,#736);
#545=LINE('',#3723,#737);
#546=LINE('',#3725,#738);
#547=LINE('',#3728,#739);
#548=LINE('',#3730,#740);
#549=LINE('',#3732,#741);
#550=LINE('',#3734,#742);
#551=LINE('',#3736,#743);
#552=LINE('',#3738,#744);
#553=LINE('',#3740,#745);
#554=LINE('',#3742,#746);
#555=LINE('',#3744,#747);
#556=LINE('',#3746,#748);
#557=VECTOR('',#2445,10.);
#558=VECTOR('',#2450,10.);
#559=VECTOR('',#2455,10.);
#560=VECTOR('',#2458,10.);
#561=VECTOR('',#2461,10.);
#562=VECTOR('',#2464,10.);
#563=VECTOR('',#2467,10.);
#564=VECTOR('',#2474,10.);
#565=VECTOR('',#2477,10.);
#566=VECTOR('',#2480,10.);
#567=VECTOR('',#2483,10.);
#568=VECTOR('',#2486,10.);
#569=VECTOR('',#2489,10.);
#570=VECTOR('',#2492,10.);
#571=VECTOR('',#2507,10.);
#572=VECTOR('',#2508,10.);
#573=VECTOR('',#2511,10.);
#574=VECTOR('',#2512,10.);
#575=VECTOR('',#2515,10.);
#576=VECTOR('',#2556,10.);
#577=VECTOR('',#2559,10.);
#578=VECTOR('',#2562,10.);
#579=VECTOR('',#2563,10.);
#580=VECTOR('',#2566,10.);
#581=VECTOR('',#2571,10.);
#582=VECTOR('',#2572,10.);
#583=VECTOR('',#2575,10.);
#584=VECTOR('',#2580,10.);
#585=VECTOR('',#2581,10.);
#586=VECTOR('',#2584,10.);
#587=VECTOR('',#2589,10.);
#588=VECTOR('',#2590,10.);
#589=VECTOR('',#2593,10.);
#590=VECTOR('',#2596,10.);
#591=VECTOR('',#2599,10.);
#592=VECTOR('',#2602,10.);
#593=VECTOR('',#2605,10.);
#594=VECTOR('',#2610,10.);
#595=VECTOR('',#2611,10.);
#596=VECTOR('',#2614,10.);
#597=VECTOR('',#2619,10.);
#598=VECTOR('',#2624,10.);
#599=VECTOR('',#2625,10.);
#600=VECTOR('',#2628,10.);
#601=VECTOR('',#2633,10.);
#602=VECTOR('',#2638,10.);
#603=VECTOR('',#2639,10.);
#604=VECTOR('',#2648,10.);
#605=VECTOR('',#2649,10.);
#606=VECTOR('',#2650,10.);
#607=VECTOR('',#2651,10.);
#608=VECTOR('',#2654,10.);
#609=VECTOR('',#2655,10.);
#610=VECTOR('',#2656,10.);
#611=VECTOR('',#2659,10.);
#612=VECTOR('',#2660,10.);
#613=VECTOR('',#2663,10.);
#614=VECTOR('',#2664,10.);
#615=VECTOR('',#2665,10.);
#616=VECTOR('',#2670,10.);
#617=VECTOR('',#2673,10.);
#618=VECTOR('',#2674,10.);
#619=VECTOR('',#2679,10.);
#620=VECTOR('',#2682,10.);
#621=VECTOR('',#2683,10.);
#622=VECTOR('',#2684,10.);
#623=VECTOR('',#2689,10.);
#624=VECTOR('',#2692,10.);
#625=VECTOR('',#2695,10.);
#626=VECTOR('',#2696,10.);
#627=VECTOR('',#2697,10.);
#628=VECTOR('',#2700,10.);
#629=VECTOR('',#2701,10.);
#630=VECTOR('',#2704,10.);
#631=VECTOR('',#2705,10.);
#632=VECTOR('',#2708,10.);
#633=VECTOR('',#2711,10.);
#634=VECTOR('',#2714,10.);
#635=VECTOR('',#2717,10.);
#636=VECTOR('',#2720,10.);
#637=VECTOR('',#2723,10.);
#638=VECTOR('',#2726,10.);
#639=VECTOR('',#2729,10.);
#640=VECTOR('',#2736,10.);
#641=VECTOR('',#2739,10.);
#642=VECTOR('',#2742,10.);
#643=VECTOR('',#2745,10.);
#644=VECTOR('',#2746,10.);
#645=VECTOR('',#2749,10.);
#646=VECTOR('',#2750,10.);
#647=VECTOR('',#2761,10.);
#648=VECTOR('',#2766,1.1);
#649=VECTOR('',#2771,1.1);
#650=VECTOR('',#2774,2.);
#651=VECTOR('',#2777,2.);
#652=VECTOR('',#2780,1.99999999999999);
#653=VECTOR('',#2783,1.09999999999999);
#654=VECTOR('',#2786,22.65);
#655=VECTOR('',#2791,27.4);
#656=VECTOR('',#2794,10.);
#657=VECTOR('',#2803,10.);
#658=VECTOR('',#2806,10.);
#659=VECTOR('',#2813,10.);
#660=VECTOR('',#2822,10.);
#661=VECTOR('',#2825,10.);
#662=VECTOR('',#2828,10.);
#663=VECTOR('',#2831,10.);
#664=VECTOR('',#2834,10.);
#665=VECTOR('',#2837,10.);
#666=VECTOR('',#2840,10.);
#667=VECTOR('',#2845,10.);
#668=VECTOR('',#2846,10.);
#669=VECTOR('',#2849,10.);
#670=VECTOR('',#2852,10.);
#671=VECTOR('',#2855,10.);
#672=VECTOR('',#2862,10.);
#673=VECTOR('',#2865,10.);
#674=VECTOR('',#2868,10.);
#675=VECTOR('',#2871,10.);
#676=VECTOR('',#2874,10.);
#677=VECTOR('',#2877,10.);
#678=VECTOR('',#2880,10.);
#679=VECTOR('',#2883,10.);
#680=VECTOR('',#2886,10.);
#681=VECTOR('',#2887,10.);
#682=VECTOR('',#2890,10.);
#683=VECTOR('',#2891,10.);
#684=VECTOR('',#2894,10.);
#685=VECTOR('',#2899,10.);
#686=VECTOR('',#2902,9.99999999999999);
#687=VECTOR('',#2903,10.);
#688=VECTOR('',#2910,10.);
#689=VECTOR('',#2911,10.);
#690=VECTOR('',#2916,10.);
#691=VECTOR('',#2917,10.);
#692=VECTOR('',#2920,10.);
#693=VECTOR('',#2923,10.);
#694=VECTOR('',#2926,10.);
#695=VECTOR('',#2931,10.);
#696=VECTOR('',#2934,10.);
#697=VECTOR('',#2937,10.);
#698=VECTOR('',#2940,10.);
#699=VECTOR('',#2943,10.);
#700=VECTOR('',#2946,10.);
#701=VECTOR('',#2951,1.99999999999999);
#702=VECTOR('',#2954,2.00000000000001);
#703=VECTOR('',#2957,2.);
#704=VECTOR('',#2960,1.09999999999999);
#705=VECTOR('',#2963,1.09999999999999);
#706=VECTOR('',#2966,1.1);
#707=VECTOR('',#2969,10.);
#708=VECTOR('',#2972,10.);
#709=VECTOR('',#2973,10.);
#710=VECTOR('',#2976,10.);
#711=VECTOR('',#2979,10.);
#712=VECTOR('',#2982,10.);
#713=VECTOR('',#2985,10.);
#714=VECTOR('',#2988,10.);
#715=VECTOR('',#2991,10.);
#716=VECTOR('',#2994,10.);
#717=VECTOR('',#2997,10.);
#718=VECTOR('',#3000,10.);
#719=VECTOR('',#3003,10.);
#720=VECTOR('',#3006,10.);
#721=VECTOR('',#3009,10.);
#722=VECTOR('',#3012,10.);
#723=VECTOR('',#3015,10.);
#724=VECTOR('',#3018,10.);
#725=VECTOR('',#3021,10.);
#726=VECTOR('',#3022,10.);
#727=VECTOR('',#3025,10.);
#728=VECTOR('',#3028,10.);
#729=VECTOR('',#3033,10.);
#730=VECTOR('',#3036,10.);
#731=VECTOR('',#3039,10.);
#732=VECTOR('',#3042,10.);
#733=VECTOR('',#3043,10.);
#734=VECTOR('',#3046,10.);
#735=VECTOR('',#3049,10.);
#736=VECTOR('',#3052,10.);
#737=VECTOR('',#3057,10.);
#738=VECTOR('',#3060,10.);
#739=VECTOR('',#3065,10.);
#740=VECTOR('',#3068,10.);
#741=VECTOR('',#3071,10.);
#742=VECTOR('',#3074,10.);
#743=VECTOR('',#3077,10.);
#744=VECTOR('',#3080,10.);
#745=VECTOR('',#3083,10.);
#746=VECTOR('',#3086,10.);
#747=VECTOR('',#3089,10.);
#748=VECTOR('',#3092,10.);
#749=CIRCLE('',#2199,1.);
#750=CIRCLE('',#2200,3.59997715777061);
#751=CIRCLE('',#2201,3.60005486468514);
#752=CIRCLE('',#2202,0.5);
#753=CIRCLE('',#2203,3.60000442636833);
#754=CIRCLE('',#2204,0.5);
#755=CIRCLE('',#2205,3.60002240575253);
#756=CIRCLE('',#2206,1.10000000000001);
#757=CIRCLE('',#2207,3.60007424892679);
#758=CIRCLE('',#2208,3.60000901479462);
#759=CIRCLE('',#2209,54.6);
#760=CIRCLE('',#2210,118.37670936989);
#761=CIRCLE('',#2211,235.4);
#762=CIRCLE('',#2212,3.59994900559742);
#763=CIRCLE('',#2213,0.799345367824064);
#764=CIRCLE('',#2214,3.60594381079582);
#765=CIRCLE('',#2215,0.400112197070999);
#766=CIRCLE('',#2216,3.60016529247543);
#767=CIRCLE('',#2217,0.399907588046995);
#768=CIRCLE('',#2218,2.);
#769=CIRCLE('',#2219,2.);
#770=CIRCLE('',#2220,1.99999999999999);
#771=CIRCLE('',#2221,2.);
#772=CIRCLE('',#2222,2.00000000000001);
#773=CIRCLE('',#2223,1.99999999999999);
#774=CIRCLE('',#2225,1.99999999999999);
#775=CIRCLE('',#2226,2.25);
#776=CIRCLE('',#2227,2.25);
#777=CIRCLE('',#2229,2.);
#778=CIRCLE('',#2230,1.1);
#779=CIRCLE('',#2232,1.99999999999999);
#780=CIRCLE('',#2233,1.09999999999999);
#781=CIRCLE('',#2235,2.);
#782=CIRCLE('',#2236,1.1);
#783=CIRCLE('',#2238,2.);
#784=CIRCLE('',#2239,1.1);
#785=CIRCLE('',#2241,2.00000000000001);
#786=CIRCLE('',#2242,1.09999999999999);
#787=CIRCLE('',#2244,1.99999999999999);
#788=CIRCLE('',#2245,1.09999999999999);
#789=CIRCLE('',#2247,54.6);
#790=CIRCLE('',#2250,3.60000901479462);
#791=CIRCLE('',#2253,3.60007424892679);
#792=CIRCLE('',#2256,1.10000000000001);
#793=CIRCLE('',#2258,2.03500000000105);
#794=CIRCLE('',#2259,2.03499999999896);
#795=CIRCLE('',#2260,1.70000000000075);
#796=CIRCLE('',#2261,1.69999999999924);
#797=CIRCLE('',#2263,3.60002240575253);
#798=CIRCLE('',#2266,0.5);
#799=CIRCLE('',#2268,3.60000442636833);
#800=CIRCLE('',#2271,0.5);
#801=CIRCLE('',#2273,3.60005486468514);
#802=CIRCLE('',#2276,27.4);
#803=CIRCLE('',#2277,22.65);
#804=CIRCLE('',#2283,2.25);
#805=CIRCLE('',#2286,2.25);
#806=CIRCLE('',#2289,1.99999999999999);
#807=CIRCLE('',#2292,2.40002240575253);
#808=CIRCLE('',#2293,2.40000442636833);
#809=CIRCLE('',#2294,2.40005486468514);
#810=CIRCLE('',#2295,2.3999771577706);
#811=CIRCLE('',#2296,1.599907588047);
#812=CIRCLE('',#2297,2.40016529247543);
#813=CIRCLE('',#2298,1.600112197071);
#814=CIRCLE('',#2299,2.40594381079582);
#815=CIRCLE('',#2300,1.59934536782406);
#816=CIRCLE('',#2301,2.39994900559742);
#817=CIRCLE('',#2302,234.2);
#818=CIRCLE('',#2303,119.57670936989);
#819=CIRCLE('',#2304,55.8);
#820=CIRCLE('',#2305,2.40000901479462);
#821=CIRCLE('',#2306,2.40007424892679);
#822=CIRCLE('',#2307,2.30000000000001);
#823=CIRCLE('',#2308,27.4);
#824=CIRCLE('',#2309,1.09999999999999);
#825=CIRCLE('',#2310,1.09999999999999);
#826=CIRCLE('',#2311,1.1);
#827=CIRCLE('',#2312,1.09999999999999);
#828=CIRCLE('',#2313,1.1);
#829=CIRCLE('',#2316,1.1);
#830=CIRCLE('',#2323,22.65);
#831=CIRCLE('',#2329,1.53499999999999);
#832=CIRCLE('',#2332,1.53500000000001);
#833=CIRCLE('',#2334,1.53499999999999);
#834=CIRCLE('',#2336,3.59997715777061);
#835=CIRCLE('',#2337,1.);
#836=CIRCLE('',#2338,0.399907588046995);
#837=CIRCLE('',#2339,3.60016529247543);
#838=CIRCLE('',#2340,0.400112197070999);
#839=CIRCLE('',#2341,3.60594381079582);
#840=CIRCLE('',#2342,0.799345367824064);
#841=CIRCLE('',#2343,3.59994900559742);
#842=CIRCLE('',#2344,235.4);
#843=CIRCLE('',#2345,118.37670936989);
#844=CIRCLE('',#2346,2.30000000000001);
#845=CIRCLE('',#2347,2.40007424892679);
#846=CIRCLE('',#2348,2.40000901479462);
#847=CIRCLE('',#2349,55.8);
#848=CIRCLE('',#2350,119.57670936989);
#849=CIRCLE('',#2351,234.2);
#850=CIRCLE('',#2352,2.39994900559742);
#851=CIRCLE('',#2353,1.59934536782406);
#852=CIRCLE('',#2354,2.40594381079582);
#853=CIRCLE('',#2355,1.600112197071);
#854=CIRCLE('',#2356,2.40016529247543);
#855=CIRCLE('',#2357,1.599907588047);
#856=CIRCLE('',#2358,2.3999771577706);
#857=CIRCLE('',#2359,2.40005486468514);
#858=CIRCLE('',#2360,2.40000442636833);
#859=CIRCLE('',#2361,2.40002240575253);
#860=CIRCLE('',#2363,1.2);
#861=CIRCLE('',#2366,1.19999999999999);
#862=CIRCLE('',#2373,1.19999999999999);
#863=CIRCLE('',#2375,1.2);
#864=CIRCLE('',#2378,1.53500000000001);
#865=VERTEX_POINT('',#3105);
#866=VERTEX_POINT('',#3106);
#867=VERTEX_POINT('',#3108);
#868=VERTEX_POINT('',#3110);
#869=VERTEX_POINT('',#3112);
#870=VERTEX_POINT('',#3114);
#871=VERTEX_POINT('',#3116);
#872=VERTEX_POINT('',#3118);
#873=VERTEX_POINT('',#3120);
#874=VERTEX_POINT('',#3122);
#875=VERTEX_POINT('',#3124);
#876=VERTEX_POINT('',#3126);
#877=VERTEX_POINT('',#3128);
#878=VERTEX_POINT('',#3130);
#879=VERTEX_POINT('',#3132);
#880=VERTEX_POINT('',#3134);
#881=VERTEX_POINT('',#3136);
#882=VERTEX_POINT('',#3138);
#883=VERTEX_POINT('',#3140);
#884=VERTEX_POINT('',#3142);
#885=VERTEX_POINT('',#3144);
#886=VERTEX_POINT('',#3146);
#887=VERTEX_POINT('',#3148);
#888=VERTEX_POINT('',#3150);
#889=VERTEX_POINT('',#3152);
#890=VERTEX_POINT('',#3154);
#891=VERTEX_POINT('',#3156);
#892=VERTEX_POINT('',#3158);
#893=VERTEX_POINT('',#3160);
#894=VERTEX_POINT('',#3162);
#895=VERTEX_POINT('',#3164);
#896=VERTEX_POINT('',#3166);
#897=VERTEX_POINT('',#3168);
#898=VERTEX_POINT('',#3171);
#899=VERTEX_POINT('',#3173);
#900=VERTEX_POINT('',#3175);
#901=VERTEX_POINT('',#3177);
#902=VERTEX_POINT('',#3179);
#903=VERTEX_POINT('',#3181);
#904=VERTEX_POINT('',#3184);
#905=VERTEX_POINT('',#3185);
#906=VERTEX_POINT('',#3187);
#907=VERTEX_POINT('',#3189);
#908=VERTEX_POINT('',#3191);
#909=VERTEX_POINT('',#3193);
#910=VERTEX_POINT('',#3195);
#911=VERTEX_POINT('',#3197);
#912=VERTEX_POINT('',#3201);
#913=VERTEX_POINT('',#3203);
#914=VERTEX_POINT('',#3206);
#915=VERTEX_POINT('',#3208);
#916=VERTEX_POINT('',#3211);
#917=VERTEX_POINT('',#3213);
#918=VERTEX_POINT('',#3216);
#919=VERTEX_POINT('',#3218);
#920=VERTEX_POINT('',#3221);
#921=VERTEX_POINT('',#3223);
#922=VERTEX_POINT('',#3226);
#923=VERTEX_POINT('',#3228);
#924=VERTEX_POINT('',#3231);
#925=VERTEX_POINT('',#3233);
#926=VERTEX_POINT('',#3237);
#927=VERTEX_POINT('',#3241);
#928=VERTEX_POINT('',#3245);
#929=VERTEX_POINT('',#3249);
#930=VERTEX_POINT('',#3253);
#931=VERTEX_POINT('',#3257);
#932=VERTEX_POINT('',#3261);
#933=VERTEX_POINT('',#3263);
#934=VERTEX_POINT('',#3265);
#935=VERTEX_POINT('',#3267);
#936=VERTEX_POINT('',#3269);
#937=VERTEX_POINT('',#3271);
#938=VERTEX_POINT('',#3273);
#939=VERTEX_POINT('',#3275);
#940=VERTEX_POINT('',#3277);
#941=VERTEX_POINT('',#3281);
#942=VERTEX_POINT('',#3285);
#943=VERTEX_POINT('',#3289);
#944=VERTEX_POINT('',#3293);
#945=VERTEX_POINT('',#3297);
#946=VERTEX_POINT('',#3301);
#947=VERTEX_POINT('',#3305);
#948=VERTEX_POINT('',#3309);
#949=VERTEX_POINT('',#3313);
#950=VERTEX_POINT('',#3315);
#951=VERTEX_POINT('',#3318);
#952=VERTEX_POINT('',#3319);
#953=VERTEX_POINT('',#3321);
#954=VERTEX_POINT('',#3323);
#955=VERTEX_POINT('',#3327);
#956=VERTEX_POINT('',#3329);
#957=VERTEX_POINT('',#3333);
#958=VERTEX_POINT('',#3337);
#959=VERTEX_POINT('',#3339);
#960=VERTEX_POINT('',#3343);
#961=VERTEX_POINT('',#3347);
#962=VERTEX_POINT('',#3351);
#963=VERTEX_POINT('',#3355);
#964=VERTEX_POINT('',#3357);
#965=VERTEX_POINT('',#3361);
#966=VERTEX_POINT('',#3367);
#967=VERTEX_POINT('',#3368);
#968=VERTEX_POINT('',#3370);
#969=VERTEX_POINT('',#3372);
#970=VERTEX_POINT('',#3374);
#971=VERTEX_POINT('',#3376);
#972=VERTEX_POINT('',#3378);
#973=VERTEX_POINT('',#3380);
#974=VERTEX_POINT('',#3382);
#975=VERTEX_POINT('',#3384);
#976=VERTEX_POINT('',#3386);
#977=VERTEX_POINT('',#3388);
#978=VERTEX_POINT('',#3390);
#979=VERTEX_POINT('',#3392);
#980=VERTEX_POINT('',#3394);
#981=VERTEX_POINT('',#3396);
#982=VERTEX_POINT('',#3398);
#983=VERTEX_POINT('',#3400);
#984=VERTEX_POINT('',#3402);
#985=VERTEX_POINT('',#3404);
#986=VERTEX_POINT('',#3406);
#987=VERTEX_POINT('',#3408);
#988=VERTEX_POINT('',#3410);
#989=VERTEX_POINT('',#3412);
#990=VERTEX_POINT('',#3414);
#991=VERTEX_POINT('',#3416);
#992=VERTEX_POINT('',#3418);
#993=VERTEX_POINT('',#3420);
#994=VERTEX_POINT('',#3422);
#995=VERTEX_POINT('',#3424);
#996=VERTEX_POINT('',#3426);
#997=VERTEX_POINT('',#3428);
#998=VERTEX_POINT('',#3430);
#999=VERTEX_POINT('',#3432);
#1000=VERTEX_POINT('',#3434);
#1001=VERTEX_POINT('',#3436);
#1002=VERTEX_POINT('',#3439);
#1003=VERTEX_POINT('',#3441);
#1004=VERTEX_POINT('',#3444);
#1005=VERTEX_POINT('',#3446);
#1006=VERTEX_POINT('',#3448);
#1007=VERTEX_POINT('',#3450);
#1008=VERTEX_POINT('',#3452);
#1009=VERTEX_POINT('',#3457);
#1010=VERTEX_POINT('',#3471);
#1011=VERTEX_POINT('',#3481);
#1012=VERTEX_POINT('',#3490);
#1013=VERTEX_POINT('',#3496);
#1014=VERTEX_POINT('',#3500);
#1015=VERTEX_POINT('',#3502);
#1016=VERTEX_POINT('',#3504);
#1017=VERTEX_POINT('',#3506);
#1018=VERTEX_POINT('',#3508);
#1019=VERTEX_POINT('',#3510);
#1020=VERTEX_POINT('',#3512);
#1021=VERTEX_POINT('',#3514);
#1022=VERTEX_POINT('',#3516);
#1023=VERTEX_POINT('',#3518);
#1024=VERTEX_POINT('',#3520);
#1025=VERTEX_POINT('',#3522);
#1026=VERTEX_POINT('',#3524);
#1027=VERTEX_POINT('',#3526);
#1028=VERTEX_POINT('',#3528);
#1029=VERTEX_POINT('',#3530);
#1030=VERTEX_POINT('',#3533);
#1031=VERTEX_POINT('',#3538);
#1032=VERTEX_POINT('',#3540);
#1033=VERTEX_POINT('',#3542);
#1034=VERTEX_POINT('',#3544);
#1035=VERTEX_POINT('',#3546);
#1036=VERTEX_POINT('',#3548);
#1037=VERTEX_POINT('',#3550);
#1038=VERTEX_POINT('',#3552);
#1039=VERTEX_POINT('',#3554);
#1040=VERTEX_POINT('',#3556);
#1041=VERTEX_POINT('',#3558);
#1042=VERTEX_POINT('',#3560);
#1043=VERTEX_POINT('',#3562);
#1044=VERTEX_POINT('',#3564);
#1045=VERTEX_POINT('',#3566);
#1046=VERTEX_POINT('',#3568);
#1047=VERTEX_POINT('',#3570);
#1048=VERTEX_POINT('',#3572);
#1049=VERTEX_POINT('',#3574);
#1050=VERTEX_POINT('',#3576);
#1051=VERTEX_POINT('',#3578);
#1052=VERTEX_POINT('',#3580);
#1053=VERTEX_POINT('',#3582);
#1054=VERTEX_POINT('',#3584);
#1055=VERTEX_POINT('',#3586);
#1056=VERTEX_POINT('',#3588);
#1057=VERTEX_POINT('',#3590);
#1058=VERTEX_POINT('',#3592);
#1059=VERTEX_POINT('',#3594);
#1060=VERTEX_POINT('',#3596);
#1061=VERTEX_POINT('',#3598);
#1062=VERTEX_POINT('',#3600);
#1063=VERTEX_POINT('',#3602);
#1064=VERTEX_POINT('',#3606);
#1065=VERTEX_POINT('',#3610);
#1066=VERTEX_POINT('',#3614);
#1067=VERTEX_POINT('',#3631);
#1068=VERTEX_POINT('',#3635);
#1069=VERTEX_POINT('',#3637);
#1070=VERTEX_POINT('',#3643);
#1071=VERTEX_POINT('',#3712);
#1072=EDGE_CURVE('',#865,#866,#749,.T.);
#1073=EDGE_CURVE('',#866,#867,#750,.T.);
#1074=EDGE_CURVE('',#867,#868,#365,.T.);
#1075=EDGE_CURVE('',#868,#869,#751,.T.);
#1076=EDGE_CURVE('',#869,#870,#752,.T.);
#1077=EDGE_CURVE('',#870,#871,#366,.T.);
#1078=EDGE_CURVE('',#871,#872,#753,.T.);
#1079=EDGE_CURVE('',#872,#873,#754,.T.);
#1080=EDGE_CURVE('',#873,#874,#367,.T.);
#1081=EDGE_CURVE('',#874,#875,#755,.T.);
#1082=EDGE_CURVE('',#875,#876,#368,.T.);
#1083=EDGE_CURVE('',#876,#877,#756,.T.);
#1084=EDGE_CURVE('',#877,#878,#369,.T.);
#1085=EDGE_CURVE('',#878,#879,#757,.T.);
#1086=EDGE_CURVE('',#879,#880,#370,.T.);
#1087=EDGE_CURVE('',#880,#881,#758,.T.);
#1088=EDGE_CURVE('',#881,#882,#371,.T.);
#1089=EDGE_CURVE('',#882,#883,#759,.T.);
#1090=EDGE_CURVE('',#883,#884,#760,.T.);
#1091=EDGE_CURVE('',#884,#885,#761,.T.);
#1092=EDGE_CURVE('',#885,#886,#372,.T.);
#1093=EDGE_CURVE('',#886,#887,#762,.T.);
#1094=EDGE_CURVE('',#887,#888,#373,.T.);
#1095=EDGE_CURVE('',#888,#889,#763,.T.);
#1096=EDGE_CURVE('',#889,#890,#374,.T.);
#1097=EDGE_CURVE('',#890,#891,#764,.T.);
#1098=EDGE_CURVE('',#891,#892,#375,.T.);
#1099=EDGE_CURVE('',#892,#893,#765,.T.);
#1100=EDGE_CURVE('',#893,#894,#376,.T.);
#1101=EDGE_CURVE('',#894,#895,#766,.T.);
#1102=EDGE_CURVE('',#895,#896,#377,.T.);
#1103=EDGE_CURVE('',#896,#897,#767,.T.);
#1104=EDGE_CURVE('',#897,#865,#378,.T.);
#1105=EDGE_CURVE('',#898,#898,#768,.T.);
#1106=EDGE_CURVE('',#899,#899,#769,.T.);
#1107=EDGE_CURVE('',#900,#900,#770,.T.);
#1108=EDGE_CURVE('',#901,#901,#771,.T.);
#1109=EDGE_CURVE('',#902,#902,#772,.T.);
#1110=EDGE_CURVE('',#903,#903,#773,.T.);
#1111=EDGE_CURVE('',#904,#905,#379,.T.);
#1112=EDGE_CURVE('',#906,#904,#380,.T.);
#1113=EDGE_CURVE('',#907,#906,#774,.T.);
#1114=EDGE_CURVE('',#908,#907,#381,.T.);
#1115=EDGE_CURVE('',#909,#908,#382,.T.);
#1116=EDGE_CURVE('',#910,#909,#775,.T.);
#1117=EDGE_CURVE('',#911,#910,#383,.T.);
#1118=EDGE_CURVE('',#905,#911,#776,.T.);
#1119=EDGE_CURVE('',#912,#912,#777,.T.);
#1120=EDGE_CURVE('',#913,#913,#778,.T.);
#1121=EDGE_CURVE('',#914,#914,#779,.T.);
#1122=EDGE_CURVE('',#915,#915,#780,.T.);
#1123=EDGE_CURVE('',#916,#916,#781,.T.);
#1124=EDGE_CURVE('',#917,#917,#782,.T.);
#1125=EDGE_CURVE('',#918,#918,#783,.T.);
#1126=EDGE_CURVE('',#919,#919,#784,.T.);
#1127=EDGE_CURVE('',#920,#920,#785,.T.);
#1128=EDGE_CURVE('',#921,#921,#786,.T.);
#1129=EDGE_CURVE('',#922,#922,#787,.T.);
#1130=EDGE_CURVE('',#923,#923,#788,.T.);
#1131=EDGE_CURVE('',#924,#882,#384,.T.);
#1132=EDGE_CURVE('',#925,#924,#789,.T.);
#1133=EDGE_CURVE('',#925,#883,#385,.T.);
#1134=EDGE_CURVE('',#926,#881,#386,.T.);
#1135=EDGE_CURVE('',#926,#924,#387,.F.);
#1136=EDGE_CURVE('',#927,#880,#388,.T.);
#1137=EDGE_CURVE('',#927,#926,#790,.F.);
#1138=EDGE_CURVE('',#928,#879,#389,.T.);
#1139=EDGE_CURVE('',#928,#927,#390,.F.);
#1140=EDGE_CURVE('',#929,#878,#391,.T.);
#1141=EDGE_CURVE('',#929,#928,#791,.F.);
#1142=EDGE_CURVE('',#930,#877,#392,.T.);
#1143=EDGE_CURVE('',#930,#929,#393,.F.);
#1144=EDGE_CURVE('',#931,#876,#394,.T.);
#1145=EDGE_CURVE('',#930,#931,#792,.T.);
#1146=EDGE_CURVE('',#932,#875,#395,.T.);
#1147=EDGE_CURVE('',#932,#933,#396,.F.);
#1148=EDGE_CURVE('',#934,#933,#793,.T.);
#1149=EDGE_CURVE('',#935,#934,#397,.T.);
#1150=EDGE_CURVE('',#936,#935,#794,.T.);
#1151=EDGE_CURVE('',#936,#937,#398,.F.);
#1152=EDGE_CURVE('',#938,#937,#795,.T.);
#1153=EDGE_CURVE('',#939,#938,#399,.T.);
#1154=EDGE_CURVE('',#940,#939,#796,.T.);
#1155=EDGE_CURVE('',#940,#931,#400,.F.);
#1156=EDGE_CURVE('',#941,#874,#401,.T.);
#1157=EDGE_CURVE('',#941,#932,#797,.F.);
#1158=EDGE_CURVE('',#942,#873,#402,.T.);
#1159=EDGE_CURVE('',#942,#941,#403,.F.);
#1160=EDGE_CURVE('',#943,#872,#404,.T.);
#1161=EDGE_CURVE('',#943,#942,#798,.T.);
#1162=EDGE_CURVE('',#944,#871,#405,.T.);
#1163=EDGE_CURVE('',#944,#943,#799,.F.);
#1164=EDGE_CURVE('',#945,#870,#406,.T.);
#1165=EDGE_CURVE('',#945,#944,#407,.F.);
#1166=EDGE_CURVE('',#946,#869,#408,.T.);
#1167=EDGE_CURVE('',#946,#945,#800,.T.);
#1168=EDGE_CURVE('',#947,#868,#409,.T.);
#1169=EDGE_CURVE('',#947,#946,#801,.F.);
#1170=EDGE_CURVE('',#948,#867,#410,.T.);
#1171=EDGE_CURVE('',#948,#947,#411,.F.);
#1172=EDGE_CURVE('',#949,#949,#802,.T.);
#1173=EDGE_CURVE('',#950,#950,#803,.T.);
#1174=EDGE_CURVE('',#951,#952,#412,.T.);
#1175=EDGE_CURVE('',#953,#951,#413,.T.);
#1176=EDGE_CURVE('',#954,#953,#414,.T.);
#1177=EDGE_CURVE('',#952,#954,#415,.T.);
#1178=EDGE_CURVE('',#955,#953,#416,.T.);
#1179=EDGE_CURVE('',#956,#955,#417,.T.);
#1180=EDGE_CURVE('',#956,#954,#418,.T.);
#1181=EDGE_CURVE('',#957,#951,#419,.T.);
#1182=EDGE_CURVE('',#955,#957,#420,.T.);
#1183=EDGE_CURVE('',#958,#908,#421,.T.);
#1184=EDGE_CURVE('',#959,#958,#422,.T.);
#1185=EDGE_CURVE('',#959,#909,#423,.T.);
#1186=EDGE_CURVE('',#960,#959,#804,.T.);
#1187=EDGE_CURVE('',#960,#910,#424,.T.);
#1188=EDGE_CURVE('',#961,#960,#425,.T.);
#1189=EDGE_CURVE('',#961,#911,#426,.T.);
#1190=EDGE_CURVE('',#962,#961,#805,.T.);
#1191=EDGE_CURVE('',#962,#905,#427,.T.);
#1192=EDGE_CURVE('',#963,#904,#428,.T.);
#1193=EDGE_CURVE('',#964,#963,#429,.T.);
#1194=EDGE_CURVE('',#964,#906,#430,.T.);
#1195=EDGE_CURVE('',#965,#964,#806,.T.);
#1196=EDGE_CURVE('',#965,#907,#431,.T.);
#1197=EDGE_CURVE('',#958,#965,#432,.T.);
#1198=EDGE_CURVE('',#966,#967,#433,.T.);
#1199=EDGE_CURVE('',#966,#968,#434,.T.);
#1200=EDGE_CURVE('',#969,#968,#435,.T.);
#1201=EDGE_CURVE('',#970,#969,#807,.T.);
#1202=EDGE_CURVE('',#971,#970,#436,.T.);
#1203=EDGE_CURVE('',#972,#971,#437,.T.);
#1204=EDGE_CURVE('',#973,#972,#808,.T.);
#1205=EDGE_CURVE('',#974,#973,#438,.T.);
#1206=EDGE_CURVE('',#975,#974,#439,.T.);
#1207=EDGE_CURVE('',#976,#975,#809,.T.);
#1208=EDGE_CURVE('',#977,#976,#440,.T.);
#1209=EDGE_CURVE('',#978,#977,#810,.T.);
#1210=EDGE_CURVE('',#979,#978,#441,.T.);
#1211=EDGE_CURVE('',#980,#979,#811,.T.);
#1212=EDGE_CURVE('',#981,#980,#442,.T.);
#1213=EDGE_CURVE('',#982,#981,#812,.T.);
#1214=EDGE_CURVE('',#983,#982,#443,.T.);
#1215=EDGE_CURVE('',#984,#983,#813,.T.);
#1216=EDGE_CURVE('',#985,#984,#444,.T.);
#1217=EDGE_CURVE('',#986,#985,#814,.T.);
#1218=EDGE_CURVE('',#987,#986,#445,.T.);
#1219=EDGE_CURVE('',#988,#987,#815,.T.);
#1220=EDGE_CURVE('',#989,#988,#446,.T.);
#1221=EDGE_CURVE('',#990,#989,#816,.T.);
#1222=EDGE_CURVE('',#991,#990,#447,.T.);
#1223=EDGE_CURVE('',#992,#991,#817,.T.);
#1224=EDGE_CURVE('',#993,#992,#818,.T.);
#1225=EDGE_CURVE('',#994,#993,#819,.T.);
#1226=EDGE_CURVE('',#995,#994,#448,.T.);
#1227=EDGE_CURVE('',#996,#995,#820,.T.);
#1228=EDGE_CURVE('',#997,#996,#449,.T.);
#1229=EDGE_CURVE('',#998,#997,#821,.T.);
#1230=EDGE_CURVE('',#999,#998,#450,.T.);
#1231=EDGE_CURVE('',#1000,#999,#822,.T.);
#1232=EDGE_CURVE('',#1001,#1000,#451,.T.);
#1233=EDGE_CURVE('',#967,#1001,#452,.T.);
#1234=EDGE_CURVE('',#1002,#1002,#823,.T.);
#1235=EDGE_CURVE('',#957,#1003,#453,.T.);
#1236=EDGE_CURVE('',#1003,#956,#454,.T.);
#1237=EDGE_CURVE('',#1004,#1004,#824,.T.);
#1238=EDGE_CURVE('',#1005,#1005,#825,.T.);
#1239=EDGE_CURVE('',#1006,#1006,#826,.T.);
#1240=EDGE_CURVE('',#1007,#1007,#827,.T.);
#1241=EDGE_CURVE('',#1008,#1008,#828,.T.);
#1242=EDGE_CURVE('',#963,#962,#455,.T.);
#1243=EDGE_CURVE('',#919,#1009,#456,.T.);
#1244=EDGE_CURVE('',#1009,#1009,#829,.T.);
#1245=EDGE_CURVE('',#917,#1008,#457,.T.);
#1246=EDGE_CURVE('',#898,#916,#458,.T.);
#1247=EDGE_CURVE('',#899,#918,#459,.T.);
#1248=EDGE_CURVE('',#900,#922,#460,.T.);
#1249=EDGE_CURVE('',#1007,#923,#461,.T.);
#1250=EDGE_CURVE('',#950,#1010,#462,.T.);
#1251=EDGE_CURVE('',#1010,#1010,#830,.T.);
#1252=EDGE_CURVE('',#1002,#949,#463,.T.);
#1253=EDGE_CURVE('',#1003,#952,#464,.T.);
#1254=EDGE_CURVE('',#933,#1011,#23,.T.);
#1255=EDGE_CURVE('',#1011,#966,#831,.T.);
#1256=EDGE_CURVE('',#966,#934,#465,.T.);
#1257=EDGE_CURVE('',#967,#935,#466,.T.);
#1258=EDGE_CURVE('',#1012,#936,#24,.T.);
#1259=EDGE_CURVE('',#967,#1012,#832,.T.);
#1260=EDGE_CURVE('',#1013,#1011,#467,.T.);
#1261=EDGE_CURVE('',#968,#1013,#833,.T.);
#1262=EDGE_CURVE('',#1014,#948,#834,.F.);
#1263=EDGE_CURVE('',#1015,#1014,#835,.T.);
#1264=EDGE_CURVE('',#1016,#1015,#468,.F.);
#1265=EDGE_CURVE('',#1016,#1017,#836,.T.);
#1266=EDGE_CURVE('',#1018,#1017,#469,.F.);
#1267=EDGE_CURVE('',#1019,#1018,#837,.F.);
#1268=EDGE_CURVE('',#1020,#1019,#470,.F.);
#1269=EDGE_CURVE('',#1020,#1021,#838,.T.);
#1270=EDGE_CURVE('',#1022,#1021,#471,.F.);
#1271=EDGE_CURVE('',#1023,#1022,#839,.F.);
#1272=EDGE_CURVE('',#1024,#1023,#472,.F.);
#1273=EDGE_CURVE('',#1025,#1024,#840,.T.);
#1274=EDGE_CURVE('',#1026,#1025,#473,.F.);
#1275=EDGE_CURVE('',#1027,#1026,#841,.F.);
#1276=EDGE_CURVE('',#1028,#1027,#474,.F.);
#1277=EDGE_CURVE('',#1028,#1029,#842,.T.);
#1278=EDGE_CURVE('',#1029,#925,#843,.T.);
#1279=EDGE_CURVE('',#1030,#940,#25,.T.);
#1280=EDGE_CURVE('',#1030,#1031,#475,.T.);
#1281=EDGE_CURVE('',#1032,#1031,#476,.T.);
#1282=EDGE_CURVE('',#1033,#1032,#844,.T.);
#1283=EDGE_CURVE('',#1034,#1033,#477,.T.);
#1284=EDGE_CURVE('',#1035,#1034,#845,.T.);
#1285=EDGE_CURVE('',#1036,#1035,#478,.T.);
#1286=EDGE_CURVE('',#1037,#1036,#846,.T.);
#1287=EDGE_CURVE('',#1038,#1037,#479,.T.);
#1288=EDGE_CURVE('',#1039,#1038,#847,.T.);
#1289=EDGE_CURVE('',#1040,#1039,#848,.T.);
#1290=EDGE_CURVE('',#1041,#1040,#849,.T.);
#1291=EDGE_CURVE('',#1042,#1041,#480,.T.);
#1292=EDGE_CURVE('',#1043,#1042,#850,.T.);
#1293=EDGE_CURVE('',#1044,#1043,#481,.T.);
#1294=EDGE_CURVE('',#1045,#1044,#851,.T.);
#1295=EDGE_CURVE('',#1046,#1045,#482,.T.);
#1296=EDGE_CURVE('',#1047,#1046,#852,.T.);
#1297=EDGE_CURVE('',#1048,#1047,#483,.T.);
#1298=EDGE_CURVE('',#1049,#1048,#853,.T.);
#1299=EDGE_CURVE('',#1050,#1049,#484,.T.);
#1300=EDGE_CURVE('',#1051,#1050,#854,.T.);
#1301=EDGE_CURVE('',#1052,#1051,#485,.T.);
#1302=EDGE_CURVE('',#1053,#1052,#855,.T.);
#1303=EDGE_CURVE('',#1054,#1053,#486,.T.);
#1304=EDGE_CURVE('',#1055,#1054,#856,.T.);
#1305=EDGE_CURVE('',#1056,#1055,#487,.T.);
#1306=EDGE_CURVE('',#1057,#1056,#857,.T.);
#1307=EDGE_CURVE('',#1058,#1057,#488,.T.);
#1308=EDGE_CURVE('',#1059,#1058,#489,.T.);
#1309=EDGE_CURVE('',#1060,#1059,#858,.T.);
#1310=EDGE_CURVE('',#1061,#1060,#490,.T.);
#1311=EDGE_CURVE('',#1062,#1061,#491,.T.);
#1312=EDGE_CURVE('',#1063,#1062,#859,.T.);
#1313=EDGE_CURVE('',#1013,#1063,#492,.T.);
#1314=EDGE_CURVE('',#937,#1064,#26,.T.);
#1315=EDGE_CURVE('',#1064,#1065,#860,.T.);
#1316=EDGE_CURVE('',#1065,#938,#493,.T.);
#1317=EDGE_CURVE('',#1066,#939,#494,.T.);
#1318=EDGE_CURVE('',#1065,#1066,#495,.T.);
#1319=EDGE_CURVE('',#1066,#1030,#861,.T.);
#1320=EDGE_CURVE('',#1015,#865,#496,.T.);
#1321=EDGE_CURVE('',#1014,#866,#497,.T.);
#1322=EDGE_CURVE('',#1025,#888,#498,.T.);
#1323=EDGE_CURVE('',#1024,#889,#499,.T.);
#1324=EDGE_CURVE('',#1026,#887,#500,.T.);
#1325=EDGE_CURVE('',#1023,#890,#501,.T.);
#1326=EDGE_CURVE('',#1067,#1066,#502,.T.);
#1327=EDGE_CURVE('',#1031,#1067,#862,.T.);
#1328=EDGE_CURVE('',#1068,#1064,#503,.T.);
#1329=EDGE_CURVE('',#1069,#1068,#863,.T.);
#1330=EDGE_CURVE('',#1069,#1065,#504,.T.);
#1331=EDGE_CURVE('',#1067,#1069,#505,.T.);
#1332=EDGE_CURVE('',#1068,#1070,#506,.T.);
#1333=EDGE_CURVE('',#1070,#1001,#864,.T.);
#1334=EDGE_CURVE('',#1032,#1000,#507,.T.);
#1335=EDGE_CURVE('',#1012,#1070,#508,.T.);
#1336=EDGE_CURVE('',#903,#914,#509,.T.);
#1337=EDGE_CURVE('',#902,#920,#510,.T.);
#1338=EDGE_CURVE('',#901,#912,#511,.T.);
#1339=EDGE_CURVE('',#915,#1004,#512,.T.);
#1340=EDGE_CURVE('',#921,#1005,#513,.T.);
#1341=EDGE_CURVE('',#913,#1006,#514,.T.);
#1342=EDGE_CURVE('',#1029,#884,#515,.T.);
#1343=EDGE_CURVE('',#1038,#994,#516,.T.);
#1344=EDGE_CURVE('',#1037,#995,#517,.T.);
#1345=EDGE_CURVE('',#1039,#993,#518,.T.);
#1346=EDGE_CURVE('',#1040,#992,#519,.T.);
#1347=EDGE_CURVE('',#1041,#991,#520,.T.);
#1348=EDGE_CURVE('',#1042,#990,#521,.T.);
#1349=EDGE_CURVE('',#1043,#989,#522,.T.);
#1350=EDGE_CURVE('',#1044,#988,#523,.T.);
#1351=EDGE_CURVE('',#1045,#987,#524,.T.);
#1352=EDGE_CURVE('',#1046,#986,#525,.T.);
#1353=EDGE_CURVE('',#1047,#985,#526,.T.);
#1354=EDGE_CURVE('',#1048,#984,#527,.T.);
#1355=EDGE_CURVE('',#1049,#983,#528,.T.);
#1356=EDGE_CURVE('',#1050,#982,#529,.T.);
#1357=EDGE_CURVE('',#1051,#981,#530,.T.);
#1358=EDGE_CURVE('',#1052,#980,#531,.T.);
#1359=EDGE_CURVE('',#1053,#979,#532,.T.);
#1360=EDGE_CURVE('',#1034,#998,#533,.T.);
#1361=EDGE_CURVE('',#1033,#999,#534,.T.);
#1362=EDGE_CURVE('',#1035,#997,#535,.T.);
#1363=EDGE_CURVE('',#1036,#996,#536,.T.);
#1364=EDGE_CURVE('',#1016,#897,#537,.T.);
#1365=EDGE_CURVE('',#1017,#896,#538,.T.);
#1366=EDGE_CURVE('',#1018,#895,#539,.T.);
#1367=EDGE_CURVE('',#1019,#1071,#540,.T.);
#1368=EDGE_CURVE('',#1071,#894,#541,.T.);
#1369=EDGE_CURVE('',#1020,#893,#542,.T.);
#1370=EDGE_CURVE('',#1021,#892,#543,.T.);
#1371=EDGE_CURVE('',#1022,#891,#544,.T.);
#1372=EDGE_CURVE('',#1027,#886,#545,.T.);
#1373=EDGE_CURVE('',#1028,#885,#546,.T.);
#1374=EDGE_CURVE('',#1054,#978,#547,.T.);
#1375=EDGE_CURVE('',#1055,#977,#548,.T.);
#1376=EDGE_CURVE('',#1056,#976,#549,.T.);
#1377=EDGE_CURVE('',#1057,#975,#550,.T.);
#1378=EDGE_CURVE('',#1058,#974,#551,.T.);
#1379=EDGE_CURVE('',#1059,#973,#552,.T.);
#1380=EDGE_CURVE('',#1060,#972,#553,.T.);
#1381=EDGE_CURVE('',#1061,#971,#554,.T.);
#1382=EDGE_CURVE('',#1062,#970,#555,.T.);
#1383=EDGE_CURVE('',#1063,#969,#556,.T.);
#1384=ORIENTED_EDGE('',*,*,#1072,.T.);
#1385=ORIENTED_EDGE('',*,*,#1073,.T.);
#1386=ORIENTED_EDGE('',*,*,#1074,.T.);
#1387=ORIENTED_EDGE('',*,*,#1075,.T.);
#1388=ORIENTED_EDGE('',*,*,#1076,.T.);
#1389=ORIENTED_EDGE('',*,*,#1077,.T.);
#1390=ORIENTED_EDGE('',*,*,#1078,.T.);
#1391=ORIENTED_EDGE('',*,*,#1079,.T.);
#1392=ORIENTED_EDGE('',*,*,#1080,.T.);
#1393=ORIENTED_EDGE('',*,*,#1081,.T.);
#1394=ORIENTED_EDGE('',*,*,#1082,.T.);
#1395=ORIENTED_EDGE('',*,*,#1083,.T.);
#1396=ORIENTED_EDGE('',*,*,#1084,.T.);
#1397=ORIENTED_EDGE('',*,*,#1085,.T.);
#1398=ORIENTED_EDGE('',*,*,#1086,.T.);
#1399=ORIENTED_EDGE('',*,*,#1087,.T.);
#1400=ORIENTED_EDGE('',*,*,#1088,.T.);
#1401=ORIENTED_EDGE('',*,*,#1089,.T.);
#1402=ORIENTED_EDGE('',*,*,#1090,.T.);
#1403=ORIENTED_EDGE('',*,*,#1091,.T.);
#1404=ORIENTED_EDGE('',*,*,#1092,.T.);
#1405=ORIENTED_EDGE('',*,*,#1093,.T.);
#1406=ORIENTED_EDGE('',*,*,#1094,.T.);
#1407=ORIENTED_EDGE('',*,*,#1095,.T.);
#1408=ORIENTED_EDGE('',*,*,#1096,.T.);
#1409=ORIENTED_EDGE('',*,*,#1097,.T.);
#1410=ORIENTED_EDGE('',*,*,#1098,.T.);
#1411=ORIENTED_EDGE('',*,*,#1099,.T.);
#1412=ORIENTED_EDGE('',*,*,#1100,.T.);
#1413=ORIENTED_EDGE('',*,*,#1101,.T.);
#1414=ORIENTED_EDGE('',*,*,#1102,.T.);
#1415=ORIENTED_EDGE('',*,*,#1103,.T.);
#1416=ORIENTED_EDGE('',*,*,#1104,.T.);
#1417=ORIENTED_EDGE('',*,*,#1105,.T.);
#1418=ORIENTED_EDGE('',*,*,#1106,.T.);
#1419=ORIENTED_EDGE('',*,*,#1107,.T.);
#1420=ORIENTED_EDGE('',*,*,#1108,.T.);
#1421=ORIENTED_EDGE('',*,*,#1109,.T.);
#1422=ORIENTED_EDGE('',*,*,#1110,.T.);
#1423=ORIENTED_EDGE('',*,*,#1111,.F.);
#1424=ORIENTED_EDGE('',*,*,#1112,.F.);
#1425=ORIENTED_EDGE('',*,*,#1113,.F.);
#1426=ORIENTED_EDGE('',*,*,#1114,.F.);
#1427=ORIENTED_EDGE('',*,*,#1115,.F.);
#1428=ORIENTED_EDGE('',*,*,#1116,.F.);
#1429=ORIENTED_EDGE('',*,*,#1117,.F.);
#1430=ORIENTED_EDGE('',*,*,#1118,.F.);
#1431=ORIENTED_EDGE('',*,*,#1119,.F.);
#1432=ORIENTED_EDGE('',*,*,#1120,.F.);
#1433=ORIENTED_EDGE('',*,*,#1121,.F.);
#1434=ORIENTED_EDGE('',*,*,#1122,.F.);
#1435=ORIENTED_EDGE('',*,*,#1123,.F.);
#1436=ORIENTED_EDGE('',*,*,#1124,.F.);
#1437=ORIENTED_EDGE('',*,*,#1125,.F.);
#1438=ORIENTED_EDGE('',*,*,#1126,.F.);
#1439=ORIENTED_EDGE('',*,*,#1127,.F.);
#1440=ORIENTED_EDGE('',*,*,#1128,.F.);
#1441=ORIENTED_EDGE('',*,*,#1129,.F.);
#1442=ORIENTED_EDGE('',*,*,#1130,.F.);
#1443=ORIENTED_EDGE('',*,*,#1131,.F.);
#1444=ORIENTED_EDGE('',*,*,#1132,.F.);
#1445=ORIENTED_EDGE('',*,*,#1133,.T.);
#1446=ORIENTED_EDGE('',*,*,#1089,.F.);
#1447=ORIENTED_EDGE('',*,*,#1134,.F.);
#1448=ORIENTED_EDGE('',*,*,#1135,.T.);
#1449=ORIENTED_EDGE('',*,*,#1131,.T.);
#1450=ORIENTED_EDGE('',*,*,#1088,.F.);
#1451=ORIENTED_EDGE('',*,*,#1136,.F.);
#1452=ORIENTED_EDGE('',*,*,#1137,.T.);
#1453=ORIENTED_EDGE('',*,*,#1134,.T.);
#1454=ORIENTED_EDGE('',*,*,#1087,.F.);
#1455=ORIENTED_EDGE('',*,*,#1138,.F.);
#1456=ORIENTED_EDGE('',*,*,#1139,.T.);
#1457=ORIENTED_EDGE('',*,*,#1136,.T.);
#1458=ORIENTED_EDGE('',*,*,#1086,.F.);
#1459=ORIENTED_EDGE('',*,*,#1140,.F.);
#1460=ORIENTED_EDGE('',*,*,#1141,.T.);
#1461=ORIENTED_EDGE('',*,*,#1138,.T.);
#1462=ORIENTED_EDGE('',*,*,#1085,.F.);
#1463=ORIENTED_EDGE('',*,*,#1142,.F.);
#1464=ORIENTED_EDGE('',*,*,#1143,.T.);
#1465=ORIENTED_EDGE('',*,*,#1140,.T.);
#1466=ORIENTED_EDGE('',*,*,#1084,.F.);
#1467=ORIENTED_EDGE('',*,*,#1144,.F.);
#1468=ORIENTED_EDGE('',*,*,#1145,.F.);
#1469=ORIENTED_EDGE('',*,*,#1142,.T.);
#1470=ORIENTED_EDGE('',*,*,#1083,.F.);
#1471=ORIENTED_EDGE('',*,*,#1146,.F.);
#1472=ORIENTED_EDGE('',*,*,#1147,.T.);
#1473=ORIENTED_EDGE('',*,*,#1148,.F.);
#1474=ORIENTED_EDGE('',*,*,#1149,.F.);
#1475=ORIENTED_EDGE('',*,*,#1150,.F.);
#1476=ORIENTED_EDGE('',*,*,#1151,.T.);
#1477=ORIENTED_EDGE('',*,*,#1152,.F.);
#1478=ORIENTED_EDGE('',*,*,#1153,.F.);
#1479=ORIENTED_EDGE('',*,*,#1154,.F.);
#1480=ORIENTED_EDGE('',*,*,#1155,.T.);
#1481=ORIENTED_EDGE('',*,*,#1144,.T.);
#1482=ORIENTED_EDGE('',*,*,#1082,.F.);
#1483=ORIENTED_EDGE('',*,*,#1156,.F.);
#1484=ORIENTED_EDGE('',*,*,#1157,.T.);
#1485=ORIENTED_EDGE('',*,*,#1146,.T.);
#1486=ORIENTED_EDGE('',*,*,#1081,.F.);
#1487=ORIENTED_EDGE('',*,*,#1158,.F.);
#1488=ORIENTED_EDGE('',*,*,#1159,.T.);
#1489=ORIENTED_EDGE('',*,*,#1156,.T.);
#1490=ORIENTED_EDGE('',*,*,#1080,.F.);
#1491=ORIENTED_EDGE('',*,*,#1160,.F.);
#1492=ORIENTED_EDGE('',*,*,#1161,.T.);
#1493=ORIENTED_EDGE('',*,*,#1158,.T.);
#1494=ORIENTED_EDGE('',*,*,#1079,.F.);
#1495=ORIENTED_EDGE('',*,*,#1162,.F.);
#1496=ORIENTED_EDGE('',*,*,#1163,.T.);
#1497=ORIENTED_EDGE('',*,*,#1160,.T.);
#1498=ORIENTED_EDGE('',*,*,#1078,.F.);
#1499=ORIENTED_EDGE('',*,*,#1164,.F.);
#1500=ORIENTED_EDGE('',*,*,#1165,.T.);
#1501=ORIENTED_EDGE('',*,*,#1162,.T.);
#1502=ORIENTED_EDGE('',*,*,#1077,.F.);
#1503=ORIENTED_EDGE('',*,*,#1166,.F.);
#1504=ORIENTED_EDGE('',*,*,#1167,.T.);
#1505=ORIENTED_EDGE('',*,*,#1164,.T.);
#1506=ORIENTED_EDGE('',*,*,#1076,.F.);
#1507=ORIENTED_EDGE('',*,*,#1168,.F.);
#1508=ORIENTED_EDGE('',*,*,#1169,.T.);
#1509=ORIENTED_EDGE('',*,*,#1166,.T.);
#1510=ORIENTED_EDGE('',*,*,#1075,.F.);
#1511=ORIENTED_EDGE('',*,*,#1170,.F.);
#1512=ORIENTED_EDGE('',*,*,#1171,.T.);
#1513=ORIENTED_EDGE('',*,*,#1168,.T.);
#1514=ORIENTED_EDGE('',*,*,#1074,.F.);
#1515=ORIENTED_EDGE('',*,*,#1172,.F.);
#1516=ORIENTED_EDGE('',*,*,#1173,.F.);
#1517=ORIENTED_EDGE('',*,*,#1174,.F.);
#1518=ORIENTED_EDGE('',*,*,#1175,.F.);
#1519=ORIENTED_EDGE('',*,*,#1176,.F.);
#1520=ORIENTED_EDGE('',*,*,#1177,.F.);
#1521=ORIENTED_EDGE('',*,*,#1176,.T.);
#1522=ORIENTED_EDGE('',*,*,#1178,.F.);
#1523=ORIENTED_EDGE('',*,*,#1179,.F.);
#1524=ORIENTED_EDGE('',*,*,#1180,.T.);
#1525=ORIENTED_EDGE('',*,*,#1175,.T.);
#1526=ORIENTED_EDGE('',*,*,#1181,.F.);
#1527=ORIENTED_EDGE('',*,*,#1182,.F.);
#1528=ORIENTED_EDGE('',*,*,#1178,.T.);
#1529=ORIENTED_EDGE('',*,*,#1183,.F.);
#1530=ORIENTED_EDGE('',*,*,#1184,.F.);
#1531=ORIENTED_EDGE('',*,*,#1185,.T.);
#1532=ORIENTED_EDGE('',*,*,#1115,.T.);
#1533=ORIENTED_EDGE('',*,*,#1185,.F.);
#1534=ORIENTED_EDGE('',*,*,#1186,.F.);
#1535=ORIENTED_EDGE('',*,*,#1187,.T.);
#1536=ORIENTED_EDGE('',*,*,#1116,.T.);
#1537=ORIENTED_EDGE('',*,*,#1187,.F.);
#1538=ORIENTED_EDGE('',*,*,#1188,.F.);
#1539=ORIENTED_EDGE('',*,*,#1189,.T.);
#1540=ORIENTED_EDGE('',*,*,#1117,.T.);
#1541=ORIENTED_EDGE('',*,*,#1189,.F.);
#1542=ORIENTED_EDGE('',*,*,#1190,.F.);
#1543=ORIENTED_EDGE('',*,*,#1191,.T.);
#1544=ORIENTED_EDGE('',*,*,#1118,.T.);
#1545=ORIENTED_EDGE('',*,*,#1192,.F.);
#1546=ORIENTED_EDGE('',*,*,#1193,.F.);
#1547=ORIENTED_EDGE('',*,*,#1194,.T.);
#1548=ORIENTED_EDGE('',*,*,#1112,.T.);
#1549=ORIENTED_EDGE('',*,*,#1194,.F.);
#1550=ORIENTED_EDGE('',*,*,#1195,.F.);
#1551=ORIENTED_EDGE('',*,*,#1196,.T.);
#1552=ORIENTED_EDGE('',*,*,#1113,.T.);
#1553=ORIENTED_EDGE('',*,*,#1196,.F.);
#1554=ORIENTED_EDGE('',*,*,#1197,.F.);
#1555=ORIENTED_EDGE('',*,*,#1183,.T.);
#1556=ORIENTED_EDGE('',*,*,#1114,.T.);
#1557=ORIENTED_EDGE('',*,*,#1198,.F.);
#1558=ORIENTED_EDGE('',*,*,#1199,.T.);
#1559=ORIENTED_EDGE('',*,*,#1200,.F.);
#1560=ORIENTED_EDGE('',*,*,#1201,.F.);
#1561=ORIENTED_EDGE('',*,*,#1202,.F.);
#1562=ORIENTED_EDGE('',*,*,#1203,.F.);
#1563=ORIENTED_EDGE('',*,*,#1204,.F.);
#1564=ORIENTED_EDGE('',*,*,#1205,.F.);
#1565=ORIENTED_EDGE('',*,*,#1206,.F.);
#1566=ORIENTED_EDGE('',*,*,#1207,.F.);
#1567=ORIENTED_EDGE('',*,*,#1208,.F.);
#1568=ORIENTED_EDGE('',*,*,#1209,.F.);
#1569=ORIENTED_EDGE('',*,*,#1210,.F.);
#1570=ORIENTED_EDGE('',*,*,#1211,.F.);
#1571=ORIENTED_EDGE('',*,*,#1212,.F.);
#1572=ORIENTED_EDGE('',*,*,#1213,.F.);
#1573=ORIENTED_EDGE('',*,*,#1214,.F.);
#1574=ORIENTED_EDGE('',*,*,#1215,.F.);
#1575=ORIENTED_EDGE('',*,*,#1216,.F.);
#1576=ORIENTED_EDGE('',*,*,#1217,.F.);
#1577=ORIENTED_EDGE('',*,*,#1218,.F.);
#1578=ORIENTED_EDGE('',*,*,#1219,.F.);
#1579=ORIENTED_EDGE('',*,*,#1220,.F.);
#1580=ORIENTED_EDGE('',*,*,#1221,.F.);
#1581=ORIENTED_EDGE('',*,*,#1222,.F.);
#1582=ORIENTED_EDGE('',*,*,#1223,.F.);
#1583=ORIENTED_EDGE('',*,*,#1224,.F.);
#1584=ORIENTED_EDGE('',*,*,#1225,.F.);
#1585=ORIENTED_EDGE('',*,*,#1226,.F.);
#1586=ORIENTED_EDGE('',*,*,#1227,.F.);
#1587=ORIENTED_EDGE('',*,*,#1228,.F.);
#1588=ORIENTED_EDGE('',*,*,#1229,.F.);
#1589=ORIENTED_EDGE('',*,*,#1230,.F.);
#1590=ORIENTED_EDGE('',*,*,#1231,.F.);
#1591=ORIENTED_EDGE('',*,*,#1232,.F.);
#1592=ORIENTED_EDGE('',*,*,#1233,.F.);
#1593=ORIENTED_EDGE('',*,*,#1234,.T.);
#1594=ORIENTED_EDGE('',*,*,#1182,.T.);
#1595=ORIENTED_EDGE('',*,*,#1235,.T.);
#1596=ORIENTED_EDGE('',*,*,#1236,.T.);
#1597=ORIENTED_EDGE('',*,*,#1179,.T.);
#1598=ORIENTED_EDGE('',*,*,#1237,.T.);
#1599=ORIENTED_EDGE('',*,*,#1238,.T.);
#1600=ORIENTED_EDGE('',*,*,#1239,.T.);
#1601=ORIENTED_EDGE('',*,*,#1240,.T.);
#1602=ORIENTED_EDGE('',*,*,#1241,.T.);
#1603=ORIENTED_EDGE('',*,*,#1242,.T.);
#1604=ORIENTED_EDGE('',*,*,#1190,.T.);
#1605=ORIENTED_EDGE('',*,*,#1188,.T.);
#1606=ORIENTED_EDGE('',*,*,#1186,.T.);
#1607=ORIENTED_EDGE('',*,*,#1184,.T.);
#1608=ORIENTED_EDGE('',*,*,#1197,.T.);
#1609=ORIENTED_EDGE('',*,*,#1195,.T.);
#1610=ORIENTED_EDGE('',*,*,#1193,.T.);
#1611=ORIENTED_EDGE('',*,*,#1242,.F.);
#1612=ORIENTED_EDGE('',*,*,#1192,.T.);
#1613=ORIENTED_EDGE('',*,*,#1111,.T.);
#1614=ORIENTED_EDGE('',*,*,#1191,.F.);
#1615=ORIENTED_EDGE('',*,*,#1126,.T.);
#1616=ORIENTED_EDGE('',*,*,#1243,.T.);
#1617=ORIENTED_EDGE('',*,*,#1244,.F.);
#1618=ORIENTED_EDGE('',*,*,#1243,.F.);
#1619=ORIENTED_EDGE('',*,*,#1124,.T.);
#1620=ORIENTED_EDGE('',*,*,#1245,.T.);
#1621=ORIENTED_EDGE('',*,*,#1241,.F.);
#1622=ORIENTED_EDGE('',*,*,#1245,.F.);
#1623=ORIENTED_EDGE('',*,*,#1105,.F.);
#1624=ORIENTED_EDGE('',*,*,#1246,.T.);
#1625=ORIENTED_EDGE('',*,*,#1123,.T.);
#1626=ORIENTED_EDGE('',*,*,#1246,.F.);
#1627=ORIENTED_EDGE('',*,*,#1106,.F.);
#1628=ORIENTED_EDGE('',*,*,#1247,.T.);
#1629=ORIENTED_EDGE('',*,*,#1125,.T.);
#1630=ORIENTED_EDGE('',*,*,#1247,.F.);
#1631=ORIENTED_EDGE('',*,*,#1107,.F.);
#1632=ORIENTED_EDGE('',*,*,#1248,.T.);
#1633=ORIENTED_EDGE('',*,*,#1129,.T.);
#1634=ORIENTED_EDGE('',*,*,#1248,.F.);
#1635=ORIENTED_EDGE('',*,*,#1240,.F.);
#1636=ORIENTED_EDGE('',*,*,#1249,.T.);
#1637=ORIENTED_EDGE('',*,*,#1130,.T.);
#1638=ORIENTED_EDGE('',*,*,#1249,.F.);
#1639=ORIENTED_EDGE('',*,*,#1173,.T.);
#1640=ORIENTED_EDGE('',*,*,#1250,.T.);
#1641=ORIENTED_EDGE('',*,*,#1251,.F.);
#1642=ORIENTED_EDGE('',*,*,#1250,.F.);
#1643=ORIENTED_EDGE('',*,*,#1234,.F.);
#1644=ORIENTED_EDGE('',*,*,#1252,.T.);
#1645=ORIENTED_EDGE('',*,*,#1172,.T.);
#1646=ORIENTED_EDGE('',*,*,#1252,.F.);
#1647=ORIENTED_EDGE('',*,*,#1177,.T.);
#1648=ORIENTED_EDGE('',*,*,#1180,.F.);
#1649=ORIENTED_EDGE('',*,*,#1236,.F.);
#1650=ORIENTED_EDGE('',*,*,#1253,.T.);
#1651=ORIENTED_EDGE('',*,*,#1174,.T.);
#1652=ORIENTED_EDGE('',*,*,#1253,.F.);
#1653=ORIENTED_EDGE('',*,*,#1235,.F.);
#1654=ORIENTED_EDGE('',*,*,#1181,.T.);
#1655=ORIENTED_EDGE('',*,*,#1251,.T.);
#1656=ORIENTED_EDGE('',*,*,#1244,.T.);
#1657=ORIENTED_EDGE('',*,*,#1254,.T.);
#1658=ORIENTED_EDGE('',*,*,#1255,.T.);
#1659=ORIENTED_EDGE('',*,*,#1256,.T.);
#1660=ORIENTED_EDGE('',*,*,#1148,.T.);
#1661=ORIENTED_EDGE('',*,*,#1257,.T.);
#1662=ORIENTED_EDGE('',*,*,#1149,.T.);
#1663=ORIENTED_EDGE('',*,*,#1256,.F.);
#1664=ORIENTED_EDGE('',*,*,#1198,.T.);
#1665=ORIENTED_EDGE('',*,*,#1258,.T.);
#1666=ORIENTED_EDGE('',*,*,#1150,.T.);
#1667=ORIENTED_EDGE('',*,*,#1257,.F.);
#1668=ORIENTED_EDGE('',*,*,#1259,.T.);
#1669=ORIENTED_EDGE('',*,*,#1255,.F.);
#1670=ORIENTED_EDGE('',*,*,#1260,.F.);
#1671=ORIENTED_EDGE('',*,*,#1261,.F.);
#1672=ORIENTED_EDGE('',*,*,#1199,.F.);
#1673=ORIENTED_EDGE('',*,*,#1254,.F.);
#1674=ORIENTED_EDGE('',*,*,#1147,.F.);
#1675=ORIENTED_EDGE('',*,*,#1157,.F.);
#1676=ORIENTED_EDGE('',*,*,#1159,.F.);
#1677=ORIENTED_EDGE('',*,*,#1161,.F.);
#1678=ORIENTED_EDGE('',*,*,#1163,.F.);
#1679=ORIENTED_EDGE('',*,*,#1165,.F.);
#1680=ORIENTED_EDGE('',*,*,#1167,.F.);
#1681=ORIENTED_EDGE('',*,*,#1169,.F.);
#1682=ORIENTED_EDGE('',*,*,#1171,.F.);
#1683=ORIENTED_EDGE('',*,*,#1262,.F.);
#1684=ORIENTED_EDGE('',*,*,#1263,.F.);
#1685=ORIENTED_EDGE('',*,*,#1264,.F.);
#1686=ORIENTED_EDGE('',*,*,#1265,.T.);
#1687=ORIENTED_EDGE('',*,*,#1266,.F.);
#1688=ORIENTED_EDGE('',*,*,#1267,.F.);
#1689=ORIENTED_EDGE('',*,*,#1268,.F.);
#1690=ORIENTED_EDGE('',*,*,#1269,.T.);
#1691=ORIENTED_EDGE('',*,*,#1270,.F.);
#1692=ORIENTED_EDGE('',*,*,#1271,.F.);
#1693=ORIENTED_EDGE('',*,*,#1272,.F.);
#1694=ORIENTED_EDGE('',*,*,#1273,.F.);
#1695=ORIENTED_EDGE('',*,*,#1274,.F.);
#1696=ORIENTED_EDGE('',*,*,#1275,.F.);
#1697=ORIENTED_EDGE('',*,*,#1276,.F.);
#1698=ORIENTED_EDGE('',*,*,#1277,.T.);
#1699=ORIENTED_EDGE('',*,*,#1278,.T.);
#1700=ORIENTED_EDGE('',*,*,#1132,.T.);
#1701=ORIENTED_EDGE('',*,*,#1135,.F.);
#1702=ORIENTED_EDGE('',*,*,#1137,.F.);
#1703=ORIENTED_EDGE('',*,*,#1139,.F.);
#1704=ORIENTED_EDGE('',*,*,#1141,.F.);
#1705=ORIENTED_EDGE('',*,*,#1143,.F.);
#1706=ORIENTED_EDGE('',*,*,#1145,.T.);
#1707=ORIENTED_EDGE('',*,*,#1155,.F.);
#1708=ORIENTED_EDGE('',*,*,#1279,.F.);
#1709=ORIENTED_EDGE('',*,*,#1280,.T.);
#1710=ORIENTED_EDGE('',*,*,#1281,.F.);
#1711=ORIENTED_EDGE('',*,*,#1282,.F.);
#1712=ORIENTED_EDGE('',*,*,#1283,.F.);
#1713=ORIENTED_EDGE('',*,*,#1284,.F.);
#1714=ORIENTED_EDGE('',*,*,#1285,.F.);
#1715=ORIENTED_EDGE('',*,*,#1286,.F.);
#1716=ORIENTED_EDGE('',*,*,#1287,.F.);
#1717=ORIENTED_EDGE('',*,*,#1288,.F.);
#1718=ORIENTED_EDGE('',*,*,#1289,.F.);
#1719=ORIENTED_EDGE('',*,*,#1290,.F.);
#1720=ORIENTED_EDGE('',*,*,#1291,.F.);
#1721=ORIENTED_EDGE('',*,*,#1292,.F.);
#1722=ORIENTED_EDGE('',*,*,#1293,.F.);
#1723=ORIENTED_EDGE('',*,*,#1294,.F.);
#1724=ORIENTED_EDGE('',*,*,#1295,.F.);
#1725=ORIENTED_EDGE('',*,*,#1296,.F.);
#1726=ORIENTED_EDGE('',*,*,#1297,.F.);
#1727=ORIENTED_EDGE('',*,*,#1298,.F.);
#1728=ORIENTED_EDGE('',*,*,#1299,.F.);
#1729=ORIENTED_EDGE('',*,*,#1300,.F.);
#1730=ORIENTED_EDGE('',*,*,#1301,.F.);
#1731=ORIENTED_EDGE('',*,*,#1302,.F.);
#1732=ORIENTED_EDGE('',*,*,#1303,.F.);
#1733=ORIENTED_EDGE('',*,*,#1304,.F.);
#1734=ORIENTED_EDGE('',*,*,#1305,.F.);
#1735=ORIENTED_EDGE('',*,*,#1306,.F.);
#1736=ORIENTED_EDGE('',*,*,#1307,.F.);
#1737=ORIENTED_EDGE('',*,*,#1308,.F.);
#1738=ORIENTED_EDGE('',*,*,#1309,.F.);
#1739=ORIENTED_EDGE('',*,*,#1310,.F.);
#1740=ORIENTED_EDGE('',*,*,#1311,.F.);
#1741=ORIENTED_EDGE('',*,*,#1312,.F.);
#1742=ORIENTED_EDGE('',*,*,#1313,.F.);
#1743=ORIENTED_EDGE('',*,*,#1260,.T.);
#1744=ORIENTED_EDGE('',*,*,#1314,.T.);
#1745=ORIENTED_EDGE('',*,*,#1315,.T.);
#1746=ORIENTED_EDGE('',*,*,#1316,.T.);
#1747=ORIENTED_EDGE('',*,*,#1152,.T.);
#1748=ORIENTED_EDGE('',*,*,#1317,.T.);
#1749=ORIENTED_EDGE('',*,*,#1153,.T.);
#1750=ORIENTED_EDGE('',*,*,#1316,.F.);
#1751=ORIENTED_EDGE('',*,*,#1318,.T.);
#1752=ORIENTED_EDGE('',*,*,#1279,.T.);
#1753=ORIENTED_EDGE('',*,*,#1154,.T.);
#1754=ORIENTED_EDGE('',*,*,#1317,.F.);
#1755=ORIENTED_EDGE('',*,*,#1319,.T.);
#1756=ORIENTED_EDGE('',*,*,#1320,.F.);
#1757=ORIENTED_EDGE('',*,*,#1263,.T.);
#1758=ORIENTED_EDGE('',*,*,#1321,.T.);
#1759=ORIENTED_EDGE('',*,*,#1072,.F.);
#1760=ORIENTED_EDGE('',*,*,#1321,.F.);
#1761=ORIENTED_EDGE('',*,*,#1262,.T.);
#1762=ORIENTED_EDGE('',*,*,#1170,.T.);
#1763=ORIENTED_EDGE('',*,*,#1073,.F.);
#1764=ORIENTED_EDGE('',*,*,#1322,.F.);
#1765=ORIENTED_EDGE('',*,*,#1273,.T.);
#1766=ORIENTED_EDGE('',*,*,#1323,.T.);
#1767=ORIENTED_EDGE('',*,*,#1095,.F.);
#1768=ORIENTED_EDGE('',*,*,#1324,.F.);
#1769=ORIENTED_EDGE('',*,*,#1274,.T.);
#1770=ORIENTED_EDGE('',*,*,#1322,.T.);
#1771=ORIENTED_EDGE('',*,*,#1094,.F.);
#1772=ORIENTED_EDGE('',*,*,#1323,.F.);
#1773=ORIENTED_EDGE('',*,*,#1272,.T.);
#1774=ORIENTED_EDGE('',*,*,#1325,.T.);
#1775=ORIENTED_EDGE('',*,*,#1096,.F.);
#1776=ORIENTED_EDGE('',*,*,#1319,.F.);
#1777=ORIENTED_EDGE('',*,*,#1326,.F.);
#1778=ORIENTED_EDGE('',*,*,#1327,.F.);
#1779=ORIENTED_EDGE('',*,*,#1280,.F.);
#1780=ORIENTED_EDGE('',*,*,#1315,.F.);
#1781=ORIENTED_EDGE('',*,*,#1328,.F.);
#1782=ORIENTED_EDGE('',*,*,#1329,.F.);
#1783=ORIENTED_EDGE('',*,*,#1330,.T.);
#1784=ORIENTED_EDGE('',*,*,#1318,.F.);
#1785=ORIENTED_EDGE('',*,*,#1330,.F.);
#1786=ORIENTED_EDGE('',*,*,#1331,.F.);
#1787=ORIENTED_EDGE('',*,*,#1326,.T.);
#1788=ORIENTED_EDGE('',*,*,#1327,.T.);
#1789=ORIENTED_EDGE('',*,*,#1331,.T.);
#1790=ORIENTED_EDGE('',*,*,#1329,.T.);
#1791=ORIENTED_EDGE('',*,*,#1332,.T.);
#1792=ORIENTED_EDGE('',*,*,#1333,.T.);
#1793=ORIENTED_EDGE('',*,*,#1232,.T.);
#1794=ORIENTED_EDGE('',*,*,#1334,.F.);
#1795=ORIENTED_EDGE('',*,*,#1281,.T.);
#1796=ORIENTED_EDGE('',*,*,#1258,.F.);
#1797=ORIENTED_EDGE('',*,*,#1335,.T.);
#1798=ORIENTED_EDGE('',*,*,#1332,.F.);
#1799=ORIENTED_EDGE('',*,*,#1328,.T.);
#1800=ORIENTED_EDGE('',*,*,#1314,.F.);
#1801=ORIENTED_EDGE('',*,*,#1151,.F.);
#1802=ORIENTED_EDGE('',*,*,#1259,.F.);
#1803=ORIENTED_EDGE('',*,*,#1233,.T.);
#1804=ORIENTED_EDGE('',*,*,#1333,.F.);
#1805=ORIENTED_EDGE('',*,*,#1335,.F.);
#1806=ORIENTED_EDGE('',*,*,#1110,.F.);
#1807=ORIENTED_EDGE('',*,*,#1336,.T.);
#1808=ORIENTED_EDGE('',*,*,#1121,.T.);
#1809=ORIENTED_EDGE('',*,*,#1336,.F.);
#1810=ORIENTED_EDGE('',*,*,#1109,.F.);
#1811=ORIENTED_EDGE('',*,*,#1337,.T.);
#1812=ORIENTED_EDGE('',*,*,#1127,.T.);
#1813=ORIENTED_EDGE('',*,*,#1337,.F.);
#1814=ORIENTED_EDGE('',*,*,#1108,.F.);
#1815=ORIENTED_EDGE('',*,*,#1338,.T.);
#1816=ORIENTED_EDGE('',*,*,#1119,.T.);
#1817=ORIENTED_EDGE('',*,*,#1338,.F.);
#1818=ORIENTED_EDGE('',*,*,#1122,.T.);
#1819=ORIENTED_EDGE('',*,*,#1339,.T.);
#1820=ORIENTED_EDGE('',*,*,#1237,.F.);
#1821=ORIENTED_EDGE('',*,*,#1339,.F.);
#1822=ORIENTED_EDGE('',*,*,#1128,.T.);
#1823=ORIENTED_EDGE('',*,*,#1340,.T.);
#1824=ORIENTED_EDGE('',*,*,#1238,.F.);
#1825=ORIENTED_EDGE('',*,*,#1340,.F.);
#1826=ORIENTED_EDGE('',*,*,#1120,.T.);
#1827=ORIENTED_EDGE('',*,*,#1341,.T.);
#1828=ORIENTED_EDGE('',*,*,#1239,.F.);
#1829=ORIENTED_EDGE('',*,*,#1341,.F.);
#1830=ORIENTED_EDGE('',*,*,#1133,.F.);
#1831=ORIENTED_EDGE('',*,*,#1278,.F.);
#1832=ORIENTED_EDGE('',*,*,#1342,.T.);
#1833=ORIENTED_EDGE('',*,*,#1090,.F.);
#1834=ORIENTED_EDGE('',*,*,#1226,.T.);
#1835=ORIENTED_EDGE('',*,*,#1343,.F.);
#1836=ORIENTED_EDGE('',*,*,#1287,.T.);
#1837=ORIENTED_EDGE('',*,*,#1344,.T.);
#1838=ORIENTED_EDGE('',*,*,#1225,.T.);
#1839=ORIENTED_EDGE('',*,*,#1345,.F.);
#1840=ORIENTED_EDGE('',*,*,#1288,.T.);
#1841=ORIENTED_EDGE('',*,*,#1343,.T.);
#1842=ORIENTED_EDGE('',*,*,#1224,.T.);
#1843=ORIENTED_EDGE('',*,*,#1346,.F.);
#1844=ORIENTED_EDGE('',*,*,#1289,.T.);
#1845=ORIENTED_EDGE('',*,*,#1345,.T.);
#1846=ORIENTED_EDGE('',*,*,#1223,.T.);
#1847=ORIENTED_EDGE('',*,*,#1347,.F.);
#1848=ORIENTED_EDGE('',*,*,#1290,.T.);
#1849=ORIENTED_EDGE('',*,*,#1346,.T.);
#1850=ORIENTED_EDGE('',*,*,#1222,.T.);
#1851=ORIENTED_EDGE('',*,*,#1348,.F.);
#1852=ORIENTED_EDGE('',*,*,#1291,.T.);
#1853=ORIENTED_EDGE('',*,*,#1347,.T.);
#1854=ORIENTED_EDGE('',*,*,#1221,.T.);
#1855=ORIENTED_EDGE('',*,*,#1349,.F.);
#1856=ORIENTED_EDGE('',*,*,#1292,.T.);
#1857=ORIENTED_EDGE('',*,*,#1348,.T.);
#1858=ORIENTED_EDGE('',*,*,#1220,.T.);
#1859=ORIENTED_EDGE('',*,*,#1350,.F.);
#1860=ORIENTED_EDGE('',*,*,#1293,.T.);
#1861=ORIENTED_EDGE('',*,*,#1349,.T.);
#1862=ORIENTED_EDGE('',*,*,#1219,.T.);
#1863=ORIENTED_EDGE('',*,*,#1351,.F.);
#1864=ORIENTED_EDGE('',*,*,#1294,.T.);
#1865=ORIENTED_EDGE('',*,*,#1350,.T.);
#1866=ORIENTED_EDGE('',*,*,#1218,.T.);
#1867=ORIENTED_EDGE('',*,*,#1352,.F.);
#1868=ORIENTED_EDGE('',*,*,#1295,.T.);
#1869=ORIENTED_EDGE('',*,*,#1351,.T.);
#1870=ORIENTED_EDGE('',*,*,#1217,.T.);
#1871=ORIENTED_EDGE('',*,*,#1353,.F.);
#1872=ORIENTED_EDGE('',*,*,#1296,.T.);
#1873=ORIENTED_EDGE('',*,*,#1352,.T.);
#1874=ORIENTED_EDGE('',*,*,#1216,.T.);
#1875=ORIENTED_EDGE('',*,*,#1354,.F.);
#1876=ORIENTED_EDGE('',*,*,#1297,.T.);
#1877=ORIENTED_EDGE('',*,*,#1353,.T.);
#1878=ORIENTED_EDGE('',*,*,#1215,.T.);
#1879=ORIENTED_EDGE('',*,*,#1355,.F.);
#1880=ORIENTED_EDGE('',*,*,#1298,.T.);
#1881=ORIENTED_EDGE('',*,*,#1354,.T.);
#1882=ORIENTED_EDGE('',*,*,#1214,.T.);
#1883=ORIENTED_EDGE('',*,*,#1356,.F.);
#1884=ORIENTED_EDGE('',*,*,#1299,.T.);
#1885=ORIENTED_EDGE('',*,*,#1355,.T.);
#1886=ORIENTED_EDGE('',*,*,#1213,.T.);
#1887=ORIENTED_EDGE('',*,*,#1357,.F.);
#1888=ORIENTED_EDGE('',*,*,#1300,.T.);
#1889=ORIENTED_EDGE('',*,*,#1356,.T.);
#1890=ORIENTED_EDGE('',*,*,#1212,.T.);
#1891=ORIENTED_EDGE('',*,*,#1358,.F.);
#1892=ORIENTED_EDGE('',*,*,#1301,.T.);
#1893=ORIENTED_EDGE('',*,*,#1357,.T.);
#1894=ORIENTED_EDGE('',*,*,#1211,.T.);
#1895=ORIENTED_EDGE('',*,*,#1359,.F.);
#1896=ORIENTED_EDGE('',*,*,#1302,.T.);
#1897=ORIENTED_EDGE('',*,*,#1358,.T.);
#1898=ORIENTED_EDGE('',*,*,#1230,.T.);
#1899=ORIENTED_EDGE('',*,*,#1360,.F.);
#1900=ORIENTED_EDGE('',*,*,#1283,.T.);
#1901=ORIENTED_EDGE('',*,*,#1361,.T.);
#1902=ORIENTED_EDGE('',*,*,#1229,.T.);
#1903=ORIENTED_EDGE('',*,*,#1362,.F.);
#1904=ORIENTED_EDGE('',*,*,#1284,.T.);
#1905=ORIENTED_EDGE('',*,*,#1360,.T.);
#1906=ORIENTED_EDGE('',*,*,#1228,.T.);
#1907=ORIENTED_EDGE('',*,*,#1363,.F.);
#1908=ORIENTED_EDGE('',*,*,#1285,.T.);
#1909=ORIENTED_EDGE('',*,*,#1362,.T.);
#1910=ORIENTED_EDGE('',*,*,#1227,.T.);
#1911=ORIENTED_EDGE('',*,*,#1344,.F.);
#1912=ORIENTED_EDGE('',*,*,#1286,.T.);
#1913=ORIENTED_EDGE('',*,*,#1363,.T.);
#1914=ORIENTED_EDGE('',*,*,#1364,.F.);
#1915=ORIENTED_EDGE('',*,*,#1264,.T.);
#1916=ORIENTED_EDGE('',*,*,#1320,.T.);
#1917=ORIENTED_EDGE('',*,*,#1104,.F.);
#1918=ORIENTED_EDGE('',*,*,#1365,.F.);
#1919=ORIENTED_EDGE('',*,*,#1265,.F.);
#1920=ORIENTED_EDGE('',*,*,#1364,.T.);
#1921=ORIENTED_EDGE('',*,*,#1103,.F.);
#1922=ORIENTED_EDGE('',*,*,#1366,.F.);
#1923=ORIENTED_EDGE('',*,*,#1266,.T.);
#1924=ORIENTED_EDGE('',*,*,#1365,.T.);
#1925=ORIENTED_EDGE('',*,*,#1102,.F.);
#1926=ORIENTED_EDGE('',*,*,#1367,.F.);
#1927=ORIENTED_EDGE('',*,*,#1267,.T.);
#1928=ORIENTED_EDGE('',*,*,#1366,.T.);
#1929=ORIENTED_EDGE('',*,*,#1101,.F.);
#1930=ORIENTED_EDGE('',*,*,#1368,.F.);
#1931=ORIENTED_EDGE('',*,*,#1369,.F.);
#1932=ORIENTED_EDGE('',*,*,#1268,.T.);
#1933=ORIENTED_EDGE('',*,*,#1367,.T.);
#1934=ORIENTED_EDGE('',*,*,#1368,.T.);
#1935=ORIENTED_EDGE('',*,*,#1100,.F.);
#1936=ORIENTED_EDGE('',*,*,#1370,.F.);
#1937=ORIENTED_EDGE('',*,*,#1269,.F.);
#1938=ORIENTED_EDGE('',*,*,#1369,.T.);
#1939=ORIENTED_EDGE('',*,*,#1099,.F.);
#1940=ORIENTED_EDGE('',*,*,#1371,.F.);
#1941=ORIENTED_EDGE('',*,*,#1270,.T.);
#1942=ORIENTED_EDGE('',*,*,#1370,.T.);
#1943=ORIENTED_EDGE('',*,*,#1098,.F.);
#1944=ORIENTED_EDGE('',*,*,#1325,.F.);
#1945=ORIENTED_EDGE('',*,*,#1271,.T.);
#1946=ORIENTED_EDGE('',*,*,#1371,.T.);
#1947=ORIENTED_EDGE('',*,*,#1097,.F.);
#1948=ORIENTED_EDGE('',*,*,#1372,.F.);
#1949=ORIENTED_EDGE('',*,*,#1275,.T.);
#1950=ORIENTED_EDGE('',*,*,#1324,.T.);
#1951=ORIENTED_EDGE('',*,*,#1093,.F.);
#1952=ORIENTED_EDGE('',*,*,#1373,.F.);
#1953=ORIENTED_EDGE('',*,*,#1276,.T.);
#1954=ORIENTED_EDGE('',*,*,#1372,.T.);
#1955=ORIENTED_EDGE('',*,*,#1092,.F.);
#1956=ORIENTED_EDGE('',*,*,#1342,.F.);
#1957=ORIENTED_EDGE('',*,*,#1277,.F.);
#1958=ORIENTED_EDGE('',*,*,#1373,.T.);
#1959=ORIENTED_EDGE('',*,*,#1091,.F.);
#1960=ORIENTED_EDGE('',*,*,#1210,.T.);
#1961=ORIENTED_EDGE('',*,*,#1374,.F.);
#1962=ORIENTED_EDGE('',*,*,#1303,.T.);
#1963=ORIENTED_EDGE('',*,*,#1359,.T.);
#1964=ORIENTED_EDGE('',*,*,#1209,.T.);
#1965=ORIENTED_EDGE('',*,*,#1375,.F.);
#1966=ORIENTED_EDGE('',*,*,#1304,.T.);
#1967=ORIENTED_EDGE('',*,*,#1374,.T.);
#1968=ORIENTED_EDGE('',*,*,#1208,.T.);
#1969=ORIENTED_EDGE('',*,*,#1376,.F.);
#1970=ORIENTED_EDGE('',*,*,#1305,.T.);
#1971=ORIENTED_EDGE('',*,*,#1375,.T.);
#1972=ORIENTED_EDGE('',*,*,#1207,.T.);
#1973=ORIENTED_EDGE('',*,*,#1377,.F.);
#1974=ORIENTED_EDGE('',*,*,#1306,.T.);
#1975=ORIENTED_EDGE('',*,*,#1376,.T.);
#1976=ORIENTED_EDGE('',*,*,#1206,.T.);
#1977=ORIENTED_EDGE('',*,*,#1378,.F.);
#1978=ORIENTED_EDGE('',*,*,#1307,.T.);
#1979=ORIENTED_EDGE('',*,*,#1377,.T.);
#1980=ORIENTED_EDGE('',*,*,#1205,.T.);
#1981=ORIENTED_EDGE('',*,*,#1379,.F.);
#1982=ORIENTED_EDGE('',*,*,#1308,.T.);
#1983=ORIENTED_EDGE('',*,*,#1378,.T.);
#1984=ORIENTED_EDGE('',*,*,#1204,.T.);
#1985=ORIENTED_EDGE('',*,*,#1380,.F.);
#1986=ORIENTED_EDGE('',*,*,#1309,.T.);
#1987=ORIENTED_EDGE('',*,*,#1379,.T.);
#1988=ORIENTED_EDGE('',*,*,#1203,.T.);
#1989=ORIENTED_EDGE('',*,*,#1381,.F.);
#1990=ORIENTED_EDGE('',*,*,#1310,.T.);
#1991=ORIENTED_EDGE('',*,*,#1380,.T.);
#1992=ORIENTED_EDGE('',*,*,#1202,.T.);
#1993=ORIENTED_EDGE('',*,*,#1382,.F.);
#1994=ORIENTED_EDGE('',*,*,#1311,.T.);
#1995=ORIENTED_EDGE('',*,*,#1381,.T.);
#1996=ORIENTED_EDGE('',*,*,#1201,.T.);
#1997=ORIENTED_EDGE('',*,*,#1383,.F.);
#1998=ORIENTED_EDGE('',*,*,#1312,.T.);
#1999=ORIENTED_EDGE('',*,*,#1382,.T.);
#2000=ORIENTED_EDGE('',*,*,#1261,.T.);
#2001=ORIENTED_EDGE('',*,*,#1313,.T.);
#2002=ORIENTED_EDGE('',*,*,#1383,.T.);
#2003=ORIENTED_EDGE('',*,*,#1200,.T.);
#2004=ORIENTED_EDGE('',*,*,#1231,.T.);
#2005=ORIENTED_EDGE('',*,*,#1361,.F.);
#2006=ORIENTED_EDGE('',*,*,#1282,.T.);
#2007=ORIENTED_EDGE('',*,*,#1334,.T.);
#2008=PLANE('',#2198);
#2009=PLANE('',#2224);
#2010=PLANE('',#2228);
#2011=PLANE('',#2231);
#2012=PLANE('',#2234);
#2013=PLANE('',#2237);
#2014=PLANE('',#2240);
#2015=PLANE('',#2243);
#2016=PLANE('',#2248);
#2017=PLANE('',#2251);
#2018=PLANE('',#2254);
#2019=PLANE('',#2257);
#2020=PLANE('',#2264);
#2021=PLANE('',#2269);
#2022=PLANE('',#2274);
#2023=PLANE('',#2275);
#2024=PLANE('',#2278);
#2025=PLANE('',#2279);
#2026=PLANE('',#2280);
#2027=PLANE('',#2281);
#2028=PLANE('',#2284);
#2029=PLANE('',#2287);
#2030=PLANE('',#2290);
#2031=PLANE('',#2291);
#2032=PLANE('',#2314);
#2033=PLANE('',#2325);
#2034=PLANE('',#2326);
#2035=PLANE('',#2327);
#2036=PLANE('',#2330);
#2037=PLANE('',#2335);
#2038=PLANE('',#2364);
#2039=PLANE('',#2370);
#2040=PLANE('',#2371);
#2041=PLANE('',#2376);
#2042=PLANE('',#2377);
#2043=PLANE('',#2379);
#2044=PLANE('',#2388);
#2045=PLANE('',#2392);
#2046=PLANE('',#2394);
#2047=PLANE('',#2396);
#2048=PLANE('',#2398);
#2049=PLANE('',#2400);
#2050=PLANE('',#2402);
#2051=PLANE('',#2404);
#2052=PLANE('',#2406);
#2053=PLANE('',#2408);
#2054=PLANE('',#2410);
#2055=PLANE('',#2412);
#2056=PLANE('',#2414);
#2057=PLANE('',#2417);
#2058=PLANE('',#2419);
#2059=PLANE('',#2421);
#2060=PLANE('',#2423);
#2061=PLANE('',#2424);
#2062=PLANE('',#2426);
#2063=PLANE('',#2427);
#2064=PLANE('',#2429);
#2065=ADVANCED_FACE('',(#109,#87,#88,#89,#90,#91,#92),#2008,.T.);
#2066=ADVANCED_FACE('',(#110),#2009,.F.);
#2067=ADVANCED_FACE('',(#111,#93),#2010,.T.);
#2068=ADVANCED_FACE('',(#112,#94),#2011,.T.);
#2069=ADVANCED_FACE('',(#113,#95),#2012,.T.);
#2070=ADVANCED_FACE('',(#114,#96),#2013,.T.);
#2071=ADVANCED_FACE('',(#115,#97),#2014,.T.);
#2072=ADVANCED_FACE('',(#116,#98),#2015,.T.);
#2073=ADVANCED_FACE('',(#117),#31,.F.);
#2074=ADVANCED_FACE('',(#118),#2016,.T.);
#2075=ADVANCED_FACE('',(#119),#32,.T.);
#2076=ADVANCED_FACE('',(#120),#2017,.T.);
#2077=ADVANCED_FACE('',(#121),#33,.T.);
#2078=ADVANCED_FACE('',(#122),#2018,.T.);
#2079=ADVANCED_FACE('',(#123),#34,.F.);
#2080=ADVANCED_FACE('',(#124),#2019,.T.);
#2081=ADVANCED_FACE('',(#125),#35,.T.);
#2082=ADVANCED_FACE('',(#126),#2020,.T.);
#2083=ADVANCED_FACE('',(#127),#36,.F.);
#2084=ADVANCED_FACE('',(#128),#37,.T.);
#2085=ADVANCED_FACE('',(#129),#2021,.T.);
#2086=ADVANCED_FACE('',(#130),#38,.F.);
#2087=ADVANCED_FACE('',(#131),#39,.T.);
#2088=ADVANCED_FACE('',(#132),#2022,.T.);
#2089=ADVANCED_FACE('',(#133,#99),#2023,.F.);
#2090=ADVANCED_FACE('',(#134),#2024,.T.);
#2091=ADVANCED_FACE('',(#135),#2025,.F.);
#2092=ADVANCED_FACE('',(#136),#2026,.F.);
#2093=ADVANCED_FACE('',(#137),#2027,.F.);
#2094=ADVANCED_FACE('',(#138),#40,.T.);
#2095=ADVANCED_FACE('',(#139),#2028,.F.);
#2096=ADVANCED_FACE('',(#140),#41,.T.);
#2097=ADVANCED_FACE('',(#141),#2029,.F.);
#2098=ADVANCED_FACE('',(#142),#42,.F.);
#2099=ADVANCED_FACE('',(#143),#2030,.F.);
#2100=ADVANCED_FACE('',(#144,#100,#101,#102,#103,#104,#105,#106,#107),#2031,
 .T.);
#2101=ADVANCED_FACE('',(#145),#2032,.F.);
#2102=ADVANCED_FACE('',(#146),#43,.F.);
#2103=ADVANCED_FACE('',(#147),#44,.F.);
#2104=ADVANCED_FACE('',(#148),#45,.F.);
#2105=ADVANCED_FACE('',(#149),#46,.F.);
#2106=ADVANCED_FACE('',(#150),#47,.F.);
#2107=ADVANCED_FACE('',(#151),#48,.F.);
#2108=ADVANCED_FACE('',(#152),#49,.T.);
#2109=ADVANCED_FACE('',(#153),#50,.F.);
#2110=ADVANCED_FACE('',(#154),#2033,.F.);
#2111=ADVANCED_FACE('',(#155),#2034,.F.);
#2112=ADVANCED_FACE('',(#156,#108),#2035,.T.);
#2113=ADVANCED_FACE('',(#157),#27,.F.);
#2114=ADVANCED_FACE('',(#158),#2036,.T.);
#2115=ADVANCED_FACE('',(#159),#28,.F.);
#2116=ADVANCED_FACE('',(#160),#51,.F.);
#2117=ADVANCED_FACE('',(#161),#2037,.F.);
#2118=ADVANCED_FACE('',(#162),#29,.F.);
#2119=ADVANCED_FACE('',(#163),#2038,.T.);
#2120=ADVANCED_FACE('',(#164),#30,.F.);
#2121=ADVANCED_FACE('',(#165),#52,.T.);
#2122=ADVANCED_FACE('',(#166),#53,.T.);
#2123=ADVANCED_FACE('',(#167),#54,.F.);
#2124=ADVANCED_FACE('',(#168),#2039,.T.);
#2125=ADVANCED_FACE('',(#169),#2040,.T.);
#2126=ADVANCED_FACE('',(#170),#55,.F.);
#2127=ADVANCED_FACE('',(#171),#56,.F.);
#2128=ADVANCED_FACE('',(#172),#2041,.F.);
#2129=ADVANCED_FACE('',(#173),#2042,.T.);
#2130=ADVANCED_FACE('',(#174),#2043,.F.);
#2131=ADVANCED_FACE('',(#175),#57,.F.);
#2132=ADVANCED_FACE('',(#176),#58,.F.);
#2133=ADVANCED_FACE('',(#177),#59,.F.);
#2134=ADVANCED_FACE('',(#178),#60,.F.);
#2135=ADVANCED_FACE('',(#179),#61,.F.);
#2136=ADVANCED_FACE('',(#180),#62,.F.);
#2137=ADVANCED_FACE('',(#181),#63,.F.);
#2138=ADVANCED_FACE('',(#182),#64,.F.);
#2139=ADVANCED_FACE('',(#183),#2044,.T.);
#2140=ADVANCED_FACE('',(#184),#65,.T.);
#2141=ADVANCED_FACE('',(#185),#66,.T.);
#2142=ADVANCED_FACE('',(#186),#67,.F.);
#2143=ADVANCED_FACE('',(#187),#2045,.T.);
#2144=ADVANCED_FACE('',(#188),#68,.F.);
#2145=ADVANCED_FACE('',(#189),#2046,.T.);
#2146=ADVANCED_FACE('',(#190),#69,.T.);
#2147=ADVANCED_FACE('',(#191),#2047,.T.);
#2148=ADVANCED_FACE('',(#192),#70,.F.);
#2149=ADVANCED_FACE('',(#193),#2048,.T.);
#2150=ADVANCED_FACE('',(#194),#71,.T.);
#2151=ADVANCED_FACE('',(#195),#2049,.T.);
#2152=ADVANCED_FACE('',(#196),#72,.F.);
#2153=ADVANCED_FACE('',(#197),#2050,.T.);
#2154=ADVANCED_FACE('',(#198),#73,.T.);
#2155=ADVANCED_FACE('',(#199),#2051,.T.);
#2156=ADVANCED_FACE('',(#200),#74,.F.);
#2157=ADVANCED_FACE('',(#201),#2052,.T.);
#2158=ADVANCED_FACE('',(#202),#75,.F.);
#2159=ADVANCED_FACE('',(#203),#2053,.T.);
#2160=ADVANCED_FACE('',(#204),#76,.F.);
#2161=ADVANCED_FACE('',(#205),#2054,.T.);
#2162=ADVANCED_FACE('',(#206),#77,.T.);
#2163=ADVANCED_FACE('',(#207),#2055,.T.);
#2164=ADVANCED_FACE('',(#208),#78,.F.);
#2165=ADVANCED_FACE('',(#209),#2056,.T.);
#2166=ADVANCED_FACE('',(#210),#79,.T.);
#2167=ADVANCED_FACE('',(#211),#80,.T.);
#2168=ADVANCED_FACE('',(#212),#2057,.T.);
#2169=ADVANCED_FACE('',(#213),#81,.T.);
#2170=ADVANCED_FACE('',(#214),#2058,.T.);
#2171=ADVANCED_FACE('',(#215),#82,.F.);
#2172=ADVANCED_FACE('',(#216),#2059,.T.);
#2173=ADVANCED_FACE('',(#217),#83,.F.);
#2174=ADVANCED_FACE('',(#218),#2060,.T.);
#2175=ADVANCED_FACE('',(#219),#2061,.T.);
#2176=ADVANCED_FACE('',(#220),#84,.F.);
#2177=ADVANCED_FACE('',(#221),#2062,.T.);
#2178=ADVANCED_FACE('',(#222),#2063,.T.);
#2179=ADVANCED_FACE('',(#223),#85,.F.);
#2180=ADVANCED_FACE('',(#224),#2064,.T.);
#2181=ADVANCED_FACE('',(#225),#86,.T.);
#2182=CLOSED_SHELL('',(#2065,#2066,#2067,#2068,#2069,#2070,#2071,#2072,
#2073,#2074,#2075,#2076,#2077,#2078,#2079,#2080,#2081,#2082,#2083,#2084,
#2085,#2086,#2087,#2088,#2089,#2090,#2091,#2092,#2093,#2094,#2095,#2096,
#2097,#2098,#2099,#2100,#2101,#2102,#2103,#2104,#2105,#2106,#2107,#2108,
#2109,#2110,#2111,#2112,#2113,#2114,#2115,#2116,#2117,#2118,#2119,#2120,
#2121,#2122,#2123,#2124,#2125,#2126,#2127,#2128,#2129,#2130,#2131,#2132,
#2133,#2134,#2135,#2136,#2137,#2138,#2139,#2140,#2141,#2142,#2143,#2144,
#2145,#2146,#2147,#2148,#2149,#2150,#2151,#2152,#2153,#2154,#2155,#2156,
#2157,#2158,#2159,#2160,#2161,#2162,#2163,#2164,#2165,#2166,#2167,#2168,
#2169,#2170,#2171,#2172,#2173,#2174,#2175,#2176,#2177,#2178,#2179,#2180,
#2181));
#2183=DERIVED_UNIT_ELEMENT(#2185,1.);
#2184=DERIVED_UNIT_ELEMENT(#3760,-3.);
#2185=(
MASS_UNIT()
NAMED_UNIT(*)
SI_UNIT(.KILO.,.GRAM.)
);
#2186=DERIVED_UNIT((#2183,#2184));
#2187=MEASURE_REPRESENTATION_ITEM('density measure',
POSITIVE_RATIO_MEASURE(7850.),#2186);
#2188=PROPERTY_DEFINITION_REPRESENTATION(#2193,#2190);
#2189=PROPERTY_DEFINITION_REPRESENTATION(#2194,#2191);
#2190=REPRESENTATION('material name',(#2192),#3757);
#2191=REPRESENTATION('density',(#2187),#3757);
#2192=DESCRIPTIVE_REPRESENTATION_ITEM('Steel','Steel');
#2193=PROPERTY_DEFINITION('material property','material name',#3777);
#2194=PROPERTY_DEFINITION('material property','density of part',#3777);
#2195=AXIS2_PLACEMENT_3D('',#3101,#2433,#2434);
#2196=AXIS2_PLACEMENT_3D('',#3102,#2435,#2436);
#2197=AXIS2_PLACEMENT_3D('',#3103,#2437,#2438);
#2198=AXIS2_PLACEMENT_3D('',#3104,#2439,#2440);
#2199=AXIS2_PLACEMENT_3D('',#3107,#2441,#2442);
#2200=AXIS2_PLACEMENT_3D('',#3109,#2443,#2444);
#2201=AXIS2_PLACEMENT_3D('',#3113,#2446,#2447);
#2202=AXIS2_PLACEMENT_3D('',#3115,#2448,#2449);
#2203=AXIS2_PLACEMENT_3D('',#3119,#2451,#2452);
#2204=AXIS2_PLACEMENT_3D('',#3121,#2453,#2454);
#2205=AXIS2_PLACEMENT_3D('',#3125,#2456,#2457);
#2206=AXIS2_PLACEMENT_3D('',#3129,#2459,#2460);
#2207=AXIS2_PLACEMENT_3D('',#3133,#2462,#2463);
#2208=AXIS2_PLACEMENT_3D('',#3137,#2465,#2466);
#2209=AXIS2_PLACEMENT_3D('',#3141,#2468,#2469);
#2210=AXIS2_PLACEMENT_3D('',#3143,#2470,#2471);
#2211=AXIS2_PLACEMENT_3D('',#3145,#2472,#2473);
#2212=AXIS2_PLACEMENT_3D('',#3149,#2475,#2476);
#2213=AXIS2_PLACEMENT_3D('',#3153,#2478,#2479);
#2214=AXIS2_PLACEMENT_3D('',#3157,#2481,#2482);
#2215=AXIS2_PLACEMENT_3D('',#3161,#2484,#2485);
#2216=AXIS2_PLACEMENT_3D('',#3165,#2487,#2488);
#2217=AXIS2_PLACEMENT_3D('',#3169,#2490,#2491);
#2218=AXIS2_PLACEMENT_3D('',#3172,#2493,#2494);
#2219=AXIS2_PLACEMENT_3D('',#3174,#2495,#2496);
#2220=AXIS2_PLACEMENT_3D('',#3176,#2497,#2498);
#2221=AXIS2_PLACEMENT_3D('',#3178,#2499,#2500);
#2222=AXIS2_PLACEMENT_3D('',#3180,#2501,#2502);
#2223=AXIS2_PLACEMENT_3D('',#3182,#2503,#2504);
#2224=AXIS2_PLACEMENT_3D('',#3183,#2505,#2506);
#2225=AXIS2_PLACEMENT_3D('',#3190,#2509,#2510);
#2226=AXIS2_PLACEMENT_3D('',#3196,#2513,#2514);
#2227=AXIS2_PLACEMENT_3D('',#3199,#2516,#2517);
#2228=AXIS2_PLACEMENT_3D('',#3200,#2518,#2519);
#2229=AXIS2_PLACEMENT_3D('',#3202,#2520,#2521);
#2230=AXIS2_PLACEMENT_3D('',#3204,#2522,#2523);
#2231=AXIS2_PLACEMENT_3D('',#3205,#2524,#2525);
#2232=AXIS2_PLACEMENT_3D('',#3207,#2526,#2527);
#2233=AXIS2_PLACEMENT_3D('',#3209,#2528,#2529);
#2234=AXIS2_PLACEMENT_3D('',#3210,#2530,#2531);
#2235=AXIS2_PLACEMENT_3D('',#3212,#2532,#2533);
#2236=AXIS2_PLACEMENT_3D('',#3214,#2534,#2535);
#2237=AXIS2_PLACEMENT_3D('',#3215,#2536,#2537);
#2238=AXIS2_PLACEMENT_3D('',#3217,#2538,#2539);
#2239=AXIS2_PLACEMENT_3D('',#3219,#2540,#2541);
#2240=AXIS2_PLACEMENT_3D('',#3220,#2542,#2543);
#2241=AXIS2_PLACEMENT_3D('',#3222,#2544,#2545);
#2242=AXIS2_PLACEMENT_3D('',#3224,#2546,#2547);
#2243=AXIS2_PLACEMENT_3D('',#3225,#2548,#2549);
#2244=AXIS2_PLACEMENT_3D('',#3227,#2550,#2551);
#2245=AXIS2_PLACEMENT_3D('',#3229,#2552,#2553);
#2246=AXIS2_PLACEMENT_3D('',#3230,#2554,#2555);
#2247=AXIS2_PLACEMENT_3D('',#3234,#2557,#2558);
#2248=AXIS2_PLACEMENT_3D('',#3236,#2560,#2561);
#2249=AXIS2_PLACEMENT_3D('',#3240,#2564,#2565);
#2250=AXIS2_PLACEMENT_3D('',#3243,#2567,#2568);
#2251=AXIS2_PLACEMENT_3D('',#3244,#2569,#2570);
#2252=AXIS2_PLACEMENT_3D('',#3248,#2573,#2574);
#2253=AXIS2_PLACEMENT_3D('',#3251,#2576,#2577);
#2254=AXIS2_PLACEMENT_3D('',#3252,#2578,#2579);
#2255=AXIS2_PLACEMENT_3D('',#3256,#2582,#2583);
#2256=AXIS2_PLACEMENT_3D('',#3259,#2585,#2586);
#2257=AXIS2_PLACEMENT_3D('',#3260,#2587,#2588);
#2258=AXIS2_PLACEMENT_3D('',#3266,#2591,#2592);
#2259=AXIS2_PLACEMENT_3D('',#3270,#2594,#2595);
#2260=AXIS2_PLACEMENT_3D('',#3274,#2597,#2598);
#2261=AXIS2_PLACEMENT_3D('',#3278,#2600,#2601);
#2262=AXIS2_PLACEMENT_3D('',#3280,#2603,#2604);
#2263=AXIS2_PLACEMENT_3D('',#3283,#2606,#2607);
#2264=AXIS2_PLACEMENT_3D('',#3284,#2608,#2609);
#2265=AXIS2_PLACEMENT_3D('',#3288,#2612,#2613);
#2266=AXIS2_PLACEMENT_3D('',#3291,#2615,#2616);
#2267=AXIS2_PLACEMENT_3D('',#3292,#2617,#2618);
#2268=AXIS2_PLACEMENT_3D('',#3295,#2620,#2621);
#2269=AXIS2_PLACEMENT_3D('',#3296,#2622,#2623);
#2270=AXIS2_PLACEMENT_3D('',#3300,#2626,#2627);
#2271=AXIS2_PLACEMENT_3D('',#3303,#2629,#2630);
#2272=AXIS2_PLACEMENT_3D('',#3304,#2631,#2632);
#2273=AXIS2_PLACEMENT_3D('',#3307,#2634,#2635);
#2274=AXIS2_PLACEMENT_3D('',#3308,#2636,#2637);
#2275=AXIS2_PLACEMENT_3D('',#3312,#2640,#2641);
#2276=AXIS2_PLACEMENT_3D('',#3314,#2642,#2643);
#2277=AXIS2_PLACEMENT_3D('',#3316,#2644,#2645);
#2278=AXIS2_PLACEMENT_3D('',#3317,#2646,#2647);
#2279=AXIS2_PLACEMENT_3D('',#3326,#2652,#2653);
#2280=AXIS2_PLACEMENT_3D('',#3332,#2657,#2658);
#2281=AXIS2_PLACEMENT_3D('',#3336,#2661,#2662);
#2282=AXIS2_PLACEMENT_3D('',#3342,#2666,#2667);
#2283=AXIS2_PLACEMENT_3D('',#3344,#2668,#2669);
#2284=AXIS2_PLACEMENT_3D('',#3346,#2671,#2672);
#2285=AXIS2_PLACEMENT_3D('',#3350,#2675,#2676);
#2286=AXIS2_PLACEMENT_3D('',#3352,#2677,#2678);
#2287=AXIS2_PLACEMENT_3D('',#3354,#2680,#2681);
#2288=AXIS2_PLACEMENT_3D('',#3360,#2685,#2686);
#2289=AXIS2_PLACEMENT_3D('',#3362,#2687,#2688);
#2290=AXIS2_PLACEMENT_3D('',#3364,#2690,#2691);
#2291=AXIS2_PLACEMENT_3D('',#3366,#2693,#2694);
#2292=AXIS2_PLACEMENT_3D('',#3375,#2698,#2699);
#2293=AXIS2_PLACEMENT_3D('',#3381,#2702,#2703);
#2294=AXIS2_PLACEMENT_3D('',#3387,#2706,#2707);
#2295=AXIS2_PLACEMENT_3D('',#3391,#2709,#2710);
#2296=AXIS2_PLACEMENT_3D('',#3395,#2712,#2713);
#2297=AXIS2_PLACEMENT_3D('',#3399,#2715,#2716);
#2298=AXIS2_PLACEMENT_3D('',#3403,#2718,#2719);
#2299=AXIS2_PLACEMENT_3D('',#3407,#2721,#2722);
#2300=AXIS2_PLACEMENT_3D('',#3411,#2724,#2725);
#2301=AXIS2_PLACEMENT_3D('',#3415,#2727,#2728);
#2302=AXIS2_PLACEMENT_3D('',#3419,#2730,#2731);
#2303=AXIS2_PLACEMENT_3D('',#3421,#2732,#2733);
#2304=AXIS2_PLACEMENT_3D('',#3423,#2734,#2735);
#2305=AXIS2_PLACEMENT_3D('',#3427,#2737,#2738);
#2306=AXIS2_PLACEMENT_3D('',#3431,#2740,#2741);
#2307=AXIS2_PLACEMENT_3D('',#3435,#2743,#2744);
#2308=AXIS2_PLACEMENT_3D('',#3440,#2747,#2748);
#2309=AXIS2_PLACEMENT_3D('',#3445,#2751,#2752);
#2310=AXIS2_PLACEMENT_3D('',#3447,#2753,#2754);
#2311=AXIS2_PLACEMENT_3D('',#3449,#2755,#2756);
#2312=AXIS2_PLACEMENT_3D('',#3451,#2757,#2758);
#2313=AXIS2_PLACEMENT_3D('',#3453,#2759,#2760);
#2314=AXIS2_PLACEMENT_3D('',#3455,#2762,#2763);
#2315=AXIS2_PLACEMENT_3D('',#3456,#2764,#2765);
#2316=AXIS2_PLACEMENT_3D('',#3459,#2767,#2768);
#2317=AXIS2_PLACEMENT_3D('',#3460,#2769,#2770);
#2318=AXIS2_PLACEMENT_3D('',#3462,#2772,#2773);
#2319=AXIS2_PLACEMENT_3D('',#3464,#2775,#2776);
#2320=AXIS2_PLACEMENT_3D('',#3466,#2778,#2779);
#2321=AXIS2_PLACEMENT_3D('',#3468,#2781,#2782);
#2322=AXIS2_PLACEMENT_3D('',#3470,#2784,#2785);
#2323=AXIS2_PLACEMENT_3D('',#3473,#2787,#2788);
#2324=AXIS2_PLACEMENT_3D('',#3474,#2789,#2790);
#2325=AXIS2_PLACEMENT_3D('',#3476,#2792,#2793);
#2326=AXIS2_PLACEMENT_3D('',#3478,#2795,#2796);
#2327=AXIS2_PLACEMENT_3D('',#3479,#2797,#2798);
#2328=AXIS2_PLACEMENT_3D('',#3480,#2799,#2800);
#2329=AXIS2_PLACEMENT_3D('',#3485,#2801,#2802);
#2330=AXIS2_PLACEMENT_3D('',#3487,#2804,#2805);
#2331=AXIS2_PLACEMENT_3D('',#3489,#2807,#2808);
#2332=AXIS2_PLACEMENT_3D('',#3494,#2809,#2810);
#2333=AXIS2_PLACEMENT_3D('',#3495,#2811,#2812);
#2334=AXIS2_PLACEMENT_3D('',#3498,#2814,#2815);
#2335=AXIS2_PLACEMENT_3D('',#3499,#2816,#2817);
#2336=AXIS2_PLACEMENT_3D('',#3501,#2818,#2819);
#2337=AXIS2_PLACEMENT_3D('',#3503,#2820,#2821);
#2338=AXIS2_PLACEMENT_3D('',#3507,#2823,#2824);
#2339=AXIS2_PLACEMENT_3D('',#3511,#2826,#2827);
#2340=AXIS2_PLACEMENT_3D('',#3515,#2829,#2830);
#2341=AXIS2_PLACEMENT_3D('',#3519,#2832,#2833);
#2342=AXIS2_PLACEMENT_3D('',#3523,#2835,#2836);
#2343=AXIS2_PLACEMENT_3D('',#3527,#2838,#2839);
#2344=AXIS2_PLACEMENT_3D('',#3531,#2841,#2842);
#2345=AXIS2_PLACEMENT_3D('',#3532,#2843,#2844);
#2346=AXIS2_PLACEMENT_3D('',#3543,#2847,#2848);
#2347=AXIS2_PLACEMENT_3D('',#3547,#2850,#2851);
#2348=AXIS2_PLACEMENT_3D('',#3551,#2853,#2854);
#2349=AXIS2_PLACEMENT_3D('',#3555,#2856,#2857);
#2350=AXIS2_PLACEMENT_3D('',#3557,#2858,#2859);
#2351=AXIS2_PLACEMENT_3D('',#3559,#2860,#2861);
#2352=AXIS2_PLACEMENT_3D('',#3563,#2863,#2864);
#2353=AXIS2_PLACEMENT_3D('',#3567,#2866,#2867);
#2354=AXIS2_PLACEMENT_3D('',#3571,#2869,#2870);
#2355=AXIS2_PLACEMENT_3D('',#3575,#2872,#2873);
#2356=AXIS2_PLACEMENT_3D('',#3579,#2875,#2876);
#2357=AXIS2_PLACEMENT_3D('',#3583,#2878,#2879);
#2358=AXIS2_PLACEMENT_3D('',#3587,#2881,#2882);
#2359=AXIS2_PLACEMENT_3D('',#3591,#2884,#2885);
#2360=AXIS2_PLACEMENT_3D('',#3597,#2888,#2889);
#2361=AXIS2_PLACEMENT_3D('',#3603,#2892,#2893);
#2362=AXIS2_PLACEMENT_3D('',#3605,#2895,#2896);
#2363=AXIS2_PLACEMENT_3D('',#3611,#2897,#2898);
#2364=AXIS2_PLACEMENT_3D('',#3613,#2900,#2901);
#2365=AXIS2_PLACEMENT_3D('',#3617,#2904,#2905);
#2366=AXIS2_PLACEMENT_3D('',#3618,#2906,#2907);
#2367=AXIS2_PLACEMENT_3D('',#3619,#2908,#2909);
#2368=AXIS2_PLACEMENT_3D('',#3622,#2912,#2913);
#2369=AXIS2_PLACEMENT_3D('',#3623,#2914,#2915);
#2370=AXIS2_PLACEMENT_3D('',#3626,#2918,#2919);
#2371=AXIS2_PLACEMENT_3D('',#3628,#2921,#2922);
#2372=AXIS2_PLACEMENT_3D('',#3630,#2924,#2925);
#2373=AXIS2_PLACEMENT_3D('',#3633,#2927,#2928);
#2374=AXIS2_PLACEMENT_3D('',#3634,#2929,#2930);
#2375=AXIS2_PLACEMENT_3D('',#3638,#2932,#2933);
#2376=AXIS2_PLACEMENT_3D('',#3640,#2935,#2936);
#2377=AXIS2_PLACEMENT_3D('',#3642,#2938,#2939);
#2378=AXIS2_PLACEMENT_3D('',#3645,#2941,#2942);
#2379=AXIS2_PLACEMENT_3D('',#3647,#2944,#2945);
#2380=AXIS2_PLACEMENT_3D('',#3649,#2947,#2948);
#2381=AXIS2_PLACEMENT_3D('',#3650,#2949,#2950);
#2382=AXIS2_PLACEMENT_3D('',#3652,#2952,#2953);
#2383=AXIS2_PLACEMENT_3D('',#3654,#2955,#2956);
#2384=AXIS2_PLACEMENT_3D('',#3656,#2958,#2959);
#2385=AXIS2_PLACEMENT_3D('',#3658,#2961,#2962);
#2386=AXIS2_PLACEMENT_3D('',#3660,#2964,#2965);
#2387=AXIS2_PLACEMENT_3D('',#3662,#2967,#2968);
#2388=AXIS2_PLACEMENT_3D('',#3664,#2970,#2971);
#2389=AXIS2_PLACEMENT_3D('',#3667,#2974,#2975);
#2390=AXIS2_PLACEMENT_3D('',#3669,#2977,#2978);
#2391=AXIS2_PLACEMENT_3D('',#3671,#2980,#2981);
#2392=AXIS2_PLACEMENT_3D('',#3673,#2983,#2984);
#2393=AXIS2_PLACEMENT_3D('',#3675,#2986,#2987);
#2394=AXIS2_PLACEMENT_3D('',#3677,#2989,#2990);
#2395=AXIS2_PLACEMENT_3D('',#3679,#2992,#2993);
#2396=AXIS2_PLACEMENT_3D('',#3681,#2995,#2996);
#2397=AXIS2_PLACEMENT_3D('',#3683,#2998,#2999);
#2398=AXIS2_PLACEMENT_3D('',#3685,#3001,#3002);
#2399=AXIS2_PLACEMENT_3D('',#3687,#3004,#3005);
#2400=AXIS2_PLACEMENT_3D('',#3689,#3007,#3008);
#2401=AXIS2_PLACEMENT_3D('',#3691,#3010,#3011);
#2402=AXIS2_PLACEMENT_3D('',#3693,#3013,#3014);
#2403=AXIS2_PLACEMENT_3D('',#3695,#3016,#3017);
#2404=AXIS2_PLACEMENT_3D('',#3697,#3019,#3020);
#2405=AXIS2_PLACEMENT_3D('',#3700,#3023,#3024);
#2406=AXIS2_PLACEMENT_3D('',#3702,#3026,#3027);
#2407=AXIS2_PLACEMENT_3D('',#3704,#3029,#3030);
#2408=AXIS2_PLACEMENT_3D('',#3705,#3031,#3032);
#2409=AXIS2_PLACEMENT_3D('',#3707,#3034,#3035);
#2410=AXIS2_PLACEMENT_3D('',#3709,#3037,#3038);
#2411=AXIS2_PLACEMENT_3D('',#3711,#3040,#3041);
#2412=AXIS2_PLACEMENT_3D('',#3715,#3044,#3045);
#2413=AXIS2_PLACEMENT_3D('',#3717,#3047,#3048);
#2414=AXIS2_PLACEMENT_3D('',#3719,#3050,#3051);
#2415=AXIS2_PLACEMENT_3D('',#3721,#3053,#3054);
#2416=AXIS2_PLACEMENT_3D('',#3722,#3055,#3056);
#2417=AXIS2_PLACEMENT_3D('',#3724,#3058,#3059);
#2418=AXIS2_PLACEMENT_3D('',#3726,#3061,#3062);
#2419=AXIS2_PLACEMENT_3D('',#3727,#3063,#3064);
#2420=AXIS2_PLACEMENT_3D('',#3729,#3066,#3067);
#2421=AXIS2_PLACEMENT_3D('',#3731,#3069,#3070);
#2422=AXIS2_PLACEMENT_3D('',#3733,#3072,#3073);
#2423=AXIS2_PLACEMENT_3D('',#3735,#3075,#3076);
#2424=AXIS2_PLACEMENT_3D('',#3737,#3078,#3079);
#2425=AXIS2_PLACEMENT_3D('',#3739,#3081,#3082);
#2426=AXIS2_PLACEMENT_3D('',#3741,#3084,#3085);
#2427=AXIS2_PLACEMENT_3D('',#3743,#3087,#3088);
#2428=AXIS2_PLACEMENT_3D('',#3745,#3090,#3091);
#2429=AXIS2_PLACEMENT_3D('',#3747,#3093,#3094);
#2430=AXIS2_PLACEMENT_3D('',#3748,#3095,#3096);
#2431=AXIS2_PLACEMENT_3D('',#3749,#3097,#3098);
#2432=AXIS2_PLACEMENT_3D('',#3750,#3099,#3100);
#2433=DIRECTION('axis',(0.,0.,1.));
#2434=DIRECTION('refdir',(1.,0.,0.));
#2435=DIRECTION('axis',(0.,0.,1.));
#2436=DIRECTION('refdir',(1.,0.,0.));
#2437=DIRECTION('axis',(0.,0.,1.));
#2438=DIRECTION('refdir',(1.,0.,0.));
#2439=DIRECTION('center_axis',(0.,0.,-1.));
#2440=DIRECTION('ref_axis',(-1.,0.,0.));
#2441=DIRECTION('center_axis',(0.,0.,-1.));
#2442=DIRECTION('ref_axis',(-0.969877741055909,0.243592215401657,0.));
#2443=DIRECTION('center_axis',(0.,0.,-1.));
#2444=DIRECTION('ref_axis',(-0.954304255371959,0.298836724950217,0.));
#2445=DIRECTION('',(1.,2.4672236036754E-13,0.));
#2446=DIRECTION('center_axis',(0.,0.,-1.));
#2447=DIRECTION('ref_axis',(1.87232016606567E-5,0.999999999824721,0.));
#2448=DIRECTION('center_axis',(0.,0.,1.));
#2449=DIRECTION('ref_axis',(-0.587812717650145,-0.808997038912227,0.));
#2450=DIRECTION('',(1.,1.73103191376008E-13,0.));
#2451=DIRECTION('center_axis',(0.,0.,-1.));
#2452=DIRECTION('ref_axis',(1.88632334730793E-6,0.999999999998221,0.));
#2453=DIRECTION('center_axis',(0.,0.,1.));
#2454=DIRECTION('ref_axis',(-0.58781633322169,-0.808994411845847,0.));
#2455=DIRECTION('',(1.,3.13722250862034E-13,0.));
#2456=DIRECTION('center_axis',(0.,0.,-1.));
#2457=DIRECTION('ref_axis',(9.10219582545865E-6,0.999999999958575,0.));
#2458=DIRECTION('',(-3.38622690664397E-12,-1.,0.));
#2459=DIRECTION('center_axis',(0.,0.,1.));
#2460=DIRECTION('ref_axis',(-0.961513522584575,-0.274757612973694,0.));
#2461=DIRECTION('',(0.90908405865755,-0.416612738997161,0.));
#2462=DIRECTION('center_axis',(0.,0.,-1.));
#2463=DIRECTION('ref_axis',(0.416640472839898,0.909071348350473,0.));
#2464=DIRECTION('',(-0.422618231040992,-0.906307801352158,0.));
#2465=DIRECTION('center_axis',(0.,0.,-1.));
#2466=DIRECTION('ref_axis',(0.906305957476564,-0.422622185222794,0.));
#2467=DIRECTION('',(-0.911040253068133,0.412317422975979,0.));
#2468=DIRECTION('center_axis',(0.,0.,1.));
#2469=DIRECTION('ref_axis',(0.300892327794018,0.953658118549146,0.));
#2470=DIRECTION('center_axis',(0.,0.,1.));
#2471=DIRECTION('ref_axis',(-0.200647908847991,0.979663420096376,0.));
#2472=DIRECTION('center_axis',(0.,0.,-1.));
#2473=DIRECTION('ref_axis',(0.0584285336176736,-0.99829159390395,0.));
#2474=DIRECTION('',(-1.,-8.7788324927087E-11,0.));
#2475=DIRECTION('center_axis',(0.,0.,-1.));
#2476=DIRECTION('ref_axis',(2.07186658756551E-5,-0.999999999785368,0.));
#2477=DIRECTION('',(0.00027946828101685,0.999999960948739,0.));
#2478=DIRECTION('center_axis',(0.,0.,1.));
#2479=DIRECTION('ref_axis',(0.991463089084554,0.130387664228306,0.));
#2480=DIRECTION('',(-0.258819068444375,0.965925820034637,0.));
#2481=DIRECTION('center_axis',(0.,0.,-1.));
#2482=DIRECTION('ref_axis',(-0.961722420232893,-0.274025521478177,0.));
#2483=DIRECTION('',(0.965925795002573,0.258819161865284,0.));
#2484=DIRECTION('center_axis',(0.,0.,1.));
#2485=DIRECTION('ref_axis',(0.999999702286611,0.000771638963697421,0.));
#2486=DIRECTION('',(-0.000847413404341212,0.999999640945197,0.));
#2487=DIRECTION('center_axis',(0.,0.,-1.));
#2488=DIRECTION('ref_axis',(-0.999995507652012,-0.00299744487771072,0.));
#2489=DIRECTION('',(1.,-2.9998935045963E-11,0.));
#2490=DIRECTION('center_axis',(0.,0.,1.));
#2491=DIRECTION('ref_axis',(0.984819477640742,-0.173581670862495,0.));
#2492=DIRECTION('',(0.173648502928254,0.984807695659806,0.));
#2493=DIRECTION('center_axis',(0.,0.,1.));
#2494=DIRECTION('ref_axis',(-1.,0.,0.));
#2495=DIRECTION('center_axis',(0.,0.,1.));
#2496=DIRECTION('ref_axis',(-1.,0.,0.));
#2497=DIRECTION('center_axis',(0.,0.,1.));
#2498=DIRECTION('ref_axis',(1.,0.,0.));
#2499=DIRECTION('center_axis',(0.,0.,1.));
#2500=DIRECTION('ref_axis',(1.,0.,0.));
#2501=DIRECTION('center_axis',(0.,0.,1.));
#2502=DIRECTION('ref_axis',(1.,0.,0.));
#2503=DIRECTION('center_axis',(0.,0.,1.));
#2504=DIRECTION('ref_axis',(1.,0.,0.));
#2505=DIRECTION('center_axis',(0.,0.,-1.));
#2506=DIRECTION('ref_axis',(0.,1.,0.));
#2507=DIRECTION('',(-1.,0.,0.));
#2508=DIRECTION('',(0.,-1.,0.));
#2509=DIRECTION('center_axis',(0.,0.,-1.));
#2510=DIRECTION('ref_axis',(1.,-4.44089209850064E-15,0.));
#2511=DIRECTION('',(1.,0.,0.));
#2512=DIRECTION('',(-1.36642833800019E-14,1.,0.));
#2513=DIRECTION('center_axis',(0.,0.,1.));
#2514=DIRECTION('ref_axis',(1.,0.,0.));
#2515=DIRECTION('',(0.,1.,0.));
#2516=DIRECTION('center_axis',(0.,0.,1.));
#2517=DIRECTION('ref_axis',(1.,0.,0.));
#2518=DIRECTION('center_axis',(0.,0.,-1.));
#2519=DIRECTION('ref_axis',(1.,0.,0.));
#2520=DIRECTION('center_axis',(0.,0.,1.));
#2521=DIRECTION('ref_axis',(1.,0.,0.));
#2522=DIRECTION('center_axis',(0.,0.,-1.));
#2523=DIRECTION('ref_axis',(1.,0.,0.));
#2524=DIRECTION('center_axis',(0.,0.,-1.));
#2525=DIRECTION('ref_axis',(1.,0.,0.));
#2526=DIRECTION('center_axis',(0.,0.,1.));
#2527=DIRECTION('ref_axis',(1.,0.,0.));
#2528=DIRECTION('center_axis',(0.,0.,-1.));
#2529=DIRECTION('ref_axis',(1.,0.,0.));
#2530=DIRECTION('center_axis',(0.,0.,-1.));
#2531=DIRECTION('ref_axis',(-1.,0.,0.));
#2532=DIRECTION('center_axis',(0.,0.,1.));
#2533=DIRECTION('ref_axis',(-1.,0.,0.));
#2534=DIRECTION('center_axis',(0.,0.,-1.));
#2535=DIRECTION('ref_axis',(-1.,0.,0.));
#2536=DIRECTION('center_axis',(0.,0.,-1.));
#2537=DIRECTION('ref_axis',(-1.,0.,0.));
#2538=DIRECTION('center_axis',(0.,0.,1.));
#2539=DIRECTION('ref_axis',(-1.,0.,0.));
#2540=DIRECTION('center_axis',(0.,0.,-1.));
#2541=DIRECTION('ref_axis',(-1.,0.,0.));
#2542=DIRECTION('center_axis',(0.,0.,-1.));
#2543=DIRECTION('ref_axis',(1.,0.,0.));
#2544=DIRECTION('center_axis',(0.,0.,1.));
#2545=DIRECTION('ref_axis',(1.,0.,0.));
#2546=DIRECTION('center_axis',(0.,0.,-1.));
#2547=DIRECTION('ref_axis',(1.,0.,0.));
#2548=DIRECTION('center_axis',(0.,0.,-1.));
#2549=DIRECTION('ref_axis',(-1.,0.,0.));
#2550=DIRECTION('center_axis',(0.,0.,1.));
#2551=DIRECTION('ref_axis',(1.,0.,0.));
#2552=DIRECTION('center_axis',(0.,0.,-1.));
#2553=DIRECTION('ref_axis',(1.,0.,0.));
#2554=DIRECTION('center_axis',(0.,0.,-1.));
#2555=DIRECTION('ref_axis',(0.300892327794018,0.953658118549146,0.));
#2556=DIRECTION('',(0.,0.,-1.));
#2557=DIRECTION('center_axis',(0.,0.,-1.));
#2558=DIRECTION('ref_axis',(0.300892327794018,0.953658118549146,0.));
#2559=DIRECTION('',(0.,0.,-1.));
#2560=DIRECTION('center_axis',(-0.412317422975979,-0.911040253068133,0.));
#2561=DIRECTION('ref_axis',(-0.911040253068133,0.412317422975979,0.));
#2562=DIRECTION('',(0.,0.,-1.));
#2563=DIRECTION('',(0.911040253068133,-0.412317422975979,0.));
#2564=DIRECTION('center_axis',(0.,0.,-1.));
#2565=DIRECTION('ref_axis',(0.906305957476564,-0.422622185222794,0.));
#2566=DIRECTION('',(0.,0.,-1.));
#2567=DIRECTION('center_axis',(0.,0.,1.));
#2568=DIRECTION('ref_axis',(0.906305957476564,-0.422622185222794,0.));
#2569=DIRECTION('center_axis',(0.906307801352158,-0.422618231040992,0.));
#2570=DIRECTION('ref_axis',(-0.422618231040992,-0.906307801352158,0.));
#2571=DIRECTION('',(0.,0.,-1.));
#2572=DIRECTION('',(0.422618231040992,0.906307801352158,0.));
#2573=DIRECTION('center_axis',(0.,0.,-1.));
#2574=DIRECTION('ref_axis',(0.416640472839898,0.909071348350473,0.));
#2575=DIRECTION('',(0.,0.,-1.));
#2576=DIRECTION('center_axis',(0.,0.,1.));
#2577=DIRECTION('ref_axis',(0.416640472839898,0.909071348350473,0.));
#2578=DIRECTION('center_axis',(0.416612738997161,0.90908405865755,0.));
#2579=DIRECTION('ref_axis',(0.90908405865755,-0.416612738997161,0.));
#2580=DIRECTION('',(0.,0.,-1.));
#2581=DIRECTION('',(-0.90908405865755,0.416612738997161,0.));
#2582=DIRECTION('center_axis',(0.,0.,-1.));
#2583=DIRECTION('ref_axis',(-0.961513522584575,-0.274757612973694,0.));
#2584=DIRECTION('',(0.,0.,-1.));
#2585=DIRECTION('center_axis',(0.,0.,-1.));
#2586=DIRECTION('ref_axis',(-0.961513522584575,-0.274757612973694,0.));
#2587=DIRECTION('center_axis',(1.,-3.38622690664397E-12,0.));
#2588=DIRECTION('ref_axis',(-3.38622690664397E-12,-1.,0.));
#2589=DIRECTION('',(0.,0.,-1.));
#2590=DIRECTION('',(3.38622690664397E-12,1.,0.));
#2591=DIRECTION('center_axis',(1.,-3.38622690664397E-12,0.));
#2592=DIRECTION('ref_axis',(0.,0.,-1.));
#2593=DIRECTION('',(3.38622690664397E-12,1.,0.));
#2594=DIRECTION('center_axis',(1.,-3.38622690664397E-12,0.));
#2595=DIRECTION('ref_axis',(-3.38622690664397E-12,-1.,-3.61636164373013E-15));
#2596=DIRECTION('',(3.38622690664397E-12,1.,0.));
#2597=DIRECTION('center_axis',(1.,-3.38622690664397E-12,0.));
#2598=DIRECTION('ref_axis',(0.,0.,-1.));
#2599=DIRECTION('',(3.38622690664397E-12,1.,0.));
#2600=DIRECTION('center_axis',(1.,-3.38622690664397E-12,0.));
#2601=DIRECTION('ref_axis',(-3.38622690664397E-12,-1.,0.));
#2602=DIRECTION('',(3.38622690664397E-12,1.,0.));
#2603=DIRECTION('center_axis',(0.,0.,-1.));
#2604=DIRECTION('ref_axis',(9.10219582545865E-6,0.999999999958575,0.));
#2605=DIRECTION('',(0.,0.,-1.));
#2606=DIRECTION('center_axis',(0.,0.,1.));
#2607=DIRECTION('ref_axis',(9.10219582545865E-6,0.999999999958575,0.));
#2608=DIRECTION('center_axis',(-3.13722250862034E-13,1.,0.));
#2609=DIRECTION('ref_axis',(1.,3.13722250862034E-13,0.));
#2610=DIRECTION('',(0.,0.,-1.));
#2611=DIRECTION('',(-1.,-3.13722250862034E-13,0.));
#2612=DIRECTION('center_axis',(0.,0.,1.));
#2613=DIRECTION('ref_axis',(-0.58781633322169,-0.808994411845847,0.));
#2614=DIRECTION('',(0.,0.,-1.));
#2615=DIRECTION('center_axis',(0.,0.,1.));
#2616=DIRECTION('ref_axis',(-0.58781633322169,-0.808994411845847,0.));
#2617=DIRECTION('center_axis',(0.,0.,-1.));
#2618=DIRECTION('ref_axis',(1.88632334730793E-6,0.999999999998221,0.));
#2619=DIRECTION('',(0.,0.,-1.));
#2620=DIRECTION('center_axis',(0.,0.,1.));
#2621=DIRECTION('ref_axis',(1.88632334730793E-6,0.999999999998221,0.));
#2622=DIRECTION('center_axis',(-1.73103191376008E-13,1.,0.));
#2623=DIRECTION('ref_axis',(1.,1.73103191376008E-13,0.));
#2624=DIRECTION('',(0.,0.,-1.));
#2625=DIRECTION('',(-1.,-1.73103191376008E-13,0.));
#2626=DIRECTION('center_axis',(0.,0.,1.));
#2627=DIRECTION('ref_axis',(-0.587812717650145,-0.808997038912227,0.));
#2628=DIRECTION('',(0.,0.,-1.));
#2629=DIRECTION('center_axis',(0.,0.,1.));
#2630=DIRECTION('ref_axis',(-0.587812717650145,-0.808997038912227,0.));
#2631=DIRECTION('center_axis',(0.,0.,-1.));
#2632=DIRECTION('ref_axis',(1.87232016606567E-5,0.999999999824721,0.));
#2633=DIRECTION('',(0.,0.,-1.));
#2634=DIRECTION('center_axis',(0.,0.,1.));
#2635=DIRECTION('ref_axis',(1.87232016606567E-5,0.999999999824721,0.));
#2636=DIRECTION('center_axis',(-2.4672236036754E-13,1.,0.));
#2637=DIRECTION('ref_axis',(1.,2.4672236036754E-13,0.));
#2638=DIRECTION('',(0.,0.,-1.));
#2639=DIRECTION('',(-1.,-2.4672236036754E-13,0.));
#2640=DIRECTION('center_axis',(0.,0.,-1.));
#2641=DIRECTION('ref_axis',(1.,0.,0.));
#2642=DIRECTION('center_axis',(0.,0.,-1.));
#2643=DIRECTION('ref_axis',(1.,0.,0.));
#2644=DIRECTION('center_axis',(0.,0.,1.));
#2645=DIRECTION('ref_axis',(1.,0.,0.));
#2646=DIRECTION('center_axis',(0.,0.,1.));
#2647=DIRECTION('ref_axis',(1.,0.,0.));
#2648=DIRECTION('',(1.,0.,0.));
#2649=DIRECTION('',(0.,1.,0.));
#2650=DIRECTION('',(-1.,0.,0.));
#2651=DIRECTION('',(0.,-1.,0.));
#2652=DIRECTION('center_axis',(0.,-1.,0.));
#2653=DIRECTION('ref_axis',(-1.,0.,0.));
#2654=DIRECTION('',(0.,0.,-1.));
#2655=DIRECTION('',(-1.,0.,0.));
#2656=DIRECTION('',(0.,0.,-1.));
#2657=DIRECTION('center_axis',(-1.,0.,0.));
#2658=DIRECTION('ref_axis',(0.,1.,0.));
#2659=DIRECTION('',(0.,0.,-1.));
#2660=DIRECTION('',(0.,1.,0.));
#2661=DIRECTION('center_axis',(-1.,-1.36642833800019E-14,0.));
#2662=DIRECTION('ref_axis',(-1.36642833800019E-14,1.,0.));
#2663=DIRECTION('',(0.,0.,-1.));
#2664=DIRECTION('',(-1.36642833800019E-14,1.,0.));
#2665=DIRECTION('',(0.,0.,-1.));
#2666=DIRECTION('center_axis',(0.,0.,-1.));
#2667=DIRECTION('ref_axis',(1.,0.,0.));
#2668=DIRECTION('center_axis',(0.,0.,1.));
#2669=DIRECTION('ref_axis',(1.,0.,0.));
#2670=DIRECTION('',(0.,0.,-1.));
#2671=DIRECTION('center_axis',(-1.,0.,0.));
#2672=DIRECTION('ref_axis',(0.,1.,0.));
#2673=DIRECTION('',(0.,1.,0.));
#2674=DIRECTION('',(0.,0.,-1.));
#2675=DIRECTION('center_axis',(0.,0.,-1.));
#2676=DIRECTION('ref_axis',(1.,0.,0.));
#2677=DIRECTION('center_axis',(0.,0.,1.));
#2678=DIRECTION('ref_axis',(1.,0.,0.));
#2679=DIRECTION('',(0.,0.,-1.));
#2680=DIRECTION('center_axis',(1.,0.,0.));
#2681=DIRECTION('ref_axis',(0.,-1.,0.));
#2682=DIRECTION('',(0.,0.,-1.));
#2683=DIRECTION('',(0.,-1.,0.));
#2684=DIRECTION('',(0.,0.,-1.));
#2685=DIRECTION('center_axis',(0.,0.,-1.));
#2686=DIRECTION('ref_axis',(1.,-4.44089209850064E-15,0.));
#2687=DIRECTION('center_axis',(0.,0.,-1.));
#2688=DIRECTION('ref_axis',(1.,-4.44089209850064E-15,0.));
#2689=DIRECTION('',(0.,0.,-1.));
#2690=DIRECTION('center_axis',(0.,1.,0.));
#2691=DIRECTION('ref_axis',(1.,0.,0.));
#2692=DIRECTION('',(1.,0.,0.));
#2693=DIRECTION('center_axis',(0.,0.,1.));
#2694=DIRECTION('ref_axis',(1.,0.,0.));
#2695=DIRECTION('',(-3.38622690664397E-12,-1.,0.));
#2696=DIRECTION('',(-1.,0.,0.));
#2697=DIRECTION('',(-3.38622690664397E-12,-1.,0.));
#2698=DIRECTION('center_axis',(0.,0.,-1.));
#2699=DIRECTION('ref_axis',(9.10219582545865E-6,0.999999999958575,0.));
#2700=DIRECTION('',(1.,3.13722250862034E-13,0.));
#2701=DIRECTION('',(0.173784383576532,-0.984783726523202,0.));
#2702=DIRECTION('center_axis',(0.,0.,-1.));
#2703=DIRECTION('ref_axis',(1.88632334730793E-6,0.999999999998221,0.));
#2704=DIRECTION('',(1.,1.73103191376008E-13,0.));
#2705=DIRECTION('',(0.173784383576496,-0.984783726523208,0.));
#2706=DIRECTION('center_axis',(0.,0.,-1.));
#2707=DIRECTION('ref_axis',(1.87232016606567E-5,0.999999999824721,0.));
#2708=DIRECTION('',(1.,2.4672236036754E-13,0.));
#2709=DIRECTION('center_axis',(0.,0.,-1.));
#2710=DIRECTION('ref_axis',(-0.954304255371959,0.298836724950217,0.));
#2711=DIRECTION('',(0.173648502928254,0.984807695659806,0.));
#2712=DIRECTION('center_axis',(0.,0.,1.));
#2713=DIRECTION('ref_axis',(0.984819477640742,-0.173581670862495,0.));
#2714=DIRECTION('',(1.,-2.9998935045963E-11,0.));
#2715=DIRECTION('center_axis',(0.,0.,-1.));
#2716=DIRECTION('ref_axis',(-0.999995507652012,-0.00299744487771072,0.));
#2717=DIRECTION('',(-0.000847413404341212,0.999999640945197,0.));
#2718=DIRECTION('center_axis',(0.,0.,1.));
#2719=DIRECTION('ref_axis',(0.999999702286611,0.000771638963697421,0.));
#2720=DIRECTION('',(0.965925795002573,0.258819161865284,0.));
#2721=DIRECTION('center_axis',(0.,0.,-1.));
#2722=DIRECTION('ref_axis',(-0.961722420232893,-0.274025521478177,0.));
#2723=DIRECTION('',(-0.258819068444375,0.965925820034637,0.));
#2724=DIRECTION('center_axis',(0.,0.,1.));
#2725=DIRECTION('ref_axis',(0.965906511621251,0.258891117668539,0.));
#2726=DIRECTION('',(0.00027946828101685,0.999999960948739,0.));
#2727=DIRECTION('center_axis',(0.,0.,-1.));
#2728=DIRECTION('ref_axis',(2.07186658756551E-5,-0.999999999785368,0.));
#2729=DIRECTION('',(-1.,-8.7788324927087E-11,0.));
#2730=DIRECTION('center_axis',(0.,0.,-1.));
#2731=DIRECTION('ref_axis',(0.0584285336176736,-0.99829159390395,0.));
#2732=DIRECTION('center_axis',(0.,0.,1.));
#2733=DIRECTION('ref_axis',(-0.200647908847991,0.979663420096376,0.));
#2734=DIRECTION('center_axis',(0.,0.,1.));
#2735=DIRECTION('ref_axis',(0.300892327794018,0.953658118549146,0.));
#2736=DIRECTION('',(-0.911040253068133,0.412317422975979,0.));
#2737=DIRECTION('center_axis',(0.,0.,-1.));
#2738=DIRECTION('ref_axis',(0.906305957476563,-0.422622185222794,0.));
#2739=DIRECTION('',(-0.422618231040992,-0.906307801352158,0.));
#2740=DIRECTION('center_axis',(0.,0.,-1.));
#2741=DIRECTION('ref_axis',(0.416640472839898,0.909071348350473,0.));
#2742=DIRECTION('',(0.90908405865755,-0.416612738997161,0.));
#2743=DIRECTION('center_axis',(0.,0.,1.));
#2744=DIRECTION('ref_axis',(-0.961513522584575,-0.274757612973694,0.));
#2745=DIRECTION('',(-3.38622690664397E-12,-1.,0.));
#2746=DIRECTION('',(-1.,0.,0.));
#2747=DIRECTION('center_axis',(0.,0.,-1.));
#2748=DIRECTION('ref_axis',(1.,0.,0.));
#2749=DIRECTION('',(1.,0.,0.));
#2750=DIRECTION('',(0.,-1.,0.));
#2751=DIRECTION('center_axis',(0.,0.,-1.));
#2752=DIRECTION('ref_axis',(1.,0.,0.));
#2753=DIRECTION('center_axis',(0.,0.,-1.));
#2754=DIRECTION('ref_axis',(1.,0.,0.));
#2755=DIRECTION('center_axis',(0.,0.,-1.));
#2756=DIRECTION('ref_axis',(1.,0.,0.));
#2757=DIRECTION('center_axis',(0.,0.,-1.));
#2758=DIRECTION('ref_axis',(1.,0.,0.));
#2759=DIRECTION('center_axis',(0.,0.,-1.));
#2760=DIRECTION('ref_axis',(-1.,0.,0.));
#2761=DIRECTION('',(-1.,0.,0.));
#2762=DIRECTION('center_axis',(0.,-1.,0.));
#2763=DIRECTION('ref_axis',(0.,0.,-1.));
#2764=DIRECTION('center_axis',(0.,0.,1.));
#2765=DIRECTION('ref_axis',(-1.,0.,0.));
#2766=DIRECTION('',(0.,0.,1.));
#2767=DIRECTION('center_axis',(0.,0.,-1.));
#2768=DIRECTION('ref_axis',(-1.,0.,0.));
#2769=DIRECTION('center_axis',(0.,0.,1.));
#2770=DIRECTION('ref_axis',(-1.,0.,0.));
#2771=DIRECTION('',(0.,0.,1.));
#2772=DIRECTION('center_axis',(0.,0.,1.));
#2773=DIRECTION('ref_axis',(-1.,0.,0.));
#2774=DIRECTION('',(0.,0.,1.));
#2775=DIRECTION('center_axis',(0.,0.,1.));
#2776=DIRECTION('ref_axis',(-1.,0.,0.));
#2777=DIRECTION('',(0.,0.,1.));
#2778=DIRECTION('center_axis',(0.,0.,1.));
#2779=DIRECTION('ref_axis',(1.,0.,0.));
#2780=DIRECTION('',(0.,0.,1.));
#2781=DIRECTION('center_axis',(0.,0.,-1.));
#2782=DIRECTION('ref_axis',(1.,0.,0.));
#2783=DIRECTION('',(0.,0.,-1.));
#2784=DIRECTION('center_axis',(0.,0.,-1.));
#2785=DIRECTION('ref_axis',(1.,0.,0.));
#2786=DIRECTION('',(0.,0.,1.));
#2787=DIRECTION('center_axis',(0.,0.,1.));
#2788=DIRECTION('ref_axis',(1.,0.,0.));
#2789=DIRECTION('center_axis',(0.,0.,-1.));
#2790=DIRECTION('ref_axis',(1.,0.,0.));
#2791=DIRECTION('',(0.,0.,-1.));
#2792=DIRECTION('center_axis',(1.,0.,0.));
#2793=DIRECTION('ref_axis',(0.,-1.,0.));
#2794=DIRECTION('',(0.,0.,-1.));
#2795=DIRECTION('center_axis',(0.,1.,0.));
#2796=DIRECTION('ref_axis',(1.,0.,0.));
#2797=DIRECTION('center_axis',(0.,0.,1.));
#2798=DIRECTION('ref_axis',(1.,0.,0.));
#2799=DIRECTION('center_axis',(1.,-3.37507799676095E-12,0.));
#2800=DIRECTION('ref_axis',(0.,0.,-1.));
#2801=DIRECTION('center_axis',(-1.,3.38622690664397E-12,0.));
#2802=DIRECTION('ref_axis',(0.,0.,-1.));
#2803=DIRECTION('',(0.70710678098672,-2.38654053786874E-12,-0.707106781386375));
#2804=DIRECTION('center_axis',(0.707106781186542,-2.39442400832428E-12,
0.707106781186553));
#2805=DIRECTION('ref_axis',(0.707106781186553,0.,-0.707106781186542));
#2806=DIRECTION('',(0.707106781186553,-2.38654053719932E-12,-0.707106781186542));
#2807=DIRECTION('center_axis',(1.,-3.37507799708698E-12,0.));
#2808=DIRECTION('ref_axis',(-3.37507799708698E-12,-1.,-3.61636164373013E-15));
#2809=DIRECTION('center_axis',(-1.,3.38622690664397E-12,0.));
#2810=DIRECTION('ref_axis',(-3.38622690664397E-12,-1.,-3.61636164373013E-15));
#2811=DIRECTION('center_axis',(-1.,0.,0.));
#2812=DIRECTION('ref_axis',(0.,0.,-1.));
#2813=DIRECTION('',(1.,0.,0.));
#2814=DIRECTION('center_axis',(1.,-3.38622690664397E-12,0.));
#2815=DIRECTION('ref_axis',(0.,0.,-1.));
#2816=DIRECTION('center_axis',(0.,0.,-1.));
#2817=DIRECTION('ref_axis',(1.,0.,0.));
#2818=DIRECTION('center_axis',(0.,0.,1.));
#2819=DIRECTION('ref_axis',(-0.954304255371959,0.298836724950217,0.));
#2820=DIRECTION('center_axis',(0.,0.,-1.));
#2821=DIRECTION('ref_axis',(-0.969877741055909,0.243592215401657,0.));
#2822=DIRECTION('',(-0.173648502928254,-0.984807695659806,0.));
#2823=DIRECTION('center_axis',(0.,0.,-1.));
#2824=DIRECTION('ref_axis',(0.984819477640742,-0.173581670862495,0.));
#2825=DIRECTION('',(-1.,2.9998935045963E-11,0.));
#2826=DIRECTION('center_axis',(0.,0.,1.));
#2827=DIRECTION('ref_axis',(-0.999995507652012,-0.00299744487771072,0.));
#2828=DIRECTION('',(0.000847413404341212,-0.999999640945197,0.));
#2829=DIRECTION('center_axis',(0.,0.,-1.));
#2830=DIRECTION('ref_axis',(0.999999702286611,0.000771638963697421,0.));
#2831=DIRECTION('',(-0.965925795002573,-0.258819161865284,0.));
#2832=DIRECTION('center_axis',(0.,0.,1.));
#2833=DIRECTION('ref_axis',(-0.961722420232893,-0.274025521478177,0.));
#2834=DIRECTION('',(0.258819068444375,-0.965925820034637,0.));
#2835=DIRECTION('center_axis',(0.,0.,1.));
#2836=DIRECTION('ref_axis',(0.991463089084554,0.130387664228306,0.));
#2837=DIRECTION('',(-0.00027946828101685,-0.999999960948739,0.));
#2838=DIRECTION('center_axis',(0.,0.,1.));
#2839=DIRECTION('ref_axis',(2.07186658756551E-5,-0.999999999785368,0.));
#2840=DIRECTION('',(1.,8.7788324927087E-11,0.));
#2841=DIRECTION('center_axis',(0.,0.,1.));
#2842=DIRECTION('ref_axis',(0.0584285336176736,-0.99829159390395,0.));
#2843=DIRECTION('center_axis',(0.,0.,-1.));
#2844=DIRECTION('ref_axis',(-0.200647908847991,0.979663420096376,0.));
#2845=DIRECTION('',(-1.,0.,0.));
#2846=DIRECTION('',(3.38622690664397E-12,1.,0.));
#2847=DIRECTION('center_axis',(0.,0.,-1.));
#2848=DIRECTION('ref_axis',(-0.961513522584575,-0.274757612973694,0.));
#2849=DIRECTION('',(-0.90908405865755,0.416612738997161,0.));
#2850=DIRECTION('center_axis',(0.,0.,1.));
#2851=DIRECTION('ref_axis',(0.416640472839898,0.909071348350473,0.));
#2852=DIRECTION('',(0.422618231040992,0.906307801352158,0.));
#2853=DIRECTION('center_axis',(0.,0.,1.));
#2854=DIRECTION('ref_axis',(0.906305957476563,-0.422622185222794,0.));
#2855=DIRECTION('',(0.911040253068133,-0.412317422975979,0.));
#2856=DIRECTION('center_axis',(0.,0.,-1.));
#2857=DIRECTION('ref_axis',(0.300892327794018,0.953658118549146,0.));
#2858=DIRECTION('center_axis',(0.,0.,-1.));
#2859=DIRECTION('ref_axis',(-0.200647908847991,0.979663420096376,0.));
#2860=DIRECTION('center_axis',(0.,0.,1.));
#2861=DIRECTION('ref_axis',(0.0584285336176736,-0.99829159390395,0.));
#2862=DIRECTION('',(1.,8.7788324927087E-11,0.));
#2863=DIRECTION('center_axis',(0.,0.,1.));
#2864=DIRECTION('ref_axis',(2.07186658756551E-5,-0.999999999785368,0.));
#2865=DIRECTION('',(-0.00027946828101685,-0.999999960948739,0.));
#2866=DIRECTION('center_axis',(0.,0.,-1.));
#2867=DIRECTION('ref_axis',(0.965906511621251,0.258891117668539,0.));
#2868=DIRECTION('',(0.258819068444375,-0.965925820034637,0.));
#2869=DIRECTION('center_axis',(0.,0.,1.));
#2870=DIRECTION('ref_axis',(-0.961722420232893,-0.274025521478177,0.));
#2871=DIRECTION('',(-0.965925795002573,-0.258819161865284,0.));
#2872=DIRECTION('center_axis',(0.,0.,-1.));
#2873=DIRECTION('ref_axis',(0.999999702286611,0.000771638963697421,0.));
#2874=DIRECTION('',(0.000847413404341212,-0.999999640945197,0.));
#2875=DIRECTION('center_axis',(0.,0.,1.));
#2876=DIRECTION('ref_axis',(-0.999995507652012,-0.00299744487771072,0.));
#2877=DIRECTION('',(-1.,2.9998935045963E-11,0.));
#2878=DIRECTION('center_axis',(0.,0.,-1.));
#2879=DIRECTION('ref_axis',(0.984819477640742,-0.173581670862495,0.));
#2880=DIRECTION('',(-0.173648502928254,-0.984807695659806,0.));
#2881=DIRECTION('center_axis',(0.,0.,1.));
#2882=DIRECTION('ref_axis',(-0.954304255371959,0.298836724950217,0.));
#2883=DIRECTION('',(-1.,-2.4672236036754E-13,0.));
#2884=DIRECTION('center_axis',(0.,0.,1.));
#2885=DIRECTION('ref_axis',(1.87232016606567E-5,0.999999999824721,0.));
#2886=DIRECTION('',(-0.173784383576496,0.984783726523208,0.));
#2887=DIRECTION('',(-1.,-1.73103191376008E-13,0.));
#2888=DIRECTION('center_axis',(0.,0.,1.));
#2889=DIRECTION('ref_axis',(1.88632334730793E-6,0.999999999998221,0.));
#2890=DIRECTION('',(-0.173784383576532,0.984783726523202,0.));
#2891=DIRECTION('',(-1.,-3.13722250862034E-13,0.));
#2892=DIRECTION('center_axis',(0.,0.,1.));
#2893=DIRECTION('ref_axis',(9.10219582545865E-6,0.999999999958575,0.));
#2894=DIRECTION('',(3.38622690664397E-12,1.,0.));
#2895=DIRECTION('center_axis',(1.,-3.37507799741624E-12,0.));
#2896=DIRECTION('ref_axis',(0.,0.,-1.));
#2897=DIRECTION('center_axis',(-1.,3.38622690664397E-12,0.));
#2898=DIRECTION('ref_axis',(0.,0.,-1.));
#2899=DIRECTION('',(0.707106780918291,-2.38654053810115E-12,-0.707106781454804));
#2900=DIRECTION('center_axis',(0.707106781186555,-2.39442400832432E-12,
0.70710678118654));
#2901=DIRECTION('ref_axis',(0.70710678118654,0.,-0.707106781186555));
#2902=DIRECTION('',(0.707106781186535,-2.38654053719934E-12,-0.70710678118656));
#2903=DIRECTION('',(-3.38622690664397E-12,-1.,0.));
#2904=DIRECTION('center_axis',(1.,-3.37507799753891E-12,0.));
#2905=DIRECTION('ref_axis',(-3.37507799753891E-12,-1.,0.));
#2906=DIRECTION('center_axis',(-1.,3.38622690664397E-12,0.));
#2907=DIRECTION('ref_axis',(-3.38622690664397E-12,-1.,0.));
#2908=DIRECTION('center_axis',(0.,0.,-1.));
#2909=DIRECTION('ref_axis',(-0.969877741055909,0.243592215401657,0.));
#2910=DIRECTION('',(0.,0.,-1.));
#2911=DIRECTION('',(0.,0.,-1.));
#2912=DIRECTION('center_axis',(0.,0.,-1.));
#2913=DIRECTION('ref_axis',(-0.954304255371959,0.298836724950217,0.));
#2914=DIRECTION('center_axis',(0.,0.,1.));
#2915=DIRECTION('ref_axis',(0.991463089084554,0.130387664228306,0.));
#2916=DIRECTION('',(0.,0.,-1.));
#2917=DIRECTION('',(0.,0.,-1.));
#2918=DIRECTION('center_axis',(-0.999999960948739,0.00027946828101685,0.));
#2919=DIRECTION('ref_axis',(0.00027946828101685,0.999999960948739,0.));
#2920=DIRECTION('',(0.,0.,-1.));
#2921=DIRECTION('center_axis',(-0.965925820034637,-0.258819068444375,0.));
#2922=DIRECTION('ref_axis',(-0.258819068444375,0.965925820034637,0.));
#2923=DIRECTION('',(0.,0.,-1.));
#2924=DIRECTION('center_axis',(1.,0.,0.));
#2925=DIRECTION('ref_axis',(0.,-1.,0.));
#2926=DIRECTION('',(1.,0.,0.));
#2927=DIRECTION('center_axis',(1.,-3.38622690664397E-12,0.));
#2928=DIRECTION('ref_axis',(-3.38622690664397E-12,-1.,0.));
#2929=DIRECTION('center_axis',(1.,0.,0.));
#2930=DIRECTION('ref_axis',(0.,0.,-1.));
#2931=DIRECTION('',(1.,0.,0.));
#2932=DIRECTION('center_axis',(1.,-3.38622690664397E-12,0.));
#2933=DIRECTION('ref_axis',(0.,0.,-1.));
#2934=DIRECTION('',(1.,0.,0.));
#2935=DIRECTION('center_axis',(0.,0.,-1.));
#2936=DIRECTION('ref_axis',(0.,1.,0.));
#2937=DIRECTION('',(3.38622690664397E-12,1.,0.));
#2938=DIRECTION('center_axis',(-1.,3.38622690664397E-12,0.));
#2939=DIRECTION('ref_axis',(3.38622690664397E-12,1.,0.));
#2940=DIRECTION('',(3.38622690664397E-12,1.,0.));
#2941=DIRECTION('center_axis',(1.,-3.38622690664397E-12,0.));
#2942=DIRECTION('ref_axis',(-3.38622690664397E-12,-1.,-3.61636164373013E-15));
#2943=DIRECTION('',(0.,0.,-1.));
#2944=DIRECTION('center_axis',(0.,0.,-1.));
#2945=DIRECTION('ref_axis',(1.,0.,0.));
#2946=DIRECTION('',(-1.,0.,0.));
#2947=DIRECTION('center_axis',(-1.,0.,0.));
#2948=DIRECTION('ref_axis',(0.,-1.,-3.61636164373013E-15));
#2949=DIRECTION('center_axis',(0.,0.,1.));
#2950=DIRECTION('ref_axis',(1.,0.,0.));
#2951=DIRECTION('',(0.,0.,1.));
#2952=DIRECTION('center_axis',(0.,0.,1.));
#2953=DIRECTION('ref_axis',(1.,0.,0.));
#2954=DIRECTION('',(0.,0.,1.));
#2955=DIRECTION('center_axis',(0.,0.,1.));
#2956=DIRECTION('ref_axis',(1.,0.,0.));
#2957=DIRECTION('',(0.,0.,1.));
#2958=DIRECTION('center_axis',(0.,0.,1.));
#2959=DIRECTION('ref_axis',(1.,0.,0.));
#2960=DIRECTION('',(0.,0.,1.));
#2961=DIRECTION('center_axis',(0.,0.,1.));
#2962=DIRECTION('ref_axis',(1.,0.,0.));
#2963=DIRECTION('',(0.,0.,1.));
#2964=DIRECTION('center_axis',(0.,0.,1.));
#2965=DIRECTION('ref_axis',(1.,0.,0.));
#2966=DIRECTION('',(0.,0.,1.));
#2967=DIRECTION('center_axis',(0.,0.,-1.));
#2968=DIRECTION('ref_axis',(-0.200647908847991,0.979663420096376,0.));
#2969=DIRECTION('',(0.,0.,-1.));
#2970=DIRECTION('center_axis',(0.412317422975979,0.911040253068133,0.));
#2971=DIRECTION('ref_axis',(0.911040253068133,-0.412317422975979,0.));
#2972=DIRECTION('',(0.,0.,-1.));
#2973=DIRECTION('',(0.,0.,-1.));
#2974=DIRECTION('center_axis',(0.,0.,-1.));
#2975=DIRECTION('ref_axis',(0.300892327794018,0.953658118549146,0.));
#2976=DIRECTION('',(0.,0.,-1.));
#2977=DIRECTION('center_axis',(0.,0.,-1.));
#2978=DIRECTION('ref_axis',(-0.200647908847991,0.979663420096376,0.));
#2979=DIRECTION('',(0.,0.,-1.));
#2980=DIRECTION('center_axis',(0.,0.,-1.));
#2981=DIRECTION('ref_axis',(0.0584285336176736,-0.99829159390395,0.));
#2982=DIRECTION('',(0.,0.,-1.));
#2983=DIRECTION('center_axis',(-8.7788324927087E-11,1.,0.));
#2984=DIRECTION('ref_axis',(1.,8.7788324927087E-11,0.));
#2985=DIRECTION('',(0.,0.,-1.));
#2986=DIRECTION('center_axis',(0.,0.,-1.));
#2987=DIRECTION('ref_axis',(2.07186658756551E-5,-0.999999999785368,0.));
#2988=DIRECTION('',(0.,0.,-1.));
#2989=DIRECTION('center_axis',(0.999999960948739,-0.00027946828101685,0.));
#2990=DIRECTION('ref_axis',(-0.00027946828101685,-0.999999960948739,0.));
#2991=DIRECTION('',(0.,0.,-1.));
#2992=DIRECTION('center_axis',(0.,0.,-1.));
#2993=DIRECTION('ref_axis',(0.965906511621251,0.258891117668539,0.));
#2994=DIRECTION('',(0.,0.,-1.));
#2995=DIRECTION('center_axis',(0.965925820034637,0.258819068444375,0.));
#2996=DIRECTION('ref_axis',(0.258819068444375,-0.965925820034637,0.));
#2997=DIRECTION('',(0.,0.,-1.));
#2998=DIRECTION('center_axis',(0.,0.,-1.));
#2999=DIRECTION('ref_axis',(-0.961722420232893,-0.274025521478177,0.));
#3000=DIRECTION('',(0.,0.,-1.));
#3001=DIRECTION('center_axis',(0.258819161865284,-0.965925795002573,0.));
#3002=DIRECTION('ref_axis',(-0.965925795002573,-0.258819161865284,0.));
#3003=DIRECTION('',(0.,0.,-1.));
#3004=DIRECTION('center_axis',(0.,0.,-1.));
#3005=DIRECTION('ref_axis',(0.999999702286611,0.000771638963697421,0.));
#3006=DIRECTION('',(0.,0.,-1.));
#3007=DIRECTION('center_axis',(0.999999640945197,0.000847413404341212,0.));
#3008=DIRECTION('ref_axis',(0.000847413404341212,-0.999999640945197,0.));
#3009=DIRECTION('',(0.,0.,-1.));
#3010=DIRECTION('center_axis',(0.,0.,-1.));
#3011=DIRECTION('ref_axis',(-0.999995507652012,-0.00299744487771072,0.));
#3012=DIRECTION('',(0.,0.,-1.));
#3013=DIRECTION('center_axis',(-2.9998935045963E-11,-1.,0.));
#3014=DIRECTION('ref_axis',(-1.,2.9998935045963E-11,0.));
#3015=DIRECTION('',(0.,0.,-1.));
#3016=DIRECTION('center_axis',(0.,0.,-1.));
#3017=DIRECTION('ref_axis',(0.984819477640742,-0.173581670862495,0.));
#3018=DIRECTION('',(0.,0.,-1.));
#3019=DIRECTION('center_axis',(-0.416612738997161,-0.90908405865755,0.));
#3020=DIRECTION('ref_axis',(-0.90908405865755,0.416612738997161,0.));
#3021=DIRECTION('',(0.,0.,-1.));
#3022=DIRECTION('',(0.,0.,-1.));
#3023=DIRECTION('center_axis',(0.,0.,-1.));
#3024=DIRECTION('ref_axis',(0.416640472839898,0.909071348350473,0.));
#3025=DIRECTION('',(0.,0.,-1.));
#3026=DIRECTION('center_axis',(-0.906307801352158,0.422618231040992,0.));
#3027=DIRECTION('ref_axis',(0.422618231040992,0.906307801352158,0.));
#3028=DIRECTION('',(0.,0.,-1.));
#3029=DIRECTION('center_axis',(0.,0.,-1.));
#3030=DIRECTION('ref_axis',(0.906305957476563,-0.422622185222794,0.));
#3031=DIRECTION('center_axis',(-0.984807695659806,0.173648502928254,0.));
#3032=DIRECTION('ref_axis',(0.173648502928254,0.984807695659806,0.));
#3033=DIRECTION('',(0.,0.,-1.));
#3034=DIRECTION('center_axis',(0.,0.,-1.));
#3035=DIRECTION('ref_axis',(0.984819477640742,-0.173581670862495,0.));
#3036=DIRECTION('',(0.,0.,-1.));
#3037=DIRECTION('center_axis',(2.9998935045963E-11,1.,0.));
#3038=DIRECTION('ref_axis',(1.,-2.9998935045963E-11,0.));
#3039=DIRECTION('',(0.,0.,-1.));
#3040=DIRECTION('center_axis',(0.,0.,-1.));
#3041=DIRECTION('ref_axis',(-0.999995507652012,-0.00299744487771072,0.));
#3042=DIRECTION('',(0.,0.,-1.));
#3043=DIRECTION('',(0.,0.,-1.));
#3044=DIRECTION('center_axis',(-0.999999640945197,-0.000847413404341212,
0.));
#3045=DIRECTION('ref_axis',(-0.000847413404341212,0.999999640945197,0.));
#3046=DIRECTION('',(0.,0.,-1.));
#3047=DIRECTION('center_axis',(0.,0.,-1.));
#3048=DIRECTION('ref_axis',(0.999999702286611,0.000771638963697421,0.));
#3049=DIRECTION('',(0.,0.,-1.));
#3050=DIRECTION('center_axis',(-0.258819161865284,0.965925795002573,0.));
#3051=DIRECTION('ref_axis',(0.965925795002573,0.258819161865284,0.));
#3052=DIRECTION('',(0.,0.,-1.));
#3053=DIRECTION('center_axis',(0.,0.,-1.));
#3054=DIRECTION('ref_axis',(-0.961722420232893,-0.274025521478177,0.));
#3055=DIRECTION('center_axis',(0.,0.,-1.));
#3056=DIRECTION('ref_axis',(2.07186658756551E-5,-0.999999999785368,0.));
#3057=DIRECTION('',(0.,0.,-1.));
#3058=DIRECTION('center_axis',(8.7788324927087E-11,-1.,0.));
#3059=DIRECTION('ref_axis',(-1.,-8.7788324927087E-11,0.));
#3060=DIRECTION('',(0.,0.,-1.));
#3061=DIRECTION('center_axis',(0.,0.,-1.));
#3062=DIRECTION('ref_axis',(0.0584285336176736,-0.99829159390395,0.));
#3063=DIRECTION('center_axis',(0.984807695659806,-0.173648502928254,0.));
#3064=DIRECTION('ref_axis',(-0.173648502928254,-0.984807695659806,0.));
#3065=DIRECTION('',(0.,0.,-1.));
#3066=DIRECTION('center_axis',(0.,0.,-1.));
#3067=DIRECTION('ref_axis',(-0.954304255371959,0.298836724950217,0.));
#3068=DIRECTION('',(0.,0.,-1.));
#3069=DIRECTION('center_axis',(2.4672236036754E-13,-1.,0.));
#3070=DIRECTION('ref_axis',(-1.,-2.4672236036754E-13,0.));
#3071=DIRECTION('',(0.,0.,-1.));
#3072=DIRECTION('center_axis',(0.,0.,-1.));
#3073=DIRECTION('ref_axis',(1.87232016606567E-5,0.999999999824721,0.));
#3074=DIRECTION('',(0.,0.,-1.));
#3075=DIRECTION('center_axis',(-0.984783726523209,-0.173784383576496,0.));
#3076=DIRECTION('ref_axis',(-0.173784383576496,0.984783726523208,0.));
#3077=DIRECTION('',(0.,0.,-1.));
#3078=DIRECTION('center_axis',(1.73103191376008E-13,-1.,0.));
#3079=DIRECTION('ref_axis',(-1.,-1.73103191376008E-13,0.));
#3080=DIRECTION('',(0.,0.,-1.));
#3081=DIRECTION('center_axis',(0.,0.,-1.));
#3082=DIRECTION('ref_axis',(1.88632334730793E-6,0.999999999998221,0.));
#3083=DIRECTION('',(0.,0.,-1.));
#3084=DIRECTION('center_axis',(-0.984783726523202,-0.173784383576532,0.));
#3085=DIRECTION('ref_axis',(-0.173784383576532,0.984783726523202,0.));
#3086=DIRECTION('',(0.,0.,-1.));
#3087=DIRECTION('center_axis',(3.13722250862034E-13,-1.,0.));
#3088=DIRECTION('ref_axis',(-1.,-3.13722250862034E-13,0.));
#3089=DIRECTION('',(0.,0.,-1.));
#3090=DIRECTION('center_axis',(0.,0.,-1.));
#3091=DIRECTION('ref_axis',(9.10219582545865E-6,0.999999999958575,0.));
#3092=DIRECTION('',(0.,0.,-1.));
#3093=DIRECTION('center_axis',(-1.,3.38622690664397E-12,0.));
#3094=DIRECTION('ref_axis',(3.38622690664397E-12,1.,0.));
#3095=DIRECTION('center_axis',(0.,0.,-1.));
#3096=DIRECTION('ref_axis',(-0.961513522584575,-0.274757612973694,0.));
#3097=DIRECTION('',(0.,0.,1.));
#3098=DIRECTION('',(1.,0.,0.));
#3099=DIRECTION('',(0.,0.,1.));
#3100=DIRECTION('',(1.,0.,0.));
#3101=CARTESIAN_POINT('',(0.,0.,0.));
#3102=CARTESIAN_POINT('',(0.,0.,0.));
#3103=CARTESIAN_POINT('',(0.,0.,0.));
#3104=CARTESIAN_POINT('Origin',(75.019285398632,-93.702822417212,-1.5));
#3105=CARTESIAN_POINT('',(54.4313854218108,-48.1917259253254,-1.5));
#3106=CARTESIAN_POINT('',(54.4662062813261,-48.0530844810056,-1.5));
#3107=CARTESIAN_POINT('Origin',(55.4161931174705,-48.3653744282536,-1.5));
#3108=CARTESIAN_POINT('',(57.8861584531032,-45.577344,-1.5));
#3109=CARTESIAN_POINT('Origin',(57.886137191629,-49.1773211577,-1.5));
#3110=CARTESIAN_POINT('',(75.1297298263095,-45.5773439999957,-1.5));
#3111=CARTESIAN_POINT('',(66.4527219258616,-45.5773439999979,-1.5));
#3112=CARTESIAN_POINT('',(78.5536010773048,-48.0651532089684,-1.5));
#3113=CARTESIAN_POINT('Origin',(75.129669911037,-49.17739886412,-1.5));
#3114=CARTESIAN_POINT('',(79.0291398253188,-48.4106769999998,-1.5));
#3115=CARTESIAN_POINT('Origin',(79.0291398253187,-47.9106769999998,-1.5));
#3116=CARTESIAN_POINT('',(92.6297182635879,-48.4106769999974,-1.5));
#3117=CARTESIAN_POINT('',(76.6668700992315,-48.4106770000002,-1.5));
#3118=CARTESIAN_POINT('',(96.0536053643069,-50.8984819583974,-1.5));
#3119=CARTESIAN_POINT('Origin',(92.629712227345,-52.0106814263601,-1.5));
#3120=CARTESIAN_POINT('',(96.5291454930752,-51.2440099999997,-1.5));
#3121=CARTESIAN_POINT('Origin',(96.529145493075,-50.7440099999997,-1.5));
#3122=CARTESIAN_POINT('',(127.60768472161,-51.24400999999,-1.5));
#3123=CARTESIAN_POINT('',(85.4168700992287,-51.2440100000032,-1.5));
#3124=CARTESIAN_POINT('',(131.207678,-54.8440032783937,-1.5));
#3125=CARTESIAN_POINT('Origin',(127.60765559438,-54.84403240561,-1.5));
#3126=CARTESIAN_POINT('',(131.207677999791,-116.7000615651,-1.5));
#3127=CARTESIAN_POINT('',(131.207677999934,-74.273412847898,-1.5));
#3128=CARTESIAN_POINT('',(131.496013435002,-117.149378625227,-1.5));
#3129=CARTESIAN_POINT('Origin',(132.249948283667,-116.348390333198,-1.5));
#3130=CARTESIAN_POINT('',(137.899086862805,-120.083762891843,-1.5));
#3131=CARTESIAN_POINT('',(103.691361410474,-104.407133145851,-1.5));
#3132=CARTESIAN_POINT('',(139.661978017987,-124.877860720024,-1.5));
#3133=CARTESIAN_POINT('Origin',(136.39916131901,-123.3564923276,-1.5));
#3134=CARTESIAN_POINT('',(132.727110269508,-139.749733914682,-1.5));
#3135=CARTESIAN_POINT('',(139.859552044543,-124.454161815292,-1.5));
#3136=CARTESIAN_POINT('',(127.980061123238,-141.508048404909,-1.5));
#3137=CARTESIAN_POINT('Origin',(129.46439991488,-138.2282918197,-1.5));
#3138=CARTESIAN_POINT('',(118.664749171911,-137.292136533777,-1.5));
#3139=CARTESIAN_POINT('',(97.0227647775665,-127.497435143239,-1.5));
#3140=CARTESIAN_POINT('',(106.26331794171,-133.379313438946,-1.5));
#3141=CARTESIAN_POINT('Origin',(96.1522178774223,-187.034934351297,-1.5));
#3142=CARTESIAN_POINT('',(70.5322066165992,-132.140082924975,-1.5));
#3143=CARTESIAN_POINT('Origin',(84.341729045738,-249.7085413291,-1.5));
#3144=CARTESIAN_POINT('',(43.0710481279359,-133.747344001531,-1.5));
#3145=CARTESIAN_POINT('Origin',(43.0710481072705,101.652655998469,-1.5));
#3146=CARTESIAN_POINT('',(20.5231363000284,-133.747344003511,-1.5));
#3147=CARTESIAN_POINT('',(59.0451667650417,-133.747344000129,-1.5));
#3148=CARTESIAN_POINT('',(16.9231210165321,-130.147049231777,-1.5));
#3149=CARTESIAN_POINT('Origin',(20.523070001319,-130.1473949986,-1.5));
#3150=CARTESIAN_POINT('',(16.9293733551629,-107.774796468047,-1.5));
#3151=CARTESIAN_POINT('',(16.9282157911364,-111.916819230408,-1.5));
#3152=CARTESIAN_POINT('',(16.9021363484606,-107.567687252906,-1.5));
#3153=CARTESIAN_POINT('Origin',(16.1300280185543,-107.774573076371,-1.5));
#3154=CARTESIAN_POINT('',(10.1764733592406,-82.4671736887933,-1.5));
#3155=CARTESIAN_POINT('',(17.1223983222635,-108.389716050655,-1.5));
#3156=CARTESIAN_POINT('',(12.722998604192,-77.9961724711731,-1.5));
#3157=CARTESIAN_POINT('Origin',(13.645279040123,-81.4821772853,-1.5));
#3158=CARTESIAN_POINT('',(16.6466905303142,-76.9448218798642,-1.5));
#3159=CARTESIAN_POINT('',(39.8209640046546,-70.7352910147632,-1.5));
#3160=CARTESIAN_POINT('',(16.9432155512953,-76.5580728956356,-1.5));
#3161=CARTESIAN_POINT('Origin',(16.543103449572,-76.55835132802,-1.5));
#3162=CARTESIAN_POINT('',(16.9248137847437,-54.8472261111526,-1.5));
#3163=CARTESIAN_POINT('',(16.9505007472199,-85.1550487117144,-1.5));
#3164=CARTESIAN_POINT('',(20.5247698780875,-51.24401,-1.5));
#3165=CARTESIAN_POINT('Origin',(20.524974086063,-54.84417528596,-1.5));
#3166=CARTESIAN_POINT('',(53.5575939808544,-51.2440100009909,-1.5));
#3167=CARTESIAN_POINT('',(47.7720276389966,-51.2440100008174,-1.5));
#3168=CARTESIAN_POINT('',(53.9514636458746,-50.913492307831,-1.5));
#3169=CARTESIAN_POINT('Origin',(53.557622151722,-50.84410241344,-1.5));
#3170=CARTESIAN_POINT('',(50.610391271059,-69.8616187333627,-1.5));
#3171=CARTESIAN_POINT('',(48.002005,-128.990859999999,-1.5));
#3172=CARTESIAN_POINT('Origin',(46.002005,-128.990859999999,-1.5));
#3173=CARTESIAN_POINT('',(62.363361,-104.124870999999,-1.5));
#3174=CARTESIAN_POINT('Origin',(60.363361,-104.124870999999,-1.5));
#3175=CARTESIAN_POINT('',(109.104003834465,-54.3439389685755,-1.5));
#3176=CARTESIAN_POINT('Origin',(111.104003834465,-54.3439389685755,-1.5));
#3177=CARTESIAN_POINT('',(54.000000834465,-65.0000009685755,-1.5));
#3178=CARTESIAN_POINT('Origin',(56.000000834465,-65.0000009685755,-1.5));
#3179=CARTESIAN_POINT('',(109.107678,-89.34401,-1.5));
#3180=CARTESIAN_POINT('Origin',(111.107678,-89.34401,-1.5));
#3181=CARTESIAN_POINT('',(116.607678,-116.644009999999,-1.5));
#3182=CARTESIAN_POINT('Origin',(118.607678,-116.644009999999,-1.5));
#3183=CARTESIAN_POINT('Origin',(127.6075,-91.030118886717,-1.));
#3184=CARTESIAN_POINT('',(129.6075,-91.030118886717,-1.));
#3185=CARTESIAN_POINT('',(112.597489002152,-91.030118886717,-1.));
#3186=CARTESIAN_POINT('',(127.6075,-91.030118886717,-1.));
#3187=CARTESIAN_POINT('',(129.6075,-54.932325594424,-1.));
#3188=CARTESIAN_POINT('',(129.6075,-63.4567739174973,-1.));
#3189=CARTESIAN_POINT('',(127.6075,-52.932325594424,-1.));
#3190=CARTESIAN_POINT('Origin',(127.6075,-54.932325594424,-1.));
#3191=CARTESIAN_POINT('',(113.351233785919,-52.932325594424,-1.));
#3192=CARTESIAN_POINT('',(116.853492851576,-52.932325594424,-1.));
#3193=CARTESIAN_POINT('',(113.351233785919,-54.232325594424,-1.));
#3194=CARTESIAN_POINT('',(113.351233785919,-63.1067739174973,-1.));
#3195=CARTESIAN_POINT('',(111.104003834465,-56.5939389685755,-1.));
#3196=CARTESIAN_POINT('Origin',(111.104003834465,-54.3439389685755,-1.));
#3197=CARTESIAN_POINT('',(111.104003834465,-87.0940129998892,-1.));
#3198=CARTESIAN_POINT('',(111.104003834465,-79.5376176202299,-1.));
#3199=CARTESIAN_POINT('Origin',(111.107678,-89.34401,-1.));
#3200=CARTESIAN_POINT('Origin',(56.000000834465,-65.0000009685755,-0.5));
#3201=CARTESIAN_POINT('',(54.000000834465,-65.0000009685755,-0.5));
#3202=CARTESIAN_POINT('Origin',(56.000000834465,-65.0000009685755,-0.5));
#3203=CARTESIAN_POINT('',(54.900000834465,-65.0000009685755,-0.5));
#3204=CARTESIAN_POINT('Origin',(56.000000834465,-65.0000009685755,-0.5));
#3205=CARTESIAN_POINT('Origin',(118.607678,-116.644009999999,-0.5));
#3206=CARTESIAN_POINT('',(116.607678,-116.644009999999,-0.5));
#3207=CARTESIAN_POINT('Origin',(118.607678,-116.644009999999,-0.5));
#3208=CARTESIAN_POINT('',(117.507678,-116.644009999999,-0.5));
#3209=CARTESIAN_POINT('Origin',(118.607678,-116.644009999999,-0.5));
#3210=CARTESIAN_POINT('Origin',(53.182683,-116.557865499999,-0.5));
#3211=CARTESIAN_POINT('',(48.002005,-128.990859999999,-0.5));
#3212=CARTESIAN_POINT('Origin',(46.002005,-128.990859999999,-0.5));
#3213=CARTESIAN_POINT('',(47.102005,-128.990859999999,-0.5));
#3214=CARTESIAN_POINT('Origin',(46.002005,-128.990859999999,-0.5));
#3215=CARTESIAN_POINT('Origin',(53.182683,-116.557865499999,-0.5));
#3216=CARTESIAN_POINT('',(62.363361,-104.124870999999,-0.5));
#3217=CARTESIAN_POINT('Origin',(60.363361,-104.124870999999,-0.5));
#3218=CARTESIAN_POINT('',(61.463361,-104.124870999999,-0.5));
#3219=CARTESIAN_POINT('Origin',(60.363361,-104.124870999999,-0.5));
#3220=CARTESIAN_POINT('Origin',(111.107678,-89.34401,-0.5));
#3221=CARTESIAN_POINT('',(109.107678,-89.34401,-0.5));
#3222=CARTESIAN_POINT('Origin',(111.107678,-89.34401,-0.5));
#3223=CARTESIAN_POINT('',(110.007678,-89.34401,-0.5));
#3224=CARTESIAN_POINT('Origin',(111.107678,-89.34401,-0.5));
#3225=CARTESIAN_POINT('Origin',(111.104003834465,-54.3439389685755,-0.500000000000001));
#3226=CARTESIAN_POINT('',(109.104003834465,-54.3439389685755,-0.500000000000001));
#3227=CARTESIAN_POINT('Origin',(111.104003834465,-54.3439389685755,-0.500000000000001));
#3228=CARTESIAN_POINT('',(110.004003834465,-54.3439389685755,-0.500000000000001));
#3229=CARTESIAN_POINT('Origin',(111.104003834465,-54.3439389685755,-0.500000000000001));
#3230=CARTESIAN_POINT('Origin',(96.1522178774223,-187.034934351297,1.2));
#3231=CARTESIAN_POINT('',(118.664749171911,-137.292136533777,1.2));
#3232=CARTESIAN_POINT('',(118.664749171911,-137.292136533777,-1.3));
#3233=CARTESIAN_POINT('',(106.26331794171,-133.379313438946,1.2));
#3234=CARTESIAN_POINT('Origin',(96.1522178774223,-187.034934351297,1.2));
#3235=CARTESIAN_POINT('',(106.26331794171,-133.379313438946,-1.3));
#3236=CARTESIAN_POINT('Origin',(127.980061123238,-141.508048404909,1.2));
#3237=CARTESIAN_POINT('',(127.980061123238,-141.508048404909,1.2));
#3238=CARTESIAN_POINT('',(127.980061123238,-141.508048404909,-1.3));
#3239=CARTESIAN_POINT('',(97.0227647775665,-127.497435143239,1.2));
#3240=CARTESIAN_POINT('Origin',(129.46439991488,-138.2282918197,1.2));
#3241=CARTESIAN_POINT('',(132.727110269508,-139.749733914682,1.2));
#3242=CARTESIAN_POINT('',(132.727110269508,-139.749733914682,-1.3));
#3243=CARTESIAN_POINT('Origin',(129.46439991488,-138.2282918197,1.2));
#3244=CARTESIAN_POINT('Origin',(139.661978017987,-124.877860720024,1.2));
#3245=CARTESIAN_POINT('',(139.661978017987,-124.877860720024,1.2));
#3246=CARTESIAN_POINT('',(139.661978017987,-124.877860720024,-1.3));
#3247=CARTESIAN_POINT('',(139.859552044543,-124.454161815292,1.2));
#3248=CARTESIAN_POINT('Origin',(136.39916131901,-123.3564923276,1.2));
#3249=CARTESIAN_POINT('',(137.899086862805,-120.083762891843,1.2));
#3250=CARTESIAN_POINT('',(137.899086862805,-120.083762891843,-1.3));
#3251=CARTESIAN_POINT('Origin',(136.39916131901,-123.3564923276,1.2));
#3252=CARTESIAN_POINT('Origin',(131.441042704293,-117.12418677804,1.2));
#3253=CARTESIAN_POINT('',(131.496013435002,-117.149378625227,1.2));
#3254=CARTESIAN_POINT('',(131.496013435002,-117.149378625227,-1.3));
#3255=CARTESIAN_POINT('',(103.691361410474,-104.407133145851,1.2));
#3256=CARTESIAN_POINT('Origin',(132.249948283667,-116.348390333198,1.2));
#3257=CARTESIAN_POINT('',(131.207677999791,-116.7000615651,1.2));
#3258=CARTESIAN_POINT('',(131.207677999791,-116.7000615651,-1.3));
#3259=CARTESIAN_POINT('Origin',(132.249948283667,-116.348390333198,1.2));
#3260=CARTESIAN_POINT('Origin',(131.207678,-54.8440032783937,1.2));
#3261=CARTESIAN_POINT('',(131.207678,-54.8440032783937,1.2));
#3262=CARTESIAN_POINT('',(131.207678,-54.8440032783937,-1.3));
#3263=CARTESIAN_POINT('',(131.207677999865,-94.5660970932056,1.2));
#3264=CARTESIAN_POINT('',(131.207677999934,-74.273412847898,1.2));
#3265=CARTESIAN_POINT('',(131.207677999859,-96.5733340000017,-0.500000000001053));
#3266=CARTESIAN_POINT('Origin',(131.207677999859,-96.5733340000017,1.535));
#3267=CARTESIAN_POINT('',(131.207677999837,-102.913334000002,-0.5));
#3268=CARTESIAN_POINT('',(131.207677999934,-74.273412847898,-0.5));
#3269=CARTESIAN_POINT('',(131.20767799983,-104.920570906796,1.2));
#3270=CARTESIAN_POINT('Origin',(131.207677999837,-102.913334000002,1.535));
#3271=CARTESIAN_POINT('',(131.207677999815,-109.327836394944,1.2));
#3272=CARTESIAN_POINT('',(131.207677999934,-74.273412847898,1.2));
#3273=CARTESIAN_POINT('',(131.20767799981,-110.860733985101,0.234999985098082));
#3274=CARTESIAN_POINT('Origin',(131.20767799981,-110.860733985101,1.93499998509883));
#3275=CARTESIAN_POINT('',(131.207677999803,-113.060734014903,0.23499998509883));
#3276=CARTESIAN_POINT('',(131.207677999901,-83.9523686466515,0.23499998509883));
#3277=CARTESIAN_POINT('',(131.207677999798,-114.593631605058,1.2));
#3278=CARTESIAN_POINT('Origin',(131.207677999803,-113.060734014903,1.93499998509883));
#3279=CARTESIAN_POINT('',(131.207677999934,-74.273412847898,1.2));
#3280=CARTESIAN_POINT('Origin',(127.60765559438,-54.84403240561,1.2));
#3281=CARTESIAN_POINT('',(127.60768472161,-51.24400999999,1.2));
#3282=CARTESIAN_POINT('',(127.60768472161,-51.24400999999,-1.3));
#3283=CARTESIAN_POINT('Origin',(127.60765559438,-54.84403240561,1.2));
#3284=CARTESIAN_POINT('Origin',(95.8144547998387,-51.24401,1.2));
#3285=CARTESIAN_POINT('',(96.5291454930752,-51.2440099999997,1.2));
#3286=CARTESIAN_POINT('',(96.5291454930752,-51.2440099999997,-1.3));
#3287=CARTESIAN_POINT('',(85.4168700992287,-51.2440100000032,1.2));
#3288=CARTESIAN_POINT('Origin',(96.529145493075,-50.7440099999997,1.2));
#3289=CARTESIAN_POINT('',(96.0536053643069,-50.8984819583974,1.2));
#3290=CARTESIAN_POINT('',(96.0536053643069,-50.8984819583974,-1.3));
#3291=CARTESIAN_POINT('Origin',(96.529145493075,-50.7440099999997,1.2));
#3292=CARTESIAN_POINT('Origin',(92.629712227345,-52.0106814263601,1.2));
#3293=CARTESIAN_POINT('',(92.6297182635879,-48.4106769999974,1.2));
#3294=CARTESIAN_POINT('',(92.6297182635879,-48.4106769999974,-1.3));
#3295=CARTESIAN_POINT('Origin',(92.629712227345,-52.0106814263601,1.2));
#3296=CARTESIAN_POINT('Origin',(78.3144547998388,-48.4106769999999,1.2));
#3297=CARTESIAN_POINT('',(79.0291398253188,-48.4106769999998,1.2));
#3298=CARTESIAN_POINT('',(79.0291398253188,-48.4106769999998,-1.3));
#3299=CARTESIAN_POINT('',(76.6668700992315,-48.4106770000002,1.2));
#3300=CARTESIAN_POINT('Origin',(79.0291398253187,-47.9106769999998,1.2));
#3301=CARTESIAN_POINT('',(78.5536010773048,-48.0651532089684,1.2));
#3302=CARTESIAN_POINT('',(78.5536010773048,-48.0651532089684,-1.3));
#3303=CARTESIAN_POINT('Origin',(79.0291398253187,-47.9106769999998,1.2));
#3304=CARTESIAN_POINT('Origin',(75.129669911037,-49.17739886412,1.2));
#3305=CARTESIAN_POINT('',(75.1297298263095,-45.5773439999957,1.2));
#3306=CARTESIAN_POINT('',(75.1297298263095,-45.5773439999957,-1.3));
#3307=CARTESIAN_POINT('Origin',(75.129669911037,-49.17739886412,1.2));
#3308=CARTESIAN_POINT('Origin',(57.8861584531032,-45.577344,1.2));
#3309=CARTESIAN_POINT('',(57.8861584531032,-45.577344,1.2));
#3310=CARTESIAN_POINT('',(57.8861584531032,-45.577344,-1.3));
#3311=CARTESIAN_POINT('',(66.4527219258616,-45.5773439999979,1.2));
#3312=CARTESIAN_POINT('Origin',(74.0692334332871,-92.4956079716801,-0.8));
#3313=CARTESIAN_POINT('',(46.669233433287,-92.4956079716801,-0.8));
#3314=CARTESIAN_POINT('Origin',(74.0692334332871,-92.4956079716801,-0.8));
#3315=CARTESIAN_POINT('',(51.419233433287,-92.4956079716801,-0.8));
#3316=CARTESIAN_POINT('Origin',(74.0692334332871,-92.4956079716801,-0.8));
#3317=CARTESIAN_POINT('Origin',(35.369233433287,-92.4956079716801,-0.8));
#3318=CARTESIAN_POINT('',(27.369233433287,-89.4956079716801,-0.8));
#3319=CARTESIAN_POINT('',(43.3692334332871,-89.4956079716801,-0.8));
#3320=CARTESIAN_POINT('',(31.369233433287,-89.4956079716801,-0.8));
#3321=CARTESIAN_POINT('',(27.369233433287,-95.4956079716801,-0.8));
#3322=CARTESIAN_POINT('',(27.369233433287,-93.9956079716801,-0.8));
#3323=CARTESIAN_POINT('',(43.3692334332871,-95.4956079716801,-0.8));
#3324=CARTESIAN_POINT('',(39.369233433287,-95.4956079716801,-0.8));
#3325=CARTESIAN_POINT('',(43.3692334332871,-90.9956079716801,-0.8));
#3326=CARTESIAN_POINT('Origin',(43.3692334332871,-95.4956079716801,0.));
#3327=CARTESIAN_POINT('',(27.369233433287,-95.4956079716801,0.));
#3328=CARTESIAN_POINT('',(27.369233433287,-95.4956079716801,0.));
#3329=CARTESIAN_POINT('',(43.3692334332871,-95.4956079716801,0.));
#3330=CARTESIAN_POINT('',(59.1942594159595,-95.4956079716801,0.));
#3331=CARTESIAN_POINT('',(43.3692334332871,-95.4956079716801,0.));
#3332=CARTESIAN_POINT('Origin',(27.369233433287,-95.4956079716801,0.));
#3333=CARTESIAN_POINT('',(27.369233433287,-89.4956079716801,0.));
#3334=CARTESIAN_POINT('',(27.369233433287,-89.4956079716801,0.));
#3335=CARTESIAN_POINT('',(27.369233433287,-94.599215194446,0.));
#3336=CARTESIAN_POINT('Origin',(113.351233785919,-54.232325594424,0.));
#3337=CARTESIAN_POINT('',(113.351233785919,-52.932325594424,0.));
#3338=CARTESIAN_POINT('',(113.351233785919,-52.932325594424,0.));
#3339=CARTESIAN_POINT('',(113.351233785919,-54.232325594424,0.));
#3340=CARTESIAN_POINT('',(113.351233785919,-73.9675740058178,0.));
#3341=CARTESIAN_POINT('',(113.351233785919,-54.232325594424,-0.8));
#3342=CARTESIAN_POINT('Origin',(111.104003834465,-54.3439389685755,0.));
#3343=CARTESIAN_POINT('',(111.104003834465,-56.5939389685755,0.));
#3344=CARTESIAN_POINT('Origin',(111.104003834465,-54.3439389685755,0.));
#3345=CARTESIAN_POINT('',(111.104003834465,-56.5939389685755,-0.8));
#3346=CARTESIAN_POINT('Origin',(111.104003834465,-87.0940129998892,0.));
#3347=CARTESIAN_POINT('',(111.104003834465,-87.0940129998892,0.));
#3348=CARTESIAN_POINT('',(111.104003834465,-90.3984177085506,0.));
#3349=CARTESIAN_POINT('',(111.104003834465,-87.0940129998892,-0.8));
#3350=CARTESIAN_POINT('Origin',(111.107678,-89.34401,0.));
#3351=CARTESIAN_POINT('',(112.597489002152,-91.030118886717,0.));
#3352=CARTESIAN_POINT('Origin',(111.107678,-89.34401,0.));
#3353=CARTESIAN_POINT('',(112.597489002152,-91.030118886717,-0.8));
#3354=CARTESIAN_POINT('Origin',(129.6075,-54.932325594424,0.));
#3355=CARTESIAN_POINT('',(129.6075,-91.030118886717,0.));
#3356=CARTESIAN_POINT('',(129.6075,-91.030118886717,0.));
#3357=CARTESIAN_POINT('',(129.6075,-54.932325594424,0.));
#3358=CARTESIAN_POINT('',(129.6075,-74.317574005818,0.));
#3359=CARTESIAN_POINT('',(129.6075,-54.932325594424,-0.8));
#3360=CARTESIAN_POINT('Origin',(127.6075,-54.932325594424,0.));
#3361=CARTESIAN_POINT('',(127.6075,-52.932325594424,0.));
#3362=CARTESIAN_POINT('Origin',(127.6075,-54.932325594424,0.));
#3363=CARTESIAN_POINT('',(127.6075,-52.932325594424,-0.8));
#3364=CARTESIAN_POINT('Origin',(113.351233785919,-52.932325594424,0.));
#3365=CARTESIAN_POINT('',(94.1852595922753,-52.932325594424,0.));
#3366=CARTESIAN_POINT('Origin',(75.019285398632,-93.702822417212,0.));
#3367=CARTESIAN_POINT('',(130.70767800014,-96.573334,0.));
#3368=CARTESIAN_POINT('',(130.707677999837,-102.913334,0.));
#3369=CARTESIAN_POINT('',(130.707677999934,-74.2734128478963,0.));
#3370=CARTESIAN_POINT('',(130.007677999859,-96.573334,0.));
#3371=CARTESIAN_POINT('',(130.807678000186,-96.573334,0.));
#3372=CARTESIAN_POINT('',(130.007678,-54.8440032783896,0.));
#3373=CARTESIAN_POINT('',(130.007677999829,-105.281645422145,0.));
#3374=CARTESIAN_POINT('',(127.607684721611,-52.44400999999,0.));
#3375=CARTESIAN_POINT('Origin',(127.60765559438,-54.84403240561,0.));
#3376=CARTESIAN_POINT('',(95.1432693655788,-52.4440100000002,0.));
#3377=CARTESIAN_POINT('',(101.313485060115,-52.4440099999983,0.));
#3378=CARTESIAN_POINT('',(94.9931964906093,-51.5935922465694,0.));
#3379=CARTESIAN_POINT('',(98.3699042818229,-70.7283776258716,0.));
#3380=CARTESIAN_POINT('',(92.6297182635882,-49.6106769999974,0.));
#3381=CARTESIAN_POINT('Origin',(92.629712227345,-52.0106814263601,0.));
#3382=CARTESIAN_POINT('',(77.6432693655787,-49.610677,0.));
#3383=CARTESIAN_POINT('',(83.8245018311063,-49.6106769999989,0.));
#3384=CARTESIAN_POINT('',(77.4931939726806,-48.7602449782262,0.));
#3385=CARTESIAN_POINT('',(81.3766114879799,-70.7664016515535,0.));
#3386=CARTESIAN_POINT('',(75.1297298263098,-46.7773439999958,0.));
#3387=CARTESIAN_POINT('Origin',(75.129669911037,-49.17739886412,0.));
#3388=CARTESIAN_POINT('',(57.8861584531035,-46.777344,0.));
#3389=CARTESIAN_POINT('',(75.0745076124651,-46.7773439999958,0.));
#3390=CARTESIAN_POINT('',(55.6106159737092,-48.4145016871713,0.));
#3391=CARTESIAN_POINT('Origin',(57.886137191629,-49.1773211577,0.));
#3392=CARTESIAN_POINT('',(55.1332328812712,-51.1218705114514,0.));
#3393=CARTESIAN_POINT('',(52.0308520520698,-68.7163125247366,0.));
#3394=CARTESIAN_POINT('',(53.5575939808184,-52.4440100009909,0.));
#3395=CARTESIAN_POINT('Origin',(53.557622151722,-50.84410241344,0.));
#3396=CARTESIAN_POINT('',(20.5247698780516,-52.4440100007239,0.));
#3397=CARTESIAN_POINT('',(64.2884396903441,-52.4440100013129,0.));
#3398=CARTESIAN_POINT('',(18.124813353878,-54.8462092150674,0.));
#3399=CARTESIAN_POINT('Origin',(20.524974086063,-54.84417528596,0.));
#3400=CARTESIAN_POINT('',(18.1432151215778,-76.5570559995496,0.));
#3401=CARTESIAN_POINT('',(18.1413012817575,-74.298608421821,0.));
#3402=CARTESIAN_POINT('',(16.9572735245525,-78.1039328338673,0.));
#3403=CARTESIAN_POINT('Origin',(16.543103449572,-76.55835132802,0.));
#3404=CARTESIAN_POINT('',(13.0315663411208,-79.155823412006,0.));
#3405=CARTESIAN_POINT('',(42.0937070434442,-71.3686425151895,0.));
#3406=CARTESIAN_POINT('',(11.3330412498466,-82.1470998536674,0.));
#3407=CARTESIAN_POINT('Origin',(13.645279040123,-81.4821772853,0.));
#3408=CARTESIAN_POINT('',(18.0748762887433,-107.307968321569,0.));
#3409=CARTESIAN_POINT('',(14.9105917870357,-95.498698934523,0.));
#3410=CARTESIAN_POINT('',(18.129388032373,-107.722445811335,0.));
#3411=CARTESIAN_POINT('Origin',(16.5300427365419,-107.7219669921,0.));
#3412=CARTESIAN_POINT('',(18.123120983969,-130.147384593713,0.));
#3413=CARTESIAN_POINT('',(18.1313492739439,-100.704685201156,0.));
#3414=CARTESIAN_POINT('',(20.5231362999231,-132.547344003511,0.));
#3415=CARTESIAN_POINT('Origin',(20.523070001319,-130.1473949986,0.));
#3416=CARTESIAN_POINT('',(43.0710481278306,-132.547344001531,0.));
#3417=CARTESIAN_POINT('',(47.7712108509826,-132.547344001119,0.));
#3418=CARTESIAN_POINT('',(70.3922177032127,-130.94827626946,0.));
#3419=CARTESIAN_POINT('Origin',(43.0710481072705,101.652655998469,0.));
#3420=CARTESIAN_POINT('',(106.485539921145,-132.20006902329,0.));
#3421=CARTESIAN_POINT('Origin',(84.341729045738,-249.7085413291,0.));
#3422=CARTESIAN_POINT('',(119.159530079482,-136.198888230096,0.));
#3423=CARTESIAN_POINT('Origin',(96.1522178774223,-187.034934351297,0.));
#3424=CARTESIAN_POINT('',(128.47484203081,-140.414800101227,0.));
#3425=CARTESIAN_POINT('',(92.8598897094738,-124.296230903992,0.));
#3426=CARTESIAN_POINT('',(131.639540907885,-139.242592037432,0.));
#3427=CARTESIAN_POINT('Origin',(129.46439991488,-138.2282918197,0.));
#3428=CARTESIAN_POINT('',(138.574408656364,-124.370718842775,0.));
#3429=CARTESIAN_POINT('',(135.304548808681,-131.382956535371,0.));
#3430=CARTESIAN_POINT('',(137.399151576008,-121.174663762233,0.));
#3431=CARTESIAN_POINT('Origin',(136.39916131901,-123.3564923276,0.));
#3432=CARTESIAN_POINT('',(130.850247451332,-118.173448573353,0.));
#3433=CARTESIAN_POINT('',(106.420448202933,-106.977822073142,0.));
#3434=CARTESIAN_POINT('',(130.00767799979,-116.860468426892,0.));
#3435=CARTESIAN_POINT('Origin',(132.249948283667,-116.348390333198,0.));
#3436=CARTESIAN_POINT('',(130.007677999837,-102.913334,0.));
#3437=CARTESIAN_POINT('',(130.007677999829,-105.281645422145,0.));
#3438=CARTESIAN_POINT('',(130.807678000186,-102.913334,0.));
#3439=CARTESIAN_POINT('',(46.669233433287,-92.4956079716801,0.));
#3440=CARTESIAN_POINT('Origin',(74.0692334332871,-92.4956079716801,0.));
#3441=CARTESIAN_POINT('',(43.3692334332871,-89.4956079716801,0.));
#3442=CARTESIAN_POINT('',(51.1942594159595,-89.4956079716801,0.));
#3443=CARTESIAN_POINT('',(43.3692334332871,-91.599215194446,0.));
#3444=CARTESIAN_POINT('',(117.507678,-116.644009999999,0.));
#3445=CARTESIAN_POINT('Origin',(118.607678,-116.644009999999,0.));
#3446=CARTESIAN_POINT('',(110.007678,-89.34401,0.));
#3447=CARTESIAN_POINT('Origin',(111.107678,-89.34401,0.));
#3448=CARTESIAN_POINT('',(54.900000834465,-65.0000009685755,0.));
#3449=CARTESIAN_POINT('Origin',(56.000000834465,-65.0000009685755,0.));
#3450=CARTESIAN_POINT('',(110.004003834465,-54.3439389685755,0.));
#3451=CARTESIAN_POINT('Origin',(111.104003834465,-54.3439389685755,0.));
#3452=CARTESIAN_POINT('',(47.102005,-128.990859999999,0.));
#3453=CARTESIAN_POINT('Origin',(46.002005,-128.990859999999,0.));
#3454=CARTESIAN_POINT('',(101.313392699316,-91.030118886717,0.));
#3455=CARTESIAN_POINT('Origin',(127.6075,-91.030118886717,0.));
#3456=CARTESIAN_POINT('Origin',(60.363361,-104.124870999999,-1.9));
#3457=CARTESIAN_POINT('',(61.463361,-104.124870999999,0.));
#3458=CARTESIAN_POINT('',(61.463361,-104.124870999999,-1.9));
#3459=CARTESIAN_POINT('Origin',(60.363361,-104.124870999999,0.));
#3460=CARTESIAN_POINT('Origin',(46.002005,-128.990859999999,-1.9));
#3461=CARTESIAN_POINT('',(47.102005,-128.990859999999,-1.9));
#3462=CARTESIAN_POINT('Origin',(46.002005,-128.990859999999,-1.9));
#3463=CARTESIAN_POINT('',(48.002005,-128.990859999999,-1.9));
#3464=CARTESIAN_POINT('Origin',(60.363361,-104.124870999999,-1.9));
#3465=CARTESIAN_POINT('',(62.363361,-104.124870999999,-1.9));
#3466=CARTESIAN_POINT('Origin',(111.104003834465,-54.3439389685755,-1.9));
#3467=CARTESIAN_POINT('',(109.104003834465,-54.3439389685755,-1.9));
#3468=CARTESIAN_POINT('Origin',(111.104003834465,-54.3439389685755,1.51));
#3469=CARTESIAN_POINT('',(110.004003834465,-54.3439389685755,1.51));
#3470=CARTESIAN_POINT('Origin',(74.0692334332871,-92.4956079716801,0.));
#3471=CARTESIAN_POINT('',(51.419233433287,-92.4956079716801,0.));
#3472=CARTESIAN_POINT('',(51.4192334332871,-92.4956079716801,0.));
#3473=CARTESIAN_POINT('Origin',(74.0692334332871,-92.4956079716801,0.));
#3474=CARTESIAN_POINT('Origin',(74.0692334332871,-92.4956079716801,0.));
#3475=CARTESIAN_POINT('',(46.6692334332871,-92.4956079716801,0.));
#3476=CARTESIAN_POINT('Origin',(43.3692334332871,-89.4956079716801,0.));
#3477=CARTESIAN_POINT('',(43.3692334332871,-89.4956079716801,0.));
#3478=CARTESIAN_POINT('Origin',(27.369233433287,-89.4956079716801,0.));
#3479=CARTESIAN_POINT('Origin',(75.019285398632,-93.702822417212,0.));
#3480=CARTESIAN_POINT('Origin',(130.957677999999,-96.5733340000008,1.535));
#3481=CARTESIAN_POINT('',(130.707678000145,-95.0753353351141,1.2));
#3482=CARTESIAN_POINT('Ctrl Pts',(131.207677999865,-94.5660970932056,1.2));
#3483=CARTESIAN_POINT('Ctrl Pts',(130.92135816991,-94.85637715547,1.2));
#3484=CARTESIAN_POINT('Ctrl Pts',(130.707678000145,-95.0753353351141,1.2));
#3485=CARTESIAN_POINT('Origin',(130.70767800014,-96.573334,1.535));
#3486=CARTESIAN_POINT('',(130.70767800014,-96.573334,0.));
#3487=CARTESIAN_POINT('Origin',(130.957677999934,-74.2734128478971,-0.25));
#3488=CARTESIAN_POINT('',(130.707677999837,-102.913334,0.));
#3489=CARTESIAN_POINT('Origin',(130.957678000002,-102.913334000001,1.535));
#3490=CARTESIAN_POINT('',(130.707678000162,-104.411332664886,1.2));
#3491=CARTESIAN_POINT('Ctrl Pts',(130.707678000162,-104.411332664886,1.2));
#3492=CARTESIAN_POINT('Ctrl Pts',(130.921358169912,-104.630290844538,1.2));
#3493=CARTESIAN_POINT('Ctrl Pts',(131.207677999851,-104.920570906816,1.2));
#3494=CARTESIAN_POINT('Origin',(130.707678000167,-102.913334,1.535));
#3495=CARTESIAN_POINT('Origin',(130.807678000186,-96.573334,1.535));
#3496=CARTESIAN_POINT('',(130.007677999864,-95.0753353351141,1.2));
#3497=CARTESIAN_POINT('',(130.807678000186,-95.0753353351141,1.2));
#3498=CARTESIAN_POINT('Origin',(130.00767799979,-96.573334,1.535));
#3499=CARTESIAN_POINT('Origin',(75.019285398632,-93.702822417212,1.2));
#3500=CARTESIAN_POINT('',(54.4662062813261,-48.0530844810056,1.2));
#3501=CARTESIAN_POINT('Origin',(57.886137191629,-49.1773211577,1.2));
#3502=CARTESIAN_POINT('',(54.4313854218108,-48.1917259253254,1.2));
#3503=CARTESIAN_POINT('Origin',(55.4161931174705,-48.3653744282536,1.2));
#3504=CARTESIAN_POINT('',(53.9514636458746,-50.913492307831,1.2));
#3505=CARTESIAN_POINT('',(50.610391271059,-69.8616187333627,1.2));
#3506=CARTESIAN_POINT('',(53.5575939808544,-51.2440100009909,1.2));
#3507=CARTESIAN_POINT('Origin',(53.557622151722,-50.84410241344,1.2));
#3508=CARTESIAN_POINT('',(20.5247698780875,-51.24401,1.2));
#3509=CARTESIAN_POINT('',(47.7720276389966,-51.2440100008174,1.2));
#3510=CARTESIAN_POINT('',(16.9248137847437,-54.8472261111526,1.2));
#3511=CARTESIAN_POINT('Origin',(20.524974086063,-54.84417528596,1.2));
#3512=CARTESIAN_POINT('',(16.9432155512953,-76.5580728956356,1.2));
#3513=CARTESIAN_POINT('',(16.9505007472199,-85.1550487117144,1.2));
#3514=CARTESIAN_POINT('',(16.6466905303142,-76.9448218798642,1.2));
#3515=CARTESIAN_POINT('Origin',(16.543103449572,-76.55835132802,1.2));
#3516=CARTESIAN_POINT('',(12.722998604192,-77.9961724711731,1.2));
#3517=CARTESIAN_POINT('',(39.8209640046546,-70.7352910147632,1.2));
#3518=CARTESIAN_POINT('',(10.1764733592406,-82.4671736887933,1.2));
#3519=CARTESIAN_POINT('Origin',(13.645279040123,-81.4821772853,1.2));
#3520=CARTESIAN_POINT('',(16.9021363484606,-107.567687252906,1.2));
#3521=CARTESIAN_POINT('',(17.1223983222635,-108.389716050655,1.2));
#3522=CARTESIAN_POINT('',(16.9293733551629,-107.774796468047,1.2));
#3523=CARTESIAN_POINT('Origin',(16.1300280185543,-107.774573076371,1.2));
#3524=CARTESIAN_POINT('',(16.9231210165321,-130.147049231777,1.2));
#3525=CARTESIAN_POINT('',(16.9282157911364,-111.916819230408,1.2));
#3526=CARTESIAN_POINT('',(20.5231363000284,-133.747344003511,1.2));
#3527=CARTESIAN_POINT('Origin',(20.523070001319,-130.1473949986,1.2));
#3528=CARTESIAN_POINT('',(43.0710481279359,-133.747344001531,1.2));
#3529=CARTESIAN_POINT('',(59.0451667650417,-133.747344000129,1.2));
#3530=CARTESIAN_POINT('',(70.5322066165992,-132.140082924975,1.2));
#3531=CARTESIAN_POINT('Origin',(43.0710481072705,101.652655998469,1.2));
#3532=CARTESIAN_POINT('Origin',(84.341729045738,-249.7085413291,1.2));
#3533=CARTESIAN_POINT('',(130.707678000196,-114.009298731673,1.2));
#3534=CARTESIAN_POINT('Ctrl Pts',(130.707678000196,-114.009298731673,1.2));
#3535=CARTESIAN_POINT('Ctrl Pts',(130.731422382733,-114.039337018532,1.2));
#3536=CARTESIAN_POINT('Ctrl Pts',(130.935808285076,-114.292125151942,1.2));
#3537=CARTESIAN_POINT('Ctrl Pts',(131.207677999798,-114.593631605058,1.2));
#3538=CARTESIAN_POINT('',(130.0076779998,-114.009298731673,1.2));
#3539=CARTESIAN_POINT('',(128.807678000186,-114.009298731673,1.2));
#3540=CARTESIAN_POINT('',(130.00767799979,-116.860468426892,1.2));
#3541=CARTESIAN_POINT('',(130.007677999829,-105.231674585027,1.2));
#3542=CARTESIAN_POINT('',(130.850247451332,-118.173448573353,1.2));
#3543=CARTESIAN_POINT('Origin',(132.249948283667,-116.348390333198,1.2));
#3544=CARTESIAN_POINT('',(137.399151576008,-121.174663762233,1.2));
#3545=CARTESIAN_POINT('',(106.420448202933,-106.977822073142,1.2));
#3546=CARTESIAN_POINT('',(138.574408656364,-124.370718842775,1.2));
#3547=CARTESIAN_POINT('Origin',(136.39916131901,-123.3564923276,1.2));
#3548=CARTESIAN_POINT('',(131.639540907885,-139.242592037432,1.2));
#3549=CARTESIAN_POINT('',(135.304548808681,-131.382956535371,1.2));
#3550=CARTESIAN_POINT('',(128.47484203081,-140.414800101227,1.2));
#3551=CARTESIAN_POINT('Origin',(129.46439991488,-138.2282918197,1.2));
#3552=CARTESIAN_POINT('',(119.159530079482,-136.198888230096,1.2));
#3553=CARTESIAN_POINT('',(90.3232952386755,-123.148222249256,1.2));
#3554=CARTESIAN_POINT('',(106.485539921145,-132.20006902329,1.2));
#3555=CARTESIAN_POINT('Origin',(96.1522178774223,-187.034934351297,1.2));
#3556=CARTESIAN_POINT('',(70.3922177032127,-130.94827626946,1.2));
#3557=CARTESIAN_POINT('Origin',(84.341729045738,-249.7085413291,1.2));
#3558=CARTESIAN_POINT('',(43.0710481278306,-132.547344001531,1.2));
#3559=CARTESIAN_POINT('Origin',(43.0710481072705,101.652655998469,1.2));
#3560=CARTESIAN_POINT('',(20.5231362999231,-132.547344003511,1.2));
#3561=CARTESIAN_POINT('',(47.7712108509826,-132.547344001119,1.2));
#3562=CARTESIAN_POINT('',(18.123120983969,-130.147384593713,1.2));
#3563=CARTESIAN_POINT('Origin',(20.523070001319,-130.1473949986,1.2));
#3564=CARTESIAN_POINT('',(18.129388032373,-107.722445811335,1.2));
#3565=CARTESIAN_POINT('',(18.1313492739439,-100.704685201156,1.2));
#3566=CARTESIAN_POINT('',(18.0748762887433,-107.307968321569,1.2));
#3567=CARTESIAN_POINT('Origin',(16.5300427365419,-107.7219669921,1.2));
#3568=CARTESIAN_POINT('',(11.3330412498466,-82.1470998536674,1.2));
#3569=CARTESIAN_POINT('',(14.9114669897632,-95.5019652352531,1.2));
#3570=CARTESIAN_POINT('',(13.0315663411208,-79.155823412006,1.2));
#3571=CARTESIAN_POINT('Origin',(13.645279040123,-81.4821772853,1.2));
#3572=CARTESIAN_POINT('',(16.9572735245525,-78.1039328338673,1.2));
#3573=CARTESIAN_POINT('',(42.0937070434442,-71.3686425151895,1.2));
#3574=CARTESIAN_POINT('',(18.1432151215778,-76.5570559995496,1.2));
#3575=CARTESIAN_POINT('Origin',(16.543103449572,-76.55835132802,1.2));
#3576=CARTESIAN_POINT('',(18.124813353878,-54.8462092150673,1.2));
#3577=CARTESIAN_POINT('',(18.1413041970566,-74.3020486530044,1.2));
#3578=CARTESIAN_POINT('',(20.5247698780516,-52.4440100007239,1.2));
#3579=CARTESIAN_POINT('Origin',(20.524974086063,-54.84417528596,1.2));
#3580=CARTESIAN_POINT('',(53.5575939808184,-52.4440100009909,1.2));
#3581=CARTESIAN_POINT('',(64.2884396903441,-52.4440100013129,1.2));
#3582=CARTESIAN_POINT('',(55.1332328812712,-51.1218705114514,1.2));
#3583=CARTESIAN_POINT('Origin',(53.557622151722,-50.84410241344,1.2));
#3584=CARTESIAN_POINT('',(55.6106159737092,-48.4145016871713,1.2));
#3585=CARTESIAN_POINT('',(52.0356598299168,-68.6890463143004,1.2));
#3586=CARTESIAN_POINT('',(57.8861584531035,-46.777344,1.2));
#3587=CARTESIAN_POINT('Origin',(57.886137191629,-49.1773211577,1.2));
#3588=CARTESIAN_POINT('',(75.1297298263098,-46.7773439999958,1.2));
#3589=CARTESIAN_POINT('',(75.0745076124651,-46.7773439999958,1.2));
#3590=CARTESIAN_POINT('',(77.4931939726806,-48.7602449782262,1.2));
#3591=CARTESIAN_POINT('Origin',(75.129669911037,-49.17739886412,1.2));
#3592=CARTESIAN_POINT('',(77.6432693655787,-49.610677,1.2));
#3593=CARTESIAN_POINT('',(81.3182907145007,-70.435915404984,1.2));
#3594=CARTESIAN_POINT('',(92.6297182635882,-49.6106769999974,1.2));
#3595=CARTESIAN_POINT('',(83.8245018311063,-49.6106769999989,1.2));
#3596=CARTESIAN_POINT('',(94.9931964906093,-51.5935922465694,1.2));
#3597=CARTESIAN_POINT('Origin',(92.629712227345,-52.0106814263601,1.2));
#3598=CARTESIAN_POINT('',(95.1432693655788,-52.4440100000002,1.2));
#3599=CARTESIAN_POINT('',(98.3115835083437,-70.3978913793022,1.2));
#3600=CARTESIAN_POINT('',(127.607684721611,-52.44400999999,1.2));
#3601=CARTESIAN_POINT('',(101.313485060115,-52.4440099999983,1.2));
#3602=CARTESIAN_POINT('',(130.007678,-54.8440032783896,1.2));
#3603=CARTESIAN_POINT('Origin',(127.60765559438,-54.84403240561,1.2));
#3604=CARTESIAN_POINT('',(130.007677999829,-105.231674585027,1.2));
#3605=CARTESIAN_POINT('Origin',(130.957678,-110.8607339851,1.93499998509883));
#3606=CARTESIAN_POINT('',(130.707678000192,-109.912169268327,1.2));
#3607=CARTESIAN_POINT('Ctrl Pts',(131.207677999834,-109.327836394923,1.2));
#3608=CARTESIAN_POINT('Ctrl Pts',(130.898808188516,-109.670376355196,1.2));
#3609=CARTESIAN_POINT('Ctrl Pts',(130.707678000192,-109.912169268327,1.2));
#3610=CARTESIAN_POINT('',(130.707678000189,-110.860733985099,0.73499998509883));
#3611=CARTESIAN_POINT('Origin',(130.707678000189,-110.860733985099,1.93499998509883));
#3612=CARTESIAN_POINT('',(130.707678000189,-110.860733985099,0.73499998509883));
#3613=CARTESIAN_POINT('Origin',(130.957677999901,-83.9523686466507,0.48499998509883));
#3614=CARTESIAN_POINT('',(130.707677999803,-113.060734014901,0.734999985098838));
#3615=CARTESIAN_POINT('',(130.707677999803,-113.060734014901,0.734999985098838));
#3616=CARTESIAN_POINT('',(130.707677999901,-83.9523686466498,0.73499998509883));
#3617=CARTESIAN_POINT('Origin',(130.957678000001,-113.060734014902,1.93499998509883));
#3618=CARTESIAN_POINT('Origin',(130.7076780002,-113.060734014901,1.93499998509883));
#3619=CARTESIAN_POINT('Origin',(55.4161931174705,-48.3653744282536,1.2));
#3620=CARTESIAN_POINT('',(54.4313854218108,-48.1917259253254,-1.2));
#3621=CARTESIAN_POINT('',(54.4662062813261,-48.0530844810056,-1.3));
#3622=CARTESIAN_POINT('Origin',(57.886137191629,-49.1773211577,1.2));
#3623=CARTESIAN_POINT('Origin',(16.1300280185543,-107.774573076371,1.2));
#3624=CARTESIAN_POINT('',(16.9293733551629,-107.774796468047,-1.3));
#3625=CARTESIAN_POINT('',(16.9021363484606,-107.567687252906,-1.3));
#3626=CARTESIAN_POINT('Origin',(16.9231210198964,-130.147049231777,1.2));
#3627=CARTESIAN_POINT('',(16.9231210165321,-130.147049231777,-1.3));
#3628=CARTESIAN_POINT('Origin',(16.9157653043436,-107.618551203799,1.2));
#3629=CARTESIAN_POINT('',(10.1764733592406,-82.4671736887933,-1.3));
#3630=CARTESIAN_POINT('Origin',(128.807678000186,-113.060734014901,1.93499998509883));
#3631=CARTESIAN_POINT('',(130.007677999803,-113.060734014901,0.734999985098838));
#3632=CARTESIAN_POINT('',(128.807678000186,-113.060734014901,0.734999985098838));
#3633=CARTESIAN_POINT('Origin',(130.00767799979,-113.060734014901,1.93499998509883));
#3634=CARTESIAN_POINT('Origin',(128.807678000186,-110.860733985099,1.93499998509883));
#3635=CARTESIAN_POINT('',(130.007677999814,-109.912169268327,1.2));
#3636=CARTESIAN_POINT('',(128.807678000186,-109.912169268327,1.2));
#3637=CARTESIAN_POINT('',(130.00767799981,-110.860733985099,0.73499998509883));
#3638=CARTESIAN_POINT('Origin',(130.00767799979,-110.860733985099,1.93499998509883));
#3639=CARTESIAN_POINT('',(128.807678000186,-110.860733985099,0.73499998509883));
#3640=CARTESIAN_POINT('Origin',(128.807678000186,-113.060734014901,0.73499998509883));
#3641=CARTESIAN_POINT('',(130.007677999796,-114.960601220898,0.73499998509883));
#3642=CARTESIAN_POINT('Origin',(130.00767799979,-116.860468426892,1.2));
#3643=CARTESIAN_POINT('',(130.007677999832,-104.411332664886,1.2));
#3644=CARTESIAN_POINT('',(130.007677999829,-105.231674585027,1.2));
#3645=CARTESIAN_POINT('Origin',(130.00767799979,-102.913334,1.535));
#3646=CARTESIAN_POINT('',(130.00767799979,-116.860468426892,1.2));
#3647=CARTESIAN_POINT('Origin',(75.019285398632,-93.702822417212,1.2));
#3648=CARTESIAN_POINT('',(130.807678000186,-104.411332664886,1.2));
#3649=CARTESIAN_POINT('Origin',(130.807678000186,-102.913334,1.535));
#3650=CARTESIAN_POINT('Origin',(118.607678,-116.644009999999,-1.8));
#3651=CARTESIAN_POINT('',(116.607678,-116.644009999999,-1.8));
#3652=CARTESIAN_POINT('Origin',(111.107678,-89.34401,-1.8));
#3653=CARTESIAN_POINT('',(109.107678,-89.34401,-1.8));
#3654=CARTESIAN_POINT('Origin',(56.000000834465,-65.0000009685755,-1.8));
#3655=CARTESIAN_POINT('',(54.000000834465,-65.0000009685755,-1.8));
#3656=CARTESIAN_POINT('Origin',(118.607678,-116.644009999999,-1.8));
#3657=CARTESIAN_POINT('',(117.507678,-116.644009999999,-1.8));
#3658=CARTESIAN_POINT('Origin',(111.107678,-89.34401,-1.8));
#3659=CARTESIAN_POINT('',(110.007678,-89.34401,-1.8));
#3660=CARTESIAN_POINT('Origin',(56.000000834465,-65.0000009685755,-1.8));
#3661=CARTESIAN_POINT('',(54.900000834465,-65.0000009685755,-1.8));
#3662=CARTESIAN_POINT('Origin',(84.341729045738,-249.7085413291,1.2));
#3663=CARTESIAN_POINT('',(70.5322066165992,-132.140082924975,-1.3));
#3664=CARTESIAN_POINT('Origin',(119.159530079482,-136.198888230096,1.2));
#3665=CARTESIAN_POINT('',(119.159530079482,-136.198888230096,1.2));
#3666=CARTESIAN_POINT('',(128.47484203081,-140.414800101227,1.2));
#3667=CARTESIAN_POINT('Origin',(96.1522178774223,-187.034934351297,1.2));
#3668=CARTESIAN_POINT('',(106.485539921145,-132.20006902329,1.2));
#3669=CARTESIAN_POINT('Origin',(84.341729045738,-249.7085413291,1.2));
#3670=CARTESIAN_POINT('',(70.3922177032127,-130.94827626946,1.2));
#3671=CARTESIAN_POINT('Origin',(43.0710481072705,101.652655998469,1.2));
#3672=CARTESIAN_POINT('',(43.0710481278306,-132.547344001531,1.2));
#3673=CARTESIAN_POINT('Origin',(20.5231362999231,-132.547344003511,1.2));
#3674=CARTESIAN_POINT('',(20.5231362999231,-132.547344003511,1.2));
#3675=CARTESIAN_POINT('Origin',(20.523070001319,-130.1473949986,1.2));
#3676=CARTESIAN_POINT('',(18.1231209730349,-130.147384593715,1.2));
#3677=CARTESIAN_POINT('Origin',(18.129388032373,-107.722445811335,1.2));
#3678=CARTESIAN_POINT('',(18.129388032373,-107.722445811335,1.2));
#3679=CARTESIAN_POINT('Origin',(16.5300427365419,-107.7219669921,1.2));
#3680=CARTESIAN_POINT('',(18.0748762883852,-107.307968321665,1.2));
#3681=CARTESIAN_POINT('Origin',(11.3330412498466,-82.1470998536674,1.2));
#3682=CARTESIAN_POINT('',(11.3330412498466,-82.1470998536674,1.2));
#3683=CARTESIAN_POINT('Origin',(13.645279040123,-81.4821772853,1.2));
#3684=CARTESIAN_POINT('',(13.0315663411208,-79.155823412006,1.2));
#3685=CARTESIAN_POINT('Origin',(16.9572735245525,-78.1039328338673,1.2));
#3686=CARTESIAN_POINT('',(16.9572735245525,-78.1039328338673,1.2));
#3687=CARTESIAN_POINT('Origin',(16.543103449572,-76.55835132802,1.2));
#3688=CARTESIAN_POINT('',(18.143215121195,-76.5570559995499,1.2));
#3689=CARTESIAN_POINT('Origin',(18.1248170520017,-54.8462092119335,1.2));
#3690=CARTESIAN_POINT('',(18.1248170520017,-54.8462092119335,1.2));
#3691=CARTESIAN_POINT('Origin',(20.524974086063,-54.84417528596,1.2));
#3692=CARTESIAN_POINT('',(20.5247698780515,-52.44401,1.2));
#3693=CARTESIAN_POINT('Origin',(53.5575939808184,-52.444010000991,1.2));
#3694=CARTESIAN_POINT('',(53.5575939808184,-52.4440100009909,1.2));
#3695=CARTESIAN_POINT('Origin',(53.557622151722,-50.84410241344,1.2));
#3696=CARTESIAN_POINT('',(55.1332328812712,-51.1218705114514,1.2));
#3697=CARTESIAN_POINT('Origin',(137.399151576008,-121.174663762233,1.2));
#3698=CARTESIAN_POINT('',(137.399151576008,-121.174663762233,1.2));
#3699=CARTESIAN_POINT('',(130.850247451332,-118.173448573353,1.2));
#3700=CARTESIAN_POINT('Origin',(136.39916131901,-123.3564923276,1.2));
#3701=CARTESIAN_POINT('',(138.574408656364,-124.370718842775,1.2));
#3702=CARTESIAN_POINT('Origin',(131.639540907885,-139.242592037432,1.2));
#3703=CARTESIAN_POINT('',(131.639540907885,-139.242592037432,1.2));
#3704=CARTESIAN_POINT('Origin',(129.46439991488,-138.2282918197,1.2));
#3705=CARTESIAN_POINT('Origin',(53.9514636464794,-50.9134923079375,1.2));
#3706=CARTESIAN_POINT('',(53.9514636458746,-50.913492307831,-1.3));
#3707=CARTESIAN_POINT('Origin',(53.557622151722,-50.84410241344,1.2));
#3708=CARTESIAN_POINT('',(53.5575939808544,-51.2440100009909,-1.3));
#3709=CARTESIAN_POINT('Origin',(20.5247698780875,-51.24401,1.2));
#3710=CARTESIAN_POINT('',(20.5247698780875,-51.24401,-1.3));
#3711=CARTESIAN_POINT('Origin',(20.524974086063,-54.84417528596,1.2));
#3712=CARTESIAN_POINT('',(16.9248137847437,-54.8472261111526,-1.3));
#3713=CARTESIAN_POINT('',(16.9248174828675,-54.8472261080187,1.2));
#3714=CARTESIAN_POINT('',(16.9248137847437,-54.8472261111526,-1.3));
#3715=CARTESIAN_POINT('Origin',(16.9432155520608,-76.5580728956351,1.2));
#3716=CARTESIAN_POINT('',(16.9432155512953,-76.5580728956356,-1.3));
#3717=CARTESIAN_POINT('Origin',(16.543103449572,-76.55835132802,1.2));
#3718=CARTESIAN_POINT('',(16.6466905303142,-76.9448218798642,-1.3));
#3719=CARTESIAN_POINT('Origin',(12.7223704412117,-77.9963407870178,1.2));
#3720=CARTESIAN_POINT('',(12.722998604192,-77.9961724711731,-1.3));
#3721=CARTESIAN_POINT('Origin',(13.645279040123,-81.4821772853,1.2));
#3722=CARTESIAN_POINT('Origin',(20.523070001319,-130.1473949986,1.2));
#3723=CARTESIAN_POINT('',(20.5231363000284,-133.747344003511,-1.3));
#3724=CARTESIAN_POINT('Origin',(43.0710481279359,-133.747344001531,1.2));
#3725=CARTESIAN_POINT('',(43.0710481279359,-133.747344001531,-1.3));
#3726=CARTESIAN_POINT('Origin',(43.0710481072705,101.652655998469,1.2));
#3727=CARTESIAN_POINT('Origin',(55.6106159737092,-48.4145016871713,1.2));
#3728=CARTESIAN_POINT('',(55.6106159737092,-48.4145016871713,1.2));
#3729=CARTESIAN_POINT('Origin',(57.886137191629,-49.1773211577,1.2));
#3730=CARTESIAN_POINT('',(57.8861584531035,-46.777344,1.2));
#3731=CARTESIAN_POINT('Origin',(75.1297298263098,-46.7773439999958,1.2));
#3732=CARTESIAN_POINT('',(75.1297298263098,-46.7773439999958,1.2));
#3733=CARTESIAN_POINT('Origin',(75.129669911037,-49.17739886412,1.2));
#3734=CARTESIAN_POINT('',(77.4931939726806,-48.7602449782262,1.2));
#3735=CARTESIAN_POINT('Origin',(77.6432693655787,-49.610677,1.2));
#3736=CARTESIAN_POINT('',(77.6432693655787,-49.610677,1.2));
#3737=CARTESIAN_POINT('Origin',(92.6297182635882,-49.6106769999974,1.2));
#3738=CARTESIAN_POINT('',(92.6297182635882,-49.6106769999974,1.2));
#3739=CARTESIAN_POINT('Origin',(92.629712227345,-52.0106814263601,1.2));
#3740=CARTESIAN_POINT('',(94.9931964906093,-51.5935922465694,1.2));
#3741=CARTESIAN_POINT('Origin',(95.1432693655788,-52.4440100000002,1.2));
#3742=CARTESIAN_POINT('',(95.1432693655788,-52.4440100000002,1.2));
#3743=CARTESIAN_POINT('Origin',(127.607684721611,-52.44400999999,1.2));
#3744=CARTESIAN_POINT('',(127.607684721611,-52.44400999999,1.2));
#3745=CARTESIAN_POINT('Origin',(127.60765559438,-54.84403240561,1.2));
#3746=CARTESIAN_POINT('',(130.007678,-54.8440032783896,1.2));
#3747=CARTESIAN_POINT('Origin',(130.00767799979,-116.860468426892,1.2));
#3748=CARTESIAN_POINT('Origin',(132.249948283667,-116.348390333198,1.2));
#3749=CARTESIAN_POINT('',(0.,0.,0.));
#3750=CARTESIAN_POINT('',(3.595,-0.889,0.));
#3751=UNCERTAINTY_MEASURE_WITH_UNIT(LENGTH_MEASURE(0.01),#3759,
'DISTANCE_ACCURACY_VALUE',
'Maximum model space distance between geometric entities at asserted c
onnectivities');
#3752=UNCERTAINTY_MEASURE_WITH_UNIT(LENGTH_MEASURE(0.01),#3759,
'DISTANCE_ACCURACY_VALUE',
'Maximum model space distance between geometric entities at asserted c
onnectivities');
#3753=UNCERTAINTY_MEASURE_WITH_UNIT(LENGTH_MEASURE(0.01),#3759,
'DISTANCE_ACCURACY_VALUE',
'Maximum model space distance between geometric entities at asserted c
onnectivities');
#3754=UNCERTAINTY_MEASURE_WITH_UNIT(LENGTH_MEASURE(0.01),#3759,
'DISTANCE_ACCURACY_VALUE',
'Maximum model space distance between geometric entities at asserted c
onnectivities');
#3755=(
GEOMETRIC_REPRESENTATION_CONTEXT(3)
GLOBAL_UNCERTAINTY_ASSIGNED_CONTEXT((#3751))
GLOBAL_UNIT_ASSIGNED_CONTEXT((#3759,#3761,#3762))
REPRESENTATION_CONTEXT('','3D')
);
#3756=(
GEOMETRIC_REPRESENTATION_CONTEXT(3)
GLOBAL_UNCERTAINTY_ASSIGNED_CONTEXT((#3752))
GLOBAL_UNIT_ASSIGNED_CONTEXT((#3759,#3761,#3762))
REPRESENTATION_CONTEXT('','3D')
);
#3757=(
GEOMETRIC_REPRESENTATION_CONTEXT(3)
GLOBAL_UNCERTAINTY_ASSIGNED_CONTEXT((#3753))
GLOBAL_UNIT_ASSIGNED_CONTEXT((#3759,#3761,#3762))
REPRESENTATION_CONTEXT('','3D')
);
#3758=(
GEOMETRIC_REPRESENTATION_CONTEXT(3)
GLOBAL_UNCERTAINTY_ASSIGNED_CONTEXT((#3754))
GLOBAL_UNIT_ASSIGNED_CONTEXT((#3759,#3761,#3762))
REPRESENTATION_CONTEXT('','3D')
);
#3759=(
LENGTH_UNIT()
NAMED_UNIT(*)
SI_UNIT(.MILLI.,.METRE.)
);
#3760=(
LENGTH_UNIT()
NAMED_UNIT(*)
SI_UNIT($,.METRE.)
);
#3761=(
NAMED_UNIT(*)
PLANE_ANGLE_UNIT()
SI_UNIT($,.RADIAN.)
);
#3762=(
NAMED_UNIT(*)
SI_UNIT($,.STERADIAN.)
SOLID_ANGLE_UNIT()
);
#3763=SHAPE_DEFINITION_REPRESENTATION(#3766,#3771);
#3764=SHAPE_DEFINITION_REPRESENTATION(#3767,#3772);
#3765=SHAPE_DEFINITION_REPRESENTATION(#3768,#3773);
#3766=PRODUCT_DEFINITION_SHAPE('',$,#3775);
#3767=PRODUCT_DEFINITION_SHAPE('',$,#3776);
#3768=PRODUCT_DEFINITION_SHAPE('',$,#3777);
#3769=PRODUCT_DEFINITION_SHAPE($,$,#17);
#3770=PRODUCT_DEFINITION_SHAPE($,$,#18);
#3771=SHAPE_REPRESENTATION('',(#2195,#2432),#3755);
#3772=SHAPE_REPRESENTATION('',(#2196,#2431),#3756);
#3773=SHAPE_REPRESENTATION('',(#2197),#3757);
#3774=PRODUCT_DEFINITION_CONTEXT('part definition',#3785,'design');
#3775=PRODUCT_DEFINITION('duad_r2g_pg1316 1','(Unsaved)',#3778,#3774);
#3776=PRODUCT_DEFINITION('duad_r2g_pg1316 1_1','duad_r2g_pg1316 v1 v27',
#3779,#3774);
#3777=PRODUCT_DEFINITION('bottom actual','bottom actual',#3780,#3774);
#3778=PRODUCT_DEFINITION_FORMATION('',$,#3787);
#3779=PRODUCT_DEFINITION_FORMATION('',$,#3788);
#3780=PRODUCT_DEFINITION_FORMATION('',$,#3789);
#3781=PRODUCT_RELATED_PRODUCT_CATEGORY('(Unsaved)','(Unsaved)',(#3787));
#3782=PRODUCT_RELATED_PRODUCT_CATEGORY('duad_r2g_pg1316 v1 v27',
'duad_r2g_pg1316 v1 v27',(#3788));
#3783=PRODUCT_RELATED_PRODUCT_CATEGORY('bottom actual','bottom actual',
(#3789));
#3784=APPLICATION_PROTOCOL_DEFINITION('international standard',
'automotive_design',2009,#3785);
#3785=APPLICATION_CONTEXT(
'Core Data for Automotive Mechanical Design Process');
#3786=PRODUCT_CONTEXT('part definition',#3785,'mechanical');
#3787=PRODUCT('duad_r2g_pg1316 1','(Unsaved)',
'KiCad electronic assembly',(#3786));
#3788=PRODUCT('duad_r2g_pg1316 1_1','duad_r2g_pg1316 v1 v27',
'KiCad electronic assembly',(#3786));
#3789=PRODUCT('bottom actual','bottom actual',$,(#3786));
#3790=PRESENTATION_STYLE_ASSIGNMENT((#3792));
#3791=PRESENTATION_STYLE_ASSIGNMENT((#3793));
#3792=SURFACE_STYLE_USAGE(.BOTH.,#3794);
#3793=SURFACE_STYLE_USAGE(.BOTH.,#3795);
#3794=SURFACE_SIDE_STYLE('',(#3796));
#3795=SURFACE_SIDE_STYLE('',(#3797));
#3796=SURFACE_STYLE_FILL_AREA(#3798);
#3797=SURFACE_STYLE_FILL_AREA(#3799);
#3798=FILL_AREA_STYLE('Steel - Satin',(#3800));
#3799=FILL_AREA_STYLE('Opaque(160,160,160)',(#3801));
#3800=FILL_AREA_STYLE_COLOUR('Steel - Satin',#3802);
#3801=FILL_AREA_STYLE_COLOUR('Opaque(160,160,160)',#3803);
#3802=COLOUR_RGB('Steel - Satin',0.627450980392157,0.627450980392157,0.627450980392157);
#3803=COLOUR_RGB('Opaque(160,160,160)',0.627450980392157,0.627450980392157,
0.627450980392157);
ENDSEC;
END-ISO-10303-21;
